Id,제조사,모델명,배지,세부 배지,연식,모델연도,가격,주행거리,연료,변속기,등록 상태,판매 유형,마지막 수정일,판매지역,판매처,차량번호,내차피해,타차가해,소유자변경이력,내차피해금액,타차가해금액,번호판변경이력,전체침수횟수,일부침수횟수
38776112,현대,더 뉴 싼타페,HEV 1.6 2WD,프레스티지 초이스,202212.0,2023,3690.0,20922.0,가솔린+전기,오토,ORIGINAL,일반,2025-03-20 09:20:05.000 +09,경기,케이엘모터스,192로4362,0,0,1,0.0,0.0,0,0,
39143613,현대,싼타페 TM,디젤 2.0 2WD,익스클루시브,201905.0,2020,2000.0,128335.0,디젤,오토,ORIGINAL,일반,2025-03-20 09:20:05.000 +09,서울,(주)필운자동차,56저9844,0,0,1,0.0,0.0,0,0,
39118401,현대,싼타페 DM,디젤(e-VGT) 2.0 2WD 프리미엄,,201307.0,2014,930.0,132257.0,디젤,오토,ORIGINAL,일반,2025-03-20 09:20:05.000 +09,서울,(주)조은오토,67무4435,2,2,1,223.593,432.494,0,0,
39132326,현대,더 뉴 싼타페,디젤 2.2 2WD,프레스티지,202012.0,2021,2350.0,73154.0,디젤,오토,ORIGINAL,일반,2025-03-20 09:20:05.000 +09,인천,(주)타워모터스,267부2027,1,0,1,508.18,0.0,1,0,
38404805,현대,더 뉴 싼타페,HEV 1.6 2WD,프레스티지,202110.0,2021,3099.0,66366.0,가솔린+전기,오토,ORIGINAL,일반,2025-03-20 09:20:04.000 +09,충남,신세계자동차,196모8039,0,0,1,0.0,0.0,1,0,
38909560,현대,싼타페 더 프라임,디젤 2.0 2WD,익스클루시브,201510.0,2016,1020.0,169875.0,디젤,오토,ORIGINAL,일반,2025-03-20 09:20:04.000 +09,경기,(주)오토웨이,25소5356,1,1,3,117.94,3407.1695,0,0,
38957438,현대,더 뉴 싼타페,디젤 2.2 2WD,프레스티지,202209.0,2022,2599.0,69359.0,디젤,오토,ORIGINAL,일반,2025-03-20 09:20:04.000 +09,경기,(주)차톡,259부7504,1,0,1,138.0203,0.0,1,0,
38967354,현대,더 뉴 싼타페,가솔린 2.5T 2WD,프레스티지,202101.0,2021,2740.0,50592.0,가솔린,오토,ORIGINAL,일반,2025-03-20 09:20:04.000 +09,경기,바바모터스,370버7732,1,0,1,42.156,0.0,1,0,
38905936,현대,싼타페 TM,디젤 2.0 2WD,익스클루시브,201911.0,2020,1670.0,186695.0,디젤,오토,ORIGINAL,일반,2025-03-20 09:20:04.000 +09,충남,(주)태양모터스,236어7246,0,0,3,0.0,0.0,1,0,
39075914,현대,싼타페 TM,디젤 2.0 2WD,프레스티지,202002.0,2020,2590.0,37173.0,디젤,오토,ORIGINAL,일반,2025-03-20 09:20:04.000 +09,충남,sb모터스,113로2765,1,0,1,76.3274,0.0,1,0,
38984596,현대,더 뉴 싼타페,가솔린 2.5T 2WD,프레스티지,202012.0,2021,2580.0,82599.0,가솔린,오토,ORIGINAL,일반,2025-03-20 09:20:04.000 +09,광주,신한길모터스,177모8183,0,1,3,0.0,42.8234,0,0,
39154432,현대,싼타페 (MX5),HEV 1.6 2WD,캘리그래피,202402.0,2024,5890.0,118.0,가솔린+전기,오토,ORIGINAL,일반,2025-03-20 09:20:04.000 +09,경기,(주)엠모터스,316두2962,0,0,1,0.0,0.0,1,0,
39228951,현대,싼타페 TM,디젤 2.0 2WD,익스클루시브 스페셜,201904.0,2019,2250.0,52759.0,디젤,오토,ORIGINAL,일반,2025-03-20 09:20:04.000 +09,대전,주식회사 블랙케이,248고6399,1,0,1,38.8404,0.0,1,0,
39211617,현대,싼타페 TM,디젤 2.0 2WD,익스클루시브,202002.0,2020,1900.0,116790.0,디젤,오토,ORIGINAL,일반,2025-03-20 09:20:04.000 +09,경기,알차,150하3683,0,0,0,0.0,0.0,0,0,
39204952,현대,싼타페 TM,가솔린 2.0T 2WD,프레스티지,201907.0,2020,2430.0,34027.0,가솔린,오토,ORIGINAL,일반,2025-03-20 09:20:04.000 +09,경기,(주)엘케이모터스,43더1344,1,1,0,34.8009,710.0,0,0,
39109357,현대,싼타페 TM,가솔린 2.0T 2WD,인스퍼레이션,202006.0,2020,2440.0,131500.0,가솔린,오토,ORIGINAL,일반,2025-03-20 09:19:54.000 +09,전북,조은모터스,244나3001,2,0,1,59.078,0.0,1,0,
39008587,현대,더 뉴 싼타페,디젤 2.2 4WD,캘리그래피,202009.0,2021,2790.0,120561.0,디젤,오토,ORIGINAL,일반,2025-03-20 09:19:32.000 +09,광주,우일모터스,369부9997,2,0,0,348.4649,0.0,0,0,
38644543,현대,싼타페 TM,디젤 2.2 2WD,프레스티지,201807.0,2019,1830.0,144451.0,디젤,오토,ORIGINAL,일반,2025-03-20 09:19:20.000 +09,경기,스마일자동차,33다1062,2,0,0,342.093,0.0,0,0,
38337965,현대,싼타페 TM,디젤 2.2 4WD,익스클루시브,201910.0,2020,2590.0,72668.0,디젤,오토,ORIGINAL,일반,2025-03-20 09:19:09.000 +09,경기,카모아,130두7143,0,0,2,0.0,0.0,1,0,
38589881,현대,더 뉴 싼타페,디젤 2.2 4WD,프리미엄,202103.0,2021,2870.0,106059.0,디젤,오토,ORIGINAL,일반,2025-03-20 09:19:09.000 +09,경기,주)예스모터스,184모8896,0,0,2,0.0,0.0,1,0,
38638731,현대,싼타페 (MX5),HEV 1.6 2WD,캘리그래피,202410.0,2025,4599.0,448.0,가솔린+전기,오토,ORIGINAL,일반,2025-03-20 09:19:09.000 +09,경기,블루오토,101수4894,0,0,1,0.0,0.0,0,0,
39118232,현대,더 뉴 싼타페,디젤 2.2 2WD,프레스티지,202009.0,2021,2390.0,108296.0,디젤,오토,ORIGINAL,일반,2025-03-20 09:19:09.000 +09,경기,차투차,100우9449,2,2,0,124.62,168.5004,0,0,
39200055,현대,싼타페 더 프라임,디젤 2.2 2WD,익스클루시브 스페셜,201509.0,2016,1900.0,55859.0,디젤,오토,ORIGINAL,일반,2025-03-20 09:19:09.000 +09,서울,(주)나우모터스,49무0905,3,0,1,105.572,0.0,0,0,
39199781,현대,싼타페 TM,가솔린 2.0T 2WD,프레스티지,201908.0,2020,2599.0,44214.0,가솔린,오토,ORIGINAL,일반,2025-03-20 09:19:09.000 +09,서울,(주)가도모터스,55도5388,0,0,1,0.0,0.0,0,0,
38868135,현대,싼타페 더 프라임,디젤 2.0 2WD,프리미엄,201705.0,2018,1300.0,104618.0,디젤,오토,ORIGINAL,일반,2025-03-20 09:19:09.000 +09,대구,천수자동차상사,312보8475,3,4,3,366.787,260.1858,1,0,
39131109,현대,싼타페 DM,디젤(e-VGT) 2.0 4WD 프리미엄,,201501.0,2015,1120.0,125665.0,디젤,오토,ORIGINAL,일반,2025-03-20 09:19:09.000 +09,경기,최강모터스,41소6543,1,1,0,269.44,230.479,0,0,
39058793,현대,싼타페 더 프라임,디젤 2.0 2WD,밸류 플러스,201711.0,2018,1720.0,74518.0,디젤,오토,ORIGINAL,일반,2025-03-20 09:19:09.000 +09,충남,이든자동차,18나3602,0,1,2,0.0,24.787,0,0,
39220492,현대,싼타페 DM,디젤(e-VGT) 2.0 2WD 프리미엄,,201402.0,2015,1400.0,100935.0,디젤,오토,ORIGINAL,일반,2025-03-20 09:19:09.000 +09,경기,비케이(BK)모터스,50루6035,8,2,1,612.5839,101.231,0,0,
39006591,현대,더 뉴 싼타페,디젤 2.2 2WD,캘리그래피,202103.0,2021,2750.0,91439.0,디젤,오토,ORIGINAL,일반,2025-03-20 09:19:03.000 +09,경기,수성자동차,320너1165,2,0,0,153.309,0.0,0,0,
38619179,현대,싼타페 TM,가솔린 2.0T 4WD,익스클루시브,201908.0,2020,2000.0,127055.0,가솔린,오토,ORIGINAL,일반,2025-03-20 09:19:02.000 +09,경기,프렌즈 모터스,262어5564,0,1,2,0.0,74.7774,1,0,
38936149,현대,더 뉴 싼타페,HEV 1.6 2WD,캘리그래피,202107.0,2022,3080.0,89537.0,가솔린+전기,오토,ORIGINAL,일반,2025-03-20 09:19:02.000 +09,서울,서울 오토벨,125다6796,5,2,1,487.0605,379.6,0,0,
38902770,현대,싼타페 TM,디젤 2.0 4WD,익스클루시브 스페셜,201806.0,2019,1850.0,148423.0,디젤,오토,ORIGINAL,일반,2025-03-20 09:19:02.000 +09,인천,모터바겐,122우4611,2,0,4,110.6053,0.0,1,0,
38791469,현대,더 뉴 싼타페,디젤 2.2 2WD,프리미엄 초이스,202111.0,2021,2299.0,69014.0,디젤,오토,ORIGINAL,일반,2025-03-20 09:19:02.000 +09,충남,신세계자동차,254부6195,2,0,1,606.7084,0.0,1,0,
38434404,현대,싼타페 TM,가솔린 2.0T 4WD,인스퍼레이션,201812.0,2019,2640.0,60512.0,가솔린,오토,ORIGINAL,일반,2025-03-20 09:19:02.000 +09,충남,(주)태양모터스,59소1560,0,0,1,0.0,0.0,0,0,
39030459,현대,싼타페 (MX5),HEV 1.6 2WD,캘리그래피,202405.0,2024,4350.0,13191.0,가솔린+전기,오토,ORIGINAL,일반,2025-03-20 09:19:02.000 +09,인천,에스에스카,252주1937,0,0,2,0.0,0.0,0,0,
38815298,현대,싼타페 DM,디젤(e-VGT) 2.0 2WD 프리미엄,,201406.0,2015,1330.0,68173.0,디젤,오토,ORIGINAL,일반,2025-03-20 09:19:02.000 +09,대전,카프로미스,15우7132,0,0,1,0.0,0.0,0,0,
39109235,현대,더 뉴 싼타페,가솔린 2.5T 2WD,프리미엄 초이스,202111.0,2021,2720.0,33521.0,가솔린,오토,ORIGINAL,일반,2025-03-20 09:19:02.000 +09,경기,(주)에스비즈,125거9807,0,1,1,0.0,95.244,0,0,
39002275,현대,더 뉴 싼타페,HEV 1.6 2WD,캘리그래피,202203.0,2022,3170.0,62851.0,가솔린+전기,오토,ORIGINAL,일반,2025-03-20 09:19:02.000 +09,서울,뮤카(주) 가양지점,328부6702,1,0,1,289.9878,0.0,1,0,
39191053,현대,싼타페 TM,디젤 2.0 4WD,익스클루시브,202002.0,2020,1869.0,147519.0,디젤,오토,ORIGINAL,일반,2025-03-20 09:19:02.000 +09,서울,미소모터스,114버9528,1,0,1,44.981,0.0,1,0,
39104703,현대,싼타페 TM,가솔린 2.0T 2WD,프리미엄,201901.0,2019,1930.0,51496.0,가솔린,오토,ORIGINAL,일반,2025-03-20 09:19:02.000 +09,서울,오토플러스(주),08호7112,1,1,0,39.99,122.453,0,0,
39231991,현대,더 뉴 싼타페,디젤 2.2 2WD,프리미엄 초이스,202101.0,2021,2690.0,37250.0,디젤,오토,ORIGINAL,일반,2025-03-20 09:19:02.000 +09,대전,(주)뉴보석자동차,212고8198,1,0,1,99.6906,0.0,1,0,
39231554,현대,더 뉴 싼타페,가솔린 2.5T 2WD,프리미엄 초이스,202105.0,2021,2499.0,74652.0,가솔린,오토,ORIGINAL,일반,2025-03-20 09:19:02.000 +09,경기,(주)카르메스오토,279누9874,0,0,1,0.0,0.0,1,0,
39152255,현대,더 뉴 싼타페,디젤 2.2 2WD,프리미엄 초이스,202012.0,2021,2499.0,66398.0,디젤,오토,ORIGINAL,일반,2025-03-20 09:18:54.000 +09,경기,더나은모터스,261더2510,0,0,1,0.0,0.0,1,0,
39267318,현대,더 뉴 싼타페,디젤 2.2 2WD,프리미엄 초이스,202103.0,2021,2499.0,62365.0,디젤,오토,ORIGINAL,일반,2025-03-20 09:18:54.000 +09,경기,더나은모터스,240부8515,1,0,2,120.0719,0.0,1,0,
39084194,현대,싼타페 더 프라임,디젤 2.2 4WD,익스클루시브 스페셜,201510.0,2016,1399.0,160552.0,디젤,오토,ORIGINAL,일반,2025-03-20 09:18:53.000 +09,대구,수윤지모터스,66나7493,0,0,5,0.0,0.0,1,0,
38929976,현대,싼타페 DM,디젤(e-VGT) 2.0 2WD 프리미엄,,201312.0,2014,930.0,128912.0,디젤,오토,ORIGINAL,일반,2025-03-20 09:18:33.000 +09,경남,경남자동차매매상사,23루7335,4,1,2,294.6593,217.708,0,0,
38960446,현대,더 뉴 싼타페,디젤 2.2 2WD,프레스티지 초이스,202301.0,2023,3290.0,34888.0,디젤,오토,ORIGINAL,일반,2025-03-20 09:18:09.000 +09,대구,프라임모터스대표,181구7277,0,1,0,0.0,64.1519,0,0,
38952084,현대,싼타페 TM,디젤 2.2 4WD,프레스티지,201805.0,2019,2580.0,63800.0,디젤,오토,ORIGINAL,일반,2025-03-20 09:18:09.000 +09,대구,제일모터스&중고차,166오3993,3,0,2,195.745,0.0,1,0,
39257368,현대,싼타페 더 프라임,디젤 2.0 4WD,프리미엄,201602.0,2016,1260.0,140472.0,디젤,오토,ORIGINAL,일반,2025-03-20 09:18:09.000 +09,대구,소원모터스,16모0455,1,0,0,28.2,0.0,0,0,
39243080,현대,더 뉴 싼타페,HEV 1.6 2WD,캘리그래피,202304.0,2023,3520.0,56508.0,가솔린+전기,오토,ORIGINAL,일반,2025-03-20 09:18:09.000 +09,서울,로얄모터스,232조9311,0,0,2,0.0,0.0,0,0,
39220558,현대,싼타페 (MX5),가솔린 2.5T 4WD,캘리그래피,202310.0,2024,4250.0,27359.0,가솔린,오토,ORIGINAL,일반,2025-03-20 09:18:09.000 +09,경기,㈜오토핸즈,222더9092,0,1,1,0.0,170.1969,1,0,
38877997,현대,더 뉴 싼타페,HEV 1.6 2WD,캘리그래피,202111.0,2022,3139.0,77654.0,가솔린+전기,오토,ORIGINAL,일반,2025-03-20 09:18:03.000 +09,서울,주식회사 프로모터스,198조6172,4,1,0,604.4384,156.9749,0,0,
38831000,현대,더 뉴 싼타페,가솔린 2.5T 2WD,캘리그래피,202112.0,2021,2480.0,116095.0,가솔린,오토,ORIGINAL,일반,2025-03-20 09:18:03.000 +09,서울,대디모터스,312오7025,1,0,1,55.9,0.0,0,0,
38826419,현대,더 뉴 싼타페,디젤 2.2 4WD,캘리그래피,202212.0,2023,3690.0,34421.0,디젤,오토,ORIGINAL,일반,2025-03-20 09:18:03.000 +09,서울,(주)넥스트오토,325조7540,0,0,1,0.0,0.0,0,0,
38985842,현대,싼타페 TM,디젤 2.0 4WD,익스클루시브 스페셜,201804.0,2019,1720.0,164782.0,디젤,오토,ORIGINAL,일반,2025-03-20 09:18:03.000 +09,인천,왕성자동차매매상사,63나7889,3,2,1,392.3872,975.4799,0,0,
39168363,현대,싼타페 더 프라임,디젤 2.0 2WD,프리미엄,201603.0,2016,1150.0,108414.0,디젤,오토,ORIGINAL,일반,2025-03-20 09:18:03.000 +09,경기,착한모터스,05보0279,1,1,2,114.5308,48.1077,0,0,
39162373,현대,싼타페 더 프라임,디젤 2.0 2WD,프리미엄,201801.0,2018,1250.0,151645.0,디젤,오토,ORIGINAL,일반,2025-03-20 09:18:03.000 +09,인천,한진모터스,25가7501,1,0,1,36.7,0.0,0,0,
39132024,현대,싼타페 (MX5),HEV 1.6 2WD,익스클루시브,202312.0,2024,3680.0,5832.0,가솔린+전기,오토,ORIGINAL,일반,2025-03-20 09:18:03.000 +09,서울,킹모터스,127주6826,0,0,1,0.0,0.0,0,0,
39094536,현대,싼타페 TM,디젤 2.0 2WD,익스클루시브,201907.0,2020,1870.0,94350.0,디젤,오토,ORIGINAL,일반,2025-03-20 09:18:03.000 +09,경기,위드카,229라1449,0,0,1,0.0,0.0,1,0,
39020626,현대,싼타페 더 프라임,디젤 2.2 2WD,프리미엄,201509.0,2016,1340.0,75520.0,디젤,오토,ORIGINAL,일반,2025-03-20 09:18:03.000 +09,경기,㈜오토핸즈,54나0547,1,1,1,69.9158,43.2988,0,0,
38921858,현대,싼타페 더 프라임,디젤 2.0 2WD,익스클루시브,201701.0,2017,2222.0,198057.0,디젤,오토,ORIGINAL,일반,2025-03-20 09:18:03.000 +09,경기,(주)오토웨이,31너5266,2,4,1,195.031,978.2905,0,0,
39215908,현대,더 뉴 싼타페,디젤 2.2 2WD,캘리그래피,202008.0,2021,3190.0,46631.0,디젤,오토,ORIGINAL,일반,2025-03-20 09:18:03.000 +09,서울,시원 모터스,250주3331,0,0,2,0.0,0.0,1,0,
39231165,현대,더 뉴 싼타페,디젤 2.2 2WD,프레스티지,202107.0,2021,2150.0,120741.0,디젤,오토,ORIGINAL,일반,2025-03-20 09:18:03.000 +09,서울,인증차,153로9139,1,0,0,158.0118,0.0,0,0,
39268715,현대,더 뉴 싼타페,디젤 2.2 2WD,프리미엄,202008.0,2021,2090.0,113188.0,디젤,오토,ORIGINAL,일반,2025-03-20 09:18:03.000 +09,인천,(주)국민상사,370마8984,2,0,0,131.841,0.0,1,0,
38392226,현대,싼타페 (MX5),HEV 1.6 2WD,캘리그래피,202401.0,2024,4500.0,11972.0,가솔린+전기,오토,ORIGINAL,일반,2025-03-20 09:18:03.000 +09,경기,뉴한길모터스,363도6341,2,1,1,185.4809,73.0541,0,0,
39264096,현대,더 뉴 싼타페,디젤 2.2 2WD,프리미엄 초이스,202008.0,2021,2050.0,117873.0,디젤,오토,ORIGINAL,일반,2025-03-20 09:18:03.000 +09,전북,오토핸즈익산직영점,165러2146,0,0,0,0.0,0.0,0,0,
39262636,현대,더 뉴 싼타페,디젤 2.2 2WD,익스클루시브,202207.0,2022,2650.0,49317.0,디젤,오토,ORIGINAL,일반,2025-03-20 09:17:28.000 +09,경기,오토리카,394서3384,0,0,1,0.0,0.0,1,0,
39053716,현대,싼타페 TM,가솔린 2.0T 2WD,프레스티지,201911.0,2020,2159.0,97400.0,가솔린,오토,ORIGINAL,일반,2025-03-20 09:17:14.000 +09,경기,(주)모던카,247모8792,0,0,3,0.0,0.0,1,0,
39118151,현대,싼타페 TM,가솔린 2.0T 2WD,인스퍼레이션,201903.0,2019,2750.0,72292.0,가솔린,오토,ORIGINAL,일반,2025-03-20 09:17:09.000 +09,경기,오토플러스(주),24서8883,1,0,0,92.353,0.0,0,0,
39163880,현대,더 뉴 싼타페,디젤 2.2 4WD,프리미엄 초이스,202102.0,2021,2490.0,108002.0,디젤,오토,ORIGINAL,일반,2025-03-20 09:17:09.000 +09,인천,주식회사 제이파크,139구3951,1,0,1,150.7049,0.0,1,0,
39227358,현대,싼타페 더 프라임,디젤 2.0 2WD,밸류 플러스,201706.0,2018,1650.0,75000.0,디젤,오토,ORIGINAL,일반,2025-03-20 09:17:09.000 +09,경기,프렌즈모터스,50버9078,2,1,0,274.3405,115.2318,0,0,
39204298,현대,싼타페 TM,디젤 2.0 2WD,프리미엄,202001.0,2020,1999.0,54647.0,디젤,오토,ORIGINAL,일반,2025-03-20 09:17:09.000 +09,경기,(주)왕카,269보8699,0,1,1,0.0,39.1086,1,0,
39259170,현대,싼타페 TM,가솔린 2.0T 2WD,익스클루시브,201907.0,2020,2050.0,84586.0,가솔린,오토,ORIGINAL,일반,2025-03-20 09:17:09.000 +09,인천,오토플러스(주),57서5765,0,0,1,0.0,0.0,0,0,
38444801,현대,더 뉴 싼타페,가솔린 2.5T 2WD,프레스티지,202105.0,2021,3070.0,55235.0,가솔린,오토,ORIGINAL,일반,2025-03-20 09:17:09.000 +09,경기,수원SKV1뉴스타,198오8883,0,0,1,0.0,0.0,0,0,
39077267,현대,싼타페 TM,디젤 2.0 4WD,익스클루시브 스페셜,201901.0,2019,1890.0,96000.0,디젤,오토,ORIGINAL,일반,2025-03-20 09:17:03.000 +09,대전,(주)아성모터스,56어8949,5,2,1,799.0108,352.983,0,0,
38926935,현대,싼타페 TM,디젤 2.2 2WD,프레스티지,201908.0,2020,2320.0,61431.0,디젤,오토,ORIGINAL,일반,2025-03-20 09:17:03.000 +09,광주,믿음모터스,28가1585,2,2,3,407.1633,138.637,0,0,
39064436,현대,싼타페 TM,디젤 2.0 2WD,프레스티지,201806.0,2019,1899.0,119508.0,디젤,오토,ORIGINAL,일반,2025-03-20 09:17:03.000 +09,경기,프렌즈카,06마9739,4,2,1,454.2244,734.707,0,0,
38756358,현대,더 뉴 싼타페,디젤 2.2 4WD,프리미엄,202105.0,2021,5566.0,63555.0,디젤,오토,ORIGINAL,일반,2025-03-20 09:17:03.000 +09,경기,에이원모터스,198라8638,0,0,1,0.0,0.0,1,0,
39007014,현대,싼타페 DM,디젤(e-VGT) 2.0 4WD 프리미엄,,201308.0,2014,1150.0,120765.0,디젤,오토,ORIGINAL,일반,2025-03-20 09:17:03.000 +09,경기,주식회사 설레임 오토모티브,48거5423,0,0,2,0.0,0.0,0,0,
39152188,현대,더 뉴 싼타페,디젤 2.2 2WD,프레스티지,202101.0,2021,2630.0,77448.0,디젤,오토,ORIGINAL,일반,2025-03-20 09:17:03.000 +09,경기,에스원 모터스,381러9263,0,0,1,0.0,0.0,0,0,
39140199,현대,싼타페 TM,디젤 2.2 4WD,인스퍼레이션,201808.0,2019,2550.0,97464.0,디젤,오토,ORIGINAL,일반,2025-03-20 09:17:03.000 +09,서울,(주)새차처럼모터스,153가6660,0,2,2,0.0,78.055,1,0,
39129816,현대,싼타페 더 프라임,디젤 2.0 2WD,익스클루시브 스페셜,201608.0,2016,1650.0,87623.0,디젤,오토,ORIGINAL,일반,2025-03-20 09:17:03.000 +09,경기,오토피아,26라0265,2,1,5,146.839,350.138,0,0,
39222873,현대,더 뉴 싼타페,HEV 1.6 2WD,캘리그래피,202303.0,2023,3850.0,25344.0,가솔린+전기,오토,ORIGINAL,일반,2025-03-20 09:17:03.000 +09,대전,태양자동차(주),262조6739,0,0,1,0.0,0.0,1,0,
39103086,현대,싼타페 더 프라임,디젤 2.0 2WD,프리미엄,201603.0,2016,1380.0,131325.0,디젤,오토,ORIGINAL,일반,2025-03-20 09:17:03.000 +09,인천,(주)시우자동차,28소0892,1,1,1,37.5388,32.605,0,0,
39082415,현대,싼타페 (MX5),가솔린 2.5T 2WD,익스클루시브,202501.0,2025,2482.0,800.0,가솔린,오토,ORIGINAL,렌트,2025-03-20 09:17:03.000 +09,경기,,233호8568,0,0,0,0.0,0.0,0,0,
39074436,현대,싼타페 TM,디젤 2.0 2WD,프레스티지,201806.0,2019,2230.0,50386.0,디젤,오토,ORIGINAL,일반,2025-03-20 09:17:03.000 +09,경기,최강모터스,10무1166,2,0,3,49.0899,0.0,0,0,
39100801,현대,싼타페 TM,디젤 2.0 2WD,익스클루시브 스페셜,201902.0,2019,1750.0,118095.0,디젤,오토,ORIGINAL,일반,2025-03-20 09:17:03.000 +09,광주,에스원모터스,08마3315,3,1,0,516.898,97.3495,0,0,
39171585,현대,더 뉴 싼타페,HEV 1.6 2WD,익스클루시브,202109.0,2022,2950.0,35238.0,가솔린+전기,오토,ORIGINAL,일반,2025-03-20 09:17:03.000 +09,서울,(주) 더오토,305누8206,0,1,0,0.0,61.8,0,0,
39246080,현대,싼타페 TM,가솔린 2.0T 2WD,익스클루시브,202006.0,2020,2450.0,48256.0,가솔린,오토,ORIGINAL,일반,2025-03-20 09:17:03.000 +09,대구,엠케어모터스,181로6032,0,0,1,0.0,0.0,0,0,
39265066,현대,싼타페 TM,디젤 2.0 2WD,익스클루시브,201810.0,2019,2160.0,56926.0,디젤,오토,ORIGINAL,일반,2025-03-20 09:17:01.000 +09,경기,더 베스트자동차,21어7969,1,1,0,103.0319,48.529,0,0,
38422121,현대,싼타페 TM,가솔린 2.0T 2WD,인스퍼레이션,201809.0,2019,2080.0,97864.0,가솔린,오토,ORIGINAL,일반,2025-03-20 09:16:56.000 +09,전북,81모터스,364주8270,2,0,3,133.9956,0.0,1,0,
38347578,현대,더 뉴 싼타페,가솔린 2.5T 2WD,프레스티지,202201.0,2022,2850.0,48145.0,가솔린,오토,ORIGINAL,일반,2025-03-20 09:16:44.000 +09,광주,(주)OK모터스,130서2701,0,0,0,0.0,0.0,0,0,
38801698,현대,싼타페 TM,디젤 2.0 4WD,익스클루시브,201901.0,2019,2160.0,94518.0,디젤,오토,ORIGINAL,일반,2025-03-20 09:16:30.000 +09,경기,(주)모터라인,41러7864,0,0,1,0.0,0.0,0,0,
38718848,현대,싼타페 TM,디젤 2.0 2WD,프리미엄,201807.0,2019,1830.0,49121.0,디젤,오토,ORIGINAL,일반,2025-03-20 09:16:28.000 +09,대전,(주)뉴덕성 모터스,06어1566,3,2,3,445.3475,126.2061,0,0,
39175995,현대,싼타페 TM,디젤 2.0 2WD,프레스티지,201903.0,2019,1890.0,136805.0,디젤,오토,ORIGINAL,일반,2025-03-20 09:16:23.000 +09,부산,(주)베스트카,18러1919,2,0,2,105.7122,0.0,0,0,
38268980,현대,더 뉴 싼타페,디젤 2.2 2WD,프레스티지,202011.0,2021,3190.0,65496.0,디젤,오토,ORIGINAL,일반,2025-03-20 09:16:16.000 +09,대구,에스제이(SJ)오토,175루1145,0,0,1,0.0,0.0,1,0,
39113562,현대,싼타페 TM,디젤 2.0 2WD,익스클루시브 스페셜,201902.0,2019,2190.0,96380.0,디젤,오토,ORIGINAL,일반,2025-03-20 09:16:10.000 +09,경기,차란차(주),68누3591,0,1,1,0.0,72.2604,0,0,
39255048,현대,싼타페 더 프라임,디젤 2.0 4WD,익스클루시브 스페셜,201507.0,2016,1590.0,185252.0,디젤,오토,ORIGINAL,일반,2025-03-20 09:16:09.000 +09,경기,로또모터스,360러1191,3,1,2,341.4692,38.546,1,0,
39189638,현대,싼타페 TM,가솔린 2.0T 4WD,인스퍼레이션,201908.0,2020,2600.0,108171.0,가솔린,오토,ORIGINAL,일반,2025-03-20 09:16:09.000 +09,경기,원카,06오6842,0,0,0,0.0,0.0,0,0,
39167947,현대,싼타페 TM,가솔린 2.0T 2WD,익스클루시브 스페셜,201901.0,2019,2290.0,82738.0,가솔린,오토,ORIGINAL,일반,2025-03-20 09:16:09.000 +09,서울,(주)영업왕자,43조2700,1,1,0,49.696,31.653,0,0,
39075116,현대,싼타페 (MX5),HEV 1.6 2WD,캘리그래피,202407.0,2024,3890.0,5618.0,가솔린+전기,오토,ORIGINAL,일반,2025-03-20 09:16:09.000 +09,경기,디케이(DK)모터스,164구4815,1,0,2,0.0,0.0,0,0,
39036218,현대,싼타페 (MX5),HEV 1.6 2WD,캘리그래피,202408.0,2024,4560.0,5615.0,가솔린+전기,오토,ORIGINAL,일반,2025-03-20 09:16:09.000 +09,경기,케이오토뱅크,241더3994,0,0,1,0.0,0.0,0,0,
38743539,현대,더 뉴 싼타페,디젤 2.2 2WD,프레스티지,202008.0,2021,2699.0,72314.0,디젤,오토,ORIGINAL,일반,2025-03-20 09:16:09.000 +09,경기,주식회사 모던카,152우2255,4,0,1,809.28,0.0,0,0,
39145033,현대,더 뉴 싼타페,디젤 2.2 4WD,프리미엄 초이스,202008.0,2021,2299.0,122971.0,디젤,오토,ORIGINAL,일반,2025-03-20 09:16:05.000 +09,경기,오토프라임,205더6601,1,0,1,46.8613,0.0,1,0,
39145097,현대,더 뉴 싼타페,HEV 1.6 2WD,익스클루시브,202111.0,2022,2199.0,150085.0,가솔린+전기,오토,ORIGINAL,일반,2025-03-20 09:16:05.000 +09,경기,오토프라임,109거8857,1,0,1,82.9468,0.0,1,0,
39145010,현대,더 뉴 싼타페,디젤 2.2 4WD,프리미엄,202106.0,2021,2399.0,124259.0,디젤,오토,ORIGINAL,일반,2025-03-20 09:16:05.000 +09,경기,오토프라임,247부1837,0,0,1,0.0,0.0,1,0,
39145189,현대,더 뉴 싼타페,디젤 2.2 4WD,프리미엄,202102.0,2021,2899.0,41258.0,디젤,오토,ORIGINAL,일반,2025-03-20 09:16:05.000 +09,경기,오토프라임,153어7208,1,0,1,182.691,0.0,1,0,
38736851,현대,더 뉴 싼타페,가솔린 2.5T 2WD,캘리그래피,202101.0,2021,2950.0,61516.0,가솔린,오토,ORIGINAL,일반,2025-03-20 09:16:03.000 +09,경북,태양자동차상사,144소1039,3,2,0,206.211,105.256,0,0,
38621884,현대,더 뉴 싼타페,가솔린 2.5T 2WD,캘리그래피,202201.0,2022,2870.0,42330.0,가솔린,오토,ORIGINAL,일반,2025-03-20 09:16:03.000 +09,경남,승리모터스(주식),234고6373,2,2,1,1098.0669,590.3739,0,0,
38867452,현대,싼타페 더 프라임,디젤 2.0 2WD,프리미엄,201609.0,2017,1420.0,88333.0,디젤,오토,ORIGINAL,일반,2025-03-20 09:16:03.000 +09,경기,차투차,41가0168,2,1,2,97.483,68.1818,0,0,
38025530,현대,싼타페 TM,디젤 2.2 4WD,인스퍼레이션,201809.0,2019,2599.0,92561.0,디젤,오토,ORIGINAL,일반,2025-03-20 09:16:03.000 +09,대구,카 리더스 클럽,164도4989,1,1,1,0.0,84.3499,1,0,
38511204,현대,싼타페 TM,가솔린 2.0T 4WD,인스퍼레이션,201811.0,2019,2590.0,69727.0,가솔린,오토,ORIGINAL,일반,2025-03-20 09:16:03.000 +09,대구,더블유모터스,153거1692,3,0,2,186.5456,0.0,1,0,
38750569,현대,더 뉴 싼타페,가솔린 2.5T 4WD,익스클루시브,202212.0,2023,2970.0,28343.0,가솔린,오토,ORIGINAL,일반,2025-03-20 09:16:03.000 +09,경기,뉴스타모터스,305너2762,0,1,1,0.0,113.607,0,0,
39053964,현대,싼타페 (MX5),HEV 1.6 2WD,캘리그래피,202401.0,2024,4300.0,36907.0,가솔린+전기,오토,ORIGINAL,일반,2025-03-20 09:16:03.000 +09,경기,(주)준모터스,187주2688,0,0,1,0.0,0.0,0,0,
39156403,현대,싼타페 (MX5),HEV 1.6 2WD,캘리그래피,202401.0,2024,4350.0,18611.0,가솔린+전기,오토,ORIGINAL,일반,2025-03-20 09:16:03.000 +09,경기,엠에스모터스,200러6977,1,0,1,102.6591,0.0,0,0,
38943595,현대,싼타페 더 프라임,디젤 2.0 2WD,밸류 플러스,201802.0,2018,1320.0,143970.0,디젤,오토,ORIGINAL,일반,2025-03-20 09:16:03.000 +09,충남,당근카,65다9249,1,1,1,137.362,241.401,0,0,
39127469,현대,싼타페 CM,2WD(2.0 e-VGT) MLX,럭셔리,201101.0,2011,490.0,182118.0,디젤,오토,ORIGINAL,일반,2025-03-20 09:16:03.000 +09,경기,오토스마일,63우3770,5,2,4,395.9562,172.8868,0,0,
39191115,현대,싼타페 (MX5),HEV 1.6 2WD,프레스티지 플러스,202501.0,2025,4480.0,49.0,가솔린+전기,오토,ORIGINAL,일반,2025-03-20 09:16:03.000 +09,서울,킹모터스,317러4340,0,0,0,0.0,0.0,0,0,
39268484,현대,싼타페 CM,2WD(2.2VGT) MLX,고급형,200612.0,2007,190.0,80000.0,디젤,오토,ORIGINAL,일반,2025-03-20 09:15:19.000 +09,경기,우현모터스,10두6265,7,1,2,639.9782,84.0296,0,0,
38792401,현대,더 뉴 싼타페,가솔린 2.5T 2WD,프레스티지,202210.0,2023,3220.0,9441.0,가솔린,오토,ORIGINAL,일반,2025-03-20 09:15:18.000 +09,울산,삼원모터스,205거7365,0,1,1,0.0,56.5171,0,0,
39057014,현대,싼타페 TM,디젤 2.0 2WD,프레스티지,201808.0,2019,1940.0,114373.0,디젤,오토,ORIGINAL,일반,2025-03-20 09:15:12.000 +09,부산,탑오토모터스,68주7504,3,0,0,201.132,0.0,0,0,
38810938,현대,더 뉴 싼타페,디젤 2.2 2WD,프레스티지,202008.0,2021,1970.0,149240.0,디젤,오토,ORIGINAL,일반,2025-03-20 09:15:11.000 +09,대전,(주)중사모터스,111버2964,0,0,1,0.0,0.0,1,0,
39124477,현대,더 뉴 싼타페,가솔린 2.5T 2WD,프리미엄,202012.0,2021,2590.0,43448.0,가솔린,오토,ORIGINAL,일반,2025-03-20 09:15:11.000 +09,경기,코오롱모빌리티그룹,152호9475,1,0,0,105.2431,0.0,0,0,
39108460,현대,더 뉴 싼타페,디젤 2.2 2WD,프레스티지,202007.0,2021,2590.0,69034.0,디젤,오토,ORIGINAL,일반,2025-03-20 09:15:11.000 +09,인천,조이카모터스,162서2607,0,3,1,0.0,188.5799,0,0,
38944601,현대,싼타페 (MX5),HEV 1.6 2WD,캘리그래피,202501.0,2025,5170.0,162.0,가솔린+전기,오토,ORIGINAL,일반,2025-03-20 09:15:11.000 +09,서울,킹모터스,272두3160,0,0,0,0.0,0.0,0,0,
38850334,현대,싼타페 TM,디젤 2.0 2WD,프리미엄,202005.0,2020,1990.0,83501.0,디젤,오토,ORIGINAL,일반,2025-03-20 09:15:11.000 +09,경기,타타모터스,244부9218,1,0,1,136.71,0.0,1,0,
37780989,현대,싼타페 (MX5),가솔린 2.5T 4WD,캘리그래피,202406.0,2024,4299.0,8000.0,가솔린,오토,ORIGINAL,리스,2025-03-20 09:15:11.000 +09,서울,,213보4523,0,0,0,0.0,0.0,0,0,
38932416,현대,더 뉴 싼타페,HEV 1.6 2WD,캘리그래피,202301.0,2023,3750.0,35826.0,가솔린+전기,오토,ORIGINAL,일반,2025-03-20 09:15:11.000 +09,대구,동방모터스,321노9142,1,0,0,61.1,0.0,0,0,
39268194,현대,싼타페 TM,디젤 2.0 2WD,프레스티지,202003.0,2020,2099.0,104131.0,디젤,오토,ORIGINAL,일반,2025-03-20 09:15:11.000 +09,전북,뉴 매일모터스,394너1983,1,0,0,26.0269,0.0,0,0,
38454165,현대,더 뉴 싼타페,디젤 2.2 2WD,익스클루시브,202207.0,2022,2788.0,23241.0,디젤,오토,ORIGINAL,일반,2025-03-20 09:15:03.000 +09,인천,모터바겐,383무4633,0,0,1,0.0,0.0,1,0,
39082402,현대,더 뉴 싼타페,디젤 2.2 4WD,프리미엄,202104.0,2021,2750.0,72287.0,디젤,오토,ORIGINAL,일반,2025-03-20 09:15:03.000 +09,경기,풍년자동차,102러2812,0,0,0,0.0,0.0,1,0,
39041505,현대,더 뉴 싼타페,가솔린 2.5T 2WD,프레스티지,202301.0,2023,3080.0,35400.0,가솔린,오토,ORIGINAL,일반,2025-03-20 09:15:03.000 +09,대구,대한종합자동차상사,358다8905,0,0,0,0.0,0.0,0,0,
38960814,현대,싼타페 DM,디젤(e-VGT) 2.0 2WD 프리미엄,,201505.0,2015,1130.0,138271.0,디젤,오토,ORIGINAL,일반,2025-03-20 09:15:03.000 +09,대구,뉴현대모터스,51보8596,0,1,3,0.0,100.7039,0,0,
38814363,현대,싼타페 더 프라임,디젤 2.0 2WD,프리미엄,201609.0,2016,1110.0,141069.0,디젤,오토,ORIGINAL,일반,2025-03-20 09:15:03.000 +09,경기,스피드모터스,03두0317,1,1,1,55.4093,67.9331,0,0,
38943617,현대,싼타페 TM,가솔린 2.0T 2WD,익스클루시브,202006.0,2020,2430.0,25061.0,가솔린,오토,ORIGINAL,일반,2025-03-20 09:15:03.000 +09,서울,(주)마이원카,233너6840,1,0,1,82.2431,0.0,0,0,
38894589,현대,더 뉴 싼타페,디젤 2.2 4WD,프레스티지,202007.0,2021,2290.0,147138.0,디젤,오토,ORIGINAL,일반,2025-03-20 09:15:03.000 +09,경기,착한모터스,271루9099,0,0,2,0.0,0.0,0,0,
39127425,현대,더 뉴 싼타페,HEV 1.6 2WD,캘리그래피,202204.0,2022,3180.0,78704.0,가솔린+전기,오토,ORIGINAL,일반,2025-03-20 09:15:03.000 +09,경기,블루오토모터스,183수8274,2,2,1,166.9526,175.3524,0,0,
39253251,현대,싼타페 TM,디젤 2.0 4WD,프리미엄,201807.0,2019,1730.0,150000.0,디젤,오토,ORIGINAL,일반,2025-03-20 09:14:48.000 +09,경기,우현모터스,257주5087,1,3,3,222.0298,131.0342,1,0,
38529369,현대,더 뉴 싼타페,디젤 2.2 4WD,프레스티지,202011.0,2021,2730.0,87411.0,디젤,오토,ORIGINAL,일반,2025-03-20 09:14:38.000 +09,경기,진모터스,249고7997,1,0,1,24.11,0.0,0,0,
39242415,현대,더 뉴 싼타페,디젤 2.2 2WD,프레스티지,202103.0,2021,2390.0,81435.0,디젤,오토,ORIGINAL,일반,2025-03-20 09:14:28.000 +09,경남,지성모터스,101로9132,0,0,0,0.0,0.0,0,0,
38712609,현대,더 뉴 싼타페,가솔린 2.5T 4WD,캘리그래피,202212.0,2023,3850.0,23427.0,가솔린,오토,ORIGINAL,일반,2025-03-20 09:14:08.000 +09,경기,위드카,329소5771,0,0,0,0.0,0.0,0,0,
38424503,현대,싼타페 더 프라임,디젤 2.0 2WD,프리미엄,201609.0,2016,1300.0,100505.0,디젤,오토,ORIGINAL,일반,2025-03-20 09:14:08.000 +09,서울,제이스모터스,08수0472,1,1,1,161.7219,18.877,0,0,
39189986,현대,더 뉴 싼타페,디젤 2.2 2WD,프리미엄 초이스,202010.0,2021,2150.0,82285.0,디젤,오토,ORIGINAL,일반,2025-03-20 09:14:08.000 +09,대구,다온모터스,240부8594,3,0,1,873.4503,0.0,1,0,
39128234,현대,더 뉴 싼타페,가솔린 2.5T 2WD,프리미엄 초이스,202103.0,2021,2190.0,147638.0,가솔린,오토,ORIGINAL,일반,2025-03-20 09:14:08.000 +09,인천,(주)시우자동차,132마1008,4,1,1,294.806,110.2576,0,0,
39013320,현대,싼타페 DM,디젤(e-VGT) 2.0 4WD 익스클루시브,(세부등급 없음),201404.0,2015,1260.0,119633.0,디젤,오토,ORIGINAL,일반,2025-03-20 09:14:03.000 +09,충북,JC모터스,59저7925,2,0,4,261.0064,0.0,0,0,
38811202,현대,더 뉴 싼타페,HEV 1.6 2WD,프레스티지,202107.0,2022,2760.0,94968.0,가솔린+전기,오토,ORIGINAL,일반,2025-03-20 09:14:02.000 +09,대전,경동자동차,160마2539,0,0,1,0.0,0.0,0,0,
38399491,현대,더 뉴 싼타페,디젤 2.2 2WD,프리미엄 초이스,202009.0,2021,2670.0,66189.0,디젤,오토,ORIGINAL,일반,2025-03-20 09:14:02.000 +09,경기,에이원모터스,110무9472,0,0,3,0.0,0.0,1,0,
39029073,현대,싼타페 TM,가솔린 2.0T 2WD,인스퍼레이션,201907.0,2020,2490.0,74585.0,가솔린,오토,ORIGINAL,일반,2025-03-20 09:14:02.000 +09,인천,(주)시우자동차,65소6111,0,1,3,0.0,39.122,0,0,
38694419,현대,더 뉴 싼타페,디젤 2.2 4WD,프리미엄,202103.0,2021,1930.0,179015.0,디젤,오토,ORIGINAL,일반,2025-03-20 09:14:02.000 +09,경기,(주)차랑차랑,351너4311,0,0,1,0.0,0.0,1,0,
39227402,현대,싼타페 더 프라임,디젤 2.0 2WD,익스클루시브 스페셜,201602.0,2016,1170.0,172210.0,디젤,오토,ORIGINAL,일반,2025-03-20 09:14:02.000 +09,부산,제이엠모터스,31버0934,1,1,3,182.9877,0.0,0,0,
39213126,현대,더 뉴 싼타페,HEV 1.6 2WD,프레스티지,202108.0,2021,3050.0,60870.0,가솔린+전기,오토,ORIGINAL,일반,2025-03-20 09:14:02.000 +09,경기,오토플러스(주),308러4317,2,0,0,137.7465,0.0,0,0,
39184817,현대,싼타페 TM,가솔린 2.0T 2WD,인스퍼레이션,201904.0,2019,2750.0,35557.0,가솔린,오토,ORIGINAL,일반,2025-03-20 09:14:02.000 +09,경기,주식회사 정도자동차,47서2935,0,0,3,0.0,0.0,0,0,
39232293,현대,싼타페 TM,가솔린 2.0T 2WD,익스클루시브,202001.0,2020,2490.0,29753.0,가솔린,오토,ORIGINAL,일반,2025-03-20 09:14:02.000 +09,인천,(주)시우자동차,258머7936,0,1,1,0.0,48.42,0,0,
38962136,현대,싼타페 TM,디젤 2.0 4WD,프리미엄,201904.0,2019,9980.0,121242.0,디젤,오토,ORIGINAL,일반,2025-03-20 09:14:02.000 +09,충북,(주)더챔,03거1989,0,1,1,0.0,99.3388,0,0,
38725373,현대,싼타페 DM,디젤(e-VGT) 2.0 2WD 프리미엄,,201308.0,2014,950.0,130678.0,디젤,오토,ORIGINAL,일반,2025-03-20 09:13:43.000 +09,대구,대한모터스,18라3965,4,6,2,230.7932,403.1258,0,0,
38937382,현대,싼타페 TM,디젤 2.0 4WD,프리미엄,201901.0,2019,2100.0,96338.0,디젤,오토,ORIGINAL,일반,2025-03-20 09:13:38.000 +09,경남,미소중고차,45보4862,0,0,3,0.0,0.0,0,0,
39084988,현대,더 뉴 싼타페,HEV 1.6 2WD,캘리그래피,202302.0,2023,3790.0,15526.0,가솔린+전기,오토,ORIGINAL,일반,2025-03-20 09:13:31.000 +09,전북,스마일모터스,139라7928,0,0,0,0.0,0.0,0,0,
38811963,현대,싼타페 TM,디젤 2.2 4WD,프레스티지,201911.0,2020,9999.0,74230.0,디젤,오토,ORIGINAL,일반,2025-03-20 09:13:24.000 +09,부산,마이카,222저2762,0,0,2,0.0,0.0,0,0,
39088853,현대,더 뉴 싼타페,디젤 2.2 4WD,익스클루시브,202211.0,2023,2690.0,43365.0,디젤,오토,ORIGINAL,일반,2025-03-20 09:13:14.000 +09,서울,(주)하나카모터스,255조5931,0,1,2,0.0,97.274,1,0,
39150691,현대,싼타페 TM,디젤 2.2 2WD,프레스티지,201911.0,2020,2450.0,48326.0,디젤,오토,ORIGINAL,일반,2025-03-20 09:13:12.000 +09,인천,오토플러스(주),133너6103,1,0,2,37.235,0.0,1,0,
39132953,현대,더 뉴 싼타페,디젤 2.2 4WD,캘리그래피,202302.0,2023,4390.0,20206.0,디젤,오토,ORIGINAL,일반,2025-03-20 09:13:12.000 +09,경기,동아에스엠씨,323도5519,0,0,0,0.0,0.0,0,0,
39118289,현대,싼타페 TM,가솔린 2.0T 2WD,프레스티지,202006.0,2020,2320.0,89838.0,가솔린,오토,ORIGINAL,일반,2025-03-20 09:13:12.000 +09,광주,신한길모터스,182도5726,1,0,1,92.9839,0.0,0,0,
38993384,현대,싼타페 (MX5),HEV 1.6 2WD,프레스티지,202501.0,2025,3164.0,300.0,가솔린+전기,오토,ORIGINAL,렌트,2025-03-20 09:13:12.000 +09,서울,,224하3229,0,0,0,0.0,0.0,0,0,
38694555,현대,더 뉴 싼타페,디젤 2.2 4WD,프리미엄 초이스,202106.0,2021,2180.0,108876.0,디젤,오토,ORIGINAL,일반,2025-03-20 09:13:12.000 +09,부산,오토플러스(주),345라2809,1,0,1,150.5456,0.0,1,0,
38213570,현대,더 뉴 싼타페,디젤 2.2 4WD,프리미엄,202008.0,2021,2500.0,78977.0,디젤,오토,ORIGINAL,일반,2025-03-20 09:13:12.000 +09,인천,올바른자동차,349라6174,0,3,2,0.0,143.1598,1,0,
38922809,현대,싼타페 TM,디젤 2.2 2WD,프레스티지,201907.0,2020,2330.0,46910.0,디젤,오토,ORIGINAL,일반,2025-03-20 09:13:06.000 +09,경기,무결점카모터스,239마8145,0,0,2,0.0,0.0,1,0,
39080276,현대,더 뉴 싼타페,디젤 2.2 2WD,프레스티지,202008.0,2021,2740.0,58247.0,디젤,오토,ORIGINAL,일반,2025-03-20 09:13:02.000 +09,경기,차투차,320러2703,1,0,0,43.46,0.0,0,0,
39011136,현대,더 뉴 싼타페,가솔린 2.5T 4WD,캘리그래피,202305.0,2023,3830.0,6781.0,가솔린,오토,ORIGINAL,일반,2025-03-20 09:13:02.000 +09,경기,제로모터스,168머2438,0,0,1,0.0,0.0,0,0,
39131138,현대,싼타페 DM,디젤(e-VGT) 2.0 2WD 프리미엄,,201405.0,2015,1070.0,156032.0,디젤,오토,ORIGINAL,일반,2025-03-20 09:13:02.000 +09,인천,카카오토,27다2078,1,0,1,26.2508,0.0,0,0,
39248461,현대,싼타페 더 프라임,디젤 2.2 4WD,익스클루시브 스페셜,201509.0,2016,1760.0,73263.0,디젤,오토,ORIGINAL,일반,2025-03-20 09:13:02.000 +09,경기,프로모터스,13나0957,0,0,2,0.0,0.0,0,0,
39238043,현대,싼타페 TM,디젤 2.0 2WD,익스클루시브 스페셜,201905.0,2019,9999.0,237542.0,디젤,오토,ORIGINAL,일반,2025-03-20 09:13:02.000 +09,경기,드림모터스,14누8475,0,0,0,0.0,0.0,0,0,
39035690,현대,싼타페 더 프라임,디젤 2.0 2WD,모던,201601.0,2016,9999.0,83212.0,디젤,오토,ORIGINAL,일반,2025-03-20 09:13:02.000 +09,경기,라인모터스,06머0976,0,0,1,0.0,0.0,0,0,
38965795,현대,싼타페 TM,디젤 2.0 2WD,익스클루시브,201810.0,2019,1920.0,104233.0,디젤,오토,ORIGINAL,일반,2025-03-20 09:13:02.000 +09,경기,(주)유카,23너3740,0,0,1,0.0,0.0,0,0,
39166848,현대,더 뉴 싼타페,디젤 2.2 2WD,캘리그래피,202009.0,2021,3130.0,62000.0,디젤,오토,ORIGINAL,일반,2025-03-20 09:13:02.000 +09,인천,의리차차차,194나2257,0,0,2,0.0,0.0,1,0,
39108918,현대,더 뉴 싼타페,디젤 2.2 2WD,프레스티지,202101.0,2021,2820.0,51607.0,디젤,오토,ORIGINAL,일반,2025-03-20 09:13:02.000 +09,경기,에이원모터스,147너9362,1,0,1,138.032,0.0,0,0,
39087010,현대,싼타페 CM,2WD(2.0 e-VGT) MLX,럭셔리,201207.0,2012,8888.0,129086.0,디젤,오토,ORIGINAL,일반,2025-03-20 09:13:02.000 +09,대구,한마음모터스,24거6978,2,3,1,130.0,329.035,0,0,
38665033,현대,더 뉴 싼타페,HEV 1.6 2WD,프레스티지,202111.0,2022,3380.0,24955.0,가솔린+전기,오토,ORIGINAL,일반,2025-03-20 09:13:02.000 +09,경기,오토플러스(주),143호7166,0,0,0,0.0,0.0,0,0,
39068217,현대,싼타페 더 프라임,디젤 2.0 2WD,익스클루시브,201604.0,2016,1320.0,160724.0,디젤,오토,ORIGINAL,일반,2025-03-20 09:13:02.000 +09,경기,라온모터스,53조0279,2,0,1,97.266,0.0,0,0,
38580932,현대,싼타페 TM,디젤 2.0 2WD,익스클루시브,201906.0,2020,2089.0,78261.0,디젤,오토,ORIGINAL,일반,2025-03-20 09:13:02.000 +09,대구,삼일자동차상사,24머7814,0,0,1,0.0,0.0,0,0,
39103209,현대,더 뉴 싼타페,가솔린 2.5T 2WD,캘리그래피,202101.0,2021,3090.0,57271.0,가솔린,오토,ORIGINAL,일반,2025-03-20 09:13:02.000 +09,전북,(주)유카,270더5603,0,0,0,0.0,0.0,0,0,
39099327,현대,싼타페 TM,디젤 2.0 2WD,인스퍼레이션,201810.0,2019,2440.0,78129.0,디젤,오토,ORIGINAL,일반,2025-03-20 09:13:02.000 +09,경기,차투차,06오6072,1,0,1,0.0,0.0,0,0,
39215116,현대,더 뉴 싼타페,HEV 1.6 2WD,캘리그래피,202301.0,2023,3740.0,19019.0,가솔린+전기,오토,ORIGINAL,일반,2025-03-20 09:13:02.000 +09,경기,(주)유카,321노9153,0,2,1,0.0,140.5231,0,0,
39221091,현대,싼타페 TM,디젤 2.2 2WD,프레스티지,201808.0,2019,2420.0,69025.0,디젤,오토,ORIGINAL,일반,2025-03-20 09:12:47.000 +09,부산,(주) 하이브모터스,64오8520,0,0,1,0.0,0.0,0,0,
38899728,현대,더 뉴 싼타페,디젤 2.2 2WD,프레스티지,202210.0,2023,2640.0,89288.0,디젤,오토,ORIGINAL,일반,2025-03-20 09:12:41.000 +09,경기,신수원자동차,209더7442,0,0,3,0.0,0.0,0,0,
38821621,현대,싼타페 더 프라임,디젤 2.0 2WD,프리미엄,201506.0,2016,1210.0,113527.0,디젤,오토,ORIGINAL,일반,2025-03-20 09:12:31.000 +09,경기,천마상사,11무6261,2,6,0,170.622,1221.3241,0,0,
38416003,현대,싼타페 TM,가솔린 2.0T 2WD,프레스티지,202002.0,2020,2590.0,38471.0,가솔린,오토,ORIGINAL,일반,2025-03-20 09:12:13.000 +09,서울,(주)에스에이치모터,385수9602,3,4,1,535.7105,205.1606,0,0,
39255760,현대,싼타페 더 프라임,디젤 2.0 2WD,익스클루시브,201610.0,2017,1440.0,129872.0,디젤,오토,ORIGINAL,일반,2025-03-20 09:12:13.000 +09,경남,굿카,09라0127,4,0,3,412.4299,0.0,0,0,
39245301,현대,싼타페 더 프라임,디젤 2.0 2WD,익스클루시브,201612.0,2017,1250.0,128533.0,디젤,오토,ORIGINAL,일반,2025-03-20 09:12:13.000 +09,대구,다온모터스,57더0233,2,2,0,925.009,426.8334,0,0,
39167729,현대,싼타페 더 프라임,디젤 2.0 2WD,밸류 플러스,201705.0,2018,1240.0,185494.0,디젤,오토,ORIGINAL,일반,2025-03-20 09:12:13.000 +09,인천,조은자동차매매상사,49마9301,3,1,3,607.6886,100.0,0,0,
38657195,현대,싼타페 더 프라임,디젤 2.0 2WD,프리미엄,201606.0,2016,1190.0,167451.0,디젤,오토,ORIGINAL,일반,2025-03-20 09:12:13.000 +09,대구,다사모터스,64도0313,0,2,3,0.0,113.101,0,0,
39083025,현대,싼타페 (MX5),HEV 1.6 2WD,프레스티지,202402.0,2024,4280.0,12083.0,가솔린+전기,오토,ORIGINAL,일반,2025-03-20 09:12:13.000 +09,서울,킹모터스,113주4288,0,0,0,0.0,0.0,0,0,
39048276,현대,싼타페 (MX5),HEV 1.6 2WD,프레스티지 플러스,202411.0,2025,9999.0,3231.0,가솔린+전기,오토,ORIGINAL,일반,2025-03-20 09:12:13.000 +09,경기,(주)준모터스,334우4587,0,0,0,0.0,0.0,0,0,
39032716,현대,싼타페 TM,디젤 2.0 2WD,익스클루시브,201908.0,2020,1790.0,89374.0,디젤,오토,ORIGINAL,일반,2025-03-20 09:12:13.000 +09,부산,(주)엠에스모터스,68저1532,3,1,1,1239.5781,101.187,0,0,
39163520,현대,싼타페 (MX5),HEV 1.6 2WD,캘리그래피,202502.0,2025,5090.0,22.0,가솔린+전기,오토,ORIGINAL,일반,2025-03-20 09:12:13.000 +09,대구,M모터스,183주4306,0,0,0,0.0,0.0,0,0,
39137103,현대,싼타페 TM,가솔린 2.0T 4WD,인스퍼레이션,201911.0,2020,2550.0,90894.0,가솔린,오토,ORIGINAL,일반,2025-03-20 09:12:13.000 +09,서울,더쿨모터스,352저1917,0,0,1,0.0,0.0,0,0,
39208626,현대,싼타페 CM,2WD(2.0 e-VGT) MLX,럭셔리,200909.0,2010,380.0,366288.0,디젤,오토,ORIGINAL,일반,2025-03-20 09:12:11.000 +09,경남,중고차는 정대리,53다6565,1,1,4,42.784,27.371,1,0,
38943940,현대,싼타페 더 프라임,디젤 2.0 2WD,스마트,201701.0,2017,1250.0,120950.0,디젤,오토,ORIGINAL,일반,2025-03-20 09:12:09.000 +09,서울,을지자동차,63다5386,0,0,1,0.0,0.0,0,0,
39194993,현대,싼타페 TM,디젤 2.2 2WD,익스클루시브,201910.0,2020,1940.0,91604.0,디젤,오토,ORIGINAL,일반,2025-03-20 09:12:03.000 +09,부산,스마일 모터스,105구7111,0,0,1,0.0,0.0,0,0,
39261800,현대,싼타페 TM,가솔린 2.0T 2WD,프레스티지,202003.0,2020,2350.0,62137.0,가솔린,오토,ORIGINAL,일반,2025-03-20 09:12:03.000 +09,인천,미래모터스,299나6145,2,1,1,1123.5527,67.5913,0,0,
38740107,현대,더 뉴 싼타페,디젤 2.2 2WD,프리미엄 초이스,202011.0,2021,2189.0,109820.0,디젤,오토,ORIGINAL,일반,2025-03-20 09:12:03.000 +09,충남,해피카,152로1173,0,0,3,0.0,0.0,1,0,
38664739,현대,싼타페 CM,2WD(2.0 e-VGT) MLX,럭셔리,201103.0,2011,490.0,154232.0,디젤,오토,ORIGINAL,일반,2025-03-20 09:12:03.000 +09,대전,세종자동차,68나3618,3,0,2,273.1548,0.0,0,0,
38957442,현대,싼타페 TM,디젤 2.0 2WD,프레스티지,201910.0,2020,2390.0,84337.0,디젤,오토,ORIGINAL,일반,2025-03-20 09:12:03.000 +09,서울,(주)하이마이카,151두5631,1,0,0,139.59,0.0,0,0,
38914970,현대,싼타페 TM,가솔린 2.0T 2WD,프레스티지,201909.0,2020,2390.0,74327.0,가솔린,오토,ORIGINAL,일반,2025-03-20 09:12:03.000 +09,인천,오토플러스(주),386노9949,0,0,3,0.0,0.0,0,0,
39263997,현대,싼타페 더 프라임,디젤 2.0 2WD,프리미엄,201510.0,2016,1420.0,69031.0,디젤,오토,ORIGINAL,일반,2025-03-20 09:11:42.000 +09,경기,GD Car,14무0626,3,4,0,406.693,420.56,0,0,
39138588,현대,싼타페 더 프라임,디젤 2.0 2WD,프리미엄,201608.0,2016,1290.0,123565.0,디젤,오토,ORIGINAL,일반,2025-03-20 09:11:19.000 +09,부산,(주)차순이모터스,28보0276,1,1,1,98.685,27.064,0,0,
39057163,현대,싼타페 DM,디젤(e-VGT) 2.0 2WD 프리미엄,,201302.0,2013,1198.0,73953.0,디젤,오토,ORIGINAL,일반,2025-03-20 09:11:14.000 +09,경기,클린오토,69어1069,1,1,0,77.2576,159.6781,0,0,
39226923,현대,싼타페 DM,디젤(e-VGT) 2.0 2WD 프리미엄,,201304.0,2013,959.0,137538.0,디젤,오토,ORIGINAL,일반,2025-03-20 09:11:13.000 +09,경기,(주)디에이치모터스,57너9690,3,1,7,158.3769,39.893,0,0,
39204242,현대,싼타페 DM,디젤(e-VGT) 2.0 2WD 스마트,,201301.0,2013,1169.0,46663.0,디젤,오토,ORIGINAL,일반,2025-03-20 09:11:12.000 +09,경기,(주)디에이치모터스,19로9871,1,1,1,63.896,86.036,0,0,
39152579,현대,싼타페 TM,디젤 2.0 2WD,프레스티지,201908.0,2020,1849.0,132298.0,디젤,오토,ORIGINAL,일반,2025-03-20 09:11:11.000 +09,경기,(주)디에이치모터스,40서4382,3,1,1,506.8657,207.55,0,0,
38516712,현대,싼타페 TM,가솔린 2.0T 2WD,프레스티지,201911.0,2020,2000.0,114436.0,가솔린,오토,ORIGINAL,일반,2025-03-20 09:11:09.000 +09,경기,최강모터스,372고5592,0,0,1,0.0,0.0,0,0,
38157542,현대,더 뉴 싼타페,디젤 2.2 2WD,캘리그래피,202008.0,2021,3390.0,59829.0,디젤,오토,ORIGINAL,일반,2025-03-20 09:11:09.000 +09,부산,모차본점,165더9064,1,2,1,103.72,236.628,1,0,
38776723,현대,더 뉴 싼타페,디젤 2.2 2WD,캘리그래피,202212.0,2023,3550.0,38505.0,디젤,오토,ORIGINAL,일반,2025-03-20 09:11:09.000 +09,경기,세모카,130루3466,1,1,1,72.7125,257.7044,0,0,
38657291,현대,더 뉴 싼타페,디젤 2.2 2WD,프레스티지,202008.0,2021,2770.0,35709.0,디젤,오토,ORIGINAL,일반,2025-03-20 09:11:09.000 +09,경기,벧엘자동차2,257너9122,0,0,1,0.0,0.0,0,0,
38569971,현대,더 뉴 싼타페,디젤 2.2 4WD,프레스티지,202203.0,2022,2249.0,176321.0,디젤,오토,ORIGINAL,일반,2025-03-20 09:11:09.000 +09,경기,블루오토,192거8945,1,2,1,45.745,231.8065,0,0,
38519934,현대,더 뉴 싼타페,디젤 2.2 2WD,캘리그래피,202009.0,2021,2939.0,79242.0,디젤,오토,ORIGINAL,일반,2025-03-20 09:11:09.000 +09,인천,JP모터스,143모9581,0,1,1,0.0,81.892,0,0,
38352028,현대,더 뉴 싼타페,가솔린 2.5T 4WD,캘리그래피,202212.0,2023,3540.0,26941.0,가솔린,오토,ORIGINAL,일반,2025-03-20 09:11:09.000 +09,경기,엠케이모터스,119모7287,0,0,2,0.0,0.0,0,0,
39178098,현대,더 뉴 싼타페,디젤 2.2 4WD,캘리그래피,202009.0,2021,2630.0,117898.0,디젤,오토,ORIGINAL,일반,2025-03-20 09:11:09.000 +09,경기,제이디모터스,260도6365,4,2,0,1621.5154,76.5009,0,0,
38980127,현대,싼타페 (MX5),HEV 1.6 2WD,캘리그래피,202402.0,2024,5890.0,72.0,가솔린+전기,오토,ORIGINAL,일반,2025-03-20 09:11:09.000 +09,경기,(주)엠모터스,316두2908,0,0,1,0.0,0.0,1,0,
39245456,현대,싼타페 TM,디젤 2.0 2WD,프리미엄,201804.0,2019,1950.0,81100.0,디젤,오토,ORIGINAL,일반,2025-03-20 09:11:02.000 +09,경기,(주)왕카,07보7216,0,1,3,0.0,37.9771,0,0,
39246552,현대,싼타페 TM,가솔린 2.0T 2WD,익스클루시브,201908.0,2020,1860.0,133180.0,가솔린,오토,ORIGINAL,일반,2025-03-20 09:11:02.000 +09,경기,마니카,55머8768,3,2,0,210.5219,1209.4182,0,0,
39243854,현대,싼타페 TM,가솔린 2.0T 2WD,프리미엄,201911.0,2020,1930.0,40520.0,가솔린,오토,ORIGINAL,일반,2025-03-20 09:11:02.000 +09,경기,MS모터스,358노3487,1,1,2,250.3825,65.1707,0,0,
39234172,현대,싼타페 TM,디젤 2.0 2WD,익스클루시브,202001.0,2020,1980.0,85596.0,디젤,오토,ORIGINAL,일반,2025-03-20 09:11:02.000 +09,경기,코오롱모빌리티 김포,159하1898,5,1,0,399.7188,97.8,0,0,
39177123,현대,더 뉴 싼타페,가솔린 2.5T 2WD,프레스티지,202012.0,2021,2790.0,38713.0,가솔린,오토,ORIGINAL,일반,2025-03-20 09:11:02.000 +09,인천,자동차1번지,278소8968,1,0,1,272.83,0.0,0,0,
38786023,현대,싼타페 CM,2WD(2.0 e-VGT) CLX,디럭스,200912.0,2010,480.0,143705.0,디젤,오토,ORIGINAL,일반,2025-03-20 09:11:02.000 +09,광주,신한길모터스,50로4629,2,0,3,131.2745,0.0,0,0,
39060397,현대,싼타페 (MX5),HEV 1.6 2WD,프레스티지 플러스,202412.0,2025,3702.0,5000.0,가솔린+전기,오토,ORIGINAL,렌트,2025-03-20 09:11:02.000 +09,인천,,200하9663,0,0,0,0.0,0.0,0,0,
38713755,현대,더 뉴 싼타페,디젤 2.2 2WD,프레스티지,202008.0,2021,2270.0,117494.0,디젤,오토,ORIGINAL,일반,2025-03-20 09:11:02.000 +09,인천,JP모터스,152주5818,0,0,4,0.0,0.0,0,0,
38546385,현대,더 뉴 싼타페,디젤 2.2 2WD,익스클루시브,202211.0,2023,2820.0,23416.0,디젤,오토,ORIGINAL,일반,2025-03-20 09:11:02.000 +09,경기,에이원모터스,146어7369,0,0,1,0.0,0.0,0,0,
38817529,현대,더 뉴 싼타페,디젤 2.2 4WD,캘리그래피,202212.0,2023,3789.0,25008.0,디젤,오토,ORIGINAL,일반,2025-03-20 09:11:02.000 +09,경기,주식회사 설레임 오토모티브,176서1090,0,1,0,0.0,105.102,0,0,
38642234,현대,더 뉴 싼타페,디젤 2.2 2WD,프레스티지,202011.0,2021,2970.0,50145.0,디젤,오토,ORIGINAL,일반,2025-03-20 09:11:02.000 +09,경기,에이원모터스,304수9684,0,0,1,0.0,0.0,1,0,
38414932,현대,싼타페 TM,가솔린 2.0T 2WD,인스퍼레이션,201909.0,2020,2899.0,21176.0,가솔린,오토,ORIGINAL,일반,2025-03-20 09:11:02.000 +09,서울,태광티에프,209노5394,1,0,2,178.884,0.0,1,0,
38475801,현대,더 뉴 싼타페,디젤 2.2 2WD,프리미엄,202109.0,2021,2720.0,39574.0,디젤,오토,ORIGINAL,일반,2025-03-20 09:11:02.000 +09,경기,에이원모터스,175루6676,0,0,1,0.0,0.0,1,0,
38582794,현대,더 뉴 싼타페,디젤 2.2 2WD,캘리그래피,202008.0,2021,3190.0,35393.0,디젤,오토,ORIGINAL,일반,2025-03-20 09:10:59.000 +09,부산,(주)조은국민카,356주7496,0,1,0,0.0,220.0,0,0,
38563779,현대,더 뉴 싼타페,디젤 2.2 2WD,캘리그래피,202011.0,2021,2380.0,106187.0,디젤,오토,ORIGINAL,일반,2025-03-20 09:10:50.000 +09,경기,모터라인,103너5245,1,2,0,78.4928,1663.377,0,0,
39147180,현대,싼타페 CM,2WD(2.0 e-VGT) MLX,럭셔리,200912.0,2010,450.0,155822.0,디젤,오토,ORIGINAL,일반,2025-03-20 09:10:32.000 +09,경기,통일자동차매매상사,36모8485,3,1,2,236.0203,36.088,0,0,
39155313,현대,더 뉴 싼타페,가솔린 2.5T 2WD,프레스티지,202204.0,2022,2870.0,17856.0,가솔린,오토,ORIGINAL,일반,2025-03-20 09:10:30.000 +09,경기,(주)오토빌리지,209더8255,0,0,1,0.0,0.0,0,0,
39247596,현대,싼타페 TM,디젤 2.0 2WD,인스퍼레이션,202002.0,2020,2300.0,128960.0,디젤,오토,ORIGINAL,일반,2025-03-20 09:10:27.000 +09,경기,오토허브셀카,315러1958,2,0,1,179.6179,0.0,0,0,
39213460,현대,싼타페 DM,디젤(e-VGT) 2.0 2WD 모던,,201406.0,2015,1055.0,114063.0,디젤,오토,ORIGINAL,일반,2025-03-20 09:10:16.000 +09,충북,서청주자동차매매상사,13너4015,1,1,1,50.0,118.2508,1,0,
39190455,현대,싼타페 DM,디젤(e-VGT) 2.2 4WD 프리미엄,,201303.0,2013,1140.0,124934.0,디젤,오토,ORIGINAL,일반,2025-03-20 09:10:16.000 +09,충북,서청주자동차매매상사,12거6728,3,3,1,143.3625,262.4209,0,0,
39081343,현대,싼타페 더 프라임,디젤 2.2 2WD,익스클루시브 스페셜,201508.0,2016,1430.0,105810.0,디젤,오토,ORIGINAL,일반,2025-03-20 09:10:15.000 +09,경기,라온모터스,11부2979,0,0,2,0.0,0.0,0,0,
38546930,현대,더 뉴 싼타페,디젤 2.2 4WD,프리미엄,202104.0,2021,2920.0,64872.0,디젤,오토,ORIGINAL,일반,2025-03-20 09:10:15.000 +09,경기,에이원모터스,205다2565,1,0,1,123.25,0.0,1,0,
38799119,현대,더 뉴 싼타페,디젤 2.2 4WD,프리미엄 초이스,202012.0,2021,2970.0,73400.0,디젤,오토,ORIGINAL,일반,2025-03-20 09:10:15.000 +09,경기,에이원모터스,130더8975,0,0,1,0.0,0.0,1,0,
38960275,현대,싼타페 DM,디젤(e-VGT) 2.0 2WD 익스클루시브,스페셜,201401.0,2014,1250.0,120918.0,디젤,오토,ORIGINAL,일반,2025-03-20 09:10:06.000 +09,제주,대신오토링크,41고7244,3,1,1,195.3117,204.312,1,0,
39127611,현대,싼타페 TM,디젤 2.0 4WD,인스퍼레이션,201912.0,2020,1990.0,172818.0,디젤,오토,ORIGINAL,일반,2025-03-20 09:10:05.000 +09,인천,굿카대표,324버5366,1,1,1,159.1729,62.383,0,0,
39234323,현대,싼타페 TM,가솔린 2.0T 2WD,익스클루시브,201907.0,2020,2490.0,62262.0,가솔린,오토,ORIGINAL,일반,2025-03-20 09:10:05.000 +09,경기,명문자동차,05부1886,0,0,1,0.0,0.0,0,0,
39179670,현대,더 뉴 싼타페,디젤 2.2 2WD,프리미엄 초이스,202103.0,2021,2590.0,51873.0,디젤,오토,ORIGINAL,일반,2025-03-20 09:10:05.000 +09,경기,명문자동차,257모5533,0,0,1,0.0,0.0,1,0,
39093610,현대,싼타페 TM,가솔린 2.0T 2WD,익스클루시브,202001.0,2020,2000.0,115770.0,가솔린,오토,ORIGINAL,일반,2025-03-20 09:10:05.000 +09,대구,대성자동차상사,253우6968,0,0,0,0.0,0.0,0,0,
38933677,현대,싼타페 TM,디젤 2.2 2WD,인스퍼레이션,201809.0,2019,2890.0,31757.0,디젤,오토,ORIGINAL,일반,2025-03-20 09:10:05.000 +09,경기,명문자동차,52우4280,1,0,1,50.837,0.0,0,0,
38667243,현대,싼타페 TM,디젤 2.2 4WD,프레스티지,201912.0,2020,2200.0,128756.0,디젤,오토,ORIGINAL,일반,2025-03-20 09:10:05.000 +09,경기,주식회사 현대상사,180저9376,0,0,3,0.0,0.0,0,0,
38573106,현대,싼타페 TM,디젤 2.0 2WD,익스클루시브,201812.0,2019,2170.0,73892.0,디젤,오토,ORIGINAL,일반,2025-03-20 09:10:05.000 +09,제주,대신오토링크,41노2993,3,0,1,408.4278,0.0,0,0,
39172049,현대,싼타페 TM,가솔린 2.0T 4WD,인스퍼레이션,201807.0,2019,2480.0,90475.0,가솔린,오토,ORIGINAL,일반,2025-03-20 09:10:05.000 +09,제주,대신오토링크,06두3756,3,1,1,296.3634,66.909,0,0,
38998717,현대,싼타페 TM,디젤 2.2 4WD,프레스티지,201805.0,2019,2470.0,82945.0,디젤,오토,ORIGINAL,일반,2025-03-20 09:10:04.000 +09,제주,대신오토링크,12러6643,1,0,4,164.3733,0.0,0,0,
39224805,현대,싼타페 더 프라임,디젤 2.0 2WD,프리미엄,201703.0,2018,1590.0,79822.0,디젤,오토,ORIGINAL,일반,2025-03-20 09:10:04.000 +09,제주,대신오토링크,06오2280,2,2,3,139.2478,138.95,0,0,
39118547,현대,싼타페 TM,디젤 2.2 4WD,프레스티지,201803.0,2019,2490.0,71670.0,디젤,오토,ORIGINAL,일반,2025-03-20 09:10:04.000 +09,인천,뉴정우모터스,65라2375,2,2,1,148.137,174.965,0,0,
38677449,현대,싼타페 TM,디젤 2.2 2WD,프레스티지,201810.0,2019,2099.0,92184.0,디젤,오토,ORIGINAL,일반,2025-03-20 09:10:04.000 +09,경기,주식회사 씨피오토모티브,31다6110,1,1,3,112.3339,65.9898,0,0,
38615770,현대,싼타페 TM,디젤 2.2 4WD,프레스티지,201805.0,2019,2470.0,63347.0,디젤,오토,ORIGINAL,일반,2025-03-20 09:10:04.000 +09,인천,에이치투모터스,17거7110,0,0,2,0.0,0.0,0,0,
38919917,현대,더 뉴 싼타페,HEV 1.6 2WD,프레스티지 초이스,202301.0,2023,3040.0,39418.0,가솔린+전기,오토,ORIGINAL,일반,2025-03-20 09:10:04.000 +09,경기,가은모터스,126주7615,4,1,0,1407.035,29.815,0,0,0.0
38884935,현대,싼타페 DM,디젤(e-VGT) 2.0 2WD 프리미엄,,201406.0,2015,1190.0,64397.0,디젤,오토,ORIGINAL,일반,2025-03-20 09:10:04.000 +09,경기,153 모터스,66두5866,2,0,2,305.569,0.0,0,0,
38793729,현대,더 뉴 싼타페,디젤 2.2 4WD,프리미엄,202102.0,2021,2870.0,78507.0,디젤,오토,ORIGINAL,일반,2025-03-20 09:10:04.000 +09,경기,에이원모터스,130더8939,0,0,1,0.0,0.0,1,0,
38712002,현대,싼타페 TM,디젤 2.2 2WD,익스클루시브,201807.0,2019,1820.0,132377.0,디젤,오토,ORIGINAL,일반,2025-03-20 09:10:04.000 +09,인천,착한중고차,29머6006,0,2,1,0.0,187.5528,0,0,
39067380,현대,싼타페 더 프라임,디젤 2.0 2WD,모던,201603.0,2016,9999.0,165042.0,디젤,오토,ORIGINAL,일반,2025-03-20 09:10:04.000 +09,경기,좋은자동차,33고0797,0,0,1,0.0,0.0,0,0,
39052874,현대,싼타페 더 프라임,디젤 2.0 2WD,익스클루시브,201506.0,2016,1150.0,146353.0,디젤,오토,ORIGINAL,일반,2025-03-20 09:10:04.000 +09,경기,현대모터스,07누6724,1,0,2,766.3648,0.0,0,0,
39058424,현대,싼타페 더 프라임,디젤 2.0 2WD,익스클루시브,201511.0,2016,1170.0,141716.0,디젤,오토,ORIGINAL,일반,2025-03-20 09:10:04.000 +09,경기,코리아모터스,54노3214,2,1,0,393.9244,176.355,0,0,
39059490,현대,더 뉴 싼타페,디젤 2.2 2WD,프리미엄 초이스,202008.0,2021,2490.0,75302.0,디젤,오토,ORIGINAL,일반,2025-03-20 09:10:04.000 +09,인천,(주)시우자동차,138거9081,0,0,1,0.0,0.0,0,0,
39048001,현대,더 뉴 싼타페,가솔린 2.5T 2WD,익스클루시브,202302.0,2023,2890.0,19827.0,가솔린,오토,ORIGINAL,일반,2025-03-20 09:10:04.000 +09,인천,(주)시우자동차,153모2217,0,0,0,0.0,0.0,0,0,
38656892,현대,싼타페 (MX5),가솔린 2.5T 4WD,캘리그래피,202310.0,2024,9999.0,13209.0,가솔린,오토,ORIGINAL,일반,2025-03-20 09:10:04.000 +09,경기,수성자동차,155우7038,0,0,0,0.0,0.0,0,0,
38566492,현대,싼타페 TM,디젤 2.0 2WD,프레스티지,201808.0,2019,1920.0,121455.0,디젤,오토,ORIGINAL,일반,2025-03-20 09:10:04.000 +09,경기,주)엘케이모터스,11거2336,1,0,1,141.9613,0.0,0,0,
39149213,현대,싼타페 TM,디젤 2.2 4WD,인스퍼레이션,201810.0,2019,2740.0,49603.0,디젤,오토,ORIGINAL,일반,2025-03-20 09:10:04.000 +09,인천,오토피아,45마1106,1,0,1,241.1284,0.0,0,0,
39254242,현대,싼타페 TM,디젤 2.2 4WD,프레스티지,201807.0,2019,2350.0,130912.0,디젤,오토,ORIGINAL,일반,2025-03-20 09:10:04.000 +09,서울,(주)오토스토리,24누1225,0,0,1,0.0,0.0,0,0,
39240416,현대,더 뉴 싼타페,디젤 2.2 2WD,프리미엄 초이스,202107.0,2021,2520.0,66225.0,디젤,오토,ORIGINAL,일반,2025-03-20 09:10:04.000 +09,경기,롯데렌탈주식회사,212마9898,0,0,0,0.0,0.0,1,0,
38583301,현대,더 뉴 싼타페,디젤 2.2 2WD,프레스티지,202205.0,2022,2850.0,42084.0,디젤,오토,ORIGINAL,일반,2025-03-20 09:09:43.000 +09,대전,베스트모터스,324두2134,0,1,1,0.0,75.8189,1,0,
39009397,현대,싼타페 TM,디젤 2.2 2WD,프레스티지,201901.0,2019,2599.0,56029.0,디젤,오토,ORIGINAL,일반,2025-03-20 09:09:27.000 +09,울산,에덴자동차매매상사,25누5881,0,1,3,0.0,44.0258,0,0,
39119931,현대,더 뉴 싼타페,디젤 2.2 2WD,익스클루시브,202302.0,2023,2930.0,22375.0,디젤,오토,ORIGINAL,일반,2025-03-20 09:09:26.000 +09,대구,두리오토,182모2483,0,0,0,0.0,0.0,0,0,
39104355,현대,더 뉴 싼타페,가솔린 2.5T 2WD,프레스티지,202104.0,2021,3010.0,44093.0,가솔린,오토,ORIGINAL,일반,2025-03-20 09:09:26.000 +09,부산,바론카,162우1453,1,0,3,70.8325,0.0,1,0,
38991078,현대,더 뉴 싼타페,HEV 1.6 2WD,캘리그래피,202302.0,2320,3680.0,35431.0,가솔린+전기,오토,ORIGINAL,일반,2025-03-20 09:09:26.000 +09,울산,에덴자동차매매상사,228소2426,0,0,0,0.0,0.0,0,0,
38301422,현대,더 뉴 싼타페,가솔린 2.5T 2WD,프레스티지 초이스,202305.0,2023,3190.0,17845.0,가솔린,오토,ORIGINAL,일반,2025-03-20 09:09:26.000 +09,부산,바론카,108주5765,1,0,1,102.1866,0.0,0,0,
39102108,현대,더 뉴 싼타페,디젤 2.2 2WD,프레스티지,202007.0,2021,2930.0,45998.0,디젤,오토,ORIGINAL,일반,2025-03-20 09:09:25.000 +09,울산,에덴자동차매매상사,257나4397,0,0,1,0.0,0.0,0,0,
38950338,현대,더 뉴 싼타페,디젤 2.2 2WD,캘리그래피,202008.0,2021,2950.0,46757.0,디젤,오토,ORIGINAL,일반,2025-03-20 09:09:11.000 +09,경기,(주)오토매치,161두2323,2,1,0,418.0119,204.1816,0,0,
38749840,현대,싼타페 TM,디젤 2.0 2WD,프레스티지,202005.0,2020,2090.0,122935.0,디젤,오토,ORIGINAL,일반,2025-03-20 09:09:11.000 +09,울산,뉴MJ모터스,151버3753,1,0,0,377.795,0.0,0,0,
38477583,현대,더 뉴 싼타페,HEV 1.6 2WD,캘리그래피,202307.0,2023,3650.0,53542.0,가솔린+전기,오토,ORIGINAL,일반,2025-03-20 09:09:11.000 +09,경기,(주)KM모터스,386부8301,0,0,3,0.0,0.0,1,0,
39041631,현대,싼타페 TM,가솔린 2.0T 2WD,익스클루시브,202002.0,2020,1990.0,101790.0,가솔린,오토,ORIGINAL,일반,2025-03-20 09:09:09.000 +09,경기,The중고차,261노7578,0,0,6,0.0,0.0,1,0,
38997592,현대,더 뉴 싼타페,디젤 2.2 2WD,프레스티지,202012.0,2021,2799.0,44267.0,디젤,오토,ORIGINAL,일반,2025-03-20 09:09:03.000 +09,대구,M월드 청춘모터스,104오7151,1,2,1,83.2441,113.8019,1,0,
38965728,현대,싼타페 더 프라임,디젤 2.0 4WD,프리미엄,201506.0,2016,1090.0,190907.0,디젤,오토,ORIGINAL,일반,2025-03-20 09:09:03.000 +09,인천,착한중고차,61마8864,2,1,1,681.712,48.9047,0,0,
38990458,현대,더 뉴 싼타페,디젤 2.2 2WD,캘리그래피,202012.0,2021,2620.0,84622.0,디젤,오토,ORIGINAL,일반,2025-03-20 09:09:03.000 +09,인천,착한중고차,271루5864,1,0,1,346.682,0.0,0,0,
39000082,현대,더 뉴 싼타페,디젤 2.2 2WD,프레스티지,202007.0,2021,3190.0,49760.0,디젤,오토,ORIGINAL,일반,2025-03-20 09:09:03.000 +09,대구,프라임모터스대표,290머2373,0,0,0,0.0,0.0,0,0,
39000142,현대,더 뉴 싼타페,가솔린 2.5T 2WD,프레스티지,202104.0,2021,2220.0,141035.0,가솔린,오토,ORIGINAL,일반,2025-03-20 09:09:03.000 +09,경기,(주)왕카,179머9727,0,0,0,0.0,0.0,0,0,
39159311,현대,더 뉴 싼타페,디젤 2.2 4WD,프레스티지,202008.0,2021,2980.0,75487.0,디젤,오토,ORIGINAL,일반,2025-03-20 09:09:03.000 +09,충북,더챔,142러2836,2,2,1,160.6279,64.4386,0,0,
39107430,현대,싼타페 (MX5),가솔린 2.5T 2WD,캘리그래피,202404.0,2024,4050.0,23610.0,가솔린,오토,ORIGINAL,일반,2025-03-20 09:09:03.000 +09,경기,(주)준모터스,108나1381,1,0,1,77.0,0.0,0,0,
39095091,현대,싼타페 더 프라임,디젤 2.0 2WD,모던,201509.0,2016,1159.0,126965.0,디젤,오토,ORIGINAL,일반,2025-03-20 09:09:03.000 +09,경기,주식회사 디엘모터스,11서1812,5,1,2,285.6101,137.16,0,0,
39135403,현대,싼타페 DM,디젤(e-VGT) 2.0 2WD 익스클루시브,스페셜,201501.0,2015,1490.0,78076.0,디젤,오토,ORIGINAL,일반,2025-03-20 09:09:03.000 +09,경기,퍼펙트카,32저2542,1,2,1,45.6384,143.364,0,0,
39244440,현대,싼타페 더 프라임,디젤 2.0 4WD,익스클루시브 스페셜,201510.0,2016,1520.0,97558.0,디젤,오토,ORIGINAL,일반,2025-03-20 09:09:03.000 +09,인천,(주)시우자동차,43마0882,0,0,3,0.0,0.0,0,0,
39261747,현대,더 뉴 싼타페,디젤 2.2 4WD,프리미엄,202106.0,2021,2690.0,79612.0,디젤,오토,ORIGINAL,일반,2025-03-20 09:09:03.000 +09,대전,경동자동차,212누6847,1,0,1,65.7721,0.0,1,0,
39062387,현대,더 뉴 싼타페,디젤 2.2 2WD,프레스티지,202305.0,2023,3170.0,16847.0,디젤,오토,ORIGINAL,일반,2025-03-20 09:09:03.000 +09,경기,카스토리,208머4136,0,0,1,0.0,0.0,0,0,
39225279,현대,싼타페 TM,가솔린 2.0T 2WD,인스퍼레이션,202005.0,2020,2950.0,37445.0,가솔린,오토,ORIGINAL,일반,2025-03-20 09:09:03.000 +09,경기,아이오토,335저6034,0,0,0,0.0,0.0,0,0,
39043524,현대,싼타페 TM,디젤 2.0 2WD,익스클루시브 스페셜,201812.0,2019,2320.0,41751.0,디젤,오토,ORIGINAL,일반,2025-03-20 09:09:03.000 +09,경기,카스토리,47수3927,1,1,1,66.229,115.556,0,0,
38282863,현대,싼타페 TM,디젤 2.0 2WD,익스클루시브,201907.0,2020,1950.0,79229.0,디젤,오토,ORIGINAL,일반,2025-03-20 09:09:00.000 +09,울산,엠피크,358보1956,1,0,2,178.3431,0.0,1,0,
39244999,현대,싼타페 더 프라임,디젤 2.0 2WD,밸류 플러스,201801.0,2018,1380.0,144589.0,디젤,오토,ORIGINAL,일반,2025-03-20 09:08:39.000 +09,울산,(주)나인모터스,68구1202,2,2,1,145.2578,111.6237,0,0,
39112568,현대,더 뉴 싼타페,디젤 2.2 2WD,프레스티지,202112.0,2021,2369.0,110007.0,디젤,오토,ORIGINAL,일반,2025-03-20 09:08:38.000 +09,경기,퍼스트다이렉트중고차,182하9995,0,0,0,0.0,0.0,0,0,
39128558,현대,더 뉴 싼타페,디젤 2.2 2WD,프레스티지,202112.0,2021,54.0,110007.0,디젤,오토,ORIGINAL,리스,2025-03-20 09:08:37.000 +09,경기,퍼스트다이렉트중고차,182하9995,0,0,0,0.0,0.0,0,0,
39248294,현대,싼타페 더 프라임,디젤 2.0 2WD,밸류 플러스,201702.0,2018,1550.0,147990.0,디젤,오토,ORIGINAL,일반,2025-03-20 09:08:32.000 +09,경기,명문자동차,07다3052,1,1,0,113.159,49.54,0,0,
39270188,현대,싼타페 CM,2WD(2.0 e-VGT) MLX,럭셔리,201106.0,2011,9999.0,145608.0,디젤,오토,ORIGINAL,일반,2025-03-20 09:08:11.000 +09,경기,오뚜기자동차,15조5132,3,1,0,223.7272,272.56,0,0,
37579957,현대,싼타페 CM,2WD(2.0VGT) MLX,고급형,200904.0,2009,480.0,158455.0,디젤,오토,ORIGINAL,일반,2025-03-20 09:08:09.000 +09,경기,(주)세기자동차,127구7156,2,3,1,63.9319,282.6003,1,0,
38772666,현대,더 뉴 싼타페,가솔린 2.5T 4WD,캘리그래피,202104.0,2021,3230.0,58089.0,가솔린,오토,ORIGINAL,일반,2025-03-20 09:08:09.000 +09,경기,스카이모터스,201로9319,1,0,1,188.3624,0.0,0,0,
39153091,현대,더 뉴 싼타페,디젤 2.2 2WD,프리미엄 초이스,202012.0,2021,1999.0,110555.0,디젤,오토,ORIGINAL,일반,2025-03-20 09:08:09.000 +09,경기,(주)왕카,365고4754,1,0,1,101.852,0.0,1,0,
39108462,현대,더 뉴 싼타페,디젤 2.2 2WD,프레스티지,202102.0,2021,2800.0,38612.0,디젤,오토,ORIGINAL,일반,2025-03-20 09:08:09.000 +09,경기,차투차,230서5876,0,0,0,0.0,0.0,0,0,
39009375,현대,싼타페 더 프라임,디젤 2.2 2WD,1 밀리언 얼티밋,201711.0,2018,1730.0,92111.0,디젤,오토,ORIGINAL,일반,2025-03-20 09:08:09.000 +09,부산,오토플러스(주),51두8787,0,0,4,0.0,0.0,0,0,
38698973,현대,더 뉴 싼타페,디젤 2.2 2WD,익스클루시브,202210.0,2023,2910.0,37147.0,디젤,오토,ORIGINAL,일반,2025-03-20 09:08:09.000 +09,경기,블루오토모터스,162두9510,1,0,1,58.138,0.0,1,0,
38604568,현대,싼타페 TM,가솔린 2.0T 2WD,익스클루시브,201907.0,2020,2299.0,40036.0,가솔린,오토,ORIGINAL,일반,2025-03-20 09:08:09.000 +09,서울,주식회사 트리에이치,232러7042,1,0,3,110.487,0.0,1,0,0.0
38737204,현대,더 뉴 싼타페,디젤 2.2 2WD,프리미엄 초이스,202010.0,2021,2890.0,23875.0,디젤,오토,ORIGINAL,일반,2025-03-20 09:08:09.000 +09,서울,프라임모터스,335루7420,2,0,1,72.4679,0.0,0,0,
39210169,현대,싼타페 더 프라임,디젤 2.0 2WD,익스클루시브,201507.0,2016,1440.0,117559.0,디젤,오토,ORIGINAL,일반,2025-03-20 09:08:09.000 +09,경기,(주)비비드카,20보7104,1,0,1,231.7566,0.0,0,0,
38359452,현대,싼타페 더 프라임,디젤 2.0 2WD,프리미엄,201512.0,2016,1600.0,85028.0,디젤,오토,ORIGINAL,일반,2025-03-20 09:08:06.000 +09,충북,신세계자동차,43너0502,2,2,2,207.1158,185.5588,0,0,
38379998,현대,더 뉴 싼타페,디젤 2.2 2WD,프리미엄,202009.0,2021,2499.0,68761.0,디젤,오토,ORIGINAL,일반,2025-03-20 09:08:02.000 +09,경기,카오션,110무9440,2,0,1,454.3477,0.0,1,0,
38930469,현대,싼타페 TM,디젤 2.0 2WD,프레스티지,201901.0,2019,1990.0,143940.0,디젤,오토,ORIGINAL,일반,2025-03-20 09:08:02.000 +09,서울,주식회사 하이마이카,349수3133,1,1,2,134.0,39.38,1,0,
39186910,현대,더 뉴 싼타페,디젤 2.2 2WD,익스클루시브,202211.0,2023,2760.0,33898.0,디젤,오토,ORIGINAL,일반,2025-03-20 09:08:02.000 +09,경기,롯데렌탈주식회사,248머6622,0,0,0,0.0,0.0,1,0,
39180306,현대,싼타페 (MX5),HEV 1.6 4WD,캘리그래피,202311.0,2024,4390.0,35991.0,가솔린+전기,오토,ORIGINAL,일반,2025-03-20 09:08:02.000 +09,부산,착한중고차,132도3237,0,0,0,0.0,0.0,0,0,
39264430,현대,싼타페 DM,디젤(e-VGT) 2.0 2WD 프리미엄,,201406.0,2015,1040.0,117213.0,디젤,오토,ORIGINAL,일반,2025-03-20 09:08:02.000 +09,울산,엠피크,20더3392,6,2,3,916.3961,219.3318,0,0,
39261719,현대,더 뉴 싼타페,디젤 2.2 4WD,캘리그래피,202101.0,2021,3550.0,69643.0,디젤,오토,ORIGINAL,일반,2025-03-20 09:08:02.000 +09,대구,새봄모터스,150나9465,0,1,0,0.0,0.0,0,0,
38766727,현대,더 뉴 싼타페,가솔린 2.5T 4WD,캘리그래피,202308.0,2023,3590.0,20144.0,가솔린,오토,ORIGINAL,일반,2025-03-20 09:08:02.000 +09,경기,오토플러스(주),286우5336,1,3,1,197.994,348.786,0,0,
39108685,현대,싼타페 TM,디젤 2.0 2WD,익스클루시브,201903.0,2019,1889.0,92854.0,디젤,오토,ORIGINAL,일반,2025-03-20 09:08:02.000 +09,인천,하준모터스 주식회사,275노9986,0,0,2,0.0,0.0,1,0,
38914248,현대,싼타페 TM,디젤 2.0 2WD,프레스티지,201808.0,2019,2350.0,75896.0,디젤,오토,ORIGINAL,일반,2025-03-20 09:08:02.000 +09,충남,큐모터스,17더4931,2,2,3,662.191,356.458,0,0,
39127109,현대,더 뉴 싼타페,디젤 2.2 2WD,캘리그래피,202302.0,2023,3690.0,39965.0,디젤,오토,ORIGINAL,일반,2025-03-20 09:08:02.000 +09,충남,오토플러스(주),226가8101,1,0,1,148.58,0.0,0,0,
38826557,현대,싼타페 TM,디젤 2.0 2WD,인스퍼레이션,201809.0,2019,2650.0,61400.0,디젤,오토,ORIGINAL,일반,2025-03-20 09:08:02.000 +09,서울,(주)UCS(더오토),23다8829,1,0,3,149.8627,0.0,0,0,
38819334,현대,더 뉴 싼타페,디젤 2.2 2WD,프레스티지,202007.0,2021,2930.0,24844.0,디젤,오토,ORIGINAL,일반,2025-03-20 09:08:02.000 +09,부산,BB모터스,365두7042,1,0,3,27.6159,0.0,0,0,
38774849,현대,더 뉴 싼타페,디젤 2.2 2WD,프레스티지,202011.0,2021,2549.0,65661.0,디젤,오토,ORIGINAL,일반,2025-03-20 09:08:02.000 +09,대구,신우모터스,304주2514,2,2,1,268.1125,164.9561,0,0,
38965665,현대,더 뉴 싼타페,디젤 2.2 2WD,프리미엄 초이스,202109.0,2021,2390.0,69033.0,디젤,오토,ORIGINAL,일반,2025-03-20 09:08:02.000 +09,경기,(주)유카,154우2975,1,1,2,139.43,240.6798,0,0,
39047761,현대,싼타페 TM,가솔린 2.0T 2WD,인스퍼레이션,201811.0,2019,2630.0,51511.0,가솔린,오토,ORIGINAL,일반,2025-03-20 09:07:46.000 +09,경기,스카이모터스,47러6907,2,0,1,147.1891,0.0,0,0,
39167631,현대,더 뉴 싼타페,가솔린 2.5T 4WD,캘리그래피,202303.0,2023,3599.0,33215.0,가솔린,오토,ORIGINAL,일반,2025-03-20 09:07:46.000 +09,경기,스카이모터스,176수5889,0,0,1,0.0,0.0,0,0,
39241180,현대,싼타페 DM,디젤(e-VGT) 2.0 2WD 프리미엄,,201411.0,2015,1080.0,105956.0,디젤,오토,ORIGINAL,일반,2025-03-20 09:07:38.000 +09,대전,주)엠월드,26보8927,0,0,3,0.0,0.0,0,0,
39265542,현대,더 뉴 싼타페,HEV 1.6 2WD,프레스티지,202107.0,2022,3290.0,46140.0,가솔린+전기,오토,ORIGINAL,일반,2025-03-20 09:07:11.000 +09,충북,정모터스,304구5446,1,0,2,153.95,0.0,0,0,
38358521,현대,싼타페 TM,가솔린 2.0T 2WD,익스클루시브,202001.0,2020,2490.0,56043.0,가솔린,오토,ORIGINAL,일반,2025-03-20 09:07:11.000 +09,충북,정모터스,284구7850,2,0,2,147.28,0.0,0,0,
39184689,현대,더 뉴 싼타페,디젤 2.2 2WD,프리미엄 초이스,202010.0,2021,2350.0,111003.0,디젤,오토,ORIGINAL,일반,2025-03-20 09:07:10.000 +09,충북,정모터스,295고6349,1,0,2,94.956,0.0,1,0,
38938012,현대,더 뉴 싼타페,디젤 2.2 2WD,익스클루시브,202207.0,2022,2650.0,35313.0,디젤,오토,ORIGINAL,일반,2025-03-20 09:07:09.000 +09,경기,수원중고차,167소4223,0,0,1,0.0,0.0,1,0,
38481383,현대,더 뉴 싼타페,가솔린 2.5T 2WD,프레스티지,202209.0,2022,2640.0,29396.0,가솔린,오토,ORIGINAL,일반,2025-03-20 09:07:09.000 +09,인천,와이비모터스,179루8359,2,2,1,249.6855,92.7598,0,0,
39255956,현대,싼타페 TM,디젤 2.0 2WD,익스클루시브,201908.0,2020,1450.0,191346.0,디젤,오토,ORIGINAL,일반,2025-03-20 09:07:09.000 +09,경기,㈜오토핸즈,53호8518,2,3,0,840.7698,154.1945,0,0,
39245871,현대,싼타페 더 프라임,디젤 2.0 2WD,익스클루시브,201612.0,2017,1470.0,83679.0,디젤,오토,ORIGINAL,일반,2025-03-20 09:07:02.000 +09,경기,㈜오토핸즈,47로8363,1,0,1,299.3852,0.0,0,0,
39153798,현대,싼타페 TM,디젤 2.2 4WD,프레스티지,201805.0,2019,2200.0,109032.0,디젤,오토,ORIGINAL,일반,2025-03-20 09:07:02.000 +09,인천,오토플러스(주),51누8913,1,2,2,130.5069,233.2548,0,0,
39102974,현대,싼타페 TM,가솔린 2.0T 2WD,프리미엄,202005.0,2020,1990.0,79673.0,가솔린,오토,ORIGINAL,일반,2025-03-20 09:07:02.000 +09,대구,강산상사,334수9582,6,4,0,804.1379,1286.0856,0,0,
39233184,현대,싼타페 더 프라임,디젤 2.0 2WD,프리미엄,201510.0,2016,9999.0,104406.0,디젤,오토,ORIGINAL,일반,2025-03-20 09:07:02.000 +09,경기,예스모터스,59마0701,4,1,1,348.7708,161.2456,0,0,
39223308,현대,싼타페 TM,가솔린 2.0T 2WD,프레스티지,202003.0,2020,2380.0,52442.0,가솔린,오토,ORIGINAL,일반,2025-03-20 09:07:02.000 +09,대구,참조은 모터스,113누6886,0,2,2,0.0,186.5582,0,0,
39059792,현대,더 뉴 싼타페,디젤 2.2 2WD,프레스티지,202010.0,2021,9999.0,54818.0,디젤,오토,ORIGINAL,일반,2025-03-20 09:07:02.000 +09,경기,(주)준모터스,167무3997,3,0,0,163.6214,0.0,0,0,
39216883,현대,더 뉴 싼타페,디젤 2.2 2WD,캘리그래피,202007.0,2021,3150.0,68713.0,디젤,오토,ORIGINAL,일반,2025-03-20 09:07:02.000 +09,울산,캔디카,181로5317,0,0,4,0.0,0.0,0,0,
39206980,현대,싼타페 더 프라임,디젤 2.0 2WD,익스클루시브,201511.0,2016,1530.0,81689.0,디젤,오토,ORIGINAL,일반,2025-03-20 09:07:02.000 +09,서울,명성모터스,04수0224,1,0,2,87.849,0.0,0,0,
39154294,현대,싼타페 TM,디젤 2.0 4WD,익스클루시브,201804.0,2019,1850.0,95442.0,디젤,오토,ORIGINAL,일반,2025-03-20 09:07:02.000 +09,경기,주식회사지지카,185두4726,3,2,2,195.032,251.048,1,0,
39026862,현대,더 뉴 싼타페,가솔린 2.5T 4WD,프레스티지,202308.0,2023,3490.0,13327.0,가솔린,오토,ORIGINAL,일반,2025-03-20 09:07:02.000 +09,서울,주식회사 리버모터스,198허5338,1,0,0,0.0,0.0,0,0,
39123193,현대,싼타페 TM,가솔린 2.0T 2WD,프리미엄,201904.0,2019,1970.0,119320.0,가솔린,오토,ORIGINAL,일반,2025-03-20 09:07:02.000 +09,경남,굿카,149너8537,0,0,4,0.0,0.0,1,0,
39051751,현대,싼타페 TM,가솔린 2.0T 2WD,인스퍼레이션,201910.0,2020,2799.0,54792.0,가솔린,오토,ORIGINAL,일반,2025-03-20 09:07:02.000 +09,부산,착한중고차,104더4859,0,1,0,0.0,109.4648,0,0,
38961533,현대,싼타페 (MX5),HEV 1.6 2WD,프레스티지,202501.0,2025,3540.0,600.0,가솔린+전기,오토,ORIGINAL,렌트,2025-03-20 09:07:02.000 +09,인천,,233호4191,0,0,0,0.0,0.0,0,0,
38932561,현대,싼타페 더 프라임,디젤 2.2 4WD,프리미엄,201601.0,2016,1420.0,68262.0,디젤,오토,ORIGINAL,일반,2025-03-20 09:07:02.000 +09,서울,(주)한경자동차,03러0581,4,4,1,253.1298,578.042,0,0,
38642029,현대,싼타페 TM,디젤 2.2 2WD,프레스티지,201907.0,2020,2190.0,94584.0,디젤,오토,ORIGINAL,일반,2025-03-20 09:07:02.000 +09,부산,스타모터스,10나8747,2,0,0,299.8184,0.0,0,0,
38466068,현대,더 뉴 싼타페,HEV 1.6 2WD,프레스티지,202110.0,2022,2700.0,97842.0,가솔린+전기,오토,ORIGINAL,일반,2025-03-20 09:07:02.000 +09,경기,(주)차랑차랑,286러9243,1,2,1,52.7119,71.622,1,0,
38767224,현대,싼타페 DM,디젤(e-VGT) 2.0 2WD 스마트,,201306.0,2013,1250.0,38113.0,디젤,오토,ORIGINAL,일반,2025-03-20 09:07:02.000 +09,경기,카운셀러,56노7791,1,0,3,64.055,0.0,0,0,
38891652,현대,더 뉴 싼타페,디젤 2.2 2WD,프레스티지,202104.0,2021,2590.0,94134.0,디젤,오토,ORIGINAL,일반,2025-03-20 09:07:02.000 +09,대전,태양자동차(주),245구6318,1,2,1,169.406,65.1146,1,0,
38620772,현대,싼타페 TM,디젤 2.0 2WD,익스클루시브,202003.0,2020,2570.0,73986.0,디젤,오토,ORIGINAL,일반,2025-03-20 09:07:01.000 +09,경북,조은자동차상사,359버3661,2,2,0,249.8154,177.9322,0,0,
39084808,현대,싼타페 TM,디젤 2.0 2WD,익스클루시브 스페셜,201805.0,2019,2100.0,109372.0,디젤,오토,ORIGINAL,일반,2025-03-20 09:06:59.000 +09,대구,(주)현대안심샵,07서9785,0,1,1,0.0,50.6512,0,0,
38988726,현대,싼타페 DM,디젤(e-VGT) 2.0 2WD 모던,,201504.0,2015,1150.0,93978.0,디젤,오토,ORIGINAL,일반,2025-03-20 09:06:51.000 +09,대구,하늘모터스,19부1747,2,2,1,152.11,287.4734,0,0,
38194143,현대,더 뉴 싼타페,디젤 2.2 2WD,프레스티지,202010.0,2021,2600.0,90346.0,디젤,오토,ORIGINAL,일반,2025-03-20 09:06:12.000 +09,대구,행운모터스,333도3018,0,0,2,0.0,0.0,1,0,
38909035,현대,싼타페 TM,디젤 2.0 2WD,익스클루시브 스페셜,201806.0,2019,1999.0,115238.0,디젤,오토,ORIGINAL,일반,2025-03-20 09:06:10.000 +09,서울,비전 모터스,69다4228,0,0,2,0.0,0.0,0,0,
38899131,현대,싼타페 (MX5),가솔린 2.5T 2WD,프레스티지,202408.0,2024,3850.0,5743.0,가솔린,오토,ORIGINAL,일반,2025-03-20 09:06:10.000 +09,인천,오토그린,348누4119,0,0,1,0.0,0.0,0,0,
37856497,현대,더 뉴 싼타페,HEV 1.6 2WD,프레스티지,202210.0,2023,3280.0,24360.0,가솔린+전기,오토,ORIGINAL,일반,2025-03-20 09:06:10.000 +09,경기,(주)에스비즈,348서9055,0,1,1,0.0,110.3768,0,0,
39110483,현대,싼타페 TM,디젤 2.0 2WD,익스클루시브 스페셜,201810.0,2019,1940.0,116180.0,디젤,오토,ORIGINAL,일반,2025-03-20 09:06:10.000 +09,경기,무결점카모터스,62두1621,0,0,1,0.0,0.0,0,0,
39040398,현대,싼타페 DM,디젤(e-VGT) 2.0 2WD 익스클루시브,(세부등급 없음),201208.0,2013,1140.0,113704.0,디젤,오토,ORIGINAL,일반,2025-03-20 09:06:10.000 +09,전북,유카,38어9080,1,4,3,74.6,128.2507,0,0,
39265449,현대,더 뉴 싼타페,HEV 1.6 2WD,캘리그래피,202309.0,2023,3950.0,6765.0,가솔린+전기,오토,ORIGINAL,일반,2025-03-20 09:06:10.000 +09,서울,(주)오토준,252가1679,0,0,0,0.0,0.0,0,0,
39157427,현대,더 뉴 싼타페,가솔린 2.5T 2WD,프레스티지,202106.0,2021,2870.0,62130.0,가솔린,오토,ORIGINAL,일반,2025-03-20 09:06:10.000 +09,서울,영모터스,115조6125,0,0,1,0.0,0.0,1,0,
39196083,현대,싼타페 TM,디젤 2.2 4WD,인스퍼레이션,202003.0,2020,2699.0,73074.0,디젤,오토,ORIGINAL,일반,2025-03-20 09:06:07.000 +09,경기,준모터스,173마5106,3,1,1,580.244,166.777,0,0,
39247974,현대,더 뉴 싼타페,디젤 2.2 2WD,프레스티지,202102.0,2021,2460.0,83982.0,디젤,오토,ORIGINAL,일반,2025-03-20 09:06:07.000 +09,경기,준모터스,143로3621,1,0,1,313.9248,0.0,1,0,
39265446,현대,더 뉴 싼타페,디젤 2.2 2WD,캘리그래피,202104.0,2021,3160.0,70008.0,디젤,오토,ORIGINAL,일반,2025-03-20 09:06:07.000 +09,경기,준모터스,172나7923,1,0,0,80.1501,0.0,0,0,
39265169,현대,더 뉴 싼타페,디젤 2.2 2WD,프리미엄 초이스,202106.0,2021,2760.0,15468.0,디젤,오토,ORIGINAL,일반,2025-03-20 09:06:06.000 +09,경기,준모터스,157버8722,0,0,0,0.0,0.0,0,0,
39265329,현대,더 뉴 싼타페,디젤 2.2 4WD,프레스티지,202103.0,2021,2460.0,87200.0,디젤,오토,ORIGINAL,일반,2025-03-20 09:06:06.000 +09,경기,준모터스,103노6703,0,0,1,0.0,0.0,1,0,
38530650,현대,싼타페 TM,디젤 2.0 2WD,프레스티지,201904.0,2019,2030.0,85414.0,디젤,오토,ORIGINAL,일반,2025-03-20 09:06:03.000 +09,경기,넘버원모터스,24오2420,3,0,3,185.3199,0.0,0,0,
39101004,현대,싼타페 (MX5),HEV 1.6 2WD,캘리그래피,202312.0,2024,4580.0,11519.0,가솔린+전기,오토,ORIGINAL,일반,2025-03-20 09:06:03.000 +09,경기,(주)에스지엘,305더2343,0,0,0,0.0,0.0,0,0,
39020934,현대,싼타페 TM,디젤 2.0 2WD,익스클루시브,202006.0,2020,1990.0,80122.0,디젤,오토,ORIGINAL,일반,2025-03-20 09:06:03.000 +09,대전,해승모터스,262보3586,2,2,1,443.3664,161.533,0,0,
38791837,현대,싼타페 더 프라임,디젤 2.0 2WD,익스클루시브,201510.0,2016,1550.0,74364.0,디젤,오토,ORIGINAL,일반,2025-03-20 09:06:03.000 +09,대구,굿 모터스,34구1354,2,1,1,176.034,17.151,0,0,
39078712,현대,더 뉴 싼타페,HEV 1.6 2WD,캘리그래피,202301.0,2023,3950.0,38590.0,가솔린+전기,오토,ORIGINAL,일반,2025-03-20 09:06:03.000 +09,대구,우정모터스,322나3686,0,0,0,0.0,0.0,0,0,
38765004,현대,더 뉴 싼타페,디젤 2.2 2WD,프레스티지,202009.0,2021,2650.0,87804.0,디젤,오토,ORIGINAL,일반,2025-03-20 09:05:52.000 +09,대구,SK모터스,171우5514,2,0,1,136.9884,0.0,1,0,
39247770,현대,싼타페 TM,디젤 2.0 2WD,익스클루시브 스페셜,201908.0,2019,2250.0,94912.0,디젤,오토,ORIGINAL,일반,2025-03-20 09:05:44.000 +09,전남,(주)에스에스모터스,19수5232,1,1,1,0.0,36.5319,0,0,
38916258,현대,싼타페 (MX5),가솔린 2.5T 4WD,프레스티지,202404.0,2024,4390.0,8974.0,가솔린,오토,ORIGINAL,일반,2025-03-20 09:05:43.000 +09,경기,좋은자동차,204부3551,0,0,0,0.0,0.0,0,0,
39187447,현대,싼타페 DM,디젤(e-VGT) 2.0 4WD 익스클루시브,(세부등급 없음),201405.0,2015,1190.0,177000.0,디젤,오토,ORIGINAL,일반,2025-03-20 09:05:12.000 +09,경기,(주)카베이,59조2615,3,3,3,216.601,516.6113,0,0,
38586225,현대,싼타페 TM,디젤 2.0 2WD,프리미엄,201911.0,2020,2390.0,19161.0,디젤,오토,ORIGINAL,일반,2025-03-20 09:05:11.000 +09,경기,(주)진성사,146무4708,2,0,1,94.47,0.0,0,0,
38440262,현대,싼타페 TM,가솔린 2.0T 2WD,익스클루시브,201910.0,2020,1930.0,137016.0,가솔린,오토,ORIGINAL,일반,2025-03-20 09:05:11.000 +09,인천,(주)시우자동차,125도2444,1,3,2,31.854,232.0661,1,0,
38739849,현대,싼타페 TM,디젤 2.0 4WD,프리미엄,201811.0,2018,2130.0,56242.0,디젤,오토,ORIGINAL,일반,2025-03-20 09:05:11.000 +09,인천,BT모터스,156누1939,1,1,4,47.3368,74.0325,1,0,
39132617,현대,더 뉴 싼타페,HEV 1.6 2WD,프레스티지,202108.0,2022,3199.0,40585.0,가솔린+전기,오토,ORIGINAL,일반,2025-03-20 09:05:11.000 +09,경기,주식회사 모던카,114우9515,1,1,0,294.7038,50.8551,0,0,
39152745,현대,싼타페 더 프라임,디젤 2.2 2WD,익스클루시브,201507.0,2016,1350.0,143252.0,디젤,오토,ORIGINAL,일반,2025-03-20 09:05:11.000 +09,서울,주) 트리에이치오토,39너8315,2,3,1,83.5787,275.143,1,0,
39046224,현대,싼타페 DM,디젤(e-VGT) 2.0 2WD 모던,,201307.0,2014,1250.0,51270.0,디젤,오토,ORIGINAL,일반,2025-03-20 09:05:11.000 +09,경기,인정모터스,54고5607,1,0,1,67.594,0.0,0,0,
38932262,현대,싼타페 더 프라임,디젤 2.0 2WD,프리미엄,201507.0,2016,1250.0,148883.0,디젤,오토,ORIGINAL,일반,2025-03-20 09:05:11.000 +09,대구,SU모터스,21보7536,1,2,3,112.4801,219.3993,1,0,
38862783,현대,더 뉴 싼타페,HEV 1.6 2WD,캘리그래피,202307.0,2023,3980.0,3187.0,가솔린+전기,오토,ORIGINAL,일반,2025-03-20 09:05:11.000 +09,경기,뉴한길모터스,183누9952,0,0,1,0.0,0.0,0,0,
39052328,현대,더 뉴 싼타페,HEV 1.6 2WD,캘리그래피,202201.0,2022,3590.0,55162.0,가솔린+전기,오토,ORIGINAL,일반,2025-03-20 09:05:11.000 +09,충남,(주)유카,388부4203,2,1,1,38.587,82.3269,0,0,
39234982,현대,싼타페 TM,디젤 2.0 2WD,프레스티지,201901.0,2019,1890.0,127280.0,디젤,오토,ORIGINAL,일반,2025-03-20 09:05:11.000 +09,대전,세븐카,381머4853,0,0,2,0.0,0.0,1,0,
38682077,현대,더 뉴 싼타페,가솔린 2.5T 2WD,캘리그래피,202104.0,2021,2960.0,30973.0,가솔린,오토,ORIGINAL,일반,2025-03-20 09:05:04.000 +09,경기,넘버원모터스,116누6786,3,2,4,339.0887,182.5424,0,0,
39191662,현대,싼타페 TM,디젤 2.0 2WD,프레스티지,202003.0,2020,2120.0,117749.0,디젤,오토,ORIGINAL,일반,2025-03-20 09:05:04.000 +09,경기,명문자동차,305어1447,1,2,0,79.152,140.166,0,0,
39115026,현대,더 뉴 싼타페,HEV 1.6 2WD,익스클루시브,202302.0,2023,3290.0,29245.0,가솔린+전기,오토,ORIGINAL,일반,2025-03-20 09:05:04.000 +09,경기,명문자동차,187어4934,1,1,1,48.1104,106.9899,0,0,
39237248,현대,싼타페 (MX5),가솔린 2.5T 4WD,익스클루시브,202410.0,2024,3880.0,9274.0,가솔린,오토,ORIGINAL,일반,2025-03-20 09:05:04.000 +09,경기,명문자동차,194누7644,0,0,0,0.0,0.0,0,0,
38914503,현대,싼타페 TM,디젤 2.2 4WD,프레스티지,201805.0,2019,2500.0,46796.0,디젤,오토,ORIGINAL,일반,2025-03-20 09:05:04.000 +09,인천,(주)모터바겐,04무5817,1,1,2,138.8,30.7384,0,0,
38969111,현대,싼타페 (MX5),가솔린 2.5T 2WD,캘리그래피,202311.0,2024,4090.0,5108.0,가솔린,오토,ORIGINAL,일반,2025-03-20 09:05:04.000 +09,경기,스카이모터스,103다1708,1,0,1,88.678,0.0,1,0,
38212682,현대,더 뉴 싼타페,디젤 2.2 2WD,프리미엄 초이스,202008.0,2021,2550.0,61192.0,디젤,오토,ORIGINAL,일반,2025-03-20 09:05:04.000 +09,경기,(주)더킹모터스,336노4235,0,0,1,0.0,0.0,1,0,
38390643,현대,더 뉴 싼타페,디젤 2.2 2WD,캘리그래피,202010.0,2021,3020.0,43535.0,디젤,오토,ORIGINAL,일반,2025-03-20 09:05:03.000 +09,경기,스카이모터스,170모7298,1,1,1,554.22,124.84,0,0,
38861555,현대,싼타페 TM,디젤 2.0 4WD,인스퍼레이션,201902.0,2019,2650.0,77141.0,디젤,오토,ORIGINAL,일반,2025-03-20 09:05:03.000 +09,경기,(주)카온네트웍스,57가7012,0,0,1,0.0,0.0,0,0,
38763091,현대,더 뉴 싼타페,디젤 2.2 4WD,프리미엄 초이스,202109.0,2021,2100.0,80212.0,디젤,오토,ORIGINAL,일반,2025-03-20 09:05:03.000 +09,부산,오토플러스(주),141허3193,0,1,0,0.0,345.2879,0,0,
38681317,현대,싼타페 TM,디젤 2.0 2WD,익스클루시브,201809.0,2019,1689.0,159448.0,디젤,오토,ORIGINAL,일반,2025-03-20 09:05:03.000 +09,경남,한우카,60부1934,4,3,3,675.7747,208.8751,0,0,0.0
38973121,현대,싼타페 (MX5),HEV 1.6 2WD,캘리그래피,202401.0,2024,4420.0,10000.0,가솔린+전기,오토,ORIGINAL,일반,2025-03-20 09:05:03.000 +09,경기,누리모터스,237더7231,0,0,1,0.0,0.0,0,0,
39009266,현대,더 뉴 싼타페,디젤 2.2 4WD,프리미엄,202103.0,2021,2950.0,68258.0,디젤,오토,ORIGINAL,일반,2025-03-20 09:05:03.000 +09,경기,(주)세기자동차,269두3921,0,0,1,0.0,0.0,1,0,
39072651,현대,싼타페 더 프라임,디젤 2.0 2WD,밸류 플러스,201710.0,2018,1530.0,118363.0,디젤,오토,ORIGINAL,일반,2025-03-20 09:05:03.000 +09,경기,수원카메이트매매상사,09라5071,2,0,1,200.9496,0.0,0,0,
39074478,현대,싼타페 더 프라임,디젤 2.0 2WD,프리미엄,201602.0,2016,1290.0,133643.0,디젤,오토,ORIGINAL,일반,2025-03-20 09:05:03.000 +09,서울,비케이투모터스,18저0212,0,1,1,0.0,59.5988,0,0,
38095150,현대,싼타페 CM,2WD(2.0VGT) 스타일팩,,200905.0,2009,490.0,120600.0,디젤,오토,ORIGINAL,일반,2025-03-20 09:05:01.000 +09,부산,(주) 더나은 자동차,40거6689,3,3,1,161.72,554.803,0,0,
39222218,현대,싼타페 DM,디젤(e-VGT) 2.0 2WD 프리미엄,,201501.0,2015,1250.0,86741.0,디젤,오토,ORIGINAL,일반,2025-03-20 09:04:57.000 +09,경기,진모터스,18저6778,3,3,2,359.4874,544.4616,0,0,
39261561,현대,싼타페 더 프라임,디젤 2.2 2WD,익스클루시브 스페셜,201710.0,2018,1360.0,167778.0,디젤,오토,ORIGINAL,일반,2025-03-20 09:04:46.000 +09,경남,신화모터스,04노6263,2,2,1,363.2487,194.4044,0,0,
38437295,현대,싼타페 TM,디젤 2.2 2WD,프리미엄,201910.0,2020,1850.0,88670.0,디젤,오토,ORIGINAL,일반,2025-03-20 09:04:39.000 +09,대구,명랑모터스,180우4680,3,5,1,484.468,510.747,1,0,
39167851,현대,싼타페 더 프라임,디젤 2.0 2WD,프리미엄,201510.0,2016,1360.0,87982.0,디젤,오토,ORIGINAL,일반,2025-03-20 09:04:39.000 +09,서울,스핀모터스,19루6514,2,4,2,143.55,986.156,0,0,
39039100,현대,더 뉴 싼타페,HEV 1.6 2WD,프레스티지,202111.0,2022,3080.0,21788.0,가솔린+전기,오토,ORIGINAL,일반,2025-03-20 09:04:28.000 +09,충남,거성모터스,195다8360,1,1,2,212.948,86.114,1,0,
38645739,현대,싼타페 TM,디젤 2.0 2WD,프리미엄,201811.0,2019,1799.0,72585.0,디젤,오토,ORIGINAL,일반,2025-03-20 09:04:09.000 +09,경기,라성자동차매매단지,27오1780,3,1,1,325.7924,120.18,0,0,
38868774,현대,더 뉴 싼타페,디젤 2.2 2WD,프레스티지,202212.0,2023,2850.0,20665.0,디젤,오토,ORIGINAL,일반,2025-03-20 09:04:09.000 +09,서울,롯데렌탈주식회사,155라6334,0,0,0,0.0,0.0,1,0,
39181386,현대,더 뉴 싼타페,디젤 2.2 4WD,프리미엄 초이스,202112.0,2021,3120.0,56308.0,디젤,오토,ORIGINAL,일반,2025-03-20 09:04:09.000 +09,경기,에이원모터스,197어9785,0,0,1,0.0,0.0,1,0,
39247636,현대,더 뉴 싼타페,가솔린 2.5T 2WD,프레스티지 초이스,202304.0,2023,3150.0,51690.0,가솔린,오토,ORIGINAL,일반,2025-03-20 09:04:09.000 +09,경기,엠에스모터스,174로6847,1,1,1,41.0349,60.071,1,0,
38981107,현대,싼타페 TM,디젤 2.0 2WD,익스클루시브,202003.0,2020,2070.0,90548.0,디젤,오토,ORIGINAL,일반,2025-03-20 09:04:09.000 +09,경기,NO.1모터스,104너5343,1,0,1,46.0,0.0,0,0,
39077282,현대,더 뉴 싼타페,가솔린 2.5T 2WD,프리미엄,202107.0,2021,2290.0,98244.0,가솔린,오토,ORIGINAL,일반,2025-03-20 09:04:09.000 +09,인천,디에이치모터스,247주2547,1,0,2,49.14,0.0,1,0,
38956485,현대,싼타페 TM,디젤 2.0 2WD,프레스티지,201912.0,2020,2170.0,77849.0,디젤,오토,ORIGINAL,일반,2025-03-20 09:04:09.000 +09,경기,주식회사 씨피오토모티브,242루5906,3,4,2,304.2728,206.413,1,0,
38941839,현대,싼타페 더 프라임,디젤 2.0 2WD,밸류 플러스,201712.0,2018,1450.0,95568.0,디젤,오토,ORIGINAL,일반,2025-03-20 09:04:09.000 +09,인천,스마트상사,37로7609,2,1,3,159.4815,232.984,0,0,
39052193,현대,더 뉴 싼타페,디젤 2.2 2WD,캘리그래피,202010.0,2021,3590.0,33712.0,디젤,오토,ORIGINAL,일반,2025-03-20 09:04:02.000 +09,충북,JC모터스,248모3823,4,1,0,260.7144,62.2739,0,0,
38943500,현대,더 뉴 싼타페,HEV 1.6 2WD,캘리그래피,202201.0,2022,3420.0,30414.0,가솔린+전기,오토,ORIGINAL,일반,2025-03-20 09:04:02.000 +09,서울,(주)제이스모터스,387누4138,2,0,1,145.7886,0.0,0,0,
39046107,현대,싼타페 (MX5),가솔린 2.5T 2WD,프레스티지,202409.0,2025,3800.0,6878.0,가솔린,오토,ORIGINAL,일반,2025-03-20 09:04:02.000 +09,서울,(주)한경자동차,242머1652,0,0,0,0.0,0.0,0,0,
38261562,현대,더 뉴 싼타페,디젤 2.2 2WD,캘리그래피,202103.0,2021,3090.0,63475.0,디젤,오토,ORIGINAL,일반,2025-03-20 09:04:02.000 +09,부산,The Best 모터스,381저5267,0,0,0,0.0,0.0,0,0,
39037829,현대,더 뉴 싼타페,디젤 2.2 2WD,익스클루시브,202202.0,2022,2640.0,59810.0,디젤,오토,ORIGINAL,일반,2025-03-20 09:04:02.000 +09,경기,타타모터스,233다7416,0,0,2,0.0,0.0,1,0,
38562573,현대,싼타페 TM,가솔린 2.0T 2WD,익스클루시브,201906.0,2020,2169.0,56414.0,가솔린,오토,ORIGINAL,일반,2025-03-20 09:04:02.000 +09,서울,(주)아이오토스,06가2053,1,2,1,70.4859,687.1885,0,0,
39015413,현대,싼타페 DM,디젤(e-VGT) 2.2 4WD 프리미엄,,201501.0,2015,1010.0,116621.0,디젤,오토,ORIGINAL,일반,2025-03-20 09:04:02.000 +09,인천,스카이모터스,15오4100,1,0,7,105.3319,0.0,0,0,
39124731,현대,싼타페 TM,디젤 2.0 2WD,인스퍼레이션,201904.0,2019,2290.0,108998.0,디젤,오토,ORIGINAL,일반,2025-03-20 09:04:02.000 +09,인천,(주)카스갤러리,63우3344,2,0,3,182.6798,0.0,0,0,0.0
39236430,현대,더 뉴 싼타페,가솔린 2.5T 2WD,캘리그래피,202101.0,2021,3250.0,38558.0,가솔린,오토,ORIGINAL,일반,2025-03-20 09:04:02.000 +09,경기,㈜오토핸즈,351러3591,2,0,0,154.9639,0.0,0,0,
39220972,현대,싼타페 TM,디젤 2.2 4WD,인스퍼레이션,201810.0,2019,2350.0,102200.0,디젤,오토,ORIGINAL,일반,2025-03-20 09:04:02.000 +09,광주,오토핸즈 광주직영점,12로1239,3,4,1,648.923,448.7892,0,0,
39205504,현대,더 뉴 싼타페,HEV 1.6 2WD,프레스티지,202301.0,2023,3490.0,35879.0,가솔린+전기,오토,ORIGINAL,일반,2025-03-20 09:04:02.000 +09,경기,모던카,154다3370,0,0,1,0.0,0.0,0,0,
39203270,현대,싼타페 더 프라임,디젤 2.0 2WD,익스클루시브,201602.0,2016,1550.0,94216.0,디젤,오토,ORIGINAL,일반,2025-03-20 09:04:02.000 +09,충남,국보자동차매매상사,64어5534,0,3,1,0.0,192.2413,0,0,
39237217,현대,싼타페 TM,디젤 2.0 2WD,익스클루시브,201803.0,2019,1890.0,101626.0,디젤,오토,ORIGINAL,일반,2025-03-20 09:04:02.000 +09,경기,에스제이모터스,112고6449,1,0,1,132.8,0.0,1,0,
39160706,현대,더 뉴 싼타페,디젤 2.2 4WD,프리미엄,202008.0,2021,2159.0,124227.0,디젤,오토,ORIGINAL,일반,2025-03-20 09:04:02.000 +09,인천,디에이치모터스,148머1785,0,0,1,0.0,0.0,1,0,
39255752,현대,싼타페 TM,가솔린 2.0T 2WD,인스퍼레이션,201912.0,2020,1980.0,73135.0,가솔린,오토,ORIGINAL,일반,2025-03-20 09:04:02.000 +09,경남,승리모터스(주식),391소4020,1,0,1,2150.956,0.0,0,0,
39263884,현대,더 뉴 싼타페,가솔린 2.5T 2WD,캘리그래피,202107.0,2021,2830.0,91059.0,가솔린,오토,ORIGINAL,일반,2025-03-20 09:03:58.000 +09,대전,드림디오토,369무2919,2,0,1,143.4129,0.0,0,0,
38935717,현대,싼타페 더 프라임,디젤 2.2 4WD,익스클루시브,201702.0,2017,1550.0,99931.0,디젤,오토,ORIGINAL,일반,2025-03-20 09:03:58.000 +09,대전,드림디오토,60가4239,0,0,1,0.0,0.0,0,0,0.0
38940091,현대,더 뉴 싼타페,디젤 2.2 2WD,프레스티지,202009.0,2021,2300.0,112528.0,디젤,오토,ORIGINAL,일반,2025-03-20 09:03:58.000 +09,대전,드림디오토,156저8642,1,1,1,97.213,102.144,0,0,0.0
39191495,현대,싼타페 TM,디젤 2.0 2WD,프레스티지,201906.0,2020,2350.0,69736.0,디젤,오토,ORIGINAL,일반,2025-03-20 09:03:58.000 +09,대전,드림디오토,02서7171,1,0,1,147.0949,0.0,0,0,0.0
39216557,현대,싼타페 더 프라임,디젤 2.0 2WD,1 밀리언,201609.0,2017,1380.0,169919.0,디젤,오토,ORIGINAL,일반,2025-03-20 09:03:57.000 +09,대전,드림디오토,04로0481,0,1,1,0.0,74.753,0,0,0.0
38072681,현대,더 뉴 싼타페,디젤 2.2 4WD,프레스티지,202208.0,2022,3140.0,33178.0,디젤,오토,ORIGINAL,일반,2025-03-20 09:03:55.000 +09,경기,세계자동차,207노3511,0,1,1,0.0,46.0339,1,0,
39120170,현대,싼타페 TM,디젤 2.0 2WD,프레스티지,201901.0,2019,1990.0,120951.0,디젤,오토,ORIGINAL,일반,2025-03-20 09:03:19.000 +09,대전,(주)에스케이모터스,31더3242,1,1,2,44.083,42.0052,0,0,
39155121,현대,더 뉴 싼타페,가솔린 2.5T 2WD,캘리그래피,202101.0,2021,3290.0,45241.0,가솔린,오토,ORIGINAL,일반,2025-03-20 09:03:17.000 +09,광주,Kcar광주수완지점,141주5039,0,0,1,0.0,0.0,0,0,
39066039,현대,싼타페 TM,디젤 2.0 2WD,프레스티지,201808.0,2019,2230.0,70370.0,디젤,오토,ORIGINAL,일반,2025-03-20 09:03:11.000 +09,경기,(주)좋은차,46조7771,1,0,1,71.4469,0.0,0,0,
39037435,현대,싼타페 더 프라임,디젤 2.0 2WD,익스클루시브 스페셜,201512.0,2016,1250.0,175378.0,디젤,오토,ORIGINAL,일반,2025-03-20 09:03:11.000 +09,경기,세븐모터스,55더0684,3,2,2,383.2676,84.7746,0,0,
38846870,현대,싼타페 TM,디젤 2.2 4WD,인스퍼레이션,201812.0,2019,2830.0,59739.0,디젤,오토,ORIGINAL,일반,2025-03-20 09:03:11.000 +09,경기,벧엘자동차 2,34거6922,0,0,0,0.0,0.0,0,0,
39177638,현대,싼타페 DM,디젤(e-VGT) 2.0 2WD 익스클루시브,스페셜,201407.0,2015,1130.0,163399.0,디젤,오토,ORIGINAL,일반,2025-03-20 09:03:11.000 +09,인천,원스탑모터스 주식회사,24라3812,0,2,1,0.0,228.5789,0,0,
39164363,현대,더 뉴 싼타페,가솔린 2.5T 2WD,프레스티지,202102.0,2021,2590.0,81759.0,가솔린,오토,ORIGINAL,일반,2025-03-20 09:03:11.000 +09,경기,㈜오토핸즈,153호8749,0,0,0,0.0,0.0,0,0,
39129252,현대,싼타페 (MX5),HEV 1.6 2WD,캘리그래피,202401.0,2024,4690.0,14677.0,가솔린+전기,오토,ORIGINAL,일반,2025-03-20 09:03:11.000 +09,서울,(주)UCS(더오토),278더3146,0,0,1,0.0,0.0,0,0,
39123186,현대,싼타페 CM,2WD(2.0VGT) MLX,기본형,200807.0,2009,480.0,78246.0,디젤,오토,ORIGINAL,일반,2025-03-20 09:03:11.000 +09,경기,주식회사 카핑,69다6614,1,1,0,32.791,80.8,0,0,
39224779,현대,싼타페 더 프라임,디젤 2.0 2WD,프리미엄,201507.0,2016,1160.0,153629.0,디젤,오토,ORIGINAL,일반,2025-03-20 09:03:11.000 +09,인천,카카오토,45로9863,1,0,2,76.732,0.0,0,0,
38508452,현대,싼타페 TM,가솔린 2.0T 4WD,익스클루시브 스페셜,201901.0,2019,2680.0,18099.0,가솔린,오토,ORIGINAL,일반,2025-03-20 09:03:04.000 +09,경기,(주) 카체인지,33우7919,1,0,0,47.2604,0.0,0,0,
39261906,현대,싼타페 (MX5),HEV 1.6 2WD,프레스티지,202411.0,2025,4049.0,7022.0,가솔린+전기,오토,ORIGINAL,일반,2025-03-20 09:03:03.000 +09,경기,(주)정모터스,176어7288,0,0,1,0.0,0.0,1,0,
38445765,현대,더 뉴 싼타페,디젤 2.2 2WD,프레스티지,202009.0,2021,2990.0,47177.0,디젤,오토,ORIGINAL,일반,2025-03-20 09:03:03.000 +09,경기,베스트자동차,172버7108,0,0,2,0.0,0.0,1,0,
39069370,현대,더 뉴 싼타페,가솔린 2.5T 4WD,캘리그래피,202302.0,2023,3650.0,27778.0,가솔린,오토,ORIGINAL,일반,2025-03-20 09:03:03.000 +09,대구,엠케어모터스,143버1438,0,0,0,0.0,0.0,0,0,
39051870,현대,싼타페 TM,가솔린 2.0T 4WD,익스클루시브 스페셜,201805.0,2019,2480.0,77342.0,가솔린,오토,ORIGINAL,일반,2025-03-20 09:03:03.000 +09,경기,코리아모터스,07너1383,0,0,0,0.0,0.0,0,0,
38285358,현대,더 뉴 싼타페,디젤 2.2 2WD,프리미엄,202010.0,2021,2520.0,52962.0,디젤,오토,ORIGINAL,일반,2025-03-20 09:03:03.000 +09,경기,에이원모터스,130모9703,1,0,1,43.7523,0.0,1,0,
38810518,현대,더 뉴 싼타페,디젤 2.2 2WD,프레스티지,202011.0,2021,2580.0,88239.0,디젤,오토,ORIGINAL,일반,2025-03-20 09:03:03.000 +09,경기,(주)유로모터스,282거8883,2,2,1,153.4119,421.978,0,0,
38205360,현대,더 뉴 싼타페,디젤 2.2 4WD,프리미엄,202104.0,2021,2720.0,96270.0,디젤,오토,ORIGINAL,일반,2025-03-20 09:03:03.000 +09,경기,에이원모터스,165고5770,1,0,1,52.8873,0.0,1,0,
38512166,현대,싼타페 TM,디젤 2.0 2WD,익스클루시브,201805.0,2019,1999.0,66069.0,디젤,오토,ORIGINAL,일반,2025-03-20 09:03:03.000 +09,서울,인증차,38다5226,0,1,1,0.0,46.9931,0,0,
39106770,현대,더 뉴 싼타페,디젤 2.2 2WD,프레스티지,202103.0,2021,3550.0,34444.0,디젤,오토,ORIGINAL,일반,2025-03-20 09:02:55.000 +09,대전,카카오토월드(주),312저2767,0,0,1,0.0,0.0,0,0,
38712877,현대,싼타페 TM,디젤 2.2 4WD,익스클루시브,201902.0,2019,1880.0,127675.0,디젤,오토,ORIGINAL,일반,2025-03-20 09:02:55.000 +09,대전,카카오토월드(주),195주7649,1,1,2,42.9,364.9034,1,0,0.0
39075849,현대,싼타페 DM,디젤(e-VGT) 2.0 2WD 프리미엄,,201302.0,2013,930.0,166624.0,디젤,오토,ORIGINAL,일반,2025-03-20 09:02:53.000 +09,대전,카카오토월드(주),50머6286,1,1,0,20.0,47.1101,0,0,
39236926,현대,싼타페 더 프라임,디젤 2.2 2WD,익스클루시브,201512.0,2016,1470.0,130632.0,디젤,오토,ORIGINAL,일반,2025-03-20 09:02:50.000 +09,대전,(주)뉴신용자동차,19버0933,4,0,3,270.689,0.0,0,0,
39068479,현대,싼타페 TM,디젤 2.0 2WD,익스클루시브 스페셜,201806.0,2019,2320.0,44000.0,디젤,오토,ORIGINAL,일반,2025-03-20 09:02:46.000 +09,경기,유니앤모터스,06라4087,2,0,1,423.6919,0.0,0,0,
38495759,현대,더 뉴 싼타페,HEV 1.6 2WD,익스클루시브,202208.0,2022,3180.0,36229.0,가솔린+전기,오토,ORIGINAL,일반,2025-03-20 09:02:30.000 +09,부산,연산자동차,147노6863,1,1,1,38.4909,158.1258,0,0,
38873663,현대,싼타페 TM,디젤 2.0 2WD,익스클루시브,202003.0,2020,2380.0,49274.0,디젤,오토,ORIGINAL,일반,2025-03-20 09:02:28.000 +09,부산,순수자동차,394무7893,1,0,1,71.1833,0.0,0,0,
39151013,현대,싼타페 CM,2WD(2.2VGT) MLX,최고급형,200606.0,2006,390.0,44397.0,디젤,오토,ORIGINAL,일반,2025-03-20 09:02:13.000 +09,서울,(주)서진모터스,07러6146,1,0,0,588.817,0.0,0,0,
39233459,현대,싼타페 TM,가솔린 2.0T 2WD,프레스티지,201910.0,2020,2420.0,78526.0,가솔린,오토,ORIGINAL,일반,2025-03-20 09:02:13.000 +09,경기,(주)오토룩2,398무6258,0,0,0,0.0,0.0,0,0,
39191598,현대,싼타페 TM,디젤 2.0 4WD,인스퍼레이션,201809.0,2019,2170.0,110522.0,디젤,오토,ORIGINAL,일반,2025-03-20 09:02:13.000 +09,경기,위드카,06러3388,2,0,5,95.6858,0.0,0,0,
38421572,현대,더 뉴 싼타페,디젤 2.2 2WD,프레스티지,202106.0,2021,2530.0,87016.0,디젤,오토,ORIGINAL,일반,2025-03-20 09:02:13.000 +09,경기,힐링모터스,383누5025,1,1,1,490.875,319.732,0,0,
38334764,현대,싼타페 TM,디젤 2.0 2WD,프레스티지,201910.0,2020,2240.0,78248.0,디젤,오토,ORIGINAL,일반,2025-03-20 09:02:03.000 +09,서울,(주)오토리안,123거9856,0,1,0,0.0,118.013,0,0,
39027024,현대,더 뉴 싼타페,디젤 2.2 2WD,프레스티지,202103.0,2021,2830.0,80273.0,디젤,오토,ORIGINAL,일반,2025-03-20 09:02:03.000 +09,대구,오토플러스(주),373라7701,0,0,1,0.0,0.0,0,0,
38994487,현대,더 뉴 싼타페,가솔린 2.5T 2WD,캘리그래피,202101.0,2021,2845.0,30334.0,가솔린,오토,ORIGINAL,일반,2025-03-20 09:02:03.000 +09,경남,붕붕모터스,178머3308,1,1,0,712.4086,510.3535,0,0,
39123470,현대,싼타페 TM,디젤 2.0 2WD,익스클루시브 스페셜,201810.0,2019,1750.0,145603.0,디젤,오토,ORIGINAL,일반,2025-03-20 09:02:03.000 +09,경기,블루오토,39노3596,1,0,2,51.2097,0.0,0,0,
39101222,현대,더 뉴 싼타페,디젤 2.2 2WD,프레스티지,202012.0,2021,2650.0,54244.0,디젤,오토,ORIGINAL,일반,2025-03-20 09:02:03.000 +09,인천,오토플러스(주),178허8760,1,0,0,49.703,0.0,0,0,
39227533,현대,더 뉴 싼타페,가솔린 2.5T 2WD,프리미엄,202103.0,2021,2870.0,19519.0,가솔린,오토,ORIGINAL,일반,2025-03-20 09:02:03.000 +09,경기,초심모터스,150부9244,0,1,2,0.0,57.4561,1,0,
38707772,현대,싼타페 (MX5),가솔린 2.5T 2WD,익스클루시브,202412.0,2025,2334.0,380.0,가솔린,오토,ORIGINAL,렌트,2025-03-20 09:02:03.000 +09,경기,,197하9878,0,0,0,0.0,0.0,0,0,
38624010,현대,싼타페 TM,가솔린 2.0T 2WD,프리미엄,201912.0,2020,2320.0,25239.0,가솔린,오토,ORIGINAL,일반,2025-03-20 09:02:03.000 +09,서울,시원모터스,161버5513,0,0,0,0.0,0.0,0,0,
38326529,현대,싼타페 (MX5),가솔린 2.5T 4WD,캘리그래피,202310.0,2024,4240.0,13756.0,가솔린,오토,ORIGINAL,일반,2025-03-20 09:02:03.000 +09,인천,오토피아,361나6927,0,0,0,0.0,0.0,0,0,
38188547,현대,더 뉴 싼타페,디젤 2.2 2WD,프리미엄 초이스,202009.0,2021,3040.0,41807.0,디젤,오토,ORIGINAL,일반,2025-03-20 09:02:03.000 +09,충남,(주)유카 천안지점,110누8313,3,0,2,311.7966,0.0,1,0,
37591196,현대,싼타페 더 프라임,디젤 2.0 4WD,1 밀리언,201610.0,2017,1400.0,179043.0,디젤,오토,ORIGINAL,일반,2025-03-20 09:02:03.000 +09,서울,(주)송암모터스,18거0325,2,1,1,429.483,0.0,0,0,
37230640,현대,싼타페 (MX5),HEV 1.6 4WD,캘리그래피,202310.0,2024,4490.0,10102.0,가솔린+전기,오토,ORIGINAL,일반,2025-03-20 09:02:03.000 +09,경기,월드모터스,153노4295,0,0,2,0.0,0.0,0,0,
39226070,현대,싼타페 더 프라임,디젤 2.0 2WD,프리미엄,201609.0,2016,1450.0,84488.0,디젤,오토,ORIGINAL,일반,2025-03-20 09:02:03.000 +09,인천,주식회사 하이카모터스,04소0232,1,1,3,6.734,51.043,0,0,
39220864,현대,싼타페 더 프라임,디젤 2.0 2WD,익스클루시브,201601.0,2016,1380.0,136640.0,디젤,오토,ORIGINAL,일반,2025-03-20 09:02:03.000 +09,경기,차투차,24저0206,3,0,0,212.1349,0.0,0,0,
39223010,현대,더 뉴 싼타페,HEV 1.6 2WD,익스클루시브,202109.0,2021,2830.0,78929.0,가솔린+전기,오토,ORIGINAL,일반,2025-03-20 09:02:03.000 +09,충북,(주)더챔,137라8755,0,0,1,0.0,0.0,0,0,
39103238,현대,싼타페 TM,디젤 2.0 2WD,프레스티지,201808.0,2019,2090.0,68213.0,디젤,오토,ORIGINAL,일반,2025-03-20 09:02:03.000 +09,경기,(주)좋은차,39두2772,1,0,2,191.7034,0.0,0,0,
38962106,현대,더 뉴 싼타페,디젤 2.2 2WD,프레스티지,202212.0,2023,3040.0,19674.0,디젤,오토,ORIGINAL,일반,2025-03-20 09:02:03.000 +09,경기,(주)왕카,376주3377,0,1,1,0.0,123.8205,1,0,
38751774,현대,더 뉴 싼타페,가솔린 2.5T 4WD,프레스티지,202104.0,2021,2644.0,76860.0,가솔린,오토,ORIGINAL,일반,2025-03-20 09:01:56.000 +09,경기,제이씨모터스,163부2067,1,0,0,24.8095,0.0,0,0,
39083368,현대,싼타페 더 프라임,디젤 2.2 2WD,익스클루시브 스페셜,201507.0,2016,1190.0,175589.0,디젤,오토,ORIGINAL,일반,2025-03-20 09:01:53.000 +09,전북,선화모터스,35러9632,5,5,2,596.3099,1110.961,0,0,
39222008,현대,더 뉴 싼타페,HEV 1.6 4WD,캘리그래피,202302.0,2023,3899.0,34554.0,가솔린+전기,오토,ORIGINAL,일반,2025-03-20 09:01:41.000 +09,경기,(주)카마트몰,222주9026,0,0,0,0.0,0.0,0,0,
39257673,현대,더 뉴 싼타페,HEV 1.6 4WD,캘리그래피,202304.0,2023,3999.0,31003.0,가솔린+전기,오토,ORIGINAL,일반,2025-03-20 09:01:41.000 +09,경기,(주)카마트몰,178다1702,0,0,0,0.0,0.0,0,0,
39263524,현대,더 뉴 싼타페,디젤 2.2 2WD,프리미엄 초이스,202101.0,2021,2520.0,66004.0,디젤,오토,ORIGINAL,일반,2025-03-20 09:01:10.000 +09,경기,차투차,202나4690,1,0,1,71.336,0.0,1,0,
38587639,현대,싼타페 TM,가솔린 2.0T 4WD,인스퍼레이션,201907.0,2020,2690.0,93886.0,가솔린,오토,ORIGINAL,일반,2025-03-20 09:01:10.000 +09,대구,올카모터스,41루6004,0,1,1,0.0,176.887,0,0,
38537163,현대,더 뉴 싼타페,HEV 1.6 2WD,프레스티지,202107.0,2022,2750.0,99474.0,가솔린+전기,오토,ORIGINAL,일반,2025-03-20 09:01:10.000 +09,경기,(주)에스비즈,231고6391,1,0,1,114.3614,0.0,0,0,
39071619,현대,싼타페 TM,디젤 2.0 2WD,프레스티지,201909.0,2020,2500.0,44028.0,디젤,오토,ORIGINAL,일반,2025-03-20 09:01:10.000 +09,경기,최강모터스,362더9678,0,0,1,0.0,0.0,0,0,
38498092,현대,더 뉴 싼타페,가솔린 2.5T 2WD,프레스티지,202301.0,2023,2999.0,36321.0,가솔린,오토,ORIGINAL,일반,2025-03-20 09:01:04.000 +09,경기,다원오토,110고1565,0,0,2,0.0,0.0,0,0,
38853300,현대,싼타페 TM,디젤 2.0 2WD,프레스티지,202001.0,2020,2350.0,74118.0,디젤,오토,ORIGINAL,일반,2025-03-20 09:01:04.000 +09,경기,의정부 오토갤러리,224다2415,1,0,2,48.9883,0.0,0,0,
39110170,현대,싼타페 CM,2WD(2.2VGT) MLX,기본형,200710.0,2008,340.0,153812.0,디젤,오토,ORIGINAL,일반,2025-03-20 09:01:04.000 +09,경기,차만사,342서3360,1,0,5,44.2588,0.0,1,0,
39239582,현대,싼타페 DM,디젤(e-VGT) 2.0 2WD 익스클루시브,(세부등급 없음),201407.0,2015,1279.0,96362.0,디젤,오토,ORIGINAL,일반,2025-03-20 09:01:04.000 +09,경기,다원오토,66두6927,1,0,1,5.254,0.0,0,0,
39255753,현대,싼타페 (MX5),가솔린 2.5T 2WD,캘리그래피,202401.0,2024,4390.0,13801.0,가솔린,오토,ORIGINAL,일반,2025-03-20 09:01:03.000 +09,경기,(주)준모터스,142모1565,0,0,1,0.0,0.0,0,0,
38641352,현대,싼타페 TM,디젤 2.2 4WD,프레스티지,201904.0,2019,2490.0,75907.0,디젤,오토,ORIGINAL,일반,2025-03-20 09:01:03.000 +09,서울,시원모터스,69수8857,4,3,0,175.9389,152.154,0,0,
38574776,현대,더 뉴 싼타페,HEV 1.6 2WD,프레스티지,202107.0,2022,2990.0,46298.0,가솔린+전기,오토,ORIGINAL,일반,2025-03-20 09:01:03.000 +09,경기,하이모터스,133너8681,0,0,0,0.0,0.0,0,0,
38447385,현대,싼타페 TM,가솔린 2.0T 4WD,인스퍼레이션,201807.0,2019,2790.0,39699.0,가솔린,오토,ORIGINAL,일반,2025-03-20 09:01:03.000 +09,인천,왕성자동차매매상사,42어7931,1,0,1,152.751,0.0,0,0,
39100665,현대,싼타페 (MX5),HEV 1.6 2WD,캘리그래피,202412.0,2024,5999.0,151.0,가솔린+전기,오토,ORIGINAL,일반,2025-03-20 09:01:03.000 +09,경기,(주)모던카,251머5067,0,0,1,0.0,0.0,1,0,
39023431,현대,싼타페 TM,디젤 2.0 2WD,프레스티지,201910.0,2020,1770.0,109024.0,디젤,오토,ORIGINAL,일반,2025-03-20 09:01:03.000 +09,인천,주식회사 제이제이오토컴퍼니,136거6598,5,4,1,595.95,386.7648,0,0,
38869870,현대,더 뉴 싼타페,디젤 2.2 2WD,프리미엄 초이스,202012.0,2020,2499.0,43464.0,디젤,오토,ORIGINAL,일반,2025-03-20 09:01:03.000 +09,충남,천안지점 주) 유카,366머2367,0,0,1,0.0,0.0,1,0,
39215555,현대,싼타페 TM,디젤 2.0 4WD,익스클루시브 스페셜,201904.0,2019,2350.0,67119.0,디젤,오토,ORIGINAL,일반,2025-03-20 09:01:03.000 +09,경기,(주)카핑,196부4344,1,0,1,52.1227,0.0,1,0,
39158645,현대,싼타페 (MX5),가솔린 2.5T 2WD,프레스티지,202407.0,2024,3840.0,13726.0,가솔린,오토,ORIGINAL,일반,2025-03-20 09:01:03.000 +09,경기,(주)준모터스,130거8119,0,0,0,0.0,0.0,0,0,
39193587,현대,싼타페 CM,2WD(2.0 e-VGT) MLX,럭셔리,201104.0,2011,499.0,169897.0,디젤,오토,ORIGINAL,일반,2025-03-20 09:01:03.000 +09,인천,붕붕자동차,19노1394,2,3,1,94.465,223.4528,0,0,
38997445,현대,더 뉴 싼타페,디젤 2.2 4WD,프리미엄,202106.0,2021,2499.0,97614.0,디젤,오토,ORIGINAL,일반,2025-03-20 09:01:02.000 +09,경기,오토프라임,152로1103,0,0,1,0.0,0.0,1,0,
39063884,현대,더 뉴 싼타페,디젤 2.2 4WD,프리미엄,202008.0,2021,2399.0,82833.0,디젤,오토,ORIGINAL,일반,2025-03-20 09:01:01.000 +09,경기,오토프라임,201다2665,0,0,1,0.0,0.0,1,0,
38256046,현대,더 뉴 싼타페,디젤 2.2 4WD,캘리그래피,202009.0,2021,2339.0,149605.0,디젤,오토,ORIGINAL,일반,2025-03-20 09:01:01.000 +09,경기,오토프라임,122저4252,1,2,1,539.258,280.5359,1,0,
38679426,현대,더 뉴 싼타페,디젤 2.2 4WD,프리미엄,202108.0,2021,2159.0,137522.0,디젤,오토,ORIGINAL,일반,2025-03-20 09:01:01.000 +09,경기,오토프라임,246조6085,1,1,1,94.7669,91.2368,1,0,
39143923,현대,더 뉴 싼타페,디젤 2.2 4WD,프리미엄,202104.0,2021,2459.0,81494.0,디젤,오토,ORIGINAL,일반,2025-03-20 09:01:01.000 +09,경기,오토프라임,137우9405,0,0,1,0.0,0.0,1,0,
38679287,현대,더 뉴 싼타페,디젤 2.2 4WD,프리미엄 초이스,202104.0,2021,2999.0,64507.0,디젤,오토,ORIGINAL,일반,2025-03-20 09:01:01.000 +09,경기,오토프라임,246조6048,0,0,1,0.0,0.0,1,0,
39135277,현대,더 뉴 싼타페,디젤 2.2 4WD,프리미엄,202007.0,2021,2199.0,126000.0,디젤,오토,ORIGINAL,일반,2025-03-20 09:01:01.000 +09,경기,오토프라임,269보8625,0,2,1,0.0,179.2555,1,0,
38705703,현대,더 뉴 싼타페,디젤 2.2 4WD,프리미엄,202104.0,2021,2499.0,50179.0,디젤,오토,ORIGINAL,일반,2025-03-20 09:01:01.000 +09,경기,오토프라임,130수3281,0,0,1,0.0,0.0,1,0,
39193823,현대,더 뉴 싼타페,디젤 2.2 4WD,프리미엄 초이스,202104.0,2021,2769.0,78715.0,디젤,오토,ORIGINAL,일반,2025-03-20 09:01:01.000 +09,경기,오토프라임,269우2270,0,0,1,0.0,0.0,1,0,
38376952,현대,더 뉴 싼타페,디젤 2.2 4WD,프리미엄,202007.0,2021,2080.0,154951.0,디젤,오토,ORIGINAL,일반,2025-03-20 09:01:01.000 +09,경기,오토프라임,123어8029,0,1,2,0.0,134.0509,1,0,
38525822,현대,더 뉴 싼타페,디젤 2.2 4WD,프레스티지,202011.0,2021,2999.0,50301.0,디젤,오토,ORIGINAL,일반,2025-03-20 09:01:00.000 +09,경기,오토프라임,219무4716,1,0,1,74.0064,0.0,1,0,
39135310,현대,더 뉴 싼타페,디젤 2.2 4WD,프레스티지,202103.0,2021,2839.0,79800.0,디젤,오토,ORIGINAL,일반,2025-03-20 09:01:00.000 +09,경기,오토프라임,130수3274,0,2,1,0.0,153.8739,1,0,
39058255,현대,더 뉴 싼타페,디젤 2.2 4WD,프리미엄,202008.0,2021,2439.0,73935.0,디젤,오토,ORIGINAL,일반,2025-03-20 09:01:00.000 +09,경기,오토프라임,219어9616,0,0,1,0.0,0.0,1,0,
38763911,현대,더 뉴 싼타페,디젤 2.2 4WD,프레스티지,202102.0,2021,2939.0,73242.0,디젤,오토,ORIGINAL,일반,2025-03-20 09:01:00.000 +09,경기,오토프라임,228나2884,0,0,1,0.0,0.0,1,0,
39192548,현대,더 뉴 싼타페,디젤 2.2 2WD,프리미엄,202105.0,2021,2290.0,98525.0,디젤,오토,ORIGINAL,일반,2025-03-20 09:01:00.000 +09,경기,오토프라임,261더2594,0,1,1,0.0,63.5619,1,0,
38302692,현대,더 뉴 싼타페,가솔린 2.5T 2WD,캘리그래피,202104.0,2021,3200.0,48994.0,가솔린,오토,ORIGINAL,일반,2025-03-20 09:00:52.000 +09,강원,국제자동차,140소9989,0,0,1,0.0,0.0,0,0,
39202014,현대,싼타페 TM,디젤 2.0 2WD,익스클루시브 스페셜,201807.0,2019,2130.0,72402.0,디젤,오토,ORIGINAL,일반,2025-03-20 09:00:52.000 +09,부산,(주)승학모터스,28루5330,1,1,2,70.2871,57.6308,0,0,
39246512,현대,싼타페 더 프라임,디젤 2.0 2WD,프리미엄,201509.0,2016,1230.0,133545.0,디젤,오토,ORIGINAL,일반,2025-03-20 09:00:39.000 +09,경기,상승자동차,58두0771,2,0,0,130.9569,0.0,0,0,
38207709,현대,더 뉴 싼타페,가솔린 2.5T 2WD,캘리그래피,202208.0,2022,3280.0,33235.0,가솔린,오토,ORIGINAL,일반,2025-03-20 09:00:39.000 +09,경기,상승자동차,254서5897,1,1,2,275.5,60.0,0,0,
39239078,현대,싼타페 더 프라임,디젤 2.0 4WD,익스클루시브,201611.0,2017,1460.0,143046.0,디젤,오토,ORIGINAL,일반,2025-03-20 09:00:20.000 +09,경기,(주)카마트몰,50루0209,2,0,0,114.9923,0.0,0,0,
39149981,현대,더 뉴 싼타페,디젤 2.2 2WD,프레스티지,202011.0,2021,2610.0,65087.0,디젤,오토,ORIGINAL,일반,2025-03-20 09:00:20.000 +09,경기,(주)카마트몰,349다6597,0,1,2,0.0,35.9823,0,0,
38434193,현대,더 뉴 싼타페,디젤 2.2 2WD,캘리그래피,202008.0,2021,3350.0,66959.0,디젤,오토,ORIGINAL,일반,2025-03-20 09:00:20.000 +09,경기,(주)오토피아,332오7867,0,0,1,0.0,0.0,0,0,
39095672,현대,싼타페 TM,가솔린 2.0T 2WD,익스클루시브,202002.0,2020,2050.0,94771.0,가솔린,오토,ORIGINAL,일반,2025-03-20 09:00:19.000 +09,인천,중원모터스,150머7326,9,5,1,856.0627,654.0857,1,0,
39069337,현대,싼타페 더 프라임,디젤 2.0 2WD,프리미엄,201605.0,2016,1230.0,124000.0,디젤,오토,ORIGINAL,일반,2025-03-20 09:00:19.000 +09,대전,골드모터스,59서4619,1,0,3,139.3236,0.0,0,0,
39113728,현대,싼타페 TM,디젤 2.0 2WD,익스클루시브,202005.0,2020,1760.0,130247.0,디젤,오토,ORIGINAL,일반,2025-03-20 09:00:19.000 +09,경기,㈜오토핸즈,178하8165,0,2,0,0.0,163.0939,0,0,
39234605,현대,싼타페 TM,디젤 2.0 2WD,익스클루시브,202002.0,2020,2080.0,93646.0,디젤,오토,ORIGINAL,일반,2025-03-20 09:00:19.000 +09,경기,코오롱모빌리티 김포,159호7582,0,0,0,0.0,0.0,0,0,
39036074,현대,싼타페 TM,가솔린 2.0T 2WD,프레스티지,201906.0,2020,2150.0,98029.0,가솔린,오토,ORIGINAL,일반,2025-03-20 09:00:19.000 +09,경기,(주)왕카,191가9810,2,0,4,106.3187,0.0,1,0,
39240690,현대,싼타페 TM,디젤 2.0 4WD,인스퍼레이션,201809.0,2019,2060.0,125257.0,디젤,오토,ORIGINAL,일반,2025-03-20 09:00:18.000 +09,경기,케이카 화곡지점,08가8967,1,0,2,40.9999,0.0,0,0,
39114473,현대,더 뉴 싼타페,HEV 1.6 2WD,캘리그래피,202302.0,2023,3630.0,39737.0,가솔린+전기,오토,ORIGINAL,일반,2025-03-20 09:00:17.000 +09,경기,케이카 화곡지점,170더3268,0,0,1,0.0,0.0,0,0,
38993477,현대,싼타페 TM,디젤 2.0 2WD,프레스티지,201911.0,2020,2550.0,38116.0,디젤,오토,ORIGINAL,일반,2025-03-20 09:00:10.000 +09,서울,대디모터스,259주2522,1,1,1,48.088,31.772,0,0,
38970089,현대,싼타페 TM,디젤 2.0 2WD,프레스티지,201904.0,2019,2120.0,127193.0,디젤,오토,ORIGINAL,일반,2025-03-20 09:00:10.000 +09,전북,유카,28더5258,0,0,1,0.0,0.0,0,0,
38728550,현대,더 뉴 싼타페,디젤 2.2 2WD,프레스티지,202007.0,2021,2670.0,68594.0,디젤,오토,ORIGINAL,일반,2025-03-20 09:00:10.000 +09,부산,주식회사 주안모터스,252우8563,0,0,0,0.0,0.0,0,0,
39052014,현대,싼타페 TM,디젤 2.0 2WD,프레스티지,201809.0,2019,2150.0,85203.0,디젤,오토,ORIGINAL,일반,2025-03-20 09:00:10.000 +09,서울,(주) 시원 모터스,60무3512,3,1,0,221.0649,91.7201,0,0,
39068170,현대,싼타페 (MX5),가솔린 2.5T 2WD,익스클루시브,202405.0,2024,3400.0,12303.0,가솔린,오토,ORIGINAL,일반,2025-03-20 09:00:10.000 +09,경남,점보모터스,207소8297,0,0,0,0.0,0.0,0,0,
39067656,현대,더 뉴 싼타페,디젤 2.2 2WD,프리미엄,202009.0,2021,2370.0,97457.0,디젤,오토,ORIGINAL,일반,2025-03-20 09:00:10.000 +09,경기,세모카,171서9248,0,0,0,0.0,0.0,0,0,
39051566,현대,싼타페 TM,디젤 2.0 2WD,프리미엄,201903.0,2019,1840.0,73272.0,디젤,오토,ORIGINAL,일반,2025-03-20 09:00:10.000 +09,인천,착한중고차,15루1378,8,2,1,816.8899,97.244,0,0,
39090377,현대,싼타페 (MX5),가솔린 2.5T 2WD,익스클루시브,202311.0,2024,3530.0,14507.0,가솔린,오토,ORIGINAL,일반,2025-03-20 09:00:10.000 +09,경기,㈜오토핸즈,261부2854,0,0,1,0.0,0.0,1,0,
39099978,현대,싼타페 TM,가솔린 2.0T 2WD,익스클루시브 스페셜,201806.0,2019,2190.0,109372.0,가솔린,오토,ORIGINAL,일반,2025-03-20 09:00:10.000 +09,인천,주식회사 시우자동차3,01소6844,0,1,1,0.0,51.565,0,0,
39065857,현대,싼타페 TM,디젤 2.0 2WD,익스클루시브 스페셜,201810.0,2019,2200.0,104983.0,디젤,오토,ORIGINAL,일반,2025-03-20 09:00:10.000 +09,경기,(주)예스카,10수8567,0,0,0,0.0,0.0,0,0,
38400384,현대,더 뉴 싼타페,HEV 1.6 2WD,캘리그래피,202308.0,2023,3199.0,7866.0,가솔린+전기,오토,ORIGINAL,일반,2025-03-20 09:00:10.000 +09,대구,대원모터스,243머7437,1,0,6,1791.2624,0.0,0,0,
38271841,현대,싼타페 더 프라임,디젤 2.0 2WD,프리미엄,201507.0,2016,1190.0,101330.0,디젤,오토,ORIGINAL,일반,2025-03-20 09:00:10.000 +09,충남,(주)유카,11두5833,3,6,6,317.6672,1403.2532,0,0,
39162803,현대,싼타페 (MX5),가솔린 2.5T 2WD,캘리그래피,202409.0,2024,3514.0,1560.0,가솔린,오토,ORIGINAL,렌트,2025-03-20 09:00:10.000 +09,인천,,229호3854,0,0,0,0.0,0.0,0,0,
39160602,현대,더 뉴 싼타페,HEV 1.6 2WD,캘리그래피,202302.0,2023,3720.0,19191.0,가솔린+전기,오토,ORIGINAL,일반,2025-03-20 09:00:10.000 +09,인천,(주)에이엠지모터스,204어8991,0,0,0,0.0,0.0,0,0,
39121791,현대,싼타페 DM,디젤(e-VGT) 2.0 2WD 익스클루시브,(세부등급 없음),201401.0,2014,1160.0,119636.0,디젤,오토,ORIGINAL,일반,2025-03-20 09:00:10.000 +09,울산,극동모터스,25어1839,1,2,0,272.7319,312.252,0,0,
39220462,현대,더 뉴 싼타페,HEV 1.6 2WD,캘리그래피,202303.0,2023,3780.0,15293.0,가솔린+전기,오토,ORIGINAL,일반,2025-03-20 09:00:09.000 +09,서울,(주)명성모터스,392나1264,0,0,0,0.0,0.0,0,0,
39218695,현대,싼타페 TM,디젤 2.0 2WD,익스클루시브 스페셜,201903.0,2019,1750.0,222969.0,디젤,오토,ORIGINAL,일반,2025-03-20 09:00:09.000 +09,경기,(주)카마트몰,46보6084,1,0,1,95.1145,0.0,0,0,
38530588,현대,싼타페 TM,가솔린 2.0T 2WD,프레스티지,201912.0,2020,2390.0,54213.0,가솔린,오토,ORIGINAL,일반,2025-03-20 09:00:09.000 +09,부산,OS모터스(주),333가7310,0,0,1,0.0,0.0,0,0,
38406149,현대,싼타페 TM,디젤 2.0 4WD,프레스티지,201903.0,2019,2720.0,31545.0,디젤,오토,ORIGINAL,일반,2025-03-20 09:00:09.000 +09,경기,(주)카마트몰,281노6767,0,0,2,0.0,0.0,1,0,
38368976,현대,더 뉴 싼타페,HEV 1.6 2WD,프레스티지,202107.0,2022,3120.0,59113.0,가솔린+전기,오토,ORIGINAL,일반,2025-03-20 09:00:09.000 +09,경기,(주)카마트몰,384가1644,2,0,1,98.0519,0.0,0,0,
38330112,현대,싼타페 TM,가솔린 2.0T 4WD,인스퍼레이션,201909.0,2020,2270.0,107217.0,가솔린,오토,ORIGINAL,일반,2025-03-20 09:00:09.000 +09,대구,디에스모터스,225우9486,3,0,3,503.2576,0.0,1,0,
38766683,현대,싼타페 더 프라임,디젤 2.0 2WD,익스클루시브,201603.0,2016,1100.0,249187.0,디젤,오토,ORIGINAL,일반,2025-03-20 09:00:09.000 +09,경기,(주)카마트몰,37오0545,2,2,0,76.6098,113.2834,0,0,
38749435,현대,싼타페 더 프라임,디젤 2.0 2WD,익스클루시브 스페셜,201604.0,2016,1290.0,173185.0,디젤,오토,ORIGINAL,일반,2025-03-20 09:00:09.000 +09,경기,(주)카마트몰,41모0794,0,0,0,0.0,0.0,0,0,
38675641,현대,더 뉴 싼타페,디젤 2.2 2WD,프리미엄,202007.0,2021,2050.0,91247.0,디젤,오토,ORIGINAL,일반,2025-03-20 09:00:09.000 +09,부산,스마일 모터스,208누9109,0,0,1,0.0,0.0,1,0,
38675205,현대,싼타페 TM,디젤 2.0 2WD,프레스티지,201910.0,2020,2340.0,84441.0,디젤,오토,ORIGINAL,일반,2025-03-20 09:00:09.000 +09,부산,OS모터스(주),248노6781,1,2,2,47.12,141.2421,0,0,
38746922,현대,더 뉴 싼타페,디젤 2.2 2WD,캘리그래피,202010.0,2021,3140.0,67761.0,디젤,오토,ORIGINAL,일반,2025-03-20 09:00:09.000 +09,경기,(주)오토피아,356수3112,0,0,2,0.0,0.0,0,0,
38680673,현대,싼타페 더 프라임,디젤 2.0 2WD,프리미엄,201603.0,2016,1290.0,141046.0,디젤,오토,ORIGINAL,일반,2025-03-20 09:00:09.000 +09,경기,(주)카마트몰,50소0945,0,0,1,0.0,0.0,0,0,
38666820,현대,싼타페 TM,디젤 2.0 2WD,익스클루시브 스페셜,201805.0,2019,2040.0,102584.0,디젤,오토,ORIGINAL,일반,2025-03-20 09:00:09.000 +09,부산,OS모터스(주),52고3334,2,0,2,146.8085,0.0,0,0,
39161531,현대,더 뉴 싼타페,디젤 2.2 2WD,익스클루시브,202203.0,2022,2390.0,105641.0,디젤,오토,ORIGINAL,일반,2025-03-20 09:00:09.000 +09,경기,(주)카마트몰,295노9924,1,0,0,54.0937,0.0,0,0,
39155550,현대,더 뉴 싼타페,디젤 2.2 2WD,익스클루시브,202302.0,2023,2789.0,44293.0,디젤,오토,ORIGINAL,일반,2025-03-20 09:00:09.000 +09,경기,(주)빅보스모터스,379너6040,0,1,0,0.0,66.0,0,0,
39075402,현대,싼타페 (MX5),가솔린 2.5T 2WD,프레스티지 플러스,202501.0,2025,3650.0,255.0,가솔린,오토,ORIGINAL,일반,2025-03-20 09:00:09.000 +09,대구,오토핸즈 대구직영점,264거2541,0,1,0,0.0,0.0,0,0,
39059650,현대,더 뉴 싼타페,디젤 2.2 2WD,프레스티지,202008.0,2021,2690.0,70629.0,디젤,오토,ORIGINAL,일반,2025-03-20 09:00:09.000 +09,경기,(주)카마트몰,149나8658,0,0,0,0.0,0.0,0,0,
39138918,현대,싼타페 더 프라임,디젤 2.0 2WD,프리미엄,201606.0,2016,1210.0,168013.0,디젤,오토,ORIGINAL,일반,2025-03-20 09:00:09.000 +09,경기,(주)카마트몰,57도0526,1,0,1,40.1123,0.0,0,0,
39002631,현대,싼타페 더 프라임,디젤 2.0 2WD,밸류 플러스,201709.0,2018,1360.0,138717.0,디젤,오토,ORIGINAL,일반,2025-03-20 09:00:09.000 +09,경기,(주)카마트몰,21다7551,1,0,0,238.7708,0.0,0,0,
39043236,현대,싼타페 TM,디젤 2.0 2WD,모던,201809.0,2019,1790.0,88855.0,디젤,오토,ORIGINAL,일반,2025-03-20 09:00:09.000 +09,경기,(주)카마트몰,54가6755,0,0,1,0.0,0.0,0,0,
37221242,현대,싼타페,2.0 VGT 디젤 2WD GOLD,기본형,200405.0,2004,249.0,133000.0,디젤,오토,ORIGINAL,일반,2025-03-20 09:00:06.000 +09,부산,J 모터스,17마8573,4,2,1,221.254,259.625,0,0,
39161659,현대,싼타페 (MX5),가솔린 2.5T 2WD,프레스티지,202401.0,2024,3999.0,12073.0,가솔린,오토,ORIGINAL,일반,2025-03-20 09:00:04.000 +09,대구,M월드 봉모터스,161수5010,1,0,0,125.8129,0.0,0,0,
39148590,현대,더 뉴 싼타페,디젤 2.2 4WD,캘리그래피,202107.0,2021,3390.0,105163.0,디젤,오토,ORIGINAL,일반,2025-03-20 08:59:49.000 +09,경기,유일상사,386다8967,1,0,0,54.994,0.0,0,0,
39107631,현대,싼타페 TM,디젤 2.0 2WD,프리미엄,201812.0,2019,1780.0,94047.0,디젤,오토,ORIGINAL,일반,2025-03-20 08:59:49.000 +09,광주,송원모터스,223조2016,2,3,2,175.8476,127.197,1,0,
38794704,현대,싼타페 TM,디젤 2.0 4WD,프레스티지,201804.0,2019,2190.0,85149.0,디젤,오토,ORIGINAL,일반,2025-03-20 08:59:49.000 +09,경기,유일상사,39저1604,2,0,4,322.592,0.0,0,0,
39266585,현대,더 뉴 싼타페,디젤 2.2 4WD,익스클루시브,202205.0,2022,3199.0,13850.0,디젤,오토,ORIGINAL,일반,2025-03-20 08:59:48.000 +09,경기,준모터스,193허3398,0,0,0,0.0,0.0,0,0,
38192132,현대,더 뉴 싼타페,디젤 2.2 2WD,캘리그래피,202010.0,2021,3150.0,62819.0,디젤,오토,ORIGINAL,일반,2025-03-20 08:59:47.000 +09,부산,(주)라임모터스,275보7698,1,1,0,83.028,56.852,0,0,
39168236,현대,싼타페 더 프라임,디젤 2.0 2WD,익스클루시브,201510.0,2016,1380.0,116256.0,디젤,오토,ORIGINAL,일반,2025-03-20 08:59:47.000 +09,부산,(주)라임모터스,45버5610,2,1,2,168.966,77.174,0,0,
38177023,현대,더 뉴 싼타페,가솔린 2.5T 2WD,익스클루시브,202207.0,2022,2799.0,10103.0,가솔린,오토,ORIGINAL,일반,2025-03-20 08:59:39.000 +09,경기,(주)샵5모터스,196버7038,0,0,1,0.0,0.0,0,0,
39214702,현대,싼타페 TM,디젤 2.0 2WD,익스클루시브,202005.0,2020,1980.0,116578.0,디젤,오토,ORIGINAL,일반,2025-03-20 08:59:33.000 +09,경기,주식회사 현대상사,283버5398,0,0,0,0.0,0.0,0,0,
37379096,현대,싼타페 TM,디젤 2.0 2WD,프리미엄,201804.0,2019,1990.0,38997.0,디젤,오토,ORIGINAL,일반,2025-03-20 08:59:30.000 +09,전북,동부상사,371더6444,1,0,2,182.4189,0.0,1,0,
39168851,현대,싼타페 DM,디젤(e-VGT) 2.0 2WD 익스클루시브,스페셜,201404.0,2015,1180.0,118644.0,디젤,오토,ORIGINAL,일반,2025-03-20 08:59:26.000 +09,부산,태화모터스,58모9545,0,0,0,0.0,0.0,0,0,
39249336,현대,더 뉴 싼타페,디젤 2.2 4WD,프리미엄,202008.0,2021,2150.0,121456.0,디젤,오토,ORIGINAL,일반,2025-03-20 08:59:16.000 +09,대전,(주)뉴비카,279마5921,1,0,0,0.0,0.0,1,0,
38711336,현대,싼타페 TM,가솔린 2.0T 2WD,프레스티지,202001.0,2020,2300.0,66446.0,가솔린,오토,ORIGINAL,일반,2025-03-20 08:59:02.000 +09,경기,(주)우리들모터스,111누5913,1,0,2,0.0,0.0,1,0,
39252077,현대,싼타페 더 프라임,디젤 2.0 2WD,프리미엄,201512.0,2016,990.0,123939.0,디젤,오토,ORIGINAL,일반,2025-03-20 08:58:58.000 +09,인천,(주)대한모터스,12루5253,4,1,2,1074.0414,193.0,1,0,
39261395,현대,싼타페 DM,디젤(e-VGT) 2.0 2WD 익스클루시브,(세부등급 없음),201501.0,2015,1260.0,122000.0,디젤,오토,ORIGINAL,일반,2025-03-20 08:58:55.000 +09,부산,로다오토모빌,33로1327,1,2,1,66.1934,107.8128,0,0,
39034121,현대,싼타페 TM,가솔린 2.0T 2WD,프레스티지,201909.0,2020,2650.0,35202.0,가솔린,오토,ORIGINAL,일반,2025-03-20 08:58:46.000 +09,서울,(주)태성모터스,285도5582,0,0,0,0.0,0.0,0,0,
39132400,현대,싼타페 TM,디젤 2.0 2WD,익스클루시브 스페셜,201807.0,2019,2170.0,67093.0,디젤,오토,ORIGINAL,일반,2025-03-20 08:58:40.000 +09,대구,오토플러스(주),57가3870,1,0,0,46.5111,0.0,0,0,
38921507,현대,싼타페 더 프라임,디젤 2.0 2WD,밸류 플러스,201705.0,2018,1670.0,74855.0,디젤,오토,ORIGINAL,일반,2025-03-20 08:58:39.000 +09,대구,오토플러스(주),13조1031,2,0,1,149.0617,0.0,0,0,
38814610,현대,싼타페 TM,디젤 2.0 2WD,익스클루시브 스페셜,201808.0,2019,2050.0,93822.0,디젤,오토,ORIGINAL,일반,2025-03-20 08:58:39.000 +09,대구,오토플러스(주),32오2812,0,1,0,0.0,57.588,0,0,
39250980,현대,싼타페 (MX5),가솔린 2.5T 2WD,프레스티지,202310.0,2024,3620.0,20195.0,가솔린,오토,ORIGINAL,일반,2025-03-20 08:58:25.000 +09,경기,힐링모터스,116부6977,1,0,1,121.4918,0.0,0,0,
39145056,현대,더 뉴 싼타페,가솔린 2.5T 2WD,프레스티지,202102.0,2021,2700.0,50770.0,가솔린,오토,ORIGINAL,일반,2025-03-20 08:58:25.000 +09,경기,힐링모터스,369조8328,1,0,0,161.0043,0.0,0,0,
38938670,현대,더 뉴 싼타페,디젤 2.2 2WD,익스클루시브,202301.0,2023,2760.0,44927.0,디젤,오토,ORIGINAL,일반,2025-03-20 08:58:24.000 +09,경기,힐링모터스,268너1124,1,0,0,38.516,0.0,0,0,
39249566,현대,싼타페 (MX5),가솔린 2.5T 2WD,프레스티지,202407.0,2024,3680.0,3931.0,가솔린,오토,ORIGINAL,일반,2025-03-20 08:58:24.000 +09,경기,힐링모터스,230누4334,0,0,0,0.0,0.0,0,0,
39074642,현대,싼타페 TM,디젤 2.0 2WD,익스클루시브 스페셜,201808.0,2019,1899.0,108556.0,디젤,오토,ORIGINAL,일반,2025-03-20 08:57:57.000 +09,경기,아차차,146우5405,1,4,2,79.3689,275.0496,1,0,
39217048,현대,싼타페 TM,디젤 2.0 2WD,프레스티지,201812.0,2019,9999.0,56904.0,디젤,오토,ORIGINAL,일반,2025-03-20 08:57:31.000 +09,전남,으라차차모터스,21두2990,0,0,2,0.0,0.0,0,0,
39186979,현대,싼타페 더 프라임,디젤 2.0 2WD,프리미엄,201609.0,2016,950.0,155767.0,디젤,오토,ORIGINAL,일반,2025-03-20 08:57:21.000 +09,대구,해성모터스,176우8749,1,2,2,109.81,336.4296,1,0,
38576371,현대,싼타페 TM,디젤 2.2 2WD,인스퍼레이션,201901.0,2019,2490.0,89879.0,디젤,오토,ORIGINAL,일반,2025-03-20 08:57:02.000 +09,경남,(주)이레모터스,69러3459,1,0,1,190.436,0.0,0,0,
39083016,현대,더 뉴 싼타페,가솔린 2.5T 2WD,캘리그래피,202012.0,2021,3330.0,17623.0,가솔린,오토,ORIGINAL,일반,2025-03-20 08:57:02.000 +09,경기,지오모터스,114다1801,0,0,1,0.0,0.0,0,0,
39072724,현대,싼타페 TM,가솔린 2.0T 2WD,인스퍼레이션,201903.0,2019,2290.0,119612.0,가솔린,오토,ORIGINAL,일반,2025-03-20 08:56:56.000 +09,대전,청명자동차,183버2958,1,0,2,40.115,0.0,1,0,
39101013,현대,싼타페 TM,디젤 2.0 2WD,프레스티지,201902.0,2019,1870.0,126848.0,디젤,오토,ORIGINAL,일반,2025-03-20 08:56:56.000 +09,대전,청명자동차,40라6918,3,4,0,410.7386,544.2738,0,0,
39067484,현대,싼타페 DM,디젤(e-VGT) 2.0 4WD 프리미엄,,201403.0,2015,990.0,155912.0,디젤,오토,ORIGINAL,일반,2025-03-20 08:56:53.000 +09,부산,온누리모터스 대표,53어8188,1,4,2,142.3258,318.2328,0,0,
39111016,현대,더 뉴 싼타페,디젤 2.2 4WD,프레스티지,202105.0,2021,2650.0,127802.0,디젤,오토,ORIGINAL,일반,2025-03-20 08:56:51.000 +09,광주,(유)홍카모터스,163조2032,2,2,1,268.3769,119.264,0,0,
39019134,현대,싼타페 더 프라임,디젤 2.0 2WD,밸류 플러스,201705.0,2018,1650.0,85335.0,디젤,오토,ORIGINAL,일반,2025-03-20 08:56:18.000 +09,충북,95모터스,09버3067,1,0,1,126.9888,0.0,0,0,
39171277,현대,싼타페 더 프라임,디젤 2.0 2WD,익스클루시브 스페셜,201507.0,2016,9999.0,138283.0,디젤,오토,ORIGINAL,일반,2025-03-20 08:56:18.000 +09,충북,95모터스,22누2016,2,0,1,376.9621,0.0,0,0,
39153351,현대,싼타페 TM,디젤 2.2 4WD,인스퍼레이션,201910.0,2020,2350.0,121895.0,디젤,오토,ORIGINAL,일반,2025-03-20 08:56:18.000 +09,인천,재경자동차,233주1014,2,0,3,294.131,0.0,1,0,
38966144,현대,싼타페 TM,디젤 2.0 2WD,인스퍼레이션,201902.0,2019,2530.0,76282.0,디젤,오토,ORIGINAL,일반,2025-03-20 08:56:13.000 +09,대구,윤 모터스,250루1764,0,0,3,0.0,0.0,1,0,
39171297,현대,싼타페 TM,디젤 2.0 2WD,익스클루시브,202007.0,2020,1990.0,95397.0,디젤,오토,ORIGINAL,일반,2025-03-20 08:56:12.000 +09,경기,다온자동차,269보8627,0,2,1,0.0,187.7823,1,0,
38674836,현대,싼타페 더 프라임,디젤 2.0 2WD,프리미엄,201509.0,2016,1120.0,150441.0,디젤,오토,ORIGINAL,일반,2025-03-20 08:56:11.000 +09,전북,민모터스,08나0798,0,1,5,0.0,40.358,0,0,
39254403,현대,싼타페 (MX5),가솔린 2.5T 2WD,프레스티지,202403.0,2024,3760.0,8222.0,가솔린,오토,ORIGINAL,일반,2025-03-20 08:56:02.000 +09,서울,(주)한길유씨에스,183소2516,0,0,0,0.0,0.0,0,0,
39247729,현대,싼타페 TM,디젤 2.0 2WD,익스클루시브 스페셜,201903.0,2019,2299.0,62987.0,디젤,오토,ORIGINAL,일반,2025-03-20 08:55:54.000 +09,경남,붕붕모터스,30너5648,1,0,0,57.135,0.0,0,0,
38573157,현대,더 뉴 싼타페,가솔린 2.5T 2WD,프리미엄,202107.0,2021,2630.0,27986.0,가솔린,오토,ORIGINAL,일반,2025-03-20 08:55:45.000 +09,경남,강남모터스,175버6273,0,0,3,0.0,0.0,1,0,
39063015,현대,싼타페 더 프라임,디젤 2.0 2WD,프리미엄,201606.0,2016,1390.0,136185.0,디젤,오토,ORIGINAL,일반,2025-03-20 08:55:34.000 +09,부산,(주) 더마니카,12주0774,0,0,1,0.0,0.0,0,0,
38844162,현대,싼타페 TM,디젤 2.0 2WD,익스클루시브,201807.0,2019,2040.0,59281.0,디젤,오토,ORIGINAL,일반,2025-03-20 08:55:21.000 +09,경기,카메이트,108우3597,0,2,1,0.0,83.6813,1,0,
38074068,현대,더 뉴 싼타페,디젤 2.2 4WD,프레스티지,202208.0,2022,3750.0,35335.0,디젤,오토,ORIGINAL,일반,2025-03-20 08:55:13.000 +09,대전,(주)하이카,316수4834,0,0,1,0.0,0.0,1,0,
38083138,현대,더 뉴 싼타페,가솔린 2.5T 2WD,프레스티지,202103.0,2021,2790.0,57272.0,가솔린,오토,ORIGINAL,일반,2025-03-20 08:55:13.000 +09,대전,(주)하이카,152버8684,0,1,1,0.0,201.0567,0,0,
39144605,현대,싼타페 더 프라임,디젤 2.0 2WD,밸류 플러스,201801.0,2018,1430.0,101800.0,디젤,오토,ORIGINAL,일반,2025-03-20 08:55:03.000 +09,경기,윈모터스,03너5353,0,0,1,0.0,0.0,0,0,
39139904,현대,싼타페 (MX5),HEV 1.6 2WD,캘리그래피,202407.0,2024,4620.0,5857.0,가솔린+전기,오토,ORIGINAL,일반,2025-03-20 08:54:55.000 +09,광주,디에스모터스,185우9555,0,0,1,0.0,0.0,0,0,
39106960,현대,싼타페 TM,가솔린 2.0T 2WD,프리미엄,201902.0,2019,1650.0,197207.0,가솔린,오토,ORIGINAL,일반,2025-03-20 08:54:52.000 +09,광주,(주)케이자동차,27무5209,0,0,0,0.0,0.0,0,0,
38992936,현대,싼타페 TM,가솔린 2.0T 2WD,익스클루시브 스페셜,201904.0,2019,2470.0,48373.0,가솔린,오토,ORIGINAL,일반,2025-03-20 08:54:52.000 +09,광주,(주)케이자동차,07버8234,1,0,1,65.6005,0.0,0,0,
39098979,현대,싼타페 TM,가솔린 2.0T 2WD,프레스티지,201909.0,2020,2400.0,64549.0,가솔린,오토,ORIGINAL,일반,2025-03-20 08:54:41.000 +09,서울,(주)자동차친구,105버1336,1,1,2,66.011,139.587,0,0,
39182228,현대,싼타페 더 프라임,디젤 2.0 2WD,1 밀리언,201612.0,2017,1760.0,80145.0,디젤,오토,ORIGINAL,일반,2025-03-20 08:54:30.000 +09,전북,허니카모터스,37모6788,3,1,0,220.3616,151.656,0,0,
39194245,현대,싼타페 TM,디젤 2.0 2WD,프레스티지,201905.0,2020,2390.0,64133.0,디젤,오토,ORIGINAL,일반,2025-03-20 08:54:29.000 +09,대구,(주)히든 모터스,49마3724,0,3,1,0.0,409.2206,0,0,
36605240,현대,싼타페 DM,디젤(e-VGT) 2.0 2WD 프리미엄,,201304.0,2013,1080.0,110000.0,디젤,오토,ORIGINAL,일반,2025-03-20 08:54:15.000 +09,대구,월드모터스,18누8326,4,0,1,275.477,0.0,0,0,
36439663,현대,싼타페 DM,디젤(e-VGT) 2.0 2WD 익스클루시브,스페셜,201501.0,2015,1360.0,120000.0,디젤,오토,ORIGINAL,일반,2025-03-20 08:54:14.000 +09,대구,월드모터스,37모2082,3,2,3,131.2883,78.664,0,0,
38534764,현대,더 뉴 싼타페,디젤 2.2 4WD,프리미엄 초이스,202010.0,2021,2490.0,90341.0,디젤,오토,ORIGINAL,일반,2025-03-20 08:54:00.000 +09,경기,대한자동차,327라6966,0,0,1,0.0,0.0,0,0,
38564188,현대,더 뉴 싼타페,디젤 2.2 2WD,프리미엄,202009.0,2021,2580.0,45928.0,디젤,오토,ORIGINAL,일반,2025-03-20 08:53:52.000 +09,광주,주)삼흥모터스,332러2733,1,0,2,118.7229,0.0,1,0,
38556676,현대,더 뉴 싼타페,디젤 2.2 2WD,프리미엄 초이스,202011.0,2021,2530.0,93912.0,디젤,오토,ORIGINAL,일반,2025-03-20 08:53:52.000 +09,광주,주)삼흥모터스,144버6372,0,1,0,0.0,134.064,0,0,
39190035,현대,싼타페 DM,디젤(e-VGT) 2.2 4WD 익스클루시브,(세부등급 없음),201307.0,2014,1190.0,100780.0,디젤,오토,ORIGINAL,일반,2025-03-20 08:53:24.000 +09,경기,대한자동차,42부5098,2,2,0,96.3788,116.986,0,0,
39208879,현대,싼타페 TM,디젤 2.2 4WD,인스퍼레이션,201808.0,2019,9999.0,138488.0,디젤,오토,ORIGINAL,일반,2025-03-20 08:53:24.000 +09,경기,대한자동차,214보8602,2,0,1,155.6808,0.0,1,0,
38850749,현대,싼타페 더 프라임,디젤 2.2 4WD,익스클루시브 스페셜,201509.0,2016,1490.0,95871.0,디젤,오토,ORIGINAL,일반,2025-03-20 08:53:17.000 +09,경기,(주)에스비즈,69두7116,2,0,6,86.2596,0.0,0,0,
37990105,현대,싼타페 더 프라임,디젤 2.0 2WD,1 밀리언,201701.0,2017,1990.0,43989.0,디젤,오토,ORIGINAL,일반,2025-03-20 08:53:09.000 +09,서울,(주)오토월드코리아,29저4661,1,2,4,79.6327,347.3185,0,0,
38527785,현대,싼타페 더 프라임,디젤 2.0 4WD,1 밀리언,201608.0,2017,1820.0,92695.0,디젤,오토,ORIGINAL,일반,2025-03-20 08:53:08.000 +09,서울,(주)오토월드코리아,102조4267,0,2,4,0.0,265.917,1,0,
38776083,현대,싼타페 TM,디젤 2.0 2WD,익스클루시브,201908.0,2020,2299.0,69365.0,디젤,오토,ORIGINAL,일반,2025-03-20 08:53:04.000 +09,서울,(주)산다모터스,32구7978,0,0,2,0.0,0.0,0,0,
38443607,현대,싼타페 TM,디젤 2.0 4WD,프리미엄,201912.0,2020,2250.0,37273.0,디젤,오토,ORIGINAL,일반,2025-03-20 08:53:04.000 +09,경기,티에스오토,242두3701,0,0,1,0.0,0.0,1,0,
38999546,현대,싼타페 CM,2WD(2.0VGT) MLX,기본형,200905.0,2009,999.0,147739.0,디젤,오토,ORIGINAL,일반,2025-03-20 08:53:04.000 +09,경기,(주)건우모터스,69거9325,3,1,1,156.803,131.345,0,0,
39017055,현대,더 뉴 싼타페,가솔린 2.5T 2WD,프레스티지,202101.0,2021,2480.0,69376.0,가솔린,오토,ORIGINAL,일반,2025-03-20 08:52:38.000 +09,경기,(주)셀렉트오토,182하6384,0,1,0,0.0,89.2941,0,0,
38862274,현대,싼타페 TM,가솔린 2.0T 4WD,익스클루시브 스페셜,201806.0,2019,2455.0,66004.0,가솔린,오토,ORIGINAL,일반,2025-03-20 08:52:05.000 +09,경기,힐링모터스,34주2449,0,1,1,0.0,97.6644,0,0,
39264360,현대,더 뉴 싼타페,HEV 1.6 2WD,프레스티지,202107.0,2022,3090.0,29891.0,가솔린+전기,오토,ORIGINAL,일반,2025-03-20 08:51:13.000 +09,경기,신성모터스,143로3642,0,0,1,0.0,0.0,1,0,
38769583,현대,싼타페 더 프라임,디젤 2.0 2WD,프리미엄,201510.0,2016,1130.0,146066.0,디젤,오토,ORIGINAL,일반,2025-03-20 08:51:10.000 +09,서울,뉴서진모터스,52라0948,2,1,5,173.0808,28.3428,0,0,
39265720,현대,싼타페 TM,디젤 2.0 2WD,프리미엄,201807.0,2019,1480.0,272069.0,디젤,오토,ORIGINAL,일반,2025-03-20 08:51:10.000 +09,서울,뉴서진모터스,263도7977,0,1,1,0.0,93.693,1,0,
39189966,현대,싼타페 더 프라임,디젤 2.0 2WD,익스클루시브,201506.0,2016,1350.0,126964.0,디젤,오토,ORIGINAL,일반,2025-03-20 08:50:43.000 +09,대구,달빛모터스,11더2034,2,3,3,71.986,281.134,1,0,
39215678,현대,싼타페 더 프라임,디젤 2.0 4WD,프리미엄,201509.0,2016,1450.0,69949.0,디젤,오토,ORIGINAL,일반,2025-03-20 08:50:21.000 +09,경기,솔카,45나0301,0,0,0,0.0,0.0,0,0,
38991957,현대,싼타페 (MX5),HEV 1.6 2WD,캘리그래피,202403.0,2024,4790.0,7193.0,가솔린+전기,오토,ORIGINAL,일반,2025-03-20 08:50:03.000 +09,경기,카카오토,185러1363,0,0,0,0.0,0.0,0,0,
38967788,현대,싼타페 더 프라임,디젤 2.0 2WD,프리미엄,201609.0,2016,1290.0,130247.0,디젤,오토,ORIGINAL,일반,2025-03-20 08:49:58.000 +09,부산,로다 오토모빌,22더0520,2,2,2,326.0666,206.3998,0,0,
39269033,현대,더 뉴 싼타페,디젤 2.2 2WD,프레스티지,202009.0,2021,2690.0,93011.0,디젤,오토,ORIGINAL,일반,2025-03-20 08:49:45.000 +09,경기,바른자동차,128버2946,0,0,0,0.0,0.0,0,0,
39150915,현대,더 뉴 싼타페,디젤 2.2 2WD,프레스티지,202107.0,2021,2900.0,79100.0,디젤,오토,ORIGINAL,일반,2025-03-20 08:49:45.000 +09,경기,바른자동차,157호8227,0,0,0,0.0,0.0,0,0,
38905373,현대,싼타페 DM,디젤(e-VGT) 2.0 4WD 익스클루시브,(세부등급 없음),201502.0,2015,1350.0,91825.0,디젤,오토,ORIGINAL,일반,2025-03-20 08:49:23.000 +09,경기,차모터스,28러2202,0,0,4,0.0,0.0,1,0,
39231959,현대,더 뉴 싼타페,가솔린 2.5T 4WD,프레스티지,202306.0,2023,3250.0,55800.0,가솔린,오토,ORIGINAL,일반,2025-03-20 08:49:22.000 +09,충북,하나상사,201모8152,1,0,1,30.3881,0.0,0,0,
39225345,현대,싼타페 더 프라임,디젤 2.0 2WD,프리미엄,201605.0,2016,1180.0,165960.0,디젤,오토,ORIGINAL,일반,2025-03-20 08:49:09.000 +09,부산,창진모터스,29보0746,1,2,4,13.406,84.4328,0,0,
39250207,현대,싼타페 더 프라임,디젤 2.2 4WD,익스클루시브,201702.0,2017,1850.0,60734.0,디젤,오토,ORIGINAL,일반,2025-03-20 08:49:04.000 +09,대전,주식회사디오카,52도2014,2,2,1,179.6351,176.1869,0,0,
39270059,현대,싼타페 DM,디젤(e-VGT) 2.0 2WD 프리미엄,,201404.0,2015,1150.0,120541.0,디젤,오토,ORIGINAL,일반,2025-03-20 08:49:04.000 +09,대전,주식회사디오카,66서6532,2,1,1,137.9846,316.1,0,0,
39244625,현대,더 뉴 싼타페,가솔린 2.5T 2WD,캘리그래피,202104.0,2021,2580.0,132309.0,가솔린,오토,ORIGINAL,일반,2025-03-20 08:49:02.000 +09,경기,(주)빅보스모터스,395소4968,0,0,1,0.0,0.0,0,0,
39208901,현대,더 뉴 싼타페,디젤 2.2 4WD,캘리그래피,202302.0,2023,3880.0,41948.0,디젤,오토,ORIGINAL,일반,2025-03-20 08:48:55.000 +09,부산,(주)하이엔드모터스,176저3657,0,0,0,0.0,0.0,0,0,
39214495,현대,싼타페 더 프라임,디젤 2.0 2WD,1 밀리언,201610.0,2017,1590.0,118249.0,디젤,오토,ORIGINAL,일반,2025-03-20 08:48:54.000 +09,부산,신호등모터스,33오0234,3,2,7,203.6273,519.341,0,0,
39127977,현대,싼타페 DM,디젤(e-VGT) 2.0 2WD 익스클루시브,(세부등급 없음),201403.0,2015,1200.0,152102.0,디젤,오토,ORIGINAL,일반,2025-03-20 08:48:30.000 +09,전남,제이케이 모터스,68러3529,0,1,2,0.0,77.868,0,0,
38790912,현대,싼타페 TM,디젤 2.0 2WD,익스클루시브,202001.0,2020,2390.0,34339.0,디젤,오토,ORIGINAL,일반,2025-03-20 08:48:02.000 +09,서울,(주)마이원카,237더3189,0,0,0,0.0,0.0,0,0,
39243033,현대,싼타페 TM,가솔린 2.0T 2WD,인스퍼레이션,201906.0,2020,2690.0,48003.0,가솔린,오토,ORIGINAL,일반,2025-03-20 08:48:02.000 +09,서울,(주)마이원카,13노6731,0,0,0,0.0,0.0,0,0,
38891676,현대,싼타페 TM,디젤 2.2 2WD,프레스티지,201805.0,2019,2450.0,29690.0,디젤,오토,ORIGINAL,일반,2025-03-20 08:48:02.000 +09,서울,(주)마이원카,36더1088,1,0,1,87.85,0.0,0,0,
38937761,현대,싼타페 TM,가솔린 2.0T 2WD,프리미엄,201912.0,2020,2379.0,27637.0,가솔린,오토,ORIGINAL,일반,2025-03-20 08:47:59.000 +09,대구,대공원모터스,313보3571,0,1,1,0.0,173.551,0,0,
39074199,현대,더 뉴 싼타페,HEV 1.6 2WD,캘리그래피,202303.0,2023,3590.0,34432.0,가솔린+전기,오토,ORIGINAL,일반,2025-03-20 08:46:47.000 +09,울산,나래모터스,392거9620,1,0,0,63.0,0.0,0,0,
38903603,현대,싼타페 TM,디젤 2.0 2WD,인스퍼레이션,201811.0,2019,2380.0,90656.0,디젤,오토,ORIGINAL,일반,2025-03-20 08:46:47.000 +09,울산,나래모터스,08수8109,0,0,1,0.0,0.0,0,0,
38988916,현대,더 뉴 싼타페,가솔린 2.5T 2WD,캘리그래피,202104.0,2021,2790.0,75259.0,가솔린,오토,ORIGINAL,일반,2025-03-20 08:45:47.000 +09,경남,221호 오카모터스,374마5790,1,1,1,164.5076,197.434,0,0,
38519017,현대,싼타페 TM,디젤 2.0 2WD,익스클루시브,201803.0,2019,1680.0,152675.0,디젤,오토,ORIGINAL,일반,2025-03-20 08:45:41.000 +09,경기,이지모터스,05어1062,1,0,2,183.583,0.0,0,0,
38740270,현대,더 뉴 싼타페,디젤 2.2 2WD,프레스티지,202012.0,2021,2480.0,131223.0,디젤,오토,ORIGINAL,일반,2025-03-20 08:45:40.000 +09,경기,이지모터스,142조3475,1,3,1,34.9109,247.484,0,0,
39190072,현대,싼타페 더 프라임,디젤 2.0 2WD,밸류 플러스,201708.0,2018,1720.0,66158.0,디젤,오토,ORIGINAL,일반,2025-03-20 08:45:31.000 +09,부산,(주)강변모터스,25노9100,3,0,2,155.4876,0.0,0,0,
39032496,현대,더 뉴 싼타페,HEV 1.6 2WD,프레스티지 초이스,202302.0,2023,9999.0,20926.0,가솔린+전기,오토,ORIGINAL,일반,2025-03-20 08:45:03.000 +09,경기,라온모터스,109로3582,0,0,1,0.0,0.0,0,0,
39210720,현대,더 뉴 싼타페,가솔린 2.5T 4WD,캘리그래피,202307.0,2023,3620.0,45772.0,가솔린,오토,ORIGINAL,일반,2025-03-20 08:45:03.000 +09,서울,(주)이볼브오토모빌,103무6377,0,0,0,0.0,0.0,0,0,
39259922,현대,싼타페 TM,가솔린 2.0T 2WD,익스클루시브 스페셜,201805.0,2019,2099.0,104378.0,가솔린,오토,ORIGINAL,일반,2025-03-20 08:44:28.000 +09,경기,카스토어,34나2771,2,0,0,129.8866,0.0,0,0,
39204414,현대,더 뉴 싼타페,HEV 1.6 4WD,캘리그래피,202307.0,2023,3990.0,14075.0,가솔린+전기,오토,ORIGINAL,일반,2025-03-20 08:43:49.000 +09,광주,(주)더바른모터스,281루2514,0,0,1,0.0,0.0,0,0,
39195546,현대,더 뉴 싼타페,가솔린 2.5T 2WD,익스클루시브,202305.0,2023,2895.0,15758.0,가솔린,오토,ORIGINAL,일반,2025-03-20 08:43:35.000 +09,광주,(주)유진모터스,322두6268,0,0,1,0.0,0.0,0,0,
39195611,현대,싼타페 TM,디젤 2.0 2WD,프리미엄,201901.0,2019,1895.0,85664.0,디젤,오토,ORIGINAL,일반,2025-03-20 08:43:34.000 +09,광주,(주)유진모터스,375더7219,1,0,2,41.8154,0.0,1,0,
38785133,현대,싼타페 더 프라임,디젤 2.0 2WD,익스클루시브,201512.0,2016,1190.0,172000.0,디젤,오토,ORIGINAL,일반,2025-03-20 08:43:28.000 +09,울산,엠피크,40머9064,0,0,1,0.0,0.0,0,0,
39029164,현대,싼타페 DM,디젤(e-VGT) 2.2 4WD 익스클루시브,(세부등급 없음),201308.0,2014,1100.0,127474.0,디젤,오토,ORIGINAL,일반,2025-03-20 08:43:01.000 +09,광주,해태자동차,66루7537,0,2,1,0.0,214.7778,0,0,
39227551,현대,싼타페 DM,디젤(e-VGT) 2.0 2WD 프리미엄,,201312.0,2014,1030.0,130492.0,디젤,오토,ORIGINAL,일반,2025-03-20 08:42:51.000 +09,경기,제이씨모터스,62오2209,2,2,2,154.5742,119.085,0,0,
39131788,현대,싼타페 TM,가솔린 2.0T 2WD,프레스티지,201911.0,2020,2390.0,71926.0,가솔린,오토,ORIGINAL,일반,2025-03-20 08:42:03.000 +09,경기,로또모터스,225거1525,1,1,1,68.2299,58.2456,0,0,
38732482,현대,싼타페 TM,디젤 2.2 4WD,프레스티지,201810.0,2019,2290.0,45363.0,디젤,오토,ORIGINAL,일반,2025-03-20 08:41:55.000 +09,전북,강남모터스,32어2603,1,4,2,856.2744,300.1459,0,0,
38579680,현대,싼타페 TM,가솔린 2.0T 2WD,프레스티지,201911.0,2020,2450.0,73801.0,가솔린,오토,ORIGINAL,일반,2025-03-20 08:41:41.000 +09,전북,스마일모터스,333서5730,2,4,1,133.783,435.325,0,0,
39133777,현대,더 뉴 싼타페,디젤 2.2 2WD,캘리그래피,202305.0,2023,3499.0,39039.0,디젤,오토,ORIGINAL,일반,2025-03-20 08:41:41.000 +09,전북,스마일모터스,201머4936,1,0,1,62.1,0.0,0,0,
38900815,현대,싼타페 TM,가솔린 2.0T 2WD,인스퍼레이션,201811.0,2019,2390.0,81850.0,가솔린,오토,ORIGINAL,일반,2025-03-20 08:41:10.000 +09,부산,신박한모터스,14러3823,0,1,0,0.0,189.3532,0,0,
39013047,현대,더 뉴 싼타페,디젤 2.2 2WD,프리미엄 초이스,202011.0,2021,2270.0,99248.0,디젤,오토,ORIGINAL,일반,2025-03-20 08:41:04.000 +09,광주,춘자네중고차,365고4752,1,0,2,71.0489,0.0,1,0,
39255462,현대,싼타페 TM,디젤 2.0 4WD,익스클루시브 스페셜,201803.0,2019,1950.0,121533.0,디젤,오토,ORIGINAL,일반,2025-03-20 08:39:49.000 +09,충북,더원모터스,65가7281,2,0,3,191.78,0.0,0,0,
39065941,현대,싼타페 TM,디젤 2.0 2WD,익스클루시브 스페셜,201804.0,2019,1850.0,112911.0,디젤,오토,ORIGINAL,일반,2025-03-20 08:39:02.000 +09,경기,(주)빅보스모터스,04로3104,1,1,0,91.6498,220.695,0,0,
38786110,현대,더 뉴 싼타페,디젤 2.2 2WD,프리미엄 초이스,202010.0,2021,2630.0,40000.0,디젤,오토,ORIGINAL,일반,2025-03-20 08:38:55.000 +09,광주,(주)오토프라자,126조5389,1,0,3,62.1349,0.0,0,0,
38049919,현대,싼타페 CM,2WD(2.0VGT) MLX,고급형,200901.0,2009,480.0,161043.0,디젤,오토,ORIGINAL,일반,2025-03-20 08:38:46.000 +09,대구,형제모터스,56고8491,0,0,2,0.0,0.0,0,0,
38660670,현대,더 뉴 싼타페,디젤 2.2 2WD,프레스티지,202009.0,2021,2590.0,64547.0,디젤,오토,ORIGINAL,일반,2025-03-20 08:38:01.000 +09,경기,국민중고차,115라2283,2,0,0,75.058,0.0,0,0,
38660670,현대,더 뉴 싼타페,디젤 2.2 2WD,프레스티지,202009.0,2021,2590.0,64547.0,디젤,오토,ORIGINAL,일반,2025-03-20 08:38:01.000 +09,경기,국민중고차,115라2283,2,0,1,75.058,0.0,0,0,
39260869,현대,싼타페 TM,디젤 2.2 2WD,프레스티지,201909.0,2020,2430.0,61097.0,디젤,오토,ORIGINAL,일반,2025-03-20 08:37:59.000 +09,부산,진성모터스,326머2383,1,0,0,217.9573,0.0,0,0,
39209491,현대,싼타페 CM,2WD(2.0 e-VGT) MLX,럭셔리,201101.0,2011,560.0,143000.0,디젤,오토,ORIGINAL,일반,2025-03-20 08:37:34.000 +09,경기,서울자동차,29부9628,1,1,4,85.0817,35.227,0,0,
39154886,현대,싼타페 더 프라임,디젤 2.2 2WD,익스클루시브,201601.0,2016,1480.0,125765.0,디젤,오토,ORIGINAL,일반,2025-03-20 08:37:25.000 +09,대전,뉴신원자동차,31러0737,0,2,3,0.0,118.6428,0,0,
39225190,현대,싼타페 DM,디젤(e-VGT) 2.0 2WD 프리미엄,,201309.0,2014,1199.0,98316.0,디젤,오토,ORIGINAL,일반,2025-03-20 08:36:42.000 +09,광주,(주)전라도 모터스,58조4988,2,1,2,150.256,131.27,0,0,
39203214,현대,더 뉴 싼타페,가솔린 2.5T 4WD,프레스티지,202301.0,2023,3300.0,52444.0,가솔린,오토,ORIGINAL,일반,2025-03-20 08:36:33.000 +09,경기,(주)제네럴모터스,199누7550,1,1,1,231.5236,442.34,0,0,
39190364,현대,싼타페 TM,디젤 2.0 2WD,익스클루시브 스페셜,201809.0,2019,2370.0,48875.0,디젤,오토,ORIGINAL,일반,2025-03-20 08:36:33.000 +09,경기,(주)제네럴모터스,21무7026,1,2,2,179.6133,134.339,0,0,
39216383,현대,싼타페 TM,디젤 2.0 2WD,익스클루시브 스페셜,201807.0,2019,1869.0,105099.0,디젤,오토,ORIGINAL,일반,2025-03-20 08:35:32.000 +09,대구,청구자동차상사,08러2820,3,0,1,230.2006,0.0,0,0,
38425165,현대,더 뉴 싼타페,디젤 2.2 2WD,프레스티지,202008.0,2021,2850.0,39271.0,디젤,오토,ORIGINAL,일반,2025-03-20 08:35:02.000 +09,대구,JS모터스,320러2768,0,1,1,0.0,28.077,0,0,
38011775,현대,싼타페 TM,디젤 2.2 2WD,익스클루시브,201909.0,2020,1920.0,97056.0,디젤,오토,ORIGINAL,일반,2025-03-20 08:34:02.000 +09,경남,M모터스프라자 준모터스,146누1917,2,0,3,414.0025,0.0,0,0,
39191397,현대,싼타페 더 프라임,디젤 2.0 2WD,익스클루시브,201606.0,2016,1390.0,116767.0,디젤,오토,ORIGINAL,일반,2025-03-20 08:33:48.000 +09,대전,현성모터스,68머0841,4,3,1,265.4808,291.4111,0,0,
39111202,현대,싼타페 CM,2WD(2.0VGT) MLX,기본형,200707.0,2008,230.0,224485.0,디젤,오토,ORIGINAL,일반,2025-03-20 08:33:20.000 +09,경기,서로모터스,15루9386,2,2,1,71.0954,385.86,0,0,
39187409,현대,싼타페 CM,2WD(2.2VGT) MLX,기본형,200712.0,2008,230.0,171120.0,디젤,오토,ORIGINAL,일반,2025-03-20 08:33:19.000 +09,경기,서로모터스,62우7560,3,1,1,104.2588,54.285,0,0,
39250838,현대,더 뉴 싼타페,HEV 1.6 2WD,프레스티지,202112.0,2022,3330.0,55134.0,가솔린+전기,오토,ORIGINAL,일반,2025-03-20 08:33:08.000 +09,충북,신천모터스,101거6481,0,0,1,0.0,0.0,0,0,
38949760,현대,더 뉴 싼타페,디젤 2.2 2WD,프레스티지,202008.0,2021,2390.0,107680.0,디젤,오토,ORIGINAL,일반,2025-03-20 08:33:08.000 +09,충북,신천모터스,246보2761,2,0,1,113.5064,0.0,1,0,
39228784,현대,싼타페 TM,가솔린 2.0T 2WD,프리미엄,202001.0,2020,1890.0,127368.0,가솔린,오토,ORIGINAL,일반,2025-03-20 08:33:08.000 +09,충북,신천모터스,225너2737,0,1,1,0.0,128.5785,0,0,
39059842,현대,더 뉴 싼타페,디젤 2.2 4WD,익스클루시브,202207.0,2022,2570.0,67154.0,디젤,오토,ORIGINAL,일반,2025-03-20 08:33:02.000 +09,서울,SJ모터스,258너5402,0,0,2,0.0,0.0,1,0,
37729817,현대,싼타페 DM,디젤(e-VGT) 2.0 2WD 프리미엄,,201406.0,2015,1150.0,128158.0,디젤,오토,ORIGINAL,일반,2025-03-20 08:32:21.000 +09,전북,서울모터스,59로7015,4,2,1,298.7773,391.5581,0,0,
39224507,현대,싼타페 더 프라임,디젤 2.0 2WD,밸류 플러스,201709.0,2018,1350.0,150510.0,디젤,오토,ORIGINAL,일반,2025-03-20 08:32:21.000 +09,전북,서울모터스,135노1928,1,2,3,112.434,265.2523,1,0,
39035408,현대,싼타페 TM,가솔린 2.0T 2WD,인스퍼레이션,201910.0,2020,2869.0,69828.0,가솔린,오토,ORIGINAL,일반,2025-03-20 08:31:59.000 +09,경남,플랜모터스,320노7548,0,0,1,0.0,0.0,0,0,
38357184,현대,더 뉴 싼타페,디젤 2.2 2WD,프레스티지,202210.0,2023,3300.0,17906.0,디젤,오토,ORIGINAL,일반,2025-03-20 08:31:35.000 +09,경기,차담진SJ,117서5959,0,0,1,0.0,0.0,0,0,
38345603,현대,더 뉴 싼타페,디젤 2.2 2WD,캘리그래피,202210.0,2022,3550.0,18472.0,디젤,오토,ORIGINAL,일반,2025-03-20 08:31:34.000 +09,경기,차담진SJ,302머5661,1,0,1,85.2248,0.0,0,0,
39206189,현대,더 뉴 싼타페,HEV 1.6 2WD,프레스티지,202112.0,2022,2730.0,115341.0,가솔린+전기,오토,ORIGINAL,일반,2025-03-20 08:31:33.000 +09,경기,차담진SJ,261나2096,0,0,2,0.0,0.0,1,0,
38947343,현대,더 뉴 싼타페,디젤 2.2 2WD,프레스티지,202212.0,2023,3380.0,9821.0,디젤,오토,ORIGINAL,일반,2025-03-20 08:31:33.000 +09,경기,차담진SJ,128도8165,0,0,1,0.0,0.0,0,0,
39250282,현대,더 뉴 싼타페,디젤 2.2 2WD,프레스티지,202101.0,2021,2370.0,98134.0,디젤,오토,ORIGINAL,일반,2025-03-20 08:31:26.000 +09,경기,오토프라임,377루9097,0,0,3,0.0,0.0,1,0,
38520798,현대,더 뉴 싼타페,디젤 2.2 2WD,프레스티지,202009.0,2021,2550.0,66011.0,디젤,오토,ORIGINAL,일반,2025-03-20 08:30:23.000 +09,부산,(주)하이엔드모터스,282보1943,1,0,1,0.0,0.0,0,0,
38820954,현대,싼타페 DM,디젤(e-VGT) 2.0 4WD 프리미엄,,201406.0,2015,1250.0,92335.0,디젤,오토,ORIGINAL,일반,2025-03-20 08:30:22.000 +09,부산,,37조7192,3,3,3,170.4648,277.8393,1,0,
38371148,현대,싼타페 TM,가솔린 2.0T 2WD,익스클루시브 스페셜,201805.0,2019,2020.0,70346.0,가솔린,오토,ORIGINAL,일반,2025-03-20 08:30:08.000 +09,경기,해피카,43머4822,5,2,1,733.2971,1088.3427,0,0,
38642953,현대,싼타페 더 프라임,디젤 2.2 4WD,프리미엄,201512.0,2016,1250.0,155698.0,디젤,오토,ORIGINAL,일반,2025-03-20 08:30:08.000 +09,대구,제일자동차상사,288부5942,1,0,5,372.646,0.0,1,0,
37218593,현대,싼타페 TM,디젤 2.2 4WD,프레스티지,201806.0,2019,2770.0,74365.0,디젤,오토,ORIGINAL,일반,2025-03-20 08:29:45.000 +09,서울,(주)서진모터스,348우3612,1,1,2,79.7527,15.325,1,0,
39133758,현대,싼타페 TM,디젤 2.0 2WD,프리미엄,202006.0,2020,1850.0,145808.0,디젤,오토,ORIGINAL,일반,2025-03-20 08:29:23.000 +09,대구,제일모터스,265버1443,0,0,1,0.0,0.0,1,0,
39131264,현대,싼타페 더 프라임,디젤 2.2 4WD,익스클루시브,201612.0,2017,1230.0,184966.0,디젤,오토,ORIGINAL,일반,2025-03-20 08:29:23.000 +09,대구,제일모터스,360마3287,1,1,3,60.299,0.0,1,0,
39102422,현대,싼타페 TM,디젤 2.2 2WD,익스클루시브,201904.0,2019,1790.0,112810.0,디젤,오토,ORIGINAL,일반,2025-03-20 08:29:11.000 +09,부산,카톡모터스,67고4984,0,0,1,0.0,0.0,0,0,
39248954,현대,싼타페 더 프라임,디젤 2.0 2WD,1 밀리언,201608.0,2017,1750.0,99443.0,디젤,오토,ORIGINAL,일반,2025-03-20 08:29:10.000 +09,부산,카톡모터스,60루0242,0,2,1,0.0,431.12,0,0,
38523734,현대,싼타페 TM,디젤 2.0 4WD,익스클루시브,201809.0,2019,1970.0,58695.0,디젤,오토,ORIGINAL,일반,2025-03-20 08:29:02.000 +09,인천,와이비모터스,42저3956,1,3,3,632.2553,584.5263,0,0,
39215260,현대,더 뉴 싼타페,가솔린 2.5T 2WD,익스클루시브,202204.0,2022,2830.0,39222.0,가솔린,오토,ORIGINAL,일반,2025-03-20 08:29:02.000 +09,광주,(주)덕산자동차매매,121가5022,0,1,1,0.0,68.7336,0,0,
39073796,현대,싼타페 DM,디젤(e-VGT) 2.0 4WD 프리미엄,,201403.0,2015,1080.0,161668.0,디젤,오토,ORIGINAL,일반,2025-03-20 08:29:02.000 +09,광주,(주)덕산자동차매매,66두2248,3,0,1,167.053,0.0,0,0,
39026238,현대,더 뉴 싼타페,HEV 1.6 2WD,캘리그래피,202302.0,2023,3890.0,21856.0,가솔린+전기,오토,ORIGINAL,일반,2025-03-20 08:28:03.000 +09,서울,(주)나우모터스,131도5664,0,1,0,0.0,86.491,0,0,
39217053,현대,싼타페 더 프라임,디젤 2.0 2WD,밸류 플러스,201802.0,2018,1630.0,107746.0,디젤,오토,ORIGINAL,일반,2025-03-20 08:27:45.000 +09,인천,동산상사,40라8174,3,0,1,194.3103,0.0,0,0,
39192931,현대,더 뉴 싼타페,디젤 2.2 2WD,프레스티지,202101.0,2021,2390.0,96368.0,디젤,오토,ORIGINAL,일반,2025-03-20 08:27:36.000 +09,대전,(주) 다올 모터스,399모2297,1,2,0,71.48,422.8537,0,0,
39220141,현대,싼타페 TM,디젤 2.0 2WD,프리미엄,201806.0,2019,1590.0,128179.0,디젤,오토,ORIGINAL,일반,2025-03-20 08:27:27.000 +09,전북,(유)카마트모터스,161무5627,0,5,3,0.0,693.8993,1,0,
38463534,현대,더 뉴 싼타페,디젤 2.2 2WD,프레스티지,202009.0,2021,3095.0,49018.0,디젤,오토,ORIGINAL,일반,2025-03-20 08:26:51.000 +09,광주,골드모터스,131나3767,0,0,2,0.0,0.0,1,0,
38382432,현대,더 뉴 싼타페,디젤 2.2 2WD,프레스티지,202011.0,2021,2985.0,54051.0,디젤,오토,ORIGINAL,일반,2025-03-20 08:26:51.000 +09,광주,골드모터스,187나7001,0,1,1,0.0,50.5,1,0,
38547653,현대,더 뉴 싼타페,디젤 2.2 4WD,프레스티지,202104.0,2021,8888.0,68397.0,디젤,오토,ORIGINAL,일반,2025-03-20 08:26:51.000 +09,광주,골드모터스,102수9750,0,0,1,0.0,0.0,1,0,
38741014,현대,더 뉴 싼타페,HEV 1.6 4WD,익스클루시브,202108.0,2022,2885.0,89341.0,가솔린+전기,오토,ORIGINAL,일반,2025-03-20 08:26:51.000 +09,광주,골드모터스,102수9713,0,0,1,0.0,0.0,1,0,
38095695,현대,더 뉴 싼타페,디젤 2.2 2WD,프레스티지,202103.0,2021,2499.0,75800.0,디젤,오토,ORIGINAL,일반,2025-03-20 08:26:51.000 +09,광주,골드모터스,220우8643,0,0,2,0.0,0.0,1,0,
38532388,현대,더 뉴 싼타페,디젤 2.2 4WD,프리미엄,202104.0,2021,2755.0,61606.0,디젤,오토,ORIGINAL,일반,2025-03-20 08:26:51.000 +09,광주,골드모터스,102수9763,0,0,1,0.0,0.0,1,0,
39254412,현대,더 뉴 싼타페,디젤 2.2 4WD,프레스티지,202103.0,2021,3255.0,80530.0,디젤,오토,ORIGINAL,일반,2025-03-20 08:26:51.000 +09,광주,골드모터스,323모1424,0,0,1,0.0,0.0,1,0,
39254417,현대,더 뉴 싼타페,디젤 2.2 2WD,프레스티지,202009.0,2021,2999.0,73843.0,디젤,오토,ORIGINAL,일반,2025-03-20 08:26:51.000 +09,광주,골드모터스,228부9135,0,0,2,0.0,0.0,0,0,
38346968,현대,싼타페 TM,디젤 2.0 4WD,프리미엄,201805.0,2019,1999.0,109745.0,디젤,오토,ORIGINAL,일반,2025-03-20 08:26:50.000 +09,광주,골드모터스,339라3650,1,0,1,78.891,0.0,1,0,
39115783,현대,더 뉴 싼타페,디젤 2.2 4WD,프리미엄,202106.0,2021,2955.0,99885.0,디젤,오토,ORIGINAL,일반,2025-03-20 08:26:50.000 +09,광주,골드모터스,267부2031,0,0,2,0.0,0.0,1,0,
38357183,현대,더 뉴 싼타페,가솔린 2.5T 2WD,캘리그래피,202112.0,2021,3255.0,29175.0,가솔린,오토,ORIGINAL,일반,2025-03-20 08:26:50.000 +09,광주,골드모터스,383고8706,0,0,2,0.0,0.0,0,0,
39257635,현대,더 뉴 싼타페,HEV 1.6 2WD,프레스티지,202306.0,2023,3755.0,22712.0,가솔린+전기,오토,ORIGINAL,일반,2025-03-20 08:26:50.000 +09,광주,골드모터스,157루6871,1,0,2,48.75,0.0,0,0,
38981691,현대,싼타페 TM,가솔린 2.0T 4WD,익스클루시브 스페셜,201804.0,2019,9999.0,50839.0,가솔린,오토,ORIGINAL,일반,2025-03-20 08:26:36.000 +09,경기,카스토어,52어7148,0,1,1,0.0,98.04,0,0,
38495942,현대,더 뉴 싼타페,디젤 2.2 2WD,캘리그래피,202009.0,2021,2749.0,79837.0,디젤,오토,ORIGINAL,일반,2025-03-20 08:26:23.000 +09,경기,(주)왕카,339어9591,0,0,3,0.0,0.0,1,0,
39065944,현대,싼타페 DM,디젤(e-VGT) 2.2 2WD 프리미엄,,201401.0,2014,990.0,147703.0,디젤,오토,ORIGINAL,일반,2025-03-20 08:25:57.000 +09,충북,세종모터스,19두5837,6,0,1,514.0011,0.0,0,0,
38490965,현대,싼타페 TM,디젤 2.0 4WD,익스클루시브,201803.0,2019,1670.0,181666.0,디젤,오토,ORIGINAL,일반,2025-03-20 08:25:02.000 +09,경기,에이치모터스,20다1154,0,0,2,0.0,0.0,0,0,
39131120,현대,더 뉴 싼타페,가솔린 2.5T 4WD,캘리그래피,202305.0,2023,3720.0,25005.0,가솔린,오토,ORIGINAL,일반,2025-03-20 08:24:03.000 +09,경기,한국자동차매매상사,398버7787,0,0,0,0.0,0.0,0,0,
38779341,현대,더 뉴 싼타페,HEV 1.6 2WD,프레스티지,202212.0,2023,3190.0,18753.0,가솔린+전기,오토,ORIGINAL,일반,2025-03-20 08:23:35.000 +09,부산,(주)우진오토모빌,216버1493,1,0,0,155.9006,0.0,0,0,
39148256,현대,싼타페 TM,디젤 2.2 2WD,프레스티지,201803.0,2019,1999.0,143923.0,디젤,오토,ORIGINAL,일반,2025-03-20 08:23:26.000 +09,부산,하이엔드중고사업부,46거4602,0,1,2,0.0,81.6778,0,0,
39126866,현대,싼타페 TM,디젤 2.0 2WD,익스클루시브 스페셜,201805.0,2019,1890.0,108878.0,디젤,오토,ORIGINAL,일반,2025-03-20 08:23:25.000 +09,부산,하이엔드중고사업부,62저4058,1,0,1,87.6585,0.0,0,0,
39202994,현대,싼타페 DM,디젤(e-VGT) 2.0 2WD 익스클루시브,(세부등급 없음),201506.0,2015,1350.0,101606.0,디젤,오토,ORIGINAL,일반,2025-03-20 08:23:25.000 +09,부산,하이엔드중고사업부,59라7813,3,1,5,353.4354,290.381,0,0,
38494928,현대,싼타페 더 프라임,디젤 2.0 2WD,모던,201512.0,2016,1430.0,51035.0,디젤,오토,ORIGINAL,일반,2025-03-20 08:23:03.000 +09,서울,(주)브이아이피카,11거0830,0,0,2,0.0,0.0,0,0,
38543099,현대,싼타페 TM,가솔린 2.0T 2WD,인스퍼레이션,201811.0,2019,2590.0,45075.0,가솔린,오토,ORIGINAL,일반,2025-03-20 08:22:45.000 +09,서울,에이스모터스,52무1730,0,1,1,0.0,35.967,0,0,
39189675,현대,싼타페 (MX5),HEV 1.6 4WD,프레스티지,202405.0,2024,4300.0,6921.0,가솔린+전기,오토,ORIGINAL,일반,2025-03-20 08:22:13.000 +09,부산,(주)굿홀딩스,216로8526,1,1,1,13.054,70.3014,0,0,
39093464,현대,싼타페 DM,디젤(e-VGT) 2.0 2WD 프리미엄,,201307.0,2014,9999.0,98679.0,디젤,오토,ORIGINAL,일반,2025-03-20 08:22:02.000 +09,서울,그린모터스,55나1565,0,0,1,0.0,0.0,0,0,
39239342,현대,싼타페 DM,디젤(e-VGT) 2.0 2WD 익스클루시브,(세부등급 없음),201205.0,2013,1250.0,153748.0,디젤,오토,ORIGINAL,일반,2025-03-20 08:21:37.000 +09,서울,(주)자동차친구,62라8087,1,0,2,127.304,0.0,0,0,
39212935,현대,싼타페 더 프라임,디젤 2.0 4WD,프리미엄,201702.0,2017,1300.0,135274.0,디젤,오토,ORIGINAL,일반,2025-03-20 08:21:37.000 +09,서울,(주)자동차친구,29도9600,0,0,0,0.0,0.0,0,0,
39189832,현대,싼타페 더 프라임,디젤 2.0 4WD,밸류 플러스,201702.0,2018,1780.0,83224.0,디젤,오토,ORIGINAL,일반,2025-03-20 08:21:35.000 +09,대구,일주모터스,283머2391,0,0,1,0.0,0.0,1,0,
39099586,현대,싼타페 TM,디젤 2.2 2WD,프레스티지,201811.0,2019,2300.0,97031.0,디젤,오토,ORIGINAL,일반,2025-03-20 08:21:14.000 +09,광주,자동차이야기,45서3364,1,1,0,167.296,40.171,0,0,
39220688,현대,싼타페 TM,가솔린 2.0T 2WD,인스퍼레이션,201905.0,2020,2880.0,63075.0,가솔린,오토,ORIGINAL,일반,2025-03-20 08:21:02.000 +09,대전,더굿모닝자동차,06나1778,3,2,1,377.3574,126.359,0,0,
39085385,현대,더 뉴 싼타페,디젤 2.2 2WD,프리미엄 초이스,202007.0,2021,2490.0,69180.0,디젤,오토,ORIGINAL,일반,2025-03-20 08:20:58.000 +09,부산,붕붕모터스,168도6497,1,0,0,44.956,0.0,0,0,
39023681,현대,싼타페 TM,가솔린 2.0T 2WD,프레스티지,201908.0,2020,2400.0,34206.0,가솔린,오토,ORIGINAL,일반,2025-03-20 08:20:43.000 +09,경기,(주)제이케이오토모빌,41라5970,2,1,3,440.5139,131.0765,0,0,
39165460,현대,싼타페 더 프라임,디젤 2.0 2WD,프리미엄,201708.0,2018,1090.0,214982.0,디젤,오토,ORIGINAL,일반,2025-03-20 08:20:04.000 +09,전북,한라상사,49다3503,0,0,0,0.0,0.0,0,0,
39262441,현대,싼타페 DM,디젤(e-VGT) 2.0 2WD 프리미엄,,201212.0,2013,930.0,141937.0,디젤,오토,ORIGINAL,일반,2025-03-20 08:19:38.000 +09,경기,(주)플레이카,68나7859,2,2,0,171.5631,113.2529,0,0,
39126703,현대,싼타페 DM,디젤(e-VGT) 2.0 2WD 프리미엄,,201401.0,2014,1250.0,75000.0,디젤,오토,ORIGINAL,일반,2025-03-20 08:19:22.000 +09,경기,오토몰,57주1615,1,0,1,61.7913,0.0,0,0,
38729111,현대,싼타페 TM,디젤 2.0 2WD,프리미엄,202003.0,2020,2250.0,18720.0,디젤,오토,ORIGINAL,일반,2025-03-20 08:18:41.000 +09,경기,카플러스,263부4590,1,0,2,220.7125,0.0,1,0,
39169086,현대,싼타페 TM,디젤 2.0 2WD,익스클루시브 스페셜,201808.0,2019,1790.0,146939.0,디젤,오토,ORIGINAL,일반,2025-03-20 08:18:27.000 +09,전북,강남모터스,107너1136,0,1,4,0.0,35.737,1,0,
39212274,현대,싼타페 더 프라임,디젤 2.0 2WD,1 밀리언,201704.0,2018,1810.0,110796.0,디젤,오토,ORIGINAL,일반,2025-03-20 08:18:24.000 +09,부산,더마니카,50우8478,1,0,0,38.3151,0.0,0,0,
38955081,현대,더 뉴 싼타페,디젤 2.2 2WD,프레스티지,202008.0,2021,2770.0,43513.0,디젤,오토,ORIGINAL,일반,2025-03-20 08:18:22.000 +09,울산,에코모터스,329버6990,1,0,1,103.6426,0.0,0,0,
39073024,현대,싼타페 DM,디젤(e-VGT) 2.2 4WD 익스클루시브,(세부등급 없음),201502.0,2015,1100.0,143641.0,디젤,오토,ORIGINAL,일반,2025-03-20 08:18:04.000 +09,경기,수원모터스,67저1467,4,1,1,160.467,64.04,0,0,
39132167,현대,싼타페 DM,디젤(e-VGT) 2.0 2WD 프리미엄,,201210.0,2013,1070.0,100597.0,디젤,오토,ORIGINAL,일반,2025-03-20 08:16:59.000 +09,경기,달인중고차,31모2520,1,1,3,52.339,35.091,0,0,
38841534,현대,싼타페 TM,디젤 2.0 2WD,익스클루시브 스페셜,201902.0,2019,1730.0,150000.0,디젤,오토,ORIGINAL,일반,2025-03-20 08:16:37.000 +09,경기,도이치오토월드해피온카,24도5889,0,1,0,0.0,84.0779,0,0,
39187249,현대,더 뉴 싼타페,디젤 2.2 2WD,프리미엄 초이스,202102.0,2021,2650.0,74360.0,디젤,오토,ORIGINAL,일반,2025-03-20 08:16:22.000 +09,충북,케이카트레이딩(주),190어4875,0,0,3,0.0,0.0,1,0,
39234791,현대,싼타페 TM,디젤 2.0 2WD,익스클루시브,201811.0,2019,2170.0,78516.0,디젤,오토,ORIGINAL,일반,2025-03-20 08:16:22.000 +09,충북,케이카트레이딩(주),204우8689,2,4,4,139.219,564.2214,1,0,
39231714,현대,싼타페 TM,가솔린 2.0T 2WD,익스클루시브,201909.0,2020,2270.0,87814.0,가솔린,오토,ORIGINAL,일반,2025-03-20 08:16:08.000 +09,경기,신성모터스,161러5463,0,0,2,0.0,0.0,0,0,
39028120,현대,더 뉴 싼타페,디젤 2.2 2WD,프레스티지,202009.0,2021,2740.0,50888.0,디젤,오토,ORIGINAL,일반,2025-03-20 08:16:03.000 +09,서울,주식회사 오토네이션,153부1845,4,1,2,391.3489,65.8683,0,0,
38866352,현대,더 뉴 싼타페,디젤 2.2 2WD,프리미엄 초이스,202105.0,2021,2390.0,86000.0,디젤,오토,ORIGINAL,일반,2025-03-20 08:15:28.000 +09,부산,대성상사,228라2859,1,0,1,121.1853,0.0,1,0,
39032197,현대,싼타페 (MX5),가솔린 2.5T 4WD,프레스티지,202401.0,2024,3990.0,7660.0,가솔린,오토,ORIGINAL,일반,2025-03-20 08:15:21.000 +09,전북,강남모터스,302고5533,0,0,1,0.0,0.0,0,0,
39099199,현대,싼타페 (MX5),HEV 1.6 4WD,프레스티지 플러스,202412.0,2025,4690.0,739.0,가솔린+전기,오토,ORIGINAL,일반,2025-03-20 08:15:21.000 +09,전북,강남모터스,220모1610,0,0,0,0.0,0.0,0,0,
39220582,현대,더 뉴 싼타페,가솔린 2.5T 4WD,캘리그래피,202104.0,2021,3030.0,100074.0,가솔린,오토,ORIGINAL,일반,2025-03-20 08:14:55.000 +09,전북,강남모터스,286가3252,1,0,2,63.889,0.0,0,0,
39117024,현대,더 뉴 싼타페,디젤 2.2 2WD,프리미엄 초이스,202103.0,2021,2330.0,83576.0,디젤,오토,ORIGINAL,일반,2025-03-20 08:14:55.000 +09,전북,강남모터스,380부8365,0,1,1,0.0,140.8897,0,0,
39157857,현대,싼타페 TM,가솔린 2.0T 2WD,익스클루시브,202006.0,2020,2499.0,33839.0,가솔린,오토,ORIGINAL,일반,2025-03-20 08:14:17.000 +09,전북,한마음모터스,330마3222,1,1,0,127.7239,37.9697,0,0,
39266831,현대,싼타페 더 프라임,디젤 2.0 2WD,모던,201508.0,2016,920.0,268452.0,디젤,오토,ORIGINAL,일반,2025-03-20 08:13:26.000 +09,전북,애플 모터스,37나0859,8,1,2,288.2591,111.9,0,0,
39026615,현대,싼타페 TM,디젤 2.0 2WD,프리미엄,201909.0,2020,2170.0,67952.0,디젤,오토,ORIGINAL,일반,2025-03-20 08:13:01.000 +09,경기,제이디모터스,148로4328,0,0,0,0.0,0.0,0,0,
39062314,현대,싼타페 더 프라임,디젤 2.0 2WD,모던,201607.0,2016,1190.0,138764.0,디젤,오토,ORIGINAL,일반,2025-03-20 08:12:43.000 +09,전북,카마트,10거0375,3,1,1,165.602,76.6433,0,0,
38507872,현대,더 뉴 싼타페,디젤 2.2 2WD,프리미엄 초이스,202009.0,2021,2260.0,101089.0,디젤,오토,ORIGINAL,일반,2025-03-20 08:12:10.000 +09,서울,더뉴한솔,231무7855,1,0,0,37.5659,0.0,0,0,
39214060,현대,더 뉴 싼타페,디젤 2.2 2WD,프레스티지,202101.0,2021,2370.0,84600.0,디젤,오토,ORIGINAL,일반,2025-03-20 08:12:03.000 +09,대구,카컴퍼니,302루1743,3,0,1,343.9289,0.0,1,0,
39232562,현대,더 뉴 싼타페,디젤 2.2 2WD,프리미엄 초이스,202101.0,2021,2480.0,76414.0,디젤,오토,ORIGINAL,일반,2025-03-20 08:11:43.000 +09,부산,서린모터스,311거8861,0,0,0,0.0,0.0,0,0,
39174946,현대,더 뉴 싼타페,디젤 2.2 2WD,프레스티지,202102.0,2021,3280.0,23240.0,디젤,오토,ORIGINAL,일반,2025-03-20 08:11:43.000 +09,부산,서린모터스,298조5976,1,0,3,81.6004,0.0,0,0,
38674415,현대,싼타페 CM,2WD(2.0VGT) MLX,기본형,200901.0,2009,350.0,191030.0,디젤,오토,ORIGINAL,일반,2025-03-20 08:11:09.000 +09,경기,(주)하안자동차,36루3731,3,1,7,273.9763,33.174,0,0,
38749087,현대,더 뉴 싼타페,가솔린 2.5T 2WD,캘리그래피,202112.0,2021,3050.0,56189.0,가솔린,오토,ORIGINAL,일반,2025-03-20 08:10:28.000 +09,광주,(주)다산모터스,233누1984,2,4,1,157.1244,519.849,1,0,
39125423,현대,싼타페 TM,디젤 2.0 2WD,인스퍼레이션,201808.0,2019,2250.0,72044.0,디젤,오토,ORIGINAL,일반,2025-03-20 08:10:19.000 +09,경기,스카이모터스,32오1874,0,0,1,0.0,0.0,0,0,
38823280,현대,싼타페 TM,디젤 2.2 4WD,인스퍼레이션,201811.0,2019,2470.0,75245.0,디젤,오토,ORIGINAL,일반,2025-03-20 08:10:19.000 +09,경기,스카이모터스,10너4858,0,0,2,0.0,0.0,0,0,
38232596,현대,더 뉴 싼타페,디젤 2.2 2WD,캘리그래피,202008.0,2021,2990.0,57521.0,디젤,오토,ORIGINAL,일반,2025-03-20 08:10:03.000 +09,부산,마이카,183노6088,1,1,1,79.7449,168.58,0,0,
39154284,현대,더 뉴 싼타페,가솔린 2.5T 2WD,익스클루시브,202304.0,2023,2999.0,15453.0,가솔린,오토,ORIGINAL,일반,2025-03-20 08:09:56.000 +09,부산,오토파크 모터스,156러3633,0,0,0,0.0,0.0,0,0,
39231969,현대,싼타페 TM,디젤 2.0 2WD,익스클루시브,202005.0,2020,1990.0,113216.0,디젤,오토,ORIGINAL,일반,2025-03-20 08:09:56.000 +09,부산,오토파크 모터스,353소4075,0,0,1,0.0,0.0,1,0,
38539237,현대,싼타페 더 프라임,디젤 2.0 2WD,익스클루시브,201605.0,2016,1180.0,163312.0,디젤,오토,ORIGINAL,일반,2025-03-20 08:08:43.000 +09,광주,오케이모터스,34조0995,0,1,2,0.0,211.2513,0,0,
38673555,현대,더 뉴 싼타페,디젤 2.2 2WD,프리미엄,202011.0,2021,2430.0,77148.0,디젤,오토,ORIGINAL,일반,2025-03-20 08:08:32.000 +09,광주,(주)123모터스,163노7658,1,0,2,70.404,0.0,0,0,
39062781,현대,더 뉴 싼타페,디젤 2.2 2WD,프리미엄 초이스,202012.0,2021,2080.0,115479.0,디젤,오토,ORIGINAL,일반,2025-03-20 08:08:04.000 +09,대구,세일모터스,250노5397,3,0,4,314.6886,0.0,1,0,
39074485,현대,더 뉴 싼타페,가솔린 2.5T 2WD,캘리그래피,202106.0,2021,2500.0,102121.0,가솔린,오토,ORIGINAL,일반,2025-03-20 08:07:40.000 +09,경기,카카오토,336두7820,1,1,0,262.687,33.33,0,0,
38435239,현대,싼타페 TM,디젤 2.2 4WD,프레스티지,201809.0,2019,2370.0,65165.0,디젤,오토,ORIGINAL,일반,2025-03-20 08:07:10.000 +09,경기,유일모터스,54누7921,1,1,1,54.562,158.58,0,0,
39202099,현대,싼타페 DM,디젤(e-VGT) 2.0 2WD 프리미엄,,201309.0,2014,1220.0,74864.0,디젤,오토,ORIGINAL,일반,2025-03-20 08:07:10.000 +09,경기,유일모터스,153부2000,2,0,2,163.6234,0.0,1,0,
38759467,현대,싼타페 TM,가솔린 2.0T 2WD,익스클루시브,201910.0,2020,2320.0,46380.0,가솔린,오토,ORIGINAL,일반,2025-03-20 08:07:10.000 +09,경기,유일모터스,122저1987,0,0,3,0.0,0.0,1,0,
39219327,현대,더 뉴 싼타페,가솔린 2.5T 2WD,익스클루시브,202204.0,2022,2700.0,48213.0,가솔린,오토,ORIGINAL,일반,2025-03-20 08:06:53.000 +09,부산,(주)뉴드림모터스 ,233더8059,0,1,1,0.0,77.0,0,0,
38747376,현대,싼타페 더 프라임,디젤 2.2 4WD,익스클루시브,201612.0,2017,1320.0,134406.0,디젤,오토,ORIGINAL,일반,2025-03-20 08:06:03.000 +09,부산,(주)스타필드,40누0111,3,3,2,171.3938,31.842,0,0,
38930375,현대,더 뉴 싼타페,디젤 2.2 2WD,프레스티지,202012.0,2021,2799.0,44251.0,디젤,오토,ORIGINAL,일반,2025-03-20 08:05:53.000 +09,대구,M월드 청춘모터스,104오7151,1,2,1,83.2441,113.8019,1,0,
39118773,현대,싼타페 DM,디젤(e-VGT) 2.0 2WD 프리미엄,,201307.0,2014,1090.0,108682.0,디젤,오토,ORIGINAL,일반,2025-03-20 08:05:38.000 +09,부산,부산자동차매매상사,51거6022,1,1,1,53.876,50.3258,0,0,
38239597,현대,더 뉴 싼타페,디젤 2.2 2WD,익스클루시브,202211.0,2023,2990.0,36860.0,디젤,오토,ORIGINAL,일반,2025-03-20 08:05:15.000 +09,경기,월드모터스,123어8084,0,0,1,0.0,0.0,1,0,
39108682,현대,싼타페 더 프라임,디젤 2.0 4WD,밸류 플러스,201709.0,2018,1520.0,110399.0,디젤,오토,ORIGINAL,일반,2025-03-20 08:05:04.000 +09,경기,주식회사 킹카,17더1289,0,0,0,0.0,0.0,0,0,
39231287,현대,싼타페 더 프라임,디젤 2.0 2WD,프리미엄,201801.0,2018,1650.0,65522.0,디젤,오토,ORIGINAL,일반,2025-03-20 08:04:45.000 +09,경기,(주)경기모터스,167부4579,1,0,6,151.687,0.0,2,0,
38203748,현대,더 뉴 싼타페,가솔린 2.5T 4WD,프레스티지,202208.0,2022,2890.0,17991.0,가솔린,오토,ORIGINAL,일반,2025-03-20 08:04:37.000 +09,경기,얄개모터스,216마1706,1,2,1,164.4531,143.614,1,0,
38991567,현대,싼타페 (MX5),가솔린 2.5T 2WD,프레스티지,202310.0,2024,3570.0,7190.0,가솔린,오토,ORIGINAL,일반,2025-03-20 08:02:52.000 +09,경기,희망드림자동차,149마1805,0,0,1,0.0,0.0,0,0,
38031311,현대,더 뉴 싼타페,디젤 2.2 2WD,프레스티지,202009.0,2021,2499.0,78228.0,디젤,오토,ORIGINAL,일반,2025-03-20 08:02:48.000 +09,부산,보석모터스,373소4027,2,1,1,220.9506,28.1219,1,0,
39245050,현대,싼타페 DM,디젤(e-VGT) 2.0 4WD 프리미엄,,201303.0,2013,1299.0,96762.0,디젤,오토,ORIGINAL,일반,2025-03-20 08:02:36.000 +09,부산,보석모터스,67조5157,1,0,4,55.393,0.0,0,0,
38319988,현대,더 뉴 싼타페,디젤 2.2 2WD,캘리그래피,202009.0,2021,2750.0,88633.0,디젤,오토,ORIGINAL,일반,2025-03-20 08:02:17.000 +09,서울,(주)한길UCS,148소6710,4,1,0,351.655,96.5569,0,0,
38799403,현대,더 뉴 싼타페,HEV 1.6 2WD,캘리그래피,202202.0,2022,3599.0,29805.0,가솔린+전기,오토,ORIGINAL,일반,2025-03-20 08:02:04.000 +09,서울,(주)하나모터스,315두3757,1,0,4,359.364,0.0,0,0,
38722146,현대,더 뉴 싼타페,디젤 2.2 2WD,프레스티지,202011.0,2021,2530.0,63137.0,디젤,오토,ORIGINAL,일반,2025-03-20 08:01:07.000 +09,광주,무지개모터스,167마5184,0,0,2,0.0,0.0,1,0,
38613860,현대,싼타페 더 프라임,디젤 2.0 2WD,프리미엄,201507.0,2016,1390.0,113206.0,디젤,오토,ORIGINAL,일반,2025-03-20 08:01:03.000 +09,서울,(주)마이원카,53구4839,1,0,4,34.0328,0.0,0,0,
39105258,현대,싼타페 더 프라임,디젤 2.0 2WD,프리미엄,201606.0,2016,1490.0,80441.0,디젤,오토,ORIGINAL,일반,2025-03-20 08:00:06.000 +09,대구,mv모터스,37어0777,6,7,1,836.7309,1358.2635,0,0,
39071695,현대,싼타페 더 프라임,디젤 2.0 2WD,프리미엄,201507.0,2016,1299.0,123340.0,디젤,오토,ORIGINAL,일반,2025-03-20 08:00:06.000 +09,대구,메인모터스,41조2624,1,2,1,256.559,640.778,0,0,
39064463,현대,더 뉴 싼타페,HEV 1.6 2WD,캘리그래피,202302.0,2023,3899.0,21727.0,가솔린+전기,오토,ORIGINAL,일반,2025-03-20 08:00:06.000 +09,서울,(주)산다모터스,222주9056,0,0,0,0.0,0.0,0,0,
38535508,현대,싼타페 더 프라임,디젤 2.0 2WD,프리미엄,201603.0,2016,1250.0,122177.0,디젤,오토,ORIGINAL,일반,2025-03-20 08:00:06.000 +09,경기,차주름 자동차매매상사,13구0746,1,3,2,0.0,64.0534,0,0,
39210392,현대,싼타페 TM,디젤 2.0 4WD,인스퍼레이션,201910.0,2020,2880.0,58975.0,디젤,오토,ORIGINAL,일반,2025-03-20 07:59:39.000 +09,충북,주)영 모터스,258노2669,0,1,1,0.0,381.14,1,0,
39085966,현대,더 뉴 싼타페,가솔린 2.5T 2WD,프리미엄 초이스,202103.0,2021,2560.0,70563.0,가솔린,오토,ORIGINAL,일반,2025-03-20 07:58:13.000 +09,대전,(주)정모터스,267우5362,0,0,1,0.0,0.0,1,0,
38613104,현대,더 뉴 싼타페,디젤 2.2 2WD,프리미엄,202109.0,2021,2500.0,59706.0,디젤,오토,ORIGINAL,렌트,2025-03-20 07:58:11.000 +09,대전,(주)정모터스,143호5910,0,0,0,0.0,0.0,0,0,
39109598,현대,싼타페 TM,디젤 2.0 2WD,익스클루시브 스페셜,201808.0,2019,1750.0,134818.0,디젤,오토,ORIGINAL,일반,2025-03-20 07:58:11.000 +09,대전,(주)정모터스,21거6861,4,4,3,250.5669,619.013,0,0,
39052678,현대,더 뉴 싼타페,디젤 2.2 2WD,프레스티지,202012.0,2021,2350.0,100462.0,디젤,오토,ORIGINAL,일반,2025-03-20 07:57:47.000 +09,충북,청주오토월드,132무3947,0,0,2,0.0,0.0,1,0,
39224932,현대,싼타페 TM,가솔린 2.0T 2WD,프레스티지,202003.0,2020,2350.0,68849.0,가솔린,오토,ORIGINAL,일반,2025-03-20 07:57:40.000 +09,부산,(주)동우모터스,109거4925,1,0,1,148.942,0.0,0,0,
39252858,현대,더 뉴 싼타페,디젤 2.2 2WD,프리미엄,202109.0,2021,2790.0,19800.0,디젤,오토,ORIGINAL,일반,2025-03-20 07:57:32.000 +09,경기,세종모터스,269노6920,0,1,1,0.0,114.2492,1,0,
38720243,현대,더 뉴 싼타페,디젤 2.2 4WD,프리미엄 초이스,202008.0,2021,2349.0,106408.0,디젤,오토,ORIGINAL,일반,2025-03-20 07:57:32.000 +09,경기,세종모터스,292주5874,1,2,2,0.0,440.42,1,0,
39101394,현대,더 뉴 싼타페,디젤 2.2 4WD,프리미엄,202102.0,2021,2570.0,63134.0,디젤,오토,ORIGINAL,일반,2025-03-20 07:57:32.000 +09,경기,세종모터스,279소6551,0,1,1,0.0,260.0,1,0,
39208932,현대,더 뉴 싼타페,디젤 2.2 2WD,프리미엄 초이스,202011.0,2021,2240.0,92892.0,디젤,오토,ORIGINAL,일반,2025-03-20 07:57:32.000 +09,경기,세종모터스,148머1773,0,0,1,0.0,0.0,1,0,
39038199,현대,더 뉴 싼타페,디젤 2.2 4WD,프리미엄,202106.0,2021,2540.0,87340.0,디젤,오토,ORIGINAL,일반,2025-03-20 07:57:32.000 +09,경기,세종모터스,269두3917,0,0,1,0.0,0.0,1,0,
38025304,현대,더 뉴 싼타페,디젤 2.2 4WD,프리미엄 초이스,202011.0,2021,2099.0,173594.0,디젤,오토,ORIGINAL,일반,2025-03-20 07:57:32.000 +09,경기,세종모터스,192두1484,1,1,1,45.6761,127.5709,1,0,
38358156,현대,더 뉴 싼타페,디젤 2.2 2WD,프리미엄,202011.0,2021,1759.0,175151.0,디젤,오토,ORIGINAL,일반,2025-03-20 07:57:32.000 +09,경기,세종모터스,162고5639,1,1,1,72.644,133.5571,1,0,
38185273,현대,더 뉴 싼타페,디젤 2.2 2WD,프레스티지,202008.0,2021,2750.0,99422.0,디젤,오토,ORIGINAL,일반,2025-03-20 07:56:35.000 +09,광주,금상모터스,243수6406,0,0,2,0.0,0.0,1,0,
38280895,현대,더 뉴 싼타페,디젤 2.2 2WD,프레스티지,202107.0,2021,2490.0,106576.0,디젤,오토,ORIGINAL,일반,2025-03-20 07:56:34.000 +09,광주,금상모터스,323라9383,2,1,1,91.8772,130.599,1,0,
38291234,현대,더 뉴 싼타페,HEV 1.6 2WD,프레스티지,202110.0,2021,3270.0,45621.0,가솔린+전기,오토,ORIGINAL,일반,2025-03-20 07:56:34.000 +09,광주,금상모터스,323라9387,1,2,1,50.456,260.394,1,0,
38842702,현대,싼타페 TM,디젤 2.0 2WD,프레스티지,201910.0,2020,2140.0,86873.0,디젤,오토,ORIGINAL,일반,2025-03-20 07:55:25.000 +09,경기,카메이트,167우6365,1,0,1,51.3,0.0,1,0,
38927224,현대,싼타페 TM,디젤 2.0 2WD,프리미엄,201901.0,2019,1850.0,119987.0,디젤,오토,ORIGINAL,일반,2025-03-20 07:54:45.000 +09,대전,뉴금정모터스,55수2423,1,0,0,0.0,0.0,0,0,
39219132,현대,싼타페 DM,디젤(e-VGT) 2.0 4WD 프리미엄,,201205.0,2013,1150.0,138000.0,디젤,오토,ORIGINAL,일반,2025-03-20 07:54:42.000 +09,경기,카스토어,51머7505,1,1,1,29.745,70.611,0,0,
39225236,현대,싼타페 더 프라임,디젤 2.0 2WD,모던,201605.0,2016,1290.0,83534.0,디젤,오토,ORIGINAL,일반,2025-03-20 07:53:54.000 +09,경기,국민모터스,63누0809,2,1,2,127.568,105.211,0,0,
39267397,현대,싼타페 더 프라임,디젤 2.0 2WD,밸류 플러스,201707.0,2018,1199.0,165213.0,디젤,오토,ORIGINAL,일반,2025-03-20 07:50:45.000 +09,대구,엔젤모터스,06서9635,7,6,1,1116.8508,625.0542,0,0,
39137311,현대,싼타페 더 프라임,디젤 2.0 2WD,익스클루시브,201606.0,2016,1680.0,136889.0,디젤,오토,ORIGINAL,일반,2025-03-20 07:50:44.000 +09,부산,(주)차앤문모터스,12어0850,2,2,1,210.1055,189.6803,0,0,
39124706,현대,싼타페 DM,디젤(e-VGT) 2.0 2WD 프리미엄,,201308.0,2014,1070.0,121514.0,디젤,오토,ORIGINAL,일반,2025-03-20 07:50:29.000 +09,전남,하나상사,42모2376,2,1,3,536.2382,487.944,0,0,
39209914,현대,더 뉴 싼타페,HEV 1.6 2WD,캘리그래피,202311.0,2023,3990.0,12510.0,가솔린+전기,오토,ORIGINAL,일반,2025-03-20 07:50:03.000 +09,대구,제이케이모터스,205우6204,0,0,0,0.0,0.0,0,0,
37654195,현대,싼타페 CM,4WD 수출형,,200912.0,2009,590.0,171845.0,가솔린,오토,ORIGINAL,일반,2025-03-20 07:47:26.000 +09,경기,진모터스,10서9148,0,0,1,0.0,0.0,0,0,
38321528,현대,더 뉴 싼타페,디젤 2.2 2WD,프리미엄 초이스,202008.0,2021,2170.0,90712.0,디젤,오토,ORIGINAL,일반,2025-03-20 07:46:32.000 +09,경기,비전모터스,120구4795,1,0,2,265.9283,0.0,1,0,
39100868,현대,싼타페 TM,디젤 2.2 2WD,프레스티지,201807.0,2019,1999.0,97594.0,디젤,오토,ORIGINAL,일반,2025-03-20 07:46:32.000 +09,경기,비전모터스,28루2935,3,1,0,596.2275,76.7804,0,0,
39147431,현대,싼타페 CM,2WD(2.0 e-VGT) MLX,럭셔리,201007.0,2010,390.0,248107.0,디젤,오토,ORIGINAL,일반,2025-03-20 07:45:47.000 +09,경기,마이카스,64거8905,1,1,4,36.082,30.828,1,0,
39133604,현대,싼타페 CM,2WD(2.0 e-VGT) MLX,럭셔리,201007.0,2010,490.0,135861.0,디젤,오토,ORIGINAL,일반,2025-03-20 07:45:47.000 +09,경기,마이카스,50너4929,0,0,1,0.0,0.0,0,0,
38762469,현대,더 뉴 싼타페,가솔린 2.5T 2WD,프리미엄,202106.0,2021,2449.0,50359.0,가솔린,오토,ORIGINAL,일반,2025-03-20 07:45:30.000 +09,충남,(주)리원,223구1322,1,1,1,80.79,81.951,0,0,
38562642,현대,싼타페 DM,디젤(e-VGT) 2.0 2WD 프리미엄,,201410.0,2015,970.0,176856.0,디젤,오토,ORIGINAL,일반,2025-03-20 07:44:10.000 +09,부산,YG모터스,54거8147,3,2,3,217.5899,75.1901,0,0,
39233052,현대,싼타페 CM,4WD(2.2 e-VGT) CLX,디럭스,201009.0,2010,350.0,255514.0,디젤,오토,ORIGINAL,일반,2025-03-20 07:41:46.000 +09,충북,청주자동차매매상사,19두2221,3,0,6,885.544,0.0,0,0,
38907028,현대,싼타페 CM,2WD(2.0VGT) 스타일팩,,200902.0,2009,370.0,182880.0,디젤,오토,ORIGINAL,일반,2025-03-20 07:41:46.000 +09,충북,청주자동차매매상사,41마7545,3,1,3,416.0466,112.146,1,0,
39112697,현대,싼타페 더 프라임,디젤 2.0 2WD,밸류 플러스,201709.0,2018,1470.0,120677.0,디젤,오토,ORIGINAL,일반,2025-03-20 07:41:25.000 +09,서울,한솔모터스,29누5230,1,0,1,32.785,0.0,0,0,
39099866,현대,더 뉴 싼타페,디젤 2.2 2WD,프레스티지,202007.0,2021,2800.0,34445.0,디젤,오토,ORIGINAL,일반,2025-03-20 07:41:24.000 +09,부산,DS대산,322서6640,0,0,2,0.0,0.0,0,0,
39259084,현대,싼타페 TM,디젤 2.2 4WD,익스클루시브,202005.0,2020,2560.0,82664.0,디젤,오토,ORIGINAL,일반,2025-03-20 07:39:00.000 +09,광주,(유)쌍둥이모터스,362두2136,0,0,1,0.0,0.0,1,0,
39167700,현대,싼타페 TM,디젤 2.0 2WD,익스클루시브 스페셜,201806.0,2019,1900.0,116773.0,디젤,오토,ORIGINAL,일반,2025-03-20 07:38:21.000 +09,경기,뉴 수성자동차,56너1225,3,0,4,372.6739,0.0,0,0,
39138911,현대,더 뉴 싼타페,디젤 2.2 2WD,캘리그래피,202010.0,2021,3200.0,54322.0,디젤,오토,ORIGINAL,일반,2025-03-20 07:38:16.000 +09,울산,갑부자동차매매상사,129가6639,0,1,0,0.0,56.0889,0,0,
39127026,현대,더 뉴 싼타페,HEV 1.6 2WD,프레스티지,202307.0,2023,3450.0,18411.0,가솔린+전기,오토,ORIGINAL,일반,2025-03-20 07:37:38.000 +09,광주,(주)뉴오케이모터스,245나2070,0,0,0,0.0,0.0,0,0,
38386537,현대,싼타페 (MX5),가솔린 2.5T 2WD,캘리그래피,202401.0,2024,4350.0,12538.0,가솔린,오토,ORIGINAL,일반,2025-03-20 07:36:03.000 +09,경기,(주)빅보스모터스,142모1518,0,0,1,0.0,0.0,0,0,
38005000,현대,더 뉴 싼타페,디젤 2.2 2WD,캘리그래피,202212.0,2023,3600.0,11358.0,디젤,오토,ORIGINAL,일반,2025-03-20 07:36:03.000 +09,경기,(주)빅보스모터스,172무6320,0,0,1,0.0,0.0,0,0,
38517354,현대,싼타페 TM,디젤 2.0 4WD,프레스티지,201802.0,2019,2600.0,73888.0,디젤,오토,ORIGINAL,일반,2025-03-20 07:36:03.000 +09,경기,(주)빅보스모터스,06거1460,2,0,6,119.8628,0.0,0,0,
39239121,현대,싼타페 TM,디젤 2.0 2WD,익스클루시브,201807.0,2019,1980.0,97941.0,디젤,오토,ORIGINAL,일반,2025-03-20 07:34:53.000 +09,부산,마이카,19머1931,1,1,0,43.8558,184.3181,0,0,
39058764,현대,싼타페 TM,디젤 2.0 2WD,익스클루시브 스페셜,201807.0,2019,1830.0,140170.0,디젤,오토,ORIGINAL,일반,2025-03-20 07:33:19.000 +09,경기,카메이트,56부5873,2,4,1,145.0681,301.3917,0,0,
39081410,현대,더 뉴 싼타페,HEV 1.6 4WD,익스클루시브,202207.0,2022,3250.0,56712.0,가솔린+전기,오토,ORIGINAL,일반,2025-03-20 07:32:00.000 +09,경기,세종오토,147머4930,1,1,1,189.2969,582.7,0,0,
39002040,현대,싼타페 더 프라임,디젤 2.0 2WD,스마트,201609.0,2017,1120.0,129000.0,디젤,오토,ORIGINAL,일반,2025-03-20 07:30:56.000 +09,인천,전진자동차매매상사,130다4261,5,2,2,339.7103,88.8672,1,0,
39195154,현대,더 뉴 싼타페,디젤 2.2 2WD,캘리그래피,202007.0,2021,3550.0,42603.0,디젤,오토,ORIGINAL,일반,2025-03-20 07:29:51.000 +09,대구,태경모터스,105노9988,0,1,1,0.0,29.908,0,0,
37686891,현대,싼타페 (MX5),HEV 1.6 2WD,프레스티지,202404.0,2024,4120.0,1641.0,가솔린+전기,오토,ORIGINAL,일반,2025-03-20 07:29:49.000 +09,경기,,192너9333,0,0,0,0.0,0.0,0,0,
39116977,현대,싼타페 TM,디젤 2.0 2WD,프리미엄,201802.0,2019,1870.0,90219.0,디젤,오토,ORIGINAL,일반,2025-03-20 07:28:02.000 +09,경남,새진영모터스,55무1135,0,1,1,0.0,52.3,0,0,
39160514,현대,싼타페 TM,디젤 2.2 4WD,익스클루시브,201806.0,2019,2299.0,30311.0,디젤,오토,ORIGINAL,일반,2025-03-20 07:27:33.000 +09,서울,(주)뉴K스페이스,21두7942,0,0,1,0.0,0.0,0,0,
39246479,현대,싼타페 DM,디젤(e-VGT) 2.0 2WD 익스클루시브,(세부등급 없음),201211.0,2013,1250.0,196961.0,디젤,오토,ORIGINAL,일반,2025-03-20 07:27:29.000 +09,서울,(주)태양모터스,49루8596,1,1,1,38.734,71.681,0,0,
38622440,현대,싼타페 TM,가솔린 2.0T 2WD,익스클루시브,202003.0,2020,2330.0,73893.0,가솔린,오토,ORIGINAL,일반,2025-03-20 07:27:02.000 +09,서울,(주)자동차친구,388우3698,0,0,0,0.0,0.0,0,0,
39032290,현대,싼타페 더 프라임,디젤 2.0 2WD,프리미엄,201608.0,2016,1140.0,152277.0,디젤,오토,ORIGINAL,일반,2025-03-20 07:26:44.000 +09,경남,고고모터스,05구0114,0,0,1,0.0,0.0,0,0,
38544463,현대,싼타페 TM,가솔린 2.0T 2WD,익스클루시브,202004.0,2020,2000.0,97552.0,가솔린,오토,ORIGINAL,일반,2025-03-20 07:25:29.000 +09,경기,오토플러스(주),243무8010,1,0,1,52.9202,0.0,1,0,
38764190,현대,싼타페 TM,가솔린 2.0T 2WD,프레스티지,201912.0,2020,2500.0,39395.0,가솔린,오토,ORIGINAL,일반,2025-03-20 07:25:02.000 +09,서울,(주)자동차친구,250고7122,0,0,1,0.0,0.0,0,0,
39255695,현대,더 뉴 싼타페,HEV 1.6 2WD,캘리그래피,202111.0,2022,3350.0,40477.0,가솔린+전기,오토,ORIGINAL,일반,2025-03-20 07:25:01.000 +09,경남,히트모터스,195나8735,2,0,1,220.8008,0.0,0,0,
39244889,현대,싼타페 TM,디젤 2.0 2WD,프리미엄,201812.0,2019,1850.0,50775.0,디젤,오토,ORIGINAL,일반,2025-03-20 07:22:09.000 +09,경기,이든자동차,61머5940,2,0,3,320.1009,0.0,0,0,
38966982,현대,싼타페 TM,디젤 2.0 2WD,익스클루시브 스페셜,201805.0,2019,2210.0,50422.0,디젤,오토,ORIGINAL,일반,2025-03-20 07:22:08.000 +09,경기,이든자동차,40조3698,1,1,2,45.628,33.746,0,0,
39259653,현대,싼타페 DM,디젤(e-VGT) 2.0 2WD 모던,,201412.0,2015,890.0,169497.0,디젤,오토,ORIGINAL,일반,2025-03-20 07:22:03.000 +09,경남,88모터스,53무3753,2,2,3,165.3637,97.1198,0,0,
39171545,현대,더 뉴 싼타페,디젤 2.2 2WD,캘리그래피,202007.0,2021,9999.0,26844.0,디젤,오토,ORIGINAL,일반,2025-03-20 07:21:06.000 +09,울산,(주)나인모터스,129모1557,1,0,1,0.0,0.0,0,0,
39211110,현대,더 뉴 싼타페,HEV 1.6 2WD,캘리그래피,202304.0,2023,3680.0,46748.0,가솔린+전기,오토,ORIGINAL,일반,2025-03-20 07:21:05.000 +09,울산,(주)나인모터스,378우4519,0,0,2,0.0,0.0,1,0,
39211138,현대,싼타페 더 프라임,디젤 2.0 2WD,프리미엄,201605.0,2016,1230.0,153061.0,디젤,오토,ORIGINAL,일반,2025-03-20 07:21:05.000 +09,울산,(주)나인모터스,340노9147,1,0,3,61.616,0.0,1,0,
39211123,현대,싼타페 TM,가솔린 2.0T 2WD,익스클루시브 스페셜,201805.0,2019,1980.0,128370.0,가솔린,오토,ORIGINAL,일반,2025-03-20 07:21:04.000 +09,울산,(주)나인모터스,18서1769,1,0,1,49.304,0.0,0,0,
38291731,현대,싼타페 DM,디젤(e-VGT) 2.0 2WD 프리미엄,,201501.0,2015,1550.0,73151.0,디젤,오토,ORIGINAL,일반,2025-03-20 07:19:52.000 +09,경북,중앙자동차매매상사,30도2660,2,1,1,229.9818,204.587,0,0,
39084411,현대,싼타페 DM,디젤(e-VGT) 2.0 2WD 모던,,201212.0,2013,1130.0,86985.0,디젤,오토,ORIGINAL,일반,2025-03-20 07:18:36.000 +09,부산,(주)모터풀,33모1011,0,1,2,0.0,55.207,0,0,
39104531,현대,싼타페 TM,디젤 2.0 2WD,익스클루시브 스페셜,201905.0,2019,1879.0,117046.0,디젤,오토,ORIGINAL,일반,2025-03-20 07:18:35.000 +09,경기,럭키모터스,24하4475,1,0,0,47.782,0.0,0,0,
38583430,현대,싼타페 TM,디젤 2.2 2WD,익스클루시브,201806.0,2019,1800.0,112946.0,디젤,오토,ORIGINAL,일반,2025-03-20 07:18:06.000 +09,경기,명성 모터스,05누8879,3,0,1,180.8278,0.0,0,0,
38404742,현대,싼타페 TM,디젤 2.0 2WD,익스클루시브,201809.0,2019,2290.0,62771.0,디젤,오토,ORIGINAL,일반,2025-03-20 07:18:02.000 +09,서울,(주)참사랑상사팀장,64루6901,0,2,5,0.0,81.8703,0,0,0.0
39105524,현대,싼타페 더 프라임,디젤 2.0 2WD,익스클루시브,201602.0,2016,1470.0,112607.0,디젤,오토,ORIGINAL,일반,2025-03-20 07:17:44.000 +09,광주,가온모터스,53모0191,1,0,0,58.16,0.0,0,0,
39179341,현대,싼타페 CM,2WD(2.0 e-VGT) MLX,럭셔리,200912.0,2010,499.0,153451.0,디젤,오토,ORIGINAL,일반,2025-03-20 07:17:28.000 +09,경북,보배자동차매매상사,30거3783,0,0,2,0.0,0.0,0,0,
39217658,현대,싼타페 CM,2WD(2.2 e-VGT) MLX,럭셔리,200912.0,2010,489.0,153120.0,디젤,오토,ORIGINAL,일반,2025-03-20 07:17:28.000 +09,경북,보배자동차매매상사,51우1086,3,0,2,239.7389,0.0,0,0,
38962155,현대,싼타페 더 프라임,디젤 2.0 2WD,익스클루시브,201610.0,2017,1600.0,92382.0,디젤,오토,ORIGINAL,일반,2025-03-20 07:17:27.000 +09,경북,보배자동차매매상사,25서0383,1,1,4,102.859,119.2627,0,0,
38937278,현대,더 뉴 싼타페,가솔린 2.5T 2WD,익스클루시브,202201.0,2022,2350.0,65000.0,가솔린,오토,ORIGINAL,일반,2025-03-20 07:17:15.000 +09,대전,,253로1855,1,0,0,662.083,0.0,0,0,
39020483,현대,싼타페 더 프라임,디젤 2.0 4WD,프리미엄,201608.0,2016,1050.0,179053.0,디젤,오토,ORIGINAL,일반,2025-03-20 07:16:49.000 +09,광주,가온모터스,293누5814,0,2,3,0.0,114.2668,1,0,
39174510,현대,더 뉴 싼타페,가솔린 2.5T 2WD,익스클루시브,202203.0,2022,2650.0,52607.0,가솔린,오토,ORIGINAL,일반,2025-03-20 07:16:49.000 +09,광주,가온모터스,141조5902,0,0,1,0.0,0.0,1,0,
39141870,현대,싼타페 TM,디젤 2.2 4WD,프레스티지,201909.0,2020,2690.0,33467.0,디젤,오토,ORIGINAL,일반,2025-03-20 07:16:27.000 +09,경북,대잠중고자동차매매상사,242나9365,0,0,1,0.0,0.0,0,0,
38058725,현대,싼타페 TM,디젤 2.2 2WD,프레스티지,201804.0,2019,2290.0,72152.0,디젤,오토,ORIGINAL,일반,2025-03-20 07:16:26.000 +09,경북,대잠중고자동차매매상사,07소1214,1,1,1,47.7243,467.995,0,0,
38307298,현대,싼타페 TM,디젤 2.0 2WD,익스클루시브,201804.0,2019,2220.0,95340.0,디젤,오토,ORIGINAL,일반,2025-03-20 07:16:26.000 +09,경북,대잠중고자동차매매상사,04머2798,0,1,1,0.0,84.576,0,0,
38185051,현대,더 뉴 싼타페,디젤 2.2 2WD,프리미엄,202008.0,2021,2055.0,127605.0,디젤,오토,ORIGINAL,일반,2025-03-20 07:15:20.000 +09,부산,도야모터스,372나9351,0,0,1,0.0,0.0,1,0,
39170909,현대,싼타페 TM,디젤 2.0 2WD,프리미엄,201906.0,2020,1780.0,91964.0,디젤,오토,ORIGINAL,일반,2025-03-20 07:15:00.000 +09,경기,세종오토,224부1927,1,0,3,137.485,0.0,1,0,
39226706,현대,더 뉴 싼타페,디젤 2.2 2WD,프레스티지,202208.0,2022,3049.0,19681.0,디젤,오토,ORIGINAL,일반,2025-03-20 07:13:07.000 +09,대전,제이더블유,237머2403,0,0,1,0.0,0.0,1,0,
38427396,현대,싼타페 TM,디젤 2.0 4WD,익스클루시브 스페셜,201804.0,2019,2040.0,80591.0,디젤,오토,ORIGINAL,일반,2025-03-20 07:11:17.000 +09,대구,준모터스,16다1401,1,2,5,128.506,155.3607,0,0,
38892368,현대,싼타페 더 프라임,디젤 2.0 2WD,프리미엄,201510.0,2016,1120.0,152000.0,디젤,오토,ORIGINAL,일반,2025-03-20 07:11:02.000 +09,서울,(주)태성종합로지스,12마0856,2,2,3,183.643,726.1368,0,0,
39092884,현대,싼타페 TM,디젤 2.0 4WD,프리미엄,201904.0,2019,2230.0,31363.0,디젤,오토,ORIGINAL,일반,2025-03-20 07:08:19.000 +09,경기,다온자동차,54보7198,1,0,1,130.7021,0.0,0,0,
39186993,현대,싼타페 DM,디젤(e-VGT) 2.0 2WD 프리미엄,,201505.0,2015,1350.0,78000.0,디젤,오토,ORIGINAL,일반,2025-03-20 07:06:58.000 +09,전북,성화모터스,11노7629,1,3,1,41.8411,307.0222,0,0,
39235384,현대,싼타페 CM,2WD(2.0 e-VGT) MLX,럭셔리,201002.0,2010,499.0,191805.0,디젤,오토,ORIGINAL,일반,2025-03-20 07:05:29.000 +09,대구,누리자동차,67나2203,5,3,1,831.1447,368.6472,0,0,
39090770,현대,싼타페 TM,디젤 2.0 2WD,익스클루시브 스페셜,201811.0,2019,1850.0,135974.0,디젤,오토,ORIGINAL,일반,2025-03-20 07:04:33.000 +09,부산,(주)두운카,51나5852,2,4,1,225.135,498.6269,0,0,
38848001,현대,싼타페 TM,디젤 2.0 2WD,익스클루시브,201907.0,2020,1810.0,149782.0,디젤,오토,ORIGINAL,일반,2025-03-20 07:04:19.000 +09,부산,JJ모터스,64두6702,4,3,1,442.204,326.974,0,0,
38858928,현대,싼타페 더 프라임,디젤 2.0 2WD,프리미엄,201512.0,2016,1240.0,130136.0,디젤,오토,ORIGINAL,일반,2025-03-20 07:04:19.000 +09,부산,JJ모터스,65수0960,0,0,1,0.0,0.0,0,0,
39179195,현대,더 뉴 싼타페,디젤 2.2 2WD,프레스티지,202106.0,2021,2199.0,136439.0,디젤,오토,ORIGINAL,일반,2025-03-20 07:04:19.000 +09,부산,JJ모터스,210라3036,0,0,0,0.0,0.0,0,0,
38740673,현대,싼타페 TM,가솔린 2.0T 2WD,익스클루시브,201912.0,2020,2030.0,95043.0,가솔린,오토,ORIGINAL,일반,2025-03-20 07:02:51.000 +09,경기,오토프라임,123우7960,1,0,2,88.1309,0.0,1,0,
38674017,현대,싼타페 TM,디젤 2.0 2WD,프리미엄,201901.0,2019,1970.0,68762.0,디젤,오토,ORIGINAL,일반,2025-03-20 07:02:51.000 +09,경기,오토프라임,37구3604,2,2,2,249.6313,424.8044,0,0,
38362682,현대,더 뉴 싼타페,디젤 2.2 2WD,프레스티지,202012.0,2021,2750.0,67143.0,디젤,오토,ORIGINAL,일반,2025-03-20 07:02:51.000 +09,경기,오토프라임,302서9008,1,1,1,73.8239,77.5139,0,0,
38366920,현대,더 뉴 싼타페,디젤 2.2 2WD,프레스티지,202103.0,2021,2990.0,72355.0,디젤,오토,ORIGINAL,일반,2025-03-20 07:02:32.000 +09,부산,(주)유카오토,120구6349,0,0,2,0.0,0.0,1,0,
39069157,현대,더 뉴 싼타페,디젤 2.2 2WD,프리미엄,202103.0,2021,2430.0,81203.0,디젤,오토,ORIGINAL,일반,2025-03-20 07:02:32.000 +09,부산,(주)유카오토,359수9626,0,0,1,0.0,0.0,1,0,
39187091,현대,싼타페 TM,디젤 2.0 2WD,익스클루시브,201902.0,2019,1620.0,124922.0,디젤,오토,ORIGINAL,일반,2025-03-20 07:02:32.000 +09,대구,형제모터스,287우6167,7,7,3,1077.8324,1949.5123,1,0,
39209410,현대,싼타페 DM,디젤(e-VGT) 2.2 2WD 익스클루시브,(세부등급 없음),201303.0,2013,1190.0,143383.0,디젤,오토,ORIGINAL,일반,2025-03-20 07:01:56.000 +09,경기,명문자동차,49머1246,0,1,2,0.0,75.7013,0,0,
39124273,현대,싼타페 TM,디젤 2.0 2WD,익스클루시브,201806.0,2019,1859.0,93045.0,디젤,오토,ORIGINAL,일반,2025-03-20 07:01:03.000 +09,대구,주식회사청호,29구2840,0,1,3,0.0,19.029,0,0,
39014403,현대,더 뉴 싼타페,디젤 2.2 2WD,프레스티지,202101.0,2021,2895.0,84950.0,디젤,오토,ORIGINAL,일반,2025-03-20 07:00:51.000 +09,대구,은빛모터스,152부1190,1,0,1,67.25,0.0,0,0,
39102080,현대,싼타페 더 프라임,디젤 2.0 4WD,익스클루시브 스페셜,201610.0,2017,1690.0,147659.0,디젤,오토,ORIGINAL,일반,2025-03-20 07:00:51.000 +09,대구,은빛모터스,45서0342,2,5,4,134.9948,394.6825,0,0,
39081690,현대,싼타페 CM,2WD(2.0VGT) MLX,고급형,200712.0,2008,305.0,205604.0,디젤,오토,ORIGINAL,일반,2025-03-20 06:57:05.000 +09,대구,SM모터스,66너6586,6,1,4,279.9405,315.022,0,0,
39180033,현대,더 뉴 싼타페,가솔린 2.5T 2WD,프레스티지 초이스,202301.0,2023,2990.0,20662.0,가솔린,오토,ORIGINAL,일반,2025-03-20 06:53:57.000 +09,경기,바른자동차,292소8122,0,0,3,0.0,0.0,0,0,
38819354,현대,더 뉴 싼타페,HEV 1.6 2WD,캘리그래피,202202.0,2022,3470.0,55094.0,가솔린+전기,오토,ORIGINAL,일반,2025-03-20 06:53:38.000 +09,경남,MZ모터스,391도7145,1,0,1,95.7518,0.0,0,0,
36402150,현대,싼타페 TM,디젤 2.2 4WD,프리미엄,201909.0,2020,1990.0,132969.0,디젤,오토,ORIGINAL,일반,2025-03-20 06:52:38.000 +09,경기,좋은자동차,388두2990,0,0,1,0.0,0.0,1,0,
39224431,현대,싼타페 TM,디젤 2.0 2WD,프레스티지,201902.0,2019,1590.0,135960.0,디젤,오토,ORIGINAL,일반,2025-03-20 06:50:49.000 +09,전북,(유)아이러브카,06가3786,4,3,1,600.893,129.157,0,0,
38676534,현대,싼타페 TM,디젤 2.0 2WD,익스클루시브 스페셜,201810.0,2019,1990.0,125823.0,디젤,오토,ORIGINAL,일반,2025-03-20 06:50:35.000 +09,경기,제이씨모터스,33라7781,1,0,1,66.1704,0.0,0,0,
38727591,현대,더 뉴 싼타페,HEV 1.6 2WD,프레스티지,202305.0,2023,2185.0,44300.0,가솔린+전기,오토,ORIGINAL,렌트,2025-03-20 06:50:03.000 +09,경기,,175하4674,1,0,0,79.434,0.0,0,0,
38856840,현대,싼타페 (MX5),가솔린 2.5T 4WD,프레스티지,202310.0,2024,3008.0,12500.0,가솔린,오토,ORIGINAL,렌트,2025-03-20 06:50:03.000 +09,경기,,174호5353,0,0,0,0.0,0.0,0,0,
38805252,현대,싼타페 (MX5),가솔린 2.5T 2WD,캘리그래피,202401.0,2024,2701.0,23000.0,가솔린,오토,ORIGINAL,렌트,2025-03-20 06:50:03.000 +09,경기,,152허2824,1,0,0,72.1087,0.0,0,0,
39045158,현대,더 뉴 싼타페,디젤 2.2 2WD,프리미엄 초이스,202011.0,2021,2480.0,63530.0,디젤,오토,ORIGINAL,일반,2025-03-20 06:47:57.000 +09,광주,123모터스,166소1053,0,0,1,0.0,0.0,0,0,
38342845,현대,더 뉴 싼타페,디젤 2.2 4WD,프리미엄 초이스,202008.0,2021,2450.0,121816.0,디젤,오토,ORIGINAL,일반,2025-03-20 06:45:41.000 +09,경기,삼우상사,108무7129,2,1,0,363.468,435.2,0,0,
39119884,현대,더 뉴 싼타페,디젤 2.2 2WD,캘리그래피,202012.0,2021,2630.0,92503.0,디젤,오토,ORIGINAL,일반,2025-03-20 06:44:42.000 +09,광주,(주)송송모터스,100무8618,1,1,2,47.709,196.038,0,0,
39011397,현대,싼타페 더 프라임,디젤 2.0 4WD,프리미엄,201511.0,2016,1440.0,82733.0,디젤,오토,ORIGINAL,일반,2025-03-20 06:43:00.000 +09,경기,차사인모터스,51우0599,0,1,1,0.0,30.618,0,0,
38922172,현대,싼타페 TM,디젤 2.0 2WD,프레스티지,201804.0,2019,2380.0,59752.0,디젤,오토,ORIGINAL,일반,2025-03-20 06:43:00.000 +09,경기,차사인모터스,06보7300,0,0,1,0.0,0.0,0,0,
38680736,현대,싼타페 TM,디젤 2.0 4WD,익스클루시브,201907.0,2019,2250.0,57659.0,디젤,오토,ORIGINAL,일반,2025-03-20 06:42:59.000 +09,경기,차사인모터스,266누4132,0,0,3,0.0,0.0,1,0,
39193733,현대,더 뉴 싼타페,디젤 2.2 2WD,캘리그래피,202303.0,2023,3500.0,16765.0,디젤,오토,ORIGINAL,일반,2025-03-20 06:42:59.000 +09,경기,차사인모터스,197조4571,0,0,0,0.0,0.0,0,0,
38937773,현대,싼타페 TM,가솔린 2.0T 2WD,프리미엄,201908.0,2020,1980.0,84480.0,가솔린,오토,ORIGINAL,일반,2025-03-20 06:42:59.000 +09,경기,차사인모터스,26노4498,2,3,3,232.5764,86.5381,0,0,
38969470,현대,더 뉴 싼타페,디젤 2.2 2WD,캘리그래피,202008.0,2021,2890.0,74623.0,디젤,오토,ORIGINAL,일반,2025-03-20 06:42:59.000 +09,경기,차사인모터스,128오7114,2,0,3,165.3028,0.0,0,0,
38924142,현대,더 뉴 싼타페,디젤 2.2 4WD,프레스티지,202201.0,2022,2590.0,120760.0,디젤,오토,ORIGINAL,일반,2025-03-20 06:38:17.000 +09,울산,정성자동차,235누3305,0,0,1,0.0,0.0,0,0,
39269103,현대,싼타페 TM,디젤 2.0 2WD,프레스티지,202006.0,2020,2550.0,21015.0,디젤,오토,ORIGINAL,일반,2025-03-20 06:38:17.000 +09,울산,정성자동차,255오3920,1,2,1,104.1138,72.1037,1,0,
39151169,현대,싼타페 TM,가솔린 2.0T 2WD,인스퍼레이션,202002.0,2020,2970.0,45168.0,가솔린,오토,ORIGINAL,일반,2025-03-20 06:37:00.000 +09,경남,(주)Vmotors,257라1169,2,0,0,127.3287,0.0,0,0,
39237294,현대,싼타페 (MX5),가솔린 2.5T 2WD,익스클루시브,202402.0,2024,3199.0,33200.0,가솔린,오토,ORIGINAL,일반,2025-03-20 06:36:58.000 +09,경남,(주)Vmotors,100무3085,1,0,1,168.139,0.0,0,0,
39174865,현대,싼타페 TM,디젤 2.0 2WD,프리미엄,201903.0,2019,1999.0,75735.0,디젤,오토,ORIGINAL,일반,2025-03-20 06:36:58.000 +09,경남,(주)Vmotors,258누1738,1,0,3,190.0219,0.0,1,0,
39163782,현대,싼타페 TM,가솔린 2.0T 2WD,익스클루시브,202005.0,2020,2399.0,57600.0,가솔린,오토,ORIGINAL,일반,2025-03-20 06:36:58.000 +09,경남,(주)Vmotors,162우2119,0,0,1,0.0,0.0,1,0,
39164477,현대,싼타페 TM,가솔린 2.0T 2WD,프리미엄,201811.0,2019,1830.0,132800.0,가솔린,오토,ORIGINAL,일반,2025-03-20 06:29:30.000 +09,인천,주식회사 이삭모터스,289모4795,2,2,5,139.281,101.576,2,0,
37885015,현대,싼타페 (MX5),HEV 1.6 2WD,캘리그래피,202407.0,2024,3853.0,2000.0,가솔린+전기,오토,ORIGINAL,렌트,2025-03-20 06:24:01.000 +09,경기,,197하4834,0,0,0,0.0,0.0,0,0,
38710048,현대,싼타페 TM,디젤 2.0 4WD,인스퍼레이션,202001.0,2020,2380.0,90458.0,디젤,오토,ORIGINAL,일반,2025-03-20 06:19:59.000 +09,부산,동인상사,257너5179,2,1,2,160.2827,126.3478,0,0,
39096997,현대,싼타페 TM,디젤 2.2 2WD,프레스티지,201811.0,2019,2270.0,38888.0,디젤,오토,ORIGINAL,일반,2025-03-20 06:19:59.000 +09,부산,동인상사,18주5557,1,0,0,261.0829,0.0,0,0,
39041114,현대,싼타페 DM,디젤(e-VGT) 2.0 2WD 프리미엄,,201410.0,2015,890.0,177923.0,디젤,오토,ORIGINAL,일반,2025-03-20 06:16:55.000 +09,광주,(유)행운자동차,66구7393,3,2,2,167.8171,352.7379,0,0,
39114392,현대,싼타페 더 프라임,디젤 2.0 2WD,익스클루시브,201703.0,2017,1550.0,81578.0,디젤,오토,ORIGINAL,일반,2025-03-20 06:16:55.000 +09,광주,(유)행운자동차,338라8560,2,1,8,177.5658,90.2069,1,0,
38704313,현대,싼타페 DM,디젤(e-VGT) 2.0 2WD 모던,,201408.0,2014,970.0,118868.0,디젤,오토,ORIGINAL,일반,2025-03-20 06:14:31.000 +09,강원,조은자동차,15거1857,1,6,1,162.789,517.2769,0,0,
39113138,현대,싼타페 더 프라임,디젤 2.0 2WD,프리미엄,201508.0,2016,1590.0,47471.0,디젤,오토,ORIGINAL,일반,2025-03-20 06:08:37.000 +09,경기,케이탑인터내셔널,11로4921,1,1,0,116.534,40.867,0,0,
38618946,현대,싼타페 더 프라임,디젤 2.0 2WD,프리미엄,201511.0,2016,1390.0,83167.0,디젤,오토,ORIGINAL,일반,2025-03-20 05:54:03.000 +09,인천,레드모터스,06마0625,1,3,1,86.85,141.699,0,0,
38782933,현대,싼타페 더 프라임,디젤 2.0 2WD,익스클루시브 스페셜,201510.0,2016,1550.0,113171.0,디젤,오토,ORIGINAL,일반,2025-03-20 05:54:03.000 +09,인천,레드모터스,32무0916,2,1,1,162.637,145.264,0,0,
38598641,현대,더 뉴 싼타페,가솔린 2.5T 2WD,프레스티지,202211.0,2023,2999.0,44732.0,가솔린,오토,ORIGINAL,일반,2025-03-20 05:54:03.000 +09,인천,레드모터스,137나7060,1,0,0,80.6529,0.0,0,0,
38810421,현대,싼타페 TM,디젤 2.0 4WD,프레스티지,201812.0,2019,2290.0,115127.0,디젤,오토,ORIGINAL,일반,2025-03-20 05:54:03.000 +09,인천,레드모터스,43라1080,2,0,1,136.058,0.0,0,0,
39148691,현대,더 뉴 싼타페,디젤 2.2 2WD,캘리그래피,202012.0,2021,2750.0,71517.0,디젤,오토,ORIGINAL,일반,2025-03-20 05:54:03.000 +09,인천,레드모터스,169수3349,3,1,2,396.5427,58.6659,0,0,
38570571,현대,더 뉴 싼타페,가솔린 2.5T 4WD,프리미엄,202110.0,2021,2850.0,54907.0,가솔린,오토,ORIGINAL,일반,2025-03-20 05:35:05.000 +09,충북,주식회사신세계자동차,370주5059,3,1,1,313.2741,173.0217,0,0,
36439057,현대,싼타페 더 프라임,디젤 2.0 2WD,프리미엄,201609.0,2016,1270.0,141952.0,디젤,오토,ORIGINAL,일반,2025-03-20 05:33:04.000 +09,광주,쌍둥이모터스,54거0455,3,2,2,210.8166,152.8909,0,0,
38777588,현대,싼타페 TM,가솔린 2.0T 4WD,프레스티지,201907.0,2020,2080.0,104915.0,가솔린,오토,ORIGINAL,일반,2025-03-20 05:22:32.000 +09,광주,믿음모터스,35저5557,2,2,2,599.225,146.653,0,0,
38293153,현대,싼타페 TM,가솔린 2.0T 2WD,프레스티지,201908.0,2020,2580.0,26991.0,가솔린,오토,ORIGINAL,일반,2025-03-20 05:18:13.000 +09,부산, 해동상사,58더6624,0,0,1,0.0,0.0,0,0,
38660176,현대,더 뉴 싼타페,디젤 2.2 4WD,프리미엄,202106.0,2021,2650.0,89997.0,디젤,오토,ORIGINAL,일반,2025-03-20 05:15:45.000 +09,경기,세이프카,217다7561,0,0,2,0.0,0.0,1,0,
39101271,현대,싼타페 더 프라임,디젤 2.0 4WD,익스클루시브 스페셜,201701.0,2017,1470.0,147169.0,디젤,오토,ORIGINAL,일반,2025-03-20 05:14:02.000 +09,서울,광현모터스,69거0444,3,2,1,440.8927,515.8382,0,0,
38845979,현대,싼타페 TM,가솔린 2.0T 2WD,인스퍼레이션,201809.0,2019,2450.0,78709.0,가솔린,오토,ORIGINAL,일반,2025-03-20 05:05:02.000 +09,서울,(주)산다모터스,63더9481,0,0,2,0.0,0.0,0,0,
38289044,현대,더 뉴 싼타페,디젤 2.2 2WD,프레스티지,202012.0,2021,2640.0,44274.0,디젤,오토,ORIGINAL,일반,2025-03-20 04:56:40.000 +09,경기,홈카,256저1005,1,1,0,54.378,94.8122,0,0,
38072870,현대,더 뉴 싼타페,디젤 2.2 2WD,프레스티지,202010.0,2021,2240.0,97588.0,디젤,오토,ORIGINAL,일반,2025-03-20 04:56:25.000 +09,경기,홈카,236러6011,2,3,0,97.254,549.5921,0,0,
39243191,현대,싼타페 TM,디젤 2.2 4WD,프레스티지,201804.0,2019,2090.0,145600.0,디젤,오토,ORIGINAL,일반,2025-03-20 04:55:48.000 +09,경기,홈카,17거2729,1,1,0,23.1195,103.2424,0,0,
38173689,현대,싼타페 (MX5),가솔린 2.5T 2WD,캘리그래피,202406.0,2024,4290.0,10103.0,가솔린,오토,ORIGINAL,일반,2025-03-20 04:45:35.000 +09,경기,좋은자동차,150라4647,0,0,1,0.0,0.0,0,0,
38143162,현대,더 뉴 싼타페,가솔린 2.5T 2WD,프레스티지,202301.0,2023,3490.0,18734.0,가솔린,오토,ORIGINAL,일반,2025-03-20 04:45:35.000 +09,경기,좋은자동차,261조2615,0,0,0,0.0,0.0,0,0,
38335748,현대,싼타페 (MX5),가솔린 2.5T 2WD,캘리그래피,202310.0,2024,4290.0,6081.0,가솔린,오토,ORIGINAL,일반,2025-03-20 04:45:35.000 +09,경기,좋은자동차,213더3375,0,0,0,0.0,0.0,0,0,
36748585,현대,싼타페 (MX5),가솔린 2.5T 2WD,프레스티지,202310.0,2024,3830.0,2441.0,가솔린,오토,ORIGINAL,일반,2025-03-20 04:45:35.000 +09,경기,좋은자동차,188조3542,0,0,0,0.0,0.0,0,0,
38331983,현대,싼타페 (MX5),가솔린 2.5T 2WD,캘리그래피,202401.0,2024,4130.0,10383.0,가솔린,오토,ORIGINAL,일반,2025-03-20 04:45:35.000 +09,경기,좋은자동차,155구2242,0,0,0,0.0,0.0,0,0,
38971530,현대,싼타페 (MX5),HEV 1.6 4WD,프레스티지,202410.0,2024,4590.0,3047.0,가솔린+전기,오토,ORIGINAL,일반,2025-03-20 04:45:35.000 +09,경기,좋은자동차,105가9002,0,0,1,0.0,0.0,0,0,
38384671,현대,싼타페 (MX5),HEV 1.6 4WD,캘리그래피,202310.0,2024,2200.0,13000.0,가솔린+전기,오토,ORIGINAL,렌트,2025-03-20 04:45:24.000 +09,경기,(주)탑기어모터스,130호5580,0,0,0,0.0,0.0,0,0,
39237446,현대,싼타페 더 프라임,디젤 2.0 2WD,밸류 플러스,201711.0,2018,1790.0,67903.0,디젤,오토,ORIGINAL,일반,2025-03-20 04:18:02.000 +09,전북,차차,17버1064,2,1,0,55.329,378.849,0,0,
39196176,현대,싼타페 TM,가솔린 2.0T 4WD,인스퍼레이션,202002.0,2020,2750.0,56391.0,가솔린,오토,ORIGINAL,일반,2025-03-20 03:59:56.000 +09,서울,화성모터스,127러3627,1,0,2,147.9007,0.0,0,0,
39200751,현대,싼타페 TM,디젤 2.0 2WD,익스클루시브,201904.0,2019,1870.0,104493.0,디젤,오토,ORIGINAL,일반,2025-03-20 03:56:28.000 +09,경기,서진모터스주식회사,17도2605,0,0,0,0.0,0.0,0,0,
38947044,현대,싼타페 TM,디젤 2.0 4WD,인스퍼레이션,201903.0,2019,2960.0,63569.0,디젤,오토,ORIGINAL,일반,2025-03-20 03:54:31.000 +09,부산,(주)해성모터스,32머9715,1,0,0,41.0244,0.0,0,0,
38831348,현대,싼타페 TM,가솔린 2.0T 2WD,인스퍼레이션,201906.0,2020,2960.0,32567.0,가솔린,오토,ORIGINAL,일반,2025-03-20 03:54:31.000 +09,부산,(주)해성모터스,68라6213,0,0,0,0.0,0.0,0,0,
39188139,현대,싼타페 (MX5),가솔린 2.5T 2WD,프레스티지,202310.0,2024,3690.0,15013.0,가솔린,오토,ORIGINAL,일반,2025-03-20 03:50:43.000 +09,대구,청춘모터스,210고3122,0,0,1,0.0,0.0,1,0,
39150104,현대,싼타페 더 프라임,디젤 2.2 2WD,익스클루시브,201606.0,2016,1200.0,167359.0,디젤,오토,ORIGINAL,일반,2025-03-20 03:49:18.000 +09,광주,(주)다일모터스,63러0529,0,1,2,0.0,56.8219,0,0,
39187860,현대,더 뉴 싼타페,가솔린 2.5T 4WD,캘리그래피,202305.0,2023,3500.0,36529.0,가솔린,오토,ORIGINAL,일반,2025-03-20 03:45:15.000 +09,경기,스마일자동차,137다9845,0,0,2,0.0,0.0,1,0,
38565490,현대,싼타페 (MX5),가솔린 2.5T 4WD,캘리그래피,202309.0,2024,4180.0,25357.0,가솔린,오토,ORIGINAL,일반,2025-03-20 03:40:02.000 +09,대전,제이더블유,187어9707,0,0,1,0.0,0.0,0,0,
39103284,현대,더 뉴 싼타페,디젤 2.2 2WD,프레스티지,202101.0,2021,2350.0,118658.0,디젤,오토,ORIGINAL,일반,2025-03-20 03:14:26.000 +09,경기,안산오토돔,391구4698,1,1,0,126.125,0.0,0,0,
38844577,현대,싼타페 더 프라임,디젤 2.0 4WD,익스클루시브,201509.0,2016,1320.0,168697.0,디젤,오토,ORIGINAL,일반,2025-03-20 03:10:47.000 +09,충북,명성상사,31나0896,1,3,1,55.1578,350.4176,0,0,
39107564,현대,싼타페 (MX5),HEV 1.6 4WD,프레스티지,202402.0,2024,4099.0,19821.0,가솔린+전기,오토,ORIGINAL,일반,2025-03-20 02:38:45.000 +09,광주,센텀모터스,119보7878,0,0,0,0.0,0.0,0,0,
39258351,현대,싼타페 TM,가솔린 2.0T 2WD,익스클루시브 스페셜,201808.0,2019,2630.0,18669.0,가솔린,오토,ORIGINAL,일반,2025-03-20 02:28:01.000 +09,대구,오토핸즈 대구직영점,19구2858,0,0,1,0.0,0.0,0,0,
39128239,현대,싼타페 더 프라임,디젤 2.0 2WD,익스클루시브,201602.0,2016,1730.0,66208.0,디젤,오토,ORIGINAL,일반,2025-03-20 02:28:00.000 +09,대구,오토핸즈 대구직영점,16모0224,0,0,1,0.0,0.0,0,0,
39178103,현대,더 뉴 싼타페,디젤 2.2 2WD,프레스티지,202304.0,2023,3039.0,45273.0,디젤,오토,ORIGINAL,일반,2025-03-20 02:28:00.000 +09,대구,오토핸즈 대구직영점,180허9639,0,0,0,0.0,0.0,0,0,
39089879,현대,싼타페 TM,디젤 2.0 2WD,익스클루시브 스페셜,201806.0,2019,2450.0,44763.0,디젤,오토,ORIGINAL,일반,2025-03-20 02:28:00.000 +09,대구,오토핸즈 대구직영점,06오5120,0,0,1,0.0,0.0,0,0,
38889290,현대,싼타페 더 프라임,디젤 2.0 2WD,익스클루시브,201601.0,2016,1270.0,116933.0,디젤,오토,ORIGINAL,일반,2025-03-20 02:22:22.000 +09,경기,자마이카,11버0321,1,1,3,60.6964,87.2782,0,0,
39072196,현대,싼타페 더 프라임,디젤 2.0 2WD,밸류 플러스,201710.0,2018,1400.0,147101.0,디젤,오토,ORIGINAL,일반,2025-03-20 02:13:14.000 +09,경기,얄개모터스,379마4947,2,0,2,251.5033,0.0,1,0,
38354720,현대,싼타페 (MX5),가솔린 2.5T 4WD,캘리그래피,202312.0,2024,4650.0,15923.0,가솔린,오토,ORIGINAL,일반,2025-03-20 02:03:45.000 +09,울산,어벤져스모터스,120주8376,0,1,0,0.0,0.0,0,0,
38800871,현대,싼타페 더 프라임,디젤 2.0 2WD,밸류 플러스,201707.0,2018,1640.0,107606.0,디젤,오토,ORIGINAL,일반,2025-03-20 02:01:40.000 +09,충남,한국상사,51나7770,1,0,1,54.694,0.0,0,0,
38643717,현대,싼타페 더 프라임,디젤 2.0 2WD,밸류 플러스,201710.0,2018,1680.0,82319.0,디젤,오토,ORIGINAL,일반,2025-03-20 02:01:40.000 +09,충남,한국상사,11나3296,4,0,2,305.6415,0.0,0,0,
38587622,현대,싼타페 더 프라임,디젤 2.0 2WD,익스클루시브,201701.0,2017,1680.0,101974.0,디젤,오토,ORIGINAL,일반,2025-03-20 02:01:40.000 +09,충남,한국상사,06조4026,2,1,0,106.1774,75.2591,0,0,
39224242,현대,싼타페 DM,디젤(e-VGT) 2.2 4WD 익스클루시브,스페셜,201502.0,2015,1298.0,82675.0,디젤,오토,ORIGINAL,일반,2025-03-20 01:57:51.000 +09,경남,조한모터스,54소6740,0,4,2,0.0,356.676,0,0,
39073156,현대,싼타페 (MX5),가솔린 2.5T 4WD,캘리그래피,202310.0,2024,4130.0,24248.0,가솔린,오토,ORIGINAL,일반,2025-03-20 01:37:52.000 +09,경기,(주)정이모터스,176무8857,1,1,1,104.086,406.8179,0,0,
39181097,현대,싼타페 TM,가솔린 2.0T 2WD,인스퍼레이션,201905.0,2020,2380.0,94720.0,가솔린+LPG,오토,ORIGINAL,일반,2025-03-20 01:37:51.000 +09,경기,(주)정이모터스,02라5432,1,0,2,107.6109,0.0,0,0,
39181124,현대,싼타페 TM,가솔린 2.0T 2WD,인스퍼레이션,201809.0,2019,2480.0,52123.0,가솔린,오토,ORIGINAL,일반,2025-03-20 01:37:50.000 +09,경기,(주)정이모터스,68누7707,0,0,0,0.0,0.0,0,0,
39214840,현대,싼타페 (MX5),HEV 1.6 2WD,프레스티지,202406.0,2024,3770.0,15863.0,가솔린+전기,오토,ORIGINAL,일반,2025-03-20 01:37:50.000 +09,경기,(주)정이모터스,196수8177,1,1,1,390.5059,0.0,0,0,
38510636,현대,싼타페 TM,가솔린 2.0T 2WD,프레스티지,202002.0,2020,2799.0,31773.0,가솔린,오토,ORIGINAL,일반,2025-03-20 01:32:02.000 +09,경기,카라모터스,250우5390,1,0,0,139.178,0.0,0,0,
38457100,현대,싼타페 (MX5),HEV 1.6 2WD,캘리그래피,202312.0,2024,4499.0,18461.0,가솔린+전기,오토,ORIGINAL,일반,2025-03-20 01:32:02.000 +09,경기,카라모터스,168거4044,0,0,0,0.0,0.0,0,0,
39259091,현대,싼타페 (MX5),HEV 1.6 4WD,캘리그래피,202404.0,2024,5140.0,17580.0,가솔린+전기,오토,ORIGINAL,일반,2025-03-20 01:27:02.000 +09,경기,온드림모터스,133서9970,0,0,0,0.0,0.0,0,0,
39267438,현대,싼타페 더 프라임,디젤 2.0 2WD,프리미엄,201608.0,2016,999.0,193102.0,디젤,오토,ORIGINAL,일반,2025-03-20 01:24:30.000 +09,경기,클린오토,50부0504,4,5,1,480.2814,1288.4387,0,0,
39193324,현대,싼타페 (MX5),가솔린 2.5T 2WD,익스클루시브,202410.0,2025,3495.0,11000.0,가솔린,오토,ORIGINAL,렌트,2025-03-20 01:14:37.000 +09,서울,,201하1658,1,0,0,0.0,0.0,0,0,
39090337,현대,싼타페 (MX5),HEV 1.6 2WD,캘리그래피,202408.0,2024,3410.0,1332.0,가솔린+전기,오토,ORIGINAL,렌트,2025-03-20 01:12:03.000 +09,서울,,224호5798,2,0,0,223.727,0.0,0,0,
38913434,현대,싼타페 DM,디젤(e-VGT) 2.0 4WD 익스클루시브,(세부등급 없음),201403.0,2015,1030.0,193869.0,디젤,오토,ORIGINAL,일반,2025-03-20 01:06:37.000 +09,광주,오토일일사,04무6674,3,1,7,192.0273,87.545,1,0,
39243322,현대,더 뉴 싼타페,가솔린 2.5T 2WD,캘리그래피,202201.0,2022,3199.0,68864.0,가솔린,오토,ORIGINAL,일반,2025-03-20 01:01:02.000 +09,서울,(주)에스지모터스,240어2254,0,0,2,0.0,0.0,1,0,
38404996,현대,더 뉴 싼타페,HEV 1.6 2WD,프레스티지,202107.0,2022,2630.0,120457.0,가솔린+전기,오토,ORIGINAL,일반,2025-03-20 00:55:33.000 +09,경기,(주)왕카,242두3774,0,0,1,0.0,0.0,1,0,
39108105,현대,더 뉴 싼타페,HEV 1.6 2WD,프레스티지,202111.0,2022,2629.0,129761.0,가솔린+전기,오토,ORIGINAL,일반,2025-03-20 00:55:32.000 +09,경기,(주)왕카,275구5699,2,0,1,175.3301,0.0,1,0,
39231417,현대,더 뉴 싼타페,HEV 1.6 2WD,프레스티지,202303.0,2023,3420.0,32307.0,가솔린+전기,오토,ORIGINAL,일반,2025-03-20 00:48:55.000 +09,서울,하늘모터스,234수5055,0,0,1,0.0,0.0,0,0,
38967105,현대,싼타페 DM,디젤(e-VGT) 2.2 2WD 익스클루시브,(세부등급 없음),201303.0,2013,1180.0,119260.0,디젤,오토,ORIGINAL,일반,2025-03-20 00:45:51.000 +09,울산,조이카,49머1161,4,3,4,223.7905,241.713,0,0,
39093642,현대,더 뉴 싼타페,가솔린 2.5T 4WD,캘리그래피,202301.0,2023,3590.0,22180.0,가솔린,오토,ORIGINAL,일반,2025-03-20 00:45:03.000 +09,서울,주식회사 케이비국민차,187버7891,1,1,1,83.9079,67.1649,0,0,
38967730,현대,더 뉴 싼타페,디젤 2.2 2WD,프리미엄 초이스,202011.0,2021,2690.0,28252.0,디젤,오토,ORIGINAL,일반,2025-03-20 00:44:41.000 +09,광주,푸른모터스,273저5247,0,1,1,0.0,110.352,0,0,
39123885,현대,싼타페 TM,가솔린 2.0T 2WD,프리미엄,201901.0,2019,2100.0,65700.0,가솔린,오토,ORIGINAL,일반,2025-03-20 00:40:47.000 +09,대구,(주)유카 대구지점,54보5662,2,0,0,122.4021,0.0,0,0,
39159754,현대,더 뉴 싼타페,디젤 2.2 2WD,프레스티지,202102.0,2021,2600.0,97424.0,디젤,오토,ORIGINAL,일반,2025-03-20 00:37:59.000 +09,전북,카카오토샵,225나6254,0,0,1,0.0,0.0,1,0,
39184826,현대,싼타페 DM,디젤(e-VGT) 2.0 2WD 프리미엄,,201411.0,2015,1290.0,90705.0,디젤,오토,ORIGINAL,일반,2025-03-20 00:37:59.000 +09,전북,카카오토샵,28고7131,0,0,0,0.0,0.0,0,0,
39114875,현대,싼타페 TM,가솔린 2.0T 2WD,인스퍼레이션,201911.0,2020,2650.0,34990.0,가솔린,오토,ORIGINAL,일반,2025-03-20 00:37:02.000 +09,서울,(주)케이아우토,346구8616,1,0,0,51.1356,0.0,0,0,
39238789,현대,싼타페 TM,디젤 2.0 2WD,익스클루시브 스페셜,201804.0,2019,9999.0,191984.0,디젤,오토,ORIGINAL,일반,2025-03-20 00:35:44.000 +09,부산,(주)동남모터스상사,45다2713,1,0,4,-20.0,0.0,0,0,
39015113,현대,싼타페 TM,디젤 2.0 2WD,프리미엄,201904.0,2019,1770.0,141000.0,디젤,오토,ORIGINAL,일반,2025-03-20 00:31:48.000 +09,인천,스카이모터스,01로6990,4,0,0,610.3968,0.0,0,0,
39238361,현대,싼타페 TM,가솔린 2.0T 2WD,인스퍼레이션,201905.0,2019,2450.0,108000.0,가솔린,오토,ORIGINAL,일반,2025-03-20 00:31:47.000 +09,인천,스카이모터스,37누9563,0,0,2,0.0,0.0,0,0,
39017171,현대,싼타페 TM,디젤 2.0 2WD,익스클루시브 스페셜,201811.0,2019,1800.0,134303.0,디젤,오토,ORIGINAL,일반,2025-03-20 00:30:05.000 +09,인천,뉴AK모터스자동차매매상사,69조5732,1,0,1,56.628,0.0,0,0,
38917012,현대,더 뉴 싼타페,가솔린 2.5T 2WD,프레스티지,202108.0,2021,9999.0,31820.0,가솔린,오토,ORIGINAL,일반,2025-03-20 00:25:02.000 +09,경기,(주)유로모터스,367오5487,0,1,1,0.0,319.1686,0,0,
39119680,현대,더 뉴 싼타페,HEV 1.6 2WD,프레스티지,202110.0,2022,3320.0,29795.0,가솔린+전기,오토,ORIGINAL,일반,2025-03-20 00:20:52.000 +09,경기,퍼스트다이렉트모터스,372너3547,0,1,1,0.0,0.0,1,0,
39129948,현대,싼타페,2.0 VGT 디젤 2WD GOLD,최고급형,200304.0,2003,225.0,158857.0,디젤,오토,ORIGINAL,일반,2025-03-20 00:17:20.000 +09,부산,(주)뉴드림모터스,29다5446,0,2,3,0.0,183.352,1,0,
39135075,현대,더 뉴 싼타페,디젤 2.2 2WD,익스클루시브,202302.0,2023,2789.0,44287.0,디젤,오토,ORIGINAL,일반,2025-03-20 00:16:34.000 +09,경기,(주)빅보스모터스,379너6040,0,1,0,0.0,66.0,0,0,
39005742,현대,싼타페 TM,디젤 2.2 2WD,프레스티지,201812.0,2019,2399.0,62000.0,디젤,오토,ORIGINAL,일반,2025-03-20 00:11:15.000 +09,부산,마이카모터스,54소7720,0,1,2,0.0,42.013,0,0,
39150032,현대,싼타페 DM,디젤(e-VGT) 2.0 2WD 프리미엄,,201402.0,2015,1050.0,144030.0,디젤,오토,ORIGINAL,일반,2025-03-20 00:11:03.000 +09,경기,찐모터스,27고2899,2,2,0,230.008,175.893,0,0,
38792476,현대,싼타페 CM,2WD(2.0 e-VGT) MLX,럭셔리,200909.0,2010,550.0,137167.0,디젤,오토,ORIGINAL,일반,2025-03-20 00:07:53.000 +09,경기,평택종합매매단지,26노6488,1,0,1,102.778,0.0,0,0,
39061178,현대,싼타페 TM,디젤 2.2 2WD,익스클루시브,201904.0,2019,1970.0,79923.0,디젤,오토,ORIGINAL,일반,2025-03-20 00:06:07.000 +09,부산,스마일모터스,228거4079,2,1,4,137.4194,53.6286,1,0,
39088957,현대,싼타페 더 프라임,디젤 2.0 4WD,익스클루시브,201604.0,2016,1665.0,84238.0,디젤,오토,ORIGINAL,일반,2025-03-20 00:05:05.000 +09,대구,K오토모빌,38누0470,1,0,2,42.1979,0.0,0,0,
39046936,현대,싼타페 TM,디젤 2.2 2WD,프레스티지,201811.0,2019,2150.0,96564.0,디젤,오토,ORIGINAL,일반,2025-03-20 00:05:03.000 +09,경기,울트라모터스,62거4950,1,0,1,118.8454,0.0,0,0,
38215860,현대,더 뉴 싼타페,가솔린 2.5T 4WD,캘리그래피,202212.0,2023,3370.0,54816.0,가솔린,오토,ORIGINAL,일반,2025-03-20 00:03:29.000 +09,경기,(주)뉴카카,171도9706,2,0,0,147.032,0.0,0,0,
38144587,현대,더 뉴 싼타페,디젤 2.2 4WD,프리미엄,202104.0,2021,2399.0,88232.0,디젤,오토,ORIGINAL,일반,2025-03-20 00:03:05.000 +09,경기,카오션,333도3029,1,0,1,203.4853,0.0,1,0,
38542215,현대,더 뉴 싼타페,가솔린 2.5T 2WD,프레스티지,202104.0,2021,9999.0,41760.0,가솔린,오토,ORIGINAL,일반,2025-03-20 00:03:05.000 +09,경기,오토리카,108수8992,0,0,1,0.0,0.0,0,0,0.0
37736767,현대,더 뉴 싼타페,HEV 1.6 2WD,프레스티지,202306.0,2023,2850.0,7042.0,가솔린+전기,오토,ORIGINAL,일반,2025-03-20 00:02:02.000 +09,경기,(주)왕카,238소5188,1,0,2,1798.784,0.0,0,0,0.0
38868211,현대,싼타페 TM,디젤 2.0 2WD,익스클루시브 스페셜,201903.0,2019,1829.0,140345.0,디젤,오토,ORIGINAL,일반,2025-03-20 00:02:02.000 +09,경기,(주)예스카,54모0192,1,0,5,0.0,0.0,0,0,
38697545,현대,더 뉴 싼타페,가솔린 2.5T 2WD,프레스티지,202012.0,2021,2550.0,67547.0,가솔린,오토,ORIGINAL,일반,2025-03-20 00:02:02.000 +09,경기,(주)영모터스,145마8317,1,1,1,163.405,603.999,0,0,
38781082,현대,더 뉴 싼타페,디젤 2.2 2WD,프레스티지,202010.0,2021,2750.0,63942.0,디젤,오토,ORIGINAL,일반,2025-03-20 00:02:02.000 +09,경기,(주)왕카,228나2888,0,0,1,0.0,0.0,1,0,
39240662,현대,싼타페 더 프라임,디젤 2.0 2WD,프리미엄,201604.0,2016,1349.0,132500.0,디젤,오토,ORIGINAL,일반,2025-03-20 00:02:02.000 +09,경기,(주)예스카,07가0400,0,0,1,0.0,0.0,0,0,
39251176,현대,싼타페 DM,디젤(e-VGT) 2.0 2WD 프리미엄,,201504.0,2015,1230.0,115179.0,디젤,오토,ORIGINAL,일반,2025-03-20 00:01:01.000 +09,경기,제이모터스,66구2576,0,0,0,0.0,0.0,0,0,
39099654,현대,싼타페 DM,디젤(e-VGT) 2.2 2WD 익스클루시브,스페셜,201404.0,2015,1390.0,104799.0,디젤,오토,ORIGINAL,일반,2025-03-20 00:00:51.000 +09,대구,M3모터스,33무8358,2,0,3,128.9,0.0,0,0,
38680903,현대,싼타페 (MX5),가솔린 2.5T 2WD,캘리그래피,202405.0,2024,4330.0,18569.0,가솔린,오토,ORIGINAL,일반,2025-03-20 00:00:27.000 +09,대전,(주)마이카,228무3060,0,0,0,0.0,0.0,0,0,
38396420,현대,더 뉴 싼타페,디젤 2.2 2WD,캘리그래피,202105.0,2021,3300.0,37666.0,디젤,오토,ORIGINAL,일반,2025-03-20 00:00:20.000 +09,울산,제이모터스,180두3939,4,3,1,371.5129,150.1505,0,0,
39033599,현대,싼타페 TM,가솔린 2.0T 4WD,프레스티지,202001.0,2020,2250.0,109748.0,가솔린,오토,ORIGINAL,일반,2025-03-20 00:00:10.000 +09,대구,에이스모터스,245보5206,3,0,1,112.3157,0.0,0,0,
38552992,현대,싼타페 (MX5),가솔린 2.5T 4WD,캘리그래피,202310.0,2024,4299.0,28316.0,가솔린,오토,ORIGINAL,일반,2025-03-19 23:59:42.000 +09,경기,드림카,143도2259,0,0,1,0.0,0.0,0,0,
39044676,현대,싼타페 TM,디젤 2.0 2WD,익스클루시브 스페셜,201902.0,2019,2160.0,68915.0,디젤,오토,ORIGINAL,일반,2025-03-19 23:59:27.000 +09,경남,영광자동차매매상사,338너8481,0,1,3,0.0,288.7444,1,0,
38307251,현대,더 뉴 싼타페,가솔린 2.5T 2WD,프레스티지,202101.0,2021,2950.0,18964.0,가솔린,오토,ORIGINAL,일반,2025-03-19 23:59:15.000 +09,경기,바로모터스,387우3695,1,1,1,174.0159,114.6113,0,0,
39073145,현대,싼타페 더 프라임,디젤 2.0 2WD,프리미엄,201509.0,2016,1300.0,127703.0,디젤,오토,ORIGINAL,일반,2025-03-19 23:59:15.000 +09,경기,바로모터스,64나0932,2,1,0,187.8918,79.664,0,0,
39066988,현대,싼타페 TM,가솔린 2.0T 2WD,프리미엄,201908.0,2020,2140.0,63806.0,가솔린,오토,ORIGINAL,일반,2025-03-19 23:59:14.000 +09,경북,패밀리모터스,214러2062,1,0,2,55.2275,0.0,1,0,
38627633,현대,더 뉴 싼타페,HEV 1.6 2WD,프레스티지,202111.0,2022,2650.0,104044.0,가솔린+전기,오토,ORIGINAL,일반,2025-03-19 23:59:14.000 +09,인천,주식회사 시우자동차2,304누5051,2,1,0,137.6779,89.221,0,0,
39172543,현대,싼타페 더 프라임,디젤 2.0 2WD,프리미엄,201605.0,2016,1390.0,80455.0,디젤,오토,ORIGINAL,일반,2025-03-19 23:59:06.000 +09,경기,드림모터스,52조0552,2,0,0,177.6959,0.0,0,0,
39104627,현대,더 뉴 싼타페,디젤 2.2 2WD,프레스티지,202007.0,2021,2830.0,35377.0,디젤,오토,ORIGINAL,일반,2025-03-19 23:59:05.000 +09,경기,월드모터스,174우7925,0,0,0,0.0,0.0,0,0,
39245582,현대,싼타페 TM,디젤 2.0 2WD,프레스티지,201803.0,2019,2190.0,119021.0,디젤,오토,ORIGINAL,일반,2025-03-19 23:59:05.000 +09,충북,(주)더챔,30조2504,0,0,2,0.0,0.0,0,0,
39247398,현대,싼타페 TM,디젤 2.2 4WD,프레스티지,201804.0,2019,2450.0,65332.0,디젤,오토,ORIGINAL,일반,2025-03-19 23:59:05.000 +09,경기,한국자동차,52가7966,2,1,1,104.4998,62.5231,0,0,
39174927,현대,싼타페 더 프라임,디젤 2.0 2WD,익스클루시브 스페셜,201706.0,2018,1600.0,115658.0,디젤,오토,ORIGINAL,일반,2025-03-19 23:59:05.000 +09,경기,제로모터스,302서6671,0,0,1,0.0,0.0,1,0,
39260125,현대,싼타페 더 프라임,디젤 2.0 2WD,1 밀리언,201702.0,2017,1730.0,61128.0,디젤,오토,ORIGINAL,일반,2025-03-19 23:59:05.000 +09,인천,와이티모터스 주식회사,55루3004,2,2,2,497.9547,230.3741,0,0,
39225324,현대,싼타페 TM,가솔린 2.0T 2WD,익스클루시브 스페셜,201805.0,2019,1699.0,144720.0,가솔린,오토,ORIGINAL,일반,2025-03-19 23:59:05.000 +09,부산,(주)더 뉴 서비스,19구6270,3,4,1,591.88,371.554,0,0,
38741975,현대,더 뉴 싼타페,디젤 2.2 2WD,프레스티지,202009.0,2021,2800.0,59485.0,디젤,오토,ORIGINAL,일반,2025-03-19 23:59:05.000 +09,경기,주식회사 지오모터스,246노8375,0,1,1,0.0,85.5451,1,0,
38713100,현대,더 뉴 싼타페,디젤 2.2 4WD,프레스티지,202101.0,2021,9999.0,133387.0,디젤,오토,ORIGINAL,일반,2025-03-19 23:59:05.000 +09,경기,(주)제우스토,123무7298,0,0,0,0.0,0.0,0,0,
38603797,현대,싼타페 TM,디젤 2.0 2WD,익스클루시브,201804.0,2019,2070.0,66820.0,디젤,오토,ORIGINAL,일반,2025-03-19 23:59:05.000 +09,경남,V모터스,150고3931,1,1,3,217.065,169.4056,1,0,
38560760,현대,더 뉴 싼타페,디젤 2.2 4WD,익스클루시브,202211.0,2023,9999.0,25332.0,디젤,오토,ORIGINAL,일반,2025-03-19 23:59:05.000 +09,인천,(주)시우자동차,175누1725,0,0,2,0.0,0.0,0,0,
38201278,현대,싼타페 (MX5),HEV 1.6 2WD,캘리그래피,202409.0,2024,4159.0,756.0,가솔린+전기,오토,ORIGINAL,렌트,2025-03-19 23:59:05.000 +09,인천,,221하9176,0,0,0,0.0,0.0,0,0,
38810141,현대,더 뉴 싼타페,디젤 2.2 2WD,프레스티지,202012.0,2021,2649.0,43099.0,디젤,오토,ORIGINAL,일반,2025-03-19 23:59:05.000 +09,인천,필승모터스,244머9052,0,1,2,0.0,36.0354,1,0,
39115434,현대,싼타페 TM,가솔린 2.0T 4WD,프레스티지,202003.0,2020,2210.0,113579.0,가솔린,오토,ORIGINAL,일반,2025-03-19 23:58:44.000 +09,경기,워너비카,349라8584,0,0,1,0.0,0.0,0,0,
39220167,현대,싼타페 TM,가솔린 2.0T 2WD,인스퍼레이션,201903.0,2019,2650.0,75225.0,가솔린,오토,ORIGINAL,일반,2025-03-19 23:58:28.000 +09,전북,행운모터스,01도3626,2,2,0,283.9802,167.3869,0,0,
38737886,현대,더 뉴 싼타페,HEV 1.6 2WD,프레스티지,202211.0,2023,2830.0,87440.0,가솔린+전기,오토,ORIGINAL,일반,2025-03-19 23:58:13.000 +09,경기,(주)차봄,116노7695,0,0,0,0.0,0.0,0,0,
38909166,현대,싼타페 TM,디젤 2.0 2WD,익스클루시브 스페셜,201810.0,2019,2070.0,51544.0,디젤,오토,ORIGINAL,일반,2025-03-19 23:58:13.000 +09,경기,블루오토,42무2876,1,0,1,123.163,0.0,0,0,
39259536,현대,싼타페 TM,디젤 2.0 2WD,익스클루시브 스페셜,201806.0,2019,1720.0,110661.0,디젤,오토,ORIGINAL,일반,2025-03-19 23:58:13.000 +09,경기,예스카,55주3587,6,5,1,1640.0667,553.4526,0,0,
39159741,현대,더 뉴 싼타페,디젤 2.2 2WD,프레스티지,202108.0,2021,2390.0,44158.0,디젤,오토,ORIGINAL,일반,2025-03-19 23:58:13.000 +09,경남,뉴히트모터스,122무1258,0,5,1,0.0,635.7731,1,0,
39174514,현대,싼타페 DM,디젤(e-VGT) 2.0 2WD 프리미엄,,201506.0,2015,1430.0,73817.0,디젤,오토,ORIGINAL,일반,2025-03-19 23:58:03.000 +09,대구,세일상사,12모4141,0,0,1,0.0,0.0,0,0,
39220072,현대,싼타페 더 프라임,디젤 2.0 2WD,프리미엄,201603.0,2016,1099.0,157652.0,디젤,오토,ORIGINAL,일반,2025-03-19 23:58:03.000 +09,서울,한길유씨에스,38구0555,1,0,0,98.8198,0.0,0,0,
39190699,현대,싼타페 DM,디젤(e-VGT) 2.2 4WD 프리미엄,,201210.0,2013,1000.0,124312.0,디젤,오토,ORIGINAL,일반,2025-03-19 23:58:03.000 +09,인천,(주)에이엠지모터스,333누6625,1,3,4,211.247,463.326,3,0,
39195538,현대,싼타페 (MX5),HEV 1.6 2WD,캘리그래피,202503.0,2025,5100.0,11.0,가솔린+전기,오토,ORIGINAL,일반,2025-03-19 23:58:03.000 +09,경기,드림모터스,265부4237,0,0,0,0.0,0.0,0,0,
39082933,현대,싼타페 TM,디젤 2.0 2WD,익스클루시브 스페셜,201904.0,2019,2180.0,92026.0,디젤,오토,ORIGINAL,일반,2025-03-19 23:58:03.000 +09,충남,sb모터스,279모9563,0,1,1,0.0,53.3759,1,0,
39194237,현대,싼타페 TM,가솔린 2.0T 4WD,익스클루시브 스페셜,201810.0,2019,1950.0,143929.0,가솔린,오토,ORIGINAL,일반,2025-03-19 23:58:03.000 +09,인천,디에이치모터스,173주6733,0,0,4,0.0,0.0,1,0,
38975720,현대,싼타페 더 프라임,디젤 2.0 2WD,프리미엄,201511.0,2016,1220.0,134888.0,디젤,오토,ORIGINAL,일반,2025-03-19 23:58:03.000 +09,서울,팀모터스,19버8188,2,2,1,208.294,150.852,0,0,
38910811,현대,싼타페 DM,디젤(e-VGT) 2.0 2WD 모던,,201407.0,2015,1109.0,95127.0,디젤,오토,ORIGINAL,일반,2025-03-19 23:58:03.000 +09,충남,올바른자동차,35루9490,1,0,6,66.374,0.0,0,0,
38649468,현대,더 뉴 싼타페,디젤 2.2 2WD,프레스티지,202102.0,2021,2539.0,119920.0,디젤,오토,ORIGINAL,일반,2025-03-19 23:58:03.000 +09,부산,윤프로모터스,323도3081,0,0,3,0.0,0.0,1,0,
38498608,현대,더 뉴 싼타페,가솔린 2.5T 2WD,프레스티지,202308.0,2023,3060.0,13916.0,가솔린,오토,ORIGINAL,일반,2025-03-19 23:58:03.000 +09,경기,중고차마트,184가1729,1,1,1,0.0,0.0,0,0,
38477220,현대,싼타페 더 프라임,가솔린 2.0 터보 2WD,밸류 플러스,201711.0,2018,1799.0,133801.0,가솔린,오토,ORIGINAL,일반,2025-03-19 23:57:21.000 +09,대구,SK모터스,61부2124,0,1,2,0.0,0.0,0,0,
39210035,현대,싼타페 (MX5),가솔린 2.5T 2WD,프레스티지,202309.0,2024,3650.0,19383.0,가솔린,오토,ORIGINAL,일반,2025-03-19 23:57:12.000 +09,서울,윈모터스주식회사,335가5717,0,0,1,0.0,0.0,0,0,
39194597,현대,싼타페 더 프라임,디젤 2.0 2WD,익스클루시브 스페셜,201510.0,2016,1690.0,85678.0,디젤,오토,ORIGINAL,일반,2025-03-19 23:57:12.000 +09,부산,오토플러스(주),57부0725,4,1,1,261.8766,65.9944,1,0,
39202612,현대,싼타페 TM,디젤 2.0 2WD,프리미엄,202001.0,2020,1750.0,144824.0,디젤,오토,ORIGINAL,일반,2025-03-19 23:57:12.000 +09,충남,천안모터스,252두2321,0,0,1,0.0,0.0,1,0,
39073541,현대,싼타페 TM,가솔린 2.0T 2WD,인스퍼레이션,202005.0,2020,2670.0,79159.0,가솔린,오토,ORIGINAL,일반,2025-03-19 23:57:12.000 +09,대구,큐모터스,297다6589,1,1,0,46.2069,50.7,0,0,
38282922,현대,싼타페 더 프라임,디젤 2.0 4WD,익스클루시브,201509.0,2016,1410.0,124580.0,디젤,오토,ORIGINAL,일반,2025-03-19 23:57:02.000 +09,경기,프렌즈모터스,57다0771,1,1,1,10.687,99.649,0,0,
38222708,현대,싼타페 더 프라임,디젤 2.0 2WD,익스클루시브 스페셜,201609.0,2017,1550.0,95748.0,디젤,오토,ORIGINAL,일반,2025-03-19 23:57:02.000 +09,경기,(주)안산상사,29서0561,1,0,2,162.1137,0.0,0,0,
39195016,현대,싼타페 DM,디젤(e-VGT) 2.0 4WD 프리미엄,,201312.0,2014,999.0,173890.0,디젤,오토,ORIGINAL,일반,2025-03-19 23:57:02.000 +09,광주,에스원모터스,15소0216,0,1,2,0.0,99.948,1,0,
39191345,현대,싼타페 더 프라임,디젤 2.0 2WD,프리미엄,201801.0,2018,1290.0,121670.0,디젤,오토,ORIGINAL,일반,2025-03-19 23:57:02.000 +09,인천,조은자동차매매상사,175조1923,2,4,6,940.4924,1083.4622,2,0,
39175117,현대,더 뉴 싼타페,디젤 2.2 2WD,프레스티지,202012.0,2021,2499.0,30607.0,디젤,오토,ORIGINAL,일반,2025-03-19 23:57:02.000 +09,경남,(주)Vmotors,391수3948,1,2,1,383.492,119.542,0,0,
39113498,현대,더 뉴 싼타페,HEV 1.6 2WD,익스클루시브,202107.0,2022,2800.0,47021.0,가솔린+전기,오토,ORIGINAL,일반,2025-03-19 23:57:02.000 +09,경기,우리모터스,279소6553,0,0,1,0.0,0.0,1,0,
39149834,현대,싼타페 TM,디젤 2.0 2WD,프레스티지,201805.0,2019,9999.0,133005.0,디젤,오토,ORIGINAL,일반,2025-03-19 23:57:02.000 +09,부산,카플릭스,01누4623,0,0,1,0.0,0.0,0,0,
39268606,현대,싼타페 DM,디젤(e-VGT) 2.0 2WD 프리미엄,,201205.0,2013,1050.0,94998.0,디젤,오토,ORIGINAL,일반,2025-03-19 23:57:02.000 +09,서울,(주)필운자동차,66버2075,0,0,3,0.0,0.0,0,0,
39201368,현대,싼타페 (MX5),가솔린 2.5T 2WD,익스클루시브,202404.0,2024,3490.0,23160.0,가솔린,오토,ORIGINAL,일반,2025-03-19 23:56:57.000 +09,서울,(주)더원모빌,197나7846,0,0,1,0.0,0.0,1,0,
38769468,현대,더 뉴 싼타페,디젤 2.2 2WD,캘리그래피,202008.0,2021,3240.0,59732.0,디젤,오토,ORIGINAL,일반,2025-03-19 23:56:43.000 +09,부산,YB모터스,152주5810,0,1,0,0.0,53.0463,0,0,
38287208,현대,더 뉴 싼타페,디젤 2.2 2WD,캘리그래피,202008.0,2021,9999.0,37094.0,디젤,오토,ORIGINAL,일반,2025-03-19 23:56:42.000 +09,부산,YB모터스,145수8246,1,1,1,104.457,77.996,0,0,
39193446,현대,싼타페 TM,디젤 2.2 2WD,인스퍼레이션,202003.0,2020,2790.0,42568.0,디젤,오토,ORIGINAL,일반,2025-03-19 23:56:33.000 +09,부산,푸른상사,352조1072,1,1,1,176.1649,40.465,0,0,
38495671,현대,싼타페 TM,가솔린 2.0T 2WD,인스퍼레이션,201901.0,2019,2320.0,101250.0,가솔린,오토,ORIGINAL,일반,2025-03-19 23:56:27.000 +09,부산,BJ 모터스,29소2983,1,1,2,304.8314,118.3,0,0,
39127158,현대,더 뉴 싼타페,가솔린 2.5T 2WD,프레스티지,202011.0,2021,2350.0,114474.0,가솔린,오토,ORIGINAL,일반,2025-03-19 23:56:26.000 +09,경기,청학Emotors,232두6215,1,0,1,47.984,0.0,0,0,
39168104,현대,싼타페 TM,가솔린 2.0T 2WD,익스클루시브 스페셜,201901.0,2019,1990.0,145462.0,가솔린,오토,ORIGINAL,일반,2025-03-19 23:56:26.000 +09,경기,청학Emotors,45도7749,0,2,3,0.0,74.622,0,0,
38764714,현대,싼타페 DM,디젤(e-VGT) 2.0 2WD 익스클루시브,(세부등급 없음),201401.0,2014,1280.0,95970.0,디젤,오토,ORIGINAL,일반,2025-03-19 23:56:22.000 +09,서울,오토넷글로벌,42로9929,3,1,2,156.736,67.1619,0,0,
39131438,현대,싼타페 TM,가솔린 2.0T 2WD,프레스티지,202002.0,2020,2180.0,68257.0,가솔린,오토,ORIGINAL,일반,2025-03-19 23:56:22.000 +09,경기,블루오토,307구5431,1,0,1,59.6954,0.0,1,0,
39255431,현대,더 뉴 싼타페,디젤 2.2 2WD,프리미엄 초이스,202102.0,2021,2220.0,112804.0,디젤,오토,ORIGINAL,일반,2025-03-19 23:56:22.000 +09,충남,(주)올바른자동차,366머2373,0,0,3,0.0,0.0,1,0,
39163220,현대,더 뉴 싼타페,디젤 2.2 4WD,프리미엄,202106.0,2021,2490.0,74956.0,디젤,오토,ORIGINAL,일반,2025-03-19 23:56:22.000 +09,대구,SU모터스,276노7774,0,0,2,0.0,0.0,1,0,
36409533,현대,싼타페 DM,디젤(e-VGT) 2.0 2WD 프리미엄,,201301.0,2013,1070.0,127804.0,디젤,오토,ORIGINAL,일반,2025-03-19 23:56:17.000 +09,대전,(중)바이킹오토,61어2046,3,2,4,173.1291,73.105,0,0,
39131243,현대,싼타페 더 프라임,디젤 2.0 2WD,프리미엄,201702.0,2017,1533.0,79948.0,디젤,오토,ORIGINAL,일반,2025-03-19 23:56:14.000 +09,서울,원일자동차(주),04더3538,0,0,1,0.0,0.0,0,0,
39136143,현대,더 뉴 싼타페,디젤 2.2 4WD,프레스티지,202011.0,2021,2250.0,128210.0,디젤,오토,ORIGINAL,일반,2025-03-19 23:56:14.000 +09,인천,오토플러스(주),178허8209,1,0,0,74.885,0.0,0,0,
39088846,현대,더 뉴 싼타페,가솔린 2.5T 2WD,캘리그래피,202306.0,2023,9999.0,22907.0,가솔린,오토,ORIGINAL,일반,2025-03-19 23:56:14.000 +09,경기,SI모터스,129더4146,0,0,0,0.0,0.0,0,0,
39255076,현대,싼타페 더 프라임,디젤 2.0 2WD,익스클루시브,201603.0,2016,1580.0,79969.0,디젤,오토,ORIGINAL,일반,2025-03-19 23:56:14.000 +09,경기,(주)왕카,67서0157,0,0,2,0.0,0.0,0,0,
39237511,현대,싼타페 CM,2WD(2.0 e-VGT) MLX,럭셔리,200912.0,2010,400.0,168179.0,디젤,오토,ORIGINAL,일반,2025-03-19 23:56:14.000 +09,경기,브라더샵,58누9571,0,0,2,0.0,0.0,0,0,
39084921,현대,싼타페 (MX5),HEV 1.6 2WD,프레스티지,202411.0,2025,3422.0,1640.0,가솔린+전기,오토,ORIGINAL,렌트,2025-03-19 23:56:14.000 +09,인천,,197하7349,0,0,0,0.0,0.0,0,0,
39027713,현대,싼타페 더 프라임,디젤 2.0 2WD,익스클루시브 스페셜,201511.0,2016,1670.0,72430.0,디젤,오토,ORIGINAL,일반,2025-03-19 23:56:14.000 +09,인천,오토플러스(주),28모5240,2,1,7,101.8797,186.76,0,0,
39129915,현대,싼타페 더 프라임,디젤 2.0 2WD,프리미엄,201703.0,2017,1599.0,98074.0,디젤,오토,ORIGINAL,일반,2025-03-19 23:56:14.000 +09,서울,(주)그린 모터스,26오6789,1,1,2,192.1604,125.0789,0,0,
38561667,현대,싼타페 TM,디젤 2.2 4WD,인스퍼레이션,201910.0,2020,2750.0,60040.0,디젤,오토,ORIGINAL,일반,2025-03-19 23:56:14.000 +09,서울,(주)에스에이치모터,301다8914,1,1,1,77.3037,457.51,0,0,
38428287,현대,싼타페 TM,디젤 2.0 2WD,프레스티지,202001.0,2020,2590.0,68508.0,디젤,오토,ORIGINAL,일반,2025-03-19 23:56:14.000 +09,대전,(주)뉴보석자동차,167나7955,1,0,4,79.18,0.0,1,0,
36727911,현대,싼타페 (MX5),가솔린 2.5T 2WD,프레스티지,202309.0,2024,3758.0,3000.0,가솔린,오토,ORIGINAL,렌트,2025-03-19 23:56:14.000 +09,인천,,130호4841,0,0,0,0.0,0.0,0,0,
38793221,현대,더 뉴 싼타페,디젤 2.2 2WD,프레스티지,202106.0,2021,2850.0,66868.0,디젤,오토,ORIGINAL,일반,2025-03-19 23:56:14.000 +09,경기,(주)KM모터스,104서8390,0,0,0,0.0,0.0,0,0,
38625491,현대,더 뉴 싼타페,디젤 2.2 2WD,프레스티지,202309.0,2023,2450.0,126142.0,디젤,오토,ORIGINAL,일반,2025-03-19 23:56:14.000 +09,인천,(주)국민상사,168보5392,0,0,1,0.0,0.0,0,0,
38621082,현대,더 뉴 싼타페,디젤 2.2 2WD,프리미엄 초이스,202103.0,2021,2400.0,74081.0,디젤,오토,ORIGINAL,일반,2025-03-19 23:56:14.000 +09,대구,경북자동차상사,211조6024,1,0,1,312.9171,0.0,1,0,
38897652,현대,싼타페 TM,디젤 2.0 2WD,프레스티지,201809.0,2019,2199.0,34768.0,디젤,오토,ORIGINAL,일반,2025-03-19 23:56:14.000 +09,경기,청춘카,29가9297,2,0,0,290.6484,0.0,0,0,
39193777,현대,싼타페 TM,가솔린 2.0T 2WD,프리미엄,201911.0,2020,2080.0,55217.0,가솔린,오토,ORIGINAL,일반,2025-03-19 23:56:12.000 +09,경남,그린모터스,182우9425,0,0,1,0.0,0.0,0,0,
38668161,현대,더 뉴 싼타페,디젤 2.2 2WD,프레스티지,202007.0,2021,9999.0,58178.0,디젤,오토,ORIGINAL,일반,2025-03-19 23:56:02.000 +09,인천,정우모터스(주),355어5577,1,1,1,200.824,365.994,0,0,
38571058,현대,더 뉴 싼타페,디젤 2.2 2WD,프레스티지,202007.0,2021,3040.0,34054.0,디젤,오토,ORIGINAL,일반,2025-03-19 23:56:02.000 +09,경기,스카이모터스,363너8475,1,0,1,226.3912,0.0,0,0,
38503708,현대,더 뉴 싼타페,디젤 2.2 2WD,캘리그래피,202012.0,2021,2599.0,64076.0,디젤,오토,ORIGINAL,일반,2025-03-19 23:56:02.000 +09,부산,김도현모터스 대표,249두7076,2,2,0,924.1687,214.1479,0,0,
39092712,현대,더 뉴 싼타페,디젤 2.2 4WD,프리미엄,202104.0,2021,2650.0,71929.0,디젤,오토,ORIGINAL,일반,2025-03-19 23:55:26.000 +09,경기,오토프라임,261나2026,0,0,2,0.0,0.0,1,0,
38429045,현대,싼타페 TM,디젤 2.0 2WD,익스클루시브,201907.0,2020,1830.0,108840.0,디젤,오토,ORIGINAL,일반,2025-03-19 23:55:11.000 +09,부산,연산자동차,241머9618,0,2,1,0.0,204.2558,1,0,
39027062,현대,싼타페 더 프라임,디젤 2.0 2WD,프리미엄,201611.0,2017,9999.0,73740.0,디젤,오토,ORIGINAL,일반,2025-03-19 23:55:11.000 +09,경기,라인모터스,10라0136,1,1,1,101.4851,130.3842,0,0,
38468928,현대,더 뉴 싼타페,디젤 2.2 2WD,프레스티지,202210.0,2022,2990.0,20087.0,디젤,오토,ORIGINAL,일반,2025-03-19 23:55:11.000 +09,경기,세기자동차,292라3621,0,0,1,0.0,0.0,1,0,
38321658,현대,싼타페 TM,디젤 2.0 4WD,프레스티지,201909.0,2020,2399.0,36760.0,디젤,오토,ORIGINAL,일반,2025-03-19 23:55:11.000 +09,경기,(주)차톡,157도8913,0,0,1,0.0,0.0,1,0,
38956372,현대,더 뉴 싼타페,HEV 1.6 4WD,프레스티지,202112.0,2022,3200.0,68048.0,가솔린+전기,오토,ORIGINAL,일반,2025-03-19 23:55:11.000 +09,경기,설레임 오토모티브,156모7235,0,0,1,0.0,0.0,1,0,
38915660,현대,싼타페 더 프라임,디젤 2.0 2WD,익스클루시브 스페셜,201507.0,2016,1249.0,166628.0,디젤,오토,ORIGINAL,일반,2025-03-19 23:55:03.000 +09,경기,디엘모터스,47루9698,5,3,2,663.7679,63.0868,0,0,
38913650,현대,싼타페 (MX5),가솔린 2.5T 2WD,익스클루시브,202311.0,2024,3480.0,20048.0,가솔린,오토,ORIGINAL,일반,2025-03-19 23:55:03.000 +09,경기,기능장중고차,104조4351,0,0,0,0.0,0.0,1,0,
38649828,현대,싼타페 TM,디젤 2.2 2WD,익스클루시브,201804.0,2019,1870.0,114207.0,디젤,오토,ORIGINAL,일반,2025-03-19 23:55:03.000 +09,충남,해피카,386서9818,2,5,5,155.4755,795.381,1,0,
38992454,현대,싼타페 TM,디젤 2.0 2WD,익스클루시브,201805.0,2019,1999.0,88306.0,디젤,오토,ORIGINAL,일반,2025-03-19 23:55:03.000 +09,경기,주식회사 씨피오토모티브,49어3982,0,1,3,0.0,73.283,0,0,
39150150,현대,더 뉴 싼타페,가솔린 2.5T 2WD,익스클루시브,202306.0,2023,2950.0,12317.0,가솔린,오토,ORIGINAL,일반,2025-03-19 23:55:03.000 +09,대구,참조은 모터스,190더8259,0,0,1,0.0,0.0,0,0,
39110547,현대,더 뉴 싼타페,디젤 2.2 2WD,프레스티지,202012.0,2021,5566.0,48108.0,디젤,오토,ORIGINAL,일반,2025-03-19 23:55:03.000 +09,경기,에이원모터스,133너6122,0,0,1,0.0,0.0,1,0,
39168809,현대,싼타페 더 프라임,디젤 2.0 2WD,익스클루시브,201601.0,2016,1490.0,104948.0,디젤,오토,ORIGINAL,일반,2025-03-19 23:55:03.000 +09,경기,퍼펙트카,56고0545,1,1,1,145.842,64.979,0,0,
39263440,현대,싼타페 TM,가솔린 2.0T 2WD,인스퍼레이션,202005.0,2020,3090.0,56144.0,가솔린,오토,ORIGINAL,일반,2025-03-19 23:55:03.000 +09,대구,강성모터스,329조4264,0,0,0,0.0,0.0,0,0,
39227943,현대,더 뉴 싼타페,HEV 1.6 4WD,익스클루시브,202307.0,2023,3099.0,26917.0,가솔린+전기,오토,ORIGINAL,일반,2025-03-19 23:55:03.000 +09,경기,코리아모터스,316도3052,0,0,2,0.0,0.0,1,0,
39143440,현대,싼타페 (MX5),HEV 1.6 2WD,프레스티지,202406.0,2024,4400.0,19406.0,가솔린+전기,오토,ORIGINAL,일반,2025-03-19 23:55:03.000 +09,경기,(주)준모터스,265도4747,0,0,1,0.0,0.0,0,0,
39243279,현대,싼타페 TM,가솔린 2.0T 2WD,인스퍼레이션,201910.0,2020,2830.0,64608.0,가솔린,오토,ORIGINAL,일반,2025-03-19 23:55:03.000 +09,경기,원카,158머3274,0,0,2,0.0,0.0,0,0,
39068097,현대,싼타페 TM,디젤 2.2 4WD,프레스티지,202001.0,2020,2380.0,94228.0,디젤,오토,ORIGINAL,일반,2025-03-19 23:54:58.000 +09,대구,다온모터스,115마2576,1,0,2,233.4744,0.0,1,0,
38321314,현대,싼타페 더 프라임,디젤 2.0 2WD,프리미엄,201605.0,2016,1180.0,135459.0,디젤,오토,ORIGINAL,일반,2025-03-19 23:54:58.000 +09,대구,다온모터스,20소0719,0,3,1,0.0,168.426,0,0,
38571462,현대,더 뉴 싼타페,디젤 2.2 2WD,프레스티지,202011.0,2021,2650.0,63645.0,디젤,오토,ORIGINAL,일반,2025-03-19 23:54:19.000 +09,경기,우리모터스,205다2533,1,0,2,35.3526,0.0,1,0,
39175644,현대,싼타페 TM,디젤 2.2 4WD,프레스티지,201808.0,2019,2149.0,114960.0,디젤,오토,ORIGINAL,일반,2025-03-19 23:54:19.000 +09,충남,헤이모터스,07도3031,1,0,0,86.3496,0.0,0,0,
39254753,현대,싼타페 더 프라임,디젤 2.0 2WD,1 밀리언,201612.0,2017,1650.0,112454.0,디젤,오토,ORIGINAL,일반,2025-03-19 23:54:11.000 +09,대구,굿모터스,14고0344,1,0,3,67.4318,0.0,0,0,
39232277,현대,싼타페 TM,디젤 2.2 2WD,익스클루시브,201807.0,2019,1890.0,108864.0,디젤,오토,ORIGINAL,일반,2025-03-19 23:54:11.000 +09,전북,(유) 로고 모터스,342서6691,2,0,4,602.4596,0.0,1,0,
39190413,현대,싼타페 DM,디젤(e-VGT) 2.0 2WD 익스클루시브,(세부등급 없음),201403.0,2015,1310.0,100133.0,디젤,오토,ORIGINAL,일반,2025-03-19 23:54:11.000 +09,경기,차투차,26로7162,1,0,1,36.6,0.0,0,0,
39175027,현대,싼타페 더 프라임,디젤 2.0 2WD,프리미엄,201606.0,2016,1100.0,134659.0,디젤,오토,ORIGINAL,일반,2025-03-19 23:54:11.000 +09,광주,(주)다일모터스,28러0891,5,1,2,581.1037,50.28,0,0,
38301634,현대,싼타페 TM,가솔린 2.0T 4WD,인스퍼레이션,201906.0,2019,2550.0,60506.0,가솔린,오토,ORIGINAL,일반,2025-03-19 23:54:11.000 +09,서울,(주)에스에이치모터,35너2970,1,1,1,105.9096,0.0,0,0,
38828946,현대,싼타페 TM,디젤 2.2 2WD,익스클루시브,201803.0,2019,1915.0,126048.0,디젤,오토,ORIGINAL,일반,2025-03-19 23:54:11.000 +09,충남,진명자동차,315우9311,1,0,3,118.9,0.0,1,0,
38801318,현대,더 뉴 싼타페,디젤 2.2 2WD,프레스티지,202007.0,2021,2320.0,86963.0,디젤,오토,ORIGINAL,일반,2025-03-19 23:54:11.000 +09,인천,오토모티브,307버7751,1,1,3,186.098,56.785,0,0,
38914922,현대,싼타페 TM,디젤 2.0 2WD,익스클루시브,201804.0,2019,1980.0,67049.0,디젤,오토,ORIGINAL,일반,2025-03-19 23:54:11.000 +09,인천,(주)시우자동차,38나4543,4,1,1,203.3219,38.0,0,0,
39155966,현대,싼타페 TM,디젤 2.0 4WD,프리미엄,202003.0,2020,1890.0,60915.0,디젤,오토,ORIGINAL,일반,2025-03-19 23:54:11.000 +09,인천,조이모터스,199마7524,0,0,1,0.0,0.0,1,0,
39205658,현대,싼타페 더 프라임,디젤 2.0 2WD,프리미엄,201608.0,2016,1199.0,178526.0,디젤,오토,ORIGINAL,일반,2025-03-19 23:54:08.000 +09,충남,착한자동차,42버0397,1,1,4,41.0322,36.5068,0,0,
39153010,현대,더 뉴 싼타페,디젤 2.2 4WD,프리미엄 초이스,202104.0,2021,2359.0,123237.0,디젤,오토,ORIGINAL,일반,2025-03-19 23:54:08.000 +09,충남,착한자동차,360가5726,1,2,1,124.279,363.6689,1,0,
39109324,현대,싼타페 DM,디젤(e-VGT) 2.0 4WD 익스클루시브,(세부등급 없음),201410.0,2015,1199.0,138063.0,디젤,오토,ORIGINAL,일반,2025-03-19 23:53:54.000 +09,광주,(유)현철모터스,31노4853,0,1,3,0.0,57.608,0,0,
38875889,현대,더 뉴 싼타페,디젤 2.2 2WD,캘리그래피,202102.0,2021,2920.0,84630.0,디젤,오토,ORIGINAL,일반,2025-03-19 23:53:32.000 +09,전북,(유)짱카,357로6748,2,0,1,180.5097,0.0,0,0,
39189666,현대,싼타페 더 프라임,디젤 2.0 2WD,익스클루시브 스페셜,201601.0,2016,1350.0,120455.0,디젤,오토,ORIGINAL,일반,2025-03-19 23:53:30.000 +09,전북,(유)짱카,39더0555,2,1,7,802.217,467.097,0,0,
39231332,현대,싼타페 DM,디젤(e-VGT) 2.0 2WD 프리미엄,,201305.0,2013,820.0,209550.0,디젤,오토,ORIGINAL,일반,2025-03-19 23:53:30.000 +09,전북,(유)짱카,63거7438,2,0,1,195.02,0.0,0,0,
39257468,현대,싼타페 (MX5),HEV 1.6 2WD,캘리그래피,202405.0,2024,4530.0,15709.0,가솔린+전기,오토,ORIGINAL,일반,2025-03-19 23:53:13.000 +09,서울,(주)한길유씨에스,100주6663,0,0,0,0.0,0.0,0,0,
38681708,현대,싼타페 (MX5),HEV 1.6 2WD,프레스티지,202311.0,2024,3999.0,2125.0,가솔린+전기,오토,ORIGINAL,일반,2025-03-19 23:53:13.000 +09,서울,비전 모터스,220다5061,0,0,2,0.0,0.0,0,0,
38732861,현대,싼타페 DM,디젤(e-VGT) 2.0 2WD 프리미엄,,201404.0,2015,1150.0,82098.0,디젤,오토,ORIGINAL,일반,2025-03-19 23:53:13.000 +09,인천,오토그린,40다5451,2,0,3,90.9998,0.0,1,0,
39019923,현대,싼타페 더 프라임,디젤 2.2 4WD,익스클루시브 스페셜,201609.0,2017,1350.0,165670.0,디젤,오토,ORIGINAL,일반,2025-03-19 23:53:13.000 +09,경기,국민플러스,43모0495,1,0,0,207.264,0.0,0,0,
39044474,현대,싼타페 TM,디젤 2.0 2WD,프레스티지,201806.0,2019,1999.0,98396.0,디젤,오토,ORIGINAL,일반,2025-03-19 23:53:13.000 +09,경기,에스에이치모터스,59조9701,4,2,0,261.9224,80.4411,0,0,
38396665,현대,더 뉴 싼타페,디젤 2.2 4WD,프리미엄 초이스,202104.0,2021,9999.0,78825.0,디젤,오토,ORIGINAL,일반,2025-03-19 23:53:05.000 +09,경기,세기자동차,395라7784,0,0,1,0.0,0.0,1,0,
39168560,현대,싼타페 더 프라임,디젤 2.2 2WD,익스클루시브 스페셜,201510.0,2016,1200.0,138633.0,디젤,오토,ORIGINAL,일반,2025-03-19 23:53:05.000 +09,경기,해피카,62부0940,2,2,2,279.991,67.6036,0,0,
38607781,현대,싼타페 DM,디젤(e-VGT) 2.0 2WD 익스클루시브,스페셜,201409.0,2015,1499.0,73822.0,디젤,오토,ORIGINAL,일반,2025-03-19 23:53:05.000 +09,경기,ALLCAR모터스,210가3304,7,1,7,822.0366,158.386,1,0,
38912310,현대,더 뉴 싼타페,HEV 1.6 2WD,캘리그래피,202212.0,2023,3880.0,15381.0,가솔린+전기,오토,ORIGINAL,일반,2025-03-19 23:53:05.000 +09,경기,월드모터스,165부8404,1,1,1,89.3639,50.2008,0,0,
38795417,현대,더 뉴 싼타페,디젤 2.2 2WD,프리미엄 초이스,202012.0,2021,2340.0,72798.0,디젤,오토,ORIGINAL,일반,2025-03-19 23:53:05.000 +09,경기,엠케이모터스,130더8941,0,0,1,0.0,0.0,1,0,
39149947,현대,더 뉴 싼타페,디젤 2.2 2WD,익스클루시브,202210.0,2023,2640.0,34147.0,디젤,오토,ORIGINAL,일반,2025-03-19 23:53:05.000 +09,인천,다올모터스,131무5630,4,1,1,472.961,72.8869,0,0,
39150522,현대,더 뉴 싼타페,HEV 1.6 2WD,프레스티지 초이스,202304.0,2023,3510.0,22524.0,가솔린+전기,오토,ORIGINAL,일반,2025-03-19 23:53:05.000 +09,광주,오토플러스,174호3565,0,0,0,0.0,0.0,0,0,
39116312,현대,더 뉴 싼타페,가솔린 2.5T 2WD,프레스티지,202110.0,2021,2890.0,20680.0,가솔린,오토,ORIGINAL,일반,2025-03-19 23:53:05.000 +09,경기,월드모터스,147고8886,1,0,1,41.255,0.0,0,0,
39131631,현대,싼타페 CM,2WD(2.2VGT) CLX,고급형,200705.0,2007,360.0,216207.0,디젤,오토,ORIGINAL,일반,2025-03-19 23:53:05.000 +09,경기,양주 케이 모터스,26우5835,5,1,5,778.6872,88.3107,0,0,
39250796,현대,싼타페 (MX5),가솔린 2.5T 2WD,캘리그래피,202310.0,2024,3990.0,20261.0,가솔린,오토,ORIGINAL,일반,2025-03-19 23:53:05.000 +09,인천,모빌팡,123러2043,0,0,0,0.0,0.0,0,0,
39099253,현대,싼타페 더 프라임,디젤 2.0 2WD,밸류 플러스,201710.0,2018,1690.0,66041.0,디젤,오토,ORIGINAL,일반,2025-03-19 23:53:05.000 +09,경기,차투차,60가7319,1,1,3,56.0614,103.3848,0,0,
39224093,현대,싼타페 TM,디젤 2.2 2WD,프레스티지,201803.0,2019,2089.0,116328.0,디젤,오토,ORIGINAL,일반,2025-03-19 23:53:05.000 +09,경남,한우카,28우1136,1,0,3,66.314,0.0,0,0,
38935064,현대,더 뉴 싼타페,디젤 2.2 2WD,프리미엄,202112.0,2021,2520.0,76301.0,디젤,오토,ORIGINAL,일반,2025-03-19 23:53:05.000 +09,경기,타타모터스,262러5407,0,0,2,0.0,0.0,1,0,
38773310,현대,싼타페 TM,디젤 2.0 2WD,익스클루시브,201912.0,2020,2080.0,94629.0,디젤,오토,ORIGINAL,일반,2025-03-19 23:53:05.000 +09,경기,위드카,179고5758,2,7,0,470.8104,1944.7031,0,0,
38915525,현대,더 뉴 싼타페,가솔린 2.5T 2WD,익스클루시브,202301.0,2023,2999.0,29660.0,가솔린,오토,ORIGINAL,일반,2025-03-19 23:52:11.000 +09,서울,(주)아이오토스,144마3473,0,0,1,0.0,0.0,0,0,
38626379,현대,싼타페 TM,디젤 2.0 2WD,프레스티지,201806.0,2019,2290.0,75297.0,디젤,오토,ORIGINAL,일반,2025-03-19 23:52:11.000 +09,경기,차여사,06오5024,1,1,2,149.907,48.646,0,0,
38597651,현대,싼타페 TM,디젤 2.2 4WD,프레스티지,201812.0,2019,2090.0,147161.0,디젤,오토,ORIGINAL,일반,2025-03-19 23:52:11.000 +09,충남,sb모터스,35마5341,0,1,2,0.0,46.91,0,0,
38509601,현대,싼타페 더 프라임,디젤 2.0 2WD,프리미엄,201801.0,2018,1650.0,80111.0,디젤,오토,ORIGINAL,일반,2025-03-19 23:52:11.000 +09,충남,진명자동차,04조9437,1,0,3,62.0003,0.0,0,0,
38287142,현대,더 뉴 싼타페,디젤 2.2 2WD,프레스티지,202008.0,2021,3020.0,53893.0,디젤,오토,ORIGINAL,일반,2025-03-19 23:52:11.000 +09,경기,(주)혜성자동차,274더3119,0,0,0,0.0,0.0,0,0,
39190296,현대,싼타페 더 프라임,디젤 2.0 2WD,프리미엄,201701.0,2017,1460.0,93474.0,디젤,오토,ORIGINAL,일반,2025-03-19 23:52:11.000 +09,경기,차투차,51가0136,2,1,2,73.6436,85.8053,0,0,
39177343,현대,더 뉴 싼타페,디젤 2.2 4WD,프리미엄,202012.0,2021,2399.0,106938.0,디젤,오토,ORIGINAL,일반,2025-03-19 23:52:11.000 +09,경기,(주)왕카,269보8674,0,1,1,0.0,109.9723,1,0,
39179686,현대,싼타페 더 프라임,디젤 2.0 2WD,익스클루시브 스페셜,201507.0,2016,1650.0,145489.0,디젤,오토,ORIGINAL,일반,2025-03-19 23:52:11.000 +09,대구,SU모터스,11부5702,11,5,7,792.3963,432.008,0,0,
39111728,현대,더 뉴 싼타페,디젤 2.2 2WD,캘리그래피,202012.0,2021,2590.0,114410.0,디젤,오토,ORIGINAL,일반,2025-03-19 23:52:11.000 +09,광주,(유)춘자네중고차,350저2794,0,0,0,0.0,0.0,0,0,
39062745,현대,더 뉴 싼타페,가솔린 2.5T 2WD,프레스티지,202012.0,2021,2690.0,56614.0,가솔린,오토,ORIGINAL,일반,2025-03-19 23:52:11.000 +09,경기,코오롱모빌리티그룹,152하1116,1,2,0,64.9304,459.4199,0,0,
39123414,현대,더 뉴 싼타페,HEV 1.6 2WD,프레스티지,202110.0,2022,1992.0,29795.0,가솔린+전기,오토,ORIGINAL,리스,2025-03-19 23:52:10.000 +09,경기,퍼스트다이렉트,372너3547,0,1,1,0.0,0.0,1,0,
39139504,현대,싼타페 DM,디젤(e-VGT) 2.0 2WD 프리미엄,,201304.0,2013,820.0,186002.0,디젤,오토,ORIGINAL,일반,2025-03-19 23:52:03.000 +09,경남,넘버원모터스,33고9438,7,2,4,781.3986,159.643,0,0,
39263026,현대,싼타페 TM,디젤 2.2 4WD,프레스티지,202002.0,2020,2690.0,85396.0,디젤,오토,ORIGINAL,일반,2025-03-19 23:52:03.000 +09,대구,씽씽카,358수2393,0,0,0,0.0,0.0,0,0,
39131464,현대,싼타페 DM,디젤(e-VGT) 2.0 2WD 익스클루시브,(세부등급 없음),201306.0,2014,1290.0,94336.0,디젤,오토,ORIGINAL,일반,2025-03-19 23:52:03.000 +09,대구,M월드 찰떡모터스,32저3745,0,0,2,0.0,0.0,0,0,
39111086,현대,싼타페 더 프라임,디젤 2.0 2WD,익스클루시브,201606.0,2016,1210.0,104770.0,디젤,오토,ORIGINAL,일반,2025-03-19 23:52:03.000 +09,경기,토토자동차,34우0718,2,0,3,1373.8985,0.0,0,0,
38699432,현대,싼타페 TM,디젤 2.0 4WD,프레스티지,201812.0,2019,2250.0,81765.0,디젤,오토,ORIGINAL,일반,2025-03-19 23:52:03.000 +09,경기,중고차A팀,243가8170,2,1,3,204.7378,80.6827,1,0,
38651952,현대,싼타페 TM,디젤 2.0 2WD,익스클루시브,201812.0,2019,2090.0,75826.0,디젤,오토,ORIGINAL,일반,2025-03-19 23:52:03.000 +09,경기,코리아모터스,05모1978,1,0,1,85.5546,0.0,0,0,
38566478,현대,더 뉴 싼타페,디젤 2.2 2WD,캘리그래피,202010.0,2021,2480.0,101199.0,디젤,오토,ORIGINAL,일반,2025-03-19 23:52:03.000 +09,경기,애니원 모터스,213로9392,0,0,1,0.0,0.0,1,0,
38977782,현대,더 뉴 싼타페,디젤 2.2 2WD,캘리그래피,202212.0,2023,3600.0,18209.0,디젤,오토,ORIGINAL,일반,2025-03-19 23:52:03.000 +09,경기,(주)준모터스,278가5763,0,0,1,0.0,0.0,0,0,
38390267,현대,싼타페 TM,디젤 2.0 2WD,익스클루시브,201810.0,2019,1999.0,97807.0,디젤,오토,ORIGINAL,일반,2025-03-19 23:52:03.000 +09,충남,지에스카넷,01저4659,0,0,2,0.0,0.0,0,0,
39262042,현대,싼타페 (MX5),가솔린 2.5T 2WD,캘리그래피,202311.0,2024,4460.0,5894.0,가솔린,오토,ORIGINAL,일반,2025-03-19 23:52:03.000 +09,경기,(주)준모터스,359저6811,0,0,0,0.0,0.0,0,0,
39134237,현대,싼타페 더 프라임,디젤 2.0 2WD,프리미엄,201701.0,2017,1350.0,151484.0,디젤,오토,ORIGINAL,일반,2025-03-19 23:51:10.000 +09,경기,제이디모터스,53누6418,0,1,3,0.0,52.3228,0,0,
39251842,현대,싼타페 TM,디젤 2.0 4WD,프레스티지,201803.0,2019,2490.0,92811.0,디젤,오토,ORIGINAL,일반,2025-03-19 23:51:10.000 +09,충남,주식회사 하이오토,17라4114,1,2,1,321.654,338.297,0,0,
38841672,현대,더 뉴 싼타페,HEV 1.6 2WD,프레스티지,202201.0,2022,3330.0,28386.0,가솔린+전기,오토,ORIGINAL,일반,2025-03-19 23:51:10.000 +09,충남,(주)태양모터스,368구7034,0,0,3,0.0,0.0,0,0,
39118147,현대,싼타페 더 프라임,디젤 2.0 2WD,밸류 플러스,201709.0,2018,1650.0,77904.0,디젤,오토,ORIGINAL,일반,2025-03-19 23:51:10.000 +09,인천,뉴AK모터스,54수8106,2,1,1,282.9723,117.91,0,0,
38534216,현대,더 뉴 싼타페,디젤 2.2 2WD,프레스티지,202101.0,2021,2690.0,49122.0,디젤,오토,ORIGINAL,일반,2025-03-19 23:51:10.000 +09,서울,시원 모터스,178마4225,0,0,3,0.0,0.0,0,0,
39063496,현대,더 뉴 싼타페,HEV 1.6 2WD,캘리그래피,202210.0,2023,3520.0,22755.0,가솔린+전기,오토,ORIGINAL,일반,2025-03-19 23:51:10.000 +09,서울,미래카월드,377러7651,1,0,1,44.6637,0.0,0,0,
38735935,현대,싼타페 TM,디젤 2.0 2WD,프레스티지,201903.0,2019,2250.0,88001.0,디젤,오토,ORIGINAL,일반,2025-03-19 23:51:02.000 +09,경기,제이디모터스,322두9402,0,1,2,0.0,99.5134,1,0,
38577852,현대,더 뉴 싼타페,디젤 2.2 2WD,캘리그래피,202008.0,2021,9999.0,70787.0,디젤,오토,ORIGINAL,일반,2025-03-19 23:51:02.000 +09,경기,카메이트,114마7403,0,1,1,0.0,53.7017,0,0,
37576967,현대,싼타페 (MX5),HEV 1.6 2WD,캘리그래피,202406.0,2024,4440.0,1500.0,가솔린+전기,오토,ORIGINAL,렌트,2025-03-19 23:51:02.000 +09,경기,,177호8172,0,0,0,0.0,0.0,0,0,
39062407,현대,싼타페 TM,디젤 2.0 4WD,익스클루시브,201808.0,2019,1770.0,139348.0,디젤,오토,ORIGINAL,일반,2025-03-19 23:51:02.000 +09,경기,착한모터스,08누2167,3,0,1,211.8537,0.0,0,0,
39019318,현대,싼타페 TM,디젤 2.0 2WD,익스클루시브 스페셜,201804.0,2019,2350.0,57899.0,디젤,오토,ORIGINAL,일반,2025-03-19 23:51:02.000 +09,경기,오토플러스(주),04우4028,2,0,0,67.19,0.0,0,0,
39008642,현대,싼타페 (MX5),HEV 1.6 2WD,프레스티지,202404.0,2024,3899.0,12096.0,가솔린+전기,오토,ORIGINAL,일반,2025-03-19 23:51:02.000 +09,경기,남수원모터스,190어4898,0,0,1,0.0,0.0,1,0,
39119355,현대,싼타페 더 프라임,디젤 2.0 2WD,1 밀리언,201609.0,2017,1700.0,77740.0,디젤,오토,ORIGINAL,일반,2025-03-19 23:51:02.000 +09,충남,(주)한길자동차,01무0424,4,6,2,645.5582,551.7664,0,0,
39122949,현대,싼타페 더 프라임,디젤 2.0 2WD,프리미엄,201703.0,2017,1390.0,110225.0,디젤,오토,ORIGINAL,일반,2025-03-19 23:51:02.000 +09,충북,JM모터스,04다7419,2,1,1,171.1775,162.364,0,0,
39084996,현대,더 뉴 싼타페,HEV 1.6 4WD,익스클루시브,202307.0,2023,3170.0,38395.0,가솔린+전기,오토,ORIGINAL,일반,2025-03-19 23:51:02.000 +09,경기,(주)왕카,275노9984,0,0,3,0.0,0.0,1,0,
39102691,현대,싼타페 (MX5),가솔린 2.5T 4WD,캘리그래피,202310.0,2024,9999.0,14406.0,가솔린,오토,ORIGINAL,일반,2025-03-19 23:51:02.000 +09,경기,위즈오토모티브,338조1831,0,0,0,0.0,0.0,0,0,
39100019,현대,더 뉴 싼타페,디젤 2.2 4WD,캘리그래피,202008.0,2021,2910.0,126571.0,디젤,오토,ORIGINAL,일반,2025-03-19 23:51:02.000 +09,인천,주식회사 시우자동차2,155주1043,0,0,1,0.0,0.0,1,0,
39039294,현대,싼타페 (MX5),가솔린 2.5T 4WD,캘리그래피,202312.0,2024,4350.0,21891.0,가솔린,오토,ORIGINAL,일반,2025-03-19 23:50:25.000 +09,광주,(주)뉴광주모터스,387가1640,0,0,0,0.0,0.0,0,0,
38538229,현대,싼타페 TM,디젤 2.2 4WD,익스클루시브,201808.0,2019,1850.0,100727.0,디젤,오토,ORIGINAL,일반,2025-03-19 23:50:25.000 +09,광주,(주)뉴광주모터스,110루2572,2,0,4,37.4729,0.0,1,0,
39059551,현대,더 뉴 싼타페,디젤 2.2 2WD,캘리그래피,202012.0,2021,3229.0,49096.0,디젤,오토,ORIGINAL,일반,2025-03-19 23:50:17.000 +09,경기,청학e모터스,313버5336,1,0,0,74.1134,0.0,0,0,
39071132,현대,더 뉴 싼타페,디젤 2.2 4WD,프리미엄,202106.0,2021,2440.0,87202.0,디젤,오토,ORIGINAL,일반,2025-03-19 23:50:16.000 +09,경기,(주)왕카,202나2905,0,0,1,0.0,0.0,1,0,
39051704,현대,더 뉴 싼타페,디젤 2.2 4WD,프리미엄 초이스,202102.0,2021,2230.0,123401.0,디젤,오토,ORIGINAL,일반,2025-03-19 23:50:16.000 +09,경기,(주)왕카,202나2998,0,0,1,0.0,0.0,1,0,
39012802,현대,더 뉴 싼타페,디젤 2.2 2WD,프리미엄 초이스,202101.0,2021,2230.0,103450.0,디젤,오토,ORIGINAL,일반,2025-03-19 23:50:16.000 +09,경기,㈜오토핸즈,153호8063,0,0,0,0.0,0.0,0,0,
38732208,현대,싼타페 더 프라임,디젤 2.0 2WD,프리미엄,201507.0,2016,1260.0,106306.0,디젤,오토,ORIGINAL,일반,2025-03-19 23:50:16.000 +09,인천,뉴AK모터스자동차매매상사,11모7301,2,1,2,90.7582,262.62,0,0,
38491445,현대,싼타페 TM,가솔린 2.0T 2WD,익스클루시브 스페셜,201901.0,2019,2330.0,43135.0,가솔린,오토,ORIGINAL,일반,2025-03-19 23:50:16.000 +09,부산,골드문 모터스,55가7259,2,1,2,77.5119,54.577,0,0,
39232415,현대,싼타페 TM,디젤 2.0 2WD,프레스티지,201907.0,2020,1950.0,109825.0,디젤,오토,ORIGINAL,일반,2025-03-19 23:50:06.000 +09,광주,오토핸즈 광주직영점,167루5134,0,1,2,0.0,67.5603,1,0,
39018160,현대,싼타페 TM,디젤 2.0 2WD,프레스티지,201804.0,2019,2130.0,79828.0,디젤,오토,ORIGINAL,일반,2025-03-19 23:50:06.000 +09,대구,케이모터스,43소4476,1,2,4,1929.8,420.5143,1,0,
39238752,현대,싼타페 TM,가솔린 2.0T 2WD,프레스티지,201907.0,2020,2450.0,79553.0,가솔린,오토,ORIGINAL,일반,2025-03-19 23:50:06.000 +09,인천,원스탑모터스 주식회사,34두6026,1,0,3,98.787,0.0,0,0,
39149425,현대,싼타페 더 프라임,디젤 2.2 2WD,익스클루시브,201602.0,2016,1380.0,144202.0,디젤,오토,ORIGINAL,일반,2025-03-19 23:50:06.000 +09,부산,주식회사에이치알모터,09저0343,1,0,1,112.095,0.0,0,0,
39101125,현대,싼타페 TM,디젤 2.2 2WD,익스클루시브,201909.0,2020,2190.0,90341.0,디젤,오토,ORIGINAL,일반,2025-03-19 23:50:06.000 +09,경기,(주)카매니저,360구1381,0,1,1,0.0,34.9657,1,0,
39082694,현대,싼타페 (MX5),HEV 1.6 2WD,익스클루시브,202501.0,2025,2650.0,1839.0,가솔린+전기,오토,ORIGINAL,렌트,2025-03-19 23:50:06.000 +09,인천,,229하7231,0,0,0,0.0,0.0,0,0,
39153677,현대,싼타페 TM,디젤 2.0 2WD,익스클루시브,201803.0,2019,2250.0,46920.0,디젤,오토,ORIGINAL,일반,2025-03-19 23:50:06.000 +09,서울,대디모터스,01소5461,0,0,3,0.0,0.0,0,0,
39126781,현대,더 뉴 싼타페,디젤 2.2 2WD,캘리그래피,202112.0,2021,2890.0,54074.0,디젤,오토,ORIGINAL,일반,2025-03-19 23:50:06.000 +09,경기,(주)왕카,398수9668,0,1,2,0.0,62.6,1,0,
39127121,현대,싼타페 더 프라임,디젤 2.0 4WD,프리미엄,201609.0,2017,1499.0,59764.0,디젤,오토,ORIGINAL,일반,2025-03-19 23:50:06.000 +09,경기,에쓰아이모터스,39러0434,3,4,1,654.532,572.115,0,0,
39178096,현대,싼타페 DM,디젤(e-VGT) 2.0 2WD 익스클루시브,(세부등급 없음),201411.0,2015,1099.0,140090.0,디젤,오토,ORIGINAL,일반,2025-03-19 23:50:06.000 +09,경기,주식회사 디엘모터스,23고9063,5,2,3,934.3965,132.225,0,0,
39220897,현대,싼타페 TM,가솔린 2.0T 2WD,인스퍼레이션,201905.0,2019,2569.0,72619.0,가솔린,오토,ORIGINAL,일반,2025-03-19 23:50:06.000 +09,경기,블루오토,46두6387,0,0,0,0.0,0.0,0,0,
38745345,현대,싼타페 CM,2WD(2.2VGT) MLX,기본형,200612.0,2007,199.0,315458.0,디젤,오토,ORIGINAL,일반,2025-03-19 23:49:10.000 +09,부산,(주)우진오토모빌,11너1122,4,4,5,345.4896,216.5568,0,0,
38877116,현대,싼타페 (MX5),가솔린 2.5T 4WD,프레스티지,202402.0,2024,4290.0,19307.0,가솔린,오토,ORIGINAL,일반,2025-03-19 23:49:10.000 +09,경기,코리아모터스,104거8905,0,0,1,0.0,0.0,0,0,
39153654,현대,더 뉴 싼타페,HEV 1.6 2WD,프레스티지,202308.0,2023,3290.0,15238.0,가솔린+전기,오토,ORIGINAL,일반,2025-03-19 23:49:10.000 +09,경기,(주)왕카,257모5579,0,0,1,0.0,0.0,1,0,
39111870,현대,싼타페 더 프라임,디젤 2.0 2WD,익스클루시브,201606.0,2016,1300.0,107656.0,디젤,오토,ORIGINAL,일반,2025-03-19 23:49:10.000 +09,경기,두산모터스,24나0110,6,1,5,780.8005,68.0,0,0,
39009892,현대,더 뉴 싼타페,디젤 2.2 2WD,프리미엄,202106.0,2021,2030.0,92143.0,디젤,오토,ORIGINAL,일반,2025-03-19 23:49:02.000 +09,경기,(주)영모터스,303러2743,0,0,1,0.0,0.0,1,0,
39041966,현대,싼타페 TM,가솔린 2.0T 2WD,프레스티지,202003.0,2020,2390.0,66555.0,가솔린,오토,ORIGINAL,일반,2025-03-19 23:49:02.000 +09,서울,(주)영업왕자,368무7098,0,0,0,0.0,0.0,0,0,
38988246,현대,싼타페 DM,디젤(e-VGT) 2.0 2WD 모던,,201206.0,2013,1150.0,74227.0,디젤,오토,ORIGINAL,일반,2025-03-19 23:49:02.000 +09,경기,(주)유로모터스,15저9414,2,1,0,152.2867,70.0,0,0,
39217548,현대,싼타페 (MX5),가솔린 2.5T 4WD,캘리그래피,202310.0,2024,4350.0,27715.0,가솔린,오토,ORIGINAL,일반,2025-03-19 23:49:02.000 +09,인천,뉴AK모터스,207노1938,1,0,1,263.39,0.0,0,0,
39134073,현대,싼타페 TM,디젤 2.0 2WD,프리미엄,201908.0,2020,2200.0,22851.0,디젤,오토,ORIGINAL,일반,2025-03-19 23:49:02.000 +09,경기,(주)왕카,269보8679,0,0,1,0.0,0.0,1,0,
39108255,현대,더 뉴 싼타페,디젤 2.2 4WD,캘리그래피,202101.0,2021,3650.0,59074.0,디젤,오토,ORIGINAL,일반,2025-03-19 23:49:02.000 +09,경기,카리브 모터스,279소6547,1,0,1,254.5233,0.0,1,0,
39223815,현대,싼타페 더 프라임,디젤 2.0 2WD,익스클루시브,201602.0,2016,1559.0,106542.0,디젤,오토,ORIGINAL,일반,2025-03-19 23:49:02.000 +09,충남,이든자동차,66모0852,1,1,2,207.0248,205.5538,0,0,
39269095,현대,더 뉴 싼타페,디젤 2.2 2WD,프레스티지,202010.0,2021,2590.0,70056.0,디젤,오토,ORIGINAL,일반,2025-03-19 23:49:02.000 +09,대구,정모터스,274루1107,2,2,1,210.2969,128.8917,1,0,
39220926,현대,싼타페 TM,디젤 2.2 2WD,익스클루시브,201809.0,2019,1850.0,122657.0,디젤,오토,ORIGINAL,일반,2025-03-19 23:49:02.000 +09,경기,차투차,235너2042,0,0,1,0.0,0.0,1,0,
39109455,현대,더 뉴 싼타페,디젤 2.2 4WD,프레스티지,202103.0,2021,2920.0,95753.0,디젤,오토,ORIGINAL,일반,2025-03-19 23:49:02.000 +09,경기,에이원모터스,279소6561,0,0,1,0.0,0.0,1,0,
39109321,현대,더 뉴 싼타페,디젤 2.2 4WD,프리미엄 초이스,202103.0,2021,2870.0,88945.0,디젤,오토,ORIGINAL,일반,2025-03-19 23:49:02.000 +09,경기,에이원모터스,122고4821,0,0,2,0.0,0.0,1,0,
39036356,현대,싼타페 TM,가솔린 2.0T 2WD,인스퍼레이션,201810.0,2019,2150.0,50479.0,가솔린,오토,ORIGINAL,일반,2025-03-19 23:48:19.000 +09,인천,뉴정우모터스,36너5974,2,0,1,793.7111,0.0,0,0,
38219019,현대,싼타페 TM,디젤 2.0 4WD,프레스티지,201810.0,2019,3600.0,65238.0,디젤,오토,ORIGINAL,일반,2025-03-19 23:48:19.000 +09,대전,안모터스,03어2956,1,1,1,56.15,63.2709,0,0,
38973249,현대,싼타페 (MX5),HEV 1.6 2WD,프레스티지,202401.0,2024,2628.0,14000.0,가솔린+전기,오토,ORIGINAL,렌트,2025-03-19 23:48:19.000 +09,서울,,177호2920,0,0,0,0.0,0.0,0,0,
39193681,현대,싼타페 TM,가솔린 2.0T 4WD,익스클루시브 스페셜,201804.0,2019,2190.0,53639.0,가솔린,오토,ORIGINAL,일반,2025-03-19 23:48:19.000 +09,부산,(주)하나오토,02러7402,3,1,1,850.1144,169.95,0,0,
39072786,현대,싼타페 더 프라임,디젤 2.0 2WD,프리미엄,201706.0,2018,1290.0,84188.0,디젤,오토,ORIGINAL,일반,2025-03-19 23:48:19.000 +09,경기,사과나무자동차,52가7624,2,1,1,318.4118,271.0503,0,0,
38811959,현대,더 뉴 싼타페,디젤 2.2 2WD,프레스티지,202009.0,2021,2450.0,73875.0,디젤,오토,ORIGINAL,일반,2025-03-19 23:48:11.000 +09,인천,(주)지후모터스,369구5473,3,1,0,161.6687,181.4234,0,0,
39153726,현대,더 뉴 싼타페,HEV 1.6 2WD,캘리그래피,202302.0,2023,3730.0,18724.0,가솔린+전기,오토,ORIGINAL,일반,2025-03-19 23:48:11.000 +09,서울,(주)한길유씨에스,204어8911,0,0,0,0.0,0.0,0,0,
38991493,현대,더 뉴 싼타페,HEV 1.6 2WD,캘리그래피,202211.0,2023,3790.0,28956.0,가솔린+전기,오토,ORIGINAL,일반,2025-03-19 23:48:11.000 +09,서울,(주)한길유씨에스,208어1632,0,0,1,0.0,0.0,0,0,
38961514,현대,싼타페 TM,디젤 2.0 4WD,프리미엄,201805.0,2019,1790.0,116521.0,디젤,오토,ORIGINAL,일반,2025-03-19 23:48:11.000 +09,대구,KD모터스,270거9892,0,0,2,0.0,0.0,1,0,
38932125,현대,더 뉴 싼타페,HEV 1.6 2WD,캘리그래피,202307.0,2023,3570.0,17000.0,가솔린+전기,오토,ORIGINAL,일반,2025-03-19 23:48:11.000 +09,전남,하나상사,162로9324,0,0,1,0.0,0.0,0,0,
39184699,현대,싼타페 (MX5),가솔린 2.5T 2WD,프레스티지,202310.0,2024,3699.0,11094.0,가솔린,오토,ORIGINAL,일반,2025-03-19 23:48:11.000 +09,경기,(주)리드옥션,148주5212,0,0,1,0.0,0.0,0,0,
38710155,현대,싼타페 TM,가솔린 2.0T 2WD,프레스티지,201907.0,2020,2390.0,69419.0,가솔린,오토,ORIGINAL,일반,2025-03-19 23:48:11.000 +09,경기,(주)유신모터스,04두0771,1,1,0,113.11,73.516,0,0,
38710155,현대,싼타페 TM,가솔린 2.0T 2WD,프레스티지,201907.0,2020,2390.0,69419.0,가솔린,오토,ORIGINAL,일반,2025-03-19 23:48:11.000 +09,경기,(주)유신모터스,04두0771,1,1,1,113.11,73.516,0,0,
38290168,현대,싼타페 TM,디젤 2.0 4WD,익스클루시브,201910.0,2020,2150.0,89451.0,디젤,오토,ORIGINAL,일반,2025-03-19 23:48:11.000 +09,경기,월드모터스,112보9441,2,0,2,139.5703,0.0,1,0,
38491108,현대,싼타페 (MX5),가솔린 2.5T 2WD,캘리그래피,202311.0,2024,3990.0,6773.0,가솔린,오토,ORIGINAL,일반,2025-03-19 23:48:11.000 +09,대구,뉴현대모터스,183더8177,0,0,4,0.0,0.0,0,0,
38517411,현대,더 뉴 싼타페,디젤 2.2 2WD,캘리그래피,202009.0,2021,2830.0,114590.0,디젤,오토,ORIGINAL,일반,2025-03-19 23:48:11.000 +09,경기,주식회사 씨피오토모티브,107라3564,0,0,1,0.0,0.0,0,0,
39223579,현대,더 뉴 싼타페,HEV 1.6 2WD,프레스티지,202108.0,2022,2970.0,54308.0,가솔린+전기,오토,ORIGINAL,일반,2025-03-19 23:48:11.000 +09,부산,오토플러스(주),179어8195,2,0,1,137.0043,0.0,0,0,
38864993,현대,싼타페 더 프라임,디젤 2.0 2WD,익스클루시브,201507.0,2016,1560.0,68902.0,디젤,오토,ORIGINAL,일반,2025-03-19 23:47:51.000 +09,경기,(주)뉴카카,57어3004,2,1,3,295.5427,130.4349,0,0,
38577801,현대,싼타페 더 프라임,디젤 2.0 2WD,익스클루시브,201508.0,2016,1500.0,68272.0,디젤,오토,ORIGINAL,일반,2025-03-19 23:47:51.000 +09,경기,(주)뉴카카,55더7540,0,0,4,0.0,0.0,0,0,
38823772,현대,싼타페 TM,가솔린 2.0T 2WD,익스클루시브,202002.0,2020,2540.0,53000.0,가솔린,오토,ORIGINAL,일반,2025-03-19 23:47:20.000 +09,부산,일화자동차매매상사,277오8677,0,1,1,0.0,80.197,1,0,
38576922,현대,싼타페 더 프라임,디젤 2.0 2WD,프리미엄,201608.0,2016,1060.0,180000.0,디젤,오토,ORIGINAL,일반,2025-03-19 23:47:20.000 +09,부산,일화자동차매매상사,21서0512,2,2,1,145.2485,213.11,0,0,
39049362,현대,더 뉴 싼타페,가솔린 2.5T 2WD,익스클루시브,202205.0,2022,2790.0,44385.0,가솔린,오토,ORIGINAL,일반,2025-03-19 23:47:19.000 +09,부산,일화자동차매매상사,215서5223,0,0,1,0.0,0.0,1,0,
38528309,현대,싼타페 TM,디젤 2.0 2WD,인스퍼레이션,202001.0,2020,2550.0,85936.0,디젤,오토,ORIGINAL,일반,2025-03-19 23:47:13.000 +09,대전,주식회사 바이오토,255수5625,0,2,1,0.0,125.536,0,0,
38932263,현대,싼타페 (MX5),HEV 1.6 2WD,캘리그래피,202403.0,2024,5690.0,126.0,가솔린+전기,오토,ORIGINAL,일반,2025-03-19 23:47:13.000 +09,경기,(주)으뜸자동차,167소4220,0,0,1,0.0,0.0,1,0,
38883130,현대,싼타페 (MX5),가솔린 2.5T 4WD,캘리그래피,202409.0,2024,3490.0,4325.0,가솔린,오토,ORIGINAL,렌트,2025-03-19 23:47:13.000 +09,서울,,179하2211,0,0,0,0.0,0.0,0,0,
39069678,현대,싼타페 TM,가솔린 2.0T 2WD,인스퍼레이션,201910.0,2020,2590.0,99844.0,가솔린,오토,ORIGINAL,일반,2025-03-19 23:47:13.000 +09,인천,주식회사 시우자동차3,303버8539,4,1,1,248.5432,57.0,0,0,
39245798,현대,싼타페 더 프라임,디젤 2.0 2WD,프리미엄,201604.0,2016,1220.0,147251.0,디젤,오토,ORIGINAL,일반,2025-03-19 23:47:13.000 +09,경기,(주)오토웨이,07모0727,4,0,0,301.0283,0.0,0,0,
39200586,현대,싼타페 더 프라임,디젤 2.0 2WD,익스클루시브 스페셜,201603.0,2016,1150.0,172651.0,디젤,오토,ORIGINAL,일반,2025-03-19 23:47:13.000 +09,부산,시그니처모터스,63오0925,1,0,7,121.043,0.0,0,0,
38927665,현대,싼타페 TM,디젤 2.2 4WD,프레스티지,201804.0,2019,1880.0,143329.0,디젤,오토,ORIGINAL,일반,2025-03-19 23:47:13.000 +09,경기,카카오토,47구7029,3,2,2,374.14,51.8559,0,0,
38919844,현대,더 뉴 싼타페,디젤 2.2 2WD,캘리그래피,202212.0,2023,3690.0,13692.0,디젤,오토,ORIGINAL,일반,2025-03-19 23:47:13.000 +09,광주,기아모터스(주),176서1059,0,0,2,0.0,0.0,0,0,
39196504,현대,싼타페 DM,디젤(e-VGT) 2.2 2WD 프리미엄,,201307.0,2014,950.0,187552.0,디젤,오토,ORIGINAL,일반,2025-03-19 23:47:13.000 +09,대구,중고네 종규차,25버5308,1,1,2,77.868,37.117,0,0,
38598382,현대,싼타페 TM,디젤 2.2 2WD,프레스티지,201909.0,2020,2099.0,95927.0,디젤,오토,ORIGINAL,일반,2025-03-19 23:47:07.000 +09,경기,오토프라임,347버4552,1,1,2,133.9739,257.6418,0,0,
38558990,현대,싼타페 TM,디젤 2.2 2WD,익스클루시브,201809.0,2019,1939.0,119000.0,디젤,오토,ORIGINAL,일반,2025-03-19 23:47:07.000 +09,경기,오토프라임,66버6721,0,0,2,0.0,0.0,0,0,
38963914,현대,더 뉴 싼타페,디젤 2.2 4WD,익스클루시브,202209.0,2022,2899.0,87081.0,디젤,오토,ORIGINAL,일반,2025-03-19 23:47:07.000 +09,경기,오토프라임,275구5628,0,0,1,0.0,0.0,1,0,
38965900,현대,싼타페 TM,디젤 2.0 4WD,프레스티지,201805.0,2019,2130.0,150652.0,디젤,오토,ORIGINAL,일반,2025-03-19 23:47:05.000 +09,인천,착한중고차,32노3273,5,2,6,442.1407,0.0,0,0,
38726561,현대,싼타페 TM,가솔린 2.0T 2WD,인스퍼레이션,201810.0,2019,2890.0,67252.0,가솔린,오토,ORIGINAL,일반,2025-03-19 23:47:05.000 +09,대구,지엘(GL)모터스,52소6661,0,0,0,0.0,0.0,0,0,
39056238,현대,싼타페 더 프라임,디젤 2.0 2WD,익스클루시브,201506.0,2016,1320.0,133177.0,디젤,오토,ORIGINAL,일반,2025-03-19 23:47:05.000 +09,충남,국보자동차매매상사,45누7578,0,0,1,0.0,0.0,0,0,
39044652,현대,싼타페 TM,디젤 2.0 2WD,익스클루시브,202004.0,2020,2080.0,108378.0,디젤,오토,ORIGINAL,일반,2025-03-19 23:47:05.000 +09,경기,(주)영모터스,303러2728,1,2,1,97.688,172.6241,1,0,
39031511,현대,싼타페 TM,가솔린 2.0T 2WD,인스퍼레이션,201809.0,2019,2570.0,49279.0,가솔린,오토,ORIGINAL,일반,2025-03-19 23:47:05.000 +09,경기,차투차,146너1331,0,1,4,0.0,69.3089,1,0,
38722089,현대,더 뉴 싼타페,HEV 1.6 2WD,프레스티지,202202.0,2022,3050.0,31520.0,가솔린+전기,오토,ORIGINAL,일반,2025-03-19 23:47:05.000 +09,경기,코리아모터스,171노7774,0,1,3,0.0,87.4154,0,0,
39244587,현대,더 뉴 싼타페,디젤 2.2 4WD,프리미엄,202007.0,2021,2299.0,125837.0,디젤,오토,ORIGINAL,일반,2025-03-19 23:47:05.000 +09,대구,한빛모터스,210고3110,0,1,1,0.0,33.3369,1,0,
39228297,현대,싼타페 CM,2WD(2.0 e-VGT) MLX,럭셔리,201101.0,2011,550.0,149000.0,디젤,오토,ORIGINAL,일반,2025-03-19 23:47:05.000 +09,전북,건국자동차매매상사,58노8037,1,3,4,124.816,233.2874,0,0,
39213338,현대,더 뉴 싼타페,디젤 2.2 2WD,프리미엄 초이스,202007.0,2021,2950.0,28858.0,디젤,오토,ORIGINAL,일반,2025-03-19 23:47:05.000 +09,전북,(주)유카 전주지점,382오3721,0,0,1,0.0,0.0,0,0,
39193215,현대,싼타페 (MX5),가솔린 2.5T 4WD,캘리그래피,202402.0,2024,4080.0,11379.0,가솔린,오토,ORIGINAL,렌트,2025-03-19 23:47:05.000 +09,경기,블루오토,221하5371,0,0,0,0.0,0.0,0,0,
39231755,현대,더 뉴 싼타페,디젤 2.2 2WD,익스클루시브,202203.0,2022,2690.0,77883.0,디젤,오토,ORIGINAL,일반,2025-03-19 23:47:05.000 +09,대구,프라임모터스대표,248나9548,1,0,2,0.0,0.0,1,0,
38533121,현대,더 뉴 싼타페,디젤 2.2 2WD,프레스티지,202206.0,2022,2820.0,34684.0,디젤,오토,ORIGINAL,일반,2025-03-19 23:47:05.000 +09,경기,주식회사지지카,325조9921,1,0,3,87.0,0.0,2,0,
38566682,현대,더 뉴 싼타페,디젤 2.2 2WD,캘리그래피,202007.0,2021,3040.0,42044.0,디젤,오토,ORIGINAL,일반,2025-03-19 23:47:05.000 +09,대구,우정모터스,266더7244,2,0,0,40.7728,0.0,0,0,
39138555,현대,싼타페 (MX5),가솔린 2.5T 4WD,프레스티지,202401.0,2024,3999.0,5458.0,가솔린,오토,ORIGINAL,일반,2025-03-19 23:46:48.000 +09,경기,얄개모터스,109모4845,0,0,1,0.0,0.0,1,0,
38765076,현대,싼타페 TM,가솔린 2.0T 2WD,익스클루시브 스페셜,201901.0,2019,2550.0,78299.0,가솔린,오토,ORIGINAL,일반,2025-03-19 23:46:36.000 +09,경기,워너비카,315수7223,0,1,2,0.0,101.2,1,0,
38681802,현대,더 뉴 싼타페,디젤 2.2 2WD,프레스티지,202012.0,2021,2200.0,122288.0,디젤,오토,ORIGINAL,일반,2025-03-19 23:46:12.000 +09,경기,주식회사 더원오토,349러1151,0,1,1,0.0,128.28,0,0,
38401842,현대,더 뉴 싼타페,디젤 2.2 2WD,캘리그래피,202007.0,2021,2850.0,54463.0,디젤,오토,ORIGINAL,일반,2025-03-19 23:46:10.000 +09,인천,(주)시우자동차,111가7468,3,0,1,393.9965,0.0,0,0,
38411751,현대,더 뉴 싼타페,디젤 2.2 2WD,프리미엄 초이스,202008.0,2021,2470.0,94970.0,디젤,오토,ORIGINAL,일반,2025-03-19 23:46:10.000 +09,광주,금상모터스,239다9834,1,0,2,90.829,0.0,1,0,
39157751,현대,싼타페 TM,디젤 2.2 4WD,프레스티지,201811.0,2019,2230.0,114854.0,디젤,오토,ORIGINAL,일반,2025-03-19 23:46:10.000 +09,대구,팬더모터스,234거3165,1,0,2,71.6549,0.0,1,0,
39199911,현대,더 뉴 싼타페,가솔린 2.5T 2WD,프레스티지,202205.0,2022,2999.0,38278.0,가솔린,오토,ORIGINAL,일반,2025-03-19 23:46:10.000 +09,서울,주뉴카뱅크,199거9048,0,0,0,0.0,0.0,0,0,
39068717,현대,싼타페 더 프라임,디젤 2.0 2WD,밸류 플러스,201703.0,2018,1150.0,181938.0,디젤,오토,ORIGINAL,일반,2025-03-19 23:46:10.000 +09,경기,(주)비비드카,06서6061,2,3,1,103.586,202.1713,0,0,
39051041,현대,싼타페 (MX5),HEV 1.6 2WD,캘리그래피,202411.0,2025,2986.0,2500.0,가솔린+전기,오토,ORIGINAL,렌트,2025-03-19 23:46:10.000 +09,인천,,229호7770,0,0,0,0.0,0.0,0,0,
38989733,현대,싼타페 더 프라임,디젤 2.0 2WD,익스클루시브,201506.0,2016,1290.0,112202.0,디젤,오토,ORIGINAL,일반,2025-03-19 23:46:10.000 +09,인천,케이비모터스,11무7654,3,1,1,257.6276,136.7086,0,0,
38396662,현대,더 뉴 싼타페,디젤 2.2 2WD,프리미엄 초이스,202009.0,2021,2720.0,45852.0,디젤,오토,ORIGINAL,일반,2025-03-19 23:46:02.000 +09,경기,에이원모터스,216라1352,0,0,1,0.0,0.0,1,0,
38199377,현대,싼타페 더 프라임,디젤 2.0 2WD,프리미엄,201601.0,2016,1260.0,128542.0,디젤,오토,ORIGINAL,일반,2025-03-19 23:46:02.000 +09,대구,동영자동차,37부2377,2,1,4,390.8562,329.8791,1,0,
38696568,현대,더 뉴 싼타페,디젤 2.2 2WD,프레스티지,202102.0,2021,2250.0,123525.0,디젤,오토,ORIGINAL,일반,2025-03-19 23:46:02.000 +09,서울,주식회사플랜오토,143나2221,1,0,0,85.8943,0.0,0,0,
38714256,현대,싼타페 더 프라임,디젤 2.0 2WD,익스클루시브,201508.0,2015,1359.0,96993.0,디젤,오토,ORIGINAL,일반,2025-03-19 23:46:02.000 +09,인천,혜안모터스,15부2484,1,0,1,62.184,0.0,0,0,
38596313,현대,더 뉴 싼타페,HEV 1.6 2WD,프레스티지,202110.0,2022,2400.0,159409.0,가솔린+전기,오토,ORIGINAL,일반,2025-03-19 23:46:02.000 +09,인천,차본주의,207누8427,2,1,2,254.5963,89.4,1,0,
38513292,현대,싼타페 (MX5),HEV 1.6 2WD,캘리그래피,202402.0,2024,4550.0,34240.0,가솔린+전기,오토,ORIGINAL,일반,2025-03-19 23:46:02.000 +09,경기,의정부오토갤러리,351러7635,0,0,1,0.0,0.0,0,0,
38527038,현대,싼타페 TM,디젤 2.0 2WD,익스클루시브 스페셜,201901.0,2019,2050.0,90095.0,디젤,오토,ORIGINAL,일반,2025-03-19 23:46:02.000 +09,경기,원카,370우6156,2,1,1,183.0379,64.506,1,0,
38861151,현대,더 뉴 싼타페,디젤 2.2 2WD,캘리그래피,202108.0,2021,2990.0,61981.0,디젤,오토,ORIGINAL,일반,2025-03-19 23:46:02.000 +09,부산,제이에이치 플러스,101조1916,1,0,1,77.0798,0.0,0,0,
38860382,현대,더 뉴 싼타페,가솔린 2.5T 2WD,프레스티지,202112.0,2021,2790.0,66080.0,가솔린,오토,ORIGINAL,일반,2025-03-19 23:46:02.000 +09,인천,타워모터스,175두8681,0,0,1,0.0,0.0,1,0,
38217381,현대,더 뉴 싼타페,가솔린 2.5T 2WD,프레스티지,202110.0,2021,2430.0,37754.0,가솔린,오토,ORIGINAL,일반,2025-03-19 23:46:02.000 +09,서울,(주)비전모터스,247로1080,2,1,0,358.0081,338.9394,0,0,
39141806,현대,더 뉴 싼타페,디젤 2.2 4WD,프레스티지,202208.0,2022,3080.0,68702.0,디젤,오토,ORIGINAL,일반,2025-03-19 23:46:02.000 +09,서울,주식회사 리버모터스,180허2467,0,0,0,0.0,0.0,0,0,
39258977,현대,더 뉴 싼타페,디젤 2.2 2WD,프리미엄,202010.0,2021,1990.0,100943.0,디젤,오토,ORIGINAL,일반,2025-03-19 23:46:02.000 +09,인천,한솔모터스,276두4670,1,0,1,253.894,0.0,1,0,
39255802,현대,싼타페 TM,디젤 2.2 2WD,인스퍼레이션,201811.0,2019,1950.0,166587.0,디젤,오토,ORIGINAL,일반,2025-03-19 23:46:02.000 +09,부산,카플릭스,49서8020,0,0,0,0.0,0.0,0,0,
39228278,현대,싼타페 TM,디젤 2.2 2WD,인스퍼레이션,201903.0,2019,2690.0,59536.0,디젤,오토,ORIGINAL,일반,2025-03-19 23:46:02.000 +09,서울,시원 모터스,25수1985,0,1,2,0.0,0.0,0,0,
39150502,현대,싼타페 (MX5),HEV 1.6 2WD,프레스티지,202401.0,2024,4450.0,11349.0,가솔린+전기,오토,ORIGINAL,일반,2025-03-19 23:46:02.000 +09,서울,(주)한길유씨에스,185수8178,0,0,0,0.0,0.0,0,0,
38855949,현대,싼타페 TM,디젤 2.2 2WD,인스퍼레이션,201811.0,2019,2450.0,76215.0,디젤,오토,ORIGINAL,일반,2025-03-19 23:45:21.000 +09,경기,(주)바른모터스,18노5280,1,1,3,227.332,25.82,0,0,
39222088,현대,싼타페 더 프라임,디젤 2.0 2WD,모던,201602.0,2016,1330.0,89217.0,디젤,오토,ORIGINAL,일반,2025-03-19 23:45:17.000 +09,대구,준모터스,33로0192,1,0,0,99.7424,0.0,0,0,
38608154,현대,싼타페 (MX5),가솔린 2.5T 2WD,프레스티지,202311.0,2024,3990.0,4918.0,가솔린,오토,ORIGINAL,일반,2025-03-19 23:45:10.000 +09,서울,(주)아이오토마스터,359저6823,0,0,0,0.0,0.0,0,0,
38856042,현대,더 뉴 싼타페,디젤 2.2 2WD,프레스티지,202008.0,2021,2340.0,131099.0,디젤,오토,ORIGINAL,일반,2025-03-19 23:45:10.000 +09,인천,주식회사 시우자동차2,181머1718,3,0,1,197.5659,0.0,0,0,
38441352,현대,더 뉴 싼타페,디젤 2.2 2WD,프리미엄,202011.0,2021,2699.0,45606.0,디젤,오토,ORIGINAL,일반,2025-03-19 23:45:10.000 +09,충남,신세계자동차,240수9851,0,2,2,0.0,149.9181,1,0,
39200956,현대,싼타페 더 프라임,디젤 2.2 2WD,익스클루시브 스페셜,201707.0,2018,1220.0,175664.0,디젤,오토,ORIGINAL,일반,2025-03-19 23:45:10.000 +09,인천,주식회사 시우자동차2,57고5666,1,2,3,0.0,99.0915,0,0,
39149115,현대,싼타페 TM,디젤 2.0 2WD,익스클루시브,201905.0,2019,2000.0,51106.0,디젤,오토,ORIGINAL,일반,2025-03-19 23:45:02.000 +09,경기,블루오토,01무6609,2,0,0,551.8295,0.0,0,0,
39100502,현대,더 뉴 싼타페,HEV 1.6 2WD,프레스티지,202302.0,2023,3550.0,40969.0,가솔린+전기,오토,ORIGINAL,일반,2025-03-19 23:45:02.000 +09,인천,뉴정우모터스,374우2821,1,0,1,58.4,0.0,0,0,
39190092,현대,싼타페 (MX5),가솔린 2.5T 2WD,프레스티지 플러스,202410.0,2025,3890.0,5289.0,가솔린,오토,ORIGINAL,일반,2025-03-19 23:45:02.000 +09,경기,카리브모터스,154버7009,1,1,1,0.0,262.8916,1,0,
38791858,현대,더 뉴 싼타페,디젤 2.2 2WD,프리미엄 초이스,202110.0,2021,2090.0,109811.0,디젤,오토,ORIGINAL,일반,2025-03-19 23:45:02.000 +09,경기,(주)제이디모터스,197머1719,2,2,1,117.9804,1144.0639,1,0,
39040933,현대,싼타페 TM,가솔린 2.0T 2WD,익스클루시브 스페셜,201803.0,2019,1770.0,152322.0,가솔린,오토,ORIGINAL,일반,2025-03-19 23:45:02.000 +09,경기,사과나무자동차,01루1506,1,0,0,97.85,0.0,0,0,
39000824,현대,더 뉴 싼타페,가솔린 2.5T 4WD,캘리그래피,202206.0,2022,3450.0,80357.0,가솔린,오토,ORIGINAL,일반,2025-03-19 23:45:02.000 +09,대구,올카모터스,365소8163,1,0,0,123.9089,0.0,0,0,
38913125,현대,더 뉴 싼타페,디젤 2.2 2WD,프레스티지,202010.0,2021,2260.0,131138.0,디젤,오토,ORIGINAL,일반,2025-03-19 23:45:02.000 +09,인천,(주)에스에이치모터스,179머1727,0,0,3,0.0,0.0,0,0,
38998657,현대,더 뉴 싼타페,디젤 2.2 2WD,캘리그래피,202301.0,2023,3520.0,20140.0,디젤,오토,ORIGINAL,일반,2025-03-19 23:45:02.000 +09,대구,대한자동차상사,165머3254,0,0,0,0.0,0.0,0,0,
38470231,현대,더 뉴 싼타페,디젤 2.2 2WD,프레스티지,202009.0,2021,2750.0,52865.0,디젤,오토,ORIGINAL,일반,2025-03-19 23:45:02.000 +09,서울,시원모터스,379마4964,2,0,0,91.4628,0.0,0,0,
39086397,현대,싼타페 더 프라임,디젤 2.0 2WD,모던,201510.0,2016,1399.0,95148.0,디젤,오토,ORIGINAL,일반,2025-03-19 23:44:51.000 +09,경기,더월드모터스,38라0634,1,1,3,57.6319,250.0,0,0,
39254865,현대,싼타페 DM,디젤(e-VGT) 2.0 2WD 프리미엄,,201403.0,2015,1230.0,89770.0,디젤,오토,ORIGINAL,일반,2025-03-19 23:44:49.000 +09,대구,엔오토모빌,59버8666,0,2,1,0.0,213.0718,0,0,
38866040,현대,싼타페 더 프라임,디젤 2.0 2WD,1 밀리언,201609.0,2017,1380.0,155412.0,디젤,오토,ORIGINAL,일반,2025-03-19 23:44:49.000 +09,대구,엔오토모빌,03러0468,4,1,1,546.1267,90.8267,0,0,
38904857,현대,싼타페 TM,디젤 2.0 2WD,프레스티지,202001.0,2020,2220.0,120963.0,디젤,오토,ORIGINAL,일반,2025-03-19 23:44:14.000 +09,부산,윤모터스,336루8252,1,0,1,54.8139,0.0,0,0,
39124353,현대,싼타페 더 프라임,디젤 2.0 2WD,프리미엄,201701.0,2017,1450.0,114583.0,디젤,오토,ORIGINAL,일반,2025-03-19 23:44:14.000 +09,부산,윤모터스,54나6542,1,0,2,40.9624,0.0,0,0,
38430603,현대,더 뉴 싼타페,디젤 2.2 2WD,프레스티지,202008.0,2021,3190.0,45661.0,디젤,오토,ORIGINAL,일반,2025-03-19 23:44:13.000 +09,부산,윤모터스,228무4678,0,0,1,0.0,0.0,0,0,
36737186,현대,싼타페 더 프라임,디젤 2.0 2WD,익스클루시브,201510.0,2016,1550.0,116800.0,디젤,오토,ORIGINAL,일반,2025-03-19 23:44:13.000 +09,부산,윤모터스,51라0324,2,1,4,120.6121,156.0,0,0,
38464659,현대,싼타페 더 프라임,디젤 2.0 2WD,익스클루시브,201511.0,2016,1570.0,51676.0,디젤,오토,ORIGINAL,일반,2025-03-19 23:44:10.000 +09,대구,찰떡모터스,23수0776,1,0,0,130.1935,0.0,0,0,
38452413,현대,더 뉴 싼타페,HEV 1.6 2WD,프레스티지,202110.0,2022,2700.0,102617.0,가솔린+전기,오토,ORIGINAL,일반,2025-03-19 23:44:10.000 +09,경기,(주)차랑차랑,286러9241,0,0,1,0.0,0.0,1,0,
38950568,현대,더 뉴 싼타페,HEV 1.6 4WD,익스클루시브,202110.0,2022,2960.0,48916.0,가솔린+전기,오토,ORIGINAL,일반,2025-03-19 23:44:10.000 +09,제주,오토플러스(주),195루8388,0,0,1,0.0,0.0,1,0,
38862476,현대,더 뉴 싼타페,HEV 1.6 4WD,프레스티지,202108.0,2022,3500.0,56890.0,가솔린+전기,오토,ORIGINAL,일반,2025-03-19 23:44:10.000 +09,경기,㈜오토핸즈,160하5992,0,0,0,0.0,0.0,0,0,
38817137,현대,싼타페 더 프라임,디젤 2.0 4WD,프리미엄,201712.0,2018,1350.0,151781.0,디젤,오토,ORIGINAL,일반,2025-03-19 23:44:10.000 +09,충북,(주)더챔,198더5073,1,0,1,45.1043,0.0,1,0,
39056628,현대,더 뉴 싼타페,HEV 1.6 2WD,캘리그래피,202302.0,2023,4190.0,14550.0,가솔린+전기,오토,ORIGINAL,일반,2025-03-19 23:44:10.000 +09,경기,동아에스엠씨,206저7830,0,0,0,0.0,0.0,0,0,
38982835,현대,싼타페 TM,디젤 2.2 4WD,익스클루시브,201908.0,2020,2150.0,95757.0,디젤,오토,ORIGINAL,일반,2025-03-19 23:44:10.000 +09,경기,(주)왕카,152도9597,0,0,3,0.0,0.0,1,0,
39153082,현대,싼타페 더 프라임,디젤 2.0 2WD,익스클루시브 스페셜,201506.0,2016,1450.0,158170.0,디젤,오토,ORIGINAL,일반,2025-03-19 23:44:10.000 +09,대구,명가모터스,56더9520,3,2,1,273.7744,214.251,0,0,
39201997,현대,싼타페 더 프라임,디젤 2.0 2WD,프리미엄,201701.0,2017,1450.0,70292.0,디젤,오토,ORIGINAL,일반,2025-03-19 23:44:10.000 +09,경기,카리브모터스,60모5796,1,1,1,159.726,549.0574,0,0,
39255045,현대,더 뉴 싼타페,HEV 1.6 2WD,캘리그래피,202310.0,2023,3940.0,21171.0,가솔린+전기,오토,ORIGINAL,일반,2025-03-19 23:44:10.000 +09,대구,제일모터스,271어8764,0,0,0,0.0,0.0,0,0,
39225143,현대,더 뉴 싼타페,HEV 1.6 4WD,익스클루시브,202108.0,2022,732.0,29620.0,가솔린+전기,오토,ORIGINAL,렌트,2025-03-19 23:44:10.000 +09,경기,,190허1216,1,0,0,55.7019,0.0,0,0,
39218529,현대,더 뉴 싼타페,디젤 2.2 2WD,프리미엄 초이스,202102.0,2021,2290.0,66644.0,디젤,오토,ORIGINAL,일반,2025-03-19 23:44:10.000 +09,인천,한솔모터스,280버9571,2,0,2,981.6197,0.0,1,0,
38701856,현대,더 뉴 싼타페,HEV 1.6 4WD,익스클루시브,202108.0,2022,3140.0,75116.0,가솔린+전기,오토,ORIGINAL,일반,2025-03-19 23:44:02.000 +09,경기,엠케이모터스,148우4798,0,0,1,0.0,0.0,1,0,
39093835,현대,더 뉴 싼타페,디젤 2.2 4WD,프리미엄 초이스,202108.0,2021,3020.0,42410.0,디젤,오토,ORIGINAL,일반,2025-03-19 23:44:02.000 +09,경기,에이원모터스,197어9715,0,0,1,0.0,0.0,1,0,
39246309,현대,싼타페 TM,가솔린 2.0T 2WD,프리미엄,201808.0,2019,2130.0,59559.0,가솔린,오토,ORIGINAL,일반,2025-03-19 23:44:02.000 +09,경기,카카오토,08다5038,1,0,2,50.517,0.0,0,0,
39150228,현대,싼타페 TM,가솔린 2.0T 2WD,프레스티지,202002.0,2020,2270.0,83022.0,가솔린,오토,ORIGINAL,일반,2025-03-19 23:44:02.000 +09,경기,㈜오토핸즈,334오9476,1,1,5,54.556,177.935,0,0,
39237168,현대,싼타페 (MX5),가솔린 2.5T 4WD,프레스티지,202404.0,2024,4100.0,7743.0,가솔린,오토,ORIGINAL,일반,2025-03-19 23:44:02.000 +09,경기,에쓰아이모터스,175오5594,0,0,1,0.0,0.0,0,0,
39164723,현대,싼타페 더 프라임,디젤 2.0 2WD,프리미엄,201512.0,2016,1250.0,125746.0,디젤,오토,ORIGINAL,일반,2025-03-19 23:44:02.000 +09,경기,의정부오토갤러리,48우0633,0,1,2,0.0,44.9584,0,0,
38664048,현대,싼타페 더 프라임,디젤 2.0 2WD,프리미엄,201602.0,2016,1330.0,132797.0,디젤,오토,ORIGINAL,일반,2025-03-19 23:44:02.000 +09,서울,더좋은카,14나6714,0,1,2,0.0,81.2539,0,0,
38359284,현대,더 뉴 싼타페,가솔린 2.5T 2WD,프레스티지,202209.0,2022,2890.0,60547.0,가솔린,오토,ORIGINAL,일반,2025-03-19 23:44:02.000 +09,부산,주안모터스,192버2245,0,0,1,0.0,0.0,0,0,
38139470,현대,싼타페 TM,가솔린 2.0T 2WD,익스클루시브 스페셜,201806.0,2019,2400.0,15967.0,가솔린,오토,ORIGINAL,일반,2025-03-19 23:44:02.000 +09,서울,(주)아이오카,46무3067,1,1,1,83.0027,49.8602,0,0,
38581060,현대,싼타페 TM,디젤 2.0 2WD,프레스티지,201905.0,2019,2190.0,91291.0,디젤,오토,ORIGINAL,일반,2025-03-19 23:44:02.000 +09,대구,지엘(GL)모터스,09어7837,3,2,1,260.739,195.348,0,0,
39057586,현대,싼타페 TM,디젤 2.0 2WD,프레스티지,201804.0,2019,2180.0,78600.0,디젤,오토,ORIGINAL,일반,2025-03-19 23:44:02.000 +09,경기,주)알차 이노베이션,34루2903,1,0,1,72.5003,0.0,0,0,
39062012,현대,더 뉴 싼타페,디젤 2.2 2WD,프리미엄 초이스,202101.0,2021,2390.0,59174.0,디젤,오토,ORIGINAL,일반,2025-03-19 23:44:02.000 +09,인천,주식회사 강인모터스,229다5196,1,7,2,130.554,1492.6376,1,0,
39088871,현대,더 뉴 싼타페,디젤 2.2 4WD,프리미엄,202106.0,2021,2670.0,88171.0,디젤,오토,ORIGINAL,일반,2025-03-19 23:44:02.000 +09,경기,에이원모터스,219어9638,0,0,1,0.0,0.0,1,0,
38333463,현대,싼타페 TM,디젤 2.0 4WD,익스클루시브,201902.0,2019,1990.0,108508.0,디젤,오토,ORIGINAL,일반,2025-03-19 23:43:52.000 +09,충북,로또자동차매매상사,365소9799,0,1,2,0.0,290.0,1,0,
39142510,현대,싼타페 TM,디젤 2.0 2WD,프리미엄,202001.0,2020,1830.0,91691.0,디젤,오토,ORIGINAL,일반,2025-03-19 23:43:19.000 +09,경기,(주)왕카,137우9449,0,0,1,0.0,0.0,1,0,
39265427,현대,더 뉴 싼타페,디젤 2.2 2WD,프레스티지,202104.0,2021,1949.0,143338.0,디젤,오토,ORIGINAL,일반,2025-03-19 23:43:19.000 +09,경기,오토프라임,217루5230,4,2,1,541.7417,666.8722,1,0,
39257840,현대,더 뉴 싼타페,가솔린 2.5T 2WD,프레스티지,202103.0,2021,2290.0,126994.0,가솔린,오토,ORIGINAL,일반,2025-03-19 23:43:19.000 +09,인천,민모터스,147나6238,3,0,1,412.2992,0.0,0,0,
39247693,현대,싼타페 TM,디젤 2.2 2WD,프리미엄,202001.0,2020,1779.0,65139.0,디젤,오토,ORIGINAL,일반,2025-03-19 23:43:19.000 +09,경기,제이디모터스,249루9050,2,6,1,156.2374,911.3792,1,0,
38108663,현대,싼타페 TM,디젤 2.0 2WD,익스클루시브,201809.0,2019,1899.0,76664.0,디젤,오토,ORIGINAL,일반,2025-03-19 23:43:19.000 +09,경기,(주)차톡,52거3012,3,1,1,340.2979,115.014,0,0,
38668036,현대,싼타페 DM,디젤(e-VGT) 2.0 2WD 프리미엄,,201407.0,2015,1290.0,46733.0,디젤,오토,ORIGINAL,일반,2025-03-19 23:43:19.000 +09,경기,라인모터스,22버8698,1,0,1,83.75,0.0,0,0,
39177661,현대,더 뉴 싼타페,디젤 2.2 2WD,캘리그래피,202102.0,2021,3100.0,81222.0,디젤,오토,ORIGINAL,일반,2025-03-19 23:43:19.000 +09,경기,카리브 모터스,222버4590,0,2,0,0.0,254.7589,0,0,
39028568,현대,싼타페 더 프라임,디젤 2.0 4WD,밸류 플러스,201707.0,2018,1345.0,158527.0,디젤,오토,ORIGINAL,일반,2025-03-19 23:43:19.000 +09,경기,(주)좋은차,33주5509,1,1,1,42.501,68.335,0,0,
38466644,현대,싼타페 TM,디젤 2.0 2WD,익스클루시브 스페셜,201908.0,2019,2450.0,30479.0,디젤,오토,ORIGINAL,일반,2025-03-19 23:43:19.000 +09,경기,블루오토,19어5176,1,1,1,301.727,162.611,0,0,
38793997,현대,싼타페 TM,디젤 2.0 2WD,프리미엄,201911.0,2020,1740.0,130239.0,디젤,오토,ORIGINAL,일반,2025-03-19 23:43:11.000 +09,인천,카카오토,208마3365,0,0,2,0.0,0.0,1,0,
38800101,현대,더 뉴 싼타페,디젤 2.2 2WD,프레스티지,202009.0,2021,2590.0,98693.0,디젤,오토,ORIGINAL,일반,2025-03-19 23:43:11.000 +09,대구,(주)고려자동차,211조6049,0,3,1,0.0,439.2473,1,0,
38790735,현대,싼타페 (MX5),HEV 1.6 4WD,캘리그래피,202310.0,2023,4720.0,30954.0,가솔린+전기,오토,ORIGINAL,일반,2025-03-19 23:43:11.000 +09,광주,기아모터스(주),159고2445,0,0,1,0.0,0.0,0,0,
38984424,현대,더 뉴 싼타페,HEV 1.6 2WD,익스클루시브,202309.0,2023,3180.0,26646.0,가솔린+전기,오토,ORIGINAL,일반,2025-03-19 23:43:11.000 +09,대구,대한자동차상사,252가1606,0,0,1,0.0,0.0,0,0,
38914421,현대,더 뉴 싼타페,디젤 2.2 2WD,프리미엄,202009.0,2021,2590.0,46371.0,디젤,오토,ORIGINAL,일반,2025-03-19 23:43:11.000 +09,대구,DS모터스,378버3681,0,0,3,0.0,0.0,1,0,
39175093,현대,싼타페 더 프라임,디젤 2.2 2WD,익스클루시브,201604.0,2016,1340.0,81413.0,디젤,오토,ORIGINAL,일반,2025-03-19 23:43:11.000 +09,경기,(주) 카체인지,13노0909,2,1,0,185.8853,110.08,0,0,
38444560,현대,더 뉴 싼타페,HEV 1.6 2WD,캘리그래피,202206.0,2022,3290.0,62816.0,가솔린+전기,오토,ORIGINAL,일반,2025-03-19 23:43:11.000 +09,인천,오토플러스(주),261나2007,0,0,1,0.0,0.0,1,0,
39256572,현대,싼타페 TM,디젤 2.2 4WD,인스퍼레이션,201809.0,2019,2170.0,153714.0,디젤,오토,ORIGINAL,일반,2025-03-19 23:43:11.000 +09,대구,중고차갤러리,54러4498,1,1,2,277.6,142.9187,0,0,
39109490,현대,싼타페 CM,2WD(2.2VGT) MLX,고급형,200601.0,2006,290.0,189461.0,디젤,오토,ORIGINAL,일반,2025-03-19 23:43:11.000 +09,서울,아이오토스,04수4486,1,0,1,45.246,0.0,0,0,
39080433,현대,싼타페 TM,디젤 2.0 2WD,프레스티지,201909.0,2020,1999.0,132162.0,디젤,오토,ORIGINAL,일반,2025-03-19 23:43:11.000 +09,서울,미소모터스,105버1312,1,0,3,55.2609,0.0,0,0,
39052029,현대,싼타페 TM,디젤 2.0 4WD,익스클루시브,201904.0,2019,2190.0,99988.0,디젤,오토,ORIGINAL,일반,2025-03-19 23:43:11.000 +09,충북,더챔,60머6566,0,1,1,0.0,29.005,0,0,
38990522,현대,더 뉴 싼타페,디젤 2.2 2WD,캘리그래피,202102.0,2021,2520.0,140236.0,디젤,오토,ORIGINAL,일반,2025-03-19 23:43:08.000 +09,경기,(주)애니카모터스,227나2845,5,2,1,506.8306,229.3134,0,0,
38990522,현대,더 뉴 싼타페,디젤 2.2 2WD,캘리그래피,202102.0,2021,2520.0,140236.0,디젤,오토,ORIGINAL,일반,2025-03-19 23:43:08.000 +09,경기,(주)애니카모터스,227나2845,5,2,0,506.8306,229.3134,0,0,
38956392,현대,싼타페 TM,디젤 2.0 4WD,익스클루시브 스페셜,201905.0,2019,2280.0,66672.0,디젤,오토,ORIGINAL,일반,2025-03-19 23:43:08.000 +09,경기,(주)애니카모터스,165부9356,2,0,3,279.3936,0.0,1,0,
38956643,현대,더 뉴 싼타페,디젤 2.2 2WD,프레스티지,202009.0,2021,2610.0,68226.0,디젤,오토,ORIGINAL,일반,2025-03-19 23:43:08.000 +09,경기,(주)애니카모터스,275누2564,1,1,1,107.1069,278.6187,0,0,
38669783,현대,더 뉴 싼타페,HEV 1.6 2WD,프레스티지,202206.0,2022,3110.0,47063.0,가솔린+전기,오토,ORIGINAL,일반,2025-03-19 23:42:10.000 +09,경기,(주)타보고모터스,368마8170,0,0,1,0.0,0.0,0,0,
39040086,현대,더 뉴 싼타페,가솔린 2.5T 2WD,프리미엄 초이스,202101.0,2021,2170.0,95203.0,가솔린,오토,ORIGINAL,일반,2025-03-19 23:42:10.000 +09,경기,(주)왕카,247부1841,0,6,1,0.0,385.9992,1,0,
38580183,현대,싼타페 더 프라임,디젤 2.0 2WD,익스클루시브,201508.0,2016,1190.0,135798.0,디젤,오토,ORIGINAL,일반,2025-03-19 23:42:10.000 +09,광주,장군모터스,30머5389,1,0,2,121.439,0.0,0,0,
39175525,현대,싼타페 더 프라임,디젤 2.0 2WD,익스클루시브 스페셜,201708.0,2018,1550.0,120733.0,디젤,오토,ORIGINAL,일반,2025-03-19 23:42:10.000 +09,대구,한마음모터스,12우2503,2,4,1,80.7479,192.2473,0,0,
39161094,현대,싼타페 CM,2WD(2.2VGT) MLX,기본형,200610.0,2007,340.0,262102.0,디젤,오토,ORIGINAL,일반,2025-03-19 23:42:10.000 +09,대구,UPGU CAR,09러4499,1,0,1,29.8764,0.0,0,0,
39247837,현대,더 뉴 싼타페,가솔린 2.5T 2WD,프레스티지,202105.0,2021,2550.0,69745.0,가솔린,오토,ORIGINAL,일반,2025-03-19 23:42:10.000 +09,경기,제로모터스,159구4879,1,0,2,131.864,0.0,0,0,
38320279,현대,싼타페 TM,디젤 2.2 2WD,프레스티지,201811.0,2019,2070.0,82729.0,디젤,오토,ORIGINAL,일반,2025-03-19 23:42:02.000 +09,서울,주뉴카뱅크,119조6143,0,1,3,0.0,62.116,1,0,
38522966,현대,싼타페 (MX5),가솔린 2.5T 4WD,캘리그래피,202409.0,2024,4180.0,820.0,가솔린,오토,ORIGINAL,일반,2025-03-19 23:42:02.000 +09,경기,주식회사 선인플러스,172무4845,1,0,0,0.0,0.0,0,0,
38829660,현대,싼타페 TM,디젤 2.0 2WD,익스클루시브,201803.0,2019,2490.0,110785.0,디젤,오토,ORIGINAL,일반,2025-03-19 23:42:02.000 +09,인천,이솔모터스,49마8442,1,1,1,74.4706,92.1316,0,0,
39027182,현대,더 뉴 싼타페,HEV 1.6 2WD,프레스티지,202201.0,2022,3390.0,45022.0,가솔린+전기,오토,ORIGINAL,일반,2025-03-19 23:42:02.000 +09,서울,뮤카(주) 가양지점,328부6752,0,0,1,0.0,0.0,1,0,
39254186,현대,싼타페 TM,디젤 2.0 4WD,익스클루시브 스페셜,201805.0,2019,1840.0,138234.0,디젤,오토,ORIGINAL,일반,2025-03-19 23:42:02.000 +09,인천,필승모터스,10나2365,1,0,1,70.2,0.0,0,0,
39246038,현대,싼타페 TM,디젤 2.0 2WD,익스클루시브,201811.0,2019,2150.0,44187.0,디젤,오토,ORIGINAL,일반,2025-03-19 23:42:02.000 +09,대구,엠케어모터스,21버3788,0,1,1,0.0,79.4855,0,0,
39099279,현대,더 뉴 싼타페,디젤 2.2 2WD,프레스티지,202108.0,2021,2290.0,104731.0,디젤,오토,ORIGINAL,일반,2025-03-19 23:42:02.000 +09,경기,카리브모터스,133서6079,3,3,0,441.49,627.8505,0,0,
39162051,현대,싼타페 더 프라임,디젤 2.2 4WD,익스클루시브 스페셜,201610.0,2017,1680.0,73083.0,디젤,오토,ORIGINAL,일반,2025-03-19 23:42:02.000 +09,경기,무한모터스,22조0496,2,2,0,618.239,24.2078,0,0,
39135833,현대,싼타페 TM,가솔린 2.0T 2WD,프레스티지,201906.0,2020,2750.0,46237.0,가솔린,오토,ORIGINAL,일반,2025-03-19 23:42:02.000 +09,대전,(주)안모터스,17버7556,0,0,1,0.0,0.0,0,0,
39071853,현대,싼타페 TM,디젤 2.0 2WD,인스퍼레이션,201809.0,2019,2147.0,126240.0,디젤,오토,ORIGINAL,일반,2025-03-19 23:42:02.000 +09,서울,미소모터스,252머8889,1,0,1,65.819,0.0,1,0,
39067806,현대,싼타페 TM,디젤 2.2 2WD,프레스티지,201912.0,2020,2290.0,90989.0,디젤,오토,ORIGINAL,일반,2025-03-19 23:42:02.000 +09,경기,(주)왕카,168두5615,0,1,5,0.0,50.819,0,0,
39170160,현대,더 뉴 싼타페,HEV 1.6 2WD,캘리그래피,202302.0,2023,3580.0,43313.0,가솔린+전기,오토,ORIGINAL,일반,2025-03-19 23:42:02.000 +09,대구,지우모터스,267너9284,0,0,0,0.0,0.0,0,0,
39029993,현대,싼타페 더 프라임,디젤 2.0 2WD,프리미엄,201607.0,2016,1280.0,136707.0,디젤,오토,ORIGINAL,일반,2025-03-19 23:41:10.000 +09,경기,브라더모터스,10거0397,2,2,0,146.0934,126.8054,0,0,
39208727,현대,더 뉴 싼타페,가솔린 2.5T 2WD,프레스티지,202104.0,2021,2970.0,30194.0,가솔린,오토,ORIGINAL,일반,2025-03-19 23:41:10.000 +09,경기,좋은자동차,264무9469,1,0,1,51.302,0.0,0,0,
39189915,현대,더 뉴 싼타페,디젤 2.2 2WD,캘리그래피,202012.0,2021,2699.0,87329.0,디젤,오토,ORIGINAL,일반,2025-03-19 23:41:10.000 +09,경기,(주)왕카,251루8492,1,0,1,80.26,0.0,1,0,
39151031,현대,싼타페 TM,디젤 2.2 4WD,프레스티지,201805.0,2019,2450.0,91061.0,디젤,오토,ORIGINAL,일반,2025-03-19 23:41:10.000 +09,서울,시원모터스,24우8314,0,0,1,0.0,0.0,0,0,
39168708,현대,싼타페 TM,가솔린 2.0T 2WD,인스퍼레이션,201807.0,2019,2550.0,107514.0,가솔린,오토,ORIGINAL,일반,2025-03-19 23:41:02.000 +09,인천,케이 모터스,25가3690,3,1,3,295.4236,160.557,0,0,
39244671,현대,싼타페 TM,가솔린 2.0T 2WD,익스클루시브,201907.0,2020,2190.0,88425.0,가솔린,오토,ORIGINAL,일반,2025-03-19 23:41:02.000 +09,대구,M월드 찰떡모터스,55마0646,2,0,1,197.1435,0.0,0,0,
39238198,현대,싼타페 CM,2WD(2.0 e-VGT) MLX,럭셔리,200907.0,2010,430.0,406003.0,디젤,오토,ORIGINAL,일반,2025-03-19 23:41:02.000 +09,부산,탑오토모터스,41로7503,6,5,0,585.4118,385.37,0,0,
39177202,현대,싼타페 (MX5),HEV 1.6 2WD,캘리그래피,202406.0,2024,4630.0,11608.0,가솔린+전기,오토,ORIGINAL,일반,2025-03-19 23:41:02.000 +09,경기,(주)준모터스,256무9488,0,0,0,0.0,0.0,0,0,
39180685,현대,싼타페 TM,디젤 2.0 2WD,익스클루시브 스페셜,201906.0,2019,1890.0,132166.0,디젤,오토,ORIGINAL,일반,2025-03-19 23:41:02.000 +09,충남,(주)한길자동차,35거7614,1,2,1,59.31,128.1608,0,0,
37802051,현대,싼타페 TM,가솔린 2.0T 2WD,프리미엄,201906.0,2020,1990.0,87828.0,가솔린,오토,ORIGINAL,일반,2025-03-19 23:41:02.000 +09,충북,(주)이조은모터스,246저2815,1,1,1,310.54,123.324,1,0,
38714932,현대,더 뉴 싼타페,HEV 1.6 2WD,프레스티지,202209.0,2022,3190.0,36827.0,가솔린+전기,오토,ORIGINAL,일반,2025-03-19 23:41:02.000 +09,경기,주식회사 오토엠,289보2701,3,1,0,162.3319,118.3256,0,0,
38935435,현대,더 뉴 싼타페,디젤 2.2 4WD,캘리그래피,202212.0,2023,3350.0,40861.0,디젤,오토,ORIGINAL,일반,2025-03-19 23:41:02.000 +09,전북,(주)유카,237소9721,1,1,0,89.9,159.9146,0,0,
38872642,현대,싼타페 CM,2WD(2.0 e-VGT) MLX,럭셔리,200911.0,2010,620.0,60694.0,디젤,오토,ORIGINAL,일반,2025-03-19 23:41:02.000 +09,경기,중고차마트,45루5289,0,0,2,0.0,0.0,0,0,
38843993,현대,싼타페 더 프라임,디젤 2.0 2WD,프리미엄,201801.0,2018,1349.0,117485.0,디젤,오토,ORIGINAL,일반,2025-03-19 23:41:02.000 +09,서울,(주)더골드모터스,02노6156,1,2,5,144.9675,284.401,0,0,
39154488,현대,더 뉴 싼타페,HEV 1.6 4WD,익스클루시브,202307.0,2023,3100.0,40364.0,가솔린+전기,오토,ORIGINAL,일반,2025-03-19 23:40:52.000 +09,부산,대원모터스,321버2091,0,0,1,0.0,0.0,1,0,
39208238,현대,더 뉴 싼타페,디젤 2.2 4WD,캘리그래피,202302.0,2023,4150.0,38938.0,디젤,오토,ORIGINAL,일반,2025-03-19 23:40:11.000 +09,경기,(주)타보고모터스,359나9394,0,1,0,0.0,312.4,0,0,
39192367,현대,싼타페 DM,디젤(e-VGT) 2.0 2WD 모던,,201504.0,2015,1370.0,54188.0,디젤,오토,ORIGINAL,일반,2025-03-19 23:40:11.000 +09,인천,정우모터스,17모2686,2,3,1,149.27,895.4927,0,0,
39263479,현대,더 뉴 싼타페,가솔린 2.5T 2WD,프레스티지,202307.0,2023,2900.0,30508.0,가솔린,오토,ORIGINAL,일반,2025-03-19 23:40:11.000 +09,경기,에이원모터스,109주2695,0,0,1,0.0,0.0,1,0,
39127038,현대,싼타페 TM,디젤 2.2 2WD,익스클루시브,201811.0,2019,2190.0,74822.0,디젤,오토,ORIGINAL,일반,2025-03-19 23:40:11.000 +09,인천,탁월한 선택,177어8812,1,0,1,58.2884,0.0,1,0,
39152672,현대,싼타페 TM,가솔린 2.0T 4WD,익스클루시브 스페셜,201805.0,2019,1990.0,153281.0,가솔린,오토,ORIGINAL,일반,2025-03-19 23:40:11.000 +09,경기,별모터스,225머3356,2,2,0,570.551,381.37,1,0,
39103507,현대,싼타페 TM,디젤 2.0 2WD,프리미엄,201808.0,2019,1749.0,157884.0,디젤,오토,ORIGINAL,일반,2025-03-19 23:40:11.000 +09,대전,(주)해승모터스,126조7629,0,0,3,0.0,0.0,1,0,
38936361,현대,싼타페 더 프라임,디젤 2.0 2WD,밸류 플러스,201709.0,2018,1583.0,115509.0,디젤,오토,ORIGINAL,일반,2025-03-19 23:40:11.000 +09,대구,굿 모터스,48노7573,1,1,1,119.5484,27.0733,0,0,
38826911,현대,싼타페 (MX5),가솔린 2.5T 2WD,캘리그래피,202310.0,2024,3950.0,11521.0,가솔린,오토,ORIGINAL,일반,2025-03-19 23:40:03.000 +09,경기,주식회사 씨피오토모티브,205노9295,1,0,2,71.326,0.0,1,0,
39155429,현대,더 뉴 싼타페,가솔린 2.5T 2WD,프레스티지,202103.0,2021,2650.0,90642.0,가솔린,오토,ORIGINAL,일반,2025-03-19 23:40:03.000 +09,경기,NO.1모터스,191저9451,0,1,2,0.0,85.9527,1,0,
39109035,현대,싼타페 TM,가솔린 2.0T 2WD,인스퍼레이션,201809.0,2019,2299.0,94384.0,가솔린,오토,ORIGINAL,일반,2025-03-19 23:40:03.000 +09,경기,(주)디에이치모터스,08저8974,2,0,1,119.9511,0.0,0,0,
39213469,현대,더 뉴 싼타페,HEV 1.6 2WD,프레스티지,202303.0,2023,3499.0,10447.0,가솔린+전기,오토,ORIGINAL,일반,2025-03-19 23:40:03.000 +09,서울,(주)아이오토스,242모7925,0,0,0,0.0,0.0,0,0,
39264256,현대,더 뉴 싼타페,가솔린 2.5T 2WD,프리미엄,202105.0,2021,2650.0,22187.0,가솔린,오토,ORIGINAL,일반,2025-03-19 23:40:03.000 +09,경기,제로모터스,197수2545,0,0,0,0.0,0.0,0,0,
39086295,현대,싼타페 (MX5),HEV 1.6 4WD,익스클루시브,202402.0,2024,3820.0,8011.0,가솔린+전기,오토,ORIGINAL,일반,2025-03-19 23:40:03.000 +09,부산,오토플러스(주),238마2685,0,0,1,0.0,0.0,1,0,
38543094,현대,싼타페 (MX5),가솔린 2.5T 2WD,캘리그래피,202309.0,2024,3650.0,25769.0,가솔린,오토,ORIGINAL,일반,2025-03-19 23:40:03.000 +09,인천,다올모터스,351거5655,1,0,0,61.7118,0.0,0,0,
38900089,현대,더 뉴 싼타페,디젤 2.2 2WD,프레스티지,202009.0,2021,2490.0,78901.0,디젤,오토,ORIGINAL,일반,2025-03-19 23:40:03.000 +09,부산,천일모터스,369구5429,1,1,0,0.0,0.0,0,0,
38528636,현대,싼타페 TM,디젤 2.2 2WD,익스클루시브,201804.0,2019,1930.0,100569.0,디젤,오토,ORIGINAL,일반,2025-03-19 23:40:03.000 +09,경기,코리아모터스,42소4643,0,0,2,0.0,0.0,0,0,
39231957,현대,싼타페 DM,디젤(e-VGT) 2.0 2WD 프리미엄,,201211.0,2013,850.0,204165.0,디젤,오토,ORIGINAL,일반,2025-03-19 23:40:03.000 +09,경기,블루오토,47부1921,1,2,0,47.359,194.101,0,0,
38653165,현대,더 뉴 싼타페,디젤 2.2 2WD,프리미엄 초이스,202101.0,2021,2590.0,60773.0,디젤,오토,ORIGINAL,일반,2025-03-19 23:39:14.000 +09,경기,코리아모터스,281더1597,0,2,3,0.0,420.0654,0,0,
38057777,현대,싼타페 더 프라임,디젤 2.0 2WD,프리미엄,201712.0,2018,1420.0,129393.0,디젤,오토,ORIGINAL,일반,2025-03-19 23:39:14.000 +09,대구,경운자동차상사,57가9174,2,2,0,227.464,170.4477,0,0,
39115889,현대,싼타페 더 프라임,디젤 2.0 2WD,프리미엄,201603.0,2016,1580.0,27403.0,디젤,오토,ORIGINAL,일반,2025-03-19 23:39:14.000 +09,인천,오토플러스(주),52보0795,1,0,1,94.325,0.0,0,0,
39099860,현대,더 뉴 싼타페,디젤 2.2 2WD,프레스티지,202008.0,2021,2820.0,50874.0,디젤,오토,ORIGINAL,일반,2025-03-19 23:39:14.000 +09,전북,(주)유카,351어7152,0,0,0,0.0,0.0,0,0,
39099780,현대,더 뉴 싼타페,디젤 2.2 2WD,프레스티지,202101.0,2021,2260.0,108187.0,디젤,오토,ORIGINAL,일반,2025-03-19 23:39:14.000 +09,경기,㈜오토핸즈,176호2910,0,0,0,0.0,0.0,0,0,
38913345,현대,싼타페 TM,디젤 2.0 2WD,프리미엄,201808.0,2019,2250.0,26669.0,디젤,오토,ORIGINAL,일반,2025-03-19 23:39:07.000 +09,부산,(주)더마니카,51가7755,0,0,2,0.0,0.0,0,0,
39226277,현대,싼타페 더 프라임,디젤 2.0 2WD,밸류 플러스,201709.0,2018,1490.0,116658.0,디젤,오토,ORIGINAL,일반,2025-03-19 23:39:06.000 +09,경기,벧엘자동차,62모7647,0,0,3,0.0,0.0,0,0,
39221636,현대,싼타페 TM,디젤 2.0 2WD,프리미엄,201912.0,2020,1690.0,141633.0,디젤,오토,ORIGINAL,일반,2025-03-19 23:39:06.000 +09,전북,강남모터스,225거5792,1,2,1,109.3289,299.0885,1,0,
39180587,현대,싼타페 TM,디젤 2.0 4WD,인스퍼레이션,201807.0,2019,2100.0,175413.0,디젤,오토,ORIGINAL,일반,2025-03-19 23:39:06.000 +09,경기,(주)왕카,12누7094,3,1,0,497.8034,151.9383,0,0,
39148441,현대,싼타페 DM,디젤(e-VGT) 2.0 2WD 모던,,201404.0,2015,1030.0,119262.0,디젤,오토,ORIGINAL,일반,2025-03-19 23:39:06.000 +09,인천,주식회사 제이제이오토컴퍼니,13무9453,0,0,1,0.0,0.0,0,0,
38987512,현대,더 뉴 싼타페,디젤 2.2 2WD,프리미엄 초이스,202012.0,2021,2150.0,94290.0,디젤,오토,ORIGINAL,일반,2025-03-19 23:39:06.000 +09,대구,에이스모터스,334더4868,3,0,1,294.4343,0.0,0,0,
37292325,현대,더 뉴 싼타페,HEV 1.6 2WD,캘리그래피,202112.0,2022,3300.0,63756.0,가솔린+전기,오토,ORIGINAL,일반,2025-03-19 23:39:06.000 +09,경기,드림모터스,136나2951,2,0,0,302.183,0.0,0,0,
38450761,현대,싼타페 TM,가솔린 2.0T 2WD,프레스티지,201910.0,2020,1950.0,99969.0,가솔린,오토,ORIGINAL,일반,2025-03-19 23:39:06.000 +09,경기,위드카,182무3892,1,1,2,88.3908,176.6865,1,0,
38934902,현대,싼타페 TM,디젤 2.0 2WD,프리미엄,201912.0,2020,1759.0,134327.0,디젤,오토,ORIGINAL,일반,2025-03-19 23:39:06.000 +09,충남,헤이모터스,302너6826,0,0,1,0.0,0.0,0,0,
38493165,현대,싼타페 TM,가솔린 2.0T 2WD,프리미엄,201912.0,2020,2050.0,73731.0,가솔린,오토,ORIGINAL,일반,2025-03-19 23:39:06.000 +09,부산,에이스타모터스,237수3118,1,1,3,90.0358,152.468,0,0,
38313864,현대,더 뉴 싼타페,디젤 2.2 2WD,프레스티지,202008.0,2021,3050.0,60698.0,디젤,오토,ORIGINAL,일반,2025-03-19 23:38:12.000 +09,서울,(주)송암모터스,225우9415,0,0,3,0.0,0.0,1,0,
38943855,현대,싼타페 TM,가솔린 2.0T 2WD,인스퍼레이션,201809.0,2019,2690.0,64570.0,가솔린,오토,ORIGINAL,일반,2025-03-19 23:38:12.000 +09,대구,(주) 모터스링크,50가5418,1,2,4,43.2814,131.1336,0,0,
38395711,현대,더 뉴 싼타페,가솔린 2.5T 2WD,프레스티지,202205.0,2022,3070.0,25692.0,가솔린,오토,ORIGINAL,일반,2025-03-19 23:38:12.000 +09,서울,주뉴카뱅크,147로2762,0,0,0,0.0,0.0,0,0,
39244937,현대,싼타페 DM,디젤(e-VGT) 2.0 2WD 익스클루시브,(세부등급 없음),201404.0,2015,850.0,182639.0,디젤,오토,ORIGINAL,일반,2025-03-19 23:38:12.000 +09,서울,(주)아이오카,102너3601,3,0,3,273.846,0.0,1,0,
39092072,현대,더 뉴 싼타페,디젤 2.2 2WD,프리미엄 초이스,202111.0,2021,3200.0,30742.0,디젤,오토,ORIGINAL,일반,2025-03-19 23:38:12.000 +09,경기,(주)카렉스코리아 김포지점,161우1339,0,0,0,0.0,0.0,0,0,
38856073,현대,싼타페 TM,디젤 2.0 2WD,익스클루시브,201911.0,2020,2199.0,44169.0,디젤,오토,ORIGINAL,일반,2025-03-19 23:38:12.000 +09,경기,(주)카르메스오토,247구7204,0,0,1,0.0,0.0,1,0,
38968244,현대,싼타페 TM,디젤 2.0 2WD,익스클루시브,201810.0,2019,1930.0,88501.0,디젤,오토,ORIGINAL,일반,2025-03-19 23:38:03.000 +09,대구,진모터스,51구6716,2,0,1,80.8083,0.0,0,0,
38836458,현대,싼타페 TM,가솔린 2.0T 2WD,프리미엄,201911.0,2020,2170.0,46430.0,가솔린,오토,ORIGINAL,일반,2025-03-19 23:38:03.000 +09,충남,남부자동차매매상사,130수3262,0,1,3,0.0,398.2327,1,0,
38765538,현대,더 뉴 싼타페,디젤 2.2 2WD,프리미엄 초이스,202109.0,2021,2180.0,102795.0,디젤,오토,ORIGINAL,일반,2025-03-19 23:38:03.000 +09,경기,(주)카포유,197머1709,0,0,1,0.0,0.0,1,0,
39023334,현대,더 뉴 싼타페,디젤 2.2 2WD,프리미엄,202112.0,2021,2799.0,48837.0,디젤,오토,ORIGINAL,일반,2025-03-19 23:38:03.000 +09,충남,신세계자동차,150로6809,0,0,1,0.0,0.0,1,0,
38571615,현대,싼타페 TM,가솔린 2.0T 2WD,프레스티지,202002.0,2020,1850.0,90277.0,가솔린,오토,ORIGINAL,일반,2025-03-19 23:38:03.000 +09,부산,SK자동차매매상사,358다9732,3,2,3,685.3553,568.449,0,0,
39158525,현대,싼타페 (MX5),가솔린 2.5T 2WD,캘리그래피,202310.0,2024,4380.0,7266.0,가솔린,오토,ORIGINAL,일반,2025-03-19 23:38:03.000 +09,경기,(주)준모터스,123어6566,0,0,0,0.0,0.0,0,0,
39172358,현대,더 뉴 싼타페,디젤 2.2 2WD,캘리그래피,202009.0,2021,3180.0,56718.0,디젤,오토,ORIGINAL,일반,2025-03-19 23:38:03.000 +09,경기,코리아모터스,399고3021,0,0,1,0.0,0.0,0,0,
39105468,현대,더 뉴 싼타페,가솔린 2.5T 2WD,프레스티지,202212.0,2023,3019.0,33671.0,가솔린,오토,ORIGINAL,일반,2025-03-19 23:38:03.000 +09,대구,미남자동차,253저6820,0,0,0,0.0,0.0,0,0,
39226169,현대,싼타페 TM,디젤 2.0 4WD,프레스티지,201910.0,2020,1940.0,112727.0,디젤,오토,ORIGINAL,일반,2025-03-19 23:37:58.000 +09,경기,(주)태금모터스,213로9331,1,1,1,76.8853,55.7659,1,0,
39226858,현대,싼타페 TM,가솔린 2.0T 2WD,프리미엄,202001.0,2020,2000.0,81096.0,가솔린,오토,ORIGINAL,일반,2025-03-19 23:37:58.000 +09,경기,(주)태금모터스,339러1968,1,1,1,39.1599,38.3729,0,0,
38956878,현대,싼타페 더 프라임,디젤 2.0 2WD,익스클루시브,201703.0,2017,1600.0,97934.0,디젤,오토,ORIGINAL,일반,2025-03-19 23:37:54.000 +09,서울,명광상사,49가2227,2,0,1,189.3839,0.0,0,0,
39138612,현대,싼타페 TM,디젤 2.0 2WD,프레스티지,201901.0,2019,2470.0,53806.0,디젤,오토,ORIGINAL,일반,2025-03-19 23:37:11.000 +09,대구,신삼성자동차상사,48누7125,0,0,0,0.0,0.0,0,0,
35176417,현대,싼타페 TM,가솔린 2.0T 2WD,프레스티지,201907.0,2020,2290.0,97186.0,가솔린,오토,ORIGINAL,일반,2025-03-19 23:37:11.000 +09,대구,뉴현대모터스,110머5651,2,1,1,134.525,204.4704,1,0,
38880707,현대,싼타페 더 프라임,디젤 2.0 2WD,프리미엄,201511.0,2016,1630.0,28391.0,디젤,오토,ORIGINAL,일반,2025-03-19 23:37:11.000 +09,경기,드림모터스,40수0691,1,1,1,29.011,59.36,0,0,
39195827,현대,싼타페 (MX5),HEV 1.6 2WD,익스클루시브,202501.0,2025,4190.0,132.0,가솔린+전기,오토,ORIGINAL,일반,2025-03-19 23:37:11.000 +09,대구,(주)고려자동차,276거4813,0,0,1,0.0,0.0,1,0,
38941714,현대,싼타페 (MX5),HEV 1.6 2WD,캘리그래피,202402.0,2024,5350.0,120.0,가솔린+전기,오토,ORIGINAL,일반,2025-03-19 23:37:11.000 +09,서울,이볼브오토모빌,158어3137,0,0,1,0.0,0.0,1,0,
39171615,현대,더 뉴 싼타페,디젤 2.2 2WD,프레스티지,202011.0,2021,3100.0,26638.0,디젤,오토,ORIGINAL,일반,2025-03-19 23:37:03.000 +09,대구,엠케어모터스,372고3003,1,1,0,138.1025,79.4939,0,0,
38977934,현대,싼타페 TM,디젤 2.0 2WD,프리미엄,201904.0,2019,1899.0,112178.0,디젤,오토,ORIGINAL,일반,2025-03-19 23:37:03.000 +09,대전,(주)해승모터스,144노1120,0,0,3,0.0,0.0,1,0,
38977605,현대,더 뉴 싼타페,디젤 2.2 2WD,프레스티지,202012.0,2021,2749.0,77255.0,디젤,오토,ORIGINAL,일반,2025-03-19 23:37:03.000 +09,서울,아이오토스,157노5386,0,0,0,0.0,0.0,0,0,
39159619,현대,싼타페 TM,가솔린 2.0T 4WD,인스퍼레이션,201908.0,2020,2350.0,101404.0,가솔린,오토,ORIGINAL,일반,2025-03-19 23:37:03.000 +09,경기,다원오토,53가3183,1,0,1,188.42,0.0,0,0,
39019033,현대,더 뉴 싼타페,HEV 1.6 4WD,익스클루시브,202307.0,2023,3190.0,32621.0,가솔린+전기,오토,ORIGINAL,일반,2025-03-19 23:37:03.000 +09,부산,오토플러스(주),321버2005,0,0,1,0.0,0.0,1,0,
39167814,현대,싼타페 TM,디젤 2.0 2WD,프리미엄,201812.0,2019,1699.0,106254.0,디젤,오토,ORIGINAL,일반,2025-03-19 23:37:03.000 +09,인천,착한중고차,319다4052,2,2,2,525.365,209.703,1,0,
38790887,현대,싼타페 TM,가솔린 2.0T 2WD,익스클루시브,202004.0,2020,2580.0,5463.0,가솔린,오토,ORIGINAL,일반,2025-03-19 23:37:03.000 +09,서울,(주)마이원카,137조1195,2,0,1,89.2809,0.0,0,0,
38220643,현대,더 뉴 싼타페,디젤 2.2 2WD,프레스티지,202008.0,2021,3290.0,38543.0,디젤,오토,ORIGINAL,일반,2025-03-19 23:37:03.000 +09,경기,타타모터스,228루5180,0,0,2,0.0,0.0,1,0,
39052271,현대,싼타페 더 프라임,디젤 2.0 2WD,프리미엄,201701.0,2017,1470.0,65158.0,디젤,오토,ORIGINAL,일반,2025-03-19 23:37:03.000 +09,충남,아우토반 모터스,363가6581,2,2,2,114.5899,248.8887,1,0,
39210088,현대,싼타페 TM,디젤 2.0 4WD,프리미엄,201803.0,2019,1790.0,155881.0,디젤,오토,ORIGINAL,일반,2025-03-19 23:36:09.000 +09,인천,필승모터스,317루2568,1,0,1,65.879,0.0,1,0,
38440883,현대,싼타페 (MX5),HEV 1.6 2WD,프레스티지,202407.0,2024,4040.0,1751.0,가솔린+전기,오토,ORIGINAL,일반,2025-03-19 23:36:09.000 +09,인천,와이비모터스,296우5319,0,0,1,0.0,0.0,0,0,
39206743,현대,싼타페 TM,디젤 2.2 4WD,익스클루시브,201905.0,2019,2270.0,68682.0,디젤,오토,ORIGINAL,일반,2025-03-19 23:36:09.000 +09,경기,(주)왕카,275노9928,1,0,3,232.3618,0.0,1,0,
39064588,현대,싼타페 (MX5),가솔린 2.5T 2WD,캘리그래피,202411.0,2025,4470.0,947.0,가솔린,오토,ORIGINAL,일반,2025-03-19 23:36:09.000 +09,인천,케이모터스,256어3790,0,0,0,0.0,0.0,0,0,
38919940,현대,싼타페 TM,디젤 2.0 2WD,익스클루시브,201804.0,2019,1999.0,78685.0,디젤,오토,ORIGINAL,일반,2025-03-19 23:36:09.000 +09,대구,일신자동차상사,290어7969,1,0,1,174.0875,0.0,1,0,
39191832,현대,싼타페 (MX5),HEV 1.6 2WD,익스클루시브,202406.0,2024,3789.0,20008.0,가솔린+전기,오토,ORIGINAL,일반,2025-03-19 23:36:09.000 +09,경기,(주)정모터스,377루9051,0,0,1,0.0,0.0,1,0,
39053381,현대,싼타페 TM,디젤 2.2 2WD,프레스티지,201810.0,2019,2150.0,84914.0,디젤,오토,ORIGINAL,일반,2025-03-19 23:36:03.000 +09,대구,신성모터스,29어5812,3,1,0,174.1564,111.852,0,0,
39053998,현대,싼타페 TM,디젤 2.2 4WD,인스퍼레이션,201912.0,2020,2750.0,61010.0,디젤,오토,ORIGINAL,일반,2025-03-19 23:36:03.000 +09,대구,우진자동차상사,102러2822,0,2,1,0.0,177.2902,1,0,
39148538,현대,싼타페 TM,가솔린 2.0T 2WD,익스클루시브 스페셜,201806.0,2019,2280.0,88805.0,가솔린,오토,ORIGINAL,일반,2025-03-19 23:36:03.000 +09,경기,(주)KM모터스,58두8680,3,1,0,358.2706,26.0,0,0,
38980159,현대,더 뉴 싼타페,디젤 2.2 2WD,프레스티지,202308.0,2023,3190.0,26329.0,디젤,오토,ORIGINAL,일반,2025-03-19 23:36:03.000 +09,부산,주식회사 주안모터스,242버3841,0,0,0,0.0,0.0,0,0,
39220197,현대,더 뉴 싼타페,가솔린 2.5T 4WD,캘리그래피,202306.0,2023,3500.0,48094.0,가솔린,오토,ORIGINAL,일반,2025-03-19 23:36:03.000 +09,인천,자동차1번지,213고7323,2,2,0,152.7,248.8257,0,0,
39082144,현대,싼타페 TM,디젤 2.2 4WD,익스클루시브,201804.0,2019,1840.0,139632.0,디젤,오토,ORIGINAL,일반,2025-03-19 23:36:03.000 +09,부산,골드문 모터스,229마3215,1,1,1,49.877,36.228,1,0,
39157946,현대,더 뉴 싼타페,HEV 1.6 4WD,캘리그래피,202308.0,2023,3850.0,54329.0,가솔린+전기,오토,ORIGINAL,일반,2025-03-19 23:36:03.000 +09,충남,당근카,119무3021,0,0,0,0.0,0.0,0,0,
39111657,현대,싼타페 더 프라임,디젤 2.0 2WD,프리미엄,201603.0,2016,1330.0,84139.0,디젤,오토,ORIGINAL,일반,2025-03-19 23:36:03.000 +09,인천,주식회사 진모터스,02소0601,0,0,2,0.0,0.0,0,0,
38078711,현대,더 뉴 싼타페,HEV 1.6 2WD,익스클루시브,202210.0,2023,2690.0,39932.0,가솔린+전기,오토,ORIGINAL,일반,2025-03-19 23:36:03.000 +09,경기,하이코르오토(주),355무2196,1,0,1,0.0,0.0,0,0,
38345589,현대,싼타페 (MX5),HEV 1.6 2WD,프레스티지,202409.0,2024,3971.0,718.0,가솔린+전기,오토,ORIGINAL,렌트,2025-03-19 23:36:03.000 +09,서울,,229호3764,0,0,0,0.0,0.0,0,0,
38196756,현대,더 뉴 싼타페,디젤 2.2 2WD,프리미엄 초이스,202009.0,2021,2550.0,52576.0,디젤,오토,ORIGINAL,일반,2025-03-19 23:36:03.000 +09,서울,(주)에스에이치모터,178조3531,1,0,0,92.1176,0.0,0,0,
37005785,현대,싼타페 TM,디젤 2.2 4WD,프레스티지,201810.0,2019,2050.0,102694.0,디젤,오토,ORIGINAL,일반,2025-03-19 23:35:12.000 +09,경기,주식회사김포오토파크,22더1982,1,1,3,484.2966,800.0,0,0,
39033287,현대,더 뉴 싼타페,디젤 2.2 2WD,프레스티지,202011.0,2021,2720.0,71945.0,디젤,오토,ORIGINAL,일반,2025-03-19 23:35:12.000 +09,경기,에이원모터스,263두7815,0,0,1,0.0,0.0,0,0,
39093715,현대,싼타페 더 프라임,디젤 2.0 2WD,프리미엄,201506.0,2016,1440.0,54881.0,디젤,오토,ORIGINAL,일반,2025-03-19 23:35:12.000 +09,경기,벧엘자동차,11로1946,4,1,3,365.3895,74.5378,0,0,
39111000,현대,싼타페 TM,디젤 2.0 2WD,프리미엄,201910.0,2020,1980.0,53641.0,디젤,오토,ORIGINAL,일반,2025-03-19 23:35:12.000 +09,경기,금화모터스,169보5442,0,0,1,0.0,0.0,1,0,
39254429,현대,싼타페 TM,디젤 2.0 2WD,인스퍼레이션,201808.0,2019,2200.0,118159.0,디젤,오토,ORIGINAL,일반,2025-03-19 23:35:12.000 +09,경기,(주)에스원모터스,43조2815,0,0,1,0.0,0.0,0,0,
38602331,현대,더 뉴 싼타페,디젤 2.2 2WD,프레스티지,202007.0,2021,2890.0,72800.0,디젤,오토,ORIGINAL,일반,2025-03-19 23:35:10.000 +09,경북,믿음직한중고차,129모1558,1,1,3,146.4529,73.7498,0,0,
38592841,현대,더 뉴 싼타페,HEV 1.6 2WD,캘리그래피,202211.0,2023,3490.0,60000.0,가솔린+전기,오토,ORIGINAL,일반,2025-03-19 23:35:10.000 +09,경북,믿음직한중고차,209소7440,1,1,1,55.64,56.8747,0,0,
39125913,현대,싼타페 더 프라임,디젤 2.0 2WD,프리미엄,201509.0,2016,1190.0,157000.0,디젤,오토,ORIGINAL,일반,2025-03-19 23:35:10.000 +09,경북,믿음직한중고차,47노3435,3,4,3,372.603,519.323,0,0,
38703316,현대,싼타페 DM,디젤(e-VGT) 2.0 2WD 프리미엄,,201409.0,2015,1239.0,84694.0,디젤,오토,ORIGINAL,일반,2025-03-19 23:35:04.000 +09,서울,그린모터스,16서2880,3,0,1,221.7609,0.0,0,0,
38801394,현대,더 뉴 싼타페,HEV 1.6 2WD,프레스티지,202107.0,2022,2369.0,125751.0,가솔린+전기,오토,ORIGINAL,일반,2025-03-19 23:35:04.000 +09,서울,미소모터스,174다3398,0,0,1,0.0,0.0,1,0,
38891406,현대,싼타페 TM,디젤 2.0 2WD,프레스티지,201907.0,2020,2150.0,80525.0,디젤,오토,ORIGINAL,일반,2025-03-19 23:35:04.000 +09,인천,JP모터스,67오4043,1,0,2,42.6236,0.0,0,0,
39081873,현대,더 뉴 싼타페,디젤 2.2 2WD,프리미엄 초이스,202009.0,2021,2450.0,61112.0,디젤,오토,ORIGINAL,일반,2025-03-19 23:35:04.000 +09,충남,정한상사,376누7430,0,1,1,0.0,75.9389,0,0,
39270194,현대,싼타페 DM,디젤(e-VGT) 2.0 2WD 모던,,201405.0,2015,9999.0,116484.0,디젤,오토,ORIGINAL,일반,2025-03-19 23:35:04.000 +09,광주,드림카마켓,36조8083,1,1,1,254.6868,63.0,0,0,
39208008,현대,더 뉴 싼타페,HEV 1.6 2WD,캘리그래피,202303.0,2023,3450.0,41098.0,가솔린+전기,오토,ORIGINAL,일반,2025-03-19 23:35:04.000 +09,경기,코리아모터스,139부6113,1,0,0,286.744,0.0,0,0,
39165657,현대,싼타페 TM,가솔린 2.0T 2WD,인스퍼레이션,201904.0,2019,1950.0,172838.0,가솔린,오토,ORIGINAL,일반,2025-03-19 23:35:04.000 +09,경기,브라더모터스,53머7633,1,0,0,114.9079,0.0,0,0,
39149147,현대,더 뉴 싼타페,디젤 2.2 2WD,캘리그래피,202301.0,2023,3499.0,37429.0,디젤,오토,ORIGINAL,일반,2025-03-19 23:35:04.000 +09,서울,주뉴카뱅크,197루9951,0,1,1,0.0,11.0,0,0,
39130934,현대,더 뉴 싼타페,디젤 2.2 2WD,프레스티지,202108.0,2021,2870.0,43079.0,디젤,오토,ORIGINAL,일반,2025-03-19 23:35:04.000 +09,경기,스카이모터스,390두2109,1,1,0,109.098,124.837,0,0,
39106507,현대,싼타페 TM,디젤 2.2 4WD,인스퍼레이션,201812.0,2019,2280.0,149871.0,디젤,오토,ORIGINAL,일반,2025-03-19 23:35:04.000 +09,부산,카플릭스,05마1925,0,0,0,0.0,0.0,0,0,
38557517,현대,싼타페 TM,디젤 2.0 2WD,프리미엄,201912.0,2020,1890.0,86015.0,디젤,오토,ORIGINAL,일반,2025-03-19 23:35:04.000 +09,경기,대한모터스,178허1617,1,2,1,118.625,216.1325,0,0,
38973754,현대,싼타페 DM,디젤(e-VGT) 2.0 4WD 프리미엄,,201505.0,2015,1190.0,79451.0,디젤,오토,ORIGINAL,일반,2025-03-19 23:34:12.000 +09,충북,행복모터스,13저7865,2,3,1,191.434,564.055,0,0,
38773617,현대,싼타페 더 프라임,디젤 2.0 2WD,프리미엄,201507.0,2016,1460.0,67484.0,디젤,오토,ORIGINAL,일반,2025-03-19 23:34:12.000 +09,충북,행복모터스,45누7858,1,0,1,59.4393,0.0,0,0,
39059636,현대,싼타페 TM,가솔린 2.0T 2WD,익스클루시브,201911.0,2020,2320.0,58485.0,가솔린,오토,ORIGINAL,일반,2025-03-19 23:34:09.000 +09,경기,일등자동차,242우8692,0,2,1,0.0,145.1134,1,0,
39233673,현대,싼타페 TM,디젤 2.2 2WD,인스퍼레이션,201812.0,2019,2690.0,71512.0,디젤,오토,ORIGINAL,일반,2025-03-19 23:34:09.000 +09,대구,우진모터스,34도4994,1,0,1,0.0,0.0,0,0,
38724490,현대,싼타페 더 프라임,디젤 2.0 2WD,익스클루시브,201506.0,2016,1240.0,150692.0,디젤,오토,ORIGINAL,일반,2025-03-19 23:34:02.000 +09,충남,유카,11노6170,6,1,1,494.7485,68.8098,0,0,
38371431,현대,더 뉴 싼타페,디젤 2.2 2WD,프레스티지,202007.0,2021,2990.0,44808.0,디젤,오토,ORIGINAL,일반,2025-03-19 23:34:02.000 +09,부산,(주)주안모터스,241모5564,0,0,1,0.0,0.0,0,0,
38331525,현대,싼타페 (MX5),가솔린 2.5T 2WD,프레스티지,202402.0,2024,3750.0,6713.0,가솔린,오토,ORIGINAL,일반,2025-03-19 23:34:02.000 +09,경기,월드모터스,215누8462,0,0,0,0.0,0.0,0,0,
39157614,현대,싼타페 TM,디젤 2.0 2WD,익스클루시브,201904.0,2019,1780.0,158806.0,디젤,오토,ORIGINAL,일반,2025-03-19 23:34:02.000 +09,인천,착한중고차,64서4497,1,1,2,96.83,21.8706,0,0,
39112656,현대,싼타페 DM,디젤(e-VGT) 2.2 4WD 익스클루시브,스페셜,201504.0,2015,1190.0,109131.0,디젤,오토,ORIGINAL,일반,2025-03-19 23:34:02.000 +09,인천,와이비모터스,61수5014,1,1,4,394.84,804.1482,0,0,
38941743,현대,더 뉴 싼타페,HEV 1.6 2WD,프레스티지,202112.0,2022,3100.0,63073.0,가솔린+전기,오토,ORIGINAL,일반,2025-03-19 23:34:02.000 +09,경기,오토피아,109로9159,0,0,1,0.0,0.0,0,0,
38773421,현대,싼타페 TM,가솔린 2.0T 2WD,익스클루시브 스페셜,201806.0,2019,1990.0,82242.0,가솔린,오토,ORIGINAL,일반,2025-03-19 23:34:02.000 +09,대구,엠월드-빛나는자동차,06부4802,4,2,2,1108.7461,1416.9656,0,0,
39073994,현대,싼타페 (MX5),가솔린 2.5T 2WD,프레스티지 플러스,202410.0,2025,3791.0,7000.0,가솔린,오토,ORIGINAL,렌트,2025-03-19 23:34:02.000 +09,경기,,223허6340,0,0,0,0.0,0.0,0,0,
39105569,현대,싼타페 TM,디젤 2.2 4WD,인스퍼레이션,201911.0,2020,2079.0,131683.0,디젤,오토,ORIGINAL,일반,2025-03-19 23:34:02.000 +09,경기,주식회사좋은자동차,152다9823,3,2,4,1003.7362,849.2914,1,0,
38894019,현대,더 뉴 싼타페,디젤 2.2 2WD,프리미엄 초이스,202106.0,2021,2090.0,96343.0,디젤,오토,ORIGINAL,일반,2025-03-19 23:33:10.000 +09,인천,타워모터스,217우6309,1,1,1,239.7669,175.3144,1,0,
39211467,현대,싼타페 더 프라임,디젤 2.0 2WD,프리미엄,201508.0,2016,950.0,195082.0,디젤,오토,ORIGINAL,일반,2025-03-19 23:33:10.000 +09,광주,드림카마켓,58머9392,4,4,3,788.384,905.3485,0,0,
39063711,현대,싼타페 더 프라임,디젤 2.0 2WD,밸류 플러스,201708.0,2018,1350.0,144303.0,디젤,오토,ORIGINAL,일반,2025-03-19 23:33:10.000 +09,광주,진흥자동차,337수2365,1,0,2,94.2034,0.0,1,0,
38909362,현대,싼타페 더 프라임,디젤 2.0 2WD,익스클루시브,201612.0,2017,1540.0,82751.0,디젤,오토,ORIGINAL,일반,2025-03-19 23:33:10.000 +09,경기,차투차,15오0298,2,2,1,202.705,177.7664,0,0,
38526310,현대,싼타페 TM,디젤 2.2 4WD,프레스티지,201808.0,2019,2299.0,60807.0,디젤,오토,ORIGINAL,일반,2025-03-19 23:33:10.000 +09,충남,신세계자동차,45저7791,3,2,1,499.4339,86.1931,0,0,
39248430,현대,싼타페 더 프라임,디젤 2.0 4WD,익스클루시브,201509.0,2016,1130.0,195916.0,디젤,오토,ORIGINAL,일반,2025-03-19 23:33:02.000 +09,울산,주식회사 두바이카,35머8240,5,2,2,402.1587,123.7789,0,0,
39243803,현대,더 뉴 싼타페,디젤 2.2 4WD,캘리그래피,202103.0,2021,4444.0,38674.0,디젤,오토,ORIGINAL,일반,2025-03-19 23:33:02.000 +09,서울,(주)에스지모터스,313모5591,1,0,1,61.974,0.0,0,0,
39191552,현대,싼타페 TM,디젤 2.2 4WD,프레스티지,201811.0,2019,2520.0,49755.0,디젤,오토,ORIGINAL,일반,2025-03-19 23:33:02.000 +09,부산,부산중고차(주),48머8537,1,0,0,50.5119,0.0,0,0,
39244486,현대,싼타페 더 프라임,디젤 2.2 4WD,익스클루시브 스페셜,201607.0,2017,1790.0,92925.0,디젤,오토,ORIGINAL,일반,2025-03-19 23:33:02.000 +09,인천,카누리모터스,64어0113,4,2,4,346.0248,123.6999,0,0,
39239333,현대,싼타페 TM,디젤 2.2 2WD,인스퍼레이션,201807.0,2019,2649.0,65168.0,디젤,오토,ORIGINAL,일반,2025-03-19 23:33:02.000 +09,경기,제이디모터스,51무4834,1,0,2,297.9544,0.0,0,0,
38944358,현대,더 뉴 싼타페,디젤 2.2 2WD,프리미엄,202008.0,2021,2220.0,86531.0,디젤,오토,ORIGINAL,일반,2025-03-19 23:33:02.000 +09,경기,(주)왕카,179무5658,1,0,1,136.8163,0.0,0,0,
39001930,현대,더 뉴 싼타페,가솔린 2.5T 2WD,프레스티지,202012.0,2021,2870.0,29149.0,가솔린,오토,ORIGINAL,일반,2025-03-19 23:33:02.000 +09,서울,에이스모터스,224로6721,1,0,0,58.489,0.0,0,0,
39135800,현대,더 뉴 싼타페,디젤 2.2 2WD,프레스티지,202105.0,2021,2240.0,120177.0,디젤,오토,ORIGINAL,일반,2025-03-19 23:33:02.000 +09,경기,차투차,159하9738,0,0,0,0.0,0.0,0,0,
38582966,현대,싼타페 (MX5),가솔린 2.5T 4WD,익스클루시브,202310.0,2024,3580.0,27947.0,가솔린,오토,ORIGINAL,일반,2025-03-19 23:33:02.000 +09,인천,케이모터스,184거9777,0,0,1,0.0,0.0,0,0,
39246085,현대,싼타페 TM,디젤 2.0 2WD,프리미엄,201903.0,2019,1690.0,101873.0,디젤,오토,ORIGINAL,일반,2025-03-19 23:32:32.000 +09,부산,스타모터스,01구7035,1,0,1,40.6739,0.0,0,0,
37580079,현대,더 뉴 싼타페,디젤 2.2 2WD,프레스티지,202209.0,2022,2790.0,73857.0,디젤,오토,ORIGINAL,일반,2025-03-19 23:32:26.000 +09,경기,오토리카,233로5104,0,0,1,0.0,0.0,1,0,
39265662,현대,싼타페 더 프라임,디젤 2.0 4WD,프리미엄,201703.0,2018,1320.0,147404.0,디젤,오토,ORIGINAL,일반,2025-03-19 23:32:08.000 +09,서울,필카,01머4019,1,1,3,213.2981,630.2652,0,0,
39081287,현대,싼타페 CM,2WD(2.0 e-VGT) MLX,럭셔리,201206.0,2012,650.0,126458.0,디젤,오토,ORIGINAL,일반,2025-03-19 23:32:08.000 +09,인천,모빌팡,23누2681,1,2,1,66.0271,117.1937,0,0,
39253367,현대,싼타페 더 프라임,디젤 2.0 2WD,프리미엄,201701.0,2017,1420.0,111229.0,디젤,오토,ORIGINAL,일반,2025-03-19 23:32:08.000 +09,경기,원카,26가0175,0,1,3,0.0,64.533,0,0,
37216249,현대,더 뉴 싼타페,HEV 1.6 2WD,캘리그래피,202305.0,2023,3870.0,8941.0,가솔린+전기,오토,ORIGINAL,일반,2025-03-19 23:32:08.000 +09,경기,월드모터스,307로5161,0,0,1,0.0,0.0,1,0,
38894645,현대,더 뉴 싼타페,가솔린 2.5T 2WD,프레스티지,202201.0,2022,2350.0,148674.0,가솔린,오토,ORIGINAL,일반,2025-03-19 23:32:08.000 +09,경기,착한모터스,354무9436,1,0,2,271.21,0.0,0,0,
38856172,현대,싼타페 (MX5),가솔린 2.5T 2WD,캘리그래피,202501.0,2025,3110.0,501.0,가솔린,오토,ORIGINAL,렌트,2025-03-19 23:32:08.000 +09,인천,,220하8977,0,0,0,0.0,0.0,0,0,
39042537,현대,더 뉴 싼타페,가솔린 2.5T 2WD,프레스티지,202204.0,2022,7777.0,49552.0,가솔린,오토,ORIGINAL,일반,2025-03-19 23:32:08.000 +09,경기,로또모터스,389러8408,3,0,0,118.0081,0.0,0,0,
39171321,현대,싼타페 TM,디젤 2.0 2WD,인스퍼레이션,201905.0,2019,2379.0,102215.0,디젤,오토,ORIGINAL,일반,2025-03-19 23:32:08.000 +09,경기,(주)왕카,22소1054,0,0,2,0.0,0.0,0,0,
38604094,현대,더 뉴 싼타페,가솔린 2.5T 4WD,프리미엄,202102.0,2021,3999.0,68266.0,가솔린,오토,ORIGINAL,일반,2025-03-19 23:32:08.000 +09,대전,주식회사 디오토카,241두7055,0,0,2,0.0,0.0,1,0,
39089327,현대,싼타페 TM,가솔린 2.0T 4WD,인스퍼레이션,201808.0,2019,2200.0,117271.0,가솔린,오토,ORIGINAL,일반,2025-03-19 23:32:08.000 +09,경기,유카,45고5152,1,0,1,700.73,0.0,0,0,
39226474,현대,싼타페 더 프라임,디젤 2.0 2WD,모던,201509.0,2016,1330.0,48255.0,디젤,오토,ORIGINAL,일반,2025-03-19 23:32:08.000 +09,경기,이레카 오토모티브,62나0812,2,0,0,241.012,0.0,0,0,
39203695,현대,싼타페 TM,디젤 2.2 2WD,프레스티지,201808.0,2019,9999.0,142600.0,디젤,오토,ORIGINAL,일반,2025-03-19 23:32:02.000 +09,인천,주식회사홍차,67루1851,3,0,0,284.9419,0.0,0,0,
39074468,현대,싼타페 DM,디젤(e-VGT) 2.0 2WD 프리미엄,,201405.0,2015,1129.0,99540.0,디젤,오토,ORIGINAL,일반,2025-03-19 23:32:02.000 +09,경기,디엘모터스,26우2666,2,1,1,136.211,0.0,0,0,
38986545,현대,더 뉴 싼타페,디젤 2.2 4WD,프리미엄,202105.0,2021,2670.0,88574.0,디젤,오토,ORIGINAL,일반,2025-03-19 23:32:02.000 +09,경기,에이원모터스,186거8141,0,0,2,0.0,0.0,1,0,
38974339,현대,싼타페 (MX5),가솔린 2.5T 2WD,프레스티지,202311.0,2024,3530.0,11042.0,가솔린,오토,ORIGINAL,일반,2025-03-19 23:32:02.000 +09,전북,유카,275러8468,0,0,0,0.0,0.0,0,0,
38940961,현대,더 뉴 싼타페,가솔린 2.5T 2WD,캘리그래피,202301.0,2023,3290.0,25603.0,가솔린,오토,ORIGINAL,일반,2025-03-19 23:32:02.000 +09,서울,(주)아이오토마스터,334마3920,0,0,0,0.0,0.0,0,0,
39025534,현대,더 뉴 싼타페,디젤 2.2 2WD,프레스티지,202102.0,2021,2540.0,77677.0,디젤,오토,ORIGINAL,일반,2025-03-19 23:32:02.000 +09,서울,(주)뉴카뱅크,282라9340,1,0,1,125.676,0.0,0,0,
39269038,현대,더 뉴 싼타페,디젤 2.2 2WD,프리미엄 초이스,202102.0,2021,2190.0,124888.0,디젤,오토,ORIGINAL,일반,2025-03-19 23:32:02.000 +09,서울,제이스모터스,226마6710,2,5,1,148.4586,614.8211,1,0,
39209539,현대,싼타페 TM,디젤 2.0 2WD,익스클루시브,201907.0,2020,2050.0,90897.0,디젤,오토,ORIGINAL,일반,2025-03-19 23:32:02.000 +09,경기,CMM모터스,32너3617,1,0,2,46.251,0.0,0,0,
38251289,현대,더 뉴 싼타페,HEV 1.6 4WD,익스클루시브,202107.0,2022,2380.0,121033.0,가솔린+전기,오토,ORIGINAL,일반,2025-03-19 23:32:02.000 +09,인천,(주)에스에이치모터스,120구4754,0,0,2,0.0,0.0,1,0,
39200768,현대,더 뉴 싼타페,디젤 2.2 2WD,캘리그래피,202303.0,2023,3550.0,28304.0,디젤,오토,ORIGINAL,일반,2025-03-19 23:32:02.000 +09,서울,주식회사 나우모터스,131수4953,1,0,0,79.79,0.0,0,0,
39269094,현대,싼타페 (MX5),가솔린 2.5T 2WD,캘리그래피,202310.0,2024,4360.0,9113.0,가솔린,오토,ORIGINAL,일반,2025-03-19 23:32:02.000 +09,서울,(주)하이오토코리아,256고1453,1,0,0,95.7104,0.0,0,0,
39237316,현대,싼타페 TM,디젤 2.0 2WD,프레스티지,201903.0,2019,1900.0,130471.0,디젤,오토,ORIGINAL,일반,2025-03-19 23:31:30.000 +09,경기,다온자동차,37보3912,0,1,1,0.0,64.826,0,0,
39237293,현대,싼타페 TM,디젤 2.0 4WD,프레스티지,201906.0,2020,2430.0,73190.0,디젤,오토,ORIGINAL,일반,2025-03-19 23:31:30.000 +09,경기,다온자동차,57더5039,3,2,1,364.5292,399.5339,0,0,
39081909,현대,더 뉴 싼타페,가솔린 2.5T 2WD,프레스티지,202103.0,2021,2899.0,45845.0,가솔린,오토,ORIGINAL,일반,2025-03-19 23:31:17.000 +09,경기,제이원모터스,329수8064,0,1,0,0.0,36.649,0,0,
39215263,현대,싼타페 (MX5),가솔린 2.5T 2WD,프레스티지,202311.0,2024,3600.0,5427.0,가솔린,오토,ORIGINAL,일반,2025-03-19 23:31:10.000 +09,경기,오토플러스(주),178노6107,0,0,0,0.0,0.0,0,0,
39149053,현대,싼타페 (MX5),가솔린 2.5T 2WD,캘리그래피,202409.0,2025,4730.0,3005.0,가솔린,오토,ORIGINAL,일반,2025-03-19 23:31:10.000 +09,서울,킹모터스,237주6868,0,0,0,0.0,0.0,0,0,
39098767,현대,더 뉴 싼타페,가솔린 2.5T 2WD,프레스티지,202211.0,2023,2650.0,43442.0,가솔린,오토,ORIGINAL,일반,2025-03-19 23:31:10.000 +09,서울,비전모터스,344서7441,1,1,1,44.3319,479.9554,0,0,
38785189,현대,싼타페 TM,디젤 2.0 2WD,익스클루시브 스페셜,201807.0,2019,2230.0,52302.0,디젤,오토,ORIGINAL,일반,2025-03-19 23:31:10.000 +09,경기,(주)유로모터스,66저1276,3,0,3,145.628,0.0,0,0,
39042044,현대,더 뉴 싼타페,디젤 2.2 2WD,익스클루시브,202203.0,2022,2680.0,64264.0,디젤,오토,ORIGINAL,일반,2025-03-19 23:31:06.000 +09,부산,효성상사,316도3051,0,0,1,0.0,0.0,1,0,
38564285,현대,더 뉴 싼타페,디젤 2.2 2WD,프리미엄,202106.0,2021,2450.0,69012.0,디젤,오토,ORIGINAL,일반,2025-03-19 23:31:06.000 +09,부산,효성상사,192무7925,0,0,1,0.0,0.0,1,0,0.0
39220531,현대,더 뉴 싼타페,디젤 2.2 2WD,프리미엄 초이스,202102.0,2021,2490.0,67158.0,디젤,오토,ORIGINAL,일반,2025-03-19 23:31:06.000 +09,부산,효성상사,302수2326,0,0,1,0.0,0.0,1,0,
38664261,현대,더 뉴 싼타페,디젤 2.2 2WD,프레스티지,202007.0,2021,270.0,56026.0,디젤,오토,ORIGINAL,렌트,2025-03-19 23:31:02.000 +09,경기,블루오토,152호7146,0,0,0,0.0,0.0,0,0,
38999883,현대,더 뉴 싼타페,디젤 2.2 2WD,캘리그래피,202009.0,2021,2569.0,99579.0,디젤,오토,ORIGINAL,일반,2025-03-19 23:31:02.000 +09,경기,(주)왕카,104조4386,0,0,3,0.0,0.0,1,0,
38252350,현대,더 뉴 싼타페,디젤 2.2 2WD,프리미엄 초이스,202010.0,2021,3190.0,19582.0,디젤,오토,ORIGINAL,일반,2025-03-19 23:31:02.000 +09,경기,월드모터스,302보1917,1,0,0,92.571,0.0,0,0,
38752891,현대,싼타페 더 프라임,디젤 2.0 2WD,1 밀리언,201607.0,2017,1750.0,99005.0,디젤,오토,ORIGINAL,일반,2025-03-19 23:31:02.000 +09,경기,(주)최강모터스,16노0477,1,1,0,59.6727,154.942,0,0,
38676221,현대,더 뉴 싼타페,디젤 2.2 2WD,프리미엄,202009.0,2021,1945.0,121670.0,디젤,오토,ORIGINAL,일반,2025-03-19 23:31:02.000 +09,인천,디에이치모터스,232라3795,2,0,1,278.3802,0.0,1,0,
38928482,현대,싼타페 더 프라임,디젤 2.0 2WD,프리미엄,201703.0,2017,1320.0,143329.0,디젤,오토,ORIGINAL,일반,2025-03-19 23:31:02.000 +09,부산,이준카,53러7061,4,2,4,259.5949,192.756,0,0,
39227183,현대,싼타페 TM,디젤 2.0 2WD,익스클루시브 스페셜,201804.0,2019,2100.0,83852.0,디젤,오토,ORIGINAL,일반,2025-03-19 23:31:02.000 +09,대구,합천모터스,63가5797,0,0,1,0.0,0.0,0,0,
39172097,현대,싼타페 (MX5),가솔린 2.5T 2WD,캘리그래피,202407.0,2024,4290.0,5106.0,가솔린,오토,ORIGINAL,일반,2025-03-19 23:31:02.000 +09,경기,(주)준모터스,240머8071,0,1,0,0.0,0.0,0,0,
39221217,현대,싼타페 (MX5),가솔린 2.5T 2WD,캘리그래피,202312.0,2024,3750.0,20047.0,가솔린,오토,ORIGINAL,일반,2025-03-19 23:31:02.000 +09,경기,카카오토,206어5650,0,1,0,0.0,75.2935,0,0,
39026803,현대,싼타페 (MX5),HEV 1.6 2WD,캘리그래피,202409.0,2024,2986.0,2960.0,가솔린+전기,오토,ORIGINAL,렌트,2025-03-19 23:31:02.000 +09,경기,,229호5027,1,0,0,179.2749,0.0,0,0,
38985935,현대,싼타페 TM,가솔린 2.0T 2WD,익스클루시브,202004.0,2020,1939.0,112820.0,가솔린,오토,ORIGINAL,일반,2025-03-19 23:31:02.000 +09,서울,미소모터스,142너3758,2,0,2,129.3819,0.0,0,0,
39250128,현대,더 뉴 싼타페,디젤 2.2 4WD,프리미엄,202104.0,2021,2590.0,83121.0,디젤,오토,ORIGINAL,일반,2025-03-19 23:30:32.000 +09,광주,디에스모터스,112노6062,1,0,1,84.4664,0.0,1,0,
38892843,현대,더 뉴 싼타페,디젤 2.2 2WD,프레스티지,202012.0,2021,2580.0,79776.0,디젤,오토,ORIGINAL,일반,2025-03-19 23:30:12.000 +09,서울,참사랑 상사,322거4813,0,1,1,0.0,138.6059,0,0,
39249077,현대,싼타페 CM,2WD(2.0VGT) MLX,고급형,200905.0,2009,390.0,181864.0,디젤,오토,ORIGINAL,일반,2025-03-19 23:30:12.000 +09,충남,sb모터스,61조6240,1,1,2,339.25,99.61,1,0,
39129521,현대,싼타페 TM,디젤 2.0 2WD,프레스티지,201812.0,2019,9999.0,79631.0,디젤,오토,ORIGINAL,일반,2025-03-19 23:30:12.000 +09,광주,신한길모터스,23거5300,0,0,1,0.0,0.0,0,0,
39080347,현대,더 뉴 싼타페,디젤 2.2 2WD,프리미엄 초이스,202105.0,2021,2199.0,128067.0,디젤,오토,ORIGINAL,일반,2025-03-19 23:30:12.000 +09,충남,CAR유모터스,113로2784,1,2,1,71.9419,102.234,1,0,
38967737,현대,싼타페 (MX5),가솔린 2.5T 2WD,캘리그래피,202309.0,2024,3630.0,28821.0,가솔린,오토,ORIGINAL,일반,2025-03-19 23:30:12.000 +09,경기,코리아모터스,141서5200,0,0,1,0.0,0.0,0,0,
39190673,현대,싼타페 TM,디젤 2.0 2WD,익스클루시브 스페셜,201904.0,2019,2250.0,52759.0,디젤,오토,ORIGINAL,일반,2025-03-19 23:30:04.000 +09,대전,주식회사 블랙케이,248고6399,1,0,1,38.8404,0.0,1,0,
38097772,현대,싼타페 TM,가솔린 2.0T 2WD,익스클루시브 스페셜,201804.0,2019,1950.0,117485.0,가솔린,오토,ORIGINAL,일반,2025-03-19 23:30:04.000 +09,서울,(주)케이아우토,01우9517,3,0,1,209.4601,0.0,0,0,
39088967,현대,싼타페 TM,디젤 2.0 2WD,익스클루시브 스페셜,201809.0,2019,2060.0,72719.0,디젤,오토,ORIGINAL,일반,2025-03-19 23:30:04.000 +09,경기,차투차,56나1531,1,0,0,36.8514,0.0,0,0,
38632057,현대,더 뉴 싼타페,HEV 1.6 2WD,프레스티지,202108.0,2022,2700.0,92818.0,가솔린+전기,오토,ORIGINAL,일반,2025-03-19 23:30:04.000 +09,경기,차투차,181로2093,0,1,1,0.0,29.7687,1,0,
38502920,현대,싼타페 더 프라임,디젤 2.0 2WD,프리미엄,201509.0,2016,1299.0,147433.0,디젤,오토,ORIGINAL,일반,2025-03-19 23:30:04.000 +09,충남,CAR유모터스,62나0425,3,0,2,181.935,0.0,0,0,
39232610,현대,싼타페 DM,디젤(e-VGT) 2.0 2WD 익스클루시브,(세부등급 없음),201302.0,2013,850.0,161117.0,디젤,오토,ORIGINAL,일반,2025-03-19 23:30:04.000 +09,광주,(주)드림카마켓,24수1819,2,0,4,431.5276,0.0,0,0,
38927451,현대,싼타페 DM,디젤(e-VGT) 2.0 2WD 프리미엄,,201502.0,2015,1380.0,91353.0,디젤,오토,ORIGINAL,일반,2025-03-19 23:29:10.000 +09,충남,(주)유카 천안지점,14다1423,1,0,0,51.3908,0.0,0,0,
38307235,현대,더 뉴 싼타페,디젤 2.2 2WD,프레스티지,202008.0,2021,3290.0,60593.0,디젤,오토,ORIGINAL,일반,2025-03-19 23:29:10.000 +09,경기,타타모터스,270부5948,0,0,3,0.0,0.0,1,0,
38877162,현대,싼타페 TM,디젤 2.0 2WD,익스클루시브 스페셜,201806.0,2019,2150.0,86256.0,디젤,오토,ORIGINAL,일반,2025-03-19 23:29:10.000 +09,부산,오토플러스(주),14고8054,0,0,1,0.0,0.0,0,0,
39178025,현대,싼타페 TM,디젤 2.0 2WD,익스클루시브 스페셜,201901.0,2019,2199.0,81108.0,디젤,오토,ORIGINAL,일반,2025-03-19 23:29:10.000 +09,서울,(주) 한경자동차,69러4560,3,0,1,201.7523,0.0,0,0,
39030251,현대,싼타페 (MX5),가솔린 2.5T 2WD,캘리그래피,202402.0,2024,3150.0,15335.0,가솔린,오토,ORIGINAL,일반,2025-03-19 23:29:10.000 +09,경기,솔카,204노2764,1,0,2,0.0,0.0,1,0,
39031897,현대,싼타페 더 프라임,디젤 2.0 4WD,익스클루시브 스페셜,201508.0,2016,1340.0,155850.0,디젤,오토,ORIGINAL,일반,2025-03-19 23:29:10.000 +09,경남,풀악셀오토,69두7189,4,0,2,191.5013,0.0,0,0,
39223208,현대,싼타페 TM,디젤 2.0 2WD,프레스티지,201805.0,2019,2150.0,110094.0,디젤,오토,ORIGINAL,일반,2025-03-19 23:29:10.000 +09,경기,일등자동차,39더5271,1,0,2,269.1315,0.0,0,0,
39127716,현대,더 뉴 싼타페,디젤 2.2 2WD,프리미엄 초이스,202012.0,2021,2249.0,94754.0,디젤,오토,ORIGINAL,일반,2025-03-19 23:29:02.000 +09,경남,한우카,367무2955,1,1,1,2.0,111.153,0,0,
39108767,현대,싼타페 TM,디젤 2.0 2WD,익스클루시브 스페셜,201804.0,2019,2070.0,95292.0,디젤,오토,ORIGINAL,일반,2025-03-19 23:29:02.000 +09,경기,주식회사 현대상사,137러4641,3,1,4,544.7504,120.0,1,0,
39207683,현대,싼타페 TM,가솔린 2.0T 2WD,익스클루시브 스페셜,201904.0,2019,1840.0,98356.0,가솔린,오토,ORIGINAL,일반,2025-03-19 23:29:02.000 +09,경남,승리모터스(주식),162우2189,3,3,1,1104.4648,187.8299,1,0,
39191238,현대,더 뉴 싼타페,HEV 1.6 2WD,캘리그래피,202302.0,2023,3730.0,19726.0,가솔린+전기,오토,ORIGINAL,일반,2025-03-19 23:29:02.000 +09,경기,중앙 마스터카,357두4665,0,1,0,0.0,68.484,0,0,
39244792,현대,싼타페 TM,디젤 2.0 2WD,프리미엄,201811.0,2019,1630.0,111233.0,디젤,오토,ORIGINAL,일반,2025-03-19 23:29:02.000 +09,충남,(주)거상자동차,171러8579,3,0,2,760.0909,0.0,1,0,
39045647,현대,더 뉴 싼타페,가솔린 2.5T 2WD,프리미엄,202101.0,2021,9999.0,54982.0,가솔린,오토,ORIGINAL,일반,2025-03-19 23:29:02.000 +09,경기,일등자동차,242우8677,0,1,1,0.0,267.0368,1,0,
39262615,현대,더 뉴 싼타페,디젤 2.2 4WD,프리미엄 초이스,202104.0,2021,3450.0,28739.0,디젤,오토,ORIGINAL,일반,2025-03-19 23:29:02.000 +09,서울,(주)전진 모터스,378우4509,1,1,2,70.4383,94.6319,1,0,
39260586,현대,더 뉴 싼타페,가솔린 2.5T 2WD,프레스티지,202011.0,2021,2730.0,32631.0,가솔린,오토,ORIGINAL,일반,2025-03-19 23:29:02.000 +09,충남,해피카,273저5248,2,2,0,125.603,258.779,0,0,
39234343,현대,싼타페 DM,디젤(e-VGT) 2.0 2WD 프리미엄,,201305.0,2013,970.0,132373.0,디젤,오토,ORIGINAL,일반,2025-03-19 23:29:02.000 +09,경기,코리아모터스,61어8319,1,0,3,70.3624,0.0,0,0,
38648489,현대,더 뉴 싼타페,디젤 2.2 2WD,프레스티지,202007.0,2021,2850.0,67169.0,디젤,오토,ORIGINAL,일반,2025-03-19 23:29:02.000 +09,경기,차여사,337두3708,1,0,2,119.8983,0.0,0,0,
38935062,현대,싼타페 TM,디젤 2.0 2WD,인스퍼레이션,201810.0,2019,2160.0,148125.0,디젤,오토,ORIGINAL,일반,2025-03-19 23:29:02.000 +09,인천,착한중고차,14너9040,2,1,1,145.2942,59.3498,0,0,
39165311,현대,싼타페 더 프라임,디젤 2.0 2WD,프리미엄,201604.0,2016,1099.0,160340.0,디젤,오토,ORIGINAL,일반,2025-03-19 23:29:01.000 +09,부산,JJ모터스,32보0689,0,1,1,0.0,51.7,0,0,
39215556,현대,싼타페 DM,디젤(e-VGT) 2.0 4WD 프리미엄,,201211.0,2013,1229.0,100594.0,디젤,오토,ORIGINAL,일반,2025-03-19 23:29:01.000 +09,부산,JJ모터스,14머8695,2,1,4,74.4926,62.9978,0,0,
38338387,현대,더 뉴 싼타페,가솔린 2.5T 2WD,캘리그래피,202011.0,2021,3050.0,37900.0,가솔린,오토,ORIGINAL,일반,2025-03-19 23:28:11.000 +09,경기,에스아이모터스,359부9905,1,0,1,151.6137,0.0,0,0,
38938477,현대,더 뉴 싼타페,디젤 2.2 4WD,프레스티지,202010.0,2021,2390.0,128250.0,디젤,오토,ORIGINAL,일반,2025-03-19 23:28:11.000 +09,부산,오토플러스(주),307누9812,0,1,1,0.0,31.384,0,0,
39210812,현대,싼타페 TM,디젤 2.0 2WD,프리미엄,201812.0,2019,1940.0,75525.0,디젤,오토,ORIGINAL,일반,2025-03-19 23:28:11.000 +09,부산,오토플러스(주),12오4240,3,0,1,159.6957,0.0,0,0,
38700284,현대,더 뉴 싼타페,디젤 2.2 2WD,프레스티지,202009.0,2021,2220.0,60908.0,디젤,오토,ORIGINAL,일반,2025-03-19 23:28:11.000 +09,인천,중원모터스,358무6294,3,2,1,1095.5255,208.735,1,0,
39101529,현대,더 뉴 싼타페,가솔린 2.5T 2WD,캘리그래피,202110.0,2021,2950.0,63963.0,가솔린,오토,ORIGINAL,일반,2025-03-19 23:28:11.000 +09,서울,마루자동차,300두2130,1,0,0,0.0,0.0,0,0,
39159926,현대,싼타페 더 프라임,디젤 2.0 2WD,익스클루시브,201511.0,2016,1190.0,128657.0,디젤,오토,ORIGINAL,일반,2025-03-19 23:28:02.000 +09,경기,대한자동차,50너0151,3,1,3,837.726,400.0,0,0,
39124816,현대,싼타페 TM,디젤 2.0 2WD,익스클루시브,202001.0,2020,1800.0,149283.0,디젤,오토,ORIGINAL,일반,2025-03-19 23:28:02.000 +09,광주,오토플러스(주),112소9144,0,0,0,0.0,0.0,0,0,
39135521,현대,싼타페 TM,디젤 2.0 2WD,프레스티지,202001.0,2020,1949.0,117789.0,디젤,오토,ORIGINAL,일반,2025-03-19 23:28:02.000 +09,서울,미소모터스,114버9521,0,0,1,0.0,0.0,1,0,
38641696,현대,싼타페 TM,디젤 2.2 4WD,인스퍼레이션,201906.0,2020,3200.0,19424.0,디젤,오토,ORIGINAL,일반,2025-03-19 23:28:02.000 +09,인천,한진모터스,08너6489,1,0,1,102.327,0.0,0,0,
38440780,현대,싼타페 (MX5),HEV 1.6 2WD,캘리그래피,202404.0,2024,4950.0,4819.0,가솔린+전기,오토,ORIGINAL,일반,2025-03-19 23:28:02.000 +09,경기,월드모터스,175다7410,0,0,2,0.0,0.0,0,0,
39180740,현대,싼타페 (MX5),HEV 1.6 4WD,캘리그래피,202310.0,2024,4250.0,59716.0,가솔린+전기,오토,ORIGINAL,일반,2025-03-19 23:28:02.000 +09,경기,바바모터스,100주9986,0,0,2,0.0,0.0,0,0,
39168302,현대,싼타페 TM,디젤 2.2 2WD,인스퍼레이션,201912.0,2020,2450.0,92556.0,디젤,오토,ORIGINAL,일반,2025-03-19 23:28:02.000 +09,대구,(주) 모터스링크,279모9556,2,1,4,66.7934,95.181,1,0,
38799886,현대,싼타페 TM,디젤 2.2 2WD,익스클루시브,201911.0,2020,1860.0,144244.0,디젤,오토,ORIGINAL,일반,2025-03-19 23:28:02.000 +09,경기,(주)오토베이,141조2059,1,0,1,240.326,0.0,0,0,
39057411,현대,더 뉴 싼타페,디젤 2.2 2WD,캘리그래피,202009.0,2021,3150.0,49596.0,디젤,오토,ORIGINAL,일반,2025-03-19 23:28:02.000 +09,서울,153네트워크,267고2412,2,0,1,245.3132,0.0,1,0,
39049725,현대,더 뉴 싼타페,디젤 2.2 2WD,프레스티지,202106.0,2021,2386.0,79000.0,디젤,오토,ORIGINAL,리스,2025-03-19 23:28:02.000 +09,부산,,246보8480,0,0,0,0.0,0.0,0,0,
39033308,현대,싼타페 TM,가솔린 2.0T 4WD,익스클루시브,201907.0,2020,2390.0,43664.0,가솔린,오토,ORIGINAL,일반,2025-03-19 23:28:02.000 +09,경기,마스터카,13도6990,0,0,0,0.0,0.0,0,0,
39027553,현대,더 뉴 싼타페,디젤 2.2 2WD,프리미엄,202112.0,2021,2670.0,66528.0,디젤,오토,ORIGINAL,일반,2025-03-19 23:28:02.000 +09,경기,에이원모터스,243러1327,1,0,1,0.0,0.0,1,0,
39232090,현대,더 뉴 싼타페,디젤 2.2 2WD,캘리그래피,202106.0,2021,3300.0,67166.0,디젤,오토,ORIGINAL,일반,2025-03-19 23:28:02.000 +09,서울,주식회사더쿨모터스,375우6952,0,0,1,0.0,0.0,0,0,
39226271,현대,싼타페 더 프라임,디젤 2.0 2WD,밸류 플러스,201801.0,2018,1790.0,43064.0,디젤,오토,ORIGINAL,일반,2025-03-19 23:28:02.000 +09,대전,(주)중사모터스,52너8114,0,0,1,0.0,0.0,0,0,
39011655,현대,싼타페 (MX5),HEV 1.6 2WD,캘리그래피,202403.0,2024,4480.0,9932.0,가솔린+전기,오토,ORIGINAL,일반,2025-03-19 23:27:10.000 +09,인천,중원모터스,212우9579,0,0,0,0.0,0.0,0,0,
39257129,현대,싼타페 (MX5),HEV 1.6 2WD,익스클루시브,202410.0,2025,4050.0,2982.0,가솔린+전기,오토,ORIGINAL,일반,2025-03-19 23:27:10.000 +09,서울,킹모터스,182머2448,0,0,0,0.0,0.0,0,0,
39089572,현대,더 뉴 싼타페,디젤 2.2 2WD,프레스티지,202007.0,2021,2890.0,45269.0,디젤,오토,ORIGINAL,일반,2025-03-19 23:27:10.000 +09,충남,(주)유카,290머2338,0,1,1,0.0,32.478,0,0,
39184225,현대,싼타페 TM,가솔린 2.0T 2WD,익스클루시브 스페셜,201812.0,2019,2239.0,118690.0,가솔린,오토,ORIGINAL,일반,2025-03-19 23:27:10.000 +09,경기,벧엘자동차2,09무3929,0,2,2,0.0,183.179,0,0,
38233541,현대,더 뉴 싼타페,디젤 2.2 4WD,프리미엄 초이스,202009.0,2021,3350.0,87069.0,디젤,오토,ORIGINAL,일반,2025-03-19 23:27:10.000 +09,서울,(주)수덕모터스,228루5132,0,0,1,0.0,0.0,1,0,
38849781,현대,더 뉴 싼타페,HEV 1.6 2WD,프레스티지,202205.0,2022,3190.0,29826.0,가솔린+전기,오토,ORIGINAL,일반,2025-03-19 23:27:10.000 +09,경기,(주)준모터스,106우5278,0,0,1,0.0,0.0,0,0,
39169676,현대,더 뉴 싼타페,디젤 2.2 2WD,프리미엄 초이스,202007.0,2021,2232.0,89511.0,디젤,오토,ORIGINAL,렌트,2025-03-19 23:27:10.000 +09,경기,(주)박차컴퍼니,149호1218,0,0,1,0.0,0.0,0,0,
38863343,현대,싼타페 TM,디젤 2.0 2WD,프리미엄,201806.0,2019,1830.0,88006.0,디젤,오토,ORIGINAL,일반,2025-03-19 23:27:02.000 +09,대구,수성모터스,373도7154,0,1,2,0.0,56.447,1,0,
38813765,현대,더 뉴 싼타페,디젤 2.2 2WD,프레스티지,202012.0,2021,2199.0,100293.0,디젤,오토,ORIGINAL,일반,2025-03-19 23:27:02.000 +09,경기,청춘카,337누1764,2,1,1,277.6931,114.5188,1,0,
38758576,현대,싼타페 TM,디젤 2.0 2WD,익스클루시브,201901.0,2019,2150.0,47575.0,디젤,오토,ORIGINAL,일반,2025-03-19 23:27:02.000 +09,경기,오토플러스(주),05저5556,1,1,1,74.1346,62.63,0,0,
38447237,현대,싼타페 (MX5),가솔린 2.5T 2WD,프레스티지,202403.0,2024,3750.0,4644.0,가솔린,오토,ORIGINAL,일반,2025-03-19 23:27:02.000 +09,경기,월드모터스,140도8080,0,0,0,0.0,0.0,0,0,
38998096,현대,더 뉴 싼타페,디젤 2.2 2WD,프레스티지,202011.0,2021,2640.0,39170.0,디젤,오토,ORIGINAL,일반,2025-03-19 23:27:02.000 +09,인천,주식회사 시우자동차2,326수3139,1,0,1,61.9809,0.0,0,0,
39157921,현대,더 뉴 싼타페,가솔린 2.5T 2WD,캘리그래피,202101.0,2021,2940.0,72233.0,가솔린,오토,ORIGINAL,일반,2025-03-19 23:27:02.000 +09,경기,차투차,163누6750,1,1,0,68.554,96.2724,0,0,
39102598,현대,싼타페 (MX5),가솔린 2.5T 4WD,캘리그래피,202310.0,2024,4090.0,31305.0,가솔린,오토,ORIGINAL,일반,2025-03-19 23:27:02.000 +09,부산,카플릭스,173보2813,0,0,0,0.0,0.0,0,0,
39090301,현대,싼타페 TM,디젤 2.0 2WD,익스클루시브,202001.0,2020,1899.0,103958.0,디젤,오토,ORIGINAL,일반,2025-03-19 23:27:02.000 +09,서울,(주)아이오토스,236무7236,0,0,1,0.0,0.0,1,0,
39054229,현대,더 뉴 싼타페,디젤 2.2 4WD,캘리그래피,202008.0,2021,3250.0,110280.0,디젤,오토,ORIGINAL,일반,2025-03-19 23:27:02.000 +09,경기,오토피아,115오6461,2,1,0,169.4492,145.7271,0,0,
39031615,현대,싼타페 (MX5),가솔린 2.5T 2WD,프레스티지,202309.0,2024,3770.0,9081.0,가솔린,오토,ORIGINAL,일반,2025-03-19 23:27:02.000 +09,경기,㈜오토핸즈,156부8458,0,1,0,0.0,0.0,1,0,
38989316,현대,싼타페 TM,디젤 2.0 2WD,익스클루시브,201808.0,2019,1899.0,107012.0,디젤,오토,ORIGINAL,일반,2025-03-19 23:27:02.000 +09,대구,주식회사 만석,270거9891,0,0,1,0.0,0.0,1,0,
39194066,현대,싼타페 (MX5),HEV 1.6 4WD,캘리그래피,202401.0,2024,3999.0,10276.0,가솔린+전기,오토,ORIGINAL,일반,2025-03-19 23:26:58.000 +09,충남,베스트매매센터,164두4602,1,0,1,0.0,0.0,0,0,
39221297,현대,더 뉴 싼타페,디젤 2.2 2WD,프리미엄 초이스,202103.0,2021,2399.0,61203.0,디젤,오토,ORIGINAL,일반,2025-03-19 23:26:38.000 +09,경기,(주) 단암모터스,284나6197,0,0,2,0.0,0.0,1,0,
39044913,현대,더 뉴 싼타페,가솔린 2.5T 4WD,캘리그래피,202112.0,2021,3180.0,84527.0,가솔린,오토,ORIGINAL,일반,2025-03-19 23:26:10.000 +09,경기,㈜오토핸즈,141허8163,0,0,0,0.0,0.0,0,0,
39181352,현대,더 뉴 싼타페,가솔린 2.5T 2WD,캘리그래피,202306.0,2023,3600.0,41315.0,가솔린,오토,ORIGINAL,일반,2025-03-19 23:26:10.000 +09,경기,오토피아,108오5483,0,1,0,0.0,172.4849,0,0,
39226719,현대,더 뉴 싼타페,HEV 1.6 2WD,프레스티지,202111.0,2022,2950.0,60358.0,가솔린+전기,오토,ORIGINAL,일반,2025-03-19 23:26:10.000 +09,경기,(주)오토리카,111고9560,0,0,3,0.0,0.0,0,0,
38939553,현대,더 뉴 싼타페,디젤 2.2 4WD,프레스티지,202011.0,2021,2430.0,126259.0,디젤,오토,ORIGINAL,일반,2025-03-19 23:26:02.000 +09,부산,오토플러스(주),398러4392,1,0,1,61.8519,0.0,1,0,
38836586,현대,더 뉴 싼타페,HEV 1.6 2WD,프레스티지,202301.0,2023,3150.0,46388.0,가솔린+전기,오토,ORIGINAL,일반,2025-03-19 23:26:02.000 +09,부산,더 좋은차,229우1299,0,0,1,0.0,0.0,0,0,
38472033,현대,싼타페 DM,디젤(e-VGT) 2.0 2WD 익스클루시브,(세부등급 없음),201401.0,2014,1040.0,168522.0,디젤,오토,ORIGINAL,일반,2025-03-19 23:26:02.000 +09,대구,현대모터스,45소6973,1,1,3,66.2094,25.42,0,0,
37840612,현대,싼타페 더 프라임,디젤 2.0 4WD,익스클루시브,201510.0,2016,1650.0,80046.0,디젤,오토,ORIGINAL,일반,2025-03-19 23:26:02.000 +09,서울,(주)새롬모터스,21수0598,1,0,2,60.9808,0.0,0,0,
38210444,현대,싼타페 TM,가솔린 2.0T 2WD,익스클루시브,201911.0,2020,2230.0,53426.0,가솔린,오토,ORIGINAL,일반,2025-03-19 23:26:02.000 +09,서울,(주)자동차친구,258다1616,1,0,2,16.667,0.0,0,0,
39074153,현대,싼타페 TM,디젤 2.2 2WD,익스클루시브,201812.0,2019,1900.0,111616.0,디젤,오토,ORIGINAL,일반,2025-03-19 23:26:02.000 +09,충남,지에스카넷,171다5879,0,0,2,0.0,0.0,1,0,
39129978,현대,더 뉴 싼타페,디젤 2.2 4WD,익스클루시브,202202.0,2022,5566.0,67391.0,디젤,오토,ORIGINAL,일반,2025-03-19 23:26:02.000 +09,경기,에이원모터스,197어9739,1,0,1,55.2353,0.0,1,0,
39114815,현대,더 뉴 싼타페,디젤 2.2 4WD,프레스티지,202101.0,2021,2599.0,102694.0,디젤,오토,ORIGINAL,일반,2025-03-19 23:26:02.000 +09,경기,(주)왕카,107우9454,1,1,2,207.165,129.7544,1,0,
39106057,현대,더 뉴 싼타페,가솔린 2.5T 4WD,캘리그래피,202212.0,2023,3690.0,26229.0,가솔린,오토,ORIGINAL,일반,2025-03-19 23:26:02.000 +09,경기,(주)왕카,185소1813,0,0,1,0.0,0.0,0,0,
39210626,현대,더 뉴 싼타페,디젤 2.2 2WD,익스클루시브,202209.0,2022,2700.0,61758.0,디젤,오토,ORIGINAL,일반,2025-03-19 23:26:02.000 +09,경기,비케이(BK)모터스,244어7203,0,1,1,0.0,133.54,1,0,
39262622,현대,더 뉴 싼타페,디젤 2.2 4WD,프리미엄 초이스,202103.0,2021,3120.0,66901.0,디젤,오토,ORIGINAL,일반,2025-03-19 23:26:02.000 +09,경기,에이원모터스,300러4369,0,0,1,0.0,0.0,1,0,
39221333,현대,싼타페 TM,가솔린 2.0T 2WD,익스클루시브,201907.0,2020,1990.0,105204.0,가솔린,오토,ORIGINAL,일반,2025-03-19 23:26:02.000 +09,인천,(주)시우자동차,07수2111,4,1,1,369.2337,62.1483,0,0,
39221656,현대,싼타페 더 프라임,디젤 2.0 2WD,익스클루시브,201510.0,2016,1480.0,154901.0,디젤,오토,ORIGINAL,일반,2025-03-19 23:26:02.000 +09,대구,일등모터스,53소8436,2,4,3,229.0519,317.4397,0,0,
39076951,현대,더 뉴 싼타페,가솔린 2.5T 2WD,캘리그래피,202101.0,2021,2590.0,55094.0,가솔린,오토,ORIGINAL,일반,2025-03-19 23:25:10.000 +09,인천,코카스모터스,181너2050,2,1,0,2381.1061,361.2104,0,0,
38976932,현대,더 뉴 싼타페,디젤 2.2 4WD,캘리그래피,202107.0,2021,3330.0,87965.0,디젤,오토,ORIGINAL,일반,2025-03-19 23:25:10.000 +09,경기,(주)왕카,134고6554,3,3,1,336.387,463.5116,0,0,
38382978,현대,더 뉴 싼타페,디젤 2.2 2WD,프레스티지,202009.0,2021,2240.0,110663.0,디젤,오토,ORIGINAL,일반,2025-03-19 23:25:10.000 +09,광주,유한회사예림모터스,113수3245,0,1,4,0.0,157.7795,1,0,
38772506,현대,싼타페 TM,디젤 2.0 2WD,프레스티지,201912.0,2020,2080.0,63977.0,디젤,오토,ORIGINAL,일반,2025-03-19 23:25:10.000 +09,경기,(주)준모터스,124다4137,5,3,3,444.4276,337.45,0,0,
38589592,현대,싼타페 TM,디젤 2.0 2WD,프레스티지,201906.0,2020,2100.0,88161.0,디젤,오토,ORIGINAL,일반,2025-03-19 23:25:10.000 +09,광주,주)타요,03노4020,1,2,1,23.251,256.2482,0,0,
38526898,현대,더 뉴 싼타페,HEV 1.6 2WD,캘리그래피,202204.0,2022,3590.0,39618.0,가솔린+전기,오토,ORIGINAL,일반,2025-03-19 23:25:10.000 +09,충남,유카,109거9627,0,0,1,0.0,0.0,0,0,
38530263,현대,싼타페 더 프라임,디젤 2.2 4WD,익스클루시브 스페셜,201512.0,2016,1490.0,103603.0,디젤,오토,ORIGINAL,일반,2025-03-19 23:25:10.000 +09,대전,(주)케이제이모터스,63우0626,2,0,5,427.8843,0.0,0,0,
37814535,현대,싼타페 (MX5),가솔린 2.5T 4WD,프레스티지,202311.0,2024,3700.0,11606.0,가솔린,오토,ORIGINAL,일반,2025-03-19 23:25:03.000 +09,서울,(주)강남세종모터스,296마8197,1,0,0,114.3489,0.0,0,0,
38377118,현대,더 뉴 싼타페,가솔린 2.5T 4WD,캘리그래피,202103.0,2021,3200.0,86723.0,가솔린,오토,ORIGINAL,일반,2025-03-19 23:25:03.000 +09,인천,(주)에이엠지모터스,268머8081,1,1,1,29.544,36.5918,1,0,
38607612,현대,싼타페 TM,가솔린 2.0T 2WD,익스클루시브,202004.0,2020,2490.0,68496.0,가솔린,오토,ORIGINAL,일반,2025-03-19 23:25:03.000 +09,충남,유카,275서5046,2,0,1,205.7715,0.0,0,0,
39138111,현대,더 뉴 싼타페,디젤 2.2 4WD,프레스티지,202209.0,2022,3590.0,40551.0,디젤,오토,ORIGINAL,일반,2025-03-19 23:25:03.000 +09,인천,케이모터스,330두9477,0,0,1,0.0,0.0,0,0,
38867695,현대,싼타페 TM,디젤 2.0 2WD,프레스티지,201906.0,2020,2160.0,93827.0,디젤,오토,ORIGINAL,일반,2025-03-19 23:25:03.000 +09,경기,(주)오토웨이,41가1145,0,1,1,0.0,35.8935,0,0,
39160219,현대,싼타페 TM,가솔린 2.0T 2WD,프레스티지,201907.0,2020,2350.0,81611.0,가솔린,오토,ORIGINAL,일반,2025-03-19 23:25:03.000 +09,부산,카플릭스,29러7757,2,0,2,88.3766,0.0,0,0,
39122606,현대,더 뉴 싼타페,디젤 2.2 2WD,프리미엄 초이스,202012.0,2021,2650.0,13841.0,디젤,오토,ORIGINAL,일반,2025-03-19 23:25:03.000 +09,인천,오토플러스(주),167나3076,1,1,2,74.6,58.6109,1,0,
39254920,현대,싼타페 TM,디젤 2.2 2WD,프레스티지,201809.0,2019,2590.0,39526.0,디젤,오토,ORIGINAL,일반,2025-03-19 23:25:03.000 +09,충남,드림오토,361주7445,0,0,2,0.0,0.0,1,0,
39233910,현대,싼타페 더 프라임,디젤 2.0 2WD,프리미엄,201508.0,2016,999.0,154072.0,디젤,오토,ORIGINAL,일반,2025-03-19 23:25:03.000 +09,광주,드림카마켓,11부2339,0,0,2,0.0,0.0,0,0,
39180761,현대,싼타페 (MX5),가솔린 2.5T 2WD,프레스티지,202410.0,2024,3850.0,1702.0,가솔린,오토,ORIGINAL,일반,2025-03-19 23:25:03.000 +09,경기,(주)준모터스,388라3692,0,0,1,0.0,0.0,0,0,
39246575,현대,싼타페 더 프라임,디젤 2.0 2WD,프리미엄,201802.0,2018,1249.0,168569.0,디젤,오토,ORIGINAL,일반,2025-03-19 23:25:03.000 +09,충남,드림모터스,244두7815,2,2,4,214.8382,244.9042,1,0,
38176977,현대,싼타페 더 프라임,디젤 2.0 2WD,익스클루시브 스페셜,201507.0,2016,1450.0,81153.0,디젤,오토,ORIGINAL,일반,2025-03-19 23:25:03.000 +09,경기,(주)세기자동차,11부5179,3,6,5,267.8448,466.2758,0,0,
39192432,현대,싼타페 TM,디젤 2.2 4WD,익스클루시브,201803.0,2019,2100.0,96784.0,디젤,오토,ORIGINAL,일반,2025-03-19 23:24:13.000 +09,인천,오토그린,02무9162,0,0,3,0.0,0.0,0,0,
39118120,현대,싼타페 더 프라임,디젤 2.0 2WD,프리미엄,201805.0,2018,1650.0,59704.0,디젤,오토,ORIGINAL,일반,2025-03-19 23:24:13.000 +09,인천,뉴AK모터스,61다3381,2,0,2,252.1892,0.0,0,0,
39216272,현대,싼타페 더 프라임,디젤 2.0 2WD,모던,201603.0,2016,1570.0,59385.0,디젤,오토,ORIGINAL,일반,2025-03-19 23:24:13.000 +09,경기,오토플러스(주),18오0637,0,0,0,0.0,0.0,0,0,
39231285,현대,싼타페 (MX5),HEV 1.6 2WD,프레스티지,202312.0,2024,3950.0,19291.0,가솔린+전기,오토,ORIGINAL,일반,2025-03-19 23:24:13.000 +09,경기,(주)에스비즈,233두1541,1,0,1,58.7509,0.0,0,0,
39214245,현대,더 뉴 싼타페,디젤 2.2 2WD,프레스티지,202103.0,2021,2190.0,135153.0,디젤,오토,ORIGINAL,일반,2025-03-19 23:24:13.000 +09,경기,㈜오토핸즈,232노1816,0,0,0,0.0,0.0,0,0,
39149375,현대,싼타페 TM,디젤 2.0 4WD,프레스티지,201807.0,2019,2240.0,93689.0,디젤,오토,ORIGINAL,일반,2025-03-19 23:24:13.000 +09,경기,제이디모터스,61구2947,0,1,1,0.0,97.844,0,0,
38913197,현대,싼타페 TM,디젤 2.0 2WD,프리미엄,202001.0,2020,2080.0,61651.0,디젤,오토,ORIGINAL,일반,2025-03-19 23:24:13.000 +09,서울,오토플러스(주),157하2958,0,0,0,0.0,0.0,0,0,
38727674,현대,더 뉴 싼타페,디젤 2.2 2WD,프레스티지,202202.0,2022,2830.0,75151.0,디젤,오토,ORIGINAL,일반,2025-03-19 23:24:13.000 +09,서울,등촌매매단지,113구7247,0,0,1,0.0,0.0,0,0,
38795201,현대,싼타페 TM,디젤 2.0 2WD,프리미엄,201807.0,2019,1620.0,110467.0,디젤,오토,ORIGINAL,일반,2025-03-19 23:24:13.000 +09,경기,마니카,119머6601,2,0,1,210.101,0.0,1,0,
38029561,현대,싼타페 CM,2WD(2.0 e-VGT) MLX,럭셔리,201203.0,2012,690.0,106016.0,디젤,오토,ORIGINAL,일반,2025-03-19 23:24:03.000 +09,인천,뉴정우모터스,25마3405,0,2,1,0.0,180.266,0,0,
38798305,현대,더 뉴 싼타페,디젤 2.2 4WD,프리미엄,202011.0,2021,2439.0,70502.0,디젤,오토,ORIGINAL,일반,2025-03-19 23:24:03.000 +09,경기,설레임 오토모티브,165나5594,0,0,1,0.0,0.0,1,0,
39063575,현대,싼타페 TM,디젤 2.0 2WD,익스클루시브 스페셜,201810.0,2019,2290.0,44915.0,디젤,오토,ORIGINAL,일반,2025-03-19 23:24:03.000 +09,서울,(주)프라임 모터스,46소4844,0,0,1,0.0,0.0,0,0,
39062436,현대,싼타페 TM,가솔린 2.0T 4WD,인스퍼레이션,201903.0,2019,2550.0,83296.0,가솔린,오토,ORIGINAL,일반,2025-03-19 23:24:03.000 +09,서울,시원모터스,279도9598,1,2,3,67.6325,118.4538,1,0,
39164579,현대,싼타페 더 프라임,디젤 2.0 2WD,프리미엄,201605.0,2016,1230.0,136996.0,디젤,오토,ORIGINAL,일반,2025-03-19 23:24:03.000 +09,경기,중고차마트,29조0834,0,0,3,0.0,0.0,0,0,
38715581,현대,더 뉴 싼타페,디젤 2.2 2WD,프리미엄 초이스,202009.0,2021,2319.0,57080.0,디젤,오토,ORIGINAL,일반,2025-03-19 23:24:03.000 +09,대구,부부모터스,199어7216,1,0,2,0.0,0.0,1,0,
39243368,현대,더 뉴 싼타페,가솔린 2.5T 4WD,프레스티지,202203.0,2022,2840.0,148310.0,가솔린,오토,ORIGINAL,일반,2025-03-19 23:24:03.000 +09,서울,뮤카(주) 가양지점,109주2612,0,0,1,0.0,0.0,1,0,
39237240,현대,싼타페 TM,디젤 2.0 2WD,프레스티지,202002.0,2020,2270.0,59690.0,디젤,오토,ORIGINAL,일반,2025-03-19 23:24:03.000 +09,광주,오토핸즈 광주직영점,150하8898,0,1,0,0.0,74.1317,0,0,
39229117,현대,싼타페 TM,디젤 2.0 2WD,프레스티지,201806.0,2019,1620.0,185658.0,디젤,오토,ORIGINAL,일반,2025-03-19 23:24:03.000 +09,서울,미소모터스,05더6473,2,0,5,239.856,0.0,0,0,
39254284,현대,싼타페 더 프라임,디젤 2.0 2WD,밸류 플러스,201706.0,2018,1750.0,113580.0,디젤,오토,ORIGINAL,일반,2025-03-19 23:24:03.000 +09,대구,바른모터스,39루5687,0,0,2,0.0,0.0,0,0,
39220138,현대,싼타페 DM,디젤(e-VGT) 2.0 2WD 프리미엄,,201412.0,2015,1160.0,83756.0,디젤,오토,ORIGINAL,일반,2025-03-19 23:24:03.000 +09,인천,참좋은모터스,22조9595,2,0,1,291.5496,0.0,0,0,
39179256,현대,싼타페 (MX5),가솔린 2.5T 2WD,프레스티지,202401.0,2024,3870.0,8854.0,가솔린,오토,ORIGINAL,일반,2025-03-19 23:24:03.000 +09,대구,뉴현대모터스,391보8445,0,1,1,0.0,79.1774,0,0,
39148897,현대,더 뉴 싼타페,디젤 2.2 4WD,프리미엄,202101.0,2021,2290.0,112657.0,디젤,오토,ORIGINAL,일반,2025-03-19 23:23:13.000 +09,경기,차투차,152호2439,0,0,0,0.0,0.0,0,0,
38826386,현대,싼타페 더 프라임,디젤 2.0 2WD,1 밀리언,201612.0,2017,1530.0,94502.0,디젤,오토,ORIGINAL,일반,2025-03-19 23:23:13.000 +09,경기,킹카,58조3081,3,1,3,280.292,284.8565,0,0,
37257521,현대,싼타페 더 프라임,가솔린 2.0 터보 4WD,밸류 플러스,201705.0,2018,1770.0,56342.0,가솔린,오토,ORIGINAL,일반,2025-03-19 23:23:13.000 +09,서울,(주)카웨이,228가6720,0,1,4,0.0,366.434,2,0,
39091455,현대,싼타페 TM,디젤 2.0 4WD,프리미엄,201803.0,2019,1650.0,115043.0,디젤,오토,ORIGINAL,일반,2025-03-19 23:23:13.000 +09,인천,범스카,261더2538,0,0,1,0.0,0.0,1,0,
39172790,현대,싼타페 DM,디젤(e-VGT) 2.0 2WD 익스클루시브,(세부등급 없음),201501.0,2015,1100.0,157114.0,디젤,오토,ORIGINAL,일반,2025-03-19 23:23:05.000 +09,인천,주식회사 투게더카,47어9729,5,4,2,668.558,214.3296,0,0,
38929130,현대,싼타페 TM,디젤 2.0 2WD,프리미엄,201810.0,2019,1850.0,77987.0,디젤,오토,ORIGINAL,일반,2025-03-19 23:23:05.000 +09,경기,오토프라임,46다4940,1,1,7,317.677,45.5975,0,0,
38816421,현대,더 뉴 싼타페,가솔린 2.5T 2WD,프레스티지,202212.0,2023,3290.0,14981.0,가솔린,오토,ORIGINAL,일반,2025-03-19 23:23:05.000 +09,경기,수원SKV1뉴스타,320다8190,0,0,1,0.0,0.0,0,0,
39211215,현대,싼타페 TM,디젤 2.0 2WD,프레스티지,201806.0,2019,2390.0,66817.0,디젤,오토,ORIGINAL,일반,2025-03-19 23:23:05.000 +09,경기,건모터스 풍동,115노6190,0,0,1,0.0,0.0,1,0,
39246876,현대,싼타페 CM,2WD(2.0 e-VGT) MLX,럭셔리,200911.0,2010,420.0,154971.0,디젤,오토,ORIGINAL,일반,2025-03-19 23:23:05.000 +09,경기,브라더샵,23오4706,5,1,1,444.7134,65.8,0,0,
39231517,현대,싼타페 DM,디젤(e-VGT) 2.0 2WD 프리미엄,,201406.0,2015,1290.0,62671.0,디젤,오토,ORIGINAL,일반,2025-03-19 23:23:05.000 +09,서울,(주)에스에이치모터,18거9657,0,0,3,0.0,0.0,0,0,
39089135,현대,더 뉴 싼타페,가솔린 2.5T 2WD,익스클루시브,202307.0,2023,2950.0,19023.0,가솔린,오토,ORIGINAL,일반,2025-03-19 23:23:05.000 +09,경기,블루오토,174수2530,0,0,0,0.0,0.0,0,0,
39069348,현대,더 뉴 싼타페,디젤 2.2 2WD,캘리그래피,202302.0,2023,3720.0,24552.0,디젤,오토,ORIGINAL,일반,2025-03-19 23:23:05.000 +09,경기,(주)유카,128두6424,1,0,1,98.1389,0.0,0,0,
39076835,현대,싼타페 TM,디젤 2.2 2WD,익스클루시브,201805.0,2019,1960.0,127923.0,디젤,오토,ORIGINAL,일반,2025-03-19 23:23:05.000 +09,인천,(주)시우자동차,28구5564,2,1,1,113.938,24.8518,0,0,
39002221,현대,싼타페 (MX5),HEV 1.6 2WD,익스클루시브,202407.0,2024,3750.0,14022.0,가솔린+전기,오토,ORIGINAL,일반,2025-03-19 23:23:05.000 +09,인천,(주)지후모터스,117너7858,0,0,0,0.0,0.0,0,0,
39037841,현대,싼타페 TM,디젤 2.0 2WD,익스클루시브,201810.0,2019,9999.0,62619.0,디젤,오토,ORIGINAL,일반,2025-03-19 23:23:05.000 +09,인천,올바른자동차,53가1706,0,0,1,0.0,0.0,0,0,
38003513,현대,싼타페 (MX5),HEV 1.6 2WD,캘리그래피,202311.0,2024,3840.0,10867.0,가솔린+전기,오토,ORIGINAL,일반,2025-03-19 23:23:05.000 +09,충북,(주)더챔,233부8526,0,0,1,0.0,0.0,0,0,
38664387,현대,싼타페 TM,가솔린 2.0T 4WD,인스퍼레이션,201811.0,2019,2830.0,64641.0,가솔린,오토,ORIGINAL,일반,2025-03-19 23:23:05.000 +09,대전,(주)안모터스,02더6577,1,0,1,51.5769,0.0,0,0,
38440131,현대,더 뉴 싼타페,디젤 2.2 4WD,프리미엄 초이스,202009.0,2021,2970.0,86740.0,디젤,오토,ORIGINAL,일반,2025-03-19 23:23:05.000 +09,경기,에이원모터스,322서1799,0,0,1,0.0,0.0,1,0,
39148550,현대,싼타페 더 프라임,디젤 2.0 2WD,익스클루시브 스페셜,201601.0,2016,1620.0,81983.0,디젤,오토,ORIGINAL,일반,2025-03-19 23:22:47.000 +09,서울,(주)광현,45서0589,3,0,0,131.91,0.0,0,0,
39040343,현대,더 뉴 싼타페,디젤 2.2 2WD,프리미엄 초이스,202007.0,2021,9999.0,107652.0,디젤,오토,ORIGINAL,일반,2025-03-19 23:22:03.000 +09,서울,대디모터스,367거8044,1,1,1,38.3299,97.4,0,0,
38216770,현대,더 뉴 싼타페,디젤 2.2 2WD,캘리그래피,202010.0,2021,2699.0,85627.0,디젤,오토,ORIGINAL,일반,2025-03-19 23:20:24.000 +09,대전,제이더블유,199도4907,0,0,1,0.0,0.0,1,0,
39223967,현대,더 뉴 싼타페,디젤 2.2 2WD,프리미엄,202102.0,2021,2360.0,71084.0,디젤,오토,ORIGINAL,일반,2025-03-19 23:19:18.000 +09,대전,디오토몰 로마자동차,122서4843,0,0,1,0.0,0.0,1,0,
39208625,현대,싼타페 더 프라임,디젤 2.0 2WD,익스클루시브,201703.0,2017,1390.0,157211.0,디젤,오토,ORIGINAL,일반,2025-03-19 23:19:06.000 +09,울산,다인모터스,01너9366,1,1,1,62.8606,536.3712,0,0,
38546553,현대,싼타페 TM,디젤 2.0 2WD,익스클루시브,202001.0,2020,2099.0,66043.0,디젤,오토,ORIGINAL,일반,2025-03-19 23:17:48.000 +09,충북,우리모터스,326무9447,0,0,4,0.0,0.0,1,0,
39265702,현대,싼타페 (MX5),HEV 1.6 2WD,프레스티지 플러스,202409.0,2025,4499.0,15022.0,가솔린+전기,오토,ORIGINAL,일반,2025-03-19 23:17:40.000 +09,부산,(주)에이스타모터스,304부7539,0,0,0,0.0,0.0,0,0,
39221476,현대,더 뉴 싼타페,디젤 2.2 4WD,프리미엄,202106.0,2021,2975.0,83579.0,디젤,오토,ORIGINAL,일반,2025-03-19 23:17:05.000 +09,광주,포인트모터스,362두2172,0,0,1,0.0,0.0,1,0,
38021786,현대,더 뉴 싼타페,디젤 2.2 2WD,프리미엄 초이스,202007.0,2021,2999.0,48513.0,디젤,오토,ORIGINAL,일반,2025-03-19 23:17:05.000 +09,광주,포인트모터스,399조2693,0,0,2,0.0,0.0,1,0,
39249170,현대,더 뉴 싼타페,HEV 1.6 4WD,프레스티지,202109.0,2022,3895.0,75253.0,가솔린+전기,오토,ORIGINAL,일반,2025-03-19 23:17:05.000 +09,광주,포인트모터스,261너3556,1,0,0,66.5719,0.0,0,0,
38734818,현대,싼타페 TM,디젤 2.0 4WD,익스클루시브,201910.0,2020,2199.0,76915.0,디젤,오토,ORIGINAL,일반,2025-03-19 23:15:08.000 +09,인천,조이카모터스,338버8520,1,0,1,107.0,0.0,0,0,
39019848,현대,싼타페 더 프라임,디젤 2.0 2WD,익스클루시브,201507.0,2016,1370.0,138615.0,디젤,오토,ORIGINAL,일반,2025-03-19 23:14:52.000 +09,전북,우진모터스,34가0190,2,0,1,116.333,0.0,0,0,
39242971,현대,더 뉴 싼타페,가솔린 2.5T 2WD,프리미엄 초이스,202111.0,2021,2490.0,62756.0,가솔린,오토,ORIGINAL,일반,2025-03-19 23:14:18.000 +09,서울,(주)엘비모터스,109주2606,0,0,1,0.0,0.0,1,0,
39120791,현대,싼타페 더 프라임,디젤 2.0 2WD,익스클루시브 스페셜,201507.0,2016,1650.0,69011.0,디젤,오토,ORIGINAL,일반,2025-03-19 23:14:07.000 +09,대구,우성모터스,69주3014,1,5,8,13.9993,857.041,1,0,
39270683,현대,싼타페 TM,디젤 2.0 4WD,프레스티지,201803.0,2019,2220.0,116000.0,디젤,오토,ORIGINAL,일반,2025-03-19 23:11:33.000 +09,서울,(주)뉴카뱅크,63가9307,2,2,1,124.1952,137.5195,0,0,
39220057,현대,싼타페 더 프라임,디젤 2.0 2WD,프리미엄,201801.0,2018,1320.0,102925.0,디젤,오토,ORIGINAL,일반,2025-03-19 23:11:07.000 +09,서울,(주)윤카,142누9918,3,0,7,138.5024,0.0,2,0,
39225632,현대,더 뉴 싼타페,가솔린 2.5T 2WD,프레스티지,202012.0,2021,2950.0,49364.0,가솔린,오토,ORIGINAL,일반,2025-03-19 23:10:31.000 +09,경기,(주)정직한놈들,154너9397,0,0,4,0.0,0.0,0,0,
39164627,현대,싼타페 TM,디젤 2.0 2WD,익스클루시브,201808.0,2019,2099.0,48673.0,디젤,오토,ORIGINAL,일반,2025-03-19 23:09:08.000 +09,경기,뉴코리아모터스,314저9260,1,0,3,45.9509,0.0,1,0,
39172661,현대,싼타페 TM,디젤 2.0 2WD,프레스티지,201908.0,2020,2180.0,72277.0,디젤,오토,ORIGINAL,일반,2025-03-19 23:08:53.000 +09,전북,우리모터스,225거5795,0,0,2,0.0,0.0,1,0,
39261927,현대,싼타페 TM,디젤 2.0 2WD,익스클루시브,201803.0,2019,1950.0,93542.0,디젤,오토,ORIGINAL,일반,2025-03-19 23:08:31.000 +09,경기,주식회사 리드옥션,329버6179,0,0,1,0.0,0.0,1,0,
39204896,현대,싼타페 DM,디젤(e-VGT) 2.0 4WD 익스클루시브,(세부등급 없음),201505.0,2015,920.0,187126.0,디젤,오토,ORIGINAL,일반,2025-03-19 23:07:31.000 +09,경기,(주)모터프라자,11보9659,1,2,1,751.2308,830.77,0,0,
39118303,현대,더 뉴 싼타페,HEV 1.6 2WD,캘리그래피,202107.0,2022,2850.0,105587.0,가솔린+전기,오토,ORIGINAL,일반,2025-03-19 23:06:30.000 +09,경기,오토허브셀카,367보2757,1,1,1,82.9806,22.267,0,0,
38586262,현대,싼타페 TM,가솔린 2.0T 2WD,익스클루시브 스페셜,201805.0,2019,1999.0,116388.0,가솔린,오토,ORIGINAL,일반,2025-03-19 23:06:25.000 +09,부산,바른카,46노5636,3,1,2,312.9161,48.3364,0,0,
38756937,현대,싼타페 TM,디젤 2.0 2WD,프레스티지,201907.0,2020,1980.0,127981.0,디젤,오토,ORIGINAL,일반,2025-03-19 23:06:06.000 +09,부산,신아오토모빌,180라7193,0,0,1,0.0,0.0,1,0,
39220763,현대,더 뉴 싼타페,HEV 1.6 2WD,캘리그래피,202303.0,2023,3875.0,26618.0,가솔린+전기,오토,ORIGINAL,일반,2025-03-19 23:05:28.000 +09,대구,에이스모터스,209서6852,0,0,0,0.0,0.0,0,0,
38575957,현대,싼타페 TM,디젤 2.2 2WD,익스클루시브,201806.0,2019,1889.0,137135.0,디젤,오토,ORIGINAL,일반,2025-03-19 23:04:51.000 +09,대구,영모터스,19가1450,1,0,2,80.27,0.0,0,0,
38974034,현대,더 뉴 싼타페,HEV 1.6 4WD,프레스티지,202108.0,2022,3059.0,90087.0,가솔린+전기,오토,ORIGINAL,일반,2025-03-19 23:03:24.000 +09,경기,오토프라임,165너4569,0,0,1,0.0,0.0,1,0,
38521756,현대,더 뉴 싼타페,디젤 2.2 2WD,프리미엄,202008.0,2021,2199.0,110306.0,디젤,오토,ORIGINAL,일반,2025-03-19 23:03:24.000 +09,경기,오토프라임,240수7250,0,0,2,0.0,0.0,1,0,
38982022,현대,더 뉴 싼타페,HEV 1.6 4WD,프레스티지,202110.0,2022,2999.0,115400.0,가솔린+전기,오토,ORIGINAL,일반,2025-03-19 23:03:24.000 +09,경기,오토프라임,246우9576,0,0,1,0.0,0.0,1,0,
39043959,현대,싼타페 TM,디젤 2.0 2WD,인스퍼레이션,201809.0,2019,2390.0,94950.0,디젤,오토,ORIGINAL,일반,2025-03-19 23:02:49.000 +09,부산,S1 motors,22더3767,2,0,1,55.4415,0.0,0,0,
38654088,현대,싼타페 TM,디젤 2.0 2WD,익스클루시브 스페셜,201904.0,2019,2299.0,77738.0,디젤,오토,ORIGINAL,일반,2025-03-19 23:02:48.000 +09,경기,(주)왕카,20머1346,2,2,1,169.205,143.056,0,0,
39106776,현대,싼타페 TM,가솔린 2.0T 4WD,인스퍼레이션,201907.0,2020,2850.0,58374.0,가솔린,오토,ORIGINAL,일반,2025-03-19 23:02:48.000 +09,경기,(주)왕카,02주6996,1,0,0,257.5615,0.0,0,0,
38599020,현대,싼타페 더 프라임,디젤 2.0 2WD,익스클루시브,201511.0,2016,1400.0,101391.0,디젤,오토,ORIGINAL,일반,2025-03-19 23:02:03.000 +09,인천,(주)케이엠모터스,23무0694,0,1,1,0.0,167.94,0,0,
39199799,현대,싼타페 더 프라임,디젤 2.0 4WD,익스클루시브 스페셜,201610.0,2017,1690.0,148452.0,디젤,오토,ORIGINAL,일반,2025-03-19 23:01:53.000 +09,서울,㈜화성모터스,11주0230,1,0,2,78.8,0.0,0,0,
38684413,현대,더 뉴 싼타페,HEV 1.6 2WD,익스클루시브,202203.0,2022,2900.0,48964.0,가솔린+전기,오토,ORIGINAL,일반,2025-03-19 23:01:16.000 +09,서울,피스모터스,186로1987,2,1,1,390.7194,91.2578,0,0,
38774764,현대,더 뉴 싼타페,디젤 2.2 2WD,익스클루시브,202202.0,2022,2580.0,72446.0,디젤,오토,ORIGINAL,일반,2025-03-19 23:00:55.000 +09,광주,앤탑모터스,104더3938,2,2,1,72.32,207.2487,0,0,
38702076,현대,싼타페 (MX5),HEV 1.6 2WD,캘리그래피,202401.0,2024,4350.0,10067.0,가솔린+전기,오토,ORIGINAL,일반,2025-03-19 23:00:17.000 +09,경기,(주)달인중고차,380너6895,1,0,1,157.0,0.0,0,0,
38723180,현대,싼타페 (MX5),가솔린 2.5T 4WD,캘리그래피,202401.0,2024,4450.0,17231.0,가솔린,오토,ORIGINAL,일반,2025-03-19 23:00:17.000 +09,경기,(주)달인중고차,342루8268,1,0,1,59.3009,0.0,0,0,
38624482,현대,싼타페 TM,디젤 2.2 2WD,프레스티지,201904.0,2019,2460.0,57569.0,디젤,오토,ORIGINAL,일반,2025-03-19 23:00:16.000 +09,대구,일번가모터스,24나4599,0,0,0,0.0,0.0,0,0,
38811787,현대,싼타페 더 프라임,디젤 2.0 2WD,익스클루시브,201609.0,2017,1250.0,90922.0,디젤,오토,ORIGINAL,일반,2025-03-19 22:59:06.000 +09,서울,주식회사 에스씨오토,03두0643,2,0,1,453.9278,0.0,0,0,
39137372,현대,싼타페 TM,디젤 2.0 2WD,프리미엄,201807.0,2019,2099.0,34612.0,디젤,오토,ORIGINAL,일반,2025-03-19 22:57:48.000 +09,부산,(주)더 뉴 서비스,01무1741,0,0,1,0.0,0.0,0,0,
39175036,현대,싼타페 TM,디젤 2.0 2WD,프리미엄,201901.0,2019,1790.0,126214.0,디젤,오토,ORIGINAL,일반,2025-03-19 22:57:02.000 +09,대전,엠오토월드 주식회사,133서3418,1,1,1,60.1228,98.0695,1,0,
39173642,현대,싼타페 TM,디젤 2.0 2WD,인스퍼레이션,201810.0,2019,9999.0,84797.0,디젤,오토,ORIGINAL,일반,2025-03-19 22:57:02.000 +09,부산,J Car,61도6480,1,0,1,129.836,0.0,0,0,
38768598,현대,싼타페 더 프라임,디젤 2.0 2WD,프리미엄,201506.0,2016,1530.0,72570.0,디젤,오토,ORIGINAL,일반,2025-03-19 22:55:10.000 +09,울산,더블유오토,23로5932,1,0,0,17.363,0.0,0,0,
38992667,현대,싼타페 더 프라임,디젤 2.0 2WD,익스클루시브,201606.0,2016,1399.0,139646.0,디젤,오토,ORIGINAL,일반,2025-03-19 22:55:04.000 +09,대구,오토위더스,57도0732,1,0,5,59.9821,0.0,0,0,
39207562,현대,싼타페 더 프라임,디젤 2.0 4WD,프리미엄,201605.0,2016,1040.0,184585.0,디젤,오토,ORIGINAL,일반,2025-03-19 22:55:02.000 +09,경기,블루오토,50로0922,1,0,0,367.694,0.0,0,0,
39061278,현대,싼타페 TM,디젤 2.0 2WD,프리미엄,201810.0,2019,1770.0,112554.0,디젤,오토,ORIGINAL,일반,2025-03-19 22:53:29.000 +09,경기,신원자동차매매상사,186우5403,0,2,3,0.0,240.5964,1,0,
38967401,현대,더 뉴 싼타페,디젤 2.2 4WD,캘리그래피,202308.0,2023,3640.0,67485.0,디젤,오토,ORIGINAL,일반,2025-03-19 22:51:36.000 +09,인천,보배모터스,104다7442,0,0,1,0.0,0.0,0,0,
38983735,현대,더 뉴 싼타페,가솔린 2.5T 2WD,프리미엄 초이스,202101.0,2021,2550.0,63066.0,가솔린,오토,ORIGINAL,일반,2025-03-19 22:51:09.000 +09,경남,세진모터스,317두7080,1,0,2,177.742,0.0,1,0,
39263783,현대,더 뉴 싼타페,가솔린 2.5T 4WD,캘리그래피,202012.0,2021,2690.0,114014.0,가솔린,오토,ORIGINAL,일반,2025-03-19 22:51:02.000 +09,서울,참사랑 상사,326노8349,0,0,1,0.0,0.0,1,0,
39207695,현대,싼타페 (MX5),가솔린 2.5T 2WD,캘리그래피,202308.0,2024,4190.0,22797.0,가솔린,오토,ORIGINAL,일반,2025-03-19 22:50:54.000 +09,경기,대한모터스매매상사,219부6911,0,0,1,0.0,0.0,0,0,
38483321,현대,싼타페 TM,디젤 2.0 2WD,익스클루시브,201910.0,2020,2250.0,77800.0,디젤,오토,ORIGINAL,일반,2025-03-19 22:50:48.000 +09,전북,마이카,223라6261,0,0,1,0.0,0.0,1,0,
39177266,현대,더 뉴 싼타페,디젤 2.2 2WD,프레스티지,202008.0,2021,2290.0,109346.0,디젤,오토,ORIGINAL,일반,2025-03-19 22:50:48.000 +09,전북,마이카,102너4571,0,0,1,0.0,0.0,1,0,
39251899,현대,싼타페 DM,디젤(e-VGT) 2.0 2WD 프리미엄,,201312.0,2014,1020.0,148817.0,디젤,오토,ORIGINAL,일반,2025-03-19 22:50:44.000 +09,대구,타요모터스,50라3079,5,0,4,584.9019,0.0,0,0,
39217364,현대,더 뉴 싼타페,디젤 2.2 2WD,프레스티지,202011.0,2021,2090.0,107323.0,디젤,오토,ORIGINAL,일반,2025-03-19 22:50:03.000 +09,경기,지오모터스,134머5744,2,0,0,452.5261,0.0,2,0,
38699053,현대,싼타페 TM,디젤 2.0 2WD,익스클루시브 스페셜,201901.0,2019,2350.0,61785.0,디젤,오토,ORIGINAL,일반,2025-03-19 22:49:42.000 +09,광주,가람모터스,40서5770,1,0,1,89.7234,0.0,0,0,
38894078,현대,더 뉴 싼타페,가솔린 2.5T 2WD,프레스티지,202202.0,2022,2650.0,86644.0,가솔린,오토,ORIGINAL,일반,2025-03-19 22:49:42.000 +09,광주,가람모터스,365소8900,2,0,0,78.1082,0.0,0,0,
39071781,현대,싼타페 CM,2WD(2.2VGT) MLX,고급형,200808.0,2009,450.0,198156.0,디젤,오토,ORIGINAL,일반,2025-03-19 22:49:40.000 +09,광주,가람모터스,42오2973,4,4,2,308.6249,467.027,0,0,
39266384,현대,더 뉴 싼타페,디젤 2.2 2WD,프레스티지,202008.0,2021,3490.0,34182.0,디젤,오토,ORIGINAL,일반,2025-03-19 22:48:32.000 +09,경기,베스트자동차,169루9975,0,0,0,0.0,0.0,0,0,
39179279,현대,더 뉴 싼타페,디젤 2.2 2WD,프리미엄 초이스,202012.0,2021,2550.0,71830.0,디젤,오토,ORIGINAL,일반,2025-03-19 22:48:11.000 +09,충북,(주)이조은모터스,261더2501,0,0,2,0.0,0.0,1,0,
39262216,현대,싼타페 (MX5),가솔린 2.5T 2WD,캘리그래피,202311.0,2024,3200.0,20000.0,가솔린,오토,ORIGINAL,리스,2025-03-19 22:48:03.000 +09,서울,,146머7373,0,0,0,0.0,0.0,0,0,
38740268,현대,더 뉴 싼타페,가솔린 2.5T 2WD,프레스티지,202101.0,2021,2890.0,25654.0,가솔린,오토,ORIGINAL,일반,2025-03-19 22:48:03.000 +09,서울,오토플러스(주),333다3171,0,0,1,0.0,0.0,0,0,
39190775,현대,싼타페 TM,디젤 2.0 2WD,프레스티지,201902.0,2019,2230.0,84053.0,디젤,오토,ORIGINAL,일반,2025-03-19 22:47:20.000 +09,부산,박준표중고차,67러6211,0,0,0,0.0,0.0,0,0,
39114901,현대,더 뉴 싼타페,디젤 2.2 2WD,프레스티지,202012.0,2021,2400.0,106211.0,디젤,오토,ORIGINAL,일반,2025-03-19 22:46:42.000 +09,경기,이십일세기모터스,182더7301,0,0,0,0.0,0.0,0,0,
38312384,현대,싼타페 더 프라임,디젤 2.0 2WD,익스클루시브,201602.0,2016,1690.0,93000.0,디젤,오토,ORIGINAL,일반,2025-03-19 22:45:56.000 +09,전북,무지개모터스,12모9074,1,2,2,39.765,83.6651,0,0,
39188082,현대,싼타페 CM,2WD(2.0VGT) SLX,고급형,200711.0,2008,280.0,226948.0,디젤,오토,ORIGINAL,일반,2025-03-19 22:45:22.000 +09,대전,대전1번중고차오토,53주5222,3,4,5,182.937,818.6599,0,0,
38966219,현대,더 뉴 싼타페,디젤 2.2 4WD,캘리그래피,202009.0,2021,2920.0,103170.0,디젤,오토,ORIGINAL,일반,2025-03-19 22:44:43.000 +09,울산,극동모터스,155너4659,1,0,2,59.3,0.0,0,0,
39177331,현대,싼타페 TM,디젤 2.0 2WD,익스클루시브,201810.0,2019,2090.0,51345.0,디젤,오토,ORIGINAL,일반,2025-03-19 22:44:11.000 +09,경기,더케이 모터스,04고3974,5,2,5,373.5841,84.542,0,0,
39015630,현대,더 뉴 싼타페,가솔린 2.5T 2WD,캘리그래피,202110.0,2021,3020.0,49721.0,가솔린,오토,ORIGINAL,일반,2025-03-19 22:43:14.000 +09,부산,부산모터스,157모3212,0,0,1,0.0,0.0,0,0,
38644763,현대,싼타페 TM,디젤 2.0 2WD,인스퍼레이션,201812.0,2019,2430.0,98747.0,디젤,오토,ORIGINAL,일반,2025-03-19 22:43:02.000 +09,충북,(주)이조은모터스,30오3974,2,2,2,157.262,144.1094,0,0,
39270520,현대,싼타페 TM,가솔린 2.0T 2WD,프리미엄,201809.0,2019,1990.0,102336.0,가솔린,오토,ORIGINAL,일반,2025-03-19 22:42:32.000 +09,대구,정인 모터스,17나9163,1,0,2,54.3268,0.0,0,0,
37886807,현대,싼타페 DM,디젤(e-VGT) 2.0 2WD 프리미엄,,201301.0,2013,880.0,157486.0,디젤,오토,ORIGINAL,일반,2025-03-19 22:42:15.000 +09,전북,AUTO SHOP,65우9979,1,2,7,616.5176,463.7748,0,0,
39149640,현대,더 뉴 싼타페,디젤 2.2 2WD,프리미엄,202009.0,2021,2090.0,125220.0,디젤,오토,ORIGINAL,일반,2025-03-19 22:42:02.000 +09,경기,착한자동차,246소6690,0,0,2,0.0,0.0,1,0,
39204852,현대,싼타페 더 프라임,디젤 2.0 2WD,프리미엄,201507.0,2016,1380.0,108489.0,디젤,오토,ORIGINAL,일반,2025-03-19 22:41:58.000 +09,대전,이엘모터스,11모3492,2,1,1,370.8997,105.6312,0,0,
38756025,현대,더 뉴 싼타페,디젤 2.2 2WD,프레스티지,202008.0,2021,2299.0,97276.0,디젤,오토,ORIGINAL,일반,2025-03-19 22:41:00.000 +09,경기,(주)왕카,222누7417,1,0,1,53.6772,0.0,1,0,
38712448,현대,더 뉴 싼타페,가솔린 2.5T 2WD,프레스티지,202011.0,2021,2549.0,55046.0,가솔린,오토,ORIGINAL,일반,2025-03-19 22:41:00.000 +09,경기,(주)왕카,240더3183,1,0,2,83.688,0.0,0,0,
38300982,현대,싼타페 더 프라임,디젤 2.0 2WD,프리미엄,201601.0,2016,1180.0,155262.0,디젤,오토,ORIGINAL,일반,2025-03-19 22:40:56.000 +09,충북,골드모터스,56저0213,1,1,1,64.572,82.489,0,0,
39191875,현대,싼타페 TM,가솔린 2.0T 4WD,인스퍼레이션,201901.0,2019,2350.0,85413.0,가솔린,오토,ORIGINAL,일반,2025-03-19 22:40:25.000 +09,광주,(주)뉴오케이모터스,13다8844,2,0,2,306.282,0.0,0,0,
39042762,현대,더 뉴 싼타페,가솔린 2.5T 2WD,익스클루시브,202306.0,2023,2780.0,30862.0,가솔린,오토,ORIGINAL,일반,2025-03-19 22:40:25.000 +09,광주,(주)뉴오케이모터스,277버2050,2,0,2,193.011,0.0,0,0,
39225619,현대,싼타페 TM,디젤 2.2 2WD,프레스티지,201906.0,2020,2490.0,72659.0,디젤,오토,ORIGINAL,일반,2025-03-19 22:39:57.000 +09,경기,에스제이모터스,40조7839,1,0,1,168.4319,0.0,0,0,
39007441,현대,싼타페 DM,디젤(e-VGT) 2.0 2WD 익스클루시브,(세부등급 없음),201502.0,2015,1095.0,144600.0,디젤,오토,ORIGINAL,일반,2025-03-19 22:39:22.000 +09,서울,(주)더뉴한솔모터스,36도4076,2,0,1,63.134,0.0,0,0,
39062544,현대,싼타페 TM,디젤 2.2 2WD,인스퍼레이션,201902.0,2019,2430.0,83991.0,디젤,오토,ORIGINAL,일반,2025-03-19 22:38:13.000 +09,대구,오토플러스(주),33나9951,1,0,1,107.798,0.0,0,0,
39040249,현대,싼타페 TM,가솔린 2.0T 2WD,프레스티지,202005.0,2020,2349.0,72163.0,가솔린,오토,ORIGINAL,일반,2025-03-19 22:38:05.000 +09,대구,(주)유카 대구지점,369보2765,2,1,0,115.5339,0.0,0,0,
39112375,현대,싼타페 TM,디젤 2.0 2WD,익스클루시브,201807.0,2019,1790.0,133303.0,디젤,오토,ORIGINAL,일반,2025-03-19 22:38:05.000 +09,대구,(주)유카 대구지점,372버5382,1,2,2,52.9073,95.7116,1,0,
39089078,현대,더 뉴 싼타페,HEV 1.6 2WD,캘리그래피,202212.0,2023,3690.0,14710.0,가솔린+전기,오토,ORIGINAL,일반,2025-03-19 22:38:05.000 +09,대구,(주)유카 대구지점,159가9127,1,1,0,70.449,91.691,0,0,
38785073,현대,싼타페 TM,디젤 2.0 2WD,익스클루시브,201807.0,2019,1688.0,175345.0,디젤,오토,ORIGINAL,일반,2025-03-19 22:37:36.000 +09,충남,착한중고차,64로8410,1,0,0,54.5135,0.0,0,0,
39018405,현대,싼타페 TM,디젤 2.2 4WD,프레스티지,201803.0,2019,2550.0,63786.0,디젤,오토,ORIGINAL,일반,2025-03-19 22:36:54.000 +09,경기,세계자동차,05머4521,1,1,2,88.3119,52.119,0,0,
39176213,현대,더 뉴 싼타페,HEV 1.6 2WD,캘리그래피,202210.0,2022,3240.0,54215.0,가솔린+전기,오토,ORIGINAL,일반,2025-03-19 22:36:50.000 +09,대구,K Car 대구지점,133조1971,2,3,1,162.479,1097.997,0,0,
39085772,현대,싼타페 TM,디젤 2.0 2WD,인스퍼레이션,201905.0,2020,2680.0,60506.0,디젤,오토,ORIGINAL,일반,2025-03-19 22:36:50.000 +09,대구,K Car 대구지점,48수4761,1,0,1,48.59,0.0,0,0,
39145516,현대,싼타페 더 프라임,디젤 2.0 2WD,1 밀리언,201704.0,2018,1650.0,133867.0,디젤,오토,ORIGINAL,일반,2025-03-19 22:36:34.000 +09,부산,연제모터스,335고2204,2,0,4,126.4719,0.0,2,0,
39049970,현대,싼타페 더 프라임,디젤 2.0 2WD,프리미엄,201511.0,2016,1350.0,127971.0,디젤,오토,ORIGINAL,일반,2025-03-19 22:36:34.000 +09,부산,연제모터스,22거0851,1,4,1,162.57,548.3672,0,0,
39064582,현대,싼타페 TM,가솔린 2.0T 2WD,인스퍼레이션,201906.0,2020,2820.0,67992.0,가솔린,오토,ORIGINAL,일반,2025-03-19 22:36:04.000 +09,경기,스카이모터스,104오7034,0,0,2,0.0,0.0,1,0,
38944066,현대,싼타페 TM,디젤 2.0 2WD,익스클루시브 스페셜,201811.0,2019,1970.0,110025.0,디젤,오토,ORIGINAL,일반,2025-03-19 22:33:40.000 +09,부산,원모터스,43거2155,1,0,1,99.6,0.0,0,0,
39107472,현대,싼타페 더 프라임,디젤 2.0 2WD,익스클루시브,201603.0,2016,1470.0,114292.0,디젤,오토,ORIGINAL,일반,2025-03-19 22:33:39.000 +09,부산,원모터스,16조0627,0,1,2,0.0,68.342,0,0,
39103220,현대,싼타페 더 프라임,디젤 2.0 2WD,스마트,201708.0,2018,1290.0,76156.0,디젤,오토,ORIGINAL,일반,2025-03-19 22:33:32.000 +09,경기,(주)모던카,05더3571,2,1,1,142.5953,224.6165,0,0,
38387817,현대,더 뉴 싼타페,디젤 2.2 4WD,프리미엄,202008.0,2021,2549.0,102002.0,디젤,오토,ORIGINAL,일반,2025-03-19 22:32:40.000 +09,경기,홈카,104다4175,0,0,3,0.0,0.0,1,0,
39184623,현대,싼타페 TM,가솔린 2.0T 2WD,프레스티지,202003.0,2020,2680.0,61224.0,가솔린,오토,ORIGINAL,일반,2025-03-19 22:32:38.000 +09,경기,유일오토,230더6491,0,0,2,0.0,0.0,0,0,
38409120,현대,더 뉴 싼타페,디젤 2.2 2WD,프레스티지,202209.0,2022,3050.0,37889.0,디젤,오토,ORIGINAL,일반,2025-03-19 22:32:36.000 +09,울산,호호모터스,364수3983,1,1,0,45.73,59.4381,0,0,
39224124,현대,싼타페 CM,2WD(2.0 e-VGT) MLX,럭셔리,201003.0,2010,599.0,180440.0,디젤,오토,ORIGINAL,일반,2025-03-19 22:32:04.000 +09,대구,성운모터스,62버2310,1,1,4,52.332,230.434,0,0,
39259978,현대,더 뉴 싼타페,HEV 1.6 2WD,캘리그래피,202107.0,2022,3550.0,45272.0,가솔린+전기,오토,ORIGINAL,일반,2025-03-19 22:31:50.000 +09,부산,재경모터스,223도7984,1,0,0,41.5039,0.0,0,0,
38805016,현대,더 뉴 싼타페,디젤 2.2 2WD,프레스티지,202009.0,2021,2345.0,91629.0,디젤,오토,ORIGINAL,일반,2025-03-19 22:31:37.000 +09,광주,행운자동차,113수3241,0,0,4,0.0,0.0,1,0,
39244463,현대,싼타페 TM,디젤 2.0 4WD,익스클루시브,202002.0,2020,2190.0,108218.0,디젤,오토,ORIGINAL,일반,2025-03-19 22:31:26.000 +09,대구,육일자동차상사,285더8826,1,0,2,91.0161,0.0,0,0,
39153988,현대,더 뉴 싼타페,디젤 2.2 2WD,프레스티지,202010.0,2021,2930.0,44186.0,디젤,오토,ORIGINAL,일반,2025-03-19 22:30:12.000 +09,대전,(주)청담모터스,363노5981,2,2,1,183.4484,137.4549,0,0,
37910563,현대,싼타페 TM,가솔린 2.0T 4WD,프레스티지,201908.0,2020,2750.0,25594.0,가솔린,오토,ORIGINAL,일반,2025-03-19 22:28:53.000 +09,경기,유일상사,41버8095,1,1,0,62.661,67.3719,0,0,
38913671,현대,더 뉴 싼타페,가솔린 2.5T 4WD,캘리그래피,202210.0,2023,3860.0,15147.0,가솔린,오토,ORIGINAL,일반,2025-03-19 22:28:33.000 +09,서울,피스모터스,398오2914,0,0,1,0.0,0.0,1,0,
38995471,현대,싼타페 (MX5),가솔린 2.5T 2WD,프레스티지 플러스,202411.0,2025,3980.0,487.0,가솔린,오토,ORIGINAL,일반,2025-03-19 22:28:33.000 +09,서울,피스모터스,282우6918,1,0,0,0.0,0.0,0,0,
38785106,현대,싼타페 TM,가솔린 2.0T 2WD,익스클루시브,202003.0,2020,1930.0,142814.0,가솔린,오토,ORIGINAL,일반,2025-03-19 22:28:04.000 +09,부산,힘찬자동차,230더6456,2,1,2,92.6673,26.4379,0,0,
38521066,현대,더 뉴 싼타페,디젤 2.2 2WD,익스클루시브,202306.0,2023,2630.0,71012.0,디젤,오토,ORIGINAL,일반,2025-03-19 22:27:49.000 +09,경기,더 뉴스타상사,239마3231,0,0,1,0.0,0.0,1,0,
39065989,현대,더 뉴 싼타페,가솔린 2.5T 4WD,캘리그래피,202207.0,2022,3230.0,79879.0,가솔린,오토,ORIGINAL,일반,2025-03-19 22:27:49.000 +09,경기,더 뉴스타상사,144소2529,1,0,1,81.703,0.0,0,0,
39089154,현대,싼타페 TM,디젤 2.0 2WD,익스클루시브,202002.0,2020,2560.0,19698.0,디젤,오토,ORIGINAL,일반,2025-03-19 22:25:46.000 +09,대구,오토플러스(주),108누9922,1,0,0,117.1088,0.0,0,0,
39178450,현대,싼타페 DM,디젤(e-VGT) 2.0 2WD 익스클루시브,(세부등급 없음),201309.0,2014,1340.0,99590.0,디젤,오토,ORIGINAL,일반,2025-03-19 22:25:45.000 +09,대구,오토플러스(주),67루3868,1,0,0,78.832,0.0,0,0,
39224715,현대,더 뉴 싼타페,가솔린 2.5T 2WD,프리미엄 초이스,202012.0,2021,2580.0,74177.0,가솔린,오토,ORIGINAL,일반,2025-03-19 22:25:45.000 +09,대구,오토플러스(주),360두5479,1,0,0,91.6,0.0,0,0,
38137690,현대,싼타페 (MX5),HEV 1.6 2WD,캘리그래피,202401.0,2024,4028.0,11321.0,가솔린+전기,오토,ORIGINAL,렌트,2025-03-19 22:25:23.000 +09,충남,지에스카넷,196하1524,0,0,0,0.0,0.0,0,0,
39196881,현대,더 뉴 싼타페,디젤 2.2 4WD,프리미엄,202103.0,2021,2730.0,83258.0,디젤,오토,ORIGINAL,일반,2025-03-19 22:24:49.000 +09,광주,(주)자동차이야기,362두2187,0,0,1,0.0,0.0,1,0,
39243189,현대,싼타페 (MX5),HEV 1.6 2WD,캘리그래피,202408.0,2024,4550.0,5569.0,가솔린+전기,오토,ORIGINAL,일반,2025-03-19 22:24:49.000 +09,광주,(주)자동차이야기,175서1033,0,0,1,0.0,0.0,0,0,
39033051,현대,싼타페 TM,디젤 2.0 2WD,익스클루시브,202002.0,2020,1990.0,99824.0,디젤,오토,ORIGINAL,일반,2025-03-19 22:23:43.000 +09,대전,뉴대부자동차(주),174너8614,3,3,1,630.9982,425.6959,0,0,
39090383,현대,더 뉴 싼타페,디젤 2.2 2WD,프레스티지,202104.0,2021,2590.0,73955.0,디젤,오토,ORIGINAL,일반,2025-03-19 22:23:43.000 +09,대전,뉴대부자동차(주),269구6295,2,0,3,320.5714,0.0,1,0,
39189922,현대,싼타페 더 프라임,디젤 2.0 2WD,프리미엄,201510.0,2016,1570.0,86826.0,디젤,오토,ORIGINAL,일반,2025-03-19 22:22:30.000 +09,충북,누리모터스,23거4785,0,0,1,0.0,0.0,0,0,
38871157,현대,싼타페 TM,디젤 2.2 2WD,익스클루시브,201808.0,2019,1990.0,92685.0,디젤,오토,ORIGINAL,일반,2025-03-19 22:22:05.000 +09,경기,주식회사 오토엠,46루5798,0,1,3,0.0,177.97,0,0,
39234834,현대,싼타페 TM,디젤 2.0 2WD,익스클루시브,201807.0,2019,1950.0,85736.0,디젤,오토,ORIGINAL,일반,2025-03-19 22:22:04.000 +09,경기,주식회사 오토엠,366가3254,0,2,1,0.0,368.4774,1,0,
38861405,현대,싼타페 (MX5),HEV 1.6 2WD,익스클루시브,202310.0,2023,3690.0,30680.0,가솔린+전기,오토,ORIGINAL,일반,2025-03-19 22:22:04.000 +09,경기,주식회사 오토엠,329더8039,0,1,1,0.0,96.3393,1,0,
38274449,현대,더 뉴 싼타페,가솔린 2.5T 4WD,캘리그래피,202206.0,2022,9999.0,31957.0,가솔린,오토,ORIGINAL,일반,2025-03-19 22:22:04.000 +09,경기,주식회사 오토엠,117고4034,0,0,3,0.0,0.0,0,0,
38717002,현대,더 뉴 싼타페,디젤 2.2 2WD,프레스티지,202011.0,2021,2790.0,57687.0,디젤,오토,ORIGINAL,일반,2025-03-19 22:22:04.000 +09,경기,주식회사 오토엠,249거7248,1,0,1,337.039,0.0,1,0,
38372362,현대,더 뉴 싼타페,디젤 2.2 2WD,캘리그래피,202009.0,2021,9999.0,27371.0,디젤,오토,ORIGINAL,일반,2025-03-19 22:22:03.000 +09,경기,주식회사 오토엠,108라4338,2,0,1,206.8302,0.0,0,0,
38748229,현대,싼타페 TM,디젤 2.0 2WD,익스클루시브 스페셜,201803.0,2019,1690.0,155991.0,디젤,오토,ORIGINAL,일반,2025-03-19 22:22:03.000 +09,경기,주식회사 오토엠,52다3632,1,0,3,94.16,0.0,0,0,
38453984,현대,싼타페 TM,디젤 2.0 2WD,익스클루시브 스페셜,201803.0,2019,2050.0,77670.0,디젤,오토,ORIGINAL,일반,2025-03-19 22:22:03.000 +09,경기,주식회사 오토엠,50너8572,2,0,1,359.1977,0.0,0,0,
38540216,현대,더 뉴 싼타페,HEV 1.6 2WD,캘리그래피,202210.0,2023,3390.0,42681.0,가솔린+전기,오토,ORIGINAL,일반,2025-03-19 22:22:03.000 +09,경기,주식회사 오토엠,349서5808,2,1,0,406.6684,105.349,0,0,
39255519,현대,싼타페 더 프라임,디젤 2.0 2WD,익스클루시브,201601.0,2016,1310.0,132746.0,디젤,오토,ORIGINAL,일반,2025-03-19 22:21:54.000 +09,대구,카컴퍼니,20머0596,2,1,2,44.0,0.0,0,0,
38394182,현대,싼타페 DM,디젤(e-VGT) 2.0 2WD 익스클루시브,(세부등급 없음),201406.0,2015,1150.0,114092.0,디젤,오토,ORIGINAL,일반,2025-03-19 22:20:49.000 +09,대구,카뱅크모터스,26고5518,2,1,2,93.0588,53.175,0,0,
39058615,현대,더 뉴 싼타페,디젤 2.2 4WD,프레스티지,202008.0,2021,2699.0,109493.0,디젤,오토,ORIGINAL,일반,2025-03-19 22:20:31.000 +09,경기,다산다모터스,271조4226,0,0,2,0.0,0.0,1,0,
39031012,현대,싼타페 TM,디젤 2.0 2WD,프리미엄,201911.0,2020,1950.0,78433.0,디젤,오토,ORIGINAL,일반,2025-03-19 22:18:59.000 +09,경기,봄모터스,204소4147,0,0,2,0.0,0.0,1,0,
38891641,현대,더 뉴 싼타페,디젤 2.2 2WD,프리미엄 초이스,202106.0,2021,2290.0,74500.0,디젤,오토,ORIGINAL,일반,2025-03-19 22:18:57.000 +09,대구,원모터스,228수5695,0,1,2,0.0,57.5769,1,0,
39159533,현대,싼타페 더 프라임,디젤 2.0 2WD,프리미엄,201606.0,2016,1140.0,169184.0,디젤,오토,ORIGINAL,일반,2025-03-19 22:18:57.000 +09,대구,원모터스,397구2115,0,1,3,0.0,0.0,1,0,
39181232,현대,싼타페 (MX5),HEV 1.6 2WD,프레스티지,202410.0,2024,3980.0,26287.0,가솔린+전기,오토,ORIGINAL,일반,2025-03-19 22:18:56.000 +09,대구,원모터스,169저2985,0,0,1,0.0,0.0,1,0,
39022358,현대,더 뉴 싼타페,HEV 1.6 4WD,캘리그래피,202303.0,2023,3980.0,18128.0,가솔린+전기,오토,ORIGINAL,일반,2025-03-19 22:18:56.000 +09,대구,원모터스,191무3195,1,1,0,103.921,67.176,0,0,
38799761,현대,더 뉴 싼타페,가솔린 2.5T 4WD,프레스티지,202012.0,2021,2680.0,102963.0,가솔린,오토,ORIGINAL,일반,2025-03-19 22:18:56.000 +09,대구,원모터스,245러1956,0,0,2,0.0,0.0,0,0,
39158046,현대,더 뉴 싼타페,가솔린 2.5T 4WD,프리미엄 초이스,202103.0,2021,2470.0,88500.0,가솔린,오토,ORIGINAL,일반,2025-03-19 22:18:34.000 +09,경기,제이모터스,136구2296,1,0,2,165.905,0.0,1,0,
39248463,현대,싼타페 DM,디젤(e-VGT) 2.2 4WD 익스클루시브,(세부등급 없음),201505.0,2015,1030.0,170912.0,디젤,오토,ORIGINAL,일반,2025-03-19 22:18:26.000 +09,대구,경북모터스,40수3205,2,1,1,311.438,73.611,0,0,
39178377,현대,싼타페 더 프라임,디젤 2.0 2WD,밸류 플러스,201710.0,2018,1319.0,123550.0,디젤,오토,ORIGINAL,일반,2025-03-19 22:16:21.000 +09,부산,베리카,10누7258,2,2,2,288.3287,214.6584,0,0,
39015664,현대,더 뉴 싼타페,디젤 2.2 2WD,익스클루시브,202302.0,2023,2489.0,60294.0,디젤,오토,ORIGINAL,일반,2025-03-19 22:16:21.000 +09,부산,베리카,253구4610,0,0,0,0.0,0.0,0,0,
38140649,현대,싼타페 (MX5),가솔린 2.5T 2WD,캘리그래피,202404.0,2024,3960.0,5854.0,가솔린,오토,ORIGINAL,일반,2025-03-19 22:15:26.000 +09,경기,힐링모터스,171보6274,0,0,0,0.0,0.0,0,0,
38890515,현대,싼타페 더 프라임,디젤 2.0 2WD,프리미엄,201703.0,2017,1490.0,86698.0,디젤,오토,ORIGINAL,일반,2025-03-19 22:14:28.000 +09,부산,에이스모터스,156서6871,1,0,1,41.021,0.0,1,0,
39203010,현대,싼타페 TM,디젤 2.2 4WD,프레스티지,201803.0,2019,2050.0,134930.0,디젤,오토,ORIGINAL,일반,2025-03-19 22:12:23.000 +09,경남,차차차모터스,11머2061,1,0,1,65.03,0.0,0,0,
39177548,현대,더 뉴 싼타페,HEV 1.6 2WD,캘리그래피,202302.0,2023,3990.0,15148.0,가솔린+전기,오토,ORIGINAL,일반,2025-03-19 22:09:54.000 +09,대구,윤모터스,389저5264,0,0,0,0.0,0.0,0,0,
39231651,현대,더 뉴 싼타페,HEV 1.6 2WD,캘리그래피,202302.0,2023,3930.0,21160.0,가솔린+전기,오토,ORIGINAL,일반,2025-03-19 22:09:54.000 +09,대구,윤모터스,191가9110,0,0,0,0.0,0.0,0,0,
39177418,현대,더 뉴 싼타페,가솔린 2.5T 2WD,캘리그래피,202104.0,2021,3260.0,40684.0,가솔린,오토,ORIGINAL,일반,2025-03-19 22:09:54.000 +09,대구,윤모터스,277로1848,0,0,1,0.0,0.0,0,0,
39163821,현대,싼타페 더 프라임,디젤 2.0 2WD,모던,201507.0,2016,940.0,180915.0,디젤,오토,ORIGINAL,일반,2025-03-19 22:08:54.000 +09,전북,신세계모터스,11수3178,2,2,2,223.534,141.5808,0,0,
38658979,현대,싼타페 TM,디젤 2.0 2WD,익스클루시브,202003.0,2020,1990.0,110820.0,디젤,오토,ORIGINAL,일반,2025-03-19 22:06:39.000 +09,부산,힘찬모터스,169보8596,0,1,1,0.0,222.2732,0,0,
38461827,현대,더 뉴 싼타페,가솔린 2.5T 2WD,캘리그래피,202101.0,2021,3029.0,50922.0,가솔린,오토,ORIGINAL,일반,2025-03-19 22:06:10.000 +09,서울,(주)카엔카,140누9177,0,0,1,0.0,0.0,0,0,
38341705,현대,더 뉴 싼타페,디젤 2.2 2WD,프레스티지,202209.0,2022,3030.0,32973.0,디젤,오토,ORIGINAL,일반,2025-03-19 22:05:45.000 +09,울산,BMW자동차매매상사,119저2075,0,0,1,0.0,0.0,0,0,
39067266,현대,더 뉴 싼타페,디젤 2.2 2WD,프레스티지,202009.0,2021,2730.0,59719.0,디젤,오토,ORIGINAL,일반,2025-03-19 22:05:45.000 +09,울산,BMW자동차매매상사,105주3370,0,1,2,0.0,93.1968,1,0,
39177450,현대,싼타페 TM,가솔린 2.0T 2WD,익스클루시브,201905.0,2020,2280.0,56660.0,가솔린,오토,ORIGINAL,일반,2025-03-19 22:05:45.000 +09,울산,BMW자동차매매상사,256오2925,3,3,5,253.2995,169.9633,1,0,
38408897,현대,더 뉴 싼타페,HEV 1.6 2WD,익스클루시브,202309.0,2023,3390.0,13372.0,가솔린+전기,오토,ORIGINAL,일반,2025-03-19 22:05:45.000 +09,울산,BMW자동차매매상사,145보6162,0,0,1,0.0,0.0,0,0,
38501113,현대,싼타페 TM,디젤 2.2 4WD,프레스티지,201902.0,2019,2599.0,56954.0,디젤,오토,ORIGINAL,일반,2025-03-19 22:05:41.000 +09,울산,울산무한자동차상사,02모8871,1,2,1,55.82,118.6938,0,0,
38663376,현대,더 뉴 싼타페,디젤 2.2 2WD,프레스티지,202010.0,2021,2310.0,128600.0,디젤,오토,ORIGINAL,일반,2025-03-19 22:05:07.000 +09,대구,대진자동차상사,162라5545,2,0,2,118.3506,0.0,1,0,
38019560,현대,싼타페 (MX5),HEV 1.6 4WD,캘리그래피,202311.0,2024,4750.0,8550.0,가솔린+전기,오토,ORIGINAL,일반,2025-03-19 22:04:58.000 +09,서울,호국모터스,191너7859,0,1,1,0.0,140.123,1,0,
38958211,현대,싼타페 더 프라임,디젤 2.2 4WD,익스클루시브,201506.0,2016,1850.0,43300.0,디젤,오토,ORIGINAL,일반,2025-03-19 22:04:57.000 +09,서울,호국모터스,11오8080,1,0,3,56.1235,0.0,0,0,
38531047,현대,싼타페 더 프라임,디젤 2.2 2WD,익스클루시브,201601.0,2016,1410.0,102631.0,디젤,오토,ORIGINAL,일반,2025-03-19 22:04:25.000 +09,대구,현대상사,02버0550,2,1,3,303.725,277.186,0,0,
38619478,현대,싼타페 TM,디젤 2.0 2WD,익스클루시브 스페셜,201905.0,2019,2130.0,84989.0,디젤,오토,ORIGINAL,일반,2025-03-19 22:04:13.000 +09,부산,에이스모터스,369도7148,0,0,4,0.0,0.0,1,0,
39076173,현대,싼타페 더 프라임,디젤 2.0 2WD,프리미엄,201802.0,2018,1570.0,86490.0,디젤,오토,ORIGINAL,일반,2025-03-19 22:04:13.000 +09,부산,에이스모터스,50수1568,3,1,1,197.146,89.826,0,0,
39024306,현대,더 뉴 싼타페,디젤 2.2 2WD,프리미엄,202012.0,2021,2790.0,13866.0,디젤,오토,ORIGINAL,일반,2025-03-19 22:04:04.000 +09,인천,(주)타워모터스,276노7767,0,1,1,0.0,22.94,1,0,
39024319,현대,더 뉴 싼타페,디젤 2.2 4WD,익스클루시브,202211.0,2023,2890.0,47955.0,디젤,오토,ORIGINAL,일반,2025-03-19 22:04:04.000 +09,인천,(주)타워모터스,107우9481,0,0,1,0.0,0.0,1,0,
39201632,현대,싼타페 DM,디젤(e-VGT) 2.0 4WD 익스클루시브,(세부등급 없음),201503.0,2015,960.0,181622.0,디젤,오토,ORIGINAL,일반,2025-03-19 22:03:53.000 +09,경기,(주)다온모터스,319서6646,0,1,4,0.0,90.158,1,0,
38221255,현대,더 뉴 싼타페,디젤 2.2 2WD,프레스티지,202103.0,2021,3050.0,42475.0,디젤,오토,ORIGINAL,일반,2025-03-19 22:03:43.000 +09,광주,선경자동차매매상사,128서5905,1,1,2,58.8669,550.064,0,0,
39063046,현대,싼타페 더 프라임,디젤 2.0 2WD,프리미엄,201508.0,2016,1195.0,82880.0,디젤,오토,ORIGINAL,일반,2025-03-19 22:03:03.000 +09,대구,준모터스,05루0721,5,0,3,609.4415,0.0,0,0,
39151948,현대,싼타페 DM,디젤(e-VGT) 2.0 2WD 익스클루시브,(세부등급 없음),201401.0,2014,1350.0,125777.0,디젤,오토,ORIGINAL,일반,2025-03-19 22:01:05.000 +09,대전,(주)뉴하모니카,34머4967,3,2,2,254.2611,282.893,0,0,
39224640,현대,싼타페 DM,디젤(e-VGT) 2.0 2WD 프리미엄,,201303.0,2013,1199.0,97387.0,디젤,오토,ORIGINAL,일반,2025-03-19 22:01:05.000 +09,대전,(주)뉴하모니카,49머1008,0,0,1,0.0,0.0,0,0,
38529877,현대,싼타페 더 프라임,디젤 2.0 2WD,프리미엄,201607.0,2016,1599.0,80689.0,디젤,오토,ORIGINAL,일반,2025-03-19 22:01:04.000 +09,대전,(주)뉴하모니카,59서4935,0,3,3,0.0,198.9079,0,0,
38474731,현대,싼타페 TM,디젤 2.0 2WD,익스클루시브 스페셜,201901.0,2019,1999.0,123047.0,디젤,오토,ORIGINAL,일반,2025-03-19 22:01:04.000 +09,대전,(주)뉴하모니카,17고6936,2,0,2,144.4697,0.0,0,0,
39066029,현대,더 뉴 싼타페,가솔린 2.5T 2WD,프레스티지,202205.0,2022,2970.0,21983.0,가솔린,오토,ORIGINAL,일반,2025-03-19 22:00:34.000 +09,부산,에이스모터스,129구5661,0,1,1,0.0,0.0,0,0,
39121137,현대,싼타페 TM,가솔린 2.0T 2WD,인스퍼레이션,202002.0,2020,2750.0,30798.0,가솔린,오토,ORIGINAL,일반,2025-03-19 21:59:50.000 +09,경기,울트라모터스,186더4911,1,2,1,92.771,66.765,1,0,
39241719,현대,싼타페 CM,2WD(2.0VGT) 스타일팩,,200902.0,2009,429.0,176200.0,디젤,오토,ORIGINAL,일반,2025-03-19 21:58:03.000 +09,부산,일성모터스,64거5066,0,3,3,0.0,460.0758,0,0,
38580912,현대,싼타페 TM,디젤 2.0 2WD,프레스티지,201808.0,2019,2060.0,70417.0,디젤,오토,ORIGINAL,일반,2025-03-19 21:57:27.000 +09,경기,준모터스,08러7326,2,2,0,155.0384,246.7312,0,0,
38631288,현대,싼타페 TM,가솔린 2.0T 2WD,프리미엄,201807.0,2019,2199.0,69842.0,가솔린,오토,ORIGINAL,일반,2025-03-19 21:57:19.000 +09,부산,주식회사 라임모터스,06도5759,0,0,1,0.0,0.0,0,0,
39079489,현대,싼타페 CM,2WD(2.2VGT) MLX,고급형,200609.0,2007,399.0,98243.0,디젤,오토,ORIGINAL,일반,2025-03-19 21:57:16.000 +09,부산,일성모터스,09거4845,0,0,0,0.0,0.0,0,0,
39220868,현대,싼타페 TM,디젤 2.0 2WD,프리미엄,201805.0,2019,1530.0,195848.0,디젤,오토,ORIGINAL,일반,2025-03-19 21:56:56.000 +09,대구,삼보모터스,11머2868,0,0,1,0.0,0.0,0,0,
38929887,현대,더 뉴 싼타페,HEV 1.6 2WD,캘리그래피,202109.0,2022,3199.0,54811.0,가솔린+전기,오토,ORIGINAL,일반,2025-03-19 21:56:37.000 +09,부산,SM 모터스,146모8092,0,1,2,0.0,107.3747,0,0,
38966189,현대,싼타페 (MX5),HEV 1.6 2WD,프레스티지 플러스,202411.0,2025,4100.0,621.0,가솔린+전기,오토,ORIGINAL,일반,2025-03-19 21:55:51.000 +09,경기,대륙자동차,266두2981,0,0,0,0.0,0.0,0,0,
38673744,현대,싼타페 TM,가솔린 2.0T 4WD,익스클루시브 스페셜,201805.0,2019,2100.0,69581.0,가솔린,오토,ORIGINAL,일반,2025-03-19 21:55:51.000 +09,경기,대륙자동차,130거4146,1,0,5,228.995,0.0,1,0,
39266395,현대,싼타페 DM,디젤(e-VGT) 2.0 2WD 프리미엄,,201505.0,2015,970.0,174099.0,디젤,오토,ORIGINAL,일반,2025-03-19 21:55:16.000 +09,경기,에이블모터스,11수2178,2,0,0,112.4496,0.0,0,0,
39252690,현대,싼타페 DM,디젤(e-VGT) 2.2 4WD 프리미엄,,201407.0,2015,970.0,252300.0,디젤,오토,ORIGINAL,일반,2025-03-19 21:54:32.000 +09,경기,(주)왕카,50서6449,5,5,4,595.0202,1012.1719,1,0,
39000588,현대,싼타페 (MX5),HEV 1.6 4WD,캘리그래피,202403.0,2024,5350.0,28660.0,가솔린+전기,오토,ORIGINAL,일반,2025-03-19 21:54:10.000 +09,서울,에이스모터스,109소6503,0,0,0,0.0,0.0,0,0,
38559833,현대,더 뉴 싼타페,가솔린 2.5T 2WD,프리미엄 초이스,202110.0,2021,2590.0,60375.0,가솔린,오토,ORIGINAL,일반,2025-03-19 21:54:04.000 +09,경기,베스트자동차,269서4381,0,0,1,0.0,0.0,1,0,
39111974,현대,싼타페 DM,디젤(e-VGT) 2.0 2WD 익스클루시브,(세부등급 없음),201310.0,2014,1090.0,169108.0,디젤,오토,ORIGINAL,일반,2025-03-19 21:52:08.000 +09,대구,합천모터스,69우2350,6,3,2,467.1074,199.306,0,0,
38424464,현대,더 뉴 싼타페,가솔린 2.5T 2WD,익스클루시브,202304.0,2023,3000.0,13267.0,가솔린,오토,ORIGINAL,일반,2025-03-19 21:51:03.000 +09,서울,양상연,183누3479,0,0,2,0.0,0.0,0,0,
39076770,현대,싼타페 DM,디젤(e-VGT) 2.0 2WD 모던,,201206.0,2013,790.0,203000.0,디젤,오토,ORIGINAL,일반,2025-03-19 21:48:49.000 +09,부산,새롬모터스,35너8765,3,2,1,146.2698,250.5843,0,0,
39028933,현대,싼타페 TM,디젤 2.0 2WD,익스클루시브,201908.0,2020,2390.0,40238.0,디젤,오토,ORIGINAL,일반,2025-03-19 21:48:21.000 +09,충북,에스에스모터스,01라4713,0,0,1,0.0,0.0,0,0,
38919268,현대,싼타페 TM,가솔린 2.0T 2WD,익스클루시브,202002.0,2020,2280.0,64800.0,가솔린,오토,ORIGINAL,일반,2025-03-19 21:47:46.000 +09,충북,엘리트모터스,249무4666,0,1,3,0.0,54.6364,0,0,
39009317,현대,더 뉴 싼타페,HEV 1.6 2WD,캘리그래피,202302.0,2023,3830.0,21438.0,가솔린+전기,오토,ORIGINAL,일반,2025-03-19 21:47:46.000 +09,충북,엘리트모터스,357두4634,0,0,0,0.0,0.0,0,0,
39193303,현대,싼타페 TM,디젤 2.0 2WD,익스클루시브,201803.0,2019,1990.0,78214.0,디젤,오토,ORIGINAL,일반,2025-03-19 21:47:36.000 +09,부산,(주)우진오토모빌,159모1640,5,3,4,795.7456,155.9275,1,0,
38938111,현대,싼타페 더 프라임,디젤 2.0 2WD,프리미엄,201610.0,2016,1390.0,62194.0,디젤,오토,ORIGINAL,일반,2025-03-19 21:47:01.000 +09,대전,(주)강철,27거0355,4,2,0,439.6828,130.6206,0,0,
39154372,현대,더 뉴 싼타페,디젤 2.2 2WD,프리미엄,202101.0,2021,1910.0,143370.0,디젤,오토,ORIGINAL,일반,2025-03-19 21:47:01.000 +09,대전,(주)강철,279모9581,1,2,1,56.1591,166.4459,1,0,
38499874,현대,더 뉴 싼타페,디젤 2.2 4WD,프리미엄,202111.0,2021,2780.0,43006.0,디젤,오토,ORIGINAL,일반,2025-03-19 21:46:56.000 +09,경기,오토프라임,312버6996,0,0,1,0.0,0.0,1,0,
39099290,현대,싼타페 TM,디젤 2.0 2WD,프레스티지,201806.0,2019,2050.0,105256.0,디젤,오토,ORIGINAL,일반,2025-03-19 21:46:50.000 +09,울산,뉴스카이모터스,324나6177,0,0,3,0.0,0.0,1,0,
39168052,현대,싼타페 더 프라임,디젤 2.0 4WD,프리미엄,201611.0,2017,1120.0,164851.0,디젤,오토,ORIGINAL,일반,2025-03-19 21:46:31.000 +09,경기,스카이모터스,48다0253,11,9,2,792.2284,1727.055,0,0,
38953414,현대,더 뉴 싼타페,디젤 2.2 2WD,프리미엄,202009.0,2021,2300.0,50879.0,디젤,오토,ORIGINAL,일반,2025-03-19 21:46:10.000 +09,대전,나라오토,158더6646,3,3,1,1672.4413,565.0221,0,0,
38578723,현대,싼타페 더 프라임,디젤 2.0 2WD,익스클루시브,201604.0,2016,1699.0,80205.0,디젤,오토,ORIGINAL,일반,2025-03-19 21:43:54.000 +09,대구,수 모터스,58오0878,1,2,1,70.393,128.0544,0,0,
39201213,현대,싼타페 TM,디젤 2.0 2WD,익스클루시브 스페셜,201806.0,2019,2150.0,92176.0,디젤,오토,ORIGINAL,일반,2025-03-19 21:43:54.000 +09,대구,수 모터스,65로1884,3,0,1,146.4326,0.0,0,0,
39184801,현대,더 뉴 싼타페,디젤 2.2 4WD,프리미엄,202012.0,2021,2540.0,59105.0,디젤,오토,ORIGINAL,일반,2025-03-19 21:42:26.000 +09,경기,신원자동차매매상사,365고4736,0,0,2,0.0,0.0,1,0,
39040983,현대,싼타페 TM,디젤 2.0 2WD,프리미엄,201901.0,2019,2120.0,38277.0,디젤,오토,ORIGINAL,일반,2025-03-19 21:42:04.000 +09,경기,카메이트,03나5986,0,1,1,0.0,69.0784,0,0,
38633784,현대,싼타페 DM,디젤(e-VGT) 2.0 2WD 익스클루시브,(세부등급 없음),201308.0,2014,1050.0,69995.0,디젤,오토,ORIGINAL,일반,2025-03-19 21:42:01.000 +09,서울,(주)행복드림카,14서8228,1,1,1,329.14,79.328,0,0,
38990524,현대,싼타페 TM,디젤 2.0 2WD,익스클루시브,201803.0,2019,1799.0,127973.0,디젤,오토,ORIGINAL,일반,2025-03-19 21:40:31.000 +09,경기,대한자동차,143도5540,0,1,1,0.0,96.4857,1,0,
38927714,현대,싼타페 TM,디젤 2.0 2WD,익스클루시브,201901.0,2019,2029.0,70952.0,디젤,오토,ORIGINAL,일반,2025-03-19 21:40:24.000 +09,경기,누리모터스,265로9376,0,0,1,0.0,0.0,1,0,
38983942,현대,싼타페 TM,디젤 2.2 4WD,프레스티지,201803.0,2019,2540.0,51976.0,디젤,오토,ORIGINAL,일반,2025-03-19 21:40:09.000 +09,경기,제이원모터스,10두6152,2,2,1,285.6589,367.7587,0,0,
38576661,현대,싼타페 TM,디젤 2.0 2WD,프레스티지,201807.0,2019,2249.0,55360.0,디젤,오토,ORIGINAL,일반,2025-03-19 21:40:08.000 +09,경기,제이원모터스,15오3696,2,1,1,201.6517,334.979,0,0,
38733825,현대,더 뉴 싼타페,디젤 2.2 2WD,프레스티지,202009.0,2021,2650.0,82819.0,디젤,오토,ORIGINAL,일반,2025-03-19 21:38:52.000 +09,광주,스마일모터스,316소5773,0,0,1,0.0,0.0,0,0,
39224560,현대,싼타페 (MX5),가솔린 2.5T 2WD,캘리그래피,202401.0,2024,4100.0,13780.0,가솔린,오토,ORIGINAL,일반,2025-03-19 21:38:25.000 +09,경기,다산다모터스,357가7368,0,0,1,0.0,0.0,0,0,
39123958,현대,싼타페 TM,디젤 2.2 4WD,익스클루시브,201907.0,2020,2330.0,71262.0,디젤,오토,ORIGINAL,일반,2025-03-19 21:38:02.000 +09,경기,KBC모터스,39고5707,2,2,1,118.3879,94.4517,0,0,
39081530,현대,싼타페 더 프라임,디젤 2.0 2WD,프리미엄,201511.0,2016,1250.0,133234.0,디젤,오토,ORIGINAL,일반,2025-03-19 21:35:48.000 +09,경기,(주)우리들모터스,06마0565,0,0,1,0.0,0.0,0,0,
39034612,현대,싼타페 TM,가솔린 2.0T 2WD,익스클루시브,202007.0,2020,2420.0,52023.0,가솔린,오토,ORIGINAL,일반,2025-03-19 21:34:53.000 +09,광주,정도모터스,101어7289,1,0,3,49.9739,0.0,0,0,
38509756,현대,더 뉴 싼타페,디젤 2.2 2WD,프리미엄,202007.0,2021,1202.0,45564.0,디젤,오토,ORIGINAL,렌트,2025-03-19 21:34:22.000 +09,부산,(주)넘버원모터스,159하3091,0,1,0,0.0,128.4623,0,0,
39105775,현대,싼타페 TM,디젤 2.0 2WD,인스퍼레이션,201807.0,2019,2290.0,98612.0,디젤,오토,ORIGINAL,일반,2025-03-19 21:33:49.000 +09,경기,선한모터스,20조5812,1,1,0,72.405,105.419,0,0,
38844141,현대,싼타페 TM,디젤 2.0 4WD,프리미엄,201803.0,2019,1750.0,135979.0,디젤,오토,ORIGINAL,일반,2025-03-19 21:33:25.000 +09,부산,(주)더뉴서비스,231너7888,1,0,1,353.585,0.0,1,0,
38928979,현대,싼타페 DM,디젤(e-VGT) 2.0 2WD 프리미엄,,201501.0,2015,1190.0,99965.0,디젤,오토,ORIGINAL,일반,2025-03-19 21:33:25.000 +09,부산,(주)더뉴서비스,65모9837,2,0,2,107.887,0.0,0,0,
38486632,현대,더 뉴 싼타페,HEV 1.6 4WD,캘리그래피,202303.0,2023,3600.0,44193.0,가솔린+전기,오토,ORIGINAL,일반,2025-03-19 21:33:18.000 +09,경기,운산모터스,126너3697,5,2,0,635.0999,86.2824,0,0,
39181383,현대,싼타페 TM,디젤 2.0 2WD,프레스티지,201811.0,2019,2090.0,94399.0,디젤,오토,ORIGINAL,일반,2025-03-19 21:33:17.000 +09,대구,강륜모터스,64러6946,0,0,0,0.0,0.0,0,0,
39219903,현대,싼타페 TM,디젤 2.0 2WD,프레스티지,201804.0,2019,2490.0,60330.0,디젤,오토,ORIGINAL,일반,2025-03-19 21:33:17.000 +09,대구,강륜모터스,02마8125,2,0,0,205.139,0.0,0,0,
39233524,현대,싼타페 TM,디젤 2.0 4WD,익스클루시브 스페셜,201803.0,2019,2190.0,101289.0,디젤,오토,ORIGINAL,일반,2025-03-19 21:33:16.000 +09,대구,강륜모터스,04무4694,0,1,0,0.0,170.668,0,0,
39027079,현대,싼타페 TM,디젤 2.0 2WD,익스클루시브,201806.0,2019,2320.0,63317.0,디젤,오토,ORIGINAL,일반,2025-03-19 21:33:16.000 +09,대구,강륜모터스,32가4982,0,0,0,0.0,0.0,0,0,
39270712,현대,더 뉴 싼타페,디젤 2.2 2WD,프레스티지,202103.0,2021,2699.0,58935.0,디젤,오토,ORIGINAL,일반,2025-03-19 21:31:44.000 +09,경기,차사인모터스,116노4344,0,0,0,0.0,0.0,0,0,
38961153,현대,싼타페 TM,디젤 2.0 2WD,익스클루시브,201803.0,2019,2220.0,61599.0,디젤,오토,ORIGINAL,일반,2025-03-19 21:31:44.000 +09,경기,차사인모터스,27무3386,1,1,0,44.2547,28.231,0,0,
39131566,현대,싼타페 DM,디젤(e-VGT) 2.0 2WD 프리미엄,,201305.0,2013,1250.0,96404.0,디젤,오토,ORIGINAL,일반,2025-03-19 21:31:33.000 +09,대전,(주)뉴하모니카,61조8215,3,1,1,117.5665,53.8628,0,0,
39150366,현대,싼타페 DM,디젤(e-VGT) 2.0 2WD 익스클루시브,(세부등급 없음),201305.0,2013,1450.0,57815.0,디젤,오토,ORIGINAL,일반,2025-03-19 21:31:33.000 +09,대전,(주)뉴하모니카,28노4803,1,0,0,173.6258,0.0,0,0,
39134523,현대,싼타페 TM,디젤 2.0 2WD,익스클루시브,201809.0,2019,2200.0,42240.0,디젤,오토,ORIGINAL,일반,2025-03-19 21:30:49.000 +09,경기,명문자동차,37수4043,4,3,0,261.1366,221.9273,0,0,
39145321,현대,싼타페 더 프라임,디젤 2.0 4WD,프리미엄,201703.0,2017,1470.0,133730.0,디젤,오토,ORIGINAL,일반,2025-03-19 21:30:21.000 +09,강원,TOP모터스,05구5032,2,2,1,360.1256,81.75,0,0,
37201855,현대,싼타페 TM,디젤 2.0 2WD,프리미엄,201902.0,2019,2050.0,67674.0,디젤,오토,ORIGINAL,일반,2025-03-19 21:29:57.000 +09,울산,믿음자동차매매상사,319노7564,0,0,2,0.0,0.0,1,0,
39122089,현대,더 뉴 싼타페,가솔린 2.5T 2WD,캘리그래피,202107.0,2021,3100.0,41831.0,가솔린,오토,ORIGINAL,일반,2025-03-19 21:29:57.000 +09,울산,믿음자동차매매상사,184저9432,0,0,1,0.0,0.0,0,0,
38656438,현대,싼타페 더 프라임,디젤 2.0 2WD,프리미엄,201602.0,2016,1099.0,159834.0,디젤,오토,ORIGINAL,일반,2025-03-19 21:27:52.000 +09,대구,대풍모터스,175누4378,0,0,4,0.0,0.0,1,0,
39189506,현대,싼타페 TM,디젤 2.0 2WD,익스클루시브 스페셜,201901.0,2019,2180.0,67310.0,디젤,오토,ORIGINAL,일반,2025-03-19 21:27:19.000 +09,대구,(주)나래모터스,311너2796,3,0,2,305.8823,0.0,1,0,
38971835,현대,싼타페 TM,가솔린 2.0T 2WD,익스클루시브,202001.0,2020,2100.0,110822.0,가솔린,오토,ORIGINAL,일반,2025-03-19 21:27:16.000 +09,경기,솔카,270구4810,2,0,3,71.5982,0.0,1,0,
38918715,현대,더 뉴 싼타페,가솔린 2.5T 2WD,프레스티지,202106.0,2021,2560.0,48952.0,가솔린,오토,ORIGINAL,일반,2025-03-19 21:25:45.000 +09,경기,대한모터스,321고7941,3,1,0,321.522,110.2892,0,0,
39236690,현대,더 뉴 싼타페,디젤 2.2 2WD,프리미엄 초이스,202102.0,2021,2460.0,79712.0,디젤,오토,ORIGINAL,일반,2025-03-19 21:25:08.000 +09,경기,세이프카,148머1786,0,0,1,0.0,0.0,1,0,
39176147,현대,더 뉴 싼타페,디젤 2.2 4WD,프리미엄,202111.0,2021,2690.0,71963.0,디젤,오토,ORIGINAL,일반,2025-03-19 21:25:08.000 +09,경기,세이프카,240어2236,1,0,0,63.3909,0.0,1,0,
39256030,현대,싼타페 (MX5),가솔린 2.5T 4WD,프레스티지,202310.0,2024,3799.0,37767.0,가솔린,오토,ORIGINAL,일반,2025-03-19 21:21:37.000 +09,경남,선두모터스,111거7429,0,0,1,0.0,0.0,0,0,
39163111,현대,더 뉴 싼타페,HEV 1.6 2WD,캘리그래피,202107.0,2021,2545.0,151932.0,가솔린+전기,오토,ORIGINAL,일반,2025-03-19 21:21:27.000 +09,경남,더케어모터스,334부6682,3,2,1,140.4868,85.9087,0,0,
39244154,현대,싼타페 TM,디젤 2.0 2WD,익스클루시브,201905.0,2020,1930.0,113498.0,디젤,오토,ORIGINAL,일반,2025-03-19 21:21:16.000 +09,전북,우진모터스,31도2594,1,0,0,64.184,0.0,0,0,
38758620,현대,더 뉴 싼타페,디젤 2.2 2WD,익스클루시브,202112.0,2022,2640.0,67733.0,디젤,오토,ORIGINAL,일반,2025-03-19 21:21:05.000 +09,부산,대경모터스,214루3529,1,0,1,119.7774,0.0,1,0,
38909920,현대,더 뉴 싼타페,디젤 2.2 2WD,프레스티지,202008.0,2021,2740.0,65153.0,디젤,오토,ORIGINAL,일반,2025-03-19 21:21:05.000 +09,부산,대경모터스,344어6311,1,1,0,273.0,0.0,0,0,
38751010,현대,싼타페 TM,디젤 2.0 2WD,익스클루시브 스페셜,201804.0,2019,1880.0,118702.0,디젤,오토,ORIGINAL,일반,2025-03-19 21:20:19.000 +09,경기,신사모터스,23도1110,1,1,3,60.0,43.7918,0,0,
39083868,현대,싼타페 더 프라임,디젤 2.0 2WD,모던,201509.0,2016,1150.0,150814.0,디젤,오토,ORIGINAL,일반,2025-03-19 21:20:19.000 +09,경기,오토웨이브,28라0876,4,3,1,312.6237,345.0708,0,0,
38370959,현대,더 뉴 싼타페,HEV 1.6 2WD,프레스티지,202209.0,2022,3239.0,35735.0,가솔린+전기,오토,ORIGINAL,일반,2025-03-19 21:20:13.000 +09,부산,박준표중고차,192버2229,0,0,0,0.0,0.0,0,0,
39129408,현대,싼타페 (MX5),가솔린 2.5T 4WD,프레스티지,202312.0,2024,9999.0,30044.0,가솔린,오토,ORIGINAL,일반,2025-03-19 21:19:47.000 +09,경기,스마일자동차,196고4043,0,0,0,0.0,0.0,0,0,
39201859,현대,싼타페 TM,디젤 2.0 2WD,익스클루시브,201901.0,2019,1890.0,97160.0,디젤,오토,ORIGINAL,일반,2025-03-19 21:18:50.000 +09,대구,새봄모터스,69러3577,5,1,2,338.0914,175.806,0,0,
38972653,현대,더 뉴 싼타페,디젤 2.2 2WD,캘리그래피,202011.0,2021,2750.0,99020.0,디젤,오토,ORIGINAL,일반,2025-03-19 21:18:47.000 +09,대구,다모아모터스,346버6951,1,0,1,155.6533,0.0,0,0,
39250673,현대,싼타페 더 프라임,디젤 2.0 2WD,프리미엄,201509.0,2016,1530.0,55787.0,디젤,오토,ORIGINAL,일반,2025-03-19 21:15:09.000 +09,경기,(주)청구모터스,14조6454,1,0,2,46.76,0.0,0,0,
38943097,현대,싼타페 더 프라임,디젤 2.0 2WD,모던,201510.0,2016,1200.0,163106.0,디젤,오토,ORIGINAL,일반,2025-03-19 21:15:09.000 +09,경기,(주)청구모터스,60부6534,3,1,5,326.3184,53.5393,1,0,
38588719,현대,싼타페 TM,디젤 2.0 2WD,익스클루시브,201902.0,2019,2160.0,73902.0,디젤,오토,ORIGINAL,일반,2025-03-19 21:14:02.000 +09,대구,삼일모터스,51보5851,1,0,3,57.07,0.0,0,0,
39266977,현대,싼타페 DM,디젤(e-VGT) 2.0 2WD 익스클루시브,(세부등급 없음),201307.0,2014,1190.0,137363.0,디젤,오토,ORIGINAL,일반,2025-03-19 21:13:20.000 +09,대구,신대신자동차상사,42부5828,2,4,3,164.02,616.9592,0,0,
39065457,현대,더 뉴 싼타페,디젤 2.2 2WD,프리미엄 초이스,202105.0,2021,2850.0,39263.0,디젤,오토,ORIGINAL,일반,2025-03-19 21:12:03.000 +09,경기,(주)뉴카카,274저2776,2,1,1,162.3085,64.29,0,0,
38937971,현대,싼타페 TM,디젤 2.0 2WD,프레스티지,201806.0,2019,2300.0,48094.0,디젤,오토,ORIGINAL,일반,2025-03-19 21:12:03.000 +09,경기,(주)뉴카카,228소7318,4,1,6,200.4798,60.0982,1,0,
39249344,현대,더 뉴 싼타페,디젤 2.2 4WD,프리미엄 초이스,202106.0,2021,2530.0,104988.0,디젤,오토,ORIGINAL,일반,2025-03-19 21:11:37.000 +09,충남,민모터스,136우2111,0,2,2,0.0,55.3859,0,0,
38951091,현대,싼타페 TM,가솔린 2.0T 4WD,익스클루시브 스페셜,201804.0,2019,2680.0,48700.0,가솔린,오토,ORIGINAL,일반,2025-03-19 21:11:18.000 +09,대전,뉴 윤모터스 (주),34부8810,0,0,2,0.0,0.0,0,0,
39206328,현대,싼타페 TM,디젤 2.0 2WD,익스클루시브,201909.0,2020,2480.0,21100.0,디젤,오토,ORIGINAL,일반,2025-03-19 21:11:18.000 +09,대전,뉴 윤모터스 (주),152러7057,0,0,0,0.0,0.0,0,0,
39147455,현대,싼타페 더 프라임,디젤 2.0 2WD,밸류 플러스,201705.0,2018,1620.0,107824.0,디젤,오토,ORIGINAL,일반,2025-03-19 21:10:59.000 +09,광주,보배모터스,01조7148,1,0,0,38.146,0.0,0,0,
39098116,현대,더 뉴 싼타페,디젤 2.2 2WD,프레스티지,202007.0,2021,2880.0,85409.0,디젤,오토,ORIGINAL,일반,2025-03-19 21:10:59.000 +09,광주,보배모터스,294루9860,0,0,3,0.0,0.0,0,0,
38986965,현대,싼타페 (MX5),HEV 1.6 2WD,캘리그래피,202403.0,2024,4399.0,12462.0,가솔린+전기,오토,ORIGINAL,일반,2025-03-19 21:10:09.000 +09,충남,천공자동차매매상사,353모3858,1,1,0,50.312,16.0,0,0,
38243799,현대,싼타페 TM,디젤 2.0 2WD,익스클루시브,201902.0,2019,2059.0,59162.0,디젤,오토,ORIGINAL,일반,2025-03-19 21:09:43.000 +09,대구,행운,255마2475,2,0,2,100.7597,0.0,1,0,
39223262,현대,싼타페 더 프라임,디젤 2.0 2WD,익스클루시브 스페셜,201512.0,2016,1290.0,168251.0,디젤,오토,ORIGINAL,일반,2025-03-19 21:07:20.000 +09,경기,(주)성진모터스,10머0451,1,0,1,40.1842,0.0,0,0,
39195749,현대,싼타페 TM,디젤 2.0 2WD,익스클루시브,201804.0,2019,2180.0,86361.0,디젤,오토,ORIGINAL,일반,2025-03-19 21:05:31.000 +09,전북,우진모터스,39보1673,1,0,0,42.328,0.0,0,0,
38843848,현대,더 뉴 싼타페,디젤 2.2 2WD,프레스티지,202301.0,2023,3150.0,20107.0,디젤,오토,ORIGINAL,일반,2025-03-19 21:04:52.000 +09,광주,백두모터스,344부9177,0,1,1,0.0,88.722,0,0,
39034139,현대,싼타페 TM,디젤 2.0 2WD,익스클루시브 스페셜,201808.0,2019,2170.0,87923.0,디젤,오토,ORIGINAL,일반,2025-03-19 21:02:32.000 +09,경기,카메이트,29로3962,1,2,2,83.7679,112.8198,0,0,
39116063,현대,싼타페 더 프라임,디젤 2.0 2WD,밸류 플러스,201702.0,2018,1420.0,112913.0,디젤,오토,ORIGINAL,일반,2025-03-19 21:02:03.000 +09,부산,프로모터스,04서1035,1,0,2,42.188,0.0,0,0,
39044677,현대,싼타페 더 프라임,디젤 2.2 4WD,1 밀리언 얼티밋,201706.0,2018,1780.0,91016.0,디젤,오토,ORIGINAL,일반,2025-03-19 21:01:45.000 +09,대전,주식회사코파츠,27마2011,4,2,1,237.0787,193.532,0,0,
38766509,현대,더 뉴 싼타페,디젤 2.2 2WD,프레스티지,202009.0,2021,2480.0,108926.0,디젤,오토,ORIGINAL,일반,2025-03-19 21:00:56.000 +09,경기,양주중고차에이원오토,213소7514,2,3,1,153.109,260.923,1,0,
38485273,현대,더 뉴 싼타페,가솔린 2.5T 2WD,캘리그래피,202101.0,2021,3050.0,34895.0,가솔린,오토,ORIGINAL,일반,2025-03-19 21:00:46.000 +09,경기,제이모터스,238더7244,0,0,4,0.0,0.0,0,0,
39212431,현대,더 뉴 싼타페,가솔린 2.5T 2WD,캘리그래피,202208.0,2022,2650.0,101224.0,가솔린,오토,ORIGINAL,일반,2025-03-19 21:00:28.000 +09,서울,(주)서울오토벨,294도7983,0,0,1,0.0,0.0,0,0,
39056394,현대,싼타페 DM,디젤(e-VGT) 2.0 2WD 익스클루시브,스페셜,201412.0,2015,1160.0,141536.0,디젤,오토,ORIGINAL,일반,2025-03-19 21:00:22.000 +09,경남,차차차 모터스,38구1795,0,1,4,0.0,57.2,0,0,
39181980,현대,싼타페 (MX5),가솔린 2.5T 2WD,프레스티지,202309.0,2024,3650.0,27330.0,가솔린,오토,ORIGINAL,일반,2025-03-19 20:59:07.000 +09,전북,엠모터스,145가4117,0,0,0,0.0,0.0,0,0,
39262890,현대,더 뉴 싼타페,디젤 2.2 2WD,프레스티지,202009.0,2021,2250.0,148924.0,디젤,오토,ORIGINAL,일반,2025-03-19 20:59:04.000 +09,경기,우진상사,242구2372,0,0,2,0.0,0.0,1,0,
39054510,현대,더 뉴 싼타페,가솔린 2.5T 2WD,프레스티지,202103.0,2021,2890.0,57134.0,가솔린,오토,ORIGINAL,일반,2025-03-19 20:59:04.000 +09,경기,우진상사,346구4652,0,0,1,0.0,0.0,0,0,
38208647,현대,더 뉴 싼타페,디젤 2.2 4WD,프레스티지,202009.0,2021,2830.0,119531.0,디젤,오토,ORIGINAL,일반,2025-03-19 20:57:16.000 +09,경기,(주굿모닝모터스,129부8574,0,0,1,0.0,0.0,1,0,
38206230,현대,더 뉴 싼타페,디젤 2.2 4WD,프리미엄,202102.0,2021,3090.0,34276.0,디젤,오토,ORIGINAL,일반,2025-03-19 20:57:16.000 +09,경기,(주굿모닝모터스,148더9760,0,0,1,0.0,0.0,1,0,
39173187,현대,더 뉴 싼타페,가솔린 2.5T 4WD,캘리그래피,202103.0,2021,2899.0,64956.0,가솔린,오토,ORIGINAL,일반,2025-03-19 20:57:11.000 +09,경북,제일상사,374고3060,3,1,1,304.8945,101.696,0,0,
39143237,현대,싼타페 TM,디젤 2.0 2WD,익스클루시브,202001.0,2020,11111.0,54219.0,디젤,오토,ORIGINAL,일반,2025-03-19 20:57:11.000 +09,충남,아우토반모터스,200두3034,0,0,1,0.0,0.0,1,0,
39100736,현대,싼타페 TM,가솔린 2.0T 2WD,인스퍼레이션,201906.0,2020,2699.0,85000.0,가솔린,오토,ORIGINAL,일반,2025-03-19 20:55:11.000 +09,대전,누리자동차,54구5157,1,0,3,58.1003,0.0,0,0,
38790595,현대,싼타페 더 프라임,디젤 2.0 2WD,프리미엄,201507.0,2016,1555.0,68933.0,디젤,오토,ORIGINAL,일반,2025-03-19 20:55:07.000 +09,대구,(주)하나카즈,05가5746,2,2,4,195.9989,160.9128,1,0,
38899614,현대,싼타페 더 프라임,디젤 2.0 2WD,프리미엄,201609.0,2016,1399.0,79818.0,디젤,오토,ORIGINAL,일반,2025-03-19 20:55:06.000 +09,대구,(주)하나카즈,62더0372,3,2,1,245.581,678.56,0,0,
38790765,현대,싼타페 더 프라임,디젤 2.0 2WD,익스클루시브,201606.0,2016,1499.0,80485.0,디젤,오토,ORIGINAL,일반,2025-03-19 20:55:05.000 +09,대구,(주)하나카즈,57도0269,2,0,1,168.9887,0.0,0,0,
38796480,현대,싼타페 더 프라임,디젤 2.0 2WD,익스클루시브,201608.0,2016,1330.0,153327.0,디젤,오토,ORIGINAL,일반,2025-03-19 20:54:59.000 +09,부산,(주)신세계자동차,58우0383,1,0,1,82.6259,0.0,0,0,
39083737,현대,싼타페 더 프라임,디젤 2.0 2WD,프리미엄,201507.0,2016,1050.0,119441.0,디젤,오토,ORIGINAL,일반,2025-03-19 20:54:59.000 +09,부산,(주)신세계자동차,58모9224,4,1,2,547.1463,127.8298,0,0,
38417237,현대,더 뉴 싼타페,가솔린 2.5T 2WD,프레스티지,202105.0,2021,2850.0,57664.0,가솔린,오토,ORIGINAL,일반,2025-03-19 20:54:09.000 +09,경기,럭키상사,142소2517,0,0,2,0.0,0.0,0,0,
38005762,현대,싼타페 TM,가솔린 2.0T 2WD,프레스티지,201910.0,2020,2450.0,55807.0,가솔린,오토,ORIGINAL,일반,2025-03-19 20:54:09.000 +09,경기,럭키상사,119나1319,1,0,3,42.744,0.0,1,0,
38465521,현대,더 뉴 싼타페,디젤 2.2 4WD,프리미엄,202103.0,2021,2850.0,103669.0,디젤,오토,ORIGINAL,일반,2025-03-19 20:54:09.000 +09,경기,럭키상사,184모8800,0,0,2,0.0,0.0,1,0,
38988721,현대,싼타페 (MX5),HEV 1.6 2WD,캘리그래피,202501.0,2025,3744.0,350.0,가솔린+전기,오토,ORIGINAL,렌트,2025-03-19 20:54:03.000 +09,경기,,204호3292,0,0,0,0.0,0.0,0,0,
39250683,현대,싼타페 TM,가솔린 2.0T 2WD,프리미엄,202004.0,2020,2190.0,58280.0,가솔린,오토,ORIGINAL,일반,2025-03-19 20:53:40.000 +09,경기,주식회사 카오토,172두2235,0,0,0,0.0,0.0,0,0,
39256272,현대,싼타페 TM,디젤 2.2 2WD,익스클루시브,201911.0,2020,2099.0,80126.0,디젤,오토,ORIGINAL,일반,2025-03-19 20:53:37.000 +09,경남,넘버원모터스,162우2103,0,0,1,0.0,0.0,1,0,
38371435,현대,싼타페 더 프라임,디젤 2.0 2WD,밸류 플러스,201705.0,2018,1330.0,86276.0,디젤,오토,ORIGINAL,일반,2025-03-19 20:53:20.000 +09,경기,무결점 카모터스,62더2369,6,3,2,652.5017,458.1819,0,0,
38041282,현대,싼타페 TM,디젤 2.2 4WD,인스퍼레이션,202003.0,2020,2830.0,17899.0,디젤,오토,ORIGINAL,일반,2025-03-19 20:52:52.000 +09,경기,자마이카,312나1202,2,1,0,268.4965,28.0,0,0,
37419311,현대,싼타페 TM,디젤 2.0 2WD,프레스티지,201802.0,2019,2170.0,129261.0,디젤,오토,ORIGINAL,일반,2025-03-19 20:51:27.000 +09,대전,오토피아상사 주식회사,255우7759,1,0,3,83.1479,0.0,2,0,
39191645,현대,싼타페 DM,디젤(e-VGT) 2.0 2WD 익스클루시브,(세부등급 없음),201504.0,2015,1380.0,101212.0,디젤,오토,ORIGINAL,일반,2025-03-19 20:50:40.000 +09,울산,더블유오토222호,55저5033,1,0,0,33.4195,0.0,0,0,
38826888,현대,싼타페 TM,가솔린 2.0T 2WD,익스클루시브,202003.0,2020,2540.0,40931.0,가솔린,오토,ORIGINAL,일반,2025-03-19 20:50:09.000 +09,경기,라온모터스,381노9181,0,0,2,0.0,0.0,0,0,
39092217,현대,싼타페 (MX5),가솔린 2.5T 4WD,캘리그래피,202401.0,2024,9999.0,10125.0,가솔린,오토,ORIGINAL,일반,2025-03-19 20:49:58.000 +09,광주,뉴ok모터스,213우3873,1,0,0,60.484,0.0,0,0,
39033682,현대,싼타페 더 프라임,디젤 2.0 2WD,익스클루시브,201512.0,2016,1290.0,111356.0,디젤,오토,ORIGINAL,일반,2025-03-19 20:49:21.000 +09,부산,마이카,48구7094,4,0,1,460.806,0.0,0,0,
38298499,현대,싼타페 (MX5),HEV 1.6 2WD,캘리그래피,202409.0,2024,3860.0,1300.0,가솔린+전기,오토,ORIGINAL,리스,2025-03-19 20:49:02.000 +09,서울,,240구9533,0,0,0,0.0,0.0,0,0,
39228245,현대,싼타페 CM,2WD(2.0VGT) CLX,고급형,200808.0,2009,270.0,266404.0,디젤,오토,ORIGINAL,일반,2025-03-19 20:48:54.000 +09,대전,금평상사,12러5583,4,2,7,556.2799,99.9019,0,0,
38966325,현대,싼타페 더 프라임,디젤 2.0 2WD,익스클루시브 스페셜,201512.0,2016,1290.0,130156.0,디젤,오토,ORIGINAL,일반,2025-03-19 20:48:53.000 +09,부산,(주)강변모터스,299무8673,5,3,2,492.466,428.7669,1,0,
38887350,현대,싼타페 TM,디젤 2.0 2WD,익스클루시브 스페셜,201904.0,2019,2100.0,102425.0,디젤,오토,ORIGINAL,일반,2025-03-19 20:48:40.000 +09,울산,케이비모터스,05라8522,1,0,1,126.769,0.0,0,0,
39030400,현대,싼타페 더 프라임,디젤 2.0 2WD,프리미엄,201510.0,2016,1430.0,101788.0,디젤,오토,ORIGINAL,일반,2025-03-19 20:48:40.000 +09,울산,케이비모터스,66라0507,1,0,4,56.8384,0.0,0,0,
38900569,현대,싼타페 TM,디젤 2.0 2WD,인스퍼레이션,201811.0,2019,2350.0,99600.0,디젤,오토,ORIGINAL,일반,2025-03-19 20:48:20.000 +09,경기,울트라모터스,154무8097,2,0,5,232.3884,0.0,1,0,
39007759,현대,싼타페 더 프라임,디젤 2.0 2WD,프리미엄,201511.0,2016,1520.0,55786.0,디젤,오토,ORIGINAL,일반,2025-03-19 20:48:10.000 +09,대구,오토플러스(주),56루0125,0,1,1,0.0,43.394,0,0,
39177874,현대,더 뉴 싼타페,HEV 1.6 2WD,익스클루시브,202301.0,2023,3190.0,27628.0,가솔린+전기,오토,ORIGINAL,일반,2025-03-19 20:48:10.000 +09,대구,오토플러스(주),312조2653,2,2,1,150.12,160.0,0,0,
38683873,현대,싼타페 (MX5),HEV 1.6 2WD,프레스티지,202404.0,2024,2650.0,6200.0,가솔린+전기,오토,ORIGINAL,렌트,2025-03-19 20:48:08.000 +09,서울,,224호2984,1,0,0,0.0,0.0,0,0,
39129785,현대,더 뉴 싼타페,디젤 2.2 2WD,프레스티지,202007.0,2021,2260.0,111904.0,디젤,오토,ORIGINAL,일반,2025-03-19 20:48:07.000 +09,경기,수원해동자동차,290머2327,1,1,1,81.4754,99.1,0,0,
38555198,현대,더 뉴 싼타페,디젤 2.2 4WD,프리미엄 초이스,202103.0,2021,2799.0,84013.0,디젤,오토,ORIGINAL,일반,2025-03-19 20:47:36.000 +09,경기,오토프라임,164머6606,0,0,1,0.0,0.0,1,0,
38578814,현대,더 뉴 싼타페,디젤 2.2 4WD,프리미엄,202106.0,2021,2799.0,61000.0,디젤,오토,ORIGINAL,일반,2025-03-19 20:47:36.000 +09,경기,오토프라임,353수1572,0,0,1,0.0,0.0,1,0,
38064425,현대,더 뉴 싼타페,디젤 2.2 2WD,프리미엄 초이스,202102.0,2021,2479.0,87299.0,디젤,오토,ORIGINAL,일반,2025-03-19 20:47:35.000 +09,경기,오토프라임,344주8222,1,0,1,164.78,0.0,1,0,
38586855,현대,더 뉴 싼타페,디젤 2.2 4WD,프리미엄,202104.0,2021,2659.0,85144.0,디젤,오토,ORIGINAL,일반,2025-03-19 20:47:35.000 +09,경기,오토프라임,353수1557,0,0,1,0.0,0.0,1,0,
38413027,현대,더 뉴 싼타페,디젤 2.2 2WD,프리미엄 초이스,202102.0,2021,2179.0,105379.0,디젤,오토,ORIGINAL,일반,2025-03-19 20:47:35.000 +09,경기,오토프라임,219무4774,0,0,1,0.0,0.0,1,0,
39000973,현대,싼타페 TM,디젤 2.2 2WD,인스퍼레이션,201812.0,2019,2399.0,89982.0,디젤,오토,ORIGINAL,일반,2025-03-19 20:46:25.000 +09,경기,오토프라임,275구5646,1,0,1,60.869,0.0,1,0,
39130479,현대,싼타페 TM,디젤 2.2 2WD,익스클루시브,201809.0,2019,2230.0,81657.0,디젤,오토,ORIGINAL,일반,2025-03-19 20:46:19.000 +09,대구,(주)오토베이스,63더3063,1,0,0,32.404,0.0,0,0,
39148464,현대,싼타페 TM,디젤 2.0 2WD,익스클루시브 스페셜,201811.0,2019,1950.0,98851.0,디젤,오토,ORIGINAL,일반,2025-03-19 20:46:04.000 +09,경남,(주)이레모터스,48머7461,0,1,1,0.0,243.8194,0,0,
38941362,현대,싼타페 TM,가솔린 2.0T 2WD,프레스티지,201910.0,2020,2390.0,82516.0,가솔린,오토,ORIGINAL,일반,2025-03-19 20:45:52.000 +09,경남,대웅모터스,292오7058,1,2,2,112.4509,265.2371,1,0,
39245170,현대,싼타페 더 프라임,디젤 2.0 4WD,프리미엄,201612.0,2017,1360.0,94959.0,디젤,오토,ORIGINAL,일반,2025-03-19 20:44:02.000 +09,대전,유화자동차,57로4212,1,3,2,433.9368,449.7823,0,0,
38910452,현대,싼타페 TM,디젤 2.0 2WD,인스퍼레이션,201904.0,2019,2820.0,28409.0,디젤,오토,ORIGINAL,일반,2025-03-19 20:43:13.000 +09,서울,(주) 더이룸카,63러5218,0,0,1,0.0,0.0,0,0,
39216390,현대,싼타페 더 프라임,디젤 2.0 2WD,프리미엄,201509.0,2016,1000.0,252000.0,디젤,오토,ORIGINAL,일반,2025-03-19 20:43:10.000 +09,전북,탑모터스,24라4147,5,3,3,674.0927,229.5884,0,0,
39056381,현대,싼타페 DM,디젤(e-VGT) 2.0 2WD 스마트,,201307.0,2014,850.0,82356.0,디젤,오토,ORIGINAL,일반,2025-03-19 20:42:34.000 +09,부산,세인모터스,62나5105,2,3,1,246.0126,933.255,0,0,
38541311,현대,싼타페 (MX5),HEV 1.6 2WD,캘리그래피,202401.0,2024,4700.0,10581.0,가솔린+전기,오토,ORIGINAL,일반,2025-03-19 20:42:08.000 +09,서울,,227구5659,1,0,0,0.0,0.0,0,0,
38671861,현대,싼타페 (MX5),HEV 1.6 2WD,캘리그래피,202410.0,2024,3552.0,1700.0,가솔린+전기,오토,ORIGINAL,렌트,2025-03-19 20:42:08.000 +09,서울,,200허2869,0,0,0,0.0,0.0,0,0,
39241054,현대,더 뉴 싼타페,가솔린 2.5T 4WD,캘리그래피,202307.0,2023,3449.0,47000.0,가솔린,오토,ORIGINAL,일반,2025-03-19 20:41:43.000 +09,대구,SB모터스,204수9708,1,1,0,79.243,107.354,0,0,
38754961,현대,더 뉴 싼타페,가솔린 2.5T 2WD,프레스티지,202212.0,2023,3060.0,41784.0,가솔린,오토,ORIGINAL,일반,2025-03-19 20:41:25.000 +09,충북,청주모터스,306소8104,0,0,1,0.0,0.0,0,0,
37530841,현대,싼타페 DM,디젤(e-VGT) 2.0 2WD 익스클루시브,(세부등급 없음),201503.0,2015,1350.0,115727.0,디젤,오토,ORIGINAL,일반,2025-03-19 20:41:19.000 +09,경기,유니온모터스,27보7282,2,1,1,291.502,585.0,0,0,
39191608,현대,싼타페 CM,2WD(2.2VGT) MLX,최고급형,200606.0,2006,240.0,185192.0,디젤,오토,ORIGINAL,일반,2025-03-19 20:40:44.000 +09,대전,차칸차,06루7865,0,2,1,0.0,74.227,0,0,
39236525,현대,싼타페 CM,2WD(2.0VGT) MLX,고급형,200902.0,2009,385.0,160226.0,디젤,오토,ORIGINAL,일반,2025-03-19 20:40:04.000 +09,충남,(주)리원,54수5248,2,0,2,239.9212,0.0,0,0,
39041985,현대,싼타페 TM,디젤 2.0 2WD,프리미엄,201902.0,2019,1820.0,96047.0,디젤,오토,ORIGINAL,일반,2025-03-19 20:39:49.000 +09,경기,스마일자동차,174부6764,0,1,1,0.0,151.965,1,0,
39148966,현대,싼타페 TM,디젤 2.2 2WD,인스퍼레이션,202005.0,2020,2300.0,129556.0,디젤,오토,ORIGINAL,일반,2025-03-19 20:39:18.000 +09,경기,진모터스,358누9893,4,1,1,551.0638,47.4797,0,0,
39221829,현대,싼타페 TM,디젤 2.0 2WD,익스클루시브,201901.0,2019,1980.0,104182.0,디젤,오토,ORIGINAL,일반,2025-03-19 20:38:22.000 +09,경기,수성자동차,55나6985,0,0,0,0.0,0.0,0,0,
38700443,현대,싼타페 (MX5),HEV 1.6 2WD,캘리그래피,202411.0,2025,3619.0,2200.0,가솔린+전기,오토,ORIGINAL,렌트,2025-03-19 20:38:10.000 +09,서울,,204호6047,0,0,0,0.0,0.0,0,0,
38389415,현대,싼타페 더 프라임,디젤 2.0 2WD,익스클루시브,201702.0,2017,1390.0,144630.0,디젤,오토,ORIGINAL,일반,2025-03-19 20:38:01.000 +09,부산,에이스모터스,39두1733,1,0,5,55.5093,0.0,0,0,
38459968,현대,싼타페 (MX5),가솔린 2.5T 4WD,캘리그래피,202410.0,2025,3650.0,1050.0,가솔린,오토,ORIGINAL,리스,2025-03-19 20:35:03.000 +09,서울,,260머9850,0,1,0,0.0,0.0,0,0,
38400444,현대,싼타페 (MX5),HEV 1.6 2WD,캘리그래피,202408.0,2024,3835.0,100.0,가솔린+전기,오토,ORIGINAL,렌트,2025-03-19 20:35:03.000 +09,서울,,189호1514,0,0,0,0.0,0.0,0,0,
39255466,현대,싼타페 TM,디젤 2.2 4WD,프레스티지,201807.0,2019,2490.0,80809.0,디젤,오토,ORIGINAL,일반,2025-03-19 20:33:57.000 +09,경기,국제자동차매매상사,13버6431,0,0,2,0.0,0.0,0,0,
39187534,현대,더 뉴 싼타페,디젤 2.2 4WD,캘리그래피,202008.0,2021,3120.0,69876.0,디젤,오토,ORIGINAL,일반,2025-03-19 20:33:34.000 +09,경기,스카이모터스,263버2062,2,0,2,200.5672,0.0,0,0,
39025017,현대,더 뉴 싼타페,가솔린 2.5T 2WD,프레스티지,202106.0,2021,2799.0,37756.0,가솔린,오토,ORIGINAL,일반,2025-03-19 20:32:12.000 +09,충남,신광모터스 대표,254부1836,1,0,1,11.2609,0.0,0,0,
39203093,현대,싼타페 (MX5),HEV 1.6 2WD,캘리그래피,202502.0,2025,3753.0,700.0,가솔린+전기,오토,ORIGINAL,렌트,2025-03-19 20:31:02.000 +09,서울,,197하1104,0,0,0,0.0,0.0,0,0,
38932820,현대,싼타페 TM,디젤 2.0 2WD,프레스티지,201901.0,2019,2230.0,73421.0,디젤,오토,ORIGINAL,일반,2025-03-19 20:29:30.000 +09,경기,믿음모터스,50거1988,2,0,2,130.3131,0.0,0,0,
39135978,현대,싼타페 더 프라임,디젤 2.0 2WD,스마트,201507.0,2016,1350.0,74937.0,디젤,오토,ORIGINAL,일반,2025-03-19 20:28:58.000 +09,광주,케이원모터스,49소7859,2,0,2,72.654,0.0,0,0,
39010405,현대,싼타페 TM,디젤 2.2 2WD,프레스티지,201805.0,2019,2330.0,83040.0,디젤,오토,ORIGINAL,일반,2025-03-19 20:28:57.000 +09,광주,케이원모터스,18수2488,0,0,3,0.0,0.0,0,0,
39261966,현대,싼타페 (MX5),가솔린 2.5T 2WD,캘리그래피,202310.0,2024,3990.0,20250.0,가솔린,오토,ORIGINAL,일반,2025-03-19 20:28:21.000 +09,인천,모빌팡,123러2043,0,0,0,0.0,0.0,0,0,
38805496,현대,더 뉴 싼타페,가솔린 2.5T 4WD,캘리그래피,202309.0,2023,3750.0,35085.0,가솔린,오토,ORIGINAL,일반,2025-03-19 20:27:33.000 +09,대구,청구매매상사,212나8711,1,0,0,353.4593,0.0,0,0,
39260905,현대,싼타페 DM,디젤(e-VGT) 2.0 4WD 익스클루시브,(세부등급 없음),201401.0,2014,1330.0,117498.0,디젤,오토,ORIGINAL,일반,2025-03-19 20:27:33.000 +09,대구,청구매매상사,13우5651,2,1,1,76.9058,58.8113,0,0,
39238007,현대,싼타페 DM,디젤(e-VGT) 2.0 4WD 익스클루시브,(세부등급 없음),201403.0,2015,1350.0,95059.0,디젤,오토,ORIGINAL,일반,2025-03-19 20:26:39.000 +09,전북,전주상사,19보5716,2,1,1,166.828,205.5,0,0,
39144859,현대,더 뉴 싼타페,디젤 2.2 2WD,프레스티지,202009.0,2021,2790.0,62220.0,디젤,오토,ORIGINAL,일반,2025-03-19 20:26:10.000 +09,대구,신세계자동차상사,332나6131,0,0,1,0.0,0.0,0,0,
39145045,현대,더 뉴 싼타페,디젤 2.2 2WD,프레스티지,202112.0,2021,2650.0,94199.0,디젤,오토,ORIGINAL,일반,2025-03-19 20:26:03.000 +09,대구,신세계자동차상사,223모8019,0,0,1,0.0,0.0,1,0,
39199676,현대,더 뉴 싼타페,HEV 1.6 2WD,캘리그래피,202303.0,2023,3960.0,23900.0,가솔린+전기,오토,ORIGINAL,일반,2025-03-19 20:25:44.000 +09,경기,준모터스,375부6758,0,1,1,0.0,88.3795,0,0,
38623555,현대,싼타페 TM,디젤 2.2 4WD,프레스티지,201901.0,2019,2590.0,51776.0,디젤,오토,ORIGINAL,일반,2025-03-19 20:25:11.000 +09,경남,바름모터스,367다6501,2,1,3,102.545,242.9543,1,0,
38399328,현대,더 뉴 싼타페,디젤 2.2 2WD,프레스티지,202009.0,2021,3090.0,56259.0,디젤,오토,ORIGINAL,일반,2025-03-19 20:24:02.000 +09,경기,(주)제이제이모터스,304수8096,0,0,0,0.0,0.0,0,0,
39242284,현대,싼타페 더 프라임,디젤 2.0 2WD,익스클루시브 스페셜,201611.0,2017,1690.0,49115.0,디젤,오토,ORIGINAL,일반,2025-03-19 20:24:02.000 +09,대구,다다모터스,38우0299,1,0,1,94.5941,0.0,0,0,
38452139,현대,더 뉴 싼타페,디젤 2.2 2WD,프리미엄,202103.0,2021,2100.0,127369.0,디젤,오토,ORIGINAL,일반,2025-03-19 20:23:54.000 +09,광주,유한회사예림모터스,286너3574,0,0,4,0.0,0.0,1,0,
38498818,현대,싼타페 TM,디젤 2.0 2WD,프리미엄,201909.0,2020,2019.0,68217.0,디젤,오토,ORIGINAL,일반,2025-03-19 20:23:13.000 +09,충남,신세계자동차,316노2686,0,4,0,0.0,340.768,0,0,
39112710,현대,싼타페 TM,디젤 2.0 2WD,익스클루시브 스페셜,201810.0,2019,2260.0,72367.0,디젤,오토,ORIGINAL,일반,2025-03-19 20:21:15.000 +09,서울,비제이카,09도8975,0,1,1,0.0,57.0108,0,0,
39112635,현대,싼타페 TM,가솔린 2.0T 2WD,인스퍼레이션,201906.0,2020,2650.0,52943.0,가솔린,오토,ORIGINAL,일반,2025-03-19 20:20:55.000 +09,경기,제이모션,13모3736,4,1,2,358.5808,99.151,0,0,
39245404,현대,더 뉴 싼타페,가솔린 2.5T 2WD,프레스티지,202111.0,2021,2650.0,59741.0,가솔린,오토,ORIGINAL,일반,2025-03-19 20:17:09.000 +09,부산,수 모터스,109모7257,0,0,0,0.0,0.0,0,0,
39033421,현대,싼타페 더 프라임,디젤 2.0 2WD,프리미엄,201602.0,2016,1299.0,142878.0,디젤,오토,ORIGINAL,일반,2025-03-19 20:17:09.000 +09,부산,수 모터스,14어0940,3,2,3,237.4697,515.565,0,0,
38431395,현대,싼타페 TM,디젤 2.0 2WD,익스클루시브 스페셜,201809.0,2019,1850.0,123558.0,디젤,오토,ORIGINAL,일반,2025-03-19 20:15:23.000 +09,대구,대풍모터스,50누1161,3,0,2,942.655,0.0,0,0,
38606785,현대,싼타페 (MX5),HEV 1.6 4WD,캘리그래피,202310.0,2024,4690.0,23000.0,가솔린+전기,오토,ORIGINAL,일반,2025-03-19 20:15:08.000 +09,인천,뉴현대모터스,226조6969,0,0,0,0.0,0.0,0,0,
39253403,현대,싼타페 TM,디젤 2.0 2WD,프리미엄,202004.0,2020,1790.0,101256.0,디젤,오토,ORIGINAL,일반,2025-03-19 20:15:07.000 +09,서울,(주)애플카,127무6460,0,0,2,0.0,0.0,1,0,
38298501,현대,더 뉴 싼타페,디젤 2.2 4WD,프레스티지,202009.0,2021,2699.0,114577.0,디젤,오토,ORIGINAL,일반,2025-03-19 20:14:49.000 +09,경기,오토프라임,146모9666,1,0,0,26.772,0.0,0,0,
38565219,현대,더 뉴 싼타페,디젤 2.2 4WD,프리미엄,202106.0,2021,2589.0,89757.0,디젤,오토,ORIGINAL,일반,2025-03-19 20:14:49.000 +09,경기,오토프라임,352수4847,0,0,2,0.0,0.0,1,0,
38705802,현대,더 뉴 싼타페,디젤 2.2 4WD,프리미엄,202104.0,2021,2799.0,62892.0,디젤,오토,ORIGINAL,일반,2025-03-19 20:14:49.000 +09,경기,오토프라임,246조6002,0,0,1,0.0,0.0,1,0,
38855393,현대,더 뉴 싼타페,디젤 2.2 4WD,프리미엄,202104.0,2021,2489.0,80702.0,디젤,오토,ORIGINAL,일반,2025-03-19 20:14:49.000 +09,경기,오토프라임,255주9242,0,0,1,0.0,0.0,1,0,
38705794,현대,더 뉴 싼타페,디젤 2.2 4WD,프레스티지,202103.0,2021,2539.0,129035.0,디젤,오토,ORIGINAL,일반,2025-03-19 20:14:49.000 +09,경기,오토프라임,246조6047,1,0,1,33.449,0.0,1,0,
38652818,현대,더 뉴 싼타페,디젤 2.2 4WD,프리미엄,202104.0,2021,2489.0,71581.0,디젤,오토,ORIGINAL,일반,2025-03-19 20:14:49.000 +09,경기,오토프라임,200고8193,1,0,1,87.0204,0.0,1,0,
39167414,현대,더 뉴 싼타페,디젤 2.2 4WD,익스클루시브,202203.0,2022,3039.0,37989.0,디젤,오토,ORIGINAL,일반,2025-03-19 20:14:49.000 +09,경기,오토프라임,269보8606,0,0,1,0.0,0.0,1,0,
38346001,현대,더 뉴 싼타페,디젤 2.2 4WD,프레스티지,202209.0,2022,3399.0,29894.0,디젤,오토,ORIGINAL,일반,2025-03-19 20:14:49.000 +09,경기,오토프라임,245소6647,0,0,1,0.0,0.0,1,0,
38652535,현대,더 뉴 싼타페,디젤 2.2 4WD,프리미엄,202107.0,2021,2689.0,63212.0,디젤,오토,ORIGINAL,일반,2025-03-19 20:14:49.000 +09,경기,오토프라임,200고8164,1,0,1,63.1429,0.0,1,0,
38529583,현대,더 뉴 싼타페,디젤 2.2 2WD,프리미엄,202011.0,2021,2399.0,58240.0,디젤,오토,ORIGINAL,일반,2025-03-19 20:14:49.000 +09,경기,오토프라임,352수4836,0,0,1,0.0,0.0,1,0,
38550933,현대,더 뉴 싼타페,디젤 2.2 4WD,프리미엄,202106.0,2021,2889.0,89943.0,디젤,오토,ORIGINAL,일반,2025-03-19 20:14:49.000 +09,경기,오토프라임,214나9417,0,0,1,0.0,0.0,1,0,
39202838,현대,싼타페 더 프라임,디젤 2.0 2WD,익스클루시브,201604.0,2016,1390.0,127568.0,디젤,오토,ORIGINAL,일반,2025-03-19 20:13:07.000 +09,경북,동원상사ㅣ,65조0925,2,2,3,0.0,25.0,0,0,
38963469,현대,싼타페 더 프라임,디젤 2.0 2WD,익스클루시브,201604.0,2016,1390.0,131578.0,디젤,오토,ORIGINAL,일반,2025-03-19 20:13:06.000 +09,경북,동원상사ㅣ,09누0917,3,1,2,1960.9525,98.444,0,0,
39063410,현대,싼타페 DM,디젤(e-VGT) 2.0 2WD 익스클루시브,(세부등급 없음),201207.0,2013,960.0,124376.0,디젤,오토,ORIGINAL,일반,2025-03-19 20:12:40.000 +09,부산,JJ모터스,20가7457,3,2,1,174.5308,190.2651,0,0,
38871271,현대,싼타페 TM,디젤 2.0 4WD,프리미엄,202003.0,2020,2090.0,70944.0,디젤,오토,ORIGINAL,일반,2025-03-19 20:12:08.000 +09,대구,누리자동차,359버3663,3,0,2,383.0254,0.0,0,0,
38927489,현대,싼타페 (MX5),가솔린 2.5T 2WD,프레스티지,202312.0,2024,3599.0,18724.0,가솔린,오토,ORIGINAL,일반,2025-03-19 20:11:25.000 +09,울산,울산N모터스,126저8697,0,0,0,0.0,0.0,0,0,
39075014,현대,싼타페 TM,디젤 2.0 2WD,익스클루시브 스페셜,201806.0,2019,2020.0,70422.0,디젤,오토,ORIGINAL,일반,2025-03-19 20:11:05.000 +09,경기,엘림자동차,08거6963,1,1,1,89.6686,318.777,0,0,
37932199,현대,싼타페,2.0 디젤 2WD GOLD,기본형,200303.0,2003,220.0,160000.0,디젤,오토,ORIGINAL,일반,2025-03-19 20:07:52.000 +09,부산,UK모터스,03러8120,1,0,2,41.156,0.0,1,0,
39071153,현대,싼타페 (MX5),HEV 1.6 2WD,프레스티지,202410.0,2025,3960.0,9022.0,가솔린+전기,오토,ORIGINAL,일반,2025-03-19 20:07:38.000 +09,전북,대유모터스,317무7034,0,0,1,0.0,0.0,0,0,
39250192,현대,싼타페 (MX5),HEV 1.6 2WD,캘리그래피,202410.0,2025,5190.0,2864.0,가솔린+전기,오토,ORIGINAL,일반,2025-03-19 20:07:32.000 +09,부산,주식회사 라임모터스,164도8123,0,0,0,0.0,0.0,0,0,
38990797,현대,싼타페 (MX5),HEV 1.6 4WD,캘리그래피,202310.0,2024,5088.0,15648.0,가솔린+전기,오토,ORIGINAL,일반,2025-03-19 20:06:07.000 +09,경남,(주)아우토나인,248머9013,0,0,0,0.0,0.0,0,0,
38996825,현대,더 뉴 싼타페,디젤 2.2 4WD,프레스티지,202012.0,2021,2310.0,217488.0,디젤,오토,ORIGINAL,일반,2025-03-19 20:04:17.000 +09,경기,클린오토,185구3077,0,0,1,0.0,0.0,1,0,
38385107,현대,싼타페 더 프라임,디젤 2.0 2WD,모던,201507.0,2016,899.0,180798.0,디젤,오토,ORIGINAL,일반,2025-03-19 20:03:55.000 +09,경기,클린오토,54보6308,4,3,0,318.3508,369.1992,0,0,
39130749,현대,더 뉴 싼타페,디젤 2.2 2WD,프리미엄,202008.0,2021,1999.0,106145.0,디젤,오토,ORIGINAL,일반,2025-03-19 20:03:54.000 +09,경기,클린오토,246루3319,1,1,0,630.338,190.028,0,0,
38901409,현대,싼타페 더 프라임,디젤 2.0 2WD,프리미엄,201603.0,2016,1030.0,149515.0,디젤,오토,ORIGINAL,일반,2025-03-19 20:03:54.000 +09,경기,클린오토,68조0783,0,3,1,0.0,266.6546,0,0,
39078428,현대,싼타페 더 프라임,디젤 2.0 2WD,익스클루시브 스페셜,201601.0,2016,950.0,240876.0,디젤,오토,ORIGINAL,일반,2025-03-19 20:03:54.000 +09,경기,클린오토,25도1486,1,1,0,134.1372,177.26,0,0,
38971271,현대,더 뉴 싼타페,디젤 2.2 2WD,캘리그래피,202009.0,2021,2560.0,80075.0,디젤,오토,ORIGINAL,일반,2025-03-19 20:03:32.000 +09,경북,포항경북자동차상사,247가9873,2,0,1,400.4983,0.0,1,0,
38796240,현대,싼타페 (MX5),HEV 1.6 2WD,프레스티지 플러스,202411.0,2025,2002.0,120.0,가솔린+전기,오토,ORIGINAL,렌트,2025-03-19 20:01:48.000 +09,경기,(주)시온자동차,229호7840,0,0,0,0.0,0.0,0,0,
39006734,현대,싼타페 TM,가솔린 2.0T 2WD,프리미엄,201808.0,2019,1950.0,91390.0,가솔린,오토,ORIGINAL,일반,2025-03-19 19:59:11.000 +09,울산,위드모터스,199버7853,6,0,2,290.9706,0.0,1,0,
39076075,현대,더 뉴 싼타페,HEV 1.6 2WD,캘리그래피,202302.0,2023,3690.0,34254.0,가솔린+전기,오토,ORIGINAL,일반,2025-03-19 19:58:46.000 +09,울산,픽플러스카,311거3182,1,0,0,0.0,0.0,0,0,
39112743,현대,싼타페 TM,가솔린 2.0T 2WD,익스클루시브 스페셜,201902.0,2019,2380.0,48284.0,가솔린,오토,ORIGINAL,일반,2025-03-19 19:58:46.000 +09,울산,픽플러스카,20저3683,0,0,2,0.0,0.0,0,0,
39102062,현대,싼타페 TM,디젤 2.2 4WD,프레스티지,201908.0,2020,2190.0,101403.0,디젤,오토,ORIGINAL,일반,2025-03-19 19:58:09.000 +09,경남,주)V모터스,251다9908,4,1,3,318.2356,235.198,1,0,
38819928,현대,싼타페 더 프라임,디젤 2.0 2WD,익스클루시브,201511.0,2015,1190.0,147344.0,디젤,오토,ORIGINAL,일반,2025-03-19 19:56:16.000 +09,강원,케이원 모터스,35부0984,2,2,1,150.27,153.457,0,0,
39044582,현대,싼타페 TM,디젤 2.0 2WD,프리미엄,201904.0,2019,1680.0,122034.0,디젤,오토,ORIGINAL,일반,2025-03-19 19:56:16.000 +09,강원,케이원 모터스,06로2469,2,6,4,575.5157,875.8363,0,0,
37654898,현대,싼타페 (MX5),HEV 1.6 2WD,프레스티지,202403.0,2024,3675.0,20000.0,가솔린+전기,오토,ORIGINAL,렌트,2025-03-19 19:53:09.000 +09,경기,블루오토,221하5682,0,0,0,0.0,0.0,0,0,
37512391,현대,싼타페 (MX5),HEV 1.6 2WD,프레스티지,202311.0,2024,4062.0,10500.0,가솔린+전기,오토,ORIGINAL,리스,2025-03-19 19:53:08.000 +09,경기,블루오토,220머3269,0,0,0,0.0,0.0,0,0,
39066230,현대,더 뉴 싼타페,디젤 2.2 2WD,프레스티지,202101.0,2021,2749.0,49627.0,디젤,오토,ORIGINAL,일반,2025-03-19 19:52:57.000 +09,경기,기운 모터스,175저9262,0,0,1,0.0,0.0,1,0,
39046492,현대,싼타페 DM,디젤(e-VGT) 2.0 2WD 프리미엄,,201209.0,2013,1199.0,47923.0,디젤,오토,ORIGINAL,일반,2025-03-19 19:52:54.000 +09,경기,청운자동차매매상사,63수4001,0,1,2,0.0,0.0,0,0,
39262303,현대,싼타페 TM,디젤 2.0 4WD,프레스티지,201908.0,2019,2120.0,152000.0,디젤,오토,ORIGINAL,일반,2025-03-19 19:52:35.000 +09,경기,제이원모터스,57라2135,2,0,0,349.0853,0.0,0,0,
38681957,현대,싼타페 TM,가솔린 2.0T 4WD,익스클루시브,201910.0,2020,1999.0,78042.0,가솔린,오토,ORIGINAL,일반,2025-03-19 19:51:53.000 +09,경기,(주)왕카,113루4264,1,3,3,282.8438,447.6284,1,0,
39194898,현대,싼타페 DM,디젤(e-VGT) 2.0 2WD 프리미엄,,201207.0,2013,880.0,115210.0,디젤,오토,ORIGINAL,일반,2025-03-19 19:51:10.000 +09,경기,명문자동차,35너8977,3,3,1,512.8112,373.4998,0,0,
39244041,현대,싼타페 TM,디젤 2.0 2WD,프리미엄,201902.0,2019,1650.0,136921.0,디젤,오토,ORIGINAL,일반,2025-03-19 19:48:40.000 +09,경기,제이모터스,212도9635,0,1,1,0.0,58.5153,1,0,
39000074,현대,싼타페 TM,디젤 2.0 2WD,익스클루시브,201807.0,2019,2150.0,80438.0,디젤,오토,ORIGINAL,일반,2025-03-19 19:48:40.000 +09,경기,제이모터스,65누2899,0,2,1,0.0,58.9988,0,0,
38839894,현대,싼타페 더 프라임,디젤 2.0 2WD,익스클루시브,201611.0,2017,1299.0,163506.0,디젤,오토,ORIGINAL,일반,2025-03-19 19:48:18.000 +09,전남,스타모터스,42로0325,0,0,3,0.0,0.0,0,0,
39255476,현대,싼타페 더 프라임,디젤 2.0 2WD,익스클루시브 스페셜,201603.0,2016,1550.0,97545.0,디젤,오토,ORIGINAL,일반,2025-03-19 19:44:35.000 +09,울산,혁신모터스,10조0497,1,2,3,259.2314,1010.6601,0,0,
39255457,현대,더 뉴 싼타페,가솔린 2.5T 2WD,캘리그래피,202101.0,2021,3050.0,43803.0,가솔린,오토,ORIGINAL,일반,2025-03-19 19:44:35.000 +09,울산,혁신모터스,136모3167,0,0,3,0.0,0.0,0,0,
39111735,현대,싼타페 TM,디젤 2.2 2WD,프레스티지,201807.0,2019,2190.0,73738.0,디젤,오토,ORIGINAL,일반,2025-03-19 19:44:35.000 +09,울산,혁신모터스,30마2953,1,3,1,157.4991,167.833,0,0,
39214384,현대,더 뉴 싼타페,디젤 2.2 2WD,프레스티지,202008.0,2021,2680.0,42458.0,디젤,오토,ORIGINAL,일반,2025-03-19 19:44:35.000 +09,울산,혁신모터스,356주7418,1,1,1,28.06,41.861,0,0,
39129824,현대,더 뉴 싼타페,디젤 2.2 2WD,프리미엄 초이스,202011.0,2021,2699.0,31749.0,디젤,오토,ORIGINAL,일반,2025-03-19 19:44:27.000 +09,광주,(주)워너비모터스,167우6355,0,0,4,0.0,0.0,1,0,
38137641,현대,더 뉴 싼타페,가솔린 2.5T 2WD,프레스티지,202105.0,2021,2799.0,32229.0,가솔린,오토,ORIGINAL,일반,2025-03-19 19:44:26.000 +09,광주,(주)워너비모터스,123마2638,1,0,2,421.358,0.0,0,0,
37717056,현대,싼타페 더 프라임,디젤 2.0 2WD,익스클루시브 스페셜,201606.0,2016,1080.0,174000.0,디젤,오토,ORIGINAL,일반,2025-03-19 19:44:05.000 +09,대전,(주)중고차중대장,19나0839,4,4,2,266.6942,324.8376,0,0,
39174884,현대,싼타페 TM,디젤 2.2 2WD,익스클루시브,201807.0,2019,1680.0,175053.0,디젤,오토,ORIGINAL,일반,2025-03-19 19:43:05.000 +09,경기,서해모터스,60저9947,0,0,0,0.0,0.0,0,0,
38645559,현대,더 뉴 싼타페,HEV 1.6 2WD,캘리그래피,202309.0,2023,3699.0,23876.0,가솔린+전기,오토,ORIGINAL,일반,2025-03-19 19:42:20.000 +09,대구,(주)비엔비모터스,252거8051,1,1,0,153.2654,87.7298,0,0,
38798633,현대,싼타페 TM,디젤 2.0 4WD,프레스티지,201803.0,2019,2499.0,94465.0,디젤,오토,ORIGINAL,일반,2025-03-19 19:42:19.000 +09,대구,(주)비엔비모터스,36머6347,0,0,3,0.0,0.0,0,0,
39227218,현대,더 뉴 싼타페,디젤 2.2 4WD,프리미엄,202104.0,2021,2750.0,61681.0,디젤,오토,ORIGINAL,일반,2025-03-19 19:40:37.000 +09,경기,두드림자동차,269우2222,0,0,1,0.0,0.0,1,0,
39211721,현대,싼타페 TM,가솔린 2.0T 4WD,익스클루시브 스페셜,201808.0,2019,2470.0,63061.0,가솔린,오토,ORIGINAL,일반,2025-03-19 19:39:58.000 +09,경기,두드림자동차,05주2731,2,2,1,209.1912,141.4276,0,0,
38511751,현대,싼타페 (MX5),가솔린 2.5T 2WD,캘리그래피,202402.0,2024,4100.0,22779.0,가솔린,오토,ORIGINAL,일반,2025-03-19 19:39:45.000 +09,경기,유일오토,225거1605,1,1,0,227.172,76.928,0,0,
39228371,현대,싼타페 더 프라임,디젤 2.0 2WD,프리미엄,201511.0,2016,1320.0,123864.0,디젤,오토,ORIGINAL,일반,2025-03-19 19:39:11.000 +09,경기,(주)우리들모터스,05너0458,3,0,0,254.3345,0.0,0,0,
38905480,현대,싼타페 DM,디젤(e-VGT) 2.2 4WD 프리미엄,,201412.0,2015,1090.0,141978.0,디젤,오토,ORIGINAL,일반,2025-03-19 19:38:44.000 +09,광주,용진모터스,31두7904,2,1,2,208.4462,55.7693,0,0,
39076158,현대,싼타페 CM,2WD(2.0VGT) CLX,최고급형,200903.0,2009,999.0,125900.0,디젤,오토,ORIGINAL,일반,2025-03-19 19:38:40.000 +09,대전,(주)케이티모터스,38더1019,3,0,1,216.9576,0.0,0,0,
38668666,현대,더 뉴 싼타페,가솔린 2.5T 2WD,익스클루시브,202201.0,2022,2570.0,52318.0,가솔린,오토,ORIGINAL,일반,2025-03-19 19:37:43.000 +09,경기,제이디모터스,232로9116,0,1,1,0.0,230.707,0,0,
39102019,현대,싼타페 TM,가솔린 2.0T 2WD,프레스티지,202002.0,2020,2150.0,112654.0,가솔린,오토,ORIGINAL,일반,2025-03-19 19:35:17.000 +09,경기,카메이트,167오2211,2,1,0,198.7506,44.658,0,0,
38401192,현대,싼타페 (MX5),HEV 1.6 4WD,캘리그래피,202311.0,2023,4990.0,19222.0,가솔린+전기,오토,ORIGINAL,일반,2025-03-19 19:34:22.000 +09,대구,동영자동차,146우5467,0,0,0,0.0,0.0,0,0,
39171221,현대,싼타페 TM,디젤 2.2 4WD,프레스티지,201902.0,2019,2580.0,86700.0,디젤,오토,ORIGINAL,일반,2025-03-19 19:34:18.000 +09,경기,카메이트,54루9578,1,0,0,33.776,0.0,0,0,
39192431,현대,싼타페 TM,디젤 2.2 4WD,인스퍼레이션,201811.0,2019,2250.0,121293.0,디젤,오토,ORIGINAL,일반,2025-03-19 19:33:53.000 +09,경기,카메이트,10무5621,2,1,0,56.425,60.1873,0,0,
39240534,현대,싼타페 DM,디젤(e-VGT) 2.2 4WD 스마트,,201303.0,2013,790.0,143184.0,디젤,오토,ORIGINAL,일반,2025-03-19 19:33:39.000 +09,대구,국일상사,06어0443,2,4,5,1107.302,776.712,2,0,
38642392,현대,싼타페 더 프라임,디젤 2.0 4WD,1 밀리언,201608.0,2017,1650.0,139676.0,디젤,오토,ORIGINAL,일반,2025-03-19 19:33:21.000 +09,대구,뉴카플러스,07도2987,2,0,2,240.268,0.0,1,0,
38661318,현대,싼타페 TM,디젤 2.0 2WD,익스클루시브,202003.0,2020,2339.0,67229.0,디젤,오토,ORIGINAL,일반,2025-03-19 19:33:11.000 +09,대구,월성 자동차상사,378부1041,0,0,1,0.0,0.0,0,0,
38683332,현대,더 뉴 싼타페,디젤 2.2 2WD,캘리그래피,202102.0,2021,5555.0,47489.0,디젤,오토,ORIGINAL,일반,2025-03-19 19:32:34.000 +09,전북,유정모터스,388어5538,1,0,3,73.26,0.0,0,0,
37938449,현대,싼타페 DM,디젤(e-VGT) 2.2 2WD 익스클루시브,(세부등급 없음),201411.0,2015,1240.0,108100.0,디젤,오토,ORIGINAL,일반,2025-03-19 19:32:33.000 +09,부산,신우모터스,40모1014,1,1,7,41.864,82.5448,0,0,
38956141,현대,싼타페 DM,디젤(e-VGT) 2.0 2WD 프리미엄,,201502.0,2015,1250.0,65124.0,디젤,오토,ORIGINAL,일반,2025-03-19 19:32:32.000 +09,부산,카뱅모터스,58마5677,4,1,1,122.53,0.0,0,0,
39257108,현대,더 뉴 싼타페,디젤 2.2 2WD,프레스티지,202103.0,2021,2799.0,58930.0,디젤,오토,ORIGINAL,일반,2025-03-19 19:31:51.000 +09,경기,카메이트,116노4344,0,0,0,0.0,0.0,0,0,
39016210,현대,싼타페 TM,디젤 2.2 4WD,인스퍼레이션,201906.0,2020,2720.0,96341.0,디젤,오토,ORIGINAL,일반,2025-03-19 19:31:32.000 +09,경남,선경모터스,46버6082,2,2,4,320.2658,259.382,0,0,
39081257,현대,더 뉴 싼타페,HEV 1.6 2WD,프레스티지 초이스,202302.0,2023,3470.0,20142.0,가솔린+전기,오토,ORIGINAL,일반,2025-03-19 19:29:54.000 +09,대구,유카 대구지점,222부6155,0,0,0,0.0,0.0,0,0,
39167482,현대,더 뉴 싼타페,가솔린 2.5T 2WD,캘리그래피,202103.0,2021,3270.0,23384.0,가솔린,오토,ORIGINAL,일반,2025-03-19 19:29:54.000 +09,대구,유카 대구지점,130거3307,0,0,1,0.0,0.0,0,0,
39167778,현대,더 뉴 싼타페,HEV 1.6 2WD,익스클루시브,202204.0,2022,3170.0,29863.0,가솔린+전기,오토,ORIGINAL,일반,2025-03-19 19:29:54.000 +09,대구,유카 대구지점,104오9435,0,0,0,0.0,0.0,0,0,
39157588,현대,더 뉴 싼타페,HEV 1.6 2WD,프레스티지,202302.0,2023,3280.0,33823.0,가솔린+전기,오토,ORIGINAL,일반,2025-03-19 19:29:54.000 +09,대구,유카 대구지점,143버1474,0,0,0,0.0,0.0,0,0,
39177714,현대,더 뉴 싼타페,HEV 1.6 4WD,캘리그래피,202302.0,2023,3880.0,28879.0,가솔린+전기,오토,ORIGINAL,일반,2025-03-19 19:29:54.000 +09,대구,유카 대구지점,164더6497,0,0,0,0.0,0.0,0,0,
39243171,현대,더 뉴 싼타페,가솔린 2.5T 2WD,캘리그래피,202102.0,2021,3299.0,23698.0,가솔린,오토,ORIGINAL,일반,2025-03-19 19:29:54.000 +09,대구,유카 대구지점,335오5441,0,0,1,0.0,0.0,0,0,
39200210,현대,싼타페 (MX5),HEV 1.6 2WD,캘리그래피,202312.0,2024,4350.0,39827.0,가솔린+전기,오토,ORIGINAL,일반,2025-03-19 19:29:54.000 +09,대구,유카 대구지점,105어3093,0,0,0,0.0,0.0,0,0,
38753736,현대,더 뉴 싼타페,디젤 2.2 2WD,캘리그래피,202211.0,2023,3590.0,40746.0,디젤,오토,ORIGINAL,일반,2025-03-19 19:28:50.000 +09,울산,엘리트자동차매매상사,333루4130,2,0,1,150.2045,0.0,0,0,
38957851,현대,더 뉴 싼타페,디젤 2.2 2WD,프레스티지,202301.0,2023,3150.0,18260.0,디젤,오토,ORIGINAL,일반,2025-03-19 19:28:36.000 +09,경기,스마일자동차,257보9233,0,0,0,0.0,0.0,0,0,
38803970,현대,더 뉴 싼타페,가솔린 2.5T 2WD,프레스티지,202301.0,2023,3130.0,35852.0,가솔린,오토,ORIGINAL,일반,2025-03-19 19:27:18.000 +09,경기,기분좋은자동차,103너5384,0,0,0,0.0,0.0,0,0,
39172514,현대,싼타페 DM,디젤(e-VGT) 2.0 2WD 프리미엄,,201503.0,2015,950.0,214356.0,디젤,오토,ORIGINAL,일반,2025-03-19 19:27:10.000 +09,대전,(주)하입카즈,65어8724,2,2,1,199.925,239.843,0,0,
39053406,현대,더 뉴 싼타페,HEV 1.6 2WD,캘리그래피,202301.0,2023,3950.0,20345.0,가솔린+전기,오토,ORIGINAL,일반,2025-03-19 19:26:51.000 +09,부산,주식회사 더마니카,185오3900,0,0,0,0.0,0.0,0,0,
39045071,현대,더 뉴 싼타페,HEV 1.6 2WD,캘리그래피,202302.0,2023,3690.0,33277.0,가솔린+전기,오토,ORIGINAL,일반,2025-03-19 19:26:50.000 +09,경기,(주)하나오토,153라8672,0,1,0,0.0,0.0,0,0,
39228611,현대,싼타페 (MX5),가솔린 2.5T 4WD,캘리그래피,202309.0,2024,4200.0,16204.0,가솔린,오토,ORIGINAL,일반,2025-03-19 19:26:39.000 +09,대구,(주)한가람,195하5071,0,1,0,0.0,95.0,0,0,
39244052,현대,싼타페 더 프라임,디젤 2.0 2WD,밸류 플러스,201803.0,2018,1650.0,91530.0,디젤,오토,ORIGINAL,일반,2025-03-19 19:25:22.000 +09,전북,한마음모터스,54다8627,1,2,1,51.1367,269.855,0,0,
39210058,현대,싼타페 (MX5),가솔린 2.5T 4WD,캘리그래피,202312.0,2024,4649.0,7700.0,가솔린,오토,ORIGINAL,일반,2025-03-19 19:23:51.000 +09,경기,(주)고물상,154너7699,0,0,1,0.0,0.0,0,0,
39243589,현대,싼타페 TM,디젤 2.0 2WD,프리미엄,201911.0,2020,1840.0,90886.0,디젤,오토,ORIGINAL,일반,2025-03-19 19:23:50.000 +09,경기,(주)고물상,308수3149,1,0,3,65.0196,0.0,0,0,
38670242,현대,더 뉴 싼타페,디젤 2.2 2WD,프리미엄 초이스,202009.0,2021,2290.0,86470.0,디젤,오토,ORIGINAL,일반,2025-03-19 19:22:09.000 +09,대구,우리자동차상사,240버6101,4,2,0,431.2229,163.9139,0,0,
38829227,현대,싼타페 TM,디젤 2.0 2WD,익스클루시브 스페셜,201905.0,2019,1940.0,115134.0,디젤,오토,ORIGINAL,일반,2025-03-19 19:21:20.000 +09,경기,스카이모터스,61저8728,2,1,0,242.4725,310.9024,0,0,
39178806,현대,더 뉴 싼타페,디젤 2.2 2WD,프리미엄 초이스,202007.0,2021,2240.0,109294.0,디젤,오토,ORIGINAL,일반,2025-03-19 19:21:20.000 +09,경기,스카이모터스,101노3504,1,0,0,101.9844,0.0,0,0,
38963127,현대,더 뉴 싼타페,가솔린 2.5T 2WD,프레스티지,202111.0,2021,3020.0,18931.0,가솔린,오토,ORIGINAL,일반,2025-03-19 19:21:20.000 +09,경기,스카이모터스,210부1245,0,0,1,0.0,0.0,0,0,
39184703,현대,더 뉴 싼타페,디젤 2.2 2WD,캘리그래피,202008.0,2021,2950.0,42114.0,디젤,오토,ORIGINAL,일반,2025-03-19 19:20:57.000 +09,부산,(주)신세계모터스,170조9336,1,2,1,108.36,284.8209,0,0,
38060805,현대,더 뉴 싼타페,가솔린 2.5T 2WD,익스클루시브,202203.0,2022,2760.0,48000.0,가솔린,오토,ORIGINAL,일반,2025-03-19 19:20:52.000 +09,광주,바로모터스,147하1127,0,0,0,0.0,0.0,0,0,
38493196,현대,싼타페 TM,디젤 2.0 2WD,익스클루시브,201807.0,2019,1820.0,122003.0,디젤,오토,ORIGINAL,일반,2025-03-19 19:20:31.000 +09,경기,세이프카,61누8719,0,0,3,0.0,0.0,0,0,
39215690,현대,싼타페 더 프라임,디젤 2.0 2WD,밸류 플러스,201710.0,2018,1750.0,62579.0,디젤,오토,ORIGINAL,일반,2025-03-19 19:19:24.000 +09,경기,세종오토,33가9594,0,1,1,0.0,0.0,0,0,
38727246,현대,싼타페 TM,가솔린 2.0T 2WD,인스퍼레이션,202003.0,2020,2870.0,51437.0,가솔린,오토,ORIGINAL,일반,2025-03-19 19:17:03.000 +09,광주,(유) 정도모터스,262가1641,1,0,1,20.198,0.0,0,0,
39126409,현대,더 뉴 싼타페,가솔린 2.5T 2WD,프레스티지,202208.0,2022,3170.0,45743.0,가솔린,오토,ORIGINAL,일반,2025-03-19 19:17:03.000 +09,광주,(유) 정도모터스,104버9389,0,0,0,0.0,0.0,0,0,
39251742,현대,싼타페 TM,디젤 2.0 2WD,인스퍼레이션,201808.0,2019,2170.0,83962.0,디젤,오토,ORIGINAL,일반,2025-03-19 19:14:26.000 +09,경기,스마일자동차,31다6943,3,1,2,569.0978,42.3559,0,0,
39142571,현대,싼타페 더 프라임,디젤 2.0 2WD,프리미엄,201609.0,2016,1010.0,181656.0,디젤,오토,ORIGINAL,일반,2025-03-19 19:14:23.000 +09,경기,스마일자동차,62다0246,2,1,3,180.2596,97.3693,0,0,
38701261,현대,더 뉴 싼타페,디젤 2.2 2WD,프레스티지,202008.0,2021,2250.0,101561.0,디젤,오토,ORIGINAL,일반,2025-03-19 19:14:16.000 +09,경기,(주)엠모터스,388거8856,0,1,1,0.0,109.1,0,0,
38822391,현대,싼타페 TM,가솔린 2.0T 2WD,인스퍼레이션,202002.0,2020,2850.0,50712.0,가솔린,오토,ORIGINAL,일반,2025-03-19 19:13:03.000 +09,대전,(주)백제자동차,306주7488,2,1,1,178.0848,43.672,0,0,
39137907,현대,싼타페 더 프라임,디젤 2.0 2WD,모던,201601.0,2016,1300.0,125564.0,디젤,오토,ORIGINAL,일반,2025-03-19 19:13:02.000 +09,전북,성화모터스,18주0457,6,5,4,586.9034,207.624,0,0,
38985929,현대,싼타페 더 프라임,디젤 2.2 2WD,익스클루시브 스페셜,201605.0,2016,1299.0,137862.0,디젤,오토,ORIGINAL,일반,2025-03-19 19:12:51.000 +09,대구,M월드 향인모터스,13나0801,6,1,4,271.2773,142.265,0,0,
38986180,현대,싼타페 더 프라임,디젤 2.2 2WD,익스클루시브 스페셜,201605.0,2016,1299.0,137862.0,디젤,오토,ORIGINAL,일반,2025-03-19 19:12:51.000 +09,대구,M월드 향인모터스,13나0801,6,1,4,271.2773,142.265,0,0,
39165427,현대,더 뉴 싼타페,디젤 2.2 2WD,프리미엄 초이스,202009.0,2021,2499.0,58236.0,디젤,오토,ORIGINAL,일반,2025-03-19 19:12:20.000 +09,서울,드림카,281수8838,0,0,1,0.0,0.0,1,0,
39089634,현대,더 뉴 싼타페,디젤 2.2 2WD,프리미엄 초이스,202103.0,2021,2750.0,54022.0,디젤,오토,ORIGINAL,일반,2025-03-19 19:12:20.000 +09,서울,드림카,281수8814,0,1,1,0.0,145.3053,1,0,
39245366,현대,싼타페 CM,2WD(2.0 e-VGT) MLX,럭셔리,201005.0,2010,520.0,200249.0,디젤,오토,ORIGINAL,일반,2025-03-19 19:12:10.000 +09,대구,대공모터스,22나5500,0,1,3,0.0,61.181,0,0,
38472598,현대,싼타페 TM,디젤 2.0 2WD,프레스티지,201806.0,2019,1799.0,114681.0,디젤,오토,ORIGINAL,일반,2025-03-19 19:12:00.000 +09,충남,착한자동차,29조1766,3,3,4,217.7418,220.0392,0,0,
39135770,현대,싼타페 더 프라임,디젤 2.0 2WD,프리미엄,201509.0,2016,1190.0,153054.0,디젤,오토,ORIGINAL,일반,2025-03-19 19:11:54.000 +09,대구,아이엠모터스,49무0647,1,1,2,92.3251,28.5534,0,0,
39143768,현대,싼타페 DM,디젤(e-VGT) 2.0 2WD 익스클루시브,(세부등급 없음),201212.0,2013,940.0,161454.0,디젤,오토,ORIGINAL,일반,2025-03-19 19:11:29.000 +09,인천,착한중고차,22노9557,3,3,1,223.6033,208.3708,0,0,
38817384,현대,싼타페 더 프라임,디젤 2.0 2WD,프리미엄,201507.0,2016,1169.0,128894.0,디젤,오토,ORIGINAL,일반,2025-03-19 19:11:29.000 +09,인천,착한중고차,34가0174,1,1,3,91.6122,56.4653,0,0,
38878686,현대,싼타페 TM,디젤 2.0 4WD,프리미엄,202001.0,2020,1550.0,185668.0,디젤,오토,ORIGINAL,일반,2025-03-19 19:11:27.000 +09,대전,(주)금성모터스,150하6497,2,0,0,117.2474,0.0,0,0,
38907597,현대,싼타페 TM,가솔린 2.0T 2WD,인스퍼레이션,201910.0,2020,2150.0,125986.0,가솔린,오토,ORIGINAL,일반,2025-03-19 19:11:27.000 +09,대전,(주)금성모터스,150허9449,2,0,0,223.0627,0.0,0,0,
39072699,현대,더 뉴 싼타페,디젤 2.2 2WD,캘리그래피,202012.0,2021,2280.0,140426.0,디젤,오토,ORIGINAL,일반,2025-03-19 19:11:27.000 +09,대전,(주)금성모터스,182호2357,0,0,0,0.0,0.0,0,0,
39170724,현대,싼타페 TM,디젤 2.0 2WD,익스클루시브 스페셜,201901.0,2019,1580.0,353909.0,디젤,오토,ORIGINAL,일반,2025-03-19 19:11:27.000 +09,대전,(주)금성모터스,23하0167,0,0,0,0.0,0.0,0,0,
37539050,현대,더 뉴 싼타페,디젤 2.2 2WD,프리미엄,202104.0,2021,2520.0,95801.0,디젤,오토,ORIGINAL,일반,2025-03-19 19:11:05.000 +09,경기,GM카마트,241고8049,0,0,1,0.0,0.0,1,0,
38202528,현대,싼타페 TM,디젤 2.0 2WD,프리미엄,201910.0,2020,2270.0,58247.0,디젤,오토,ORIGINAL,일반,2025-03-19 19:11:05.000 +09,경기,GM카마트,177루1888,0,0,2,0.0,0.0,1,0,
38317251,현대,더 뉴 싼타페,HEV 1.6 2WD,익스클루시브,202110.0,2022,2880.0,75037.0,가솔린+전기,오토,ORIGINAL,일반,2025-03-19 19:11:04.000 +09,경기,GM카마트,346무9411,1,0,1,75.5,0.0,0,0,
39081576,현대,싼타페 CM,2WD(2.2VGT) MLX,최고급형,200601.0,2006,310.0,163186.0,디젤,오토,ORIGINAL,일반,2025-03-19 19:10:48.000 +09,부산,주식회사정진엠티에스,04도3710,3,2,9,120.877,52.9483,0,0,
38621791,현대,더 뉴 싼타페,디젤 2.2 2WD,프리미엄,202107.0,2021,2620.0,43483.0,디젤,오토,ORIGINAL,일반,2025-03-19 19:10:43.000 +09,경남,차차차모터스,338로4229,0,0,1,0.0,0.0,0,0,
38965208,현대,더 뉴 싼타페,가솔린 2.5T 2WD,프레스티지,202204.0,2022,2370.0,83000.0,가솔린,오토,ORIGINAL,일반,2025-03-19 19:06:50.000 +09,전북,유진모터스,347나7710,2,1,0,758.3086,58.2734,0,0,
38754510,현대,싼타페 TM,디젤 2.0 2WD,익스클루시브 스페셜,201805.0,2019,2150.0,66000.0,디젤,오토,ORIGINAL,일반,2025-03-19 19:06:49.000 +09,전북,유진모터스,39너5685,1,5,0,135.7225,324.7137,0,0,
39034845,현대,더 뉴 싼타페,HEV 1.6 2WD,프레스티지,202108.0,2022,2399.0,139908.0,가솔린+전기,오토,ORIGINAL,일반,2025-03-19 19:06:04.000 +09,경기,유레카,169도1526,0,0,1,0.0,0.0,0,0,
38588942,현대,싼타페 더 프라임,디젤 2.0 2WD,모던,201512.0,2016,1130.0,109251.0,디젤,오토,ORIGINAL,일반,2025-03-19 19:04:00.000 +09,부산,광덕모터스,382조5946,1,1,3,57.46,187.3629,1,0,
39201501,현대,싼타페 더 프라임,디젤 2.0 2WD,익스클루시브 스페셜,201601.0,2016,1550.0,125207.0,디젤,오토,ORIGINAL,일반,2025-03-19 19:03:51.000 +09,경기,주식회사 오토빌리지,29버0806,0,1,4,0.0,30.5764,0,0,
39037634,현대,싼타페 TM,디젤 2.0 2WD,익스클루시브 스페셜,201903.0,2019,9999.0,54445.0,디젤,오토,ORIGINAL,일반,2025-03-19 19:02:53.000 +09,대구,오토플러스(주),34거5951,1,1,1,50.8129,95.1,0,0,
38998691,현대,싼타페 TM,디젤 2.0 2WD,익스클루시브,201808.0,2019,2250.0,69551.0,디젤,오토,ORIGINAL,일반,2025-03-19 19:02:53.000 +09,대구,오토플러스(주),42저6456,2,3,1,71.09,251.3058,0,0,
38945178,현대,싼타페 TM,디젤 2.0 2WD,익스클루시브,201804.0,2018,1960.0,98185.0,디젤,오토,ORIGINAL,일반,2025-03-19 19:02:53.000 +09,대구,오토플러스(주),61도7915,0,0,1,0.0,0.0,0,0,
38881388,현대,싼타페 TM,디젤 2.2 4WD,프레스티지,201805.0,2019,2400.0,62140.0,디젤,오토,ORIGINAL,일반,2025-03-19 19:02:53.000 +09,대구,오토플러스(주),26조5554,0,0,0,0.0,0.0,0,0,
39046567,현대,더 뉴 싼타페,HEV 1.6 2WD,프레스티지,202107.0,2022,2590.0,127291.0,가솔린+전기,오토,ORIGINAL,일반,2025-03-19 19:02:06.000 +09,경기,(주)으뜸자동차,128로6134,1,0,0,216.5204,0.0,0,0,
39175421,현대,싼타페 TM,디젤 2.2 2WD,인스퍼레이션,201807.0,2019,2330.0,83903.0,디젤,오토,ORIGINAL,일반,2025-03-19 19:02:04.000 +09,울산,스타자동차매매상사,206거5721,1,0,3,80.93,0.0,1,0,
38729885,현대,더 뉴 싼타페,디젤 2.2 2WD,프레스티지,202009.0,2021,3090.0,56677.0,디젤,오토,ORIGINAL,일반,2025-03-19 19:01:12.000 +09,대전,주식회사 열린자동차,212서1153,0,0,1,0.0,0.0,1,0,
38951332,현대,더 뉴 싼타페,디젤 2.2 2WD,프리미엄 초이스,202010.0,2021,2190.0,96745.0,디젤,오토,ORIGINAL,일반,2025-03-19 18:58:38.000 +09,대전,로또자동차,347거5620,1,3,1,24.7169,240.6061,1,0,
38657991,현대,더 뉴 싼타페,가솔린 2.5T 2WD,프레스티지 초이스,202306.0,2023,3090.0,31782.0,가솔린,오토,ORIGINAL,일반,2025-03-19 18:58:06.000 +09,전북,(유)카마트모터스,180조8504,1,0,1,79.7,0.0,0,0,
38658688,현대,더 뉴 싼타페,디젤 2.2 2WD,프레스티지,202012.0,2021,2750.0,78151.0,디젤,오토,ORIGINAL,일반,2025-03-19 18:58:06.000 +09,전북,(유)카마트모터스,161노1257,3,0,1,386.1716,0.0,0,0,
38398281,현대,더 뉴 싼타페,디젤 2.2 2WD,캘리그래피,202302.0,2023,3450.0,33613.0,디젤,오토,ORIGINAL,일반,2025-03-19 18:54:10.000 +09,부산,더카모터스,197고3951,0,0,0,0.0,0.0,0,0,
38893104,현대,싼타페 TM,디젤 2.0 2WD,프리미엄,201901.0,2019,1799.0,126507.0,디젤,오토,ORIGINAL,일반,2025-03-19 18:54:00.000 +09,전북,장동매매상사,33모6195,0,0,3,0.0,0.0,0,0,
39006424,현대,싼타페 TM,디젤 2.0 2WD,프레스티지,201910.0,2020,2150.0,77905.0,디젤,오토,ORIGINAL,일반,2025-03-19 18:53:34.000 +09,대구,일품 모터스,311다4003,2,0,1,734.455,0.0,0,0,
38987497,현대,싼타페 TM,디젤 2.0 2WD,익스클루시브 스페셜,201902.0,2019,2190.0,96360.0,디젤,오토,ORIGINAL,일반,2025-03-19 18:53:02.000 +09,경기,차란차(주),68누3591,0,1,1,0.0,72.2604,0,0,
38967301,현대,더 뉴 싼타페,가솔린 2.5T 4WD,캘리그래피,202212.0,2023,3679.0,27705.0,가솔린,오토,ORIGINAL,일반,2025-03-19 18:52:42.000 +09,광주,조이갤러리,104머7295,0,0,0,0.0,0.0,0,0,
39235126,현대,싼타페 더 프라임,디젤 2.0 2WD,밸류 플러스,201712.0,2018,1500.0,123035.0,디젤,오토,ORIGINAL,일반,2025-03-19 18:52:01.000 +09,경기,(주)청구모터스,28수4450,1,1,1,174.725,152.1375,0,0,
39269351,현대,싼타페 TM,가솔린 2.0T 4WD,프레스티지,202003.0,2020,2430.0,102642.0,가솔린,오토,ORIGINAL,일반,2025-03-19 18:51:20.000 +09,경기,남수원모터스,395어1419,0,0,0,0.0,0.0,0,0,
39131926,현대,싼타페 TM,디젤 2.0 2WD,익스클루시브 스페셜,201904.0,2019,1970.0,62300.0,디젤,오토,ORIGINAL,일반,2025-03-19 18:50:01.000 +09,경기,(주)유니앤모터스,311너2763,3,2,2,201.6601,805.71,1,0,
39015374,현대,싼타페 TM,디젤 2.0 2WD,인스퍼레이션,201907.0,2020,2390.0,105959.0,디젤,오토,ORIGINAL,일반,2025-03-19 18:48:58.000 +09,경기,우리들모터스,233소5757,5,2,2,326.8918,103.5082,1,0,
39257895,현대,싼타페 더 프라임,디젤 2.0 2WD,프리미엄,201603.0,2016,1060.0,152966.0,디젤,오토,ORIGINAL,일반,2025-03-19 18:47:31.000 +09,경남,마인드카,15로0779,1,0,1,35.918,0.0,0,0,
39009428,현대,싼타페 TM,가솔린 2.0T 2WD,익스클루시브,202001.0,2020,1999.0,105020.0,가솔린,오토,ORIGINAL,일반,2025-03-19 18:47:11.000 +09,경기,더뉴스마트주식회사,141로3624,0,1,1,0.0,0.0,0,0,
39261198,현대,더 뉴 싼타페,디젤 2.2 2WD,프레스티지,202009.0,2021,1850.0,92695.0,디젤,오토,ORIGINAL,일반,2025-03-19 18:46:37.000 +09,경기,로또모터스,367어7193,3,0,3,1428.1863,0.0,0,0,
39209589,현대,싼타페 TM,디젤 2.0 2WD,프레스티지,201805.0,2019,2020.0,95730.0,디젤,오토,ORIGINAL,일반,2025-03-19 18:45:17.000 +09,경남,재운모터스,62거6976,5,3,1,477.2033,225.552,0,0,
39258746,현대,싼타페 더 프라임,디젤 2.0 2WD,프리미엄,201510.0,2016,1300.0,118854.0,디젤,오토,ORIGINAL,일반,2025-03-19 18:45:15.000 +09,대구,(주)고려자동차,09마0937,1,0,1,185.6842,0.0,0,0,
38981629,현대,싼타페 TM,디젤 2.2 2WD,프레스티지,201911.0,2020,2520.0,66546.0,디젤,오토,ORIGINAL,일반,2025-03-19 18:45:05.000 +09,대구,오토플러스(주),229마8124,1,0,0,158.1209,0.0,0,0,
38883841,현대,싼타페 TM,디젤 2.0 2WD,프레스티지,201808.0,2019,2350.0,33945.0,디젤,오토,ORIGINAL,일반,2025-03-19 18:45:04.000 +09,대구,오토플러스(주),38모9427,0,0,1,0.0,0.0,0,0,
38869371,현대,싼타페 TM,디젤 2.0 2WD,프레스티지,201908.0,2020,2130.0,102818.0,디젤,오토,ORIGINAL,일반,2025-03-19 18:45:04.000 +09,대구,오토플러스(주),174우2082,1,0,5,60.9929,0.0,1,0,
38618410,현대,싼타페 TM,디젤 2.2 4WD,프레스티지,201804.0,2019,2240.0,109335.0,디젤,오토,ORIGINAL,일반,2025-03-19 18:44:14.000 +09,대전,영모터스,03다4318,0,0,2,0.0,0.0,0,0,
39246872,현대,싼타페 TM,디젤 2.0 2WD,프레스티지,201805.0,2019,2220.0,73864.0,디젤,오토,ORIGINAL,일반,2025-03-19 18:42:29.000 +09,울산,에스오토,60도3757,0,0,1,0.0,0.0,0,0,
39235254,현대,싼타페 TM,가솔린 2.0T 2WD,프리미엄,202004.0,2020,2190.0,58272.0,가솔린,오토,ORIGINAL,일반,2025-03-19 18:40:03.000 +09,경기,주식회사 카오토,172두2235,0,0,0,0.0,0.0,0,0,
39271125,현대,싼타페 (MX5),가솔린 2.5T 2WD,프레스티지,202310.0,2024,3700.0,33690.0,가솔린,오토,ORIGINAL,렌트,2025-03-19 18:39:51.000 +09,서울,,198허9816,0,0,0,0.0,0.0,0,0,
39188187,현대,싼타페 TM,디젤 2.2 4WD,인스퍼레이션,201906.0,2020,2640.0,78114.0,디젤,오토,ORIGINAL,일반,2025-03-19 18:39:51.000 +09,서울,주식회사 하이마이카,332거4866,0,0,0,0.0,0.0,1,0,
39236818,현대,싼타페 DM,디젤(e-VGT) 2.2 4WD 스마트,,201208.0,2013,980.0,53170.0,디젤,오토,ORIGINAL,일반,2025-03-19 18:38:42.000 +09,경기,애니원모터스,58어3345,1,1,0,74.337,51.205,0,0,
39066078,현대,싼타페 TM,디젤 2.2 4WD,인스퍼레이션,201810.0,2019,2390.0,107534.0,디젤,오토,ORIGINAL,일반,2025-03-19 18:38:13.000 +09,대전,(주)에이원모터스,28라7034,1,0,0,343.726,0.0,0,0,
39094995,현대,싼타페 TM,디젤 2.2 2WD,인스퍼레이션,201910.0,2020,2270.0,138231.0,디젤,오토,ORIGINAL,일반,2025-03-19 18:38:13.000 +09,대전,(주)에이원모터스,183두3058,1,1,2,367.615,66.7339,1,0,
39080271,현대,더 뉴 싼타페,디젤 2.2 2WD,프레스티지,202101.0,2021,1899.0,159134.0,디젤,오토,ORIGINAL,일반,2025-03-19 18:38:02.000 +09,경기,(주)왕카,365고4755,0,0,1,0.0,0.0,1,0,
39200488,현대,더 뉴 싼타페,디젤 2.2 4WD,프레스티지,202103.0,2021,2949.0,26362.0,디젤,오토,ORIGINAL,일반,2025-03-19 18:38:02.000 +09,경기,(주)왕카,269보8690,0,0,1,0.0,0.0,1,0,
38413426,현대,더 뉴 싼타페,디젤 2.2 2WD,캘리그래피,202009.0,2021,3070.0,60588.0,디젤,오토,ORIGINAL,일반,2025-03-19 18:37:49.000 +09,대구,NEW해성모터스,174모8869,3,3,0,200.9329,164.7475,0,0,
39188619,현대,싼타페 더 프라임,디젤 2.0 2WD,밸류 플러스,201704.0,2018,1699.0,85539.0,디젤,오토,ORIGINAL,일반,2025-03-19 18:37:22.000 +09,경기,(주)왕카,10주7254,1,2,1,104.4309,498.334,0,0,
39209268,현대,싼타페 DM,디젤(e-VGT) 2.0 4WD 프리미엄,,201408.0,2015,1060.0,155169.0,디젤,오토,ORIGINAL,일반,2025-03-19 18:37:22.000 +09,경기,(주)왕카,45오1529,2,0,0,197.1389,0.0,0,0,
38871827,현대,싼타페 더 프라임,디젤 2.0 2WD,프리미엄,201511.0,2016,1490.0,116998.0,디젤,오토,ORIGINAL,일반,2025-03-19 18:35:31.000 +09,광주,주)우정모터스,36너0130,1,0,4,42.5878,0.0,0,0,
38072723,현대,싼타페 (MX5),가솔린 2.5T 2WD,캘리그래피,202405.0,2024,3950.0,4125.0,가솔린,오토,ORIGINAL,일반,2025-03-19 18:33:02.000 +09,부산,The Best 모터스,153거5899,0,0,0,0.0,0.0,0,0,
38636770,현대,싼타페 CM,2WD(2.0 e-VGT) MLX,럭셔리,201003.0,2010,490.0,144491.0,디젤,오토,ORIGINAL,일반,2025-03-19 18:32:11.000 +09,부산,한성상사,64서5137,0,0,2,0.0,0.0,0,0,
39270573,현대,싼타페 DM,디젤(e-VGT) 2.0 2WD 익스클루시브,(세부등급 없음),201411.0,2015,1499.0,72233.0,디젤,오토,ORIGINAL,일반,2025-03-19 18:30:49.000 +09,대구,다나자동차,37너2164,2,1,0,227.9981,106.061,0,0,
39239861,현대,더 뉴 싼타페,디젤 2.2 2WD,프레스티지,202009.0,2021,2790.0,58309.0,디젤,오토,ORIGINAL,일반,2025-03-19 18:30:49.000 +09,대구,다나자동차,267수5616,0,0,1,0.0,0.0,0,0,
39249888,현대,싼타페 DM,디젤(e-VGT) 2.0 2WD 스마트,,201410.0,2015,890.0,84667.0,디젤,오토,ORIGINAL,일반,2025-03-19 18:30:42.000 +09,서울,마루자동차,29더5139,5,2,0,594.435,217.015,0,0,
39237628,현대,싼타페 TM,디젤 2.2 2WD,프리미엄,201911.0,2020,1990.0,62000.0,디젤,오토,ORIGINAL,일반,2025-03-19 18:29:39.000 +09,부산,대경모터스,113오3179,1,0,1,108.554,0.0,1,0,
39209057,현대,싼타페 더 프라임,디젤 2.0 4WD,1 밀리언,201611.0,2017,1150.0,189874.0,디젤,오토,ORIGINAL,일반,2025-03-19 18:29:07.000 +09,경북,(유)월드,41무6296,1,0,0,95.216,0.0,0,0,
39188056,현대,싼타페 TM,가솔린 2.0T 2WD,인스퍼레이션,201808.0,2019,2250.0,83608.0,가솔린,오토,ORIGINAL,일반,2025-03-19 18:29:07.000 +09,경북,(유)월드,08로4136,1,0,1,71.211,0.0,0,0,
39260749,현대,더 뉴 싼타페,디젤 2.2 2WD,프리미엄 초이스,202103.0,2021,2750.0,27919.0,디젤,오토,ORIGINAL,일반,2025-03-19 18:27:10.000 +09,경기,무결점카모터스,392버1269,0,0,2,0.0,0.0,0,0,
38984916,현대,싼타페 (MX5),가솔린 2.5T 4WD,프레스티지,202311.0,2024,4030.0,16003.0,가솔린,오토,ORIGINAL,일반,2025-03-19 18:26:57.000 +09,울산,진장모터스,225부3640,1,1,1,141.4938,639.6046,0,0,
38595713,현대,더 뉴 싼타페,가솔린 2.5T 2WD,프리미엄,202101.0,2021,2490.0,43899.0,가솔린,오토,ORIGINAL,일반,2025-03-19 18:26:47.000 +09,대구,경성모터스,139구7969,1,1,2,43.018,205.9166,1,0,
38415073,현대,더 뉴 싼타페,디젤 2.2 2WD,프리미엄,202009.0,2021,2290.0,88165.0,디젤,오토,ORIGINAL,일반,2025-03-19 18:26:47.000 +09,대구,경성모터스,180오7139,0,0,2,0.0,0.0,1,0,
39185582,현대,싼타페 CM,2WD(2.0 e-VGT) CLX,디럭스,200912.0,2010,385.0,167049.0,디젤,오토,ORIGINAL,일반,2025-03-19 18:26:36.000 +09,대구,제이모터스,19거8829,4,3,6,325.5753,160.1141,0,0,
38370386,현대,더 뉴 싼타페,HEV 1.6 2WD,프레스티지,202212.0,2023,2930.0,74493.0,가솔린+전기,오토,ORIGINAL,일반,2025-03-19 18:26:13.000 +09,경기,해피온카,205어4045,0,1,0,0.0,134.852,0,0,
38983846,현대,싼타페 (MX5),HEV 1.6 2WD,캘리그래피,202502.0,2025,4780.0,1623.0,가솔린+전기,오토,ORIGINAL,일반,2025-03-19 18:25:25.000 +09,서울,제로제로세븐모터스,374로9997,0,0,0,0.0,0.0,0,0,
38382845,현대,더 뉴 싼타페,디젤 2.2 2WD,프리미엄,202009.0,2021,2590.0,50305.0,디젤,오토,ORIGINAL,일반,2025-03-19 18:24:21.000 +09,울산,고려상사,178거9736,1,0,1,226.817,0.0,1,0,
39232641,현대,싼타페 (MX5),가솔린 2.5T 2WD,프레스티지,202309.0,2024,3560.0,11657.0,가솔린,오토,ORIGINAL,일반,2025-03-19 18:24:21.000 +09,울산,고려상사,338두7033,0,0,3,0.0,0.0,0,0,
39269237,현대,더 뉴 싼타페,디젤 2.2 4WD,프레스티지,202108.0,2021,3190.0,41033.0,디젤,오토,ORIGINAL,일반,2025-03-19 18:24:04.000 +09,경기,(주)로드모터스,196고9715,0,0,2,0.0,0.0,1,0,
39136547,현대,더 뉴 싼타페,가솔린 2.5T 2WD,캘리그래피,202307.0,2023,3450.0,28931.0,가솔린,오토,ORIGINAL,일반,2025-03-19 18:23:54.000 +09,부산,로다오토,317조5178,0,0,0,0.0,0.0,0,0,
39247657,현대,싼타페 더 프라임,디젤 2.2 4WD,익스클루시브 스페셜,201510.0,2016,1390.0,148000.0,디젤,오토,ORIGINAL,일반,2025-03-19 18:23:11.000 +09,경기,좋은자동차,133어3246,2,4,7,151.659,1945.5743,1,0,
39247164,현대,더 뉴 싼타페,디젤 2.2 2WD,캘리그래피,202106.0,2021,2590.0,120045.0,디젤,오토,ORIGINAL,일반,2025-03-19 18:22:55.000 +09,경기,남수원모터스,226더9874,0,0,1,0.0,0.0,1,0,
38972188,현대,더 뉴 싼타페,가솔린 2.5T 2WD,프레스티지,202207.0,2022,2730.0,38318.0,가솔린,오토,ORIGINAL,일반,2025-03-19 18:21:48.000 +09,서울,(주)태양모터스,375부9961,2,0,1,108.5838,0.0,1,0,
39212740,현대,더 뉴 싼타페,디젤 2.2 2WD,프리미엄 초이스,202008.0,2021,2680.0,55669.0,디젤,오토,ORIGINAL,일반,2025-03-19 18:19:32.000 +09,경기,대한모터스,334오4572,2,1,0,230.3031,170.0,0,0,
38631798,현대,싼타페 TM,디젤 2.0 2WD,프레스티지,201910.0,2020,2250.0,73000.0,디젤,오토,ORIGINAL,일반,2025-03-19 18:18:17.000 +09,경기,청학Emotors,270구9479,1,0,1,77.0969,0.0,0,0,
38826033,현대,싼타페 TM,디젤 2.0 2WD,익스클루시브,201809.0,2019,2080.0,71469.0,디젤,오토,ORIGINAL,일반,2025-03-19 18:18:17.000 +09,경기,청학Emotors,09구3417,1,0,1,91.187,0.0,0,0,
37900060,현대,싼타페 TM,가솔린 2.0T 4WD,인스퍼레이션,201810.0,2019,2190.0,130973.0,가솔린,오토,ORIGINAL,일반,2025-03-19 18:17:52.000 +09,경남,신성모터스,01누7660,3,0,0,441.4426,0.0,0,0,
38380220,현대,싼타페 TM,디젤 2.0 2WD,프레스티지,201812.0,2019,2360.0,42740.0,디젤,오토,ORIGINAL,일반,2025-03-19 18:17:25.000 +09,대구,뉴일등모터스,51누1906,1,1,0,112.37,45.0,0,0,
39017787,현대,더 뉴 싼타페,디젤 2.2 2WD,프레스티지,202211.0,2023,2980.0,47965.0,디젤,오토,ORIGINAL,일반,2025-03-19 18:16:42.000 +09,광주,(주)카마트,197라7877,0,0,1,0.0,0.0,1,0,
38988445,현대,더 뉴 싼타페,디젤 2.2 2WD,프리미엄 초이스,202010.0,2021,2630.0,53374.0,디젤,오토,ORIGINAL,일반,2025-03-19 18:16:42.000 +09,광주,(주)카마트,197라7850,0,0,1,0.0,0.0,1,0,
39266580,현대,더 뉴 싼타페,디젤 2.2 2WD,프레스티지,202103.0,2021,2550.0,48804.0,디젤,오토,ORIGINAL,일반,2025-03-19 18:16:17.000 +09,경기,제이모터스,193도8139,2,2,2,303.2465,153.9788,1,0,
38693617,현대,싼타페 TM,디젤 2.0 2WD,프레스티지,201809.0,2019,2220.0,81123.0,디젤,오토,ORIGINAL,일반,2025-03-19 18:16:17.000 +09,경기,제이모터스,22더4211,0,0,1,0.0,0.0,0,0,
38455804,현대,더 뉴 싼타페,가솔린 2.5T 2WD,프레스티지,202305.0,2023,3120.0,20787.0,가솔린,오토,ORIGINAL,일반,2025-03-19 18:13:45.000 +09,광주,(주)한영모터스,359고7905,1,0,0,47.582,0.0,0,0,
39133396,현대,더 뉴 싼타페,디젤 2.2 2WD,익스클루시브,202211.0,2023,2680.0,57448.0,디젤,오토,ORIGINAL,일반,2025-03-19 18:13:45.000 +09,광주,(주)한영모터스,117부6919,0,2,1,0.0,113.29,1,0,
39196015,현대,더 뉴 싼타페,가솔린 2.5T 2WD,프레스티지,202208.0,2022,2820.0,43586.0,가솔린,오토,ORIGINAL,일반,2025-03-19 18:13:45.000 +09,광주,(주)한영모터스,327더8852,2,0,0,191.4137,0.0,0,0,
38331873,현대,더 뉴 싼타페,HEV 1.6 2WD,익스클루시브,202202.0,2022,2920.0,66188.0,가솔린+전기,오토,ORIGINAL,일반,2025-03-19 18:13:45.000 +09,광주,(주)한영모터스,177머8939,0,0,0,0.0,0.0,0,0,
38814796,현대,싼타페 TM,디젤 2.0 2WD,익스클루시브 스페셜,201803.0,2019,1930.0,118169.0,디젤,오토,ORIGINAL,일반,2025-03-19 18:12:41.000 +09,대구,엠월드 봄 모터스,61나8272,1,0,3,114.806,0.0,0,0,
39057781,현대,싼타페 TM,디젤 2.0 2WD,프레스티지,201911.0,2020,2590.0,34401.0,디젤,오토,ORIGINAL,일반,2025-03-19 18:11:38.000 +09,경남,v모터스,153어1630,0,1,1,0.0,273.931,0,0,
38932039,현대,더 뉴 싼타페,디젤 2.2 2WD,캘리그래피,202102.0,2021,2530.0,140000.0,디젤,오토,ORIGINAL,일반,2025-03-19 18:11:15.000 +09,경기,(주)애니카모터스,227나2845,5,2,1,506.8306,229.3134,0,0,
38932039,현대,더 뉴 싼타페,디젤 2.2 2WD,캘리그래피,202102.0,2021,2530.0,140000.0,디젤,오토,ORIGINAL,일반,2025-03-19 18:11:15.000 +09,경기,(주)애니카모터스,227나2845,5,2,0,506.8306,229.3134,0,0,
39246253,현대,싼타페 (MX5),HEV 1.6 2WD,프레스티지,202403.0,2024,4139.0,11515.0,가솔린+전기,오토,ORIGINAL,일반,2025-03-19 18:11:12.000 +09,경기,(주)왕카,225부5235,0,0,1,0.0,0.0,1,0,
39248703,현대,싼타페 TM,디젤 2.0 2WD,프리미엄,202003.0,2020,2090.0,51768.0,디젤,오토,ORIGINAL,일반,2025-03-19 18:10:30.000 +09,광주,다산모터스,362두2179,2,1,1,295.8665,42.5598,1,0,
39225390,현대,싼타페 (MX5),HEV 1.6 2WD,프레스티지,202404.0,2024,4230.0,43912.0,가솔린+전기,오토,ORIGINAL,일반,2025-03-19 18:09:54.000 +09,경기,남수원모터스,291부1878,0,0,0,0.0,0.0,0,0,
39247095,현대,더 뉴 싼타페,가솔린 2.5T 2WD,프레스티지,202103.0,2021,2360.0,121781.0,가솔린,오토,ORIGINAL,일반,2025-03-19 18:09:17.000 +09,경기,",판다카",161노7792,2,0,0,222.5468,0.0,0,0,
39254457,현대,싼타페 TM,디젤 2.0 4WD,인스퍼레이션,201910.0,2020,2320.0,141739.0,디젤,오토,ORIGINAL,일반,2025-03-19 18:08:19.000 +09,경기,와이엠 모터스,127수6677,0,0,1,0.0,0.0,0,0,
38118025,현대,더 뉴 싼타페,디젤 2.2 4WD,프레스티지,202208.0,2022,3190.0,31230.0,디젤,오토,ORIGINAL,일반,2025-03-19 18:06:01.000 +09,대구,주원모터스,239다5842,2,1,1,86.3469,35.0,1,0,
39261444,현대,싼타페 (MX5),HEV 1.6 2WD,프레스티지,202403.0,2024,4390.0,12198.0,가솔린+전기,오토,ORIGINAL,일반,2025-03-19 18:05:50.000 +09,경기,제이원모터스,324거6442,0,0,0,0.0,0.0,0,0,
39161302,현대,싼타페 DM,디젤(e-VGT) 2.0 2WD 프리미엄,,201309.0,2014,1029.0,124495.0,디젤,오토,ORIGINAL,일반,2025-03-19 18:05:49.000 +09,경기,제이원모터스,60오9500,0,0,3,0.0,0.0,0,0,
38480835,현대,더 뉴 싼타페,디젤 2.2 4WD,캘리그래피,202010.0,2021,2550.0,118782.0,디젤,오토,ORIGINAL,일반,2025-03-19 18:05:21.000 +09,서울,인증차,278주2573,1,2,1,915.8429,645.9618,0,0,
39251464,현대,싼타페 TM,디젤 2.2 4WD,인스퍼레이션,201903.0,2019,2600.0,79915.0,디젤,오토,ORIGINAL,일반,2025-03-19 18:00:56.000 +09,경기,(주)뉴카카,214머7309,0,1,2,0.0,415.0,1,0,
39209408,현대,싼타페 TM,디젤 2.0 2WD,인스퍼레이션,201903.0,2019,2270.0,122128.0,디젤,오토,ORIGINAL,일반,2025-03-19 18:00:44.000 +09,경기,제이디모터스,07고3287,0,0,0,0.0,0.0,0,0,
39234322,현대,싼타페 TM,디젤 2.0 2WD,프레스티지,201803.0,2018,2150.0,109216.0,디젤,오토,ORIGINAL,일반,2025-03-19 17:59:45.000 +09,강원,보배드림자동차,234너8603,1,1,2,276.2043,151.997,1,0,
39241296,현대,싼타페 TM,디젤 2.2 2WD,인스퍼레이션,201902.0,2019,2350.0,117546.0,디젤,오토,ORIGINAL,일반,2025-03-19 17:59:37.000 +09,대구,드림카,56거7770,1,1,3,148.72,279.802,0,0,
39144557,현대,싼타페 TM,디젤 2.0 4WD,익스클루시브,201809.0,2019,1930.0,91463.0,디젤,오토,ORIGINAL,일반,2025-03-19 17:58:51.000 +09,대전,엔케이모터스주식회사,04러4754,1,0,2,14.631,0.0,0,0,
39241316,현대,싼타페 TM,디젤 2.0 2WD,프레스티지,201808.0,2019,2190.0,96020.0,디젤,오토,ORIGINAL,일반,2025-03-19 17:57:56.000 +09,광주,(주)하늘모터스,28나2052,0,0,2,0.0,0.0,0,0,
38490114,현대,싼타페 (MX5),HEV 1.6 2WD,프레스티지,202407.0,2024,3970.0,15663.0,가솔린+전기,오토,ORIGINAL,일반,2025-03-19 17:57:16.000 +09,경기,(주)롱탄,150주8491,0,0,1,0.0,0.0,0,0,
38356777,현대,더 뉴 싼타페,HEV 1.6 2WD,프레스티지,202209.0,2022,3090.0,41581.0,가솔린+전기,오토,ORIGINAL,일반,2025-03-19 17:57:16.000 +09,경기,(주)롱탄,283조4277,1,0,1,96.815,0.0,0,0,
39032293,현대,더 뉴 싼타페,디젤 2.2 2WD,프레스티지,202008.0,2021,2570.0,78046.0,디젤,오토,ORIGINAL,일반,2025-03-19 17:57:10.000 +09,충북,더원모터스,233보3556,3,0,1,157.6439,0.0,0,0,
39044310,현대,싼타페 TM,디젤 2.0 2WD,익스클루시브 스페셜,201904.0,2019,1980.0,114883.0,디젤,오토,ORIGINAL,일반,2025-03-19 17:57:02.000 +09,경기,더월드모터스,31나2065,3,1,1,213.9627,69.0,0,0,
39244624,현대,더 뉴 싼타페,가솔린 2.5T 2WD,프레스티지,202209.0,2022,2900.0,28309.0,가솔린,오토,ORIGINAL,일반,2025-03-19 17:56:58.000 +09,경기,누리모터스,145도9729,1,0,2,41.869,0.0,0,0,
38728921,현대,더 뉴 싼타페,디젤 2.2 2WD,프리미엄 초이스,202106.0,2021,2650.0,57000.0,디젤,오토,ORIGINAL,일반,2025-03-19 17:56:25.000 +09,경기,(주)스타오토넷,199서6709,0,0,0,0.0,0.0,1,0,
39155006,현대,싼타페 (MX5),가솔린 2.5T 2WD,익스클루시브,202311.0,2024,3450.0,24146.0,가솔린,오토,ORIGINAL,일반,2025-03-19 17:56:25.000 +09,경기,(주)스타오토넷,194하8772,0,0,0,0.0,0.0,0,0,
39090029,현대,싼타페 TM,가솔린 2.0T 2WD,프레스티지,202003.0,2020,2390.0,57834.0,가솔린,오토,ORIGINAL,일반,2025-03-19 17:55:36.000 +09,광주,로또자동차,236거1555,2,0,0,128.2099,0.0,0,0,
38310112,현대,더 뉴 싼타페,디젤 2.2 2WD,프레스티지,202106.0,2021,2790.0,63829.0,디젤,오토,ORIGINAL,일반,2025-03-19 17:55:08.000 +09,부산,스타모터스,152두2970,0,0,1,0.0,0.0,0,0,
38961316,현대,싼타페 TM,디젤 2.0 2WD,프리미엄,201811.0,2019,1750.0,98610.0,디젤,오토,ORIGINAL,일반,2025-03-19 17:55:08.000 +09,부산,스타모터스,329라4573,1,0,2,171.5035,0.0,1,0,
37762238,현대,싼타페 DM,디젤(e-VGT) 2.0 2WD 프리미엄,,201301.0,2013,1390.0,57886.0,디젤,오토,ORIGINAL,일반,2025-03-19 17:51:38.000 +09,부산,해성모터스,32더9132,1,0,1,57.328,0.0,0,0,
38847548,현대,더 뉴 싼타페,디젤 2.2 2WD,프레스티지,202008.0,2021,2750.0,77581.0,디젤,오토,ORIGINAL,일반,2025-03-19 17:51:15.000 +09,대구,우리모터스,232다5779,1,0,3,56.7819,0.0,0,0,
39128065,현대,싼타페 (MX5),가솔린 2.5T 4WD,캘리그래피,202402.0,2024,4190.0,19456.0,가솔린,오토,ORIGINAL,일반,2025-03-19 17:51:14.000 +09,경기,MS모터스,220오9601,1,1,0,118.8597,235.783,0,0,
39232324,현대,더 뉴 싼타페,디젤 2.2 2WD,익스클루시브,202205.0,2022,2520.0,85150.0,디젤,오토,ORIGINAL,일반,2025-03-19 17:49:44.000 +09,경기,홈카,154버7004,0,0,1,0.0,0.0,1,0,
39175720,현대,더 뉴 싼타페,디젤 2.2 2WD,프리미엄 초이스,202102.0,2021,2170.0,104234.0,디젤,오토,ORIGINAL,일반,2025-03-19 17:49:43.000 +09,경기,홈카,197어9756,0,0,1,0.0,0.0,1,0,
39190917,현대,더 뉴 싼타페,디젤 2.2 4WD,프리미엄,202103.0,2021,2699.0,69309.0,디젤,오토,ORIGINAL,일반,2025-03-19 17:49:43.000 +09,경기,홈카,197어9769,0,0,1,0.0,0.0,1,0,
37035157,현대,싼타페 더 프라임,디젤 2.0 2WD,프리미엄,201702.0,2017,1450.0,113331.0,디젤,오토,ORIGINAL,일반,2025-03-19 17:47:18.000 +09,광주,(주)선경,49누4683,1,4,2,70.769,146.656,0,0,
39245282,현대,싼타페 더 프라임,디젤 2.0 2WD,익스클루시브,201507.0,2016,1250.0,159169.0,디젤,오토,ORIGINAL,일반,2025-03-19 17:47:16.000 +09,광주,(주)선경,68우4734,1,0,2,34.0,0.0,0,0,
39142170,현대,싼타페 (MX5),가솔린 2.5T 2WD,프레스티지,202402.0,2024,3720.0,11606.0,가솔린,오토,ORIGINAL,일반,2025-03-19 17:47:02.000 +09,전남,선진모터스,105거6402,0,0,0,0.0,0.0,0,0,
39256483,현대,싼타페 더 프라임,디젤 2.0 2WD,프리미엄,201603.0,2016,1330.0,124498.0,디젤,오토,ORIGINAL,일반,2025-03-19 17:46:54.000 +09,부산,차파는최부장,55두2397,1,3,3,88.784,109.7648,0,0,
38415059,현대,싼타페 (MX5),가솔린 2.5T 2WD,프레스티지,202407.0,2024,3750.0,7230.0,가솔린,오토,ORIGINAL,일반,2025-03-19 17:45:07.000 +09,경기,좋은자동차,387마5723,0,0,0,0.0,0.0,0,0,
39119626,현대,싼타페 TM,가솔린 2.0T 2WD,익스클루시브,202004.0,2020,2380.0,42351.0,가솔린,오토,ORIGINAL,일반,2025-03-19 17:45:07.000 +09,광주,(주)타요,391소9762,0,0,2,0.0,0.0,0,0,
39221461,현대,싼타페 더 프라임,디젤 2.0 2WD,프리미엄,201603.0,2016,1490.0,106931.0,디젤,오토,ORIGINAL,일반,2025-03-19 17:44:22.000 +09,광주,주)타요,229도6231,1,0,3,99.5098,0.0,1,0,
39222021,현대,싼타페 더 프라임,디젤 2.0 2WD,익스클루시브 스페셜,201506.0,2016,1370.0,139779.0,디젤,오토,ORIGINAL,일반,2025-03-19 17:43:38.000 +09,대구,국제모터스,14저4672,2,0,4,321.4045,0.0,0,0,
38915901,현대,더 뉴 싼타페,디젤 2.2 2WD,프레스티지,202010.0,2021,3070.0,41248.0,디젤,오토,ORIGINAL,일반,2025-03-19 17:43:38.000 +09,대구,국제모터스,261노9168,1,1,0,225.0694,59.6,0,0,
38778288,현대,싼타페 TM,디젤 2.0 2WD,프리미엄,201909.0,2020,2099.0,49355.0,디젤,오토,ORIGINAL,일반,2025-03-19 17:40:30.000 +09,광주,J-AUTO(제이오토),228저2035,1,0,1,41.218,0.0,1,0,
38245649,현대,싼타페 더 프라임,디젤 2.0 2WD,프리미엄,201606.0,2016,1480.0,70147.0,디젤,오토,ORIGINAL,일반,2025-03-19 17:40:26.000 +09,인천,바른모터스,11무0807,2,2,3,214.3223,77.2989,0,0,
38633393,현대,싼타페 TM,가솔린 2.0T 4WD,익스클루시브,201911.0,2020,2590.0,49300.0,가솔린,오토,ORIGINAL,일반,2025-03-19 17:39:36.000 +09,대구,엠 모터스,321구4601,0,0,0,0.0,0.0,0,0,
39266337,현대,싼타페 TM,디젤 2.0 2WD,프레스티지,201804.0,2019,1890.0,88724.0,디젤,오토,ORIGINAL,일반,2025-03-19 17:38:02.000 +09,경기,명문자동차,339도3095,6,1,2,761.3288,172.28,1,0,
38709030,현대,싼타페 TM,디젤 2.0 2WD,익스클루시브,201803.0,2019,2050.0,85000.0,디젤,오토,ORIGINAL,일반,2025-03-19 17:36:47.000 +09,경기,(주)정이모터스,47수3693,2,0,2,93.171,0.0,0,0,
39000344,현대,더 뉴 싼타페,디젤 2.2 2WD,프레스티지,202009.0,2021,2590.0,64554.0,디젤,오토,ORIGINAL,일반,2025-03-19 17:36:21.000 +09,경기,주식회사코리아오토카,115라2283,2,0,0,75.058,0.0,0,0,
39000344,현대,더 뉴 싼타페,디젤 2.2 2WD,프레스티지,202009.0,2021,2590.0,64554.0,디젤,오토,ORIGINAL,일반,2025-03-19 17:36:21.000 +09,경기,주식회사코리아오토카,115라2283,2,0,1,75.058,0.0,0,0,
39100086,현대,싼타페 더 프라임,디젤 2.0 4WD,프리미엄,201512.0,2016,1499.0,68226.0,디젤,오토,ORIGINAL,일반,2025-03-19 17:34:53.000 +09,경기,수원중고차,34버0527,1,0,1,92.095,0.0,0,0,
38918279,현대,싼타페 (MX5),가솔린 2.5T 4WD,익스클루시브,202403.0,2024,3900.0,9032.0,가솔린,오토,ORIGINAL,일반,2025-03-19 17:33:25.000 +09,경기,뉴코리아모터스,156더2472,0,0,1,0.0,0.0,1,0,
39182323,현대,싼타페 TM,디젤 2.0 2WD,프레스티지,201910.0,2020,1950.0,95055.0,디젤,오토,ORIGINAL,일반,2025-03-19 17:33:12.000 +09,충북,기림자동차,228다4005,4,4,2,707.1363,652.4838,1,0,
38268264,현대,싼타페 CM,2WD(2.0VGT) MLX,고급형,200708.0,2008,360.0,164822.0,디젤,오토,ORIGINAL,일반,2025-03-19 17:32:03.000 +09,대구,중앙모터스,10보1508,2,1,3,82.072,139.9023,0,0,
39070211,현대,더 뉴 싼타페,디젤 2.2 2WD,캘리그래피,202012.0,2021,3335.0,27639.0,디젤,오토,ORIGINAL,일반,2025-03-19 17:31:16.000 +09,경남,오케이오토,322너3505,1,1,0,174.341,16.0,0,0,
39243469,현대,더 뉴 싼타페,디젤 2.2 2WD,익스클루시브,202202.0,2022,2550.0,89470.0,디젤,오토,ORIGINAL,일반,2025-03-19 17:31:04.000 +09,대구,e모터스,260노2682,0,0,0,0.0,0.0,0,0,
39259464,현대,싼타페 TM,디젤 2.0 2WD,익스클루시브,201806.0,2019,2050.0,80966.0,디젤,오토,ORIGINAL,일반,2025-03-19 17:31:04.000 +09,대구,e모터스,30거4905,0,0,0,0.0,0.0,0,0,
39036960,현대,더 뉴 싼타페,HEV 1.6 2WD,캘리그래피,202302.0,2023,3590.0,28262.0,가솔린+전기,오토,ORIGINAL,일반,2025-03-19 17:30:22.000 +09,울산,고려상사,228소2408,1,0,0,151.4109,0.0,0,0,
38810148,현대,싼타페 (MX5),HEV 1.6 4WD,캘리그래피,202412.0,2025,4420.0,2500.0,가솔린+전기,오토,ORIGINAL,렌트,2025-03-19 17:30:06.000 +09,경기,,204호6425,0,0,0,0.0,0.0,0,0,
39182650,현대,더 뉴 싼타페,가솔린 2.5T 4WD,프레스티지,202111.0,2021,2800.0,47579.0,가솔린,오토,ORIGINAL,일반,2025-03-19 17:25:59.000 +09,경기,대호모터스 ,273가8191,3,0,3,285.7492,0.0,0,0,
38290132,현대,싼타페 (MX5),HEV 1.6 4WD,캘리그래피,202406.0,2024,4950.0,3713.0,가솔린+전기,오토,ORIGINAL,일반,2025-03-19 17:25:50.000 +09,경기,좋은자동차,228거5693,0,0,0,0.0,0.0,0,0,
38393971,현대,싼타페 (MX5),가솔린 2.5T 2WD,캘리그래피,202402.0,2024,4450.0,6895.0,가솔린,오토,ORIGINAL,일반,2025-03-19 17:25:50.000 +09,경기,좋은자동차,332모7120,0,0,1,0.0,0.0,0,0,
38928942,현대,싼타페 (MX5),가솔린 2.5T 4WD,프레스티지,202312.0,2024,4290.0,21519.0,가솔린,오토,ORIGINAL,일반,2025-03-19 17:25:50.000 +09,경기,좋은자동차,117부9367,0,0,1,0.0,0.0,0,0,
39019048,현대,싼타페 DM,디젤(e-VGT) 2.0 4WD 프리미엄,,201303.0,2013,1090.0,135908.0,디젤,오토,ORIGINAL,일반,2025-03-19 17:25:48.000 +09,부산,신우모터스,24소2202,2,0,1,93.638,0.0,0,0,
38889923,현대,싼타페 TM,디젤 2.0 2WD,프레스티지,201810.0,2019,2199.0,78778.0,디젤,오토,ORIGINAL,일반,2025-03-19 17:24:39.000 +09,대구,탑모터스,37구5409,3,1,1,604.7701,75.1354,0,0,
38859257,현대,더 뉴 싼타페,가솔린 2.5T 2WD,프레스티지,202104.0,2021,2790.0,39215.0,가솔린,오토,ORIGINAL,일반,2025-03-19 17:24:33.000 +09,충북,하나모터스,198더5093,1,0,1,62.9249,0.0,1,0,
39198458,현대,더 뉴 싼타페,가솔린 2.5T 2WD,프레스티지,202304.0,2023,3280.0,29680.0,가솔린,오토,ORIGINAL,일반,2025-03-19 17:23:37.000 +09,경기,(주)카트랜드,390조2610,0,1,0,0.0,33.0715,0,0,
38304359,현대,더 뉴 싼타페,가솔린 2.5T 2WD,프레스티지,202012.0,2021,2850.0,36100.0,가솔린,오토,ORIGINAL,일반,2025-03-19 17:23:14.000 +09,대구,친절한모터스,106소3313,2,1,1,117.0003,130.0,0,0,
39081368,현대,더 뉴 싼타페,디젤 2.2 2WD,프레스티지,202104.0,2021,3160.0,50000.0,디젤,오토,ORIGINAL,일반,2025-03-19 17:23:14.000 +09,대구,친절한모터스,135보1322,1,1,1,137.7049,85.2309,0,0,
39258365,현대,더 뉴 싼타페,HEV 1.6 2WD,캘리그래피,202308.0,2023,3234.0,20248.0,가솔린+전기,오토,ORIGINAL,렌트,2025-03-19 17:22:00.000 +09,서울,,130하2235,0,0,0,0.0,0.0,0,0,
39129301,현대,싼타페 (MX5),HEV 1.6 2WD,프레스티지,202404.0,2024,2672.0,27692.0,가솔린+전기,오토,ORIGINAL,렌트,2025-03-19 17:21:54.000 +09,서울,,177호8891,0,0,0,0.0,0.0,0,0,
39133536,현대,싼타페 (MX5),HEV 1.6 2WD,프레스티지 플러스,202501.0,2025,5000.0,1154.0,가솔린+전기,오토,ORIGINAL,리스,2025-03-19 17:21:54.000 +09,서울,,225소9787,0,0,0,0.0,0.0,0,0,
39112865,현대,싼타페 (MX5),가솔린 2.5T 2WD,캘리그래피,202310.0,2024,3686.0,16750.0,가솔린,오토,ORIGINAL,렌트,2025-03-19 17:21:54.000 +09,서울,,198허6099,0,0,0,0.0,0.0,0,0,
39187089,현대,더 뉴 싼타페,디젤 2.2 2WD,프레스티지,202010.0,2021,2160.0,104000.0,디젤,오토,ORIGINAL,일반,2025-03-19 17:21:25.000 +09,전북,현대상사,143오7866,1,1,1,337.4579,87.8399,1,0,
39087013,현대,싼타페 더 프라임,디젤 2.2 2WD,프리미엄,201607.0,2016,1350.0,90452.0,디젤,오토,ORIGINAL,일반,2025-03-19 17:21:05.000 +09,전북,(유)카카오토샵,62오0207,4,1,1,321.8769,245.6,0,0,
39114471,현대,싼타페 TM,디젤 2.2 2WD,프레스티지,202003.0,2020,2290.0,82397.0,디젤,오토,ORIGINAL,일반,2025-03-19 17:19:45.000 +09,경남,하나모터스,109거4977,1,2,0,25.384,287.7512,0,0,
38605950,현대,싼타페 TM,가솔린 2.0T 2WD,익스클루시브,201912.0,2020,2200.0,66721.0,가솔린,오토,ORIGINAL,일반,2025-03-19 17:17:45.000 +09,경기,동양모터스,123고3159,0,1,0,0.0,137.084,0,0,
39018271,현대,싼타페 더 프라임,디젤 2.0 2WD,익스클루시브,201601.0,2016,1189.0,153569.0,디젤,오토,ORIGINAL,일반,2025-03-19 17:16:56.000 +09,대구,제이에이치모터스,61수5384,0,0,3,0.0,0.0,0,0,
39269389,현대,더 뉴 싼타페,HEV 1.6 2WD,프레스티지,202109.0,2022,3280.0,17692.0,가솔린+전기,오토,ORIGINAL,일반,2025-03-19 17:16:54.000 +09,광주,대한민국,245라4545,0,0,1,0.0,0.0,0,0,
39090843,현대,더 뉴 싼타페,디젤 2.2 2WD,프리미엄 초이스,202102.0,2021,2199.0,103504.0,디젤,오토,ORIGINAL,일반,2025-03-19 17:16:32.000 +09,대구,우진자동차상사,175어9725,0,0,1,0.0,0.0,1,0,
38984137,현대,싼타페 TM,가솔린 2.0T 2WD,인스퍼레이션,201812.0,2019,2680.0,63923.0,가솔린,오토,ORIGINAL,일반,2025-03-19 17:15:48.000 +09,대구,(주)히든모터스,23우6837,2,1,2,170.8951,50.0817,0,0,
37598355,현대,싼타페 (MX5),가솔린 2.5T 2WD,캘리그래피,202405.0,2024,4100.0,2902.0,가솔린,오토,ORIGINAL,리스,2025-03-19 17:15:39.000 +09,부산,수한모터스,316무1381,0,0,0,0.0,0.0,0,0,
38992488,현대,더 뉴 싼타페,디젤 2.2 2WD,프리미엄 초이스,202010.0,2021,2370.0,83336.0,디젤,오토,ORIGINAL,일반,2025-03-19 17:15:27.000 +09,울산,극동모터스,281우3624,4,3,1,295.624,266.858,0,0,
39248301,현대,싼타페 더 프라임,디젤 2.0 2WD,익스클루시브,201512.0,2016,1470.0,112212.0,디젤,오토,ORIGINAL,일반,2025-03-19 17:14:08.000 +09,충북,하나모터스,37더0712,2,0,3,50.9969,0.0,0,0,
39008358,현대,싼타페 DM,디젤(e-VGT) 2.0 2WD 익스클루시브,스페셜,201504.0,2015,1120.0,135573.0,디젤,오토,ORIGINAL,일반,2025-03-19 17:13:16.000 +09,대구,드림모터스,31두4352,1,2,1,19.364,559.0034,0,0,
39145281,현대,싼타페 DM,디젤(e-VGT) 2.0 2WD 모던,,201306.0,2014,890.0,141595.0,디젤,오토,ORIGINAL,일반,2025-03-19 17:12:53.000 +09,충북,승일상사,56우1968,4,4,5,162.473,310.697,0,0,
39163587,현대,싼타페 DM,디젤(e-VGT) 2.0 2WD 프리미엄,,201210.0,2013,850.0,163370.0,디젤,오토,ORIGINAL,일반,2025-03-19 17:10:19.000 +09,경기,중앙A+,12도6119,9,3,5,380.8616,223.689,0,0,
38646329,현대,싼타페 TM,디젤 2.0 2WD,익스클루시브,201803.0,2019,1730.0,146201.0,디젤,오토,ORIGINAL,일반,2025-03-19 17:09:35.000 +09,경기,(주)굿카,184주3563,1,2,3,74.8,201.0637,1,0,
39155954,현대,싼타페 DM,디젤(e-VGT) 2.0 2WD 프리미엄,,201502.0,2015,1290.0,95099.0,디젤,오토,ORIGINAL,일반,2025-03-19 17:09:35.000 +09,경기,(주)굿카,47거2387,2,1,0,342.6169,92.0,0,0,
39028946,현대,싼타페 더 프라임,디젤 2.0 2WD,프리미엄,201510.0,2016,1220.0,135353.0,디젤,오토,ORIGINAL,일반,2025-03-19 17:09:33.000 +09,경기,(주)굿카,51부7490,2,0,2,135.2228,0.0,0,0,
39075851,현대,싼타페 더 프라임,디젤 2.0 2WD,익스클루시브 스페셜,201511.0,2016,1730.0,82507.0,디젤,오토,ORIGINAL,일반,2025-03-19 17:09:32.000 +09,부산,카몰,26머9638,1,0,1,292.578,0.0,0,0,
38968521,현대,싼타페 더 프라임,디젤 2.0 2WD,프리미엄,201509.0,2016,1550.0,64387.0,디젤,오토,ORIGINAL,일반,2025-03-19 17:09:31.000 +09,부산,카몰,11라0771,2,3,3,140.1289,205.0516,0,0,
39243036,현대,더 뉴 싼타페,디젤 2.2 2WD,프레스티지,202009.0,2021,2450.0,67311.0,디젤,오토,ORIGINAL,일반,2025-03-19 17:09:13.000 +09,부산,(주)부산대박중고차,107소9799,0,0,1,0.0,0.0,0,0,
39045984,현대,싼타페 더 프라임,디젤 2.0 2WD,프리미엄,201601.0,2016,1380.0,100857.0,디젤,오토,ORIGINAL,일반,2025-03-19 17:08:32.000 +09,경기,(주)우리들모터스,57서0977,2,1,1,331.7639,95.9323,0,0,
39059573,현대,싼타페 더 프라임,디젤 2.0 2WD,밸류 플러스,201710.0,2018,1450.0,115980.0,디젤,오토,ORIGINAL,일반,2025-03-19 17:08:17.000 +09,대구,ST모터스,36더7309,3,3,0,262.713,523.7891,0,0,
39237509,현대,싼타페 (MX5),가솔린 2.5T 4WD,캘리그래피,202409.0,2024,4700.0,7050.0,가솔린,오토,ORIGINAL,일반,2025-03-19 17:06:24.000 +09,인천,나이스모터스,261더9689,0,0,2,0.0,0.0,0,0,
38680978,현대,싼타페 CM,2WD(2.2 e-VGT) SLX,탑,200603.0,2006,199.0,272841.0,디젤,오토,ORIGINAL,일반,2025-03-19 17:05:36.000 +09,전북,스마일모터스,06거8630,3,2,3,175.6618,69.7046,0,0,
39016827,현대,싼타페 TM,디젤 2.0 2WD,프레스티지,201810.0,2019,2160.0,81784.0,디젤,오토,ORIGINAL,일반,2025-03-19 17:05:34.000 +09,경기,오토리카,53나3395,1,0,0,47.3996,0.0,0,0,
38682962,현대,더 뉴 싼타페,가솔린 2.5T 2WD,프레스티지,202211.0,2023,2980.0,45060.0,가솔린,오토,ORIGINAL,일반,2025-03-19 17:04:43.000 +09,광주,(유)동산자동차,108가8211,0,0,1,0.0,0.0,0,0,
38634637,현대,싼타페 TM,디젤 2.0 2WD,익스클루시브,201901.0,2019,2180.0,92740.0,디젤,오토,ORIGINAL,일반,2025-03-19 17:04:42.000 +09,경북,부릉부릉닷컴(주),55가6831,0,0,0,0.0,0.0,0,0,
39035602,현대,싼타페 TM,디젤 2.0 2WD,프리미엄,201812.0,2019,1690.0,120761.0,디젤,오토,ORIGINAL,일반,2025-03-19 17:04:39.000 +09,경기,마스터카,06조4970,0,0,0,0.0,0.0,0,0,
38994288,현대,더 뉴 싼타페,가솔린 2.5T 2WD,프레스티지,202102.0,2021,2520.0,84952.0,가솔린,오토,ORIGINAL,일반,2025-03-19 17:03:54.000 +09,경기,아이작,142도1446,0,0,2,0.0,0.0,0,0,
39216566,현대,더 뉴 싼타페,디젤 2.2 2WD,프리미엄,202101.0,2021,2400.0,63078.0,디젤,오토,ORIGINAL,일반,2025-03-19 17:03:13.000 +09,부산,파트너모터스,267부2072,1,0,2,96.142,0.0,1,0,
39049472,현대,싼타페 (MX5),가솔린 2.5T 2WD,익스클루시브,202310.0,2024,3450.0,17714.0,가솔린,오토,ORIGINAL,일반,2025-03-19 17:02:01.000 +09,서울,에스알카,295루7406,0,0,0,0.0,0.0,0,0,
39242113,현대,더 뉴 싼타페,가솔린 2.5T 2WD,프레스티지,202105.0,2021,2730.0,55106.0,가솔린,오토,ORIGINAL,일반,2025-03-19 17:01:16.000 +09,대구,샛별자동차상사,383마6583,0,0,1,0.0,0.0,0,0,
39049071,현대,더 뉴 싼타페,가솔린 2.5T 2WD,익스클루시브,202205.0,2022,2730.0,21085.0,가솔린,오토,ORIGINAL,일반,2025-03-19 17:01:16.000 +09,대구,샛별자동차상사,380라6174,2,0,2,235.7196,0.0,1,0,
38632268,현대,싼타페 TM,디젤 2.0 2WD,프레스티지,201808.0,2019,9999.0,110516.0,디젤,오토,ORIGINAL,일반,2025-03-19 17:00:33.000 +09,경기,수원해동자동차,164주5111,4,0,4,416.4361,0.0,1,0,
38958241,현대,싼타페 TM,가솔린 2.0T 2WD,인스퍼레이션,201903.0,2019,2500.0,75422.0,가솔린,오토,ORIGINAL,일반,2025-03-19 17:00:32.000 +09,경기,수원해동자동차,50가7271,1,0,0,64.6337,0.0,0,0,
39191398,현대,싼타페 TM,디젤 2.0 4WD,프레스티지,201910.0,2019,2500.0,98711.0,디젤,오토,ORIGINAL,일반,2025-03-19 17:00:32.000 +09,경기,수원해동자동차,171우5421,2,2,0,286.9628,151.4648,0,0,
39223544,현대,싼타페 TM,디젤 2.2 2WD,인스퍼레이션,201811.0,2019,1990.0,151452.0,디젤,오토,ORIGINAL,일반,2025-03-19 17:00:31.000 +09,경기,수원해동자동차,202보1305,0,1,2,0.0,118.9754,1,0,
38652375,현대,더 뉴 싼타페,디젤 2.2 2WD,캘리그래피,202008.0,2021,2149.0,133315.0,디젤,오토,ORIGINAL,일반,2025-03-19 17:00:01.000 +09,경기,오토프라임,106모8084,3,2,1,358.969,208.1886,0,0,
38758611,현대,싼타페 TM,디젤 2.0 2WD,프레스티지,201812.0,2019,2140.0,95284.0,디젤,오토,ORIGINAL,일반,2025-03-19 16:57:07.000 +09,경기,로또모터스,336노9979,0,0,3,0.0,0.0,1,0,
39228807,현대,더 뉴 싼타페,디젤 2.2 2WD,프레스티지,202011.0,2021,2730.0,46395.0,디젤,오토,ORIGINAL,일반,2025-03-19 16:57:07.000 +09,경기,로또모터스,317마6510,1,1,2,57.5454,89.4097,1,0,
39232275,현대,싼타페 TM,디젤 2.2 4WD,프레스티지,201805.0,2019,2240.0,109062.0,디젤,오토,ORIGINAL,일반,2025-03-19 16:56:16.000 +09,전북,자동차마을,43주5949,1,0,1,67.932,0.0,0,0,
38911179,현대,싼타페 더 프라임,디젤 2.0 2WD,익스클루시브,201608.0,2016,1399.0,107735.0,디젤,오토,ORIGINAL,일반,2025-03-19 16:55:13.000 +09,부산,주식회사 모터살롱,155루8447,2,1,4,147.6984,355.5291,1,0,
39213915,현대,싼타페 더 프라임,디젤 2.0 2WD,프리미엄,201606.0,2016,1300.0,134158.0,디젤,오토,ORIGINAL,일반,2025-03-19 16:55:05.000 +09,충북,탑모터스,04보0668,3,3,2,751.2891,282.0625,0,0,
39133347,현대,싼타페 DM,디젤(e-VGT) 2.0 2WD 모던,,201409.0,2015,1090.0,73000.0,디젤,오토,ORIGINAL,일반,2025-03-19 16:54:26.000 +09,경기,상진자동차매매상사,13라9195,0,1,2,0.0,71.7378,0,0,
39226752,현대,싼타페 TM,디젤 2.2 2WD,프레스티지,201809.0,2019,2070.0,108084.0,디젤,오토,ORIGINAL,일반,2025-03-19 16:53:21.000 +09,경기,SK V1 온드림모터스,223부9910,0,0,7,0.0,0.0,1,0,
38973993,현대,싼타페 TM,가솔린 2.0T 2WD,인스퍼레이션,201907.0,2019,2790.0,25861.0,가솔린,오토,ORIGINAL,일반,2025-03-19 16:52:39.000 +09,경기,세종오토,23버5967,1,0,1,116.313,0.0,0,0,
39186355,현대,싼타페 TM,디젤 2.0 4WD,익스클루시브,201803.0,2019,2190.0,85595.0,디젤,오토,ORIGINAL,일반,2025-03-19 16:52:39.000 +09,경기,세종오토,35모8381,1,1,1,175.7705,50.9829,0,0,
39114478,현대,더 뉴 싼타페,디젤 2.2 2WD,프레스티지,202009.0,2021,2890.0,32230.0,디젤,오토,ORIGINAL,일반,2025-03-19 16:52:39.000 +09,경기,세종오토,151어6515,0,0,1,0.0,0.0,0,0,
39152196,현대,더 뉴 싼타페,디젤 2.2 2WD,프리미엄 초이스,202010.0,2021,2090.0,96461.0,디젤,오토,ORIGINAL,일반,2025-03-19 16:51:37.000 +09,경기,스마일자동차,329마9733,1,1,1,1065.1204,419.424,1,0,
38673918,현대,더 뉴 싼타페,가솔린 2.5T 2WD,프레스티지,202209.0,2022,2950.0,25314.0,가솔린,오토,ORIGINAL,일반,2025-03-19 16:49:04.000 +09,경기,무결점카모터스,207고1658,0,0,1,0.0,0.0,0,0,
39062488,현대,싼타페 TM,디젤 2.0 4WD,익스클루시브,201805.0,2019,1990.0,75816.0,디젤,오토,ORIGINAL,일반,2025-03-19 16:49:03.000 +09,경기,무결점카모터스,60가5666,2,1,0,588.2931,109.9,0,0,
38570718,현대,싼타페 (MX5),HEV 1.6 2WD,캘리그래피,202312.0,2023,4670.0,12831.0,가솔린+전기,오토,ORIGINAL,일반,2025-03-19 16:48:40.000 +09,대구,주) 주원모터스,355저4392,0,0,1,0.0,0.0,0,0,
38520155,현대,더 뉴 싼타페,디젤 2.2 4WD,프레스티지,202209.0,2022,3550.0,36526.0,디젤,오토,ORIGINAL,일반,2025-03-19 16:48:40.000 +09,대구,주) 주원모터스,239다5836,0,0,1,0.0,0.0,1,0,
39195535,현대,더 뉴 싼타페,HEV 1.6 2WD,익스클루시브,202108.0,2021,2950.0,58736.0,가솔린+전기,오토,ORIGINAL,일반,2025-03-19 16:48:40.000 +09,대구,주) 주원모터스,175루1160,1,0,1,60.8972,0.0,1,0,
39112457,현대,싼타페 TM,가솔린 2.0T 2WD,익스클루시브 스페셜,201904.0,2019,2059.0,118272.0,가솔린,오토,ORIGINAL,일반,2025-03-19 16:48:35.000 +09,경기,비전모터스,05부5870,2,2,2,128.0086,245.9397,0,0,
39266450,현대,더 뉴 싼타페,HEV 1.6 2WD,프레스티지,202107.0,2022,3090.0,29874.0,가솔린+전기,오토,ORIGINAL,일반,2025-03-19 16:48:16.000 +09,경기,신성모터스,143로3642,0,0,1,0.0,0.0,1,0,
39246378,현대,싼타페 더 프라임,디젤 2.0 2WD,모던,201606.0,2016,1440.0,91842.0,디젤,오토,ORIGINAL,일반,2025-03-19 16:47:37.000 +09,경기,토토자동차,59우0557,0,1,1,0.0,42.115,0,0,
39267053,현대,싼타페 DM,디젤(e-VGT) 2.0 2WD 익스클루시브,(세부등급 없음),201410.0,2015,1310.0,113136.0,디젤,오토,ORIGINAL,일반,2025-03-19 16:47:37.000 +09,경기,토토자동차,47버2102,0,0,0,0.0,0.0,0,0,
38534488,현대,더 뉴 싼타페,디젤 2.2 2WD,프레스티지,202209.0,2022,2870.0,47493.0,디젤,오토,ORIGINAL,일반,2025-03-19 16:47:37.000 +09,경기,토토자동차,140모9739,0,0,1,0.0,0.0,0,0,
39207607,현대,더 뉴 싼타페,디젤 2.2 2WD,프레스티지,202012.0,2021,2099.0,109700.0,디젤,오토,ORIGINAL,일반,2025-03-19 16:47:36.000 +09,경기,토토자동차,260누8268,1,0,2,58.5719,0.0,1,0,
39168477,현대,싼타페 TM,디젤 2.0 2WD,익스클루시브 스페셜,201803.0,2019,2110.0,92137.0,디젤,오토,ORIGINAL,일반,2025-03-19 16:47:36.000 +09,경기,토토자동차,02조9491,0,1,1,0.0,65.8089,0,0,
38855376,현대,더 뉴 싼타페,디젤 2.2 2WD,캘리그래피,202209.0,2022,2990.0,68031.0,디젤,오토,ORIGINAL,일반,2025-03-19 16:47:13.000 +09,광주,주)한성자동차매매상,100소3284,1,0,2,65.0293,0.0,2,0,
37132471,현대,더 뉴 싼타페,HEV 1.6 2WD,캘리그래피,202211.0,2023,2655.0,42000.0,가솔린+전기,오토,ORIGINAL,렌트,2025-03-19 16:46:55.000 +09,서울,,143하2022,0,0,0,0.0,0.0,0,0,
38805351,현대,싼타페 (MX5),가솔린 2.5T 2WD,캘리그래피,202310.0,2024,3044.0,37727.0,가솔린,오토,ORIGINAL,렌트,2025-03-19 16:46:54.000 +09,서울,,174호5349,0,0,0,0.0,0.0,0,0,
39165378,현대,싼타페 (MX5),HEV 1.6 2WD,캘리그래피,202402.0,2024,2808.0,26305.0,가솔린+전기,오토,ORIGINAL,렌트,2025-03-19 16:46:53.000 +09,서울,,221호5682,0,0,0,0.0,0.0,0,0,
39180202,현대,더 뉴 싼타페,가솔린 2.5T 2WD,프레스티지,202110.0,2021,2620.0,58460.0,가솔린,오토,ORIGINAL,일반,2025-03-19 16:44:44.000 +09,경기,DK모터스,234누5292,0,0,1,0.0,0.0,1,0,
38679905,현대,싼타페 TM,디젤 2.0 2WD,인스퍼레이션,201809.0,2019,2290.0,94120.0,디젤,오토,ORIGINAL,일반,2025-03-19 16:42:08.000 +09,서울,SJ모터스,339다3253,2,1,4,176.8519,108.1496,1,0,
38802782,현대,싼타페 더 프라임,디젤 2.0 2WD,모던,201606.0,2016,900.0,229852.0,디젤,오토,ORIGINAL,일반,2025-03-19 16:40:26.000 +09,인천,충인상사,21구0117,5,7,1,494.7174,1219.7645,0,0,
39269719,현대,싼타페 DM,디젤(e-VGT) 2.0 2WD 모던,,201303.0,2013,1155.0,99127.0,디젤,오토,ORIGINAL,일반,2025-03-19 16:38:53.000 +09,대구,올림픽모터스,20다3272,1,1,1,77.0978,219.862,0,0,
38996130,현대,싼타페 더 프라임,디젤 2.0 2WD,모던,201605.0,2016,990.0,184567.0,디젤,오토,ORIGINAL,일반,2025-03-19 16:37:12.000 +09,부산,에이스모터스,12나0482,4,4,1,596.0955,1087.3937,0,0,
39253394,현대,싼타페 TM,디젤 2.0 4WD,프리미엄,201805.0,2019,2050.0,84485.0,디젤,오토,ORIGINAL,일반,2025-03-19 16:35:49.000 +09,경기,(주)우리들모터스,18버6263,1,0,0,62.019,0.0,0,0,
39059184,현대,싼타페 CM,2WD(2.0VGT) CLX,고급형,200912.0,2009,380.0,114200.0,디젤,오토,ORIGINAL,일반,2025-03-19 16:35:48.000 +09,대전,(주)소망자동차,197라4634,0,0,4,0.0,0.0,0,0,
39119250,현대,싼타페 DM,디젤(e-VGT) 2.0 2WD 익스클루시브,(세부등급 없음),201504.0,2015,1580.0,60579.0,디젤,오토,ORIGINAL,일반,2025-03-19 16:35:46.000 +09,전북,굿데이모터스,46오9693,1,0,1,108.784,0.0,0,0,
38737407,현대,싼타페 TM,디젤 2.0 4WD,인스퍼레이션,201909.0,2020,2857.0,64291.0,디젤,오토,ORIGINAL,일반,2025-03-19 16:32:44.000 +09,인천,주식회사 이삭모터스,333저7681,0,0,1,0.0,0.0,0,0,
39202916,현대,싼타페 DM,디젤(e-VGT) 2.0 4WD 프리미엄,,201404.0,2015,1179.0,83227.0,디젤,오토,ORIGINAL,일반,2025-03-19 16:32:44.000 +09,인천,주식회사 이삭모터스,24거1278,4,3,1,692.3313,207.8302,0,0,
38847852,현대,싼타페 TM,가솔린 2.0T 2WD,프레스티지,201911.0,2020,2299.0,71115.0,가솔린,오토,ORIGINAL,일반,2025-03-19 16:32:31.000 +09,경기,(주)오토프라임,134모8063,0,0,0,0.0,0.0,0,0,
39128505,현대,더 뉴 싼타페,디젤 2.2 4WD,프리미엄,202007.0,2021,2390.0,119219.0,디젤,오토,ORIGINAL,일반,2025-03-19 16:32:22.000 +09,대구,(주)에이엠홀딩스,279마5935,1,1,0,141.4079,155.6059,1,0,
38716738,현대,더 뉴 싼타페,디젤 2.2 4WD,프리미엄,202008.0,2021,2410.0,79686.0,디젤,오토,ORIGINAL,일반,2025-03-19 16:31:43.000 +09,경기,이룸모터스,170수9829,0,0,1,0.0,0.0,1,0,
39194906,현대,싼타페 DM,디젤(e-VGT) 2.0 4WD 익스클루시브,(세부등급 없음),201401.0,2014,1099.0,111939.0,디젤,오토,ORIGINAL,일반,2025-03-19 16:31:38.000 +09,서울,풍년자동차판매주식회,16버1161,0,0,3,0.0,0.0,0,0,
39204044,현대,더 뉴 싼타페,가솔린 2.5T 2WD,프레스티지,202205.0,2022,2600.0,50892.0,가솔린,오토,ORIGINAL,일반,2025-03-19 16:31:32.000 +09,경기,(주)뉴카카,202구2344,1,0,1,187.5126,0.0,0,0,
39068964,현대,싼타페 DM,디젤(e-VGT) 2.0 2WD 프리미엄,,201301.0,2013,900.0,111812.0,디젤,오토,ORIGINAL,일반,2025-03-19 16:30:22.000 +09,대전,골드모터스,27주3329,1,0,2,47.033,0.0,0,0,
39212186,현대,싼타페 TM,가솔린 2.0T 4WD,프레스티지,202001.0,2020,2480.0,63135.0,가솔린,오토,ORIGINAL,일반,2025-03-19 16:30:19.000 +09,경기,제이모션,291나4543,0,1,2,0.0,124.0731,1,0,
38216013,현대,싼타페 (MX5),가솔린 2.5T 4WD,캘리그래피,202309.0,2024,4550.0,18082.0,가솔린,오토,ORIGINAL,일반,2025-03-19 16:30:10.000 +09,울산,그린모터스,392버5383,0,0,0,0.0,0.0,0,0,
39246561,현대,싼타페 TM,디젤 2.0 2WD,익스클루시브 스페셜,201807.0,2019,2050.0,81438.0,디젤,오토,ORIGINAL,일반,2025-03-19 16:29:58.000 +09,울산,동아상사,68거6397,1,1,1,114.2874,82.6,0,0,
38917686,현대,싼타페 CM,2WD(2.2VGT) 스타일팩,,200708.0,2007,290.0,174449.0,디젤,오토,ORIGINAL,일반,2025-03-19 16:29:57.000 +09,경기,신중앙상사,34도7407,1,3,3,86.0371,239.1725,0,0,
39264710,현대,더 뉴 싼타페,디젤 2.2 2WD,캘리그래피,202103.0,2021,3180.0,55530.0,디젤,오토,ORIGINAL,일반,2025-03-19 16:29:57.000 +09,울산,동아상사,164가8343,1,0,1,55.1089,0.0,0,0,
38751780,현대,싼타페 더 프라임,디젤 2.0 2WD,프리미엄,201605.0,2016,1270.0,150546.0,디젤,오토,ORIGINAL,일반,2025-03-19 16:29:44.000 +09,전북,승리모터스,06더0774,1,1,4,55.3196,112.2034,0,0,
39004881,현대,싼타페 TM,디젤 2.0 2WD,프레스티지,201911.0,2020,1990.0,152000.0,디젤,오토,ORIGINAL,일반,2025-03-19 16:29:34.000 +09,경남,모든모터스,283모3847,0,0,1,0.0,0.0,1,0,
39190810,현대,싼타페 더 프라임,디젤 2.0 2WD,익스클루시브 스페셜,201507.0,2016,1299.0,138731.0,디젤,오토,ORIGINAL,일반,2025-03-19 16:28:49.000 +09,충남,태일모터스,57오4828,2,4,1,449.137,750.723,0,0,
39269433,현대,싼타페 (MX5),가솔린 2.5T 2WD,프레스티지,202401.0,2024,3690.0,3717.0,가솔린,오토,ORIGINAL,일반,2025-03-19 16:27:46.000 +09,경기,솔카,101너4395,1,0,2,80.662,0.0,0,0,
38340790,현대,더 뉴 싼타페,디젤 2.2 2WD,프레스티지,202009.0,2021,2270.0,118735.0,디젤,오토,ORIGINAL,일반,2025-03-19 16:26:52.000 +09,경남,KC월드카프라자,176소5196,2,0,1,157.469,0.0,0,0,
39184815,현대,더 뉴 싼타페,디젤 2.2 2WD,프레스티지,202101.0,2021,2650.0,76286.0,디젤,오토,ORIGINAL,일반,2025-03-19 16:26:07.000 +09,경기,다산다모터스,128우3013,0,1,1,0.0,106.0724,1,0,
39214645,현대,더 뉴 싼타페,디젤 2.2 2WD,캘리그래피,202009.0,2021,3250.0,60072.0,디젤,오토,ORIGINAL,일반,2025-03-19 16:26:07.000 +09,경기,다산다모터스,398마4029,0,0,4,0.0,0.0,1,0,
39170305,현대,더 뉴 싼타페,가솔린 2.5T 2WD,프리미엄,202011.0,2021,2090.0,115873.0,가솔린,오토,ORIGINAL,일반,2025-03-19 16:26:07.000 +09,대구,뉴대우모터스,383서2547,0,0,0,0.0,0.0,0,0,
38341161,현대,더 뉴 싼타페,가솔린 2.5T 2WD,프레스티지,202111.0,2021,3090.0,37824.0,가솔린,오토,ORIGINAL,일반,2025-03-19 16:26:03.000 +09,광주,(주)보배모터스,339어9580,0,0,2,0.0,0.0,1,0,
36657805,현대,싼타페 더 프라임,디젤 2.0 2WD,프리미엄,201611.0,2017,1249.0,103700.0,디젤,오토,ORIGINAL,일반,2025-03-19 16:23:02.000 +09,대구,안심상사,56노0274,3,1,3,349.0985,59.9,0,0,
38879003,현대,싼타페 TM,디젤 2.0 2WD,프레스티지,202002.0,2020,2350.0,59634.0,디젤,오토,ORIGINAL,일반,2025-03-19 16:23:02.000 +09,대구,선우모터스,270거9885,2,4,1,180.4,3160.049,1,0,
39018444,현대,싼타페 (MX5),HEV 1.6 2WD,캘리그래피,202405.0,2024,2697.0,7515.0,가솔린+전기,오토,ORIGINAL,렌트,2025-03-19 16:22:53.000 +09,경기,헬로모터스,221호3755,0,0,0,0.0,0.0,0,0,
38964183,현대,싼타페 (MX5),가솔린 2.5T 2WD,캘리그래피,202404.0,2024,3426.0,19856.0,가솔린,오토,ORIGINAL,렌트,2025-03-19 16:22:53.000 +09,경기,헬로모터스,220하2396,0,0,0,0.0,0.0,0,0,
39269729,현대,더 뉴 싼타페,디젤 2.2 4WD,프레스티지,202209.0,2022,3249.0,31000.0,디젤,오토,ORIGINAL,일반,2025-03-19 16:21:56.000 +09,경기,주)오토프라임,312버6935,0,1,1,0.0,143.7072,1,0,
39243494,현대,싼타페 DM,디젤(e-VGT) 2.0 2WD 프리미엄,,201301.0,2013,1200.0,144974.0,디젤,오토,ORIGINAL,일반,2025-03-19 16:21:29.000 +09,충남,큐모터스,18나5278,3,4,5,348.7783,180.9139,0,0,
39267618,현대,더 뉴 싼타페,디젤 2.2 2WD,익스클루시브,202204.0,2022,11111.0,52980.0,디젤,오토,ORIGINAL,일반,2025-03-19 16:20:05.000 +09,전북,소나무자동차,258마2677,0,0,1,0.0,0.0,1,0,
39093573,현대,싼타페 더 프라임,디젤 2.0 2WD,익스클루시브,201606.0,2016,1350.0,116009.0,디젤,오토,ORIGINAL,일반,2025-03-19 16:16:50.000 +09,부산,아피스오토,05러0373,4,2,1,283.6913,74.219,0,0,
38787387,현대,싼타페 (MX5),가솔린 2.5T 2WD,프레스티지,202309.0,2024,2569.0,41000.0,가솔린,오토,ORIGINAL,렌트,2025-03-19 16:16:02.000 +09,서울,,163하7925,0,1,0,0.0,56.1229,0,0,
39253698,현대,싼타페 TM,가솔린 2.0T 4WD,인스퍼레이션,201812.0,2019,2750.0,46872.0,가솔린,오토,ORIGINAL,일반,2025-03-19 16:15:47.000 +09,경기,제이디모터스,06모4771,0,1,1,0.0,61.967,0,0,
39263755,현대,더 뉴 싼타페,디젤 2.2 2WD,프리미엄 초이스,202107.0,2021,2100.0,109339.0,디젤,오토,ORIGINAL,일반,2025-03-19 16:15:28.000 +09,경기,태금모터스,182호8361,1,0,0,326.1039,0.0,0,0,
38510916,현대,더 뉴 싼타페,가솔린 2.5T 2WD,프레스티지,202201.0,2022,2850.0,21833.0,가솔린,오토,ORIGINAL,일반,2025-03-19 16:14:30.000 +09,경기,오토월드,145조8438,1,3,1,196.253,507.123,0,0,
38430727,현대,싼타페 (MX5),HEV 1.6 2WD,캘리그래피,202402.0,2024,4390.0,21414.0,가솔린+전기,오토,ORIGINAL,일반,2025-03-19 16:14:29.000 +09,경기,오토월드,122부6147,1,0,0,366.099,0.0,0,0,
39200786,현대,싼타페 더 프라임,디젤 2.0 2WD,밸류 플러스,201708.0,2018,1290.0,136632.0,디젤,오토,ORIGINAL,일반,2025-03-19 16:13:52.000 +09,경기,씨에스모터스,38너1417,2,0,3,589.042,0.0,0,0,
38387382,현대,싼타페 더 프라임,디젤 2.2 2WD,익스클루시브,201602.0,2016,1250.0,127942.0,디젤,오토,ORIGINAL,일반,2025-03-19 16:13:13.000 +09,부산,부경모터스,59버8264,4,2,4,227.9799,140.1258,0,0,
38357064,현대,더 뉴 싼타페,디젤 2.2 2WD,프레스티지,202007.0,2021,2799.0,42363.0,디젤,오토,ORIGINAL,일반,2025-03-19 16:13:13.000 +09,부산,부경모터스,164구1307,0,0,2,0.0,0.0,0,0,
38295793,현대,싼타페 (MX5),HEV 1.6 2WD,캘리그래피,202311.0,2024,5400.0,10000.0,가솔린+전기,오토,ORIGINAL,리스,2025-03-19 16:12:03.000 +09,서울,,146머7305,0,0,0,0.0,0.0,0,0,
38587629,현대,싼타페 TM,디젤 2.0 2WD,익스클루시브,201903.0,2019,2100.0,63377.0,디젤,오토,ORIGINAL,일반,2025-03-19 16:11:43.000 +09,서울,(주)한솔모터스,164구8749,0,0,2,0.0,0.0,1,0,
39163225,현대,더 뉴 싼타페,디젤 2.2 2WD,캘리그래피,202102.0,2021,3250.0,47871.0,디젤,오토,ORIGINAL,일반,2025-03-19 16:09:38.000 +09,경기,오토허브,149어4917,0,0,4,0.0,0.0,0,0,
39001111,현대,더 뉴 싼타페,디젤 2.2 2WD,익스클루시브,202201.0,2022,2720.0,79540.0,디젤,오토,ORIGINAL,일반,2025-03-19 16:05:45.000 +09,광주,현철모터스,255조5988,0,0,2,0.0,0.0,1,0,
39083100,현대,싼타페 TM,가솔린 2.0T 2WD,프리미엄,202005.0,2020,2349.0,23074.0,가솔린,오토,ORIGINAL,일반,2025-03-19 16:05:16.000 +09,대구,서희모터스,178구3915,3,3,2,241.9278,349.68,0,0,
38986209,현대,싼타페 TM,디젤 2.2 2WD,인스퍼레이션,201908.0,2020,3000.0,75650.0,디젤,오토,ORIGINAL,일반,2025-03-19 16:04:37.000 +09,경남,창원중고차매매,26누6214,1,0,3,20.8946,0.0,0,0,
39183434,현대,더 뉴 싼타페,디젤 2.2 4WD,캘리그래피,202011.0,2021,3350.0,87779.0,디젤,오토,ORIGINAL,일반,2025-03-19 16:04:29.000 +09,경기,와이엠 모터스,107루2509,2,0,0,113.7363,0.0,0,0,
38595647,현대,싼타페 TM,디젤 2.0 2WD,프레스티지,201810.0,2019,2240.0,78388.0,디젤,오토,ORIGINAL,일반,2025-03-19 16:04:28.000 +09,경기,와이엠 모터스,05고6871,4,0,1,274.1047,0.0,0,0,
38405879,현대,더 뉴 싼타페,가솔린 2.5T 2WD,프레스티지,202104.0,2021,2920.0,31201.0,가솔린,오토,ORIGINAL,일반,2025-03-19 16:04:28.000 +09,경기,와이엠 모터스,105누3466,0,0,1,0.0,0.0,0,0,
39110112,현대,싼타페 DM,디젤(e-VGT) 2.0 2WD 프리미엄,,201502.0,2015,970.0,152049.0,디젤,오토,ORIGINAL,일반,2025-03-19 16:02:40.000 +09,전북,카몬,28라2647,3,3,5,307.812,369.0714,0,0,
38869054,현대,더 뉴 싼타페,가솔린 2.5T 2WD,캘리그래피,202211.0,2023,3420.0,29510.0,가솔린,오토,ORIGINAL,일반,2025-03-19 16:02:25.000 +09,전북,대유모터스,152수2478,0,1,1,0.0,73.093,0,0,
39251343,현대,싼타페 TM,디젤 2.2 2WD,인스퍼레이션,202001.0,2020,2320.0,105000.0,디젤,오토,ORIGINAL,일반,2025-03-19 16:01:40.000 +09,경기,카메이트,255머3937,0,0,1,0.0,0.0,0,0,
39257114,현대,더 뉴 싼타페,디젤 2.2 2WD,프레스티지,202008.0,2021,2640.0,68000.0,디젤,오토,ORIGINAL,일반,2025-03-19 16:01:40.000 +09,경기,카메이트,364두7806,1,2,0,63.5203,200.92,0,0,
39252415,현대,더 뉴 싼타페,디젤 2.2 2WD,프레스티지,202107.0,2021,2840.0,84000.0,디젤,오토,ORIGINAL,일반,2025-03-19 16:01:40.000 +09,경기,카메이트,157하4988,0,0,0,0.0,0.0,0,0,
39166973,현대,더 뉴 싼타페,가솔린 2.5T 2WD,프레스티지,202205.0,2022,2990.0,24000.0,가솔린,오토,ORIGINAL,일반,2025-03-19 16:01:40.000 +09,경기,카메이트,376주3372,0,0,1,0.0,0.0,1,0,
39116594,현대,싼타페 CM,2WD(2.2VGT) 스타일팩,,200709.0,2007,390.0,155537.0,디젤,오토,ORIGINAL,일반,2025-03-19 16:00:35.000 +09,서울,(주)라인오토,39노8892,4,4,1,138.069,313.194,0,0,
39253087,현대,싼타페 TM,디젤 2.0 2WD,프리미엄,201909.0,2020,2220.0,35585.0,디젤,오토,ORIGINAL,일반,2025-03-19 15:57:48.000 +09,경기,수성자동차,396누7410,1,1,1,42.6487,41.0,0,0,
39087960,현대,싼타페 DM,디젤(e-VGT) 2.0 2WD 익스클루시브,스페셜,201405.0,2015,1150.0,120974.0,디젤,오토,ORIGINAL,일반,2025-03-19 15:57:47.000 +09,경기,수성자동차,68로1225,2,4,4,205.307,288.6641,0,0,
39199638,현대,더 뉴 싼타페,디젤 2.2 2WD,캘리그래피,202012.0,2021,3270.0,46654.0,디젤,오토,ORIGINAL,일반,2025-03-19 15:57:47.000 +09,경기,수성자동차,287무6240,0,0,1,0.0,0.0,0,0,
37983839,현대,싼타페 더 프라임,디젤 2.0 4WD,프리미엄,201605.0,2016,1220.0,165420.0,디젤,오토,ORIGINAL,일반,2025-03-19 15:57:09.000 +09,경기,윈윈 모터스,49조0950,1,1,1,66.6699,60.0,0,0,
39265257,현대,싼타페 TM,가솔린 2.0T 2WD,익스클루시브,202003.0,2020,2275.0,77404.0,가솔린,오토,ORIGINAL,일반,2025-03-19 15:55:32.000 +09,경기,판다카,358어7948,1,0,0,46.76,0.0,0,0,
39128010,현대,싼타페 TM,디젤 2.0 2WD,익스클루시브,202002.0,2020,1825.0,160048.0,디젤,오토,ORIGINAL,일반,2025-03-19 15:55:32.000 +09,경기,판다카,180어3268,1,0,1,111.9525,0.0,0,0,
39051142,현대,싼타페 TM,디젤 2.0 4WD,프리미엄,201903.0,2019,1960.0,100645.0,디젤,오토,ORIGINAL,일반,2025-03-19 15:54:02.000 +09,경기,준모터스,05가2736,0,1,1,0.0,52.817,0,0,
37602116,현대,싼타페 더 프라임,디젤 2.0 2WD,익스클루시브 스페셜,201608.0,2016,1230.0,167351.0,디젤,오토,ORIGINAL,일반,2025-03-19 15:53:55.000 +09,경기,양주중고차에이원오토,26마0319,3,0,1,98.4243,0.0,1,0,
39153346,현대,싼타페 DM,디젤(e-VGT) 2.0 2WD 프리미엄,,201212.0,2013,950.0,160125.0,디젤,오토,ORIGINAL,일반,2025-03-19 15:52:44.000 +09,울산,DK모터스,69두7681,2,2,4,227.6139,66.0916,1,0,
38893036,현대,싼타페 TM,가솔린 2.0T 2WD,프리미엄,201901.0,2019,1810.0,111479.0,가솔린,오토,ORIGINAL,일반,2025-03-19 15:52:26.000 +09,경기,비전모터스,07수9645,0,0,1,0.0,0.0,0,0,
38808581,현대,싼타페 TM,디젤 2.0 4WD,익스클루시브,201810.0,2019,1760.0,163199.0,디젤,오토,ORIGINAL,일반,2025-03-19 15:52:26.000 +09,경기,비전모터스,55고3433,1,0,1,244.913,0.0,0,0,
39260990,현대,싼타페 CM,2WD(2.0 e-VGT) MLX,럭셔리,201206.0,2012,720.0,154000.0,디젤,오토,ORIGINAL,일반,2025-03-19 15:50:50.000 +09,부산,동원모터스,41모1260,4,0,5,158.9539,0.0,1,0,
39239968,현대,싼타페 더 프라임,디젤 2.0 2WD,밸류 플러스,201707.0,2018,1780.0,54563.0,디젤,오토,ORIGINAL,일반,2025-03-19 15:48:20.000 +09,대전,(주)감동모터스,09머6805,1,0,0,26.382,0.0,0,0,
38385189,현대,싼타페 (MX5),HEV 1.6 4WD,캘리그래피,202310.0,2024,2100.0,12000.0,가솔린+전기,오토,ORIGINAL,렌트,2025-03-19 15:47:32.000 +09,경기,탑기어모터스,130호5580,0,0,0,0.0,0.0,0,0,
39257268,현대,싼타페 DM,디젤(e-VGT) 2.0 2WD 익스클루시브,(세부등급 없음),201501.0,2015,1430.0,90468.0,디젤,오토,ORIGINAL,일반,2025-03-19 15:47:20.000 +09,울산,조이카,33로1738,3,0,2,139.9821,0.0,0,0,
38003172,현대,더 뉴 싼타페,디젤 2.2 4WD,프리미엄,202104.0,2021,2570.0,81119.0,디젤,오토,ORIGINAL,일반,2025-03-19 15:47:18.000 +09,경기,굿모닝자동차,192두1417,0,0,1,0.0,0.0,1,0,
38515073,현대,더 뉴 싼타페,디젤 2.2 4WD,프리미엄,202007.0,2021,2710.0,66672.0,디젤,오토,ORIGINAL,일반,2025-03-19 15:47:18.000 +09,경기,굿모닝자동차,236루7628,0,0,1,0.0,0.0,1,0,
38398523,현대,더 뉴 싼타페,HEV 1.6 2WD,캘리그래피,202303.0,2023,3550.0,22869.0,가솔린+전기,오토,ORIGINAL,일반,2025-03-19 15:46:17.000 +09,서울,(주)한마음모터스,173버4651,1,1,0,127.789,265.8,0,0,
39232822,현대,싼타페 TM,디젤 2.2 4WD,프레스티지,202002.0,2020,2690.0,85394.0,디젤,오토,ORIGINAL,일반,2025-03-19 15:45:12.000 +09,대구,씽씽카,358수2393,0,0,0,0.0,0.0,0,0,
38310077,현대,더 뉴 싼타페,디젤 2.2 2WD,프레스티지,202104.0,2021,2830.0,32258.0,디젤,오토,ORIGINAL,일반,2025-03-19 15:44:03.000 +09,광주,쌍둥이모터스,208수9026,0,0,1,0.0,0.0,1,0,
38005223,현대,더 뉴 싼타페,디젤 2.2 2WD,프리미엄 초이스,202102.0,2021,2650.0,83100.0,디젤,오토,ORIGINAL,일반,2025-03-19 15:43:53.000 +09,충북,대한자동차매매상사,152너1186,0,1,1,0.0,74.21,1,0,
39109596,현대,싼타페 더 프라임,디젤 2.0 2WD,밸류 플러스,201710.0,2018,1470.0,128700.0,디젤,오토,ORIGINAL,일반,2025-03-19 15:43:53.000 +09,충북,대한자동차매매상사,29어9276,0,0,1,0.0,0.0,0,0,
38968624,현대,싼타페 TM,가솔린 2.0T 2WD,익스클루시브,201911.0,2020,2290.0,16845.0,가솔린,오토,ORIGINAL,일반,2025-03-19 15:43:11.000 +09,부산,퍼스트카,135구3036,2,1,1,217.744,84.959,0,0,
38826273,현대,더 뉴 싼타페,가솔린 2.5T 2WD,프레스티지,202102.0,2021,2299.0,105299.0,가솔린,오토,ORIGINAL,일반,2025-03-19 15:42:46.000 +09,서울,뉴케이스페이스,261모4717,0,1,1,0.0,167.4368,0,0,
39262139,현대,싼타페 더 프라임,디젤 2.0 2WD,모던,201509.0,2016,999.0,193102.0,디젤,오토,ORIGINAL,일반,2025-03-19 15:41:56.000 +09,광주,드림카마켓,62가0873,3,7,4,405.2004,1260.7062,0,0,
39090104,현대,싼타페 TM,가솔린 2.0T 4WD,익스클루시브 스페셜,201804.0,2019,2680.0,30372.0,가솔린,오토,ORIGINAL,일반,2025-03-19 15:40:36.000 +09,부산,(주)신박한자동차,27러3256,0,1,1,0.0,25.3001,0,0,
38531582,현대,싼타페 더 프라임,디젤 2.0 2WD,프리미엄,201701.0,2017,1250.0,168862.0,디젤,오토,ORIGINAL,일반,2025-03-19 15:40:06.000 +09,경기,경기자동차매매상사,18구0268,0,0,2,0.0,0.0,0,0,
38853341,현대,싼타페 더 프라임,디젤 2.0 2WD,밸류 플러스,201704.0,2018,1230.0,152687.0,디젤,오토,ORIGINAL,일반,2025-03-19 15:38:17.000 +09,부산,도깨비모터스,08러5284,2,1,1,275.5908,74.7269,0,0,
38963871,현대,싼타페 더 프라임,디젤 2.0 4WD,1 밀리언,201612.0,2017,1799.0,52331.0,디젤,오토,ORIGINAL,일반,2025-03-19 15:35:19.000 +09,대전,다온 모터스,133가5965,2,1,6,137.3044,157.466,1,0,
39142131,현대,싼타페 더 프라임,디젤 2.2 4WD,익스클루시브,201604.0,2016,1090.0,127796.0,디젤,오토,ORIGINAL,일반,2025-03-19 15:33:13.000 +09,경기,비전모터스,64오0568,1,1,0,771.9227,31.9498,0,0,
38979025,현대,더 뉴 싼타페,HEV 1.6 4WD,프레스티지,202301.0,2023,3850.0,20276.0,가솔린+전기,오토,ORIGINAL,일반,2025-03-19 15:32:06.000 +09,부산,동원모터스상사,132머8178,1,0,1,0.0,0.0,0,0,
38731925,현대,싼타페 TM,디젤 2.0 2WD,익스클루시브,201806.0,2019,1930.0,76215.0,디젤,오토,ORIGINAL,일반,2025-03-19 15:30:09.000 +09,경기,창대모터스,31누7657,2,2,2,270.3201,270.4708,0,0,
39044407,현대,더 뉴 싼타페,디젤 2.2 2WD,캘리그래피,202212.0,2023,3665.0,50211.0,디젤,오토,ORIGINAL,일반,2025-03-19 15:29:57.000 +09,부산,(주)에코모터스,160우2170,0,0,0,0.0,0.0,0,0,
39076776,현대,더 뉴 싼타페,디젤 2.2 2WD,캘리그래피,202302.0,2023,3650.0,16823.0,디젤,오토,ORIGINAL,일반,2025-03-19 15:29:57.000 +09,부산,(주)에코모터스,311서9834,0,0,0,0.0,0.0,0,0,
39162143,현대,더 뉴 싼타페,디젤 2.2 2WD,프레스티지,202302.0,2023,3290.0,22068.0,디젤,오토,ORIGINAL,일반,2025-03-19 15:29:57.000 +09,부산,(주)에코모터스,168도7352,0,0,0,0.0,0.0,0,0,
38412713,현대,더 뉴 싼타페,HEV 1.6 2WD,캘리그래피,202107.0,2022,2350.0,170754.0,가솔린+전기,오토,ORIGINAL,일반,2025-03-19 15:29:18.000 +09,경기,수성자동차,282마2471,0,1,2,0.0,49.6968,0,0,
39238436,현대,싼타페 TM,디젤 2.2 2WD,프레스티지,201901.0,2019,2550.0,57286.0,디젤,오토,ORIGINAL,일반,2025-03-19 15:28:57.000 +09,울산,대박상사,32노4998,1,1,0,124.1786,60.9569,0,0,
38818689,현대,싼타페 더 프라임,디젤 2.0 2WD,익스클루시브,201507.0,2016,1200.0,123000.0,디젤,오토,ORIGINAL,일반,2025-03-19 15:26:27.000 +09,경기,태창매매상사,68보3281,1,9,1,84.034,1494.884,0,0,
37563611,현대,싼타페 DM,디젤(e-VGT) 2.0 4WD 익스클루시브,스페셜,201211.0,2013,1120.0,125711.0,디젤,오토,ORIGINAL,일반,2025-03-19 15:26:21.000 +09,경기,남수원모터스,25보5880,1,3,3,40.9,156.093,0,0,
39049666,현대,싼타페 (MX5),HEV 1.6 2WD,캘리그래피,202311.0,2024,4450.0,10361.0,가솔린+전기,오토,ORIGINAL,일반,2025-03-19 15:25:21.000 +09,충남,아우토반,246두8813,0,0,0,0.0,0.0,0,0,
39158019,현대,싼타페 TM,가솔린 2.0T 2WD,프레스티지,202002.0,2020,2650.0,47233.0,가솔린,오토,ORIGINAL,일반,2025-03-19 15:24:45.000 +09,전북,MK상사,100조3429,0,0,3,0.0,0.0,0,0,
39250408,현대,싼타페 더 프라임,디젤 2.0 2WD,프리미엄,201602.0,2016,1280.0,148733.0,디젤,오토,ORIGINAL,일반,2025-03-19 15:24:45.000 +09,전북,MK상사,66모0126,1,2,1,0.0,56.571,0,0,
38797349,현대,더 뉴 싼타페,가솔린 2.5T 4WD,캘리그래피,202212.0,2023,3780.0,18880.0,가솔린,오토,ORIGINAL,일반,2025-03-19 15:22:11.000 +09,울산,주식회사 두바이카,204머4009,0,0,1,0.0,0.0,0,0,
39268478,현대,싼타페 DM,디젤(e-VGT) 2.0 2WD 프리미엄,,201401.0,2014,1150.0,146619.0,디젤,오토,ORIGINAL,일반,2025-03-19 15:21:41.000 +09,경북,한결자동차매매상사,38소8277,1,3,1,25.3158,335.6686,0,0,
38956420,현대,더 뉴 싼타페,디젤 2.2 2WD,캘리그래피,202007.0,2021,2950.0,47746.0,디젤,오토,ORIGINAL,일반,2025-03-19 15:21:40.000 +09,경기,대한모터스,267도6393,2,1,2,183.5309,0.0,0,0,
39118528,현대,더 뉴 싼타페,디젤 2.2 4WD,프리미엄,202104.0,2021,2370.0,120869.0,디젤,오토,ORIGINAL,일반,2025-03-19 15:21:18.000 +09,경기,바른자동차,291나4520,0,0,1,0.0,0.0,1,0,
38931761,현대,싼타페 TM,가솔린 2.0T 2WD,인스퍼레이션,202003.0,2020,2990.0,46118.0,가솔린,오토,ORIGINAL,일반,2025-03-19 15:20:45.000 +09,대전,(주)조은카,325모1428,0,0,1,0.0,0.0,0,0,
38732244,현대,더 뉴 싼타페,가솔린 2.5T 2WD,익스클루시브,202208.0,2022,2715.0,43212.0,가솔린,오토,ORIGINAL,일반,2025-03-19 15:15:32.000 +09,부산,카프로,110보5300,3,3,2,105.753,157.852,0,0,
38693664,현대,싼타페 TM,디젤 2.0 2WD,프레스티지,201811.0,2019,2290.0,63657.0,디젤,오토,ORIGINAL,일반,2025-03-19 15:15:31.000 +09,부산,카프로,29어6955,1,0,5,20.8062,0.0,0,0,
38619161,현대,더 뉴 싼타페,디젤 2.2 2WD,프리미엄,202007.0,2021,2590.0,47956.0,디젤,오토,ORIGINAL,일반,2025-03-19 15:15:31.000 +09,부산,카프로,119우4734,0,0,2,0.0,0.0,1,0,
39249591,현대,싼타페 TM,디젤 2.0 2WD,익스클루시브,202003.0,2020,2690.0,21417.0,디젤,오토,ORIGINAL,일반,2025-03-19 15:15:30.000 +09,부산,카프로,273우4502,0,0,2,0.0,0.0,0,0,
38617517,현대,더 뉴 싼타페,가솔린 2.5T 2WD,프리미엄 초이스,202111.0,2021,2730.0,61264.0,가솔린,오토,ORIGINAL,일반,2025-03-19 15:15:30.000 +09,부산,카프로,378부2697,0,1,1,0.0,67.7139,0,0,
38352508,현대,싼타페 TM,가솔린 2.0T 2WD,익스클루시브,202003.0,2020,2650.0,45702.0,가솔린,오토,ORIGINAL,일반,2025-03-19 15:15:30.000 +09,부산,카프로,161어3945,1,0,2,21.05,0.0,0,0,
36854279,현대,싼타페 DM,디젤(e-VGT) 2.0 2WD 익스클루시브,(세부등급 없음),201411.0,2015,1150.0,108803.0,디젤,오토,ORIGINAL,일반,2025-03-19 15:15:29.000 +09,부산,카프로,36무6417,2,1,4,223.2285,134.113,0,0,
38945575,현대,싼타페 더 프라임,디젤 2.0 2WD,프리미엄,201601.0,2016,1200.0,129475.0,디젤,오토,ORIGINAL,일반,2025-03-19 15:10:48.000 +09,경남,울트라모터스,68마0776,3,1,2,165.0456,109.0968,0,0,
38785134,현대,싼타페 TM,디젤 2.0 2WD,프리미엄,201905.0,2019,1880.0,90165.0,디젤,오토,ORIGINAL,일반,2025-03-19 15:10:37.000 +09,경기,주)스피드상사,254우5501,1,0,1,58.1144,0.0,1,0,
39257311,현대,더 뉴 싼타페,디젤 2.2 2WD,캘리그래피,202202.0,2022,2999.0,96330.0,디젤,오토,ORIGINAL,일반,2025-03-19 15:06:58.000 +09,경기,(주)차파는사람들,322구6208,2,1,0,271.8162,155.0,0,0,
39255669,현대,싼타페 더 프라임,디젤 2.0 2WD,익스클루시브,201703.0,2017,1690.0,100613.0,디젤,오토,ORIGINAL,일반,2025-03-19 15:06:48.000 +09,울산,그린모터스,02고1708,2,0,0,122.6163,0.0,0,0,
39083763,현대,더 뉴 싼타페,디젤 2.2 4WD,프리미엄 초이스,202012.0,2021,2340.0,107055.0,디젤,오토,ORIGINAL,일반,2025-03-19 15:06:21.000 +09,대전,아이카모터스,167우3009,1,0,1,152.365,0.0,0,0,
39026905,현대,더 뉴 싼타페,디젤 2.2 4WD,익스클루시브,202301.0,2023,3110.0,25587.0,디젤,오토,ORIGINAL,일반,2025-03-19 15:06:11.000 +09,경남,에이(A)모터스,322저3567,3,0,1,166.65,0.0,1,0,
39237688,현대,더 뉴 싼타페,디젤 2.2 2WD,프레스티지,202007.0,2021,3000.0,23563.0,디젤,오토,ORIGINAL,일반,2025-03-19 15:04:46.000 +09,경남,88모터스,360주5042,0,0,1,0.0,0.0,0,0,
38525325,현대,싼타페 TM,디젤 2.2 4WD,프레스티지,201809.0,2019,2480.0,65200.0,디젤,오토,ORIGINAL,일반,2025-03-19 15:03:45.000 +09,경기,D car,22더2292,1,1,0,137.288,0.0,0,0,
39248178,현대,싼타페 TM,디젤 2.0 2WD,익스클루시브,201809.0,2019,2150.0,56588.0,디젤,오토,ORIGINAL,일반,2025-03-19 15:03:09.000 +09,대전,에이원 모터스,57로8717,0,0,0,0.0,0.0,0,0,
39196993,현대,싼타페 (MX5),HEV 1.6 4WD,캘리그래피,202311.0,2024,4650.0,25784.0,가솔린+전기,오토,ORIGINAL,일반,2025-03-19 15:03:09.000 +09,대전,에이원 모터스,175노1885,0,0,1,0.0,0.0,0,0,
39146183,현대,싼타페 (MX5),가솔린 2.5T 2WD,프레스티지,202401.0,2024,3470.0,35924.0,가솔린,오토,ORIGINAL,렌트,2025-03-19 15:02:33.000 +09,서울,,196호8166,0,0,0,0.0,0.0,0,0,
39248063,현대,싼타페 DM,디젤(e-VGT) 2.0 2WD 모던,,201206.0,2013,980.0,99192.0,디젤,오토,ORIGINAL,일반,2025-03-19 15:02:28.000 +09,경기,(주)차파는사람들,12주6894,6,5,0,860.1601,281.0818,0,0,
38643749,현대,싼타페 TM,가솔린 2.0T 2WD,익스클루시브,201907.0,2019,1960.0,115850.0,가솔린,오토,ORIGINAL,일반,2025-03-19 15:02:00.000 +09,강원,원주 삼우자동차,128모5632,3,0,2,245.5675,0.0,1,0,
39245408,현대,더 뉴 싼타페,디젤 2.2 4WD,프리미엄 초이스,202103.0,2021,2790.0,78935.0,디젤,오토,ORIGINAL,일반,2025-03-19 14:59:08.000 +09,경기,(주)로드모터스,126호3635,0,1,0,0.0,51.726,1,0,
39102829,현대,싼타페 TM,가솔린 2.0T 4WD,익스클루시브 스페셜,201807.0,2019,2440.0,47327.0,가솔린,오토,ORIGINAL,일반,2025-03-19 14:59:06.000 +09,경기,해동자동차,09러6330,0,1,2,0.0,55.1595,0,0,
38555319,현대,싼타페 TM,가솔린 2.0T 2WD,인스퍼레이션,201907.0,2020,2130.0,92881.0,가솔린,오토,ORIGINAL,일반,2025-03-19 14:56:42.000 +09,경남,대동모터스,47서9642,2,1,2,582.227,125.619,0,0,
38521857,현대,싼타페 더 프라임,디젤 2.0 2WD,1 밀리언,201608.0,2017,1350.0,134970.0,디젤,오토,ORIGINAL,일반,2025-03-19 14:55:23.000 +09,전북,카마트,03머0423,3,3,4,376.923,176.0417,0,0,
38958762,현대,더 뉴 싼타페,디젤 2.2 2WD,프리미엄 초이스,202008.0,2021,2980.0,28100.0,디젤,오토,ORIGINAL,일반,2025-03-19 14:51:39.000 +09,대전,(주) 마이카,128러3616,0,1,0,0.0,67.101,0,0,
39239259,현대,더 뉴 싼타페,디젤 2.2 4WD,프리미엄 초이스,202103.0,2021,2790.0,51772.0,디젤,오토,ORIGINAL,일반,2025-03-19 14:51:37.000 +09,대전,(주) 마이카,172누2790,0,0,2,0.0,0.0,1,0,
39233525,현대,싼타페 TM,디젤 2.2 2WD,프레스티지,201909.0,2020,2050.0,139048.0,디젤,오토,ORIGINAL,일반,2025-03-19 14:51:36.000 +09,대전,(주) 마이카,207누4284,0,3,2,0.0,348.1306,1,0,
38175849,현대,싼타페 (MX5),HEV 1.6 2WD,캘리그래피,202401.0,2024,4600.0,16062.0,가솔린+전기,오토,ORIGINAL,일반,2025-03-19 14:46:31.000 +09,경기,뉴월드모터스,226저2126,0,0,2,0.0,0.0,1,0,
38107067,현대,싼타페 TM,디젤 2.0 2WD,프리미엄,201909.0,2020,1850.0,130531.0,디젤,오토,ORIGINAL,일반,2025-03-19 14:46:12.000 +09,광주,대한민국,237보3696,1,0,1,63.9828,0.0,1,0,
38782947,현대,싼타페 (MX5),가솔린 2.5T 2WD,프레스티지,202309.0,2024,3550.0,40821.0,가솔린,오토,ORIGINAL,일반,2025-03-19 14:46:12.000 +09,광주,대한민국,135누7603,0,0,0,0.0,0.0,0,0,
39220515,현대,싼타페 더 프라임,디젤 2.0 2WD,프리미엄,201512.0,2016,1590.0,46574.0,디젤,오토,ORIGINAL,일반,2025-03-19 14:45:34.000 +09,경기,토토자동차,24주0963,1,1,1,101.2378,58.935,0,0,
39102677,현대,싼타페 TM,디젤 2.0 2WD,프리미엄,201807.0,2019,2050.0,40912.0,디젤,오토,ORIGINAL,일반,2025-03-19 14:44:08.000 +09,경기,로얄모터스,01라5706,1,0,0,105.796,0.0,0,0,
39254302,현대,싼타페 CM,2WD(2.0 e-VGT) MLX,럭셔리,200907.0,2010,420.0,113075.0,디젤,오토,ORIGINAL,일반,2025-03-19 14:41:21.000 +09,광주,드림카마켓,12수1850,1,1,1,197.0429,240.4514,0,0,
39254730,현대,싼타페 DM,디젤(e-VGT) 2.0 4WD 프리미엄,,201501.0,2015,1090.0,112355.0,디젤,오토,ORIGINAL,일반,2025-03-19 14:40:12.000 +09,경기,(주)겟차,58너1398,3,4,3,248.39,518.602,0,0,
38946742,현대,더 뉴 싼타페,디젤 2.2 2WD,익스클루시브,202201.0,2022,2350.0,97611.0,디젤,오토,ORIGINAL,일반,2025-03-19 14:38:28.000 +09,전북,혁신모터스,259머4896,3,0,1,220.6629,0.0,0,0,
39229457,현대,싼타페 DM,디젤(e-VGT) 2.0 2WD 모던,,201409.0,2015,969.0,246447.0,디젤,오토,ORIGINAL,일반,2025-03-19 14:37:41.000 +09,경기,클린오토,46버1452,4,1,1,588.2434,177.301,0,0,
38824976,현대,싼타페 TM,디젤 2.0 2WD,인스퍼레이션,201906.0,2020,2420.0,92810.0,디젤,오토,ORIGINAL,일반,2025-03-19 14:37:07.000 +09,경기,와이엠 모터스,48머5273,3,0,2,302.8429,0.0,0,0,
39182336,현대,싼타페 더 프라임,디젤 2.0 2WD,익스클루시브,201507.0,2016,1620.0,83527.0,디젤,오토,ORIGINAL,일반,2025-03-19 14:37:07.000 +09,경기,와이엠 모터스,11루9941,2,1,2,158.6911,114.9515,0,0,
39182919,현대,싼타페 TM,디젤 2.0 2WD,익스클루시브,201807.0,2019,1920.0,77705.0,디젤,오토,ORIGINAL,일반,2025-03-19 14:37:05.000 +09,경기,와이엠 모터스,26너2836,1,3,2,185.3679,220.3117,0,0,
39183870,현대,싼타페 TM,디젤 2.2 4WD,인스퍼레이션,201812.0,2019,2630.0,83373.0,디젤,오토,ORIGINAL,일반,2025-03-19 14:37:03.000 +09,경기,와이엠 모터스,326고7184,1,0,4,89.614,0.0,1,0,
39176155,현대,더 뉴 싼타페,HEV 1.6 2WD,캘리그래피,202110.0,2022,3180.0,67772.0,가솔린+전기,오토,ORIGINAL,일반,2025-03-19 14:34:16.000 +09,경남,윤모터스,205다5088,3,0,1,227.6137,0.0,1,0,
39191453,현대,더 뉴 싼타페,가솔린 2.5T 2WD,프리미엄 초이스,202101.0,2021,2500.0,65746.0,가솔린,오토,ORIGINAL,일반,2025-03-19 14:33:07.000 +09,전북,성화모터스,166버1408,1,0,0,56.0763,0.0,0,0,
38588781,현대,더 뉴 싼타페,디젤 2.2 2WD,프리미엄,202108.0,2021,2840.0,46991.0,디젤,오토,ORIGINAL,일반,2025-03-19 14:30:54.000 +09,경기,(주)대성모터스,163누5989,0,0,3,0.0,0.0,0,0,
38980265,현대,싼타페 TM,디젤 2.0 2WD,익스클루시브 스페셜,201903.0,2019,2070.0,78837.0,디젤,오토,ORIGINAL,일반,2025-03-19 14:30:11.000 +09,대전,대운자동차상사,35누6052,3,0,1,342.3768,0.0,0,0,
39141909,현대,싼타페 TM,디젤 2.0 2WD,익스클루시브 스페셜,201805.0,2019,1895.0,107947.0,디젤,오토,ORIGINAL,일반,2025-03-19 14:30:11.000 +09,대전,대운자동차상사,02주3549,1,0,0,68.083,0.0,0,0,
39017707,현대,더 뉴 싼타페,가솔린 2.5T 2WD,캘리그래피,202112.0,2021,2850.0,23691.0,가솔린,오토,ORIGINAL,일반,2025-03-19 14:29:20.000 +09,대전,현성모터스,222나1260,3,0,1,531.1797,0.0,1,0,
38986968,현대,싼타페 더 프라임,디젤 2.0 4WD,프리미엄,201611.0,2017,1360.0,120269.0,디젤,오토,ORIGINAL,일반,2025-03-19 14:25:07.000 +09,울산,에스다이렉트카,180보8518,1,2,3,36.18,567.8344,1,0,
39093236,현대,싼타페 TM,가솔린 2.0T 4WD,인스퍼레이션,201902.0,2019,2790.0,66975.0,가솔린,오토,ORIGINAL,일반,2025-03-19 14:21:37.000 +09,부산,(주)카멘토모터스,32머2473,0,1,1,0.0,63.0677,0,0,
39217141,현대,싼타페 TM,디젤 2.0 4WD,익스클루시브 스페셜,201805.0,2019,2230.0,60702.0,디젤,오토,ORIGINAL,일반,2025-03-19 14:19:23.000 +09,경남,(주)도전,55가6115,2,2,0,347.9,163.9095,0,0,
38881690,현대,싼타페 TM,디젤 2.0 2WD,프레스티지,201907.0,2020,2550.0,37980.0,디젤,오토,ORIGINAL,일반,2025-03-19 14:16:08.000 +09,경기,(주)차란차,199서8488,1,0,3,52.323,0.0,1,0,
39068683,현대,더 뉴 싼타페,디젤 2.2 2WD,프레스티지,202010.0,2021,2990.0,49780.0,디젤,오토,ORIGINAL,일반,2025-03-19 14:15:00.000 +09,경기,(주)다모아모터스,397다4046,0,0,0,0.0,0.0,0,0,
39136168,현대,싼타페 TM,가솔린 2.0T 2WD,프리미엄,201905.0,2019,2030.0,103392.0,가솔린,오토,ORIGINAL,일반,2025-03-19 14:14:07.000 +09,대전,행운모터스,26노1484,0,1,2,0.0,28.8793,0,0,
39131925,현대,싼타페 DM,디젤(e-VGT) 2.0 4WD 익스클루시브,스페셜,201310.0,2014,1190.0,127234.0,디젤,오토,ORIGINAL,일반,2025-03-19 14:14:07.000 +09,대전,행운모터스,14서7629,3,0,1,170.0503,0.0,0,0,
39246353,현대,싼타페 더 프라임,디젤 2.0 2WD,익스클루시브,201607.0,2016,1390.0,136295.0,디젤,오토,ORIGINAL,일반,2025-03-19 14:14:07.000 +09,대전,행운모터스,62우0606,3,4,2,285.8037,335.885,0,0,
38948102,현대,싼타페 TM,디젤 2.0 2WD,익스클루시브 스페셜,201806.0,2019,2325.0,54959.0,디젤,오토,ORIGINAL,일반,2025-03-19 14:11:27.000 +09,대구,e 모터스,41로4226,0,1,1,0.0,162.3,0,0,
38537908,현대,싼타페 (MX5),HEV 1.6 4WD,캘리그래피,202311.0,2024,4950.0,19411.0,가솔린+전기,오토,ORIGINAL,일반,2025-03-19 14:09:40.000 +09,경기,카메이트,148너9329,1,0,1,93.082,0.0,0,0,
39258241,현대,싼타페 DM,디젤(e-VGT) 2.2 4WD 익스클루시브,(세부등급 없음),201407.0,2015,1150.0,155428.0,디젤,오토,ORIGINAL,일반,2025-03-19 14:09:40.000 +09,경기,카메이트,21무9786,2,1,2,134.1977,0.0,1,0,
38631872,현대,싼타페 TM,가솔린 2.0T 2WD,익스클루시브,201911.0,2020,2320.0,39969.0,가솔린,오토,ORIGINAL,일반,2025-03-19 14:09:40.000 +09,경기,카메이트,101무9418,2,0,1,201.3019,0.0,0,0,
38914976,현대,싼타페 DM,디젤(e-VGT) 2.0 2WD 프리미엄,,201306.0,2014,1050.0,148469.0,디젤,오토,ORIGINAL,일반,2025-03-19 14:09:25.000 +09,대구, 토이모터스,32무7129,0,1,2,0.0,70.5685,0,0,
38857113,현대,싼타페 DM,디젤(e-VGT) 2.0 2WD 프리미엄,,201302.0,2013,1049.0,152100.0,디젤,오토,ORIGINAL,일반,2025-03-19 14:09:25.000 +09,대구, 토이모터스,46고9405,2,0,2,402.8977,0.0,0,0,
38749767,현대,싼타페 DM,디젤(e-VGT) 2.0 2WD 프리미엄,,201304.0,2013,946.0,119250.0,디젤,오토,ORIGINAL,일반,2025-03-19 14:08:41.000 +09,부산,(주)모터살롱,66조9541,4,3,3,174.451,217.6595,0,0,
38810724,현대,더 뉴 싼타페,디젤 2.2 4WD,프리미엄,202008.0,2021,2690.0,84853.0,디젤,오토,ORIGINAL,일반,2025-03-19 14:05:33.000 +09,경기,대한상사,215모3266,0,0,2,0.0,0.0,1,0,
39147563,현대,더 뉴 싼타페,디젤 2.2 4WD,캘리그래피,202101.0,2021,2740.0,108535.0,디젤,오토,ORIGINAL,일반,2025-03-19 14:05:05.000 +09,경기,비전모터스,234누5212,0,0,1,0.0,0.0,1,0,
38754089,현대,싼타페 TM,디젤 2.0 2WD,익스클루시브 스페셜,201806.0,2019,1980.0,105545.0,디젤,오토,ORIGINAL,일반,2025-03-19 14:05:05.000 +09,경기,비전모터스,40마5889,1,0,1,80.9098,0.0,0,0,
39265692,현대,더 뉴 싼타페,디젤 2.2 2WD,캘리그래피,202008.0,2021,2870.0,99146.0,디젤,오토,ORIGINAL,일반,2025-03-19 14:02:53.000 +09,경남,유림모터스,307서9025,2,0,1,188.9267,0.0,0,0,
39072555,현대,더 뉴 싼타페,HEV 1.6 2WD,캘리그래피,202302.0,2023,3850.0,5052.0,가솔린+전기,오토,ORIGINAL,일반,2025-03-19 13:58:29.000 +09,광주,스타오토모빌,341도7163,0,0,1,0.0,0.0,0,0,
39203197,현대,싼타페 TM,디젤 2.2 4WD,인스퍼레이션,201811.0,2019,2500.0,110422.0,디젤,오토,ORIGINAL,일반,2025-03-19 13:58:29.000 +09,광주,스타오토모빌,01나3744,1,1,2,93.34,59.6284,0,0,
39097933,현대,싼타페 더 프라임,디젤 2.0 2WD,밸류 플러스,201708.0,2018,1575.0,128863.0,디젤,오토,ORIGINAL,일반,2025-03-19 13:56:48.000 +09,대구,올림픽모터스,42보5582,0,0,2,0.0,0.0,0,0,
38984198,현대,싼타페 (MX5),가솔린 2.5T 2WD,캘리그래피,202309.0,2024,2811.0,50077.0,가솔린,오토,ORIGINAL,렌트,2025-03-19 13:53:57.000 +09,경기,박차컴퍼니,174호5047,0,0,0,0.0,0.0,0,0,
39199702,현대,싼타페 TM,디젤 2.0 2WD,프레스티지,201906.0,2020,2059.0,108923.0,디젤,오토,ORIGINAL,일반,2025-03-19 13:43:02.000 +09,부산,(주)LS 오토모빌,108가9709,0,0,3,0.0,0.0,1,0,
38691710,현대,더 뉴 싼타페,HEV 1.6 2WD,프레스티지 초이스,202308.0,2023,3470.0,37296.0,가솔린+전기,오토,ORIGINAL,일반,2025-03-19 13:41:33.000 +09,부산,이수모터스,265러5283,1,0,1,0.0,0.0,0,0,
38717859,현대,싼타페 DM,디젤(e-VGT) 2.0 4WD 익스클루시브,스페셜,201602.0,2016,1520.0,128000.0,디젤,오토,ORIGINAL,일반,2025-03-19 13:40:01.000 +09,울산,시은자동차매매상사,60부0882,3,0,2,333.4154,0.0,0,0,
39250037,현대,더 뉴 싼타페,가솔린 2.5T 4WD,프레스티지,202310.0,2024,3259.0,7714.0,가솔린,오토,ORIGINAL,일반,2025-03-19 13:33:25.000 +09,대구,(주)엠제이모터스,347거5600,0,0,3,0.0,0.0,2,0,
38921459,현대,더 뉴 싼타페,HEV 1.6 2WD,캘리그래피,202202.0,2022,3290.0,55319.0,가솔린+전기,오토,ORIGINAL,일반,2025-03-19 13:32:22.000 +09,경기,유일상사,106무2923,0,0,0,0.0,0.0,0,0,
38864293,현대,싼타페 TM,디젤 2.2 2WD,익스클루시브,201902.0,2019,2120.0,83525.0,디젤,오토,ORIGINAL,일반,2025-03-19 13:30:47.000 +09,울산,에스오토,23보6500,0,0,1,0.0,0.0,0,0,
39162035,현대,더 뉴 싼타페,디젤 2.2 2WD,프레스티지,202007.0,2021,2850.0,54065.0,디젤,오토,ORIGINAL,일반,2025-03-19 13:30:47.000 +09,울산,에스오토,347버2804,1,0,3,102.8,0.0,0,0,
39255375,현대,싼타페 (MX5),가솔린 2.5T 2WD,캘리그래피,202310.0,2024,3790.0,21036.0,가솔린,오토,ORIGINAL,일반,2025-03-19 13:27:13.000 +09,경기,신원자동차매매상사,255러5280,0,0,0,0.0,0.0,0,0,
38466904,현대,더 뉴 싼타페,디젤 2.2 2WD,캘리그래피,202011.0,2021,3300.0,38872.0,디젤,오토,ORIGINAL,일반,2025-03-19 13:27:11.000 +09,울산,일등모터스대표,299로8368,1,0,1,331.9311,0.0,0,0,
39145078,현대,싼타페 TM,디젤 2.0 2WD,프리미엄,201803.0,2019,1690.0,99600.0,디젤,오토,ORIGINAL,일반,2025-03-19 13:26:13.000 +09,대전,이카,310나7708,0,0,1,0.0,0.0,1,0,
39130060,현대,싼타페 DM,디젤(e-VGT) 2.0 2WD 프리미엄,,201402.0,2015,1240.0,77988.0,디젤,오토,ORIGINAL,일반,2025-03-19 13:21:50.000 +09,부산,아하에이젼트,59저7457,2,3,0,295.3718,293.607,0,0,
39197876,현대,싼타페 DM,디젤(e-VGT) 2.0 2WD 프리미엄,,201307.0,2014,1030.0,121147.0,디젤,오토,ORIGINAL,일반,2025-03-19 13:20:32.000 +09,경남,대웅모터스,37수3168,2,0,0,183.2,0.0,0,0,
38172095,현대,싼타페 더 프라임,디젤 2.0 2WD,프리미엄,201604.0,2016,1290.0,110305.0,디젤,오토,ORIGINAL,일반,2025-03-19 13:08:53.000 +09,대구,윤모터스,293머5642,1,0,3,742.72,0.0,1,0,
38974553,현대,싼타페 TM,가솔린 2.0T 2WD,익스클루시브,202008.0,2020,2420.0,55162.0,가솔린,오토,ORIGINAL,일반,2025-03-19 13:08:42.000 +09,경기,카메이트,154고8917,0,0,1,0.0,0.0,0,0,
36412162,현대,싼타페 DM,디젤(e-VGT) 2.0 2WD 익스클루시브,(세부등급 없음),201505.0,2015,1130.0,149822.0,디젤,오토,ORIGINAL,일반,2025-03-19 13:06:02.000 +09,대전,청담모터스,11버9852,4,2,1,333.45,114.5149,0,0,
39254583,현대,싼타페 DM,디젤(e-VGT) 2.0 2WD 프리미엄,,201308.0,2014,1120.0,141194.0,디젤,오토,ORIGINAL,일반,2025-03-19 13:02:45.000 +09,울산,(주)두바이카,56보2050,2,3,1,92.93,137.4637,0,0,
39180303,현대,더 뉴 싼타페,가솔린 2.5T 2WD,프리미엄 초이스,202105.0,2021,2650.0,23131.0,가솔린,오토,ORIGINAL,일반,2025-03-19 13:02:04.000 +09,울산,삼원모터스,326가8973,0,0,0,0.0,0.0,0,0,
38648577,현대,싼타페 TM,디젤 2.0 2WD,프리미엄,201805.0,2019,1770.0,137600.0,디젤,오토,ORIGINAL,일반,2025-03-19 12:57:58.000 +09,경기,탑라인모터스,07도3678,2,2,1,208.1241,131.917,0,0,
38672155,현대,더 뉴 싼타페,디젤 2.2 2WD,프레스티지,202010.0,2021,2450.0,80149.0,디젤,오토,ORIGINAL,일반,2025-03-19 12:55:13.000 +09,경북,명인모터스,145무3851,1,1,3,183.4291,215.9398,1,0,
39101053,현대,싼타페 TM,가솔린 2.0T 2WD,인스퍼레이션,201905.0,2019,2680.0,48765.0,가솔린,오토,ORIGINAL,일반,2025-03-19 12:53:46.000 +09,울산,스타자동차매매상사,51도5258,0,0,1,0.0,0.0,0,0,
39255635,현대,싼타페 TM,디젤 2.2 4WD,프리미엄,202007.0,2020,2320.0,85034.0,디젤,오토,ORIGINAL,일반,2025-03-19 12:52:56.000 +09,경기,(주)카마트몰,269우2257,0,0,1,0.0,0.0,1,0,
38993269,현대,더 뉴 싼타페,가솔린 2.5T 2WD,프레스티지,202211.0,2023,3030.0,26877.0,가솔린,오토,ORIGINAL,일반,2025-03-19 12:52:56.000 +09,경기,(주)카마트몰,107수3260,0,1,1,0.0,61.5335,0,0,
38929712,현대,더 뉴 싼타페,HEV 1.6 2WD,캘리그래피,202301.0,2023,3900.0,22801.0,가솔린+전기,오토,ORIGINAL,일반,2025-03-19 12:50:53.000 +09,울산,국민자동차매매상사,154다3347,0,0,1,0.0,0.0,0,0,
39034227,현대,더 뉴 싼타페,가솔린 2.5T 4WD,캘리그래피,202301.0,2023,3980.0,14073.0,가솔린,오토,ORIGINAL,일반,2025-03-19 12:50:53.000 +09,울산,국민자동차매매상사,370더9608,0,0,1,0.0,0.0,0,0,
39140081,현대,더 뉴 싼타페,HEV 1.6 2WD,캘리그래피,202302.0,2023,3880.0,34194.0,가솔린+전기,오토,ORIGINAL,일반,2025-03-19 12:50:53.000 +09,울산,국민자동차매매상사,374우2879,0,0,1,0.0,0.0,0,0,
39102546,현대,싼타페 DM,디젤(e-VGT) 2.0 2WD 프리미엄,,201506.0,2015,1130.0,130900.0,디젤,오토,ORIGINAL,일반,2025-03-19 12:46:16.000 +09,전북,카몬 전주점,11어7760,1,1,1,78.605,24.868,0,0,
39226287,현대,싼타페 TM,디젤 2.2 4WD,프레스티지,201810.0,2019,2450.0,70159.0,디젤,오토,ORIGINAL,일반,2025-03-19 12:46:04.000 +09,전남,으라차차모터스,10주6939,1,0,1,177.2555,0.0,0,0,
38893372,현대,싼타페 더 프라임,디젤 2.0 2WD,프리미엄,201701.0,2017,1600.0,70617.0,디젤,오토,ORIGINAL,일반,2025-03-19 12:43:19.000 +09,울산,상원 모터스,36더8104,1,0,1,43.2258,0.0,0,0,
39108686,현대,싼타페 더 프라임,디젤 2.0 2WD,프리미엄,201605.0,2016,1750.0,67858.0,디젤,오토,ORIGINAL,일반,2025-03-19 12:43:19.000 +09,울산,상원 모터스,34보0981,0,0,1,0.0,0.0,0,0,
38896431,현대,싼타페 TM,디젤 2.0 2WD,프리미엄,201803.0,2019,1820.0,104039.0,디젤,오토,ORIGINAL,일반,2025-03-19 12:42:59.000 +09,울산,뉴MJ모터스,38모1830,2,0,1,175.0251,0.0,0,0,
39226967,현대,더 뉴 싼타페,디젤 2.2 2WD,프레스티지,202010.0,2021,2690.0,74588.0,디젤,오토,ORIGINAL,일반,2025-03-19 12:40:11.000 +09,대구,신세계자동차상사,363로6722,0,1,0,0.0,95.34,0,0,
39058478,현대,싼타페 DM,디젤(e-VGT) 2.0 2WD 프리미엄,,201401.0,2014,960.0,180000.0,디젤,오토,ORIGINAL,일반,2025-03-19 12:31:51.000 +09,전북,뉴스타 모터스,23노3052,1,0,3,108.476,0.0,0,0,
39190623,현대,싼타페 CM,2WD(2.0VGT) MLX,기본형,200906.0,2009,399.0,152133.0,디젤,오토,ORIGINAL,일반,2025-03-19 12:27:24.000 +09,부산,봉카,43저1506,1,0,0,27.2,0.0,0,0,
39101527,현대,싼타페 CM,2WD(2.0VGT) CLX,최고급형,200812.0,2009,299.0,226199.0,디젤,오토,ORIGINAL,일반,2025-03-19 12:27:24.000 +09,부산,봉카,56고8191,5,6,1,612.024,336.8712,0,0,
39218082,현대,싼타페 더 프라임,디젤 2.2 2WD,익스클루시브 스페셜,201712.0,2018,1680.0,86826.0,디젤,오토,ORIGINAL,일반,2025-03-19 12:26:28.000 +09,경기,제이디모터스,17러2524,2,1,0,172.002,190.0,0,0,
39196344,현대,싼타페 더 프라임,디젤 2.0 4WD,익스클루시브 스페셜,201710.0,2018,1650.0,81914.0,디젤,오토,ORIGINAL,일반,2025-03-19 12:26:27.000 +09,경기,제이디모터스,48도4618,1,0,0,146.9944,0.0,0,0,
39131596,현대,싼타페 DM,디젤(e-VGT) 2.0 2WD 익스클루시브,(세부등급 없음),201501.0,2015,1040.0,138542.0,디젤,오토,ORIGINAL,일반,2025-03-19 12:26:27.000 +09,경기,제이디모터스,59고5789,2,0,0,157.6551,0.0,0,0,
39150098,현대,싼타페 CM,2WD(2.0VGT) MLX,기본형,200903.0,2009,420.0,208225.0,디젤,오토,ORIGINAL,일반,2025-03-19 12:26:00.000 +09,전북,삼성상사,62수9571,1,0,3,57.3306,0.0,0,0,
39248905,현대,싼타페 DM,디젤(e-VGT) 2.0 4WD 익스클루시브,(세부등급 없음),201411.0,2015,1299.0,102238.0,디젤,오토,ORIGINAL,일반,2025-03-19 12:22:44.000 +09,경기,디에이치모터스,22보7668,1,0,3,95.0164,0.0,1,0,
38854134,현대,싼타페 TM,디젤 2.0 2WD,익스클루시브,201803.0,2019,1559.0,199763.0,디젤,오토,ORIGINAL,일반,2025-03-19 12:22:44.000 +09,경기,디에이치모터스,05로9612,1,1,0,122.1328,168.0,0,0,
39094907,현대,싼타페 DM,디젤(e-VGT) 2.0 4WD 프리미엄,,201212.0,2013,1029.0,146598.0,디젤,오토,ORIGINAL,일반,2025-03-19 12:22:44.000 +09,경기,디에이치모터스,35노7894,0,0,3,0.0,0.0,0,0,
39215425,현대,싼타페 더 프라임,디젤 2.2 4WD,익스클루시브 스페셜,201603.0,2016,1099.0,174008.0,디젤,오토,ORIGINAL,일반,2025-03-19 12:22:44.000 +09,경기,디에이치모터스,37저0597,5,2,7,1011.3968,106.037,0,0,
38674920,현대,더 뉴 싼타페,가솔린 2.5T 2WD,프레스티지,202012.0,2021,2890.0,30126.0,가솔린,오토,ORIGINAL,일반,2025-03-19 12:22:31.000 +09,충북,천사모터스,357저6090,0,0,1,0.0,0.0,0,0,
39123777,현대,싼타페 TM,디젤 2.0 2WD,익스클루시브 스페셜,201903.0,2019,2230.0,60084.0,디젤,오토,ORIGINAL,일반,2025-03-19 12:20:51.000 +09,서울,육복,09우3720,1,1,0,79.924,71.548,0,0,
39137369,현대,더 뉴 싼타페,디젤 2.2 2WD,프레스티지,202010.0,2021,2730.0,51187.0,디젤,오토,ORIGINAL,일반,2025-03-19 12:16:33.000 +09,경남,위드카,365나6118,0,0,3,0.0,0.0,0,0,
38802506,현대,싼타페 TM,가솔린 2.0T 2WD,프레스티지,201907.0,2020,2350.0,69450.0,가솔린,오토,ORIGINAL,일반,2025-03-19 12:14:53.000 +09,경기,(주)유신모터스,04두0771,1,1,0,113.11,73.516,0,0,
38802506,현대,싼타페 TM,가솔린 2.0T 2WD,프레스티지,201907.0,2020,2350.0,69450.0,가솔린,오토,ORIGINAL,일반,2025-03-19 12:14:53.000 +09,경기,(주)유신모터스,04두0771,1,1,1,113.11,73.516,0,0,
39225887,현대,싼타페 (MX5),가솔린 2.5T 2WD,캘리그래피,202311.0,2024,4050.0,19999.0,가솔린,오토,ORIGINAL,일반,2025-03-19 12:13:24.000 +09,전북,원모터스,193다8223,0,0,0,0.0,0.0,0,0,
39062844,현대,싼타페 DM,디젤(e-VGT) 2.0 2WD 프리미엄,,201208.0,2013,1180.0,88799.0,디젤,오토,ORIGINAL,일반,2025-03-19 12:12:51.000 +09,대전,정안자동차,51부6591,0,1,1,0.0,57.109,0,0,
39008388,현대,더 뉴 싼타페,디젤 2.2 2WD,프리미엄 초이스,202010.0,2021,2270.0,86308.0,디젤,오토,ORIGINAL,일반,2025-03-19 12:07:04.000 +09,부산,5호창진모터스,186누5263,0,0,3,0.0,0.0,1,0,
38485621,현대,싼타페 더 프라임,디젤 2.0 4WD,익스클루시브 스페셜,201601.0,2016,1680.0,54725.0,디젤,오토,ORIGINAL,일반,2025-03-19 12:05:29.000 +09,경남,에이치모터스,66조6715,2,5,2,239.8076,358.6925,0,0,
39024447,현대,더 뉴 싼타페,가솔린 2.5T 2WD,익스클루시브,202203.0,2022,2690.0,33000.0,가솔린,오토,ORIGINAL,일반,2025-03-19 12:00:37.000 +09,서울,대륙종합상사,399보4395,0,0,0,0.0,0.0,0,0,
38988568,현대,싼타페 TM,디젤 2.0 2WD,익스클루시브 스페셜,201811.0,2019,1820.0,123252.0,디젤,오토,ORIGINAL,일반,2025-03-19 11:57:20.000 +09,울산,명진모터스,33더6361,0,0,3,0.0,0.0,0,0,
39143855,현대,싼타페 더 프라임,디젤 2.2 2WD,익스클루시브,201509.0,2016,1300.0,124601.0,디젤,오토,ORIGINAL,일반,2025-03-19 11:53:10.000 +09,경기,블루오토,45로3860,2,1,0,183.5999,94.153,0,0,
39159617,현대,더 뉴 싼타페,HEV 1.6 2WD,캘리그래피,202302.0,2023,3590.0,54399.0,가솔린+전기,오토,ORIGINAL,일반,2025-03-19 11:52:55.000 +09,울산,해돋이 매매상사,374우2847,0,0,1,0.0,0.0,0,0,
38590893,현대,싼타페 TM,가솔린 2.0T 2WD,익스클루시브,202005.0,2020,2999.0,52654.0,가솔린,오토,ORIGINAL,일반,2025-03-19 11:51:26.000 +09,대구,태양모터스,267구7295,2,0,1,84.2038,0.0,1,0,
38845063,현대,더 뉴 싼타페,HEV 1.6 4WD,익스클루시브,202107.0,2022,3190.0,69732.0,가솔린+전기,오토,ORIGINAL,일반,2025-03-19 11:49:48.000 +09,경기,엠케이모터스,130더8924,1,0,1,56.9148,0.0,1,0,
38885800,현대,더 뉴 싼타페,HEV 1.6 4WD,익스클루시브,202107.0,2022,3290.0,61927.0,가솔린+전기,오토,ORIGINAL,일반,2025-03-19 11:49:48.000 +09,경기,엠케이모터스,340구6213,0,0,2,0.0,0.0,1,0,
38896491,현대,더 뉴 싼타페,디젤 2.2 4WD,프리미엄,202104.0,2021,2530.0,90607.0,디젤,오토,ORIGINAL,일반,2025-03-19 11:49:09.000 +09,경기,(주)다온모터스,233다7418,0,0,1,0.0,0.0,1,0,
38766473,현대,싼타페 TM,디젤 2.0 2WD,익스클루시브 스페셜,201806.0,2019,2100.0,95257.0,디젤,오토,ORIGINAL,일반,2025-03-19 11:43:23.000 +09,부산,대영모터스,48더2967,1,1,3,177.68,205.0,0,0,
38659351,현대,싼타페 TM,디젤 2.0 2WD,프레스티지,201807.0,2019,2180.0,68685.0,디젤,오토,ORIGINAL,일반,2025-03-19 11:39:05.000 +09,서울,(주) 서진모터스,41고5258,1,0,3,31.179,0.0,0,0,
38893295,현대,싼타페 더 프라임,디젤 2.0 2WD,프리미엄,201602.0,2016,990.0,172607.0,디젤,오토,ORIGINAL,일반,2025-03-19 11:36:23.000 +09,대전,청담 디오토몰,32도0881,1,0,2,123.3638,0.0,0,0,
39266302,현대,싼타페 TM,가솔린 2.0T 2WD,프리미엄,201907.0,2019,2170.0,59395.0,가솔린,오토,ORIGINAL,일반,2025-03-19 11:34:27.000 +09,경기,(주)왕카,01우4223,2,0,0,73.5149,0.0,0,0,
38728309,현대,싼타페 더 프라임,디젤 2.0 4WD,익스클루시브 스페셜,201610.0,2017,1590.0,105833.0,디젤,오토,ORIGINAL,일반,2025-03-19 11:34:11.000 +09,대구,월드자동차상사,01마0282,3,0,0,305.5286,0.0,0,0,
39226376,현대,싼타페 DM,디젤(e-VGT) 2.2 4WD 프리미엄,,201310.0,2014,1130.0,114066.0,디젤,오토,ORIGINAL,일반,2025-03-19 11:32:49.000 +09,대전,주식회사선비,51라4640,1,3,1,290.533,932.447,1,0,
38520284,현대,싼타페 TM,디젤 2.0 4WD,익스클루시브,201807.0,2019,1980.0,105171.0,디젤,오토,ORIGINAL,일반,2025-03-19 11:28:40.000 +09,전남,한국자동차매매상사,39로2929,1,0,1,67.51,0.0,0,0,
39220446,현대,더 뉴 싼타페,디젤 2.2 2WD,프레스티지,202112.0,2021,2570.0,99674.0,디젤,오토,ORIGINAL,일반,2025-03-19 11:28:35.000 +09,경기,DK모터스,259노5137,0,1,1,0.0,85.4669,1,0,
39220402,현대,더 뉴 싼타페,HEV 1.6 2WD,프레스티지,202303.0,2023,3010.0,53575.0,가솔린+전기,오토,ORIGINAL,일반,2025-03-19 11:28:35.000 +09,경기,DK모터스,259노5194,0,1,1,0.0,76.145,1,0,
39024913,현대,더 뉴 싼타페,디젤 2.2 4WD,프레스티지,202104.0,2021,2790.0,125327.0,디젤,오토,ORIGINAL,일반,2025-03-19 11:28:34.000 +09,경기,DK모터스,303러2753,0,0,1,0.0,0.0,1,0,
39235237,현대,더 뉴 싼타페,가솔린 2.5T 2WD,프레스티지,202112.0,2021,2750.0,35068.0,가솔린,오토,ORIGINAL,일반,2025-03-19 11:28:09.000 +09,전남,한국자동차매매상사,171거1754,2,0,0,118.8321,0.0,0,0,
38999487,현대,싼타페 더 프라임,디젤 2.0 2WD,익스클루시브,201608.0,2016,1400.0,122891.0,디젤,오토,ORIGINAL,일반,2025-03-19 11:28:09.000 +09,전남,한국자동차매매상사,271버3641,3,1,7,306.3159,223.6989,1,0,
39076800,현대,싼타페 TM,디젤 2.0 2WD,프리미엄,201910.0,2020,1860.0,124417.0,디젤,오토,ORIGINAL,일반,2025-03-19 11:27:27.000 +09,광주,(주)누리카파크,234러2166,0,0,2,0.0,0.0,1,0,
36327808,현대,싼타페 TM,디젤 2.0 4WD,익스클루시브,201803.0,2019,1880.0,128532.0,디젤,오토,ORIGINAL,일반,2025-03-19 11:27:23.000 +09,전남,이수자동차매매상사,105보5306,1,3,4,229.3701,894.6926,1,0,
37862212,현대,싼타페 더 프라임,디젤 2.0 2WD,익스클루시브,201701.0,2017,1330.0,122348.0,디젤,오토,ORIGINAL,일반,2025-03-19 11:25:32.000 +09,충남,당근카,24우6704,3,4,5,935.6624,1460.65,0,0,
38935626,현대,더 뉴 싼타페,가솔린 2.5T 2WD,프레스티지,202111.0,2021,2540.0,69881.0,가솔린,오토,ORIGINAL,일반,2025-03-19 11:21:54.000 +09,대구,오토플러스(주),382우7759,1,1,3,90.9291,47.7694,0,0,
38292116,현대,싼타페 더 프라임,디젤 2.0 2WD,프리미엄,201608.0,2016,1539.0,53004.0,디젤,오토,ORIGINAL,일반,2025-03-19 11:13:53.000 +09,경기,k1car,59고0679,3,0,0,263.6828,0.0,0,0,
39202371,현대,싼타페 TM,디젤 2.0 2WD,익스클루시브 스페셜,201803.0,2019,1899.0,121620.0,디젤,오토,ORIGINAL,일반,2025-03-19 11:13:52.000 +09,경기,k1car,149서6724,0,3,2,0.0,824.9205,1,0,
39106393,현대,싼타페 더 프라임,디젤 2.0 2WD,프리미엄,201603.0,2016,1320.0,131900.0,디젤,오토,ORIGINAL,일반,2025-03-19 11:11:59.000 +09,대구,한국자동차상사,64보0961,1,3,3,51.0959,135.02,0,0,
39101507,현대,더 뉴 싼타페,디젤 2.2 2WD,프레스티지,202010.0,2021,2670.0,34878.0,디젤,오토,ORIGINAL,일반,2025-03-19 11:07:38.000 +09,경기,서수원모터스,287어8767,2,3,1,174.7307,321.428,0,0,
39147619,현대,싼타페 DM,디젤(e-VGT) 2.0 2WD 모던,,201405.0,2015,1290.0,84774.0,디젤,오토,ORIGINAL,일반,2025-03-19 11:07:06.000 +09,경남,신한모터스,58루9120,1,0,0,34.963,0.0,0,0,
38654768,현대,싼타페 DM,디젤(e-VGT) 2.2 2WD 모던,,201305.0,2013,1250.0,66374.0,디젤,오토,ORIGINAL,일반,2025-03-19 11:03:46.000 +09,광주,센텀모터스,47마7066,1,0,1,39.8,0.0,0,0,
39024402,현대,더 뉴 싼타페,디젤 2.2 2WD,캘리그래피,202008.0,2021,3030.0,77336.0,디젤,오토,ORIGINAL,일반,2025-03-19 11:01:11.000 +09,인천,진성오토모티브,246부1074,0,0,1,0.0,0.0,0,0,
39136674,현대,더 뉴 싼타페,디젤 2.2 2WD,프리미엄 초이스,202010.0,2021,2280.0,42510.0,디젤,오토,ORIGINAL,일반,2025-03-19 10:55:57.000 +09,경남,범모터스,149로4329,0,2,2,0.0,1028.694,1,0,
38116275,현대,더 뉴 싼타페,디젤 2.2 2WD,프리미엄,202007.0,2021,1940.0,132497.0,디젤,오토,ORIGINAL,일반,2025-03-19 10:53:05.000 +09,경기,굿모닝자동차매매,229더2402,0,1,3,0.0,87.919,1,0,
39062412,현대,싼타페 TM,디젤 2.0 2WD,인스퍼레이션,201907.0,2019,1970.0,170390.0,디젤,오토,ORIGINAL,일반,2025-03-19 10:51:51.000 +09,경기,슬기로운딜러생활,30오7372,2,1,1,114.023,186.5559,0,0,
38160534,현대,싼타페 더 프라임,디젤 2.0 2WD,익스클루시브,201605.0,2016,1200.0,117398.0,디젤,오토,ORIGINAL,일반,2025-03-19 10:49:56.000 +09,부산,세기모터스,50조0560,5,4,2,515.306,124.5774,0,0,
38596404,현대,싼타페 TM,디젤 2.0 4WD,프리미엄,201911.0,2020,1850.0,114583.0,디젤,오토,ORIGINAL,일반,2025-03-19 10:48:07.000 +09,경기,(주)카넷,351너4357,0,0,1,0.0,0.0,1,0,
39037560,현대,싼타페 더 프라임,디젤 2.0 2WD,익스클루시브,201509.0,2016,1530.0,91858.0,디젤,오토,ORIGINAL,일반,2025-03-19 10:47:35.000 +09,광주,한국모터스,42두0778,0,1,3,0.0,83.554,0,0,
39073275,현대,싼타페 TM,디젤 2.0 2WD,익스클루시브 스페셜,201810.0,2019,2300.0,49479.0,디젤,오토,ORIGINAL,일반,2025-03-19 10:41:35.000 +09,경북,한결자동차매매상사,02무5171,0,0,2,0.0,0.0,0,0,
39035589,현대,싼타페 더 프라임,디젤 2.0 2WD,익스클루시브,201608.0,2016,1500.0,97290.0,디젤,오토,ORIGINAL,일반,2025-03-19 10:41:35.000 +09,경북,한결자동차매매상사,01어0122,1,0,1,108.4544,0.0,0,0,
38427073,현대,싼타페 더 프라임,디젤 2.0 2WD,밸류 플러스,201804.0,2018,1600.0,115514.0,디젤,오토,ORIGINAL,일반,2025-03-19 10:41:35.000 +09,경북,한결자동차매매상사,21마8046,0,1,1,0.0,359.5,0,0,
39191037,현대,싼타페 DM,디젤(e-VGT) 2.0 2WD 프리미엄,,201401.0,2014,1070.0,142893.0,디젤,오토,ORIGINAL,일반,2025-03-19 10:40:57.000 +09,경북,한결자동차매매상사,40두3302,3,1,1,254.5606,75.35,0,0,
39111587,현대,싼타페 TM,가솔린 2.0T 2WD,익스클루시브 스페셜,201812.0,2019,2180.0,91214.0,가솔린,오토,ORIGINAL,일반,2025-03-19 10:33:03.000 +09,경기,카스토리,27다6597,0,0,3,0.0,0.0,0,0,
39150361,현대,더 뉴 싼타페,디젤 2.2 2WD,프레스티지,202009.0,2021,2750.0,52559.0,디젤,오토,ORIGINAL,일반,2025-03-19 10:33:03.000 +09,경기,카스토리,102저3565,0,1,1,0.0,54.8426,0,0,
37084812,현대,싼타페 DM,디젤(e-VGT) 2.0 2WD 익스클루시브,스페셜,201408.0,2015,1220.0,118239.0,디젤,오토,ORIGINAL,일반,2025-03-19 10:31:29.000 +09,부산,(주)비엔케이모터스,69저9866,3,0,2,466.99,0.0,0,0,
38499247,현대,더 뉴 싼타페,가솔린 2.5T 2WD,프레스티지,202112.0,2021,2810.0,45662.0,가솔린,오토,ORIGINAL,일반,2025-03-19 10:28:55.000 +09,대구,중앙상사,276로9963,0,0,0,0.0,0.0,0,0,
39120362,현대,싼타페 더 프라임,디젤 2.0 4WD,익스클루시브 스페셜,201705.0,2018,1850.0,78242.0,디젤,오토,ORIGINAL,일반,2025-03-19 10:28:11.000 +09,경기,(주)경기모터스,06어3350,1,1,1,72.6955,55.6345,0,0,
39128006,현대,더 뉴 싼타페,디젤 2.2 2WD,프레스티지 초이스,202302.0,2023,3490.0,24129.0,디젤,오토,ORIGINAL,일반,2025-03-19 10:25:40.000 +09,경기,호차모터스,134더8208,0,0,2,0.0,0.0,0,0,
39100803,현대,싼타페 TM,디젤 2.0 2WD,익스클루시브,202001.0,2020,1779.0,116569.0,디젤,오토,ORIGINAL,일반,2025-03-19 10:22:28.000 +09,경기,리더카,137우9476,0,1,1,0.0,303.9774,1,0,
38892561,현대,더 뉴 싼타페,디젤 2.2 2WD,프리미엄 초이스,202107.0,2021,2700.0,42878.0,디젤,오토,ORIGINAL,일반,2025-03-19 10:20:47.000 +09,경기,(주)모터프라자,336소4036,1,0,1,229.0888,0.0,0,0,
39121003,현대,싼타페 TM,가솔린 2.0T 2WD,익스클루시브 스페셜,201810.0,2019,2350.0,74763.0,가솔린,오토,ORIGINAL,일반,2025-03-19 10:20:47.000 +09,경기,(주)모터프라자,53도2089,1,1,1,45.7268,68.9299,0,0,
39053821,현대,싼타페 TM,디젤 2.2 2WD,인스퍼레이션,201901.0,2019,2300.0,85517.0,디젤,오토,ORIGINAL,일반,2025-03-19 10:20:47.000 +09,경기,(주)모터프라자,55저1875,3,2,3,473.1071,154.5854,0,0,
38067313,현대,더 뉴 싼타페,가솔린 2.5T 2WD,캘리그래피,202012.0,2021,3100.0,37898.0,가솔린,오토,ORIGINAL,일반,2025-03-19 10:18:52.000 +09,경기,유일상사,146버9458,2,2,1,138.9033,238.961,0,0,
38835162,현대,더 뉴 싼타페,디젤 2.2 4WD,캘리그래피,202301.0,2023,3600.0,46187.0,디젤,오토,ORIGINAL,일반,2025-03-19 10:18:30.000 +09,울산,믿음상사,153너2927,2,1,0,178.334,249.7609,0,0,
39043407,현대,더 뉴 싼타페,가솔린 2.5T 2WD,프레스티지,202102.0,2021,2750.0,44489.0,가솔린,오토,ORIGINAL,일반,2025-03-19 10:17:02.000 +09,경기,청학Emotors,340우1297,0,0,0,0.0,0.0,0,0,
39008516,현대,싼타페 TM,가솔린 2.0T 2WD,프리미엄,201901.0,2019,2349.0,46001.0,가솔린,오토,ORIGINAL,일반,2025-03-19 10:04:18.000 +09,경기,로얄모터스,66버8830,2,2,0,160.3409,249.361,0,0,
39036013,현대,싼타페 TM,가솔린 2.0T 2WD,프리미엄,201901.0,2019,2350.0,46009.0,가솔린,오토,ORIGINAL,일반,2025-03-19 10:04:18.000 +09,경기,로얄모터스,66버8830,2,2,0,160.3409,249.361,0,0,
38678877,현대,싼타페 TM,디젤 2.0 2WD,인스퍼레이션,201810.0,2019,2190.0,111681.0,디젤,오토,ORIGINAL,일반,2025-03-19 10:03:14.000 +09,경기,주식회사 더원오토,65어6350,0,1,1,0.0,375.0,0,0,
38951031,현대,싼타페 (MX5),HEV 1.6 2WD,프레스티지,202501.0,2025,4250.0,20.0,가솔린+전기,오토,ORIGINAL,일반,2025-03-19 10:02:57.000 +09,경기,(주)스타아이,211두1565,0,0,0,0.0,0.0,0,0,
38433428,현대,더 뉴 싼타페,디젤 2.2 2WD,프레스티지,202010.0,2021,2380.0,97447.0,디젤,오토,ORIGINAL,일반,2025-03-19 09:53:10.000 +09,서울,(주)카모아모터스,154오1593,0,0,2,0.0,0.0,1,0,
39109735,현대,싼타페 더 프라임,디젤 2.0 2WD,모던,201604.0,2016,1250.0,108659.0,디젤,오토,ORIGINAL,일반,2025-03-19 09:53:10.000 +09,서울,(주)카모아모터스,42소0625,2,0,5,235.5994,0.0,0,0,
39109686,현대,싼타페 DM,디젤(e-VGT) 2.0 2WD 익스클루시브,(세부등급 없음),201305.0,2013,1090.0,97448.0,디젤,오토,ORIGINAL,일반,2025-03-19 09:53:09.000 +09,서울,(주)카모아모터스,67어2147,3,0,4,297.1873,0.0,0,0,
38964979,현대,싼타페 TM,디젤 2.0 2WD,익스클루시브,201907.0,2019,2200.0,63414.0,디젤,오토,ORIGINAL,일반,2025-03-19 09:49:41.000 +09,경기,더원모터스,22어8867,2,2,1,221.1569,164.6286,0,0,
39155827,현대,싼타페 더 프라임,디젤 2.2 2WD,프리미엄,201602.0,2016,1470.0,75294.0,디젤,오토,ORIGINAL,일반,2025-03-19 09:49:07.000 +09,울산,명품모터스,21도0408,1,0,2,25.6304,0.0,0,0,
39112982,현대,싼타페 TM,디젤 2.0 2WD,모던,201901.0,2019,9999.0,110646.0,디젤,오토,ORIGINAL,일반,2025-03-19 09:49:05.000 +09,울산,명품모터스,115마2593,0,0,2,0.0,0.0,1,0,
38827201,현대,싼타페 DM,디젤(e-VGT) 2.0 4WD 익스클루시브,(세부등급 없음),201409.0,2015,1275.0,113559.0,디젤,오토,ORIGINAL,일반,2025-03-19 09:48:06.000 +09,충남,월드오토(주),45수3008,0,0,1,0.0,0.0,0,0,
39172855,현대,싼타페 (MX5),HEV 1.6 2WD,캘리그래피,202401.0,2024,4799.0,9556.0,가솔린+전기,오토,ORIGINAL,일반,2025-03-19 09:44:35.000 +09,부산,고고카,103저3655,0,0,0,0.0,0.0,0,0,
39040538,현대,싼타페 더 프라임,디젤 2.0 2WD,프리미엄,201803.0,2018,8888.0,117138.0,디젤,오토,ORIGINAL,일반,2025-03-19 09:44:35.000 +09,부산,고고카,03보8012,6,2,1,544.8074,172.078,0,0,
39121215,현대,싼타페 더 프라임,디젤 2.0 2WD,프리미엄,201604.0,2016,1400.0,115568.0,디젤,오토,ORIGINAL,일반,2025-03-19 09:36:30.000 +09,울산,YM모터스,391노6708,0,0,4,0.0,0.0,1,0,
39159205,현대,더 뉴 싼타페,디젤 2.2 2WD,프레스티지,202009.0,2021,4000.0,33731.0,디젤,오토,ORIGINAL,일반,2025-03-19 09:36:30.000 +09,울산,YM모터스,399마8173,0,0,0,0.0,0.0,0,0,
39037883,현대,더 뉴 싼타페,가솔린 2.5T 2WD,프레스티지,202011.0,2021,2790.0,20369.0,가솔린,오토,ORIGINAL,일반,2025-03-19 09:33:47.000 +09,서울,(주)에이플러스 대표,163루5227,1,1,1,65.4359,57.0103,0,0,
38382610,현대,더 뉴 싼타페,디젤 2.2 2WD,프레스티지,202007.0,2021,2270.0,132677.0,디젤,오토,ORIGINAL,일반,2025-03-19 09:23:50.000 +09,전북,유한회사원모터스,252조6776,1,0,1,0.0,0.0,1,0,
38958055,현대,싼타페 더 프라임,디젤 2.0 2WD,프리미엄,201804.0,2018,1650.0,97000.0,디젤,오토,ORIGINAL,일반,2025-03-19 09:18:42.000 +09,전북,에코모터스,55오1460,1,2,0,93.69,156.1028,0,0,
38350601,현대,싼타페 더 프라임,디젤 2.0 2WD,프리미엄,201601.0,2016,970.0,180000.0,디젤,오토,ORIGINAL,일반,2025-03-19 09:18:29.000 +09,전북,에코모터스,45서0765,6,1,4,912.7801,298.0,0,0,
39235855,현대,더 뉴 싼타페,디젤 2.2 2WD,프레스티지,202009.0,2021,2580.0,62032.0,디젤,오토,ORIGINAL,일반,2025-03-19 08:54:16.000 +09,경북,형산자동차매매상사,124라3069,1,0,3,636.5464,0.0,0,0,
38535524,현대,싼타페 더 프라임,디젤 2.0 2WD,프리미엄,201707.0,2018,1399.0,94249.0,디젤,오토,ORIGINAL,일반,2025-03-19 08:53:49.000 +09,전북,스마일모터스,28거5650,4,2,2,565.722,244.5873,0,0,
39069754,현대,싼타페 TM,가솔린 2.0T 4WD,인스퍼레이션,201904.0,2019,2650.0,67875.0,가솔린,오토,ORIGINAL,일반,2025-03-19 08:48:56.000 +09,경기,Kcar안성지점,19누1408,0,0,1,0.0,0.0,0,0,
38734053,현대,더 뉴 싼타페,디젤 2.2 2WD,프리미엄,202010.0,2021,1788.0,185055.0,디젤,오토,ORIGINAL,일반,2025-03-19 08:29:07.000 +09,부산,가람모터스,254두6434,0,1,1,0.0,49.5708,1,0,
39025908,현대,싼타페 TM,가솔린 2.0T 2WD,익스클루시브 스페셜,201901.0,2019,1999.0,121136.0,가솔린,오토,ORIGINAL,일반,2025-03-19 08:28:51.000 +09,광주,드림카마켓,149우5569,0,1,2,0.0,1581.9615,1,0,
39240284,현대,더 뉴 싼타페,디젤 2.2 2WD,프레스티지,202103.0,2021,2550.0,69432.0,디젤,오토,ORIGINAL,일반,2025-03-19 08:18:49.000 +09,광주,드림카마켓,195거9036,0,0,0,0.0,0.0,0,0,
39252934,현대,더 뉴 싼타페,디젤 2.2 2WD,캘리그래피,202104.0,2021,3150.0,26990.0,디젤,오토,ORIGINAL,일반,2025-03-19 08:18:49.000 +09,광주,드림카마켓,279부7551,0,0,1,0.0,0.0,1,0,
38888335,현대,더 뉴 싼타페,디젤 2.2 4WD,프레스티지,202212.0,2023,3620.0,29829.0,디젤,오토,ORIGINAL,일반,2025-03-19 08:00:10.000 +09,부산,박준표중고차,220나9551,0,0,0,0.0,0.0,0,0,
39158680,현대,더 뉴 싼타페,가솔린 2.5T 2WD,프레스티지,202202.0,2022,2950.0,45323.0,가솔린,오토,ORIGINAL,일반,2025-03-19 07:27:19.000 +09,대구,행운모터스,125고8888,0,0,1,0.0,0.0,1,0,
38844345,현대,더 뉴 싼타페,디젤 2.2 2WD,프레스티지,202010.0,2021,2600.0,80128.0,디젤,오토,ORIGINAL,일반,2025-03-19 05:15:39.000 +09,울산,대구자동차매매상사,248모3852,0,0,1,0.0,0.0,0,0,
39202122,현대,더 뉴 싼타페,가솔린 2.5T 2WD,캘리그래피,202301.0,2023,3400.0,28980.0,가솔린,오토,ORIGINAL,일반,2025-03-19 05:15:39.000 +09,울산,대구자동차매매상사,370더9689,2,1,1,285.296,88.3,0,0,
39063342,현대,더 뉴 싼타페,HEV 1.6 4WD,캘리그래피,202302.0,2023,4050.0,20388.0,가솔린+전기,오토,ORIGINAL,일반,2025-03-19 05:15:39.000 +09,울산,대구자동차매매상사,228소2435,0,0,1,0.0,0.0,0,0,
39255508,현대,싼타페 CM,2WD(2.0 e-VGT) MLX,럭셔리,201109.0,2012,700.0,115196.0,디젤,오토,ORIGINAL,일반,2025-03-19 05:15:38.000 +09,울산,대구자동차매매상사,30부7896,2,0,1,86.572,0.0,0,0,
38281937,현대,더 뉴 싼타페,디젤 2.2 2WD,캘리그래피,202106.0,2021,2970.0,100290.0,디젤,오토,ORIGINAL,일반,2025-03-18 23:33:21.000 +09,경기,하나오토,232도5548,0,0,1,0.0,0.0,1,0,
38389561,현대,싼타페 TM,디젤 2.2 4WD,익스클루시브,201805.0,2019,2330.0,68088.0,디젤,오토,ORIGINAL,일반,2025-03-18 23:30:30.000 +09,울산,(주)무룡인더스,02서8901,0,0,1,0.0,0.0,0,0,
39117306,현대,싼타페 더 프라임,디젤 2.2 4WD,익스클루시브 스페셜,201608.0,2017,1550.0,161638.0,디젤,오토,ORIGINAL,일반,2025-03-18 23:06:27.000 +09,부산,카톡모터스,61서0382,1,1,0,254.5468,166.0985,0,0,
38968007,현대,싼타페 DM,디젤(e-VGT) 2.0 2WD 익스클루시브,(세부등급 없음),201307.0,2014,979.0,135333.0,디젤,오토,ORIGINAL,일반,2025-03-18 22:40:23.000 +09,경남,도전상사,68두3328,5,0,8,261.3882,0.0,0,0,
39206244,현대,더 뉴 싼타페,디젤 2.2 2WD,캘리그래피,202007.0,2021,3170.0,53880.0,디젤,오토,ORIGINAL,일반,2025-03-18 22:39:53.000 +09,울산,부림모터스,162저4612,1,1,1,152.3804,187.4584,0,0,
39157977,현대,싼타페 TM,디젤 2.2 4WD,프레스티지,201803.0,2019,2120.0,118878.0,디젤,오토,ORIGINAL,일반,2025-03-18 22:34:58.000 +09,경기,신원자동차매매상사,36다4566,1,2,1,513.632,96.5238,0,0,
39076419,현대,싼타페 DM,디젤(e-VGT) 2.0 2WD 익스클루시브,(세부등급 없음),201406.0,2015,1320.0,98243.0,디젤,오토,ORIGINAL,일반,2025-03-18 22:34:04.000 +09,전남,바른모터스,12어3666,2,0,1,64.775,0.0,0,0,
38685800,현대,싼타페 (MX5),가솔린 2.5T 4WD,캘리그래피,202309.0,2024,4190.0,17767.0,가솔린,오토,ORIGINAL,일반,2025-03-18 22:06:08.000 +09,경기,굿모닝모터스,227두3742,1,0,0,175.0746,0.0,0,0,
39046066,현대,싼타페 더 프라임,디젤 2.0 2WD,프리미엄,201610.0,2017,1510.0,54397.0,디젤,오토,ORIGINAL,일반,2025-03-18 21:42:13.000 +09,경기,(주)고물상,18다0308,1,0,1,65.5458,0.0,0,0,
38894779,현대,싼타페 DM,디젤(e-VGT) 2.0 2WD 익스클루시브,스페셜,201404.0,2015,1099.0,151700.0,디젤,오토,ORIGINAL,일반,2025-03-18 21:38:56.000 +09,광주,주)신미래모터스,55고2695,3,1,3,251.1392,96.3056,0,0,
38357752,현대,더 뉴 싼타페,디젤 2.2 2WD,프리미엄,202012.0,2021,2500.0,65399.0,디젤,오토,ORIGINAL,일반,2025-03-18 21:21:52.000 +09,광주,주식회사 진흥자동차,239수9050,0,0,2,0.0,0.0,1,0,
38378175,현대,더 뉴 싼타페,디젤 2.2 2WD,프레스티지,202008.0,2021,3000.0,58261.0,디젤,오토,ORIGINAL,일반,2025-03-18 21:21:52.000 +09,광주,주식회사 진흥자동차,164두8813,0,2,1,0.0,142.4515,0,0,
39084349,현대,더 뉴 싼타페,가솔린 2.5T 2WD,프리미엄 초이스,202104.0,2021,2690.0,42099.0,가솔린,오토,ORIGINAL,일반,2025-03-18 21:09:09.000 +09,경기,청학Emotors,390거8069,0,0,0,0.0,0.0,0,0,
39250567,현대,싼타페 더 프라임,디젤 2.0 2WD,프리미엄,201609.0,2016,1470.0,93881.0,디젤,오토,ORIGINAL,일반,2025-03-18 20:59:47.000 +09,울산,다인모터스,23더0386,3,1,3,196.6931,93.757,0,0,
39029940,현대,싼타페 TM,가솔린 2.0T 2WD,익스클루시브,202003.0,2020,2160.0,86139.0,가솔린,오토,ORIGINAL,일반,2025-03-18 20:54:12.000 +09,인천,잘팔카,164저3774,1,0,0,99.0929,0.0,0,0,
38412321,현대,더 뉴 싼타페,가솔린 2.5T 2WD,프레스티지,202105.0,2021,2390.0,89063.0,가솔린,오토,ORIGINAL,일반,2025-03-18 20:54:03.000 +09,인천,잘팔카,275로2616,2,0,1,175.7287,0.0,0,0,
39160364,현대,싼타페 더 프라임,디젤 2.0 2WD,1 밀리언,201704.0,2018,1990.0,25685.0,디젤,오토,ORIGINAL,일반,2025-03-18 20:54:03.000 +09,인천,잘팔카,21구2295,2,1,1,292.44,104.3,0,0,
39095874,현대,싼타페 더 프라임,디젤 2.0 4WD,프리미엄,201509.0,2016,1290.0,107010.0,디젤,오토,ORIGINAL,일반,2025-03-18 20:54:03.000 +09,인천,잘팔카,05라0708,4,2,1,636.7063,240.5542,0,0,
38814259,현대,싼타페 더 프라임,디젤 2.0 2WD,익스클루시브,201605.0,2016,1230.0,163293.0,디젤,오토,ORIGINAL,일반,2025-03-18 20:45:08.000 +09,부산,(주)동진모터스,26조0773,3,1,1,185.5768,148.091,0,0,
38966112,현대,싼타페 TM,디젤 2.0 2WD,인스퍼레이션,201812.0,2019,2250.0,85536.0,디젤,오토,ORIGINAL,일반,2025-03-18 20:23:34.000 +09,경기,신원자동차매매상사,54우6833,0,1,1,0.0,377.854,0,0,
38681972,현대,더 뉴 싼타페,가솔린 2.5T 2WD,프레스티지,202102.0,2021,2730.0,92676.0,가솔린,오토,ORIGINAL,일반,2025-03-18 20:22:33.000 +09,충남,드림자동차,233버8791,1,0,3,173.673,0.0,1,0,
39252692,현대,더 뉴 싼타페,디젤 2.2 2WD,캘리그래피,202010.0,2021,3095.0,67205.0,디젤,오토,ORIGINAL,일반,2025-03-18 20:18:42.000 +09,대구,(주) 유카 대구지점,171구4777,1,0,2,92.3989,0.0,0,0,
38496528,현대,싼타페 (MX5),HEV 1.6 2WD,익스클루시브,202312.0,2024,3750.0,32714.0,가솔린+전기,오토,ORIGINAL,일반,2025-03-18 19:41:39.000 +09,광주,주식회사한결모터스,233너2938,1,0,1,103.488,0.0,0,0,
39252865,현대,싼타페 CM,2WD(2.0VGT) MLX,고급형,200902.0,2009,390.0,210152.0,디젤,오토,ORIGINAL,일반,2025-03-18 19:01:29.000 +09,인천,뉴AK모터스,68루3291,5,3,0,356.9765,214.1118,0,0,
39106840,현대,싼타페 더 프라임,디젤 2.2 4WD,1 밀리언 얼티밋,201712.0,2018,1790.0,77000.0,디젤,오토,ORIGINAL,일반,2025-03-18 18:47:14.000 +09,전북,국가대표,347우2035,0,0,2,0.0,0.0,1,0,
38377007,현대,더 뉴 싼타페,가솔린 2.5T 4WD,프레스티지,202111.0,2021,2220.0,65723.0,가솔린,오토,ORIGINAL,일반,2025-03-18 18:46:31.000 +09,경기,자마이카,181모6457,3,5,1,1447.7299,828.0649,0,0,
39035672,현대,싼타페 TM,디젤 2.2 2WD,프레스티지,201804.0,2019,2470.0,65241.0,디젤,오토,ORIGINAL,일반,2025-03-18 18:37:04.000 +09,경기,무결점카모터스,193오5584,0,0,2,0.0,0.0,1,0,
39001308,현대,싼타페 TM,디젤 2.2 4WD,프레스티지,201805.0,2019,2420.0,106365.0,디젤,오토,ORIGINAL,일반,2025-03-18 18:37:04.000 +09,경기,무결점카모터스,36마4226,1,0,1,28.2308,0.0,0,0,
39031799,현대,더 뉴 싼타페,디젤 2.2 4WD,프레스티지,202306.0,2023,3290.0,42514.0,디젤,오토,ORIGINAL,일반,2025-03-18 18:36:20.000 +09,광주,더원모터스,241부6740,0,0,1,0.0,0.0,1,0,
38731405,현대,싼타페 TM,디젤 2.0 2WD,프레스티지,201904.0,2019,2320.0,47995.0,디젤,오토,ORIGINAL,일반,2025-03-18 17:55:43.000 +09,경기,(주)왕카,67너2984,3,0,3,425.4921,0.0,0,0,
38760928,현대,더 뉴 싼타페,디젤 2.2 2WD,프레스티지,202011.0,2021,2680.0,85138.0,디젤,오토,ORIGINAL,일반,2025-03-18 17:44:49.000 +09,울산,황제모터스,294머8064,2,0,3,116.2099,0.0,0,0,
38910821,현대,더 뉴 싼타페,디젤 2.2 2WD,프리미엄,202103.0,2021,2050.0,151755.0,디젤,오토,ORIGINAL,일반,2025-03-18 17:37:18.000 +09,전북,효자상사,188보6989,1,1,1,80.9394,59.3518,1,0,
38897206,현대,싼타페 TM,가솔린 2.0T 2WD,프리미엄,202002.0,2020,2170.0,67987.0,가솔린,오토,ORIGINAL,일반,2025-03-18 17:29:26.000 +09,경기,(주)시온자동차,102더6579,0,2,1,0.0,329.261,0,0,
38540339,현대,더 뉴 싼타페,디젤 2.2 2WD,익스클루시브,202210.0,2023,2970.0,22104.0,디젤,오토,ORIGINAL,일반,2025-03-18 17:29:26.000 +09,경기,(주)시온자동차,135우2291,0,1,1,0.0,112.6471,0,0,
39131611,현대,싼타페 더 프라임,디젤 2.0 2WD,밸류 플러스,201709.0,2018,1620.0,75604.0,디젤,오토,ORIGINAL,일반,2025-03-18 17:29:26.000 +09,경기,(주)시온자동차,01도6105,2,1,1,220.7889,500.0,0,0,
38993171,현대,더 뉴 싼타페,디젤 2.2 4WD,캘리그래피,202011.0,2021,9999.0,51480.0,디젤,오토,ORIGINAL,일반,2025-03-18 17:23:09.000 +09,경기,디에이치모터스,293거8064,0,0,2,0.0,0.0,1,0,
39155988,현대,싼타페 TM,디젤 2.0 2WD,프레스티지,201912.0,2020,2250.0,68976.0,디젤,오토,ORIGINAL,일반,2025-03-18 17:13:21.000 +09,경북,케이카 구미지점,313주7447,2,0,2,66.7359,0.0,1,0,
39020472,현대,싼타페 TM,디젤 2.2 2WD,프레스티지,201805.0,2019,2500.0,52599.0,디젤,오토,ORIGINAL,일반,2025-03-18 17:07:33.000 +09,경기,천마상사,19서3320,5,1,1,390.7903,112.7916,0,0,
38308648,현대,싼타페 TM,디젤 2.2 4WD,프레스티지,201902.0,2019,2530.0,84381.0,디젤,오토,ORIGINAL,일반,2025-03-18 16:51:05.000 +09,경기,신드롬모터스,17노6898,1,0,4,170.1944,0.0,0,0,
38363075,현대,싼타페 더 프라임,디젤 2.2 4WD,익스클루시브 스페셜,201711.0,2018,1730.0,108095.0,디젤,오토,ORIGINAL,일반,2025-03-18 16:51:03.000 +09,경기,신드롬모터스,02다7473,1,1,1,90.4357,41.6755,0,0,
38650876,현대,싼타페 TM,디젤 2.2 4WD,프레스티지,201802.0,2019,2430.0,78979.0,디젤,오토,ORIGINAL,일반,2025-03-18 16:51:03.000 +09,경기,신드롬모터스,01도4791,2,1,3,133.4086,85.4422,0,0,
38804716,현대,싼타페 TM,가솔린 2.0T 2WD,익스클루시브 스페셜,201903.0,2019,2120.0,98754.0,가솔린,오토,ORIGINAL,일반,2025-03-18 16:34:33.000 +09,경기,제이디모터스,55다6833,0,0,0,0.0,0.0,0,0,
38941936,현대,더 뉴 싼타페,가솔린 2.5T 2WD,프레스티지,202107.0,2021,2640.0,41805.0,가솔린,오토,ORIGINAL,일반,2025-03-18 16:34:33.000 +09,경기,제이디모터스,334루1638,1,3,1,83.415,509.383,0,0,
39026181,현대,더 뉴 싼타페,가솔린 2.5T 2WD,프레스티지,202107.0,2021,2640.0,41950.0,가솔린,오토,ORIGINAL,일반,2025-03-18 16:34:33.000 +09,경기,제이디모터스,334루1638,1,3,1,83.415,509.383,0,0,
38757974,현대,싼타페 TM,디젤 2.0 2WD,프리미엄,201803.0,2019,1790.0,135872.0,디젤,오토,ORIGINAL,일반,2025-03-18 16:23:29.000 +09,충북,(주)정일모터스,276저4640,2,0,1,278.2429,0.0,1,0,
38359989,현대,더 뉴 싼타페,디젤 2.2 2WD,프레스티지,202102.0,2021,2750.0,64823.0,디젤,오토,ORIGINAL,일반,2025-03-18 16:19:57.000 +09,경남,케이상사,374조5902,2,0,1,188.751,0.0,0,0,
39081419,현대,싼타페 TM,디젤 2.0 2WD,익스클루시브,202001.0,2020,1860.0,136992.0,디젤,오토,ORIGINAL,일반,2025-03-18 16:04:37.000 +09,대전,카펀모터스,359어7961,3,0,0,603.9065,0.0,0,0,
38904600,현대,더 뉴 싼타페,디젤 2.2 2WD,프레스티지,202012.0,2021,2650.0,30323.0,디젤,오토,ORIGINAL,일반,2025-03-18 16:02:01.000 +09,울산,(주)마이카페이지,149호5146,0,0,0,0.0,0.0,0,0,
38904334,현대,싼타페 (MX5),가솔린 2.5T 4WD,프레스티지,202309.0,2024,3880.0,23930.0,가솔린,오토,ORIGINAL,일반,2025-03-18 16:02:01.000 +09,울산,(주)마이카페이지,196호3032,0,0,0,0.0,0.0,0,0,
38677543,현대,더 뉴 싼타페,디젤 2.2 4WD,프리미엄,202106.0,2021,2720.0,71057.0,디젤,오토,ORIGINAL,일반,2025-03-18 15:29:04.000 +09,경기,오토플랜,217다7501,0,0,1,0.0,0.0,1,0,
39074505,현대,싼타페 더 프라임,디젤 2.0 2WD,익스클루시브,201602.0,2016,1430.0,102099.0,디젤,오토,ORIGINAL,일반,2025-03-18 15:06:39.000 +09,울산,부자모터스,06로0976,2,0,1,126.605,0.0,0,0,
39228411,현대,더 뉴 싼타페,HEV 1.6 2WD,캘리그래피,202301.0,2023,3880.0,13890.0,가솔린+전기,오토,ORIGINAL,일반,2025-03-18 15:06:39.000 +09,울산,부자모터스,225부1282,0,0,1,0.0,0.0,0,0,
39059894,현대,싼타페 DM,디젤(e-VGT) 2.0 2WD 모던,,201504.0,2015,1090.0,88430.0,디젤,오토,ORIGINAL,일반,2025-03-18 14:37:20.000 +09,충남,한빛중고차,51보8153,3,2,0,329.031,64.911,0,0,
38760357,현대,싼타페 DM,디젤(e-VGT) 2.0 2WD 익스클루시브,스페셜,201406.0,2015,1260.0,119077.0,디젤,오토,ORIGINAL,일반,2025-03-18 14:35:06.000 +09,울산,에스오토,20더3400,1,0,1,53.554,0.0,0,0,
38641297,현대,더 뉴 싼타페,디젤 2.2 2WD,프리미엄,202010.0,2021,2750.0,17734.0,디젤,오토,ORIGINAL,일반,2025-03-18 14:33:05.000 +09,인천,드림오토상사,126우3784,0,0,3,0.0,0.0,1,0,
39245253,현대,더 뉴 싼타페,가솔린 2.5T 2WD,캘리그래피,202103.0,2021,2990.0,36539.0,가솔린,오토,ORIGINAL,일반,2025-03-18 14:28:02.000 +09,경기,(주)디에스오토,289소6520,2,1,2,288.5609,147.869,0,0,
39258848,현대,싼타페 CM,2WD(2.2VGT) MLX,고급형,200701.0,2007,450.0,145000.0,디젤,오토,ORIGINAL,일반,2025-03-18 14:24:01.000 +09,경기,,52어1087,2,2,2,72.75,99.6748,0,0,
37953921,현대,싼타페 DM,디젤(e-VGT) 2.0 2WD 익스클루시브,(세부등급 없음),201409.0,2015,1300.0,125828.0,디젤,오토,ORIGINAL,일반,2025-03-18 14:20:04.000 +09,부산,(주)하나오토,59수8393,1,0,1,61.5933,0.0,0,0,
39258920,현대,싼타페 더 프라임,디젤 2.0 2WD,프리미엄,201711.0,2018,990.0,491000.0,디젤,오토,ORIGINAL,일반,2025-03-18 14:19:40.000 +09,전남,열린자동차세상,21루7576,0,4,0,0.0,130.507,0,0,
38984649,현대,싼타페 (MX5),HEV 1.6 2WD,캘리그래피,202310.0,2024,4150.0,21016.0,가솔린+전기,오토,ORIGINAL,일반,2025-03-18 14:14:20.000 +09,경남,대성자동차판매(주),161너1399,0,0,1,0.0,0.0,0,0,
39161586,현대,싼타페 TM,가솔린 2.0T 2WD,익스클루시브 스페셜,201804.0,2019,1990.0,111147.0,가솔린,오토,ORIGINAL,일반,2025-03-18 14:01:36.000 +09,경기,(주)하이모터스,102조4367,3,1,3,409.7707,68.5681,1,0,
39241107,현대,더 뉴 싼타페,디젤 2.2 2WD,프리미엄 초이스,202102.0,2021,2750.0,42555.0,디젤,오토,ORIGINAL,일반,2025-03-18 13:25:39.000 +09,대구,티케이상사,273무7876,0,0,1,0.0,0.0,1,0,
39193433,현대,더 뉴 싼타페,HEV 1.6 2WD,프레스티지,202212.0,2023,3650.0,15874.0,가솔린+전기,오토,ORIGINAL,일반,2025-03-18 13:23:00.000 +09,경남,(주)뉴그린모터스,172무6393,0,0,1,0.0,0.0,0,0,
39225964,현대,싼타페 TM,디젤 2.0 2WD,익스클루시브,201903.0,2019,2030.0,84000.0,디젤,오토,ORIGINAL,일반,2025-03-18 13:13:41.000 +09,대구,경북자동차상사,56오6606,0,1,1,0.0,333.5506,0,0,
39094174,현대,싼타페 더 프라임,디젤 2.0 2WD,익스클루시브,201609.0,2017,1620.0,88857.0,디젤,오토,ORIGINAL,일반,2025-03-18 13:05:28.000 +09,경기,두드림자동차,01무0339,1,3,3,43.135,274.9001,0,0,
39257698,현대,싼타페 더 프라임,디젤 2.0 2WD,익스클루시브 스페셜,201606.0,2016,1450.0,121902.0,디젤,오토,ORIGINAL,일반,2025-03-18 12:46:02.000 +09,울산,아빠모터스,13오0770,1,0,5,154.5371,0.0,0,0,
39256923,현대,싼타페 DM,디젤(e-VGT) 2.0 2WD 프리미엄,,201210.0,2013,870.0,154086.0,디젤,오토,ORIGINAL,일반,2025-03-18 12:18:05.000 +09,충북,청주중고차닷컴,57너2603,2,1,1,171.6678,32.025,0,0,
39067076,현대,싼타페 (MX5),HEV 1.6 2WD,캘리그래피,202403.0,2024,4680.0,14924.0,가솔린+전기,오토,ORIGINAL,일반,2025-03-18 12:10:21.000 +09,경기,도이치오토월드.아인,159거4917,0,0,0,0.0,0.0,0,0,
39067076,현대,싼타페 (MX5),HEV 1.6 2WD,캘리그래피,202403.0,2024,4680.0,14924.0,가솔린+전기,오토,ORIGINAL,일반,2025-03-18 12:10:21.000 +09,경기,도이치오토월드.아인,159거4917,0,0,1,0.0,0.0,0,0,
39125138,현대,싼타페 (MX5),HEV 1.6 2WD,캘리그래피,202403.0,2024,4660.0,14303.0,가솔린+전기,오토,ORIGINAL,일반,2025-03-18 12:10:21.000 +09,경기,도이치오토월드.아인,159거4917,0,0,0,0.0,0.0,0,0,
39125138,현대,싼타페 (MX5),HEV 1.6 2WD,캘리그래피,202403.0,2024,4660.0,14303.0,가솔린+전기,오토,ORIGINAL,일반,2025-03-18 12:10:21.000 +09,경기,도이치오토월드.아인,159거4917,0,0,1,0.0,0.0,0,0,
38769278,현대,싼타페 TM,디젤 2.0 4WD,프리미엄,201808.0,2019,1799.0,110713.0,디젤,오토,ORIGINAL,일반,2025-03-18 12:10:14.000 +09,광주,더바른모터스,198더1672,0,1,2,0.0,220.9157,1,0,
38824773,현대,싼타페 더 프라임,디젤 2.0 2WD,프리미엄,201603.0,2016,1650.0,69641.0,디젤,오토,ORIGINAL,일반,2025-03-18 11:53:07.000 +09,대전,(주)안모터스,42조0986,0,0,0,0.0,0.0,0,0,
39257202,현대,더 뉴 싼타페,HEV 1.6 4WD,캘리그래피,202308.0,2023,3900.0,24749.0,가솔린+전기,오토,ORIGINAL,일반,2025-03-18 11:43:22.000 +09,부산,Kcar부산지점,165서6827,0,0,1,0.0,0.0,0,0,
38747059,현대,싼타페 TM,디젤 2.2 2WD,익스클루시브,201808.0,2019,1750.0,102059.0,디젤,오토,ORIGINAL,일반,2025-03-18 11:37:51.000 +09,경기,(주)유니앤모터스,202노9250,1,0,1,30.7964,0.0,1,0,
38952682,현대,더 뉴 싼타페,디젤 2.2 2WD,익스클루시브,202210.0,2023,2890.0,36703.0,디젤,오토,ORIGINAL,일반,2025-03-18 11:36:16.000 +09,울산,세븐모터스 ,143수5866,0,0,1,0.0,0.0,0,0,
39253270,현대,더 뉴 싼타페,디젤 2.2 2WD,익스클루시브,202203.0,2022,2199.0,128097.0,디젤,오토,ORIGINAL,일반,2025-03-18 11:11:57.000 +09,경기,(주)디에이치모터스,122하5942,0,0,0,0.0,0.0,0,0,
39056813,현대,싼타페 TM,디젤 2.2 2WD,인스퍼레이션,201910.0,2020,2399.0,112271.0,디젤,오토,ORIGINAL,일반,2025-03-18 11:09:55.000 +09,전남,ok자동차매매상사,354구7865,6,2,0,605.1833,193.853,0,0,
39160449,현대,더 뉴 싼타페,디젤 2.2 2WD,프리미엄 초이스,202010.0,2021,2640.0,38530.0,디젤,오토,ORIGINAL,일반,2025-03-18 11:01:22.000 +09,경기,청학Emotors,230서3369,0,0,4,0.0,0.0,0,0,
39063356,현대,싼타페 TM,디젤 2.0 2WD,인스퍼레이션,201807.0,2019,2250.0,127690.0,디젤,오토,ORIGINAL,일반,2025-03-18 10:53:23.000 +09,경기,두드림자동차,38머4423,0,0,1,0.0,0.0,0,0,
39081841,현대,싼타페 TM,가솔린 2.0T 4WD,인스퍼레이션,201903.0,2019,2150.0,162000.0,가솔린,오토,ORIGINAL,일반,2025-03-18 10:08:43.000 +09,충북,에이치 에스 글로벌,254주1703,1,1,3,355.67,35.872,1,0,
39252635,현대,싼타페 (MX5),HEV 1.6 2WD,프레스티지,202411.0,2025,4370.0,5363.0,가솔린+전기,오토,ORIGINAL,일반,2025-03-18 09:20:41.000 +09,경기,(주)최 강모터스,163어5586,0,0,0,0.0,0.0,0,0,
39158748,현대,싼타페 TM,디젤 2.0 2WD,프리미엄,201807.0,2019,1950.0,94368.0,디젤,오토,ORIGINAL,일반,2025-03-18 09:08:28.000 +09,충북,정모터스,59조4260,2,0,2,46.2218,0.0,0,0,
39015675,현대,싼타페 TM,디젤 2.0 4WD,인스퍼레이션,201902.0,2019,2990.0,59940.0,디젤,오토,ORIGINAL,일반,2025-03-18 09:01:11.000 +09,충북,가가,341러1999,0,0,1,0.0,0.0,1,0,
38241941,현대,싼타페 TM,디젤 2.0 4WD,프레스티지,201906.0,2019,2230.0,127043.0,디젤,오토,ORIGINAL,일반,2025-03-18 09:01:11.000 +09,충북,가가,10오6872,5,4,1,647.126,728.09,0,0,
38961358,현대,싼타페 TM,디젤 2.0 2WD,프리미엄,201902.0,2019,1890.0,139600.0,디젤,오토,ORIGINAL,일반,2025-03-18 08:14:15.000 +09,대전,(주)대덕자동차,33거7694,0,1,0,0.0,40.16,0,0,
38716360,현대,더 뉴 싼타페,디젤 2.2 2WD,프레스티지,202007.0,2021,2690.0,30748.0,디젤,오토,ORIGINAL,일반,2025-03-18 07:00:18.000 +09,경기,태양모터스,147더8993,1,0,1,117.4071,0.0,0,0,
39164538,현대,싼타페 TM,디젤 2.2 4WD,익스클루시브,202002.0,2020,2490.0,67398.0,디젤,오토,ORIGINAL,일반,2025-03-18 06:49:37.000 +09,인천,오토허브 엠파크지점,261더2535,0,0,2,0.0,0.0,1,0,
38892129,현대,싼타페 DM,디젤(e-VGT) 2.0 2WD 익스클루시브,(세부등급 없음),201503.0,2015,9999.0,176122.0,디젤,오토,ORIGINAL,일반,2025-03-17 22:47:41.000 +09,대구,강륜모터스,32오8303,2,1,2,232.267,36.3428,0,0,
38701617,현대,싼타페 TM,디젤 2.0 2WD,프레스티지,201811.0,2019,1730.0,136323.0,디젤,오토,ORIGINAL,일반,2025-03-17 20:50:56.000 +09,경기,(주)뉴카카,391노6744,1,1,3,120.644,135.6574,2,0,
39074367,현대,싼타페 더 프라임,디젤 2.0 2WD,익스클루시브,201511.0,2016,1369.0,98146.0,디젤,오토,ORIGINAL,일반,2025-03-17 19:43:38.000 +09,대전,(주)에스비자동차,68수0325,1,2,3,82.5479,155.0249,0,0,
39105808,현대,싼타페 TM,가솔린 2.0T 2WD,프레스티지,201906.0,2020,2520.0,56141.0,가솔린,오토,ORIGINAL,일반,2025-03-17 17:45:42.000 +09,부산,우덕모터스,50모7783,1,1,0,233.2759,173.757,0,0,
39066939,현대,싼타페 DM,디젤(e-VGT) 2.0 2WD 모던,,201310.0,2014,1020.0,91344.0,디젤,오토,ORIGINAL,일반,2025-03-17 17:45:42.000 +09,부산,우덕모터스,55서1691,2,1,2,163.9573,54.407,0,0,
38722968,현대,더 뉴 싼타페,디젤 2.2 2WD,프리미엄 초이스,202010.0,2021,2730.0,41841.0,디젤,오토,ORIGINAL,일반,2025-03-17 16:52:06.000 +09,경기,힐링모터스,271고1458,1,0,1,49.78,0.0,0,0,
39098124,현대,더 뉴 싼타페,디젤 2.2 2WD,프레스티지,202103.0,2021,2650.0,81050.0,디젤,오토,ORIGINAL,일반,2025-03-17 16:47:30.000 +09,경기,(주)21세기중고차,131노9375,3,3,1,357.2465,224.4338,0,0,
39022825,현대,싼타페 TM,가솔린 2.0T 2WD,프레스티지,201910.0,2020,2200.0,100911.0,가솔린,오토,ORIGINAL,일반,2025-03-17 16:06:15.000 +09,광주,신한자동차,244부2624,3,0,2,264.1969,0.0,0,0,
38697287,현대,싼타페 TM,디젤 2.2 4WD,인스퍼레이션,202002.0,2020,2530.0,92802.0,디젤,오토,ORIGINAL,일반,2025-03-17 15:17:02.000 +09,경기,(주)유신모터스,305수5641,4,1,2,314.2695,18.982,0,0,
39249633,현대,싼타페 (MX5),HEV 1.6 2WD,프레스티지,202402.0,2024,3900.0,20303.0,가솔린+전기,오토,ORIGINAL,일반,2025-03-17 14:58:39.000 +09,경기,주식회사 씨피오토모티브,202라7993,2,0,0,113.175,0.0,0,0,
39031786,현대,싼타페 TM,디젤 2.0 2WD,프리미엄,201803.0,2019,1830.0,116255.0,디젤,오토,ORIGINAL,일반,2025-03-17 14:56:28.000 +09,충북,정모터스,216머4193,0,0,1,0.0,0.0,1,0,
38682855,현대,더 뉴 싼타페,가솔린 2.5T 4WD,캘리그래피,202207.0,2022,3970.0,11492.0,가솔린,오토,ORIGINAL,일반,2025-03-17 14:02:07.000 +09,경남,한결,373나2805,0,0,2,0.0,0.0,0,0,
39144611,현대,싼타페 CM,2WD(2.0VGT) MLX,고급형,200801.0,2008,350.0,208399.0,디젤,오토,ORIGINAL,일반,2025-03-17 13:49:36.000 +09,충남,진명자동차,53로9206,5,3,1,248.112,316.492,0,0,
39248108,현대,싼타페 더 프라임,디젤 2.0 4WD,익스클루시브 스페셜,201701.0,2017,1550.0,147157.0,디젤,오토,ORIGINAL,일반,2025-03-17 12:56:44.000 +09,울산,중원모터스,34너1263,2,3,2,447.49,193.7513,0,0,
38702865,현대,더 뉴 싼타페,디젤 2.2 2WD,프리미엄,202106.0,2021,2400.0,72058.0,디젤,오토,ORIGINAL,일반,2025-03-17 12:53:37.000 +09,광주,보배모터스,217다7535,0,0,1,0.0,0.0,1,0,
39239527,현대,더 뉴 싼타페,디젤 2.2 2WD,프레스티지,202104.0,2021,2650.0,76179.0,디젤,오토,ORIGINAL,일반,2025-03-17 12:45:04.000 +09,광주,(주)이글모터스,180버7825,2,0,1,132.7478,0.0,0,0,
35694796,현대,싼타페 DM,디젤(e-VGT) 2.0 2WD 프리미엄,,201206.0,2013,990.0,120000.0,디젤,오토,ORIGINAL,일반,2025-03-17 12:10:14.000 +09,대전,최고자동차 매매상사,35고7222,2,2,2,220.522,256.5326,0,0,
38919478,현대,싼타페 TM,디젤 2.0 2WD,익스클루시브,201907.0,2020,1750.0,133067.0,디젤,오토,ORIGINAL,일반,2025-03-17 11:58:23.000 +09,경기,케이탑인터내셔널,340머2381,1,0,1,83.13,0.0,1,0,
38605421,현대,더 뉴 싼타페,가솔린 2.5T 2WD,프리미엄 초이스,202103.0,2021,2700.0,21958.0,가솔린,오토,ORIGINAL,일반,2025-03-17 11:27:55.000 +09,광주,장군모터스,263조8353,4,1,1,329.6782,122.0,0,0,
38324833,현대,더 뉴 싼타페,가솔린 2.5T 2WD,프레스티지,202210.0,2023,2900.0,5236.0,가솔린,오토,ORIGINAL,일반,2025-03-17 10:11:59.000 +09,광주,(주)피앤제이모터스,160오3172,1,1,1,115.3449,75.3717,0,0,
38877190,현대,싼타페 TM,가솔린 2.0T 2WD,익스클루시브,202007.0,2020,2420.0,51000.0,가솔린,오토,ORIGINAL,일반,2025-03-17 09:54:40.000 +09,부산,경영상사,175마8353,1,0,1,0.0,0.0,0,0,
39240742,현대,싼타페 TM,가솔린 2.0T 2WD,프레스티지,202005.0,2020,2500.0,64000.0,가솔린,오토,ORIGINAL,일반,2025-03-17 09:54:40.000 +09,부산,경영상사,277우9399,3,1,0,158.4828,494.7768,0,0,
38523946,현대,싼타페 TM,디젤 2.0 2WD,익스클루시브,201806.0,2019,1970.0,99000.0,디젤,오토,ORIGINAL,일반,2025-03-17 09:54:40.000 +09,부산,경영상사,04모5684,4,1,0,187.1731,79.43,0,0,
38531921,현대,싼타페 DM,디젤(e-VGT) 2.0 4WD 익스클루시브,스페셜,201502.0,2015,1079.0,93650.0,디젤,오토,ORIGINAL,일반,2025-03-17 09:24:28.000 +09,부산,DS대산,12오2165,6,4,4,828.7144,495.9463,0,0,
39194293,현대,싼타페 더 프라임,디젤 2.2 4WD,프리미엄,201508.0,2016,1570.0,104962.0,디젤,오토,ORIGINAL,일반,2025-03-17 08:56:50.000 +09,경기,차차모터스,39오4872,3,2,6,220.5558,55.5447,1,0,
39099197,현대,싼타페 TM,디젤 2.0 2WD,프리미엄,201910.0,2020,2100.0,46000.0,디젤,오토,ORIGINAL,일반,2025-03-17 07:51:15.000 +09,경기,마이카페이지,122호2953,1,0,0,65.987,0.0,0,0,
38940738,현대,싼타페 (MX5),HEV 1.6 2WD,프레스티지,202406.0,2024,4050.0,3500.0,가솔린+전기,오토,ORIGINAL,일반,2025-03-16 22:48:43.000 +09,서울,,256무9467,0,0,1,0.0,0.0,0,0,
38452248,현대,싼타페 더 프라임,디젤 2.0 2WD,밸류 플러스,201705.0,2018,1660.0,83650.0,디젤,오토,ORIGINAL,일반,2025-03-16 19:46:22.000 +09,광주,(유)하남모터스,52고2478,1,0,1,53.7939,0.0,0,0,
39109284,현대,싼타페 TM,디젤 2.0 2WD,익스클루시브 스페셜,201807.0,2019,1980.0,98729.0,디젤,오토,ORIGINAL,일반,2025-03-16 15:12:59.000 +09,경기,카메이트,22보7833,3,1,1,170.9508,91.518,0,0,
39041278,현대,더 뉴 싼타페,가솔린 2.5T 2WD,캘리그래피,202302.0,2023,3449.0,13159.0,가솔린,오토,ORIGINAL,일반,2025-03-16 15:01:06.000 +09,울산,대경자동차매매상사,398무8628,0,0,0,0.0,0.0,0,0,
38853398,현대,싼타페 DM,디젤(e-VGT) 2.0 2WD 익스클루시브,(세부등급 없음),201303.0,2013,1249.0,143971.0,디젤,오토,ORIGINAL,일반,2025-03-16 15:01:06.000 +09,울산,대경자동차매매상사,18누8431,2,2,5,42.9528,248.3132,0,0,
38785184,현대,싼타페 TM,가솔린 2.0T 2WD,인스퍼레이션,201907.0,2020,2999.0,61576.0,가솔린,오토,ORIGINAL,일반,2025-03-16 15:01:05.000 +09,울산,대경자동차매매상사,169라2227,0,1,2,0.0,45.2178,1,0,
38502325,현대,싼타페 TM,디젤 2.2 2WD,프레스티지,201803.0,2019,2599.0,78268.0,디젤,오토,ORIGINAL,일반,2025-03-16 15:01:04.000 +09,울산,대경자동차매매상사,360서6690,2,1,2,127.3754,151.48,1,0,
39224653,현대,싼타페 더 프라임,디젤 2.2 4WD,익스클루시브,201507.0,2016,1310.0,157241.0,디젤,오토,ORIGINAL,일반,2025-03-16 12:36:59.000 +09,경기,아인모터스,11소5844,2,1,1,91.7821,63.7609,0,0,
37788912,현대,싼타페 더 프라임,디젤 2.0 2WD,밸류 플러스,201801.0,2018,1480.0,98593.0,디젤,오토,ORIGINAL,일반,2025-03-16 09:01:43.000 +09,경기,(주)브로,17나7338,1,1,1,47.062,31.8473,0,0,
39178969,현대,싼타페 TM,디젤 2.0 2WD,프레스티지,201811.0,2019,1770.0,122155.0,디젤,오토,ORIGINAL,일반,2025-03-15 21:58:56.000 +09,경기,(주)고물상,08버2662,4,4,3,550.8253,539.407,0,0,
39241622,현대,싼타페 더 프라임,디젤 2.0 2WD,익스클루시브,201701.0,2017,1260.0,156000.0,디젤,오토,ORIGINAL,일반,2025-03-15 16:49:40.000 +09,대구,엄모터스,23더6600,3,2,2,251.2467,152.5048,0,0,
38637335,현대,싼타페 TM,디젤 2.0 4WD,익스클루시브,201907.0,2020,1850.0,110579.0,디젤,오토,ORIGINAL,일반,2025-03-15 16:17:42.000 +09,경기,제이씨모터스,271버1247,1,1,1,55.8372,249.921,1,0,
39002442,현대,싼타페 TM,가솔린 2.0T 2WD,인스퍼레이션,201905.0,2019,2480.0,89594.0,가솔린,오토,ORIGINAL,일반,2025-03-15 12:50:14.000 +09,경기,세계자동차,163머1789,1,0,2,153.0917,0.0,1,0,
39181993,현대,싼타페 DM,디젤(e-VGT) 2.0 4WD 익스클루시브,(세부등급 없음),201301.0,2013,1150.0,102164.0,디젤,오토,ORIGINAL,일반,2025-03-15 08:50:46.000 +09,서울,덕신모터스,36누7312,2,2,1,225.397,174.345,0,0,
39129799,현대,싼타페 TM,디젤 2.2 2WD,프레스티지,201803.0,2019,2090.0,94742.0,디젤,오토,ORIGINAL,일반,2025-03-14 23:55:16.000 +09,경남,세기모터스,64나3408,0,0,1,0.0,0.0,0,0,
39139329,현대,싼타페 TM,디젤 2.0 2WD,프리미엄,201807.0,2019,1750.0,158470.0,디젤,오토,ORIGINAL,일반,2025-03-14 18:24:43.000 +09,경기,,29머7039,0,0,0,0.0,0.0,0,0,
39048568,현대,싼타페 DM,디젤(e-VGT) 2.0 2WD 프리미엄,,201211.0,2013,950.0,146857.0,디젤,오토,ORIGINAL,일반,2025-03-14 16:02:51.000 +09,대전,주식회사 누리자동차,32어8695,2,1,4,161.7098,55.3656,0,0,
39236032,현대,싼타페 (MX5),HEV 1.6 2WD,프레스티지 플러스,202412.0,2025,3719.0,1338.0,가솔린+전기,오토,ORIGINAL,렌트,2025-03-14 15:40:08.000 +09,경기,,179하8091,0,0,0,0.0,0.0,0,0,
39154888,현대,싼타페 TM,가솔린 2.0T 2WD,익스클루시브 스페셜,201811.0,2019,9999.0,90299.0,가솔린,오토,ORIGINAL,일반,2025-03-14 10:43:10.000 +09,경기,(주)디에스오토,10노3865,4,1,3,215.1526,30.0,0,0,
39232190,현대,싼타페 TM,디젤 2.0 2WD,익스클루시브,201912.0,2020,1990.0,104852.0,디젤,오토,ORIGINAL,일반,2025-03-14 10:29:30.000 +09,충북,구구모터스,371저1157,1,5,2,0.0,325.056,1,0,
39232869,현대,싼타페 (MX5),가솔린 2.5T 4WD,캘리그래피,202311.0,2024,4360.0,28287.0,가솔린,오토,ORIGINAL,일반,2025-03-14 09:53:06.000 +09,경기,다원오토,251주9271,1,0,0,72.74,0.0,0,0,
38500445,현대,싼타페 TM,디젤 2.0 4WD,프레스티지,201804.0,2019,2450.0,87261.0,디젤,오토,ORIGINAL,일반,2025-03-14 00:54:42.000 +09,인천,(주)대연상사,52도8973,1,0,1,64.965,0.0,0,0,
38293659,현대,더 뉴 싼타페,디젤 2.2 2WD,프레스티지,202008.0,2021,2590.0,76492.0,디젤,오토,ORIGINAL,일반,2025-03-13 22:32:18.000 +09,인천,혜안모터스,172고1666,0,0,1,0.0,0.0,0,0,
38994560,현대,싼타페 TM,디젤 2.2 4WD,인스퍼레이션,201812.0,2019,2180.0,144283.0,디젤,오토,ORIGINAL,일반,2025-03-13 16:04:02.000 +09,경기,에이비씨오토,21도2565,2,2,0,199.783,154.236,0,0,
39224865,현대,더 뉴 싼타페,HEV 1.6 2WD,캘리그래피,202310.0,2023,3590.0,17867.0,가솔린+전기,오토,ORIGINAL,일반,2025-03-13 13:31:28.000 +09,경기,Kcar수원지점,317라2069,1,0,1,184.6596,0.0,0,0,
39172664,현대,싼타페 DM,디젤(e-VGT) 2.0 2WD 익스클루시브,(세부등급 없음),201301.0,2013,1070.0,90849.0,디젤,오토,ORIGINAL,일반,2025-03-13 12:59:01.000 +09,경기,주) 스마트자동차,38우3494,2,0,3,133.6177,0.0,0,0,
39219163,현대,싼타페 (MX5),HEV 1.6 2WD,캘리그래피,202409.0,2025,3960.0,6946.0,가솔린+전기,오토,ORIGINAL,일반,2025-03-12 19:31:42.000 +09,경남,바름모터스,291노5182,1,0,2,0.0,0.0,0,0,
39088296,현대,싼타페 TM,가솔린 2.0T 2WD,인스퍼레이션,201808.0,2019,2890.0,37642.0,가솔린,오토,ORIGINAL,일반,2025-03-12 16:26:58.000 +09,충북,살카팔카,33서5689,1,0,1,109.546,0.0,0,0,
39216306,현대,싼타페 (MX5),가솔린 2.5T 4WD,캘리그래피,202402.0,2024,9999.0,4753.0,가솔린,오토,ORIGINAL,일반,2025-03-12 15:49:48.000 +09,경기,다원오토,250오4853,0,0,0,0.0,0.0,0,0,
39214952,현대,싼타페 더 프라임,디젤 2.0 2WD,익스클루시브 스페셜,201605.0,2016,1590.0,117723.0,디젤,오토,ORIGINAL,일반,2025-03-12 13:56:55.000 +09,부산,건우자동차,65조1753,4,1,1,271.4163,32.0976,1,0,
39205325,현대,싼타페 TM,디젤 2.0 2WD,프리미엄,201812.0,2019,1999.0,161072.0,디젤,오토,ORIGINAL,일반,2025-03-12 13:41:50.000 +09,광주,대영모터스,09머8827,1,0,1,0.0,0.0,0,0,
38937022,현대,더 뉴 싼타페,HEV 1.6 2WD,프레스티지,202112.0,2022,3099.0,55173.0,가솔린+전기,오토,ORIGINAL,일반,2025-03-11 22:28:49.000 +09,경기,더드림모터스,107누4158,0,0,1,0.0,0.0,0,0,
39026975,현대,더 뉴 싼타페,디젤 2.2 2WD,프리미엄,202107.0,2021,2470.0,49893.0,디젤,오토,ORIGINAL,일반,2025-03-11 15:25:51.000 +09,경기,카넥트모빌리티,250나1263,0,1,1,0.0,22.9639,1,0,
39194079,현대,더 뉴 싼타페,HEV 1.6 2WD,프레스티지,202304.0,2023,3490.0,55000.0,가솔린+전기,오토,ORIGINAL,일반,2025-03-10 12:33:30.000 +09,충남,,123구3158,0,0,0,0.0,0.0,0,0,
38646120,현대,싼타페 TM,디젤 2.2 4WD,인스퍼레이션,201911.0,2020,2740.0,61561.0,디젤,오토,ORIGINAL,일반,2025-03-09 08:32:30.000 +09,경기,카메이트,380러6826,2,0,1,169.5535,0.0,0,0,
39070703,현대,싼타페 더 프라임,디젤 2.0 2WD,프리미엄,201609.0,2016,1450.0,84487.0,디젤,오토,ORIGINAL,일반,2025-03-08 21:13:05.000 +09,인천,주식회사 하이카모터스,04소0232,1,1,3,6.734,51.043,0,0,
38952909,현대,싼타페 TM,디젤 2.2 2WD,프레스티지,201812.0,2019,2230.0,101866.0,디젤,오토,ORIGINAL,일반,2025-03-08 18:55:06.000 +09,울산,대성 자동차 상사,30소7419,3,3,3,167.8687,312.283,0,0,
39188199,현대,더 뉴 싼타페,디젤 2.2 2WD,프레스티지,202008.0,2021,2590.0,71890.0,디젤,오토,ORIGINAL,일반,2025-03-08 18:38:44.000 +09,경남,바름모터스,295노5102,1,1,1,102.5023,105.529,1,0,
38964930,현대,싼타페 DM,디젤(e-VGT) 2.0 2WD 익스클루시브,스페셜,201303.0,2013,1090.0,85000.0,디젤,오토,ORIGINAL,일반,2025-03-08 07:43:10.000 +09,경기,타워모터스2,15소9096,2,0,3,475.6449,0.0,0,0,
39184924,현대,더 뉴 싼타페,디젤 2.2 2WD,프레스티지,202106.0,2021,2000.0,204000.0,디젤,오토,ORIGINAL,일반,2025-03-07 17:16:10.000 +09,경남,,277소3232,0,0,0,0.0,0.0,0,0,
39097425,현대,싼타페 DM,디젤(e-VGT) 2.0 2WD 프리미엄,,201310.0,2014,985.0,120660.0,디젤,오토,ORIGINAL,일반,2025-03-07 13:31:51.000 +09,울산,현대상사,62우2700,1,0,1,74.635,0.0,0,0,
38570353,현대,싼타페 TM,디젤 2.0 2WD,프리미엄,201901.0,2019,2250.0,32715.0,디젤,오토,ORIGINAL,일반,2025-03-07 09:00:19.000 +09,경기,나래모터스,60도1608,0,1,1,0.0,110.1875,0,0,
39174446,현대,싼타페 더 프라임,디젤 2.2 4WD,익스클루시브,201602.0,2016,1290.0,161048.0,디젤,오토,ORIGINAL,일반,2025-03-06 16:28:30.000 +09,서울,(주)덕신모터스,14어0859,2,1,0,728.113,82.842,0,0,
39170371,현대,더 뉴 싼타페,디젤 2.2 2WD,프레스티지,202208.0,2022,3090.0,42101.0,디젤,오토,ORIGINAL,일반,2025-03-06 14:20:58.000 +09,전북,뉴매일모터스,245오8781,0,0,2,0.0,0.0,1,0,
38461119,현대,싼타페 TM,가솔린 2.0T 2WD,인스퍼레이션,201909.0,2020,2600.0,56307.0,가솔린,오토,ORIGINAL,일반,2025-03-06 12:55:02.000 +09,경남,골드모터스,297러1189,0,1,1,0.0,39.1844,1,0,
38564436,현대,더 뉴 싼타페,디젤 2.2 2WD,프레스티지,202012.0,2021,2700.0,72932.0,디젤,오토,ORIGINAL,일반,2025-03-06 11:47:45.000 +09,경기,신원자동차매매상사,149나2917,2,0,2,200.2284,0.0,0,0,
38625119,현대,더 뉴 싼타페,디젤 2.2 2WD,프레스티지,202009.0,2021,2630.0,98722.0,디젤,오토,ORIGINAL,일반,2025-03-06 09:49:16.000 +09,광주,123모터스,176루7581,1,0,1,42.095,0.0,1,0,
38712639,현대,더 뉴 싼타페,디젤 2.2 2WD,캘리그래피,202007.0,2021,3250.0,58736.0,디젤,오토,ORIGINAL,일반,2025-03-06 09:49:16.000 +09,광주,123모터스,310서1721,3,0,1,287.224,0.0,0,0,
39118987,현대,싼타페 DM,디젤(e-VGT) 2.0 2WD 프리미엄,,201506.0,2015,1290.0,108604.0,디젤,오토,ORIGINAL,일반,2025-03-06 09:49:16.000 +09,광주,123모터스,11로1777,1,3,1,61.8613,256.0329,0,0,
38568524,현대,더 뉴 싼타페,디젤 2.2 2WD,프레스티지,202009.0,2021,2680.0,47960.0,디젤,오토,ORIGINAL,일반,2025-03-06 09:16:47.000 +09,광주,센텀,238어5695,1,0,1,158.133,0.0,1,0,
38629498,현대,싼타페 DM,디젤(e-VGT) 2.0 2WD 프리미엄,,201406.0,2015,1010.0,142700.0,디젤,오토,ORIGINAL,일반,2025-03-06 06:12:52.000 +09,충남,삼성자동차매매상사,141구3845,1,1,1,114.1968,104.9,1,0,
39163866,현대,싼타페 DM,디젤(e-VGT) 2.0 2WD 익스클루시브,(세부등급 없음),201307.0,2014,1000.0,130000.0,디젤,오토,ORIGINAL,일반,2025-03-05 15:43:32.000 +09,경북,J모터스,36무7836,4,3,1,210.486,352.645,0,0,
39154940,현대,싼타페 TM,가솔린 2.0T 4WD,인스퍼레이션,201809.0,2019,2450.0,93931.0,가솔린,오토,ORIGINAL,일반,2025-03-05 10:27:36.000 +09,서울,(주)한마음모터스,57로5146,4,3,1,273.268,147.064,0,0,
39097573,현대,싼타페 (MX5),가솔린 2.5T 2WD,캘리그래피,202407.0,2024,3604.0,12000.0,가솔린,오토,ORIGINAL,렌트,2025-03-04 15:43:27.000 +09,경기,,174호8974,0,0,0,0.0,0.0,0,0,
39154465,현대,싼타페 TM,가솔린 2.0T 2WD,프레스티지,201908.0,2020,2099.0,81500.0,가솔린,오토,ORIGINAL,일반,2025-03-04 15:21:42.000 +09,경남,,46두7327,1,1,2,107.7,278.9866,0,0,
38613073,현대,싼타페 TM,디젤 2.0 2WD,인스퍼레이션,201807.0,2019,2310.0,82915.0,디젤,오토,ORIGINAL,일반,2025-03-04 10:01:15.000 +09,충북,한결모터스,50두1909,3,1,6,547.9903,204.94,0,0,
39145092,현대,싼타페 TM,디젤 2.2 2WD,익스클루시브,201901.0,2019,2150.0,76339.0,디젤,오토,ORIGINAL,일반,2025-03-01 17:14:10.000 +09,울산,중원모터스,57러4333,2,3,3,197.4071,404.25,0,0,
39144155,현대,싼타페 (MX5),HEV 1.6 4WD,캘리그래피,202404.0,2024,4900.0,1500.0,가솔린+전기,오토,ORIGINAL,일반,2025-03-01 12:16:08.000 +09,인천,대연상사,226두4662,0,1,0,0.0,0.0,0,0,
38557526,현대,싼타페 DM,디젤(e-VGT) 2.0 4WD 익스클루시브,(세부등급 없음),201410.0,2015,1230.0,95091.0,디젤,오토,ORIGINAL,일반,2025-02-28 17:52:01.000 +09,경남,우신자동차매매상사,19거1847,6,0,2,592.9257,0.0,0,0,
38825366,현대,더 뉴 싼타페,디젤 2.2 2WD,캘리그래피,202301.0,2023,3410.0,33917.0,디젤,오토,ORIGINAL,일반,2025-02-27 13:48:02.000 +09,경기,무결점 카모터스,186두2221,1,1,1,212.944,146.0379,0,0,
38939481,현대,싼타페 TM,가솔린 2.0T 2WD,익스클루시브,202001.0,2020,2400.0,52299.0,가솔린,오토,ORIGINAL,일반,2025-02-26 09:13:54.000 +09,경기,(주)마이카페이지,140호2047,0,0,0,0.0,0.0,0,0,
38645617,현대,싼타페 더 프라임,디젤 2.0 2WD,밸류 플러스,201706.0,2018,1390.0,111874.0,디젤,오토,ORIGINAL,일반,2025-02-25 17:15:14.000 +09,전남,토마토모터스,18조8113,0,0,3,0.0,0.0,0,0,
39109431,현대,싼타페 DM,디젤(e-VGT) 2.2 2WD 익스클루시브,스페셜,201404.0,2015,990.0,132428.0,디젤,오토,ORIGINAL,일반,2025-02-25 14:12:21.000 +09,경기,믿음모터스,63우9027,4,4,9,274.6229,524.6357,0,0,
39095192,현대,싼타페 TM,디젤 2.0 4WD,익스클루시브,202001.0,2020,2088.0,105000.0,디젤,오토,ORIGINAL,일반,2025-02-21 17:08:57.000 +09,경기,,355마8142,1,1,0,94.416,40.0,0,0,
38686635,현대,싼타페 더 프라임,디젤 2.2 2WD,익스클루시브 스페셜,201604.0,2016,1550.0,149000.0,디젤,오토,ORIGINAL,일반,2025-02-20 16:27:14.000 +09,경기,다둥이차,388오2975,1,2,7,206.069,500.3905,1,0,
39086449,현대,싼타페 TM,가솔린 2.0T 2WD,익스클루시브,202010.0,2020,2420.0,68000.0,가솔린,오토,ORIGINAL,일반,2025-02-20 16:21:40.000 +09,부산,경영상사,376로5115,0,0,1,0.0,0.0,0,0,
38965397,현대,더 뉴 싼타페,디젤 2.2 4WD,프리미엄,202111.0,2021,2169.0,138019.0,디젤,오토,ORIGINAL,일반,2025-02-19 21:45:43.000 +09,경기,티에스오토,228나2824,0,0,1,0.0,0.0,1,0,
39076885,현대,더 뉴 싼타페,디젤 2.2 4WD,익스클루시브,202302.0,2023,3099.0,41341.0,디젤,오토,ORIGINAL,일반,2025-02-19 16:00:58.000 +09,경기,킹모터스,253오1591,0,0,1,0.0,0.0,1,0,
39065328,현대,싼타페 DM,디젤(e-VGT) 2.0 2WD 모던,,201406.0,2015,830.0,338000.0,디젤,오토,ORIGINAL,일반,2025-02-18 12:08:06.000 +09,경남,동아자동차,01구2825,0,2,2,0.0,242.9811,1,0,
39060270,현대,더 뉴 싼타페,디젤 2.2 4WD,프레스티지,202012.0,2021,3000.0,72533.0,디젤,오토,ORIGINAL,일반,2025-02-17 17:10:35.000 +09,경기,주식회사 씨피오토모티브,128누4329,1,1,0,466.219,111.496,0,0,
38973974,현대,싼타페 (MX5),HEV 1.6 2WD,캘리그래피,202401.0,2024,4200.0,20100.0,가솔린+전기,오토,ORIGINAL,리스,2025-02-14 08:44:05.000 +09,경기,,223주3540,0,0,0,0.0,0.0,0,0,
39027290,현대,싼타페 (MX5),HEV 1.6 2WD,캘리그래피,202406.0,2024,3601.0,3470.0,가솔린+전기,오토,ORIGINAL,렌트,2025-02-13 13:04:43.000 +09,전북,,224호4666,0,0,0,0.0,0.0,0,0,
38961522,현대,싼타페 TM,디젤 2.2 2WD,프레스티지,201912.0,2020,3390.0,72000.0,디젤,오토,ORIGINAL,리스,2025-02-10 20:03:19.000 +09,경기,,116버7185,1,1,3,120.9488,40.0,0,0,
38999295,현대,싼타페 TM,디젤 2.2 2WD,익스클루시브,201907.0,2020,1880.0,141848.0,디젤,오토,ORIGINAL,일반,2025-02-10 14:20:34.000 +09,대구,JJ모터스,65너4776,0,0,1,0.0,0.0,0,0,
38953615,현대,싼타페 (MX5),가솔린 2.5T 4WD,캘리그래피,202309.0,2024,4290.0,27028.0,가솔린,오토,ORIGINAL,일반,2025-02-10 11:57:48.000 +09,경기,주식회사 설레임 오토모티브,294주3368,1,0,1,69.15,0.0,0,0,
38868718,현대,더 뉴 싼타페,HEV 1.6 2WD,캘리그래피,202204.0,2022,3620.0,21374.0,가솔린+전기,오토,ORIGINAL,일반,2025-02-07 10:43:24.000 +09,대전,Kcar대전유성지점,145누6741,3,0,1,144.487,0.0,0,0,
38612934,현대,싼타페 CM,2WD(2.0 e-VGT) MLX,럭셔리,201108.0,2012,580.0,106734.0,디젤,오토,ORIGINAL,일반,2025-02-06 11:46:23.000 +09,대구,탑모터스,16가8367,2,0,3,252.8948,0.0,0,0,
38985198,현대,싼타페 더 프라임,디젤 2.0 2WD,밸류 플러스,201802.0,2018,1430.0,128800.0,디젤,오토,ORIGINAL,일반,2025-02-05 12:34:56.000 +09,경남,동아자동차,05수6687,2,3,1,708.3496,417.4107,0,0,
38957656,현대,더 뉴 싼타페,디젤 2.2 2WD,프레스티지,202012.0,2021,9999.0,16520.0,디젤,오토,ORIGINAL,일반,2025-01-31 11:55:29.000 +09,서울,(주)한마음모터스,376구1353,0,0,2,0.0,0.0,1,0,
38948346,현대,싼타페,4WD CLX,기본형,200408.0,2004,230.0,162313.0,디젤,오토,ORIGINAL,일반,2025-01-24 15:28:28.000 +09,부산,,65조4748,2,5,4,235.802,534.4453,0,0,
38915958,현대,싼타페 TM,디젤 2.0 2WD,익스클루시브 스페셜,201903.0,2019,1690.0,222944.0,디젤,오토,ORIGINAL,일반,2025-01-20 17:51:09.000 +09,경기,(주)카마트몰,46보6084,1,0,1,95.1145,0.0,0,0,
