Id,제조사,모델명,배지,세부 배지,연식,모델연도,가격,주행거리,연료,변속기,등록 상태,판매 유형,마지막 수정일,판매지역,판매처,차량번호,내차피해,타차가해,소유자변경이력,내차피해금액,타차가해금액,번호판변경이력,전체침수횟수,일부침수횟수
39114483,현대,쏘나타 (DN8),2.0,프리미엄 플러스,202208.0,2022,2070.0,46030.0,가솔린,오토,ORIGINAL,일반,2025-03-20 03:21:01.000 +09,서울,(주)오토플래닛,126하9347,0,0,0,0.0,0.0,0,0,
38978487,현대,쏘나타 (DN8),2.0 LPG(렌터카용),스타일,202208.0,2022,1450.0,64983.0,LPG(일반인 구입),오토,ORIGINAL,일반,2025-03-20 03:18:04.000 +09,서울,(주)오토플래닛,172하3611,0,0,0,0.0,0.0,0,0,
39180002,현대,쏘나타 하이브리드 (DN8),인스퍼레이션,,202205.0,2022,2120.0,66646.0,가솔린+전기,오토,ORIGINAL,일반,2025-03-20 03:15:02.000 +09,서울,(주)오토플래닛,169하9123,0,0,0,0.0,0.0,0,0,
38989483,현대,쏘나타 (DN8),1.6 터보,인스퍼레이션,202301.0,2023,2599.0,37389.0,가솔린,오토,ORIGINAL,일반,2025-03-20 03:09:54.000 +09,경기,신드롬모터스,250나2074,2,1,2,96.11,41.0874,0,0,
38794794,현대,YF 쏘나타,LPI 프리미어,,200911.0,2010,220.0,211841.0,LPG(일반인 구입),오토,ORIGINAL,일반,2025-03-20 03:09:29.000 +09,경남,점보모터스,21두5984,10,7,8,1080.6637,571.9578,1,0,
39214692,현대,쏘나타 (DN8),2.0 LPG(렌터카용),스마트,202110.0,2022,1360.0,142320.0,LPG(일반인 구입),오토,ORIGINAL,일반,2025-03-20 03:09:15.000 +09,서울,(주)오토플래닛,126하2071,1,0,0,127.9596,0.0,0,0,
39016043,현대,쏘나타 (DN8),2.0 LPG,프리미엄,201912.0,2020,1829.0,78064.0,LPG(일반인 구입),오토,ORIGINAL,일반,2025-03-20 03:08:02.000 +09,서울,(주)하나모터스,350도9529,4,0,1,236.136,0.0,0,0,
37810741,현대,LF 쏘나타,2.0 스마트,(세부등급 없음),201405.0,2015,700.0,142410.0,가솔린,오토,ORIGINAL,일반,2025-03-20 03:07:14.000 +09,경남,정민모터스,46부1422,3,1,2,391.4253,288.1,0,0,
37895039,현대,쏘나타 뉴 라이즈,LPI 스타일,,201707.0,2018,950.0,111743.0,LPG(일반인 구입),오토,ORIGINAL,일반,2025-03-20 03:07:13.000 +09,경남,정민모터스,250다8194,3,0,2,449.1513,0.0,1,0,
39265748,현대,쏘나타 뉴 라이즈,LPI 택시형,고급형,202207.0,2022,1450.0,86051.0,LPG(일반인 구입),오토,ORIGINAL,일반,2025-03-20 03:05:34.000 +09,서울,아이원카,144더2403,3,0,1,332.5122,0.0,1,0,
39247526,현대,LF 쏘나타,LPI 모던(장애인용),,201405.0,2015,1120.0,130387.0,LPG(일반인 구입),오토,ORIGINAL,일반,2025-03-20 03:05:33.000 +09,서울,아이원카,68로1181,5,4,4,523.013,398.907,0,0,
39132410,현대,LF 쏘나타,LPI 스마트(장애인용),,201606.0,2017,1090.0,120441.0,LPG(일반인 구입),오토,ORIGINAL,일반,2025-03-20 03:05:32.000 +09,서울,아이원카,378조5993,3,3,4,309.6254,364.2496,1,0,
39145029,현대,쏘나타 뉴 라이즈,LPI 택시형,스타일,201711.0,2018,850.0,154826.0,LPG(일반인 구입),오토,ORIGINAL,일반,2025-03-20 03:05:31.000 +09,서울,아이원카,134거7451,0,0,1,0.0,0.0,1,0,
38156371,현대,쏘나타 (DN8),1.6 터보,인스퍼레이션,202003.0,2020,2130.0,86942.0,가솔린,오토,ORIGINAL,일반,2025-03-20 03:04:57.000 +09,충북,착한모터스,148다5856,1,1,3,58.6548,43.2359,0,0,
38936097,현대,쏘나타 (DN8),2.0 LPG(렌터카용),스마트,202008.0,2021,1370.0,103760.0,LPG(일반인 구입),오토,ORIGINAL,일반,2025-03-20 03:02:38.000 +09,광주,(주)피앤제이모터스,189가8209,0,0,1,0.0,0.0,1,0,
38613258,현대,쏘나타 (DN8),1.6 터보,인스퍼레이션,202101.0,2021,1970.0,115372.0,가솔린,오토,ORIGINAL,일반,2025-03-20 03:01:11.000 +09,부산,대박모터스,169마7598,4,1,1,425.34,77.2518,0,0,
39127367,현대,LF 쏘나타 하이브리드,2.0 HEV,프리미엄,201604.0,2016,950.0,158692.0,가솔린+전기,오토,ORIGINAL,일반,2025-03-20 03:01:11.000 +09,경기,코리아모터스,68모0410,2,0,1,528.351,0.0,0,0,
39257544,현대,LF 쏘나타,2.0 스마트,(세부등급 없음),201511.0,2016,1230.0,85771.0,가솔린,오토,ORIGINAL,일반,2025-03-20 03:01:11.000 +09,부산,대박모터스,54부0432,2,0,0,158.3641,0.0,0,0,
38843960,현대,쏘나타 (DN8),2.0 LPG,인스퍼레이션,202004.0,2020,1790.0,124167.0,LPG(일반인 구입),오토,ORIGINAL,일반,2025-03-20 03:00:05.000 +09,인천,굿카대표,124서8334,6,4,5,336.1584,100.1879,0,0,
38924822,현대,쏘나타 하이브리드 (DN8),프리미엄 플러스,,202301.0,2023,2690.0,20430.0,가솔린+전기,오토,ORIGINAL,일반,2025-03-20 03:00:05.000 +09,인천,굿카대표,320라5331,0,0,1,0.0,0.0,0,0,
39243557,현대,쏘나타 뉴 라이즈,2.0 스마트,,201705.0,2018,1490.0,23989.0,가솔린,오토,ORIGINAL,일반,2025-03-20 02:57:51.000 +09,부산,주식회사 라임모터스,39부6414,2,0,1,125.634,0.0,0,0,
39005601,현대,쏘나타 뉴 라이즈,2.0 스타일,,201807.0,2019,1050.0,91000.0,가솔린,오토,ORIGINAL,일반,2025-03-20 02:41:47.000 +09,경기,유레카,44하5584,0,0,1,0.0,0.0,0,0,
39028473,현대,YF 쏘나타,LPI 디럭스,,200912.0,2010,250.0,173597.0,LPG(일반인 구입),오토,ORIGINAL,일반,2025-03-20 02:38:44.000 +09,광주,센텀모터스,46소4251,3,3,5,277.5958,542.3367,1,0,
39251957,현대,LF 쏘나타,2.0 스마트,(세부등급 없음),201405.0,2015,1120.0,70528.0,가솔린,오토,ORIGINAL,일반,2025-03-20 02:37:02.000 +09,서울,(주)케이비국민차,59조2469,2,0,0,179.062,0.0,0,0,
39227191,현대,쏘나타 (DN8),2.0,프리미엄 플러스,202212.0,2023,2250.0,31168.0,가솔린,오토,ORIGINAL,일반,2025-03-20 02:37:02.000 +09,서울,(주)케이비국민차,377어3060,1,0,0,0.0,0.0,0,0,
39084030,현대,LF 쏘나타,2.0 스마트,(세부등급 없음),201510.0,2016,1200.0,58789.0,가솔린,오토,ORIGINAL,일반,2025-03-20 02:30:10.000 +09,경기,지오모터스,17거0887,0,0,3,0.0,0.0,0,0,
38757620,현대,쏘나타 하이브리드 (DN8),프리미엄,(세부등급 없음),202002.0,2020,1540.0,103500.0,가솔린+전기,오토,ORIGINAL,일반,2025-03-20 02:29:02.000 +09,경기,열정모터스,104조7588,4,2,2,686.5673,440.2163,0,0,
39045344,현대,쏘나타 디 엣지(DN8),2.0,프리미엄,202311.0,2024,2774.0,4569.0,가솔린,오토,ORIGINAL,일반,2025-03-20 02:28:00.000 +09,대구,오토핸즈 대구직영점,198하3548,0,0,0,0.0,0.0,0,0,
39045378,현대,쏘나타 디 엣지(DN8),2.0,프리미엄,202311.0,2024,2720.0,15697.0,가솔린,오토,ORIGINAL,일반,2025-03-20 02:28:00.000 +09,대구,오토핸즈 대구직영점,198하3329,0,0,0,0.0,0.0,0,0,
39234577,현대,쏘나타 뉴 라이즈,2.0 스마트 스페셜,,201809.0,2019,1380.0,89441.0,가솔린,오토,ORIGINAL,일반,2025-03-20 02:27:59.000 +09,대구,오토핸즈 대구직영점,110거3126,1,0,3,362.131,0.0,1,0,
38770079,현대,쏘나타 (DN8),1.6 터보,프리미엄 플러스,202209.0,2023,2280.0,36782.0,가솔린,오토,ORIGINAL,일반,2025-03-20 02:22:58.000 +09,광주,홍카모터스,272나3801,1,0,1,404.0989,0.0,1,0,
39093769,현대,쏘나타 (DN8),2.0 LPG,프리미엄 플러스,202209.0,2023,2150.0,24870.0,LPG(일반인 구입),오토,ORIGINAL,일반,2025-03-20 02:22:22.000 +09,경기,자마이카,293마4023,1,2,1,264.666,415.268,0,0,
39094327,현대,LF 쏘나타,2.0 스마트,(세부등급 없음),201407.0,2015,1040.0,25378.0,가솔린,오토,ORIGINAL,일반,2025-03-20 02:18:05.000 +09,인천,모빌팡,65마8562,4,4,1,222.4938,339.025,0,0,
39109642,현대,쏘나타 (DN8),1.6 터보,모던,202108.0,2022,1980.0,47584.0,가솔린,오토,ORIGINAL,일반,2025-03-20 02:17:38.000 +09,부산,(주)모터풀,160오8786,1,0,2,138.9028,0.0,0,0,
38911289,현대,쏘나타 (DN8),2.0 LPG,프리미엄 플러스,202209.0,2023,2180.0,59302.0,LPG(일반인 구입),오토,ORIGINAL,일반,2025-03-20 02:13:14.000 +09,경기,얄개모터스,177저4652,0,0,1,0.0,0.0,0,0,
39068753,현대,쏘나타 뉴 라이즈,1.7 디젤 모던,,201704.0,2018,929.0,156108.0,디젤,오토,ORIGINAL,일반,2025-03-20 02:08:02.000 +09,인천,주식회사 진모터스,29머8095,1,2,0,314.9577,268.7669,0,0,
39034747,현대,쏘나타 뉴 라이즈,LPI 프리미엄,,201802.0,2018,1530.0,88076.0,LPG(일반인 구입),오토,ORIGINAL,일반,2025-03-20 02:07:02.000 +09,서울,K&S모터스,216러7017,0,1,1,0.0,61.224,1,0,
39270036,현대,LF 쏘나타,LPI 스마트,,201505.0,2015,679.0,130901.0,LPG(일반인 구입),오토,ORIGINAL,일반,2025-03-20 02:07:02.000 +09,경기,복코모터스,06도9446,3,1,10,175.7238,50.185,1,0,
39182653,현대,쏘나타 (DN8),2.0 LPG(렌터카용),스타일,202012.0,2021,1690.0,48873.0,LPG(일반인 구입),오토,ORIGINAL,일반,2025-03-20 02:03:44.000 +09,울산,어벤져스모터스,221라7887,2,0,1,127.1858,0.0,1,0,
39127556,현대,쏘나타 (DN8),2.0,프리미엄 패밀리,201910.0,2020,1620.0,116734.0,가솔린,오토,ORIGINAL,일반,2025-03-20 02:01:02.000 +09,서울,광현모터스,153수9076,0,1,1,0.0,122.753,0,0,
39075094,현대,쏘나타 (DN8),2.0,프리미엄 패밀리,201910.0,2020,1639.0,88119.0,가솔린,오토,ORIGINAL,일반,2025-03-20 02:00:05.000 +09,대구,JG모터스,290가7330,1,0,3,913.5806,0.0,0,0,
38400539,현대,LF 쏘나타,2.0 케어플러스,,201705.0,2017,1150.0,91802.0,가솔린,오토,ORIGINAL,일반,2025-03-20 01:59:02.000 +09,대구,성원모터스,65라9823,4,2,1,142.6726,258.303,0,0,
37433457,현대,LF 쏘나타,2.0 스마트,(세부등급 없음),201412.0,2015,990.0,109655.0,가솔린,오토,ORIGINAL,일반,2025-03-20 01:57:02.000 +09,경기,에스제이매매상사,63로3074,2,2,2,255.5917,300.3961,0,0,
39176072,현대,쏘나타 더 브릴리언트,CVVL 스마트,,201211.0,2013,390.0,178000.0,가솔린,오토,ORIGINAL,일반,2025-03-20 01:47:20.000 +09,대전,(주)대진상사,38소9669,4,3,7,416.5225,450.0,0,0,
39235705,현대,쏘나타 (DN8),1.6 터보,인스퍼레이션,201911.0,2020,1689.0,111679.0,가솔린,오토,ORIGINAL,일반,2025-03-20 01:43:02.000 +09,대구,지현모터스,162로6913,7,1,2,751.3812,406.4986,0,0,
38862944,현대,쏘나타 (DN8),2.0 LPG(렌터카용),스타일,202208.0,2022,1590.0,50137.0,LPG(일반인 구입),오토,ORIGINAL,일반,2025-03-20 01:40:02.000 +09,서울,(주)선모터스 대표,256우2713,0,0,1,0.0,0.0,1,0,
39247975,현대,YF 쏘나타,LPI 프리미어,,201009.0,2010,490.0,37795.0,LPG(일반인 구입),오토,ORIGINAL,일반,2025-03-20 01:38:41.000 +09,강원,네바퀴중고차,22더7138,2,2,3,122.1379,87.613,0,0,
39179190,현대,쏘나타 (DN8),2.0,프리미엄 패밀리,201907.0,2020,1990.0,35030.0,가솔린,오토,ORIGINAL,일반,2025-03-20 01:34:06.000 +09,부산,더마니카동부산점,193서9935,0,0,2,0.0,0.0,1,0,
38760747,현대,쏘나타 (DN8),2.0 LPG(렌터카용),스마트,202002.0,2020,1729.0,29674.0,LPG(일반인 구입),오토,ORIGINAL,일반,2025-03-20 01:33:02.000 +09,경기,(주)지온컴퍼니,172로1981,1,2,0,125.515,272.432,0,0,
38535371,현대,쏘나타 하이브리드,2.0,모던,201401.0,2014,590.0,110399.0,가솔린+전기,오토,ORIGINAL,일반,2025-03-20 01:33:02.000 +09,인천,카카오토,342거4862,2,0,5,136.1298,0.0,1,0,
38451584,현대,LF 쏘나타,2.0 스마트,(세부등급 없음),201507.0,2015,799.0,147627.0,가솔린,오토,ORIGINAL,일반,2025-03-20 01:31:02.000 +09,인천,카카오토,45조8724,3,1,1,237.2417,116.071,0,0,
38133553,현대,쏘나타 뉴 라이즈,2.0 스마트,,201707.0,2018,820.0,194792.0,가솔린,오토,ORIGINAL,일반,2025-03-20 01:30:07.000 +09,경기,(주)수호모터스,09고1629,2,0,4,517.2338,0.0,0,0,
38790635,현대,LF 쏘나타 하이브리드,2.0 HEV,프리미엄,201505.0,2015,1550.0,104495.0,가솔린+전기,오토,ORIGINAL,일반,2025-03-20 01:25:02.000 +09,경기,행복중고차,63거4625,1,1,1,40.96,129.8919,0,0,
38583776,현대,YF 쏘나타,Y20 프리미어,최고급형,200911.0,2010,379.0,144013.0,가솔린,오토,ORIGINAL,일반,2025-03-20 01:24:48.000 +09,대구,오토파크,60조7417,3,3,1,523.514,313.3956,0,0,
38863341,현대,쏘나타 뉴 라이즈,2.0 모던,,201801.0,2018,799.0,193680.0,가솔린,오토,ORIGINAL,일반,2025-03-20 01:24:30.000 +09,경기,클린오토,397도7944,3,0,2,262.3901,0.0,1,0,
39067780,현대,쏘나타 뉴 라이즈,LPI 모던,,201802.0,2018,780.0,217708.0,LPG(일반인 구입),오토,ORIGINAL,일반,2025-03-20 01:24:30.000 +09,경기,클린오토,311너2746,0,2,2,0.0,157.2554,1,0,
39156195,현대,LF 쏘나타,2.0 스마트,(세부등급 없음),201505.0,2015,739.0,140958.0,가솔린,오토,ORIGINAL,일반,2025-03-20 01:24:30.000 +09,경기,클린오토,63라4619,3,2,4,158.0329,167.746,1,0,
39083489,현대,쏘나타 뉴 라이즈,LPI 스타일,,201802.0,2018,799.0,170517.0,LPG(일반인 구입),오토,ORIGINAL,일반,2025-03-20 01:24:30.000 +09,경기,클린오토,299거3187,1,0,2,64.874,0.0,1,0,
38970847,현대,쏘나타 뉴 라이즈,2.0 모던,,201801.0,2018,830.0,202011.0,가솔린,오토,ORIGINAL,일반,2025-03-20 01:24:30.000 +09,경기,클린오토,242루5915,0,2,2,0.0,706.1819,1,0,
39131760,현대,쏘나타 뉴 라이즈,2.0 스마트 초이스,,201806.0,2019,1149.0,100500.0,가솔린,오토,ORIGINAL,일반,2025-03-20 01:24:30.000 +09,경기,클린오토,124루8325,0,1,1,0.0,95.4191,1,0,
38661992,현대,쏘나타 (DN8),2.5 터보 N Line,인스퍼레이션,202101.0,2021,2380.0,80197.0,가솔린,오토,ORIGINAL,일반,2025-03-20 01:24:18.000 +09,경기,차사인모터스,316러2702,1,0,1,140.024,0.0,0,0,
38894333,현대,쏘나타 뉴 라이즈,2.0 스마트 스페셜,,201901.0,2019,1730.0,39775.0,가솔린,오토,ORIGINAL,일반,2025-03-20 01:24:18.000 +09,경기,차사인모터스,41러6902,0,2,2,0.0,177.7038,0,0,
39031480,현대,쏘나타 뉴 라이즈,LPI 스타일,,201708.0,2018,750.0,184244.0,LPG(일반인 구입),오토,ORIGINAL,일반,2025-03-20 01:22:47.000 +09,광주,하나상사,322오8645,0,2,3,0.0,86.6087,2,0,
39199864,현대,쏘나타 (DN8),2.0,프리미엄 패밀리,202007.0,2021,1999.0,46058.0,가솔린,오토,ORIGINAL,일반,2025-03-20 01:21:03.000 +09,인천,레드모터스,223저6085,0,1,0,0.0,61.153,0,0,
39089203,현대,쏘나타 뉴 라이즈,2.0 스마트 스페셜,,201804.0,2019,1640.0,56298.0,가솔린,오토,ORIGINAL,일반,2025-03-20 01:19:02.000 +09,서울,(주)브이아이피카,28보3247,1,1,1,46.4549,46.1,0,0,
38892487,현대,쏘나타 더 브릴리언트,CVVL 스마트,,201302.0,2013,650.0,85923.0,가솔린,오토,ORIGINAL,일반,2025-03-20 01:17:02.000 +09,경기,차주름 자동차매매상사,18라8199,1,2,9,111.287,413.726,0,0,
39148618,현대,쏘나타 하이브리드 (DN8),인스퍼레이션,,202111.0,2022,2680.0,25409.0,가솔린+전기,오토,ORIGINAL,일반,2025-03-20 01:15:02.000 +09,서울,(주)에스지모터스,329마9739,0,0,3,0.0,0.0,1,0,
38580523,현대,쏘나타 뉴 라이즈,LPI 스타일,,201704.0,2018,990.0,108648.0,LPG(일반인 구입),오토,ORIGINAL,일반,2025-03-20 01:11:02.000 +09,경기,명문자동차,163머7305,2,1,3,118.5443,22.1268,1,0,
39025604,현대,쏘나타 디 엣지(DN8),1.6 터보,인스퍼레이션,202305.0,2024,3190.0,20096.0,가솔린,오토,ORIGINAL,일반,2025-03-20 01:09:02.000 +09,경기,명문자동차,160우7151,2,1,1,178.7459,0.0,0,0,
38809395,현대,쏘나타 (DN8),2.0 LPG,모던,202002.0,2020,1990.0,26635.0,LPG(일반인 구입),오토,ORIGINAL,일반,2025-03-20 01:09:02.000 +09,경기,명문자동차,239저6015,5,1,2,444.3205,31.89,0,0,
39041047,현대,쏘나타 (DN8),2.0 LPG(렌터카용),스마트,202012.0,2021,1420.0,117340.0,LPG(일반인 구입),오토,ORIGINAL,일반,2025-03-20 01:06:38.000 +09,광주,오토일일사,239무2905,1,0,1,88.2919,0.0,1,0,
36290760,현대,쏘나타 (DN8),2.0,프리미엄 패밀리,202001.0,2020,1650.0,90043.0,가솔린,오토,ORIGINAL,일반,2025-03-20 01:06:37.000 +09,광주,오토일일사,122나9448,3,1,1,267.7129,40.8239,1,0,
39199697,현대,YF 쏘나타,LPI 럭셔리,,201105.0,2011,399.0,95458.0,LPG(일반인 구입),오토,ORIGINAL,일반,2025-03-20 01:06:33.000 +09,경기,오토프라임,51러6871,4,1,1,693.359,291.0352,0,0,
37348679,현대,LF 쏘나타,LPI 프리미엄,,201609.0,2017,750.0,108100.0,LPG(일반인 구입),오토,ORIGINAL,일반,2025-03-20 01:05:21.000 +09,충남,JOY 모터스권갑순,64더0383,8,7,1,1416.89,2778.1059,0,0,
39270061,현대,YF 쏘나타,LPI 럭셔리,,200911.0,2010,270.0,174000.0,LPG(일반인 구입),오토,ORIGINAL,일반,2025-03-20 01:05:20.000 +09,충남,JOY 모터스권갑순,37러6077,3,0,3,280.753,0.0,1,0,
39098774,현대,쏘나타 디 엣지(DN8),2.0,프리미엄,202412.0,2025,2750.0,1148.0,가솔린,오토,ORIGINAL,일반,2025-03-20 01:05:02.000 +09,서울,(주) 비전모터스,254소4274,0,0,1,0.0,0.0,0,0,
39242914,현대,쏘나타 (DN8),2.0,프리미엄 패밀리,201907.0,2020,2000.0,41653.0,가솔린,오토,ORIGINAL,일반,2025-03-20 01:05:02.000 +09,서울,(주) 비전모터스,01모1354,3,0,2,205.6969,0.0,0,0,
38918478,현대,LF 쏘나타,2.0 스마트,(세부등급 없음),201504.0,2015,1120.0,91802.0,가솔린,오토,ORIGINAL,일반,2025-03-20 01:03:04.000 +09,대구,준모터스,11저7560,2,0,3,78.0561,0.0,0,0,
38831845,현대,LF 쏘나타,LPI 프리미엄 스페셜,,201405.0,2015,1090.0,104345.0,LPG(일반인 구입),오토,ORIGINAL,일반,2025-03-20 01:02:02.000 +09,대구,준모터스,41보9004,6,2,1,457.702,139.026,0,0,
39231156,현대,YF 쏘나타,Y20 프라임,최고급형,201002.0,2010,730.0,21070.0,가솔린,오토,ORIGINAL,일반,2025-03-20 01:00:21.000 +09,서울,주) 트리에이치오토,69로6151,1,0,1,35.74,0.0,0,0,
38622998,현대,쏘나타 (DN8),2.0 LPG(렌터카용),스마트,201910.0,2020,1560.0,106163.0,LPG(일반인 구입),오토,ORIGINAL,일반,2025-03-20 00:55:33.000 +09,경기,(주)왕카,152로1165,1,0,1,28.2764,0.0,1,0,
38965825,현대,쏘나타 (DN8),2.0 LPG(렌터카용),스마트,202012.0,2021,9999.0,27609.0,LPG(일반인 구입),오토,ORIGINAL,일반,2025-03-20 00:55:31.000 +09,경기,(주)왕카,265루5283,0,0,1,0.0,0.0,1,0,
38211530,현대,쏘나타 디 엣지(DN8),2.0 LPG,익스클루시브,202401.0,2024,2970.0,10096.0,LPG(일반인 구입),오토,ORIGINAL,일반,2025-03-20 00:55:02.000 +09,경남,정민모터스,188다8332,0,0,1,0.0,0.0,0,0,
39000204,현대,쏘나타 (DN8),2.0 LPG,인스퍼레이션,201906.0,2020,2390.0,33696.0,LPG(일반인 구입),오토,ORIGINAL,일반,2025-03-20 00:50:02.000 +09,경기,주식회사 유로모터스,207오5659,3,0,2,84.3074,0.0,1,0,
39057803,현대,LF 쏘나타,LPI 택시형,스타일,201809.0,2019,850.0,132071.0,LPG(일반인 구입),오토,ORIGINAL,일반,2025-03-20 00:46:37.000 +09,전북,선모터스,109두7174,1,0,3,195.903,0.0,1,0,
38322178,현대,LF 쏘나타,2.0 스마트,(세부등급 없음),201406.0,2015,9999.0,86958.0,가솔린,오토,ORIGINAL,일반,2025-03-20 00:43:25.000 +09,전북,차차,20마9127,5,3,0,381.5732,291.0755,0,0,
38816561,현대,쏘나타 하이브리드 (DN8),프리미엄 플러스,,202106.0,2022,2020.0,73363.0,가솔린+전기,오토,ORIGINAL,일반,2025-03-20 00:42:10.000 +09,서울,롯데렌탈주식회사,153더1521,1,1,0,48.7433,183.86,1,0,
39040200,현대,쏘나타 디 엣지(DN8),2.0,인스퍼레이션,202309.0,2024,2899.0,1431.0,가솔린,오토,ORIGINAL,일반,2025-03-20 00:41:39.000 +09,경기,프렌즈카,225로1032,1,0,1,246.3,0.0,0,0,
39098882,현대,쏘나타 더 브릴리언트,CVVL 스타일,,201207.0,2013,490.0,141390.0,가솔린,오토,ORIGINAL,일반,2025-03-20 00:39:02.000 +09,대구,황금모터스,69우7439,3,4,4,219.6008,177.6147,0,0,
39058294,현대,LF 쏘나타,2.0 스마트,(세부등급 없음),201404.0,2015,770.0,122589.0,가솔린,오토,ORIGINAL,일반,2025-03-20 00:38:29.000 +09,대구,합천모터스,58모9058,3,1,2,520.6793,95.5591,0,0,
39142576,현대,쏘나타 (DN8),2.0 LPG(렌터카용),스타일,201912.0,2020,1189.0,90410.0,LPG(일반인 구입),오토,ORIGINAL,일반,2025-03-20 00:38:03.000 +09,경기,(주)빅보스모터스,291나4559,1,0,1,339.9064,0.0,1,0,
39163636,현대,쏘나타 (DN8),2.0 LPG(렌터카용),스타일,202002.0,2020,1439.0,74551.0,LPG(일반인 구입),오토,ORIGINAL,일반,2025-03-20 00:38:03.000 +09,경기,(주)빅보스모터스,265로9378,0,0,1,0.0,0.0,1,0,
39183443,현대,쏘나타 (DN8),2.0 LPG(렌터카용),스타일,202102.0,2021,1489.0,86255.0,LPG(일반인 구입),오토,ORIGINAL,일반,2025-03-20 00:38:03.000 +09,경기,(주)빅보스모터스,291나4570,0,0,1,0.0,0.0,1,0,
38824859,현대,LF 쏘나타,2.0 케어플러스,,201706.0,2017,970.0,167000.0,가솔린,오토,ORIGINAL,일반,2025-03-20 00:38:03.000 +09,전북,하나모터스,21부6653,2,1,1,192.4329,238.5,0,0,
38811775,현대,LF 쏘나타,LPI 스마트,,201507.0,2015,549.0,164592.0,LPG(일반인 구입),오토,ORIGINAL,일반,2025-03-20 00:38:03.000 +09,경기,(주)빅보스모터스,303두4651,3,0,4,107.0432,0.0,1,0,
38843929,현대,쏘나타 (DN8),2.0 LPG(렌터카용),스타일,202012.0,2021,1539.0,63644.0,LPG(일반인 구입),오토,ORIGINAL,일반,2025-03-20 00:38:03.000 +09,경기,(주)빅보스모터스,129나7885,1,0,1,39.8619,0.0,1,0,
38754077,현대,LF 쏘나타,2.0 케어플러스,,201703.0,2017,1020.0,91000.0,가솔린,오토,ORIGINAL,일반,2025-03-20 00:38:03.000 +09,전북,하나모터스,36라6252,4,0,3,497.215,0.0,0,0,
38843901,현대,쏘나타 (DN8),2.0 LPG(렌터카용),스타일,202003.0,2020,1389.0,92148.0,LPG(일반인 구입),오토,ORIGINAL,일반,2025-03-20 00:38:03.000 +09,경기,(주)빅보스모터스,129나7842,3,0,1,147.1863,0.0,1,0,
38390734,현대,쏘나타 (DN8),2.0 LPG(렌터카용),스마트,202203.0,2022,1689.0,52894.0,LPG(일반인 구입),오토,ORIGINAL,일반,2025-03-20 00:38:03.000 +09,경기,(주)빅보스모터스,292모2277,0,0,1,0.0,0.0,1,0,
39030496,현대,YF 쏘나타,Y20 프리미어,고급형,200909.0,2010,520.0,96518.0,가솔린,오토,ORIGINAL,일반,2025-03-20 00:37:59.000 +09,전북,카카오토샵,12보1775,5,3,0,219.5929,137.0899,0,0,
36393954,현대,LF 쏘나타 하이브리드,2.0 HEV,모던,201603.0,2016,1100.0,106066.0,가솔린+전기,오토,ORIGINAL,일반,2025-03-20 00:37:59.000 +09,전북,카카오토샵,12오0968,5,1,0,294.8344,28.214,0,0,
39237902,현대,쏘나타 더 브릴리언트,LPI 모던(장애인용),,201209.0,2013,680.0,148504.0,LPG(일반인 구입),오토,ORIGINAL,일반,2025-03-20 00:37:02.000 +09,광주,(주)케이에스상사,34서6166,2,1,7,252.9222,120.1409,0,0,
38116533,현대,쏘나타 디 엣지 하이브리드(DN8),프리미엄,,202401.0,2024,2875.0,15565.0,가솔린+전기,오토,ORIGINAL,일반,2025-03-20 00:35:44.000 +09,부산,(주)동남모터스상사,167구2319,0,0,1,0.0,0.0,0,0,
38690289,현대,LF 쏘나타,2.0 스타일,스페셜,201609.0,2017,985.0,114953.0,가솔린,오토,ORIGINAL,일반,2025-03-20 00:35:43.000 +09,부산,(주)동남모터스상사,386소5784,0,0,5,0.0,0.0,2,0,
39183107,현대,쏘나타 하이브리드,2.0,모던,201309.0,2014,490.0,175822.0,가솔린+전기,오토,ORIGINAL,일반,2025-03-20 00:34:38.000 +09,경기,퍼스트다이렉트안산점,36누9217,5,1,1,306.9957,171.3,0,0,
39221354,현대,쏘나타 하이브리드,2.0,스마트,201306.0,2014,800.0,80776.0,가솔린+전기,오토,ORIGINAL,일반,2025-03-20 00:34:28.000 +09,울산,에스다이렉트카231,50소8501,1,0,1,60.428,0.0,0,0,
39221332,현대,YF 쏘나타,LPI 프리미어(장애인용),,201109.0,2012,490.0,107770.0,LPG(일반인 구입),오토,ORIGINAL,일반,2025-03-20 00:34:28.000 +09,울산,에스다이렉트카231,63무7286,1,2,2,39.957,130.188,0,0,
38116210,현대,쏘나타 더 브릴리언트,LPI 스마트,,201303.0,2013,590.0,110188.0,LPG(일반인 구입),오토,ORIGINAL,일반,2025-03-20 00:34:28.000 +09,울산,에스다이렉트카231,31버3347,0,1,2,0.0,114.7931,0,0,
39126690,현대,쏘나타 뉴 라이즈,LPI 스타일,,201803.0,2018,890.0,119980.0,LPG(일반인 구입),오토,ORIGINAL,일반,2025-03-20 00:33:02.000 +09,대전,(주)노마진모터스,365노4295,1,0,2,87.5256,0.0,1,0,
38892728,현대,쏘나타 뉴 라이즈,2.0 모던,,201801.0,2018,1090.0,159869.0,가솔린,오토,ORIGINAL,일반,2025-03-20 00:32:23.000 +09,전북,뉴소나무상사,301어4725,2,1,3,191.2258,33.61,2,0,
38426481,현대,쏘나타 뉴 라이즈 하이브리드,프리미엄,(세부등급 없음),201706.0,2018,1490.0,86860.0,가솔린+전기,오토,ORIGINAL,일반,2025-03-20 00:32:02.000 +09,경기,(주) 카체인지,08마2439,4,2,3,790.8385,200.932,0,0,
39168538,현대,쏘나타 뉴 라이즈,2.0 스마트 초이스,,201811.0,2019,1590.0,39102.0,가솔린,오토,ORIGINAL,일반,2025-03-20 00:32:02.000 +09,서울,(주)마이원카,31오7946,0,0,0,0.0,0.0,0,0,
39209031,현대,쏘나타 (DN8),2.0,프리미엄 패밀리,201906.0,2020,1840.0,47900.0,가솔린,오토,ORIGINAL,일반,2025-03-20 00:31:47.000 +09,인천,스카이모터스,355루1768,1,1,5,123.1248,247.998,1,0,
38243802,현대,LF 쏘나타,LPI 택시형,스타일,201510.0,2016,399.0,251000.0,LPG(일반인 구입),오토,ORIGINAL,일반,2025-03-20 00:28:34.000 +09,대구,미래모터스,252서4369,1,0,2,95.916,0.0,1,0,
38812697,현대,YF 쏘나타,Y20 로얄,,201007.0,2011,349.0,124000.0,가솔린,오토,ORIGINAL,일반,2025-03-20 00:28:34.000 +09,대구,미래모터스,54모5846,3,0,1,486.6664,0.0,0,0,
39143615,현대,YF 쏘나타,LPI 프리미어(장애인용),,200910.0,2010,369.0,136000.0,LPG(일반인 구입),오토,ORIGINAL,일반,2025-03-20 00:28:34.000 +09,대구,미래모터스,38우4072,0,0,4,0.0,0.0,0,0,
39168885,현대,쏘나타 하이브리드 (DN8),프리미엄 플러스,,202111.0,2022,9999.0,166147.0,가솔린+전기,오토,ORIGINAL,일반,2025-03-20 00:28:27.000 +09,경기,오토프라임,287누5877,1,0,1,74.3897,0.0,0,0,
38635040,현대,쏘나타 디 엣지(DN8),1.6 터보,N Line,202405.0,2024,3660.0,9766.0,가솔린,오토,ORIGINAL,일반,2025-03-20 00:28:27.000 +09,경기,오토프라임,334어7997,0,0,1,0.0,0.0,0,0,
39252861,현대,쏘나타 하이브리드,2.0,로열,201204.0,2012,660.0,75906.0,가솔린+전기,오토,ORIGINAL,일반,2025-03-20 00:28:27.000 +09,경기,오토프라임,30루5744,3,2,1,302.1717,84.3943,0,0,
38034526,현대,LF 쏘나타,2.0 프리미엄,(세부등급 없음),201504.0,2015,1450.0,55711.0,가솔린,오토,ORIGINAL,일반,2025-03-20 00:28:02.000 +09,서울,그린모터스,57오1203,1,0,2,101.2498,0.0,0,0,
38935007,현대,쏘나타 디 엣지(DN8),2.0,인스퍼레이션,202404.0,2024,3050.0,17542.0,가솔린,오토,ORIGINAL,일반,2025-03-20 00:28:02.000 +09,서울,(주)한길UCS,192수6635,0,0,1,0.0,0.0,0,0,
39122277,현대,쏘나타 뉴 라이즈,LPI 프리미엄,,201708.0,2018,1630.0,80028.0,LPG(일반인 구입),오토,ORIGINAL,일반,2025-03-20 00:27:02.000 +09,서울,화영자동차,65우3610,0,0,1,0.0,0.0,0,0,
39190934,현대,LF 쏘나타,2.0 스마트,(세부등급 없음),201606.0,2017,1070.0,93207.0,가솔린,오토,ORIGINAL,일반,2025-03-20 00:27:02.000 +09,경기,(주)예스카,52구7065,1,1,3,64.477,25.3018,1,0,
38938696,현대,쏘나타 (DN8),2.0,프리미엄,202001.0,2020,1780.0,42926.0,가솔린,오토,ORIGINAL,일반,2025-03-20 00:23:24.000 +09,부산,스마트 모터스,354조1091,1,0,1,194.109,0.0,0,0,
38986182,현대,LF 쏘나타,2.0 스마트,(세부등급 없음),201609.0,2016,1019.0,114553.0,가솔린,오토,ORIGINAL,일반,2025-03-20 00:22:22.000 +09,충남,고려자동차매매상사,62더0186,2,1,4,195.3441,27.1469,0,0,
38507676,현대,LF 쏘나타,2.0 프리미엄,(세부등급 없음),201408.0,2015,1370.0,65494.0,가솔린,오토,ORIGINAL,일반,2025-03-20 00:22:02.000 +09,서울,그린모터스,17누6020,4,1,1,300.918,194.9869,0,0,
39192660,현대,LF 쏘나타 하이브리드,2.0 HEV,모던,201612.0,2017,1380.0,81891.0,가솔린+전기,오토,ORIGINAL,일반,2025-03-20 00:22:02.000 +09,서울,그린모터스,43로0250,1,0,2,44.8446,0.0,0,0,
38930002,현대,쏘나타 더 브릴리언트,CVVL 스마트,,201212.0,2013,490.0,141425.0,가솔린,오토,ORIGINAL,일반,2025-03-20 00:21:35.000 +09,대구,대구모터스,45러9598,3,3,4,271.0187,215.9547,0,0,
39241917,현대,LF 쏘나타,LPI 스마트,,201512.0,2016,690.0,183000.0,LPG(일반인 구입),오토,ORIGINAL,일반,2025-03-20 00:21:08.000 +09,경기,의정부중고차,370머3199,0,4,1,0.0,368.5841,1,0,
38895434,현대,쏘나타 하이브리드 (DN8),프리미엄 플러스,,202112.0,2022,2370.0,53673.0,가솔린+전기,오토,ORIGINAL,일반,2025-03-20 00:19:02.000 +09,서울,화영자동차,332라6943,1,1,3,77.7077,24.972,0,0,
39248302,현대,LF 쏘나타,2.0 스마트,(세부등급 없음),201506.0,2015,888.0,140207.0,가솔린,오토,ORIGINAL,일반,2025-03-20 00:17:20.000 +09,부산,(주)뉴드림모터스,21노2947,1,2,3,99.646,211.112,1,0,
38859385,현대,쏘나타 (DN8),1.6 터보,인스퍼레이션,201910.0,2020,2080.0,81415.0,가솔린,오토,ORIGINAL,일반,2025-03-20 00:14:53.000 +09,경기,(주)우리들모터스,184무8017,5,1,5,513.128,93.1199,1,0,
37254556,현대,쏘나타 (DN8),2.0 LPG(렌터카용),스마트,202007.0,2020,1370.0,62842.0,LPG(일반인 구입),오토,ORIGINAL,일반,2025-03-20 00:13:02.000 +09,경기,세이프카,152라2949,3,4,1,788.627,767.31,1,0,
38837456,현대,LF 쏘나타,2.0 프리미엄,스페셜,201511.0,2016,900.0,156514.0,가솔린,오토,ORIGINAL,일반,2025-03-20 00:13:02.000 +09,인천,(주)모터바겐,16수0509,1,0,2,88.82,0.0,0,0,
39134577,현대,쏘나타 더 브릴리언트,CVVL 모던,,201301.0,2013,500.0,161687.0,가솔린,오토,ORIGINAL,일반,2025-03-20 00:13:02.000 +09,인천,(주)모터바겐,55고9951,3,0,2,126.8976,0.0,0,0,
38581807,현대,쏘나타 (DN8),2.0 LPG(렌터카용),스타일,202105.0,2022,1490.0,63622.0,LPG(일반인 구입),오토,ORIGINAL,일반,2025-03-20 00:11:27.000 +09,부산,(주)아라모터스,177라7010,0,0,2,0.0,0.0,1,0,
39222844,현대,YF 쏘나타,Y20 프라임,(세부등급 없음),201204.0,2012,399.0,132397.0,가솔린,오토,ORIGINAL,일반,2025-03-20 00:11:16.000 +09,부산,동남모터스,48소0509,1,1,2,50.0526,293.3,1,0,
39110519,현대,LF 쏘나타,2.0 프리미엄,(세부등급 없음),201507.0,2015,1050.0,77472.0,가솔린,오토,ORIGINAL,일반,2025-03-20 00:11:03.000 +09,경기,찐모터스,50머4996,1,0,2,371.1384,0.0,0,0,
38967331,현대,쏘나타 (DN8),2.0,인스퍼레이션,202005.0,2020,2060.0,78965.0,가솔린,오토,ORIGINAL,일반,2025-03-20 00:11:03.000 +09,경기,찐모터스,329조4207,4,3,1,724.8377,424.219,0,0,
39108745,현대,쏘나타 디 엣지 하이브리드(DN8),인스퍼레이션,,202312.0,2024,3490.0,32165.0,가솔린+전기,오토,ORIGINAL,일반,2025-03-20 00:11:03.000 +09,경기,찐모터스,244누9812,0,0,0,0.0,0.0,0,0,
38184969,현대,LF 쏘나타,2.0 스마트,(세부등급 없음),201601.0,2016,1350.0,50658.0,가솔린,오토,ORIGINAL,일반,2025-03-20 00:10:33.000 +09,울산,신한모터스,57서0787,1,1,1,168.0943,60.21,0,0,
39013244,현대,쏘나타 (DN8),2.0 LPG(렌터카용),스타일,202103.0,2021,1280.0,108105.0,LPG(일반인 구입),오토,ORIGINAL,일반,2025-03-20 00:09:48.000 +09,경기,세이프카,133구3037,1,0,1,219.8178,0.0,1,0,
39202245,현대,LF 쏘나타,2.0 케어플러스,,201607.0,2017,1320.0,62682.0,가솔린,오토,ORIGINAL,일반,2025-03-20 00:08:34.000 +09,경기,세종오토,25도0532,1,1,1,87.569,57.044,0,0,
39221524,현대,쏘나타 (DN8),2.0 LPG(렌터카용),스마트,202006.0,2020,1450.0,94969.0,LPG(일반인 구입),오토,ORIGINAL,일반,2025-03-20 00:07:20.000 +09,경기,카플러스,368너6890,0,0,2,0.0,0.0,1,0,
39262480,현대,쏘나타 하이브리드 (DN8),스마트,,202011.0,2021,1559.0,74677.0,가솔린+전기,오토,ORIGINAL,일반,2025-03-20 00:07:02.000 +09,경기,카오션,145호8583,2,3,0,396.235,347.7235,0,0,
39262494,현대,쏘나타 (DN8),2.0,스마트,202009.0,2021,1399.0,43147.0,가솔린,오토,ORIGINAL,일반,2025-03-20 00:06:07.000 +09,경기,카오션,145허8622,1,0,0,224.7878,0.0,0,0,
39089035,현대,LF 쏘나타,LPI 프리미엄,,201410.0,2015,1010.0,119937.0,LPG(일반인 구입),오토,ORIGINAL,일반,2025-03-20 00:05:05.000 +09,대구,K오토모빌,50어9613,0,0,3,0.0,0.0,0,0,
38578444,현대,YF 쏘나타,LPI 프리미어,,201006.0,2010,590.0,87055.0,LPG(일반인 구입),오토,ORIGINAL,일반,2025-03-20 00:05:03.000 +09,경기,(주)건우모터스,40너7922,2,1,2,171.159,31.599,0,0,
38437917,현대,LF 쏘나타 하이브리드,2.0 HEV,모던,201504.0,2015,1099.0,129258.0,가솔린+전기,오토,ORIGINAL,일반,2025-03-20 00:05:03.000 +09,경기,(주)건우모터스,15도5959,0,0,0,0.0,0.0,0,0,
39181791,현대,쏘나타 (DN8),2.0,프리미엄,201911.0,2020,1590.0,78434.0,가솔린,오토,ORIGINAL,일반,2025-03-20 00:05:03.000 +09,대구,두리모터스,103다2588,1,0,1,69.7889,0.0,1,0,
38987327,현대,쏘나타 하이브리드 (DN8),스마트,,202006.0,2020,1599.0,71034.0,가솔린+전기,오토,ORIGINAL,일반,2025-03-20 00:05:03.000 +09,경기,카오션,232더3284,1,2,1,40.4834,195.2877,1,0,
38223284,현대,쏘나타 하이브리드 (DN8),인스퍼레이션,,202112.0,2022,2709.0,42838.0,가솔린+전기,오토,ORIGINAL,일반,2025-03-20 00:04:22.000 +09,광주,(주)거성모터스,229도2443,0,0,1,0.0,0.0,1,0,
39250872,현대,쏘나타 (DN8),2.0 LPG,인스퍼레이션,202112.0,2022,2489.0,31952.0,LPG(일반인 구입),오토,ORIGINAL,일반,2025-03-20 00:04:22.000 +09,광주,(주)거성모터스,357가4048,0,0,1,0.0,0.0,0,0,
39261681,현대,쏘나타 (DN8),1.6 터보,프리미엄 패밀리,201911.0,2020,1699.0,83441.0,가솔린,오토,ORIGINAL,일반,2025-03-20 00:04:03.000 +09,경기,카오션,145호7573,5,0,0,325.4211,0.0,0,0,
39232764,현대,쏘나타 더 브릴리언트,LPI 스마트,,201310.0,2014,449.0,187312.0,LPG(일반인 구입),오토,ORIGINAL,일반,2025-03-20 00:04:01.000 +09,경기,(주)성진모터스,30우2459,5,3,3,415.987,220.0042,0,0,
38568013,현대,쏘나타 디 엣지(DN8),1.6 터보,익스클루시브,202305.0,2024,2830.0,17223.0,가솔린,오토,ORIGINAL,일반,2025-03-20 00:02:40.000 +09,광주,주식회사 거성모터스,231수3297,1,0,1,66.7916,0.0,1,0,
38313130,현대,쏘나타 (DN8),1.6 터보,프리미엄 패밀리,202004.0,2020,1810.0,53167.0,가솔린,오토,ORIGINAL,일반,2025-03-20 00:02:02.000 +09,경기,(주)영모터스,197저2954,1,1,1,36.2899,98.0045,1,0,
39180135,현대,LF 쏘나타 하이브리드,2.0 HEV,프리미엄,201610.0,2017,1519.0,61341.0,가솔린+전기,오토,ORIGINAL,일반,2025-03-20 00:01:10.000 +09,경기,다원오토,08수0167,1,2,1,87.096,168.5659,0,0,
38466918,현대,LF 쏘나타 하이브리드,2.0 HEV,모던,201508.0,2015,1370.0,76706.0,가솔린+전기,오토,ORIGINAL,일반,2025-03-20 00:01:10.000 +09,서울,(주)나우모터스,16나0703,2,0,3,153.0218,0.0,0,0,
38398503,현대,LF 쏘나타,2.0 터보 익스클루시브,,201508.0,2016,1290.0,115638.0,가솔린,오토,ORIGINAL,일반,2025-03-20 00:00:56.000 +09,전북,카몬,64머5014,2,2,6,131.2794,133.573,0,0,
38680490,현대,뉴 EF 쏘나타,2.0 GVS,고급형,200406.0,2004,220.0,44945.0,가솔린,오토,ORIGINAL,일반,2025-03-20 00:00:22.000 +09,서울,주식회사 산돌이엔씨,21라8121,1,1,2,86.099,103.3742,0,0,
39153385,현대,쏘나타 뉴 라이즈,LPI 스타일,,201709.0,2018,1420.0,51358.0,LPG(일반인 구입),오토,ORIGINAL,일반,2025-03-20 00:00:19.000 +09,대구,에이스모터스,56주3243,0,0,1,0.0,0.0,0,0,
36358666,현대,LF 쏘나타,2.0 스마트,(세부등급 없음),201404.0,2015,879.0,160196.0,가솔린,오토,ORIGINAL,일반,2025-03-20 00:00:03.000 +09,대구,SK모터스,45더5407,0,2,5,0.0,59.3,0,0,
39194879,현대,쏘나타 (DN8),2.0 LPG,스마트,201906.0,2020,9990.0,85056.0,LPG(일반인 구입),오토,ORIGINAL,일반,2025-03-19 23:59:19.000 +09,경기,(주)오토리카,34보3798,2,0,0,152.732,0.0,0,0,
38650318,현대,LF 쏘나타 하이브리드,2.0 HEV,모던,201508.0,2016,950.0,156672.0,가솔린+전기,오토,ORIGINAL,일반,2025-03-19 23:59:17.000 +09,충북,jc모터스,46누0735,2,0,1,132.1799,0.0,0,0,
38247675,현대,쏘나타 (DN8),2.0,모던,202108.0,2022,1530.0,83892.0,가솔린,오토,ORIGINAL,일반,2025-03-19 23:59:15.000 +09,서울,(주)스핀모터스,259거1581,2,0,2,107.6754,0.0,1,0,
39067019,현대,LF 쏘나타,LPI 프리미엄,,201602.0,2016,690.0,137153.0,LPG(일반인 구입),오토,ORIGINAL,일반,2025-03-19 23:59:15.000 +09,경기,타이거 오토몰,39저0507,9,9,5,1591.9161,1117.8359,0,0,
38908965,현대,LF 쏘나타,2.0 프리미엄,(세부등급 없음),201404.0,2015,880.0,142281.0,가솔린,오토,ORIGINAL,일반,2025-03-19 23:59:15.000 +09,대구,아이엠모터스,16누3179,9,2,4,1740.4109,123.0302,0,0,
38519947,현대,쏘나타 하이브리드 (DN8),인스퍼레이션,,202108.0,2022,2030.0,98497.0,가솔린+전기,오토,ORIGINAL,일반,2025-03-19 23:59:15.000 +09,경기,드림 모터스,134수8911,4,2,2,566.1089,326.5993,0,0,
38939602,현대,LF 쏘나타,LPI 스마트,,201510.0,2016,555.0,176215.0,LPG(일반인 구입),오토,ORIGINAL,일반,2025-03-19 23:59:14.000 +09,대구,JunThemote,17소4164,1,1,4,53.2428,69.676,1,0,
38599688,현대,쏘나타 (DN8),1.6 터보,프리미엄 플러스,202206.0,2022,2499.0,38499.0,가솔린,오토,ORIGINAL,일반,2025-03-19 23:59:14.000 +09,광주,로또자동차,107로4260,0,0,0,0.0,0.0,0,0,
38867934,현대,쏘나타 뉴 라이즈,LPI 스타일,,201712.0,2018,1080.0,107820.0,LPG(일반인 구입),오토,ORIGINAL,일반,2025-03-19 23:59:14.000 +09,광주,로또자동차,228저2054,4,0,1,224.8534,0.0,1,0,
38795706,현대,쏘나타 디 엣지(DN8),1.6 터보,익스클루시브,202306.0,2024,2920.0,22001.0,가솔린,오토,ORIGINAL,일반,2025-03-19 23:59:14.000 +09,경기,(주)에스비즈,200누6057,0,1,0,0.0,25.0199,0,0,
39080370,현대,쏘나타 더 브릴리언트,LPI 프리미엄,,201309.0,2014,729.0,52448.0,LPG(일반인 구입),오토,ORIGINAL,일반,2025-03-19 23:59:14.000 +09,충남,CAR유모터스,48누5276,2,0,4,120.538,0.0,0,0,
38415174,현대,LF 쏘나타,2.0 스마트,(세부등급 없음),201610.0,2017,1120.0,29129.0,가솔린,오토,ORIGINAL,일반,2025-03-19 23:59:06.000 +09,서울,(주)조은오토,53두0313,2,1,1,737.4317,560.0,0,0,
39158054,현대,쏘나타 (DN8),2.0,프리미엄 패밀리,201905.0,2020,1690.0,64391.0,가솔린,오토,ORIGINAL,일반,2025-03-19 23:59:06.000 +09,서울,(주)새롬모터스,17머5133,3,2,3,298.1698,106.0626,0,0,
38631842,현대,LF 쏘나타,2.0 케어플러스,,201704.0,2017,1350.0,49549.0,가솔린,오토,ORIGINAL,일반,2025-03-19 23:59:06.000 +09,서울,(주)브이아이피카,39저5890,1,0,2,56.609,0.0,0,0,
39051911,현대,쏘나타 (DN8),2.0,프리미엄 패밀리,202103.0,2021,2260.0,12979.0,가솔린,오토,ORIGINAL,일반,2025-03-19 23:59:06.000 +09,서울,(주)자동차친구,378루3353,1,2,1,54.9387,168.681,0,0,
39103391,현대,쏘나타 하이브리드 (DN8),인스퍼레이션,,202203.0,2022,2499.0,21626.0,가솔린+전기,오토,ORIGINAL,일반,2025-03-19 23:59:06.000 +09,경기,(주)무한모터스,251마5180,2,1,1,124.8374,60.45,1,0,
39205275,현대,쏘나타 (DN8),2.0 LPG,프리미엄 플러스,202203.0,2022,1690.0,140422.0,LPG(일반인 구입),오토,ORIGINAL,일반,2025-03-19 23:59:06.000 +09,부산,보석모터스,299수8050,3,0,1,309.8978,0.0,0,0,
39258881,현대,LF 쏘나타,2.0 스타일,(세부등급 없음),201504.0,2015,850.0,132090.0,가솔린,오토,ORIGINAL,일반,2025-03-19 23:59:05.000 +09,충남,태양모터스,145로9212,0,1,3,0.0,16.916,1,0,
39260184,현대,LF 쏘나타,LPI 스마트,,201407.0,2015,430.0,252560.0,LPG(일반인 구입),오토,ORIGINAL,일반,2025-03-19 23:59:05.000 +09,광주,드림카마켓,115어6587,7,2,7,782.6865,69.836,1,0,
39260825,현대,쏘나타 (DN8),2.0,인스퍼레이션,201905.0,2020,1520.0,146859.0,가솔린,오토,ORIGINAL,일반,2025-03-19 23:59:05.000 +09,경기,청춘카,52라2955,3,2,0,422.0328,187.993,0,0,
39226985,현대,LF 쏘나타,2.0 프리미엄,(세부등급 없음),201406.0,2015,1030.0,169922.0,가솔린,오토,ORIGINAL,일반,2025-03-19 23:59:05.000 +09,서울,주식회사 오톰,31조2965,1,2,1,30.807,73.0758,0,0,
38231170,현대,LF 쏘나타,LPI 프리미엄 스페셜,,201410.0,2015,1350.0,37866.0,LPG(일반인 구입),오토,ORIGINAL,일반,2025-03-19 23:59:05.000 +09,대구,에스오토,11다8612,0,0,1,0.0,0.0,0,0,
38066050,현대,쏘나타 하이브리드,2.0,프리미엄,201306.0,2014,630.0,131948.0,가솔린+전기,오토,ORIGINAL,일반,2025-03-19 23:59:05.000 +09,부산,창진모터스,56로4500,5,5,2,692.9316,254.7785,0,0,
39208755,현대,LF 쏘나타,2.0 프리미엄,(세부등급 없음),201412.0,2015,819.0,157007.0,가솔린,오토,ORIGINAL,일반,2025-03-19 23:59:05.000 +09,인천,모터스퀘어,49루1532,4,3,2,476.6591,370.477,2,0,
39197504,현대,쏘나타 뉴 라이즈,LPI 택시형,모던,201706.0,2018,650.0,239665.0,LPG(일반인 구입),오토,ORIGINAL,일반,2025-03-19 23:59:05.000 +09,서울,서울 오토벨,115조6149,1,0,2,67.466,0.0,1,0,
38802533,현대,LF 쏘나타,LPI 스마트,,201605.0,2017,750.0,159449.0,LPG(일반인 구입),오토,ORIGINAL,일반,2025-03-19 23:59:05.000 +09,경북,부릉부릉닷컴(주),16오0683,6,4,3,770.5588,402.188,0,0,
39039108,현대,쏘나타 (DN8),2.0,프리미엄,201906.0,2020,1690.0,61606.0,가솔린,오토,ORIGINAL,일반,2025-03-19 23:59:05.000 +09,인천,주식회사 시우자동차3,51도6390,3,0,1,340.9801,0.0,0,0,
39026465,현대,LF 쏘나타,2.0 스마트,스페셜,201601.0,2016,1400.0,63376.0,가솔린,오토,ORIGINAL,일반,2025-03-19 23:59:05.000 +09,서울,(주)라인자동차,54버0806,2,1,1,112.6638,45.3533,0,0,
38900387,현대,쏘나타 (DN8),2.0 LPG(렌터카용),스마트,201912.0,2020,1490.0,89404.0,LPG(일반인 구입),오토,ORIGINAL,일반,2025-03-19 23:59:05.000 +09,인천,코카스모터스,247주2532,1,1,1,289.2072,50.5254,1,0,
39031941,현대,LF 쏘나타,2.0 스마트,(세부등급 없음),201412.0,2015,1040.0,91958.0,가솔린,오토,ORIGINAL,일반,2025-03-19 23:59:05.000 +09,경남,풀악셀오토,62머5190,0,0,1,0.0,0.0,0,0,
38698709,현대,쏘나타 (DN8),2.0 LPG,스마트,202003.0,2020,1440.0,102199.0,LPG(일반인 구입),오토,ORIGINAL,일반,2025-03-19 23:59:01.000 +09,경기,선한모터스,124마5193,5,1,1,921.5837,31.359,0,0,
39207947,현대,쏘나타 디 엣지(DN8),1.6 터보,프리미엄,202311.0,2024,2680.0,25463.0,가솔린,오토,ORIGINAL,일반,2025-03-19 23:58:13.000 +09,광주,에스원모터스,229누5967,1,0,1,120.307,0.0,1,0,
39167983,현대,쏘나타 하이브리드 (DN8),인스퍼레이션,,202111.0,2022,1790.0,156320.0,가솔린+전기,오토,ORIGINAL,일반,2025-03-19 23:58:13.000 +09,충남,정한자동차,126소5972,3,0,1,583.4707,0.0,0,0,
39155617,현대,LF 쏘나타 하이브리드,2.0 HEV,모던,201507.0,2016,1070.0,132704.0,가솔린+전기,오토,ORIGINAL,일반,2025-03-19 23:58:13.000 +09,충북,대성모터스,306노1022,3,2,2,254.4519,236.1511,1,0,
37125536,현대,LF 쏘나타,2.0 스타일,(세부등급 없음),201503.0,2015,850.0,92088.0,가솔린,오토,ORIGINAL,일반,2025-03-19 23:58:13.000 +09,충남,동네사람들,270주3334,1,1,3,56.123,143.199,1,0,
37911935,현대,쏘나타 뉴 라이즈,2.0 스마트,,201806.0,2018,1250.0,77317.0,가솔린,오토,ORIGINAL,일반,2025-03-19 23:58:13.000 +09,경기,중고차A팀,34너1170,2,4,1,528.4337,194.57,0,0,
38174701,현대,쏘나타 더 브릴리언트,LPI 모던(장애인용),,201302.0,2013,540.0,193470.0,LPG(일반인 구입),오토,ORIGINAL,일반,2025-03-19 23:58:13.000 +09,전북,태양모터스,24가4948,5,2,2,492.3986,76.939,0,0,
38274116,현대,쏘나타 (DN8),2.0,프리미엄 플러스,202110.0,2022,2430.0,16203.0,가솔린,오토,ORIGINAL,일반,2025-03-19 23:58:09.000 +09,대전,(주)하이카,359머6455,1,0,2,204.409,0.0,0,0,
36529173,현대,쏘나타 하이브리드 (DN8),스마트,,201910.0,2020,1550.0,53732.0,가솔린+전기,오토,ORIGINAL,일반,2025-03-19 23:58:03.000 +09,대구,참좋은자동차,203누1009,1,2,1,476.4495,328.9272,1,0,
39071865,현대,LF 쏘나타,2.0 스마트,(세부등급 없음),201601.0,2016,1080.0,159218.0,가솔린,오토,ORIGINAL,일반,2025-03-19 23:58:03.000 +09,경남,파트너스,24저0980,3,1,1,363.6435,63.921,0,0,
38656244,현대,LF 쏘나타,2.0 프리미엄,(세부등급 없음),201501.0,2015,1080.0,94344.0,가솔린,오토,ORIGINAL,일반,2025-03-19 23:58:03.000 +09,충남,(주)유카 천안지점,47부9014,2,2,1,389.7858,425.9756,0,0,
38617850,현대,YF 쏘나타,Y20 프라임,블랙,201010.0,2011,420.0,84833.0,가솔린,오토,ORIGINAL,일반,2025-03-19 23:58:03.000 +09,광주,쌍둥이모터스,57너8601,2,3,4,237.5877,482.1824,0,0,
38562196,현대,쏘나타 (DN8),2.0,프리미엄 패밀리,201904.0,2020,1720.0,105152.0,가솔린,오토,ORIGINAL,일반,2025-03-19 23:58:03.000 +09,서울,대디모터스,330너5284,2,1,3,153.7181,105.276,1,0,
38473826,현대,쏘나타 (DN8),2.0,프리미엄,202007.0,2021,1500.0,65810.0,가솔린,오토,ORIGINAL,일반,2025-03-19 23:58:03.000 +09,경기,화인모터스,135무8719,1,0,2,268.936,0.0,1,0,
38250880,현대,쏘나타 더 브릴리언트,LPI 스마트,,201209.0,2013,585.0,101065.0,LPG(일반인 구입),오토,ORIGINAL,일반,2025-03-19 23:58:03.000 +09,경남,오케이오토,51더1504,2,1,8,197.0953,41.445,1,0,
38867318,현대,쏘나타 뉴 라이즈,2.0 모던,,201801.0,2018,1049.0,168493.0,가솔린,오토,ORIGINAL,일반,2025-03-19 23:58:03.000 +09,경기,블루오토,301어4703,0,0,3,0.0,0.0,2,0,
38834553,현대,쏘나타 더 브릴리언트,LPI 모던(장애인용),,201210.0,2013,590.0,77124.0,LPG(일반인 구입),오토,ORIGINAL,일반,2025-03-19 23:58:03.000 +09,경기,더케이 모터스,64도7853,7,5,1,1147.8581,498.7083,0,0,
38828457,현대,쏘나타 (DN8),1.6 터보,프리미엄 패밀리,202001.0,2020,1590.0,113069.0,가솔린,오토,ORIGINAL,일반,2025-03-19 23:58:03.000 +09,경기,(주)핀카,204소4122,0,0,1,0.0,0.0,1,0,
38111582,현대,쏘나타 (DN8),2.0,프리미엄 플러스,202110.0,2022,1789.0,100740.0,가솔린,오토,ORIGINAL,일반,2025-03-19 23:58:03.000 +09,충남,당근카,374너7611,3,1,1,231.6426,64.874,0,0,
39115024,현대,LF 쏘나타,1.6 터보 스타일,,201603.0,2016,850.0,112816.0,가솔린,오토,ORIGINAL,일반,2025-03-19 23:58:03.000 +09,경기,(주)고물상,37오0485,5,1,2,457.3129,56.2308,0,0,
39224168,현대,쏘나타 뉴 라이즈,2.0 스마트,,201703.0,2018,1340.0,87233.0,가솔린,오토,ORIGINAL,일반,2025-03-19 23:58:03.000 +09,인천,정우모터스(주),16러4114,0,0,2,0.0,0.0,0,0,
39200976,현대,쏘나타 더 브릴리언트,LPI 스마트,,201302.0,2013,799.0,26217.0,LPG(일반인 구입),오토,ORIGINAL,일반,2025-03-19 23:58:03.000 +09,경기,에쓰아이모터스,15두8453,0,1,1,0.0,148.0805,0,0,
39164498,현대,쏘나타 뉴 라이즈,LPI 스타일,,201711.0,2018,690.0,223143.0,LPG(일반인 구입),오토,ORIGINAL,일반,2025-03-19 23:58:03.000 +09,광주,행복모터스,270저3513,1,3,6,38.452,297.3586,1,0,
39198782,현대,쏘나타 (DN8),2.0 LPG(렌터카용),스타일,202102.0,2021,1690.0,64748.0,LPG(일반인 구입),오토,ORIGINAL,일반,2025-03-19 23:58:03.000 +09,부산,태성모터스,113오3163,1,0,1,138.582,0.0,1,0,
39268903,현대,쏘나타 뉴 라이즈,2.0 모던,,201812.0,2019,1770.0,19853.0,가솔린,오토,ORIGINAL,일반,2025-03-19 23:58:03.000 +09,경기,(주)바른모터스,24고6612,1,0,0,0.0,0.0,0,0,
38583709,현대,쏘나타 하이브리드 (DN8),인스퍼레이션,,202203.0,2022,2550.0,41369.0,가솔린+전기,오토,ORIGINAL,일반,2025-03-19 23:57:32.000 +09,울산,엠피크,106주7422,1,2,1,410.07,0.0,0,0,
38826185,현대,쏘나타 디 엣지(DN8),1.6 터보,익스클루시브,202405.0,2024,3000.0,4431.0,가솔린,오토,ORIGINAL,일반,2025-03-19 23:57:17.000 +09,서울,주)화성모터스,233주1955,0,0,0,0.0,0.0,0,0,
38221274,현대,쏘나타 (DN8),2.0 LPG,스마트,201909.0,2020,1690.0,87963.0,LPG(일반인 구입),오토,ORIGINAL,일반,2025-03-19 23:57:12.000 +09,대구,팬더모터스,347다6543,2,3,1,140.3794,291.7873,0,0,
38714596,현대,YF 쏘나타,LPI 탑,,201008.0,2011,430.0,108587.0,LPG(일반인 구입),오토,ORIGINAL,일반,2025-03-19 23:57:12.000 +09,경기,레인보우,60거8264,1,3,3,115.229,171.507,0,0,
38620291,현대,YF 쏘나타,Y20 월드컵 스페셜 에디션,,201006.0,2010,330.0,183142.0,가솔린,오토,ORIGINAL,일반,2025-03-19 23:57:12.000 +09,충북,골드모터스,16수8358,3,0,3,192.3602,0.0,0,0,
38349861,현대,LF 쏘나타 하이브리드,2.0 HEV,모던,201512.0,2016,1350.0,67272.0,가솔린+전기,오토,ORIGINAL,일반,2025-03-19 23:57:12.000 +09,인천,뉴정우모터스,40어0912,2,3,1,88.822,469.08,0,0,
38203181,현대,쏘나타 (DN8),1.6 터보,프리미엄 플러스,202301.0,2023,2490.0,22440.0,가솔린,오토,ORIGINAL,일반,2025-03-19 23:57:12.000 +09,경기,에스아이모터스,280주5829,1,0,2,192.997,0.0,0,0,
38038680,현대,쏘나타 (DN8),2.0,모던,202106.0,2022,1849.0,19102.0,가솔린,오토,ORIGINAL,일반,2025-03-19 23:57:12.000 +09,서울,드림카,187어1649,0,0,2,0.0,0.0,1,0,
38947865,현대,쏘나타 하이브리드 (DN8),인스퍼레이션,,202209.0,2022,3190.0,4882.0,가솔린+전기,오토,ORIGINAL,일반,2025-03-19 23:57:12.000 +09,경기,의정부 인정모터스,295저9217,0,2,1,0.0,101.4181,1,0,
38858692,현대,LF 쏘나타 하이브리드,2.0 HEV,프리미엄,201510.0,2016,830.0,192372.0,가솔린+전기,오토,ORIGINAL,일반,2025-03-19 23:57:12.000 +09,경기,드림모터스,65가0675,2,1,1,92.7308,38.5,0,0,
39253430,현대,쏘나타 (DN8),1.6 터보,프리미엄 패밀리,202003.0,2020,2090.0,39714.0,가솔린,오토,ORIGINAL,일반,2025-03-19 23:57:12.000 +09,경기,(주)에스비즈,399우6961,3,0,1,217.2112,0.0,0,0,
39261980,현대,쏘나타 하이브리드,2.0,프리미어,201210.0,2012,390.0,162123.0,가솔린+전기,오토,ORIGINAL,일반,2025-03-19 23:57:12.000 +09,대구,신우모터스,39저4777,5,2,5,559.364,162.1308,1,0,
39169135,현대,YF 쏘나타,LPI 프리미어(장애인용),,201001.0,2010,370.0,120948.0,LPG(일반인 구입),오토,ORIGINAL,일반,2025-03-19 23:57:12.000 +09,인천,민모터스,34로7592,7,3,1,600.4568,347.7572,0,0,
39162048,현대,LF 쏘나타,LPI 택시형,스타일,201608.0,2017,430.0,403301.0,LPG(일반인 구입),오토,ORIGINAL,일반,2025-03-19 23:57:09.000 +09,대구,한스모터스,231주5961,1,0,3,78.7058,0.0,1,0,
38907859,현대,NF 쏘나타,LPG N20 럭셔리,고급형,200608.0,2007,230.0,131500.0,LPG(일반인 구입),오토,ORIGINAL,일반,2025-03-19 23:57:09.000 +09,대구,한스모터스,06두2905,5,5,3,367.8282,694.6691,0,0,
38635641,현대,LF 쏘나타,2.0 스마트,(세부등급 없음),201611.0,2017,979.0,137544.0,가솔린,오토,ORIGINAL,일반,2025-03-19 23:57:02.000 +09,대전,(주)해승모터스,183더9815,2,2,4,153.9598,107.9858,1,0,
38798039,현대,쏘나타 디 엣지(DN8),2.0 LPG,인스퍼레이션,202306.0,2024,3280.0,13036.0,LPG(일반인 구입),오토,ORIGINAL,일반,2025-03-19 23:57:02.000 +09,광주,오토플러스(주),332가8999,0,0,0,0.0,0.0,0,0,
38514404,현대,쏘나타 하이브리드 (DN8),프리미엄,(세부등급 없음),202005.0,2021,1790.0,82939.0,가솔린+전기,오토,ORIGINAL,일반,2025-03-19 23:57:02.000 +09,인천,조이모터스,230조9215,3,1,3,438.525,33.9284,1,0,
39090325,현대,쏘나타 (DN8),2.0 LPG(렌터카용),스타일,202001.0,2020,1550.0,54773.0,LPG(일반인 구입),오토,ORIGINAL,일반,2025-03-19 23:57:02.000 +09,경기,(주)카홀딩스,215모4872,0,0,1,0.0,0.0,1,0,
39002365,현대,쏘나타 뉴 라이즈,2.0 스타일,,201802.0,2018,990.0,146544.0,가솔린,오토,ORIGINAL,일반,2025-03-19 23:57:02.000 +09,충남,sb모터스,236서9194,0,0,3,0.0,0.0,1,0,
39237946,현대,쏘나타 뉴 라이즈,2.0 스타일,,201711.0,2018,1220.0,92817.0,가솔린,오토,ORIGINAL,일반,2025-03-19 23:57:02.000 +09,대전,(주)케이제이모터스,248마9742,1,1,3,28.459,170.2703,1,0,
38786788,현대,쏘나타 디 엣지(DN8),1.6 터보,익스클루시브,202310.0,2024,3090.0,14879.0,가솔린,오토,ORIGINAL,일반,2025-03-19 23:56:43.000 +09,부산,YB모터스,338마3286,1,1,0,51.0,86.1664,0,0,
38395978,현대,쏘나타 뉴 라이즈,2.0 모던,,201703.0,2018,1590.0,80755.0,가솔린,오토,ORIGINAL,일반,2025-03-19 23:56:33.000 +09,부산,푸른상사,31모4696,1,0,3,32.0198,0.0,0,0,
38163778,현대,LF 쏘나타 하이브리드,2.0 HEV,스마트,201507.0,2015,890.0,117640.0,가솔린+전기,오토,ORIGINAL,일반,2025-03-19 23:56:29.000 +09,경기,명문자동차,20로8243,9,3,5,310.033,644.2642,0,0,
38441736,현대,쏘나타 (DN8),2.0 LPG,인스퍼레이션,201905.0,2020,2280.0,58272.0,LPG(일반인 구입),오토,ORIGINAL,일반,2025-03-19 23:56:26.000 +09,경기,청학Emotors,33로2552,0,0,7,0.0,0.0,0,0,
38878378,현대,쏘나타 (DN8),2.0,인스퍼레이션,201908.0,2020,1850.0,102484.0,가솔린,오토,ORIGINAL,일반,2025-03-19 23:56:22.000 +09,경기,(주)비비드카,43머4420,1,1,1,89.696,253.603,0,0,
38859939,현대,쏘나타 (DN8),2.0 LPG(렌터카용),스타일,202107.0,2022,1460.0,86348.0,LPG(일반인 구입),오토,ORIGINAL,일반,2025-03-19 23:56:22.000 +09,경기,주식회사 삼일,114더4125,2,0,1,172.8226,0.0,1,0,
38208841,현대,LF 쏘나타,2.0 스마트,(세부등급 없음),201407.0,2015,890.0,110712.0,가솔린,오토,ORIGINAL,일반,2025-03-19 23:56:22.000 +09,부산,탑오토모터스,55고4178,3,1,1,233.6404,146.028,0,0,
39243172,현대,쏘나타 하이브리드 (DN8),인스퍼레이션,,202001.0,2020,1689.0,168171.0,가솔린+전기,오토,ORIGINAL,일반,2025-03-19 23:56:22.000 +09,경기,(주)왕카,105나4605,1,0,2,258.8786,0.0,0,0,
39152954,현대,쏘나타 뉴 라이즈 하이브리드,모던,,201803.0,2018,1470.0,131406.0,가솔린+전기,오토,ORIGINAL,일반,2025-03-19 23:56:22.000 +09,대구,경운자동차상사,66가7498,2,1,0,93.425,0.0,0,0,
39016956,현대,쏘나타 (DN8),2.0,인스퍼레이션,202208.0,2022,2620.0,21172.0,가솔린,오토,ORIGINAL,일반,2025-03-19 23:56:22.000 +09,경기,오토플러스(주),245보4319,0,0,0,0.0,0.0,0,0,
39031979,현대,쏘나타 (DN8),2.0,프리미엄,202004.0,2020,1630.0,67554.0,가솔린,오토,ORIGINAL,일반,2025-03-19 23:56:22.000 +09,경기,주식회사 설레임 오토모티브,311너2736,1,2,1,137.0054,125.9733,1,0,
39085190,현대,쏘나타 디 엣지 하이브리드(DN8),인스퍼레이션,,202411.0,2024,3366.0,2952.0,가솔린+전기,오토,ORIGINAL,렌트,2025-03-19 23:56:22.000 +09,인천,,197하2472,0,0,0,0.0,0.0,0,0,
39053668,현대,쏘나타 (DN8),2.0 LPG,인스퍼레이션,201906.0,2020,2299.0,58268.0,LPG(일반인 구입),오토,ORIGINAL,일반,2025-03-19 23:56:22.000 +09,광주,삼덕상사,66가8875,3,0,3,325.3059,0.0,0,0,
39239049,현대,쏘나타 (DN8),2.0 LPG(렌터카용),스타일,202102.0,2021,1249.0,111203.0,LPG(일반인 구입),오토,ORIGINAL,일반,2025-03-19 23:56:22.000 +09,충남,CAR유모터스,252두2338,0,5,1,0.0,1115.9355,1,0,
36832759,현대,YF 쏘나타,Y20 탑,고급형,201001.0,2010,490.0,70946.0,가솔린,오토,ORIGINAL,일반,2025-03-19 23:56:17.000 +09,대전,(중)바이킹오토,26러7144,7,4,4,473.3296,377.7077,0,0,
39124096,현대,쏘나타 뉴 라이즈,1.6 터보 프리미엄,,201801.0,2018,1640.0,72818.0,가솔린,오토,ORIGINAL,일반,2025-03-19 23:56:15.000 +09,경기,뉴카카,43수5450,1,1,1,81.7479,164.426,0,0,
39233541,현대,쏘나타 (DN8),1.6 터보,인스퍼레이션,202201.0,2022,2150.0,78201.0,가솔린,오토,ORIGINAL,일반,2025-03-19 23:56:14.000 +09,경남,한우카,165가6690,3,1,1,1393.7205,58.6612,0,0,
39218938,현대,쏘나타 (DN8),2.0,프리미엄,202001.0,2020,1550.0,63232.0,가솔린,오토,ORIGINAL,일반,2025-03-19 23:56:14.000 +09,서울,한솔모터스,159두3189,4,1,0,1017.3622,34.144,0,0,
39253888,현대,쏘나타 (DN8),2.0,프리미엄,201908.0,2020,1689.0,62350.0,가솔린,오토,ORIGINAL,일반,2025-03-19 23:56:14.000 +09,충남,헤이모터스,41오7634,2,1,0,129.0689,153.0,0,0,
39246718,현대,쏘나타 (DN8),2.0 LPG,프리미엄,202003.0,2020,1950.0,58712.0,LPG(일반인 구입),오토,ORIGINAL,일반,2025-03-19 23:56:14.000 +09,부산,아이러브카,237서7480,2,0,1,186.1734,0.0,0,0,
38702702,현대,LF 쏘나타,1.7 디젤 스마트,(세부등급 없음),201603.0,2016,670.0,141221.0,디젤,오토,ORIGINAL,일반,2025-03-19 23:56:14.000 +09,경기,(주)알차이노베이션,17너2379,3,1,5,304.0106,326.09,1,0,
39168813,현대,쏘나타 (DN8),2.0 LPG(렌터카용),스타일,202102.0,2021,1520.0,39218.0,LPG(일반인 구입),오토,ORIGINAL,일반,2025-03-19 23:56:14.000 +09,경기,㈜오토핸즈,153하3885,0,0,0,0.0,0.0,0,0,
38379173,현대,쏘나타 하이브리드,2.0,프리미어,201212.0,2012,9999.0,75316.0,가솔린+전기,오토,ORIGINAL,일반,2025-03-19 23:56:14.000 +09,경기,(주)에스비즈,46러6382,2,2,2,108.0451,85.6278,0,0,
39128886,현대,쏘나타 뉴 라이즈,2.0 스마트,,201709.0,2018,1200.0,91640.0,가솔린,오토,ORIGINAL,일반,2025-03-19 23:56:14.000 +09,경기,(주)알차이노베이션,22부3317,2,2,1,195.4721,106.7609,0,0,
38984463,현대,쏘나타 뉴 라이즈,LPI 모던,,201705.0,2018,1399.0,48100.0,LPG(일반인 구입),오토,ORIGINAL,일반,2025-03-19 23:56:14.000 +09,충남,(주)유카 천안지점,53노1386,2,1,1,160.7118,0.0,0,0,
38940339,현대,쏘나타 뉴 라이즈,2.0 모던,,201703.0,2018,1200.0,154701.0,가솔린,오토,ORIGINAL,일반,2025-03-19 23:56:14.000 +09,대전,주식회사엘씨,21거8180,0,0,4,0.0,0.0,0,0,
38404909,현대,쏘나타 뉴 라이즈,LPI 스타일,,201710.0,2018,890.0,104052.0,LPG(일반인 구입),오토,ORIGINAL,일반,2025-03-19 23:56:14.000 +09,서울,SJ모터스,177두8051,2,2,1,652.7253,2683.2313,1,0,
37704554,현대,NF 쏘나타 트랜스폼,LPG N20 프리미어,,200901.0,2009,200.0,256541.0,LPG(일반인 구입),오토,ORIGINAL,일반,2025-03-19 23:56:14.000 +09,경기,프렌즈모터스,03더4614,3,5,6,354.516,554.824,1,0,
38613119,현대,LF 쏘나타,2.0 스타일,(세부등급 없음),201509.0,2015,970.0,54730.0,가솔린,오토,ORIGINAL,일반,2025-03-19 23:56:14.000 +09,부산,신아오토모빌,09루0857,4,1,1,502.4817,47.969,0,0,
39220573,현대,LF 쏘나타,2.0 스마트,(세부등급 없음),201404.0,2015,1030.0,125787.0,가솔린,오토,ORIGINAL,일반,2025-03-19 23:56:13.000 +09,경기,차여사,55고2689,2,1,2,173.1112,37.7661,0,0,
38258128,현대,쏘나타 하이브리드 (DN8),인스퍼레이션,,202211.0,2023,2750.0,33106.0,가솔린+전기,오토,ORIGINAL,일반,2025-03-19 23:56:02.000 +09,서울,(주)JK AUTO,134보9340,2,1,0,224.6326,141.1065,0,0,
38605487,현대,쏘나타 하이브리드,2.0,프리미어,201206.0,2012,435.0,177891.0,가솔린+전기,오토,ORIGINAL,일반,2025-03-19 23:55:49.000 +09,대전,(주)영진모터스대표,25모9293,5,0,5,334.4827,0.0,0,0,
39220735,현대,쏘나타 (DN8),2.0,인스퍼레이션,202006.0,2021,1790.0,78673.0,가솔린,오토,ORIGINAL,일반,2025-03-19 23:55:11.000 +09,경기,위드카,270오4827,4,4,1,182.0847,291.925,1,0,
39210356,현대,쏘나타 (DN8),2.0,프리미엄 플러스,202110.0,2022,1900.0,71274.0,가솔린,오토,ORIGINAL,일반,2025-03-19 23:55:11.000 +09,서울,오토플러스(주),317루2562,0,1,1,0.0,60.5,1,0,
39201227,현대,쏘나타 (DN8),2.0,프리미엄 플러스,202208.0,2022,2180.0,45503.0,가솔린,오토,ORIGINAL,일반,2025-03-19 23:55:11.000 +09,경기,카라모터스,305주5006,0,0,0,0.0,0.0,0,0,
39019919,현대,쏘나타 뉴 라이즈,2.0 모던,,201801.0,2018,899.0,159866.0,가솔린,오토,ORIGINAL,일반,2025-03-19 23:55:11.000 +09,대구,메인모터스,217다7512,1,0,3,265.0534,0.0,2,0,
38360108,현대,쏘나타 하이브리드,2.0,프리미어,201207.0,2012,499.0,133779.0,가솔린+전기,오토,ORIGINAL,일반,2025-03-19 23:55:06.000 +09,부산,SK자동차매매상사,51보7792,3,0,1,111.2194,0.0,0,0,
39067316,현대,YF 쏘나타,F20 터보 GDI,최고급형,201109.0,2012,460.0,162069.0,가솔린,오토,ORIGINAL,일반,2025-03-19 23:55:03.000 +09,부산,스카이서비스,45우8185,4,3,5,341.4208,106.862,0,0,
38946609,현대,쏘나타 더 브릴리언트,CVVL 블루세이버,,201306.0,2014,289.0,104000.0,가솔린,오토,ORIGINAL,일반,2025-03-19 23:55:03.000 +09,경기,(주)고르고모터스,69루7397,6,10,4,1203.4257,2059.4233,0,0,
38843387,현대,쏘나타 하이브리드 (DN8),프리미엄,(세부등급 없음),202105.0,2021,2090.0,16188.0,가솔린+전기,오토,ORIGINAL,일반,2025-03-19 23:55:03.000 +09,서울,오토플러스(주),248무5462,0,0,1,0.0,0.0,1,0,
38777394,현대,쏘나타 뉴 라이즈,LPI 택시형,스타일,201712.0,2018,580.0,274302.0,LPG(일반인 구입),오토,ORIGINAL,일반,2025-03-19 23:55:03.000 +09,경기,제이모터스,108부6031,4,0,1,271.937,0.0,1,0,
38815774,현대,쏘나타 뉴 라이즈,2.0 모던,,201705.0,2018,1620.0,69329.0,가솔린,오토,ORIGINAL,일반,2025-03-19 23:55:03.000 +09,경기,퍼스트다이렉트모터스수원,46주9059,2,0,5,124.5633,0.0,0,0,
39256741,현대,쏘나타 뉴 라이즈,2.0 스마트 스페셜,,201903.0,2019,1380.0,83511.0,가솔린,오토,ORIGINAL,일반,2025-03-19 23:55:03.000 +09,대전,(주)케이제이모터스,154수5068,2,2,3,237.13,395.662,1,0,
39245472,현대,쏘나타 뉴 라이즈,LPI 스타일,,201803.0,2018,869.0,138513.0,LPG(일반인 구입),오토,ORIGINAL,일반,2025-03-19 23:55:03.000 +09,충남,원탑모터스,259노5101,1,0,2,303.7963,0.0,1,0,
39171878,현대,쏘나타 (DN8),2.0,인스퍼레이션,202201.0,2022,1990.0,116888.0,가솔린,오토,ORIGINAL,일반,2025-03-19 23:55:03.000 +09,충남,주식회사 꿀카,252두2316,1,1,1,360.0054,539.9072,1,0,
38351932,현대,쏘나타 뉴 라이즈,2.0 모던,,201707.0,2018,1470.0,65119.0,가솔린,오토,ORIGINAL,일반,2025-03-19 23:55:03.000 +09,인천,(주)강인,129두9636,1,0,5,90.603,0.0,1,0,
38621095,현대,쏘나타 더 브릴리언트,LPI 스타일,,201301.0,2013,430.0,170141.0,LPG(일반인 구입),오토,ORIGINAL,일반,2025-03-19 23:54:11.000 +09,전북,슈퍼카모터스,51가2774,1,1,4,133.464,73.5429,2,0,
38556713,현대,LF 쏘나타 하이브리드,2.0 HEV,프리미엄,201604.0,2016,1050.0,108118.0,가솔린+전기,오토,ORIGINAL,일반,2025-03-19 23:54:11.000 +09,대구,제이모터스,47고0794,7,4,5,1156.0297,374.9063,0,0,
37839714,현대,LF 쏘나타,LPI 스마트(장애인용),,201409.0,2015,699.0,188235.0,LPG(일반인 구입),오토,ORIGINAL,일반,2025-03-19 23:54:11.000 +09,광주,금상모터스,12마3555,2,2,2,423.8366,139.8966,0,0,
39225165,현대,NF 쏘나타 트랜스폼,LPG N20 프리미어,,200804.0,2008,299.0,202364.0,LPG(일반인 구입),오토,ORIGINAL,일반,2025-03-19 23:54:11.000 +09,경기,오토스마일,09무4563,3,1,3,410.7768,146.7868,0,0,
39226253,현대,쏘나타 뉴 라이즈,2.0 모던,,201710.0,2018,1599.0,59174.0,가솔린,오토,ORIGINAL,일반,2025-03-19 23:54:11.000 +09,경기,벧엘자동차,43마4234,0,1,3,0.0,0.0,0,0,
39217259,현대,쏘나타 뉴 라이즈 하이브리드,스마트,,201706.0,2018,1300.0,97794.0,가솔린+전기,오토,ORIGINAL,일반,2025-03-19 23:54:11.000 +09,인천,오토플러스(주),313무7053,0,0,3,0.0,0.0,1,0,
39152578,현대,LF 쏘나타,2.0 스마트,(세부등급 없음),201502.0,2015,920.0,99815.0,가솔린,오토,ORIGINAL,일반,2025-03-19 23:54:11.000 +09,인천,진솔모터스,33루8024,1,1,8,72.765,205.541,0,0,
39199804,현대,LF 쏘나타,2.0 케어플러스,,201609.0,2017,1180.0,78312.0,가솔린,오토,ORIGINAL,일반,2025-03-19 23:54:11.000 +09,인천,(주)홍차,12무0551,1,2,3,125.1493,217.582,0,0,
37919348,현대,LF 쏘나타,1.6 터보 스마트,스페셜,201609.0,2017,1450.0,76842.0,가솔린,오토,ORIGINAL,일반,2025-03-19 23:53:44.000 +09,전북,한마음모터스,02다0303,0,1,4,0.0,44.9519,0,0,
39015425,현대,NF 쏘나타 트랜스폼,LPG N20 럭셔리,,200908.0,2010,270.0,159736.0,LPG(일반인 구입),오토,ORIGINAL,일반,2025-03-19 23:53:32.000 +09,전북,(유)짱카,38조8950,3,3,4,216.9517,330.7726,0,0,
39210099,현대,쏘나타 더 브릴리언트,LPI 스마트,,201402.0,2014,395.0,207860.0,LPG(일반인 구입),오토,ORIGINAL,일반,2025-03-19 23:53:32.000 +09,전북,(유)짱카,58가1935,4,3,4,411.5331,320.7838,1,0,
38875938,현대,LF 쏘나타,LPI 스마트(장애인용),,201507.0,2015,1099.0,83761.0,LPG(일반인 구입),오토,ORIGINAL,일반,2025-03-19 23:53:31.000 +09,전북,(유)짱카,45버9923,2,1,1,127.254,105.356,0,0,
39006543,현대,YF 쏘나타,Y20 로얄,,201011.0,2011,420.0,180499.0,가솔린,오토,ORIGINAL,일반,2025-03-19 23:53:31.000 +09,전북,(유)짱카,17주5149,5,1,4,331.3092,30.0956,0,0,
39080248,현대,YF 쏘나타,LPI 프리미어,,200910.0,2010,320.0,193800.0,LPG(일반인 구입),오토,ORIGINAL,일반,2025-03-19 23:53:31.000 +09,전북,(유)짱카,16더4555,4,1,2,106.7758,60.179,0,0,
38735017,현대,쏘나타 뉴 라이즈 하이브리드,모던,,201801.0,2018,1250.0,182969.0,가솔린+전기,오토,ORIGINAL,일반,2025-03-19 23:53:13.000 +09,충남,다온모터스,38가3085,2,2,3,186.4501,255.0291,0,0,
38221278,현대,쏘나타 더 브릴리언트,LPI 모던(장애인용),,201306.0,2013,570.0,144164.0,LPG(일반인 구입),오토,ORIGINAL,일반,2025-03-19 23:53:13.000 +09,광주,기아오토스주식회사,25부1906,2,1,3,79.0754,56.9943,0,0,
39243738,현대,쏘나타 (DN8),2.0,프리미엄,202011.0,2021,1840.0,49032.0,가솔린,오토,ORIGINAL,일반,2025-03-19 23:53:13.000 +09,서울,롯데렌탈주식회사,128오2299,1,0,0,38.6929,0.0,1,0,
39175858,현대,쏘나타 디 엣지(DN8),2.0 LPG(렌터카),비즈니스 1,202311.0,2024,2250.0,46528.0,LPG(일반인 구입),오토,ORIGINAL,렌트,2025-03-19 23:53:11.000 +09,광주,더카(주),174호8035,0,0,0,0.0,0.0,0,0,
39265172,현대,쏘나타 하이브리드 (DN8),스마트,,202104.0,2021,1950.0,14562.0,가솔린+전기,오토,ORIGINAL,일반,2025-03-19 23:53:05.000 +09,부산,태성모터스,353소4073,0,0,1,0.0,0.0,1,0,
39151961,현대,쏘나타 (DN8),2.0 LPG(렌터카용),스타일,202011.0,2021,1199.0,115571.0,LPG(일반인 구입),오토,ORIGINAL,일반,2025-03-19 23:53:05.000 +09,대구,당근모터스,265루5248,3,0,1,213.3946,0.0,1,0,
38510807,현대,쏘나타 디 엣지(DN8),1.6 터보,인스퍼레이션,202306.0,2024,3350.0,16137.0,가솔린,오토,ORIGINAL,일반,2025-03-19 23:53:05.000 +09,부산,강남  모터스,287도5555,0,0,1,0.0,0.0,0,0,
38464174,현대,쏘나타 (DN8),2.0,프리미엄 플러스,202110.0,2022,2220.0,21087.0,가솔린,오토,ORIGINAL,일반,2025-03-19 23:53:05.000 +09,인천,코카스모터스,305도6375,1,0,1,185.875,0.0,1,0,
38489736,현대,쏘나타 더 브릴리언트,LPI 스마트,,201308.0,2014,340.0,236180.0,LPG(일반인 구입),오토,ORIGINAL,일반,2025-03-19 23:53:05.000 +09,대구,브라더모터스,396마6544,2,0,7,160.9111,0.0,3,0,
39202829,현대,YF 쏘나타,Y20 프리미어,(세부등급 없음),201011.0,2011,449.0,130615.0,가솔린,오토,ORIGINAL,일반,2025-03-19 23:53:05.000 +09,경기,탑모터스,51도9693,0,1,1,0.0,57.3056,0,0,
38767090,현대,쏘나타 (DN8),2.0,프리미엄 밀레니얼,201912.0,2020,1570.0,87551.0,가솔린,오토,ORIGINAL,일반,2025-03-19 23:53:05.000 +09,충남,하이오토,238주5859,2,0,1,341.862,0.0,0,0,
39031206,현대,쏘나타 (DN8),1.6 터보,인스퍼레이션,201910.0,2020,1999.0,59571.0,가솔린,오토,ORIGINAL,일반,2025-03-19 23:53:05.000 +09,서울,한길유씨에스,317오4621,1,0,4,35.38,0.0,0,0,
39080534,현대,쏘나타 (DN8),1.6 터보,프리미엄 플러스,202109.0,2022,2190.0,71416.0,가솔린,오토,ORIGINAL,일반,2025-03-19 23:53:05.000 +09,서울,(주) 시원 모터스,146주4245,0,0,0,0.0,0.0,0,0,
39014748,현대,쏘나타 (DN8),2.0,프리미엄 플러스,202112.0,2022,2150.0,55669.0,가솔린,오토,ORIGINAL,일반,2025-03-19 23:52:54.000 +09,경기,오토프라임,247부1866,1,1,1,206.326,29.8792,1,0,
38910974,현대,쏘나타 (DN8),2.0,인스퍼레이션,202206.0,2022,2299.0,86923.0,가솔린,오토,ORIGINAL,일반,2025-03-19 23:52:54.000 +09,경기,오토프라임,275구5674,0,0,1,0.0,0.0,1,0,
39106497,현대,쏘나타 더 브릴리언트,LPI 스마트,,201307.0,2014,430.0,198828.0,LPG(일반인 구입),오토,ORIGINAL,일반,2025-03-19 23:52:42.000 +09,전북,금메달상사,212더3399,4,2,6,275.8331,79.2704,2,0,
39237525,현대,쏘나타 디 엣지(DN8),2.0 LPG(영업용),모빌리티,202406.0,2025,1976.0,12558.0,LPG(일반인 구입),오토,ORIGINAL,리스,2025-03-19 23:52:11.000 +09,경기,퍼스트다이렉트,154버7048,0,0,1,0.0,0.0,1,0,
37864553,현대,쏘나타 (DN8),2.0,프리미엄,201905.0,2020,1600.0,87926.0,가솔린,오토,ORIGINAL,일반,2025-03-19 23:52:11.000 +09,경기,주식회사 대양,347두7019,1,3,2,67.0721,509.805,1,0,
38445011,현대,쏘나타 뉴 라이즈,LPI 스타일,,201710.0,2018,925.0,127374.0,LPG(일반인 구입),오토,ORIGINAL,일반,2025-03-19 23:52:11.000 +09,충남,(주)거상자동차,205도3153,4,1,2,742.7815,67.947,1,0,
39122902,현대,쏘나타 (DN8),2.0 LPG,프리미엄 플러스,202111.0,2022,2260.0,58414.0,LPG(일반인 구입),오토,ORIGINAL,일반,2025-03-19 23:52:11.000 +09,서울,주)오토리안,243보2771,0,0,1,0.0,0.0,0,0,
39255201,현대,쏘나타 디 엣지(DN8),1.6 터보,익스클루시브,202409.0,2024,3120.0,4922.0,가솔린,오토,ORIGINAL,일반,2025-03-19 23:52:11.000 +09,인천,에이치투모터스,213더9079,0,0,0,0.0,0.0,0,0,
39224731,현대,쏘나타 (DN8),2.0,인스퍼레이션,201908.0,2020,2290.0,28845.0,가솔린,오토,ORIGINAL,일반,2025-03-19 23:52:11.000 +09,부산,제이에이치 플러스,49라3747,0,0,0,0.0,0.0,0,0,
38715867,현대,쏘나타 (DN8),2.0 LPG(렌터카용),스마트,202110.0,2022,1550.0,100437.0,LPG(일반인 구입),오토,ORIGINAL,일반,2025-03-19 23:52:04.000 +09,광주,신영자동차,248누2575,0,0,1,0.0,0.0,1,0,
38117934,현대,쏘나타 (DN8),2.0 LPG(렌터카용),스마트,202112.0,2022,1550.0,106144.0,LPG(일반인 구입),오토,ORIGINAL,일반,2025-03-19 23:52:03.000 +09,광주,신영자동차,327가8199,1,0,1,87.7092,0.0,1,0,
39099996,현대,쏘나타 하이브리드 (DN8),프리미엄,밀레니얼,202002.0,2020,1999.0,84396.0,가솔린+전기,오토,ORIGINAL,일반,2025-03-19 23:52:03.000 +09,대구,에이스 모터스,145마5047,4,2,0,321.6795,538.8392,0,0,
39186731,현대,쏘나타 (DN8),2.0,프리미엄 플러스,202305.0,2023,2050.0,50249.0,가솔린,오토,ORIGINAL,일반,2025-03-19 23:52:03.000 +09,경기,롯데렌탈주식회사,204다5101,0,0,0,0.0,0.0,1,0,
39099258,현대,쏘나타 디 엣지(DN8),1.6 터보,인스퍼레이션,202312.0,2024,3250.0,14937.0,가솔린,오토,ORIGINAL,일반,2025-03-19 23:52:03.000 +09,인천,차봇모빌리티(주),392가9704,1,0,1,88.274,0.0,0,0,
39053899,현대,쏘나타 뉴 라이즈,2.0 모던,,201708.0,2018,1259.0,131305.0,가솔린,오토,ORIGINAL,일반,2025-03-19 23:52:03.000 +09,경기,정원모터스,05노1921,5,2,2,323.177,235.2338,0,0,
38782659,현대,쏘나타 뉴 라이즈 하이브리드,모던,,201901.0,2019,1520.0,90142.0,가솔린+전기,오토,ORIGINAL,일반,2025-03-19 23:52:03.000 +09,경남,한우카,57구4976,3,1,1,320.5561,90.6714,0,0,0.0
39072676,현대,LF 쏘나타,2.0 스타일,스페셜,201602.0,2016,1140.0,84269.0,가솔린,오토,ORIGINAL,일반,2025-03-19 23:52:03.000 +09,경기,㈜오토핸즈,49조0679,1,0,2,60.7533,0.0,1,0,
37816778,현대,쏘나타 (DN8),2.0 LPG(렌터카용),스마트,202007.0,2021,1270.0,128071.0,LPG(일반인 구입),오토,ORIGINAL,일반,2025-03-19 23:52:03.000 +09,대구,자동차명가,327로9106,1,2,1,79.624,106.9169,1,0,
38697778,현대,쏘나타 (DN8),2.0,스마트,202010.0,2021,1520.0,70813.0,가솔린,오토,ORIGINAL,일반,2025-03-19 23:52:03.000 +09,경기,기능장중고차 대표,127가2586,2,0,1,263.9729,0.0,1,0,
38601495,현대,쏘나타 (DN8),2.0,프리미엄 밀레니얼,201907.0,2020,1720.0,89755.0,가솔린,오토,ORIGINAL,일반,2025-03-19 23:52:03.000 +09,부산,(주)일공공일케이카,330고6314,0,0,4,0.0,0.0,1,0,
39246420,현대,쏘나타 (DN8),2.0,프리미엄,201911.0,2020,1399.0,147954.0,가솔린,오토,ORIGINAL,일반,2025-03-19 23:52:03.000 +09,부산,(주)아하에이전트,194주9248,4,2,3,490.209,249.7504,1,0,
39104292,현대,쏘나타 (DN8),1.6 터보,프리미엄 플러스,202209.0,2023,2320.0,37800.0,가솔린,오토,ORIGINAL,일반,2025-03-19 23:51:54.000 +09,경기,얄개모터스,194너7750,0,0,0,0.0,0.0,0,0,
39030710,현대,쏘나타 하이브리드 (DN8),프리미엄 플러스,,202112.0,2022,2099.0,71533.0,가솔린+전기,오토,ORIGINAL,일반,2025-03-19 23:51:27.000 +09,경기,신드롬모터스,102러2815,1,0,2,48.8054,0.0,1,0,
39245086,현대,쏘나타 더 브릴리언트,LPI 프리미엄,,201210.0,2013,630.0,98088.0,LPG(일반인 구입),오토,ORIGINAL,일반,2025-03-19 23:51:10.000 +09,광주,금상모터스,25보5356,1,1,2,83.6818,54.4336,0,0,
39228795,현대,쏘나타 (DN8),2.5 터보 N Line,인스퍼레이션,202208.0,2022,3170.0,25600.0,가솔린,오토,ORIGINAL,일반,2025-03-19 23:51:10.000 +09,경기,㈜오토핸즈,254서5893,1,0,0,0.0,0.0,0,0,
39206895,현대,LF 쏘나타,LPI 택시형,스타일,201612.0,2017,490.0,235350.0,LPG(일반인 구입),오토,ORIGINAL,일반,2025-03-19 23:51:10.000 +09,경기,다올자동차매매상사,265서8234,5,3,1,393.8726,390.1068,1,0,
38936505,현대,쏘나타 뉴 라이즈,2.0 모던,,201801.0,2018,920.0,162436.0,가솔린,오토,ORIGINAL,일반,2025-03-19 23:51:10.000 +09,대구,제일자동차상사,219어9662,2,0,3,172.1064,0.0,2,0,
38223256,현대,쏘나타 (DN8),2.0,프리미엄,201905.0,2020,1690.0,76936.0,가솔린,오토,ORIGINAL,일반,2025-03-19 23:51:10.000 +09,광주,신한길모터스,178너2008,1,0,3,142.9014,0.0,1,0,
38061512,현대,쏘나타 (DN8),2.0 LPG,모던,201907.0,2020,1660.0,77479.0,LPG(일반인 구입),오토,ORIGINAL,일반,2025-03-19 23:51:10.000 +09,대구,태풍자동차,342모7174,1,0,3,695.2199,0.0,1,0,
38985484,현대,쏘나타 (DN8),1.6 터보,스마트,202006.0,2020,1799.0,22518.0,가솔린,오토,ORIGINAL,일반,2025-03-19 23:51:10.000 +09,부산,(주)더 뉴 서비스,263더5602,1,0,2,222.2201,0.0,0,0,
39253983,현대,쏘나타 (DN8),2.0,프리미엄 패밀리,201905.0,2020,1519.0,155519.0,가솔린,오토,ORIGINAL,일반,2025-03-19 23:51:10.000 +09,경기,(주)왕카,46너5349,0,0,0,0.0,0.0,0,0,
39247529,현대,쏘나타 더 브릴리언트,CVVL 스마트,,201207.0,2013,399.0,208178.0,가솔린,오토,ORIGINAL,일반,2025-03-19 23:51:10.000 +09,광주,드림카마켓,18고6104,6,2,2,529.6669,38.5269,0,0,
38461885,현대,쏘나타 (DN8),1.6 터보,프리미엄 밀레니얼,202012.0,2021,2390.0,14834.0,가솔린,오토,ORIGINAL,일반,2025-03-19 23:51:02.000 +09,인천,코카스모터스,136구4860,2,1,0,49.0513,50.8599,0,0,
38993517,현대,쏘나타 (DN8),2.0,프리미엄,201907.0,2020,1550.0,74686.0,가솔린,오토,ORIGINAL,일반,2025-03-19 23:51:02.000 +09,경기,㈜오토핸즈,215모4836,2,0,0,74.802,0.0,1,0,
38980394,현대,쏘나타 뉴 라이즈,2.0 스마트,,201708.0,2018,790.0,139517.0,가솔린,오토,ORIGINAL,일반,2025-03-19 23:51:02.000 +09,서울,(주)모든자동차,18가1897,5,3,1,1205.5378,191.5355,0,0,
38387900,현대,쏘나타 (DN8),2.0,프리미엄 패밀리,202003.0,2020,1880.0,53480.0,가솔린,오토,ORIGINAL,일반,2025-03-19 23:51:02.000 +09,서울,드림카,196두8801,2,0,2,301.949,0.0,1,0,
37384509,현대,LF 쏘나타,LPI 모던,,201504.0,2015,550.0,181654.0,LPG(일반인 구입),오토,ORIGINAL,일반,2025-03-19 23:51:02.000 +09,경기,별모터스,242오6284,0,1,1,0.0,58.944,1,0,
39139539,현대,쏘나타 하이브리드 (DN8),프리미엄 플러스,,202105.0,2022,2230.0,62547.0,가솔린+전기,오토,ORIGINAL,일반,2025-03-19 23:51:02.000 +09,경기,(주)지온컴퍼니,384어7915,1,0,0,225.506,0.0,0,0,
39134044,현대,쏘나타 하이브리드 (DN8),인스퍼레이션,,202109.0,2022,2540.0,28098.0,가솔린+전기,오토,ORIGINAL,일반,2025-03-19 23:51:02.000 +09,경기,(주)왕카,257모5530,0,0,1,0.0,0.0,1,0,
39110171,현대,LF 쏘나타,LPI 프리미엄,,201406.0,2015,1150.0,68601.0,LPG(일반인 구입),오토,ORIGINAL,일반,2025-03-19 23:51:02.000 +09,대전,주식회사 썸카,31모1235,6,2,3,291.9441,134.174,0,0,
39106293,현대,YF 쏘나타,LPI 프리미어,,201001.0,2010,350.0,185279.0,LPG(일반인 구입),오토,ORIGINAL,일반,2025-03-19 23:51:02.000 +09,대전,(주)이수오토,43오2415,0,0,2,0.0,0.0,0,0,
39151402,현대,LF 쏘나타,LPI 스마트(장애인용),,201510.0,2016,1150.0,134878.0,LPG(일반인 구입),오토,ORIGINAL,일반,2025-03-19 23:50:25.000 +09,광주,(주)뉴광주모터스,14도8304,3,0,1,159.3457,0.0,0,0,
38928730,현대,LF 쏘나타 하이브리드,2.0 HEV,모던,201510.0,2016,790.0,171271.0,가솔린+전기,오토,ORIGINAL,일반,2025-03-19 23:50:16.000 +09,인천,와이비모터스,172보2103,2,1,7,83.3141,181.9093,1,0,
38957199,현대,쏘나타 (DN8),2.0,프리미엄 패밀리,201905.0,2020,1530.0,165234.0,가솔린,오토,ORIGINAL,일반,2025-03-19 23:50:16.000 +09,경기,벧엘자동차 2,35나5304,0,0,1,0.0,0.0,0,0,
38930600,현대,쏘나타 (DN8),1.6 터보,프리미엄,202007.0,2021,1660.0,106626.0,가솔린,오토,ORIGINAL,일반,2025-03-19 23:50:16.000 +09,대구,태풍자동차,136러7833,1,0,1,547.338,0.0,1,0,
38850904,현대,쏘나타 (DN8),2.0,인스퍼레이션,202010.0,2021,2250.0,84929.0,가솔린,오토,ORIGINAL,일반,2025-03-19 23:50:16.000 +09,경기,(주)빅보스모터스,114더4123,1,0,1,64.1419,0.0,1,0,
39127184,현대,쏘나타 (DN8),2.0 LPG(렌터카용),스마트,201907.0,2020,1479.0,123540.0,LPG(일반인 구입),오토,ORIGINAL,일반,2025-03-19 23:50:16.000 +09,충남,CAR유모터스,383어1414,1,0,6,54.6579,0.0,1,0,
39220637,현대,LF 쏘나타,1.6 터보 스타일,,201507.0,2016,849.0,138089.0,가솔린,오토,ORIGINAL,일반,2025-03-19 23:50:16.000 +09,충남,오토 월드,16라3553,2,0,3,128.7478,0.0,0,0,
39171391,현대,쏘나타 (DN8),2.0,프리미엄,201906.0,2020,1390.0,172750.0,가솔린,오토,ORIGINAL,일반,2025-03-19 23:50:16.000 +09,대구,원(WON)모터스,107고6467,6,0,0,1056.2017,0.0,1,0,
39044857,현대,LF 쏘나타,LPI 모던,,201409.0,2015,499.0,170827.0,LPG(일반인 구입),오토,ORIGINAL,일반,2025-03-19 23:50:06.000 +09,부산,삼삼공모터스,268주4131,6,1,7,506.2673,48.0461,2,0,
39201630,현대,LF 쏘나타,LPI 스마트,,201408.0,2015,520.0,221064.0,LPG(일반인 구입),오토,ORIGINAL,일반,2025-03-19 23:50:06.000 +09,대구,메인모터스4,313다6583,2,0,2,109.8337,0.0,1,0,
39255232,현대,쏘나타 디 엣지(DN8),2.0 LPG,인스퍼레이션,202311.0,2024,3089.0,29380.0,LPG(일반인 구입),오토,ORIGINAL,일반,2025-03-19 23:50:06.000 +09,인천,올바른자동차,385너6877,0,0,1,0.0,0.0,0,0,
39220051,현대,쏘나타 (DN8),2.5 터보 N Line,더 블랙,202109.0,2022,2199.0,27234.0,가솔린,오토,ORIGINAL,일반,2025-03-19 23:50:06.000 +09,대구,대원모터스,186다1825,0,1,3,0.0,45.0,1,0,
38998743,현대,LF 쏘나타,LPI 스마트,,201407.0,2015,690.0,169143.0,LPG(일반인 구입),오토,ORIGINAL,일반,2025-03-19 23:50:06.000 +09,대구,가람 모터스,37부6498,1,1,3,81.6288,63.816,1,0,
38896460,현대,쏘나타 하이브리드 (DN8),프리미엄,(세부등급 없음),201912.0,2020,1650.0,139437.0,가솔린+전기,오토,ORIGINAL,일반,2025-03-19 23:50:06.000 +09,경기,프렌즈모터스,227라9383,1,1,2,157.59,46.147,0,0,
39219303,현대,LF 쏘나타 하이브리드,2.0 HEV,모던,201511.0,2016,870.0,120767.0,가솔린+전기,오토,ORIGINAL,일반,2025-03-19 23:50:06.000 +09,경기,케이티오토컴퍼니,22루0564,4,3,3,446.6225,102.4828,0,0,
39210707,현대,쏘나타 (DN8),2.0 LPG(렌터카용),스타일,202111.0,2022,1540.0,58388.0,LPG(일반인 구입),오토,ORIGINAL,일반,2025-03-19 23:50:06.000 +09,서울,(주) JJ오토준,281수8871,0,0,1,0.0,0.0,1,0,
38618653,현대,쏘나타 (DN8),1.6 터보,프리미엄 패밀리,202103.0,2021,2000.0,10040.0,가솔린,오토,ORIGINAL,일반,2025-03-19 23:50:06.000 +09,경기,달인중고차,116보8650,2,2,1,90.7064,101.7128,0,0,
38581247,현대,LF 쏘나타 하이브리드,2.0 HEV,모던,201707.0,2017,1390.0,50797.0,가솔린+전기,오토,ORIGINAL,일반,2025-03-19 23:50:06.000 +09,인천,의리차차차,05로8431,2,2,1,464.3008,496.1099,0,0,
37346854,현대,쏘나타 (DN8),2.0,인스퍼레이션,202204.0,2022,7777.0,18225.0,가솔린,오토,ORIGINAL,일반,2025-03-19 23:50:06.000 +09,경기,월드모터스,393오1381,1,0,1,222.905,0.0,0,0,
39085857,현대,쏘나타 (DN8),2.0,프리미엄,201911.0,2020,1690.0,70723.0,가솔린,오토,ORIGINAL,일반,2025-03-19 23:50:06.000 +09,인천,디에이치모터스,261더2511,1,0,1,60.768,0.0,1,0,
39067555,현대,쏘나타 (DN8),2.0,프리미엄 플러스,202112.0,2022,1820.0,79683.0,가솔린,오토,ORIGINAL,일반,2025-03-19 23:50:06.000 +09,서울,샤이어모터스,163어3916,1,0,1,62.0737,0.0,1,0,
39068178,현대,쏘나타 더 브릴리언트,LPI 스마트,,201307.0,2014,530.0,78912.0,LPG(일반인 구입),오토,ORIGINAL,일반,2025-03-19 23:50:06.000 +09,광주,(주)케이투모터스,15조6933,4,2,4,327.7216,302.433,0,0,
39041876,현대,LF 쏘나타,1.7 디젤 스타일,,201702.0,2017,610.0,198072.0,디젤,오토,ORIGINAL,일반,2025-03-19 23:50:06.000 +09,경기,에스클래스,172주6822,1,0,4,76.355,0.0,1,0,
38292270,현대,쏘나타 하이브리드 (DN8),인스퍼레이션,,202005.0,2021,2400.0,86261.0,가솔린+전기,오토,ORIGINAL,일반,2025-03-19 23:50:06.000 +09,경기,(주)최 강모터스,111마9871,3,0,1,482.0162,0.0,0,0,
38106313,현대,쏘나타 하이브리드,2.0,로열,201205.0,2012,499.0,98450.0,가솔린+전기,오토,ORIGINAL,일반,2025-03-19 23:50:06.000 +09,대구,부부모터스,35구3248,4,2,5,1028.33,144.702,0,0,
37785504,현대,쏘나타 뉴 라이즈,LPI 스타일,,201707.0,2018,990.0,81609.0,LPG(일반인 구입),오토,ORIGINAL,일반,2025-03-19 23:50:06.000 +09,충북,(주)더챔,246저2896,2,0,1,217.0434,0.0,1,0,
38682209,현대,쏘나타 더 브릴리언트,CVVL 어트랙션,,201311.0,2014,579.0,134137.0,가솔린,오토,ORIGINAL,일반,2025-03-19 23:50:06.000 +09,전북,스마일모터스,33구6287,2,4,3,1015.6942,1345.674,0,0,
38598672,현대,쏘나타 더 브릴리언트,LPI 택시형,스타일,201404.0,2014,490.0,70201.0,LPG(일반인 구입),오토,ORIGINAL,일반,2025-03-19 23:50:06.000 +09,경기,퍼스트다이렉트안산점,66두4845,4,0,3,1353.5842,0.0,1,0,
38999997,현대,쏘나타 (DN8),2.0 LPG,스마트,201907.0,2020,1499.0,87958.0,LPG(일반인 구입),오토,ORIGINAL,일반,2025-03-19 23:50:06.000 +09,충남,(주)B.K모터스,48노5098,1,0,5,101.29,0.0,0,0,
38936163,현대,YF 쏘나타,LPI 탑,,201002.0,2010,339.0,196402.0,LPG(일반인 구입),오토,ORIGINAL,일반,2025-03-19 23:50:06.000 +09,광주,드림카마켓,14마5649,3,0,7,256.935,0.0,1,0,
38924338,현대,쏘나타 (DN8),2.0,프리미엄 패밀리,201908.0,2020,1950.0,30361.0,가솔린,오토,ORIGINAL,일반,2025-03-19 23:50:06.000 +09,경기,(주)에스비즈,01수3585,2,3,1,270.0814,270.8744,0,0,
38981597,현대,쏘나타 (DN8),2.0 LPG(렌터카용),스마트,202205.0,2022,1790.0,57236.0,LPG(일반인 구입),오토,ORIGINAL,일반,2025-03-19 23:49:10.000 +09,서울,(주)티티카,179버8790,0,0,1,0.0,0.0,1,0,
39189505,현대,쏘나타 하이브리드 (DN8),프리미엄,(세부등급 없음),202102.0,2021,1720.0,89482.0,가솔린+전기,오토,ORIGINAL,일반,2025-03-19 23:49:10.000 +09,서울,롯데렌탈주식회사,202구6379,0,0,0,0.0,0.0,1,0,
38614378,현대,YF 쏘나타,LPI 디럭스,,201112.0,2012,300.0,209450.0,LPG(일반인 구입),오토,ORIGINAL,일반,2025-03-19 23:49:10.000 +09,경기,믿음모터스,08부0912,4,4,5,383.6647,475.1074,1,0,
38987466,현대,LF 쏘나타,2.0 스마트,(세부등급 없음),201410.0,2015,1020.0,115484.0,가솔린,오토,ORIGINAL,일반,2025-03-19 23:49:02.000 +09,울산,주식회사 두바이카,68보9103,3,1,3,349.8778,27.0,1,0,
38683577,현대,쏘나타 (DN8),2.0,인스퍼레이션,201905.0,2020,1650.0,109749.0,가솔린,오토,ORIGINAL,일반,2025-03-19 23:49:02.000 +09,경기,주식회사 오토엠,373버7714,4,1,3,991.1017,76.0,1,0,
38640387,현대,쏘나타 뉴 라이즈,2.0 모던,,201801.0,2018,1200.0,126079.0,가솔린,오토,ORIGINAL,일반,2025-03-19 23:49:02.000 +09,경기,중고차A팀,309마1674,2,0,4,203.8843,0.0,2,0,
39109154,현대,LF 쏘나타,2.0 케어플러스,,201704.0,2017,1390.0,58120.0,가솔린,오토,ORIGINAL,일반,2025-03-19 23:49:02.000 +09,대구,천수자동차상사,33머3415,1,1,2,78.8956,50.368,1,0,
38977024,현대,쏘나타 더 브릴리언트,CVVL 스타일,,201208.0,2013,420.0,113953.0,가솔린,오토,ORIGINAL,일반,2025-03-19 23:49:02.000 +09,충북,달인모터스,46로5095,3,0,1,338.2492,0.0,0,0,
38928208,현대,YF 쏘나타,LPI 프리미어,,201004.0,2010,330.0,138049.0,LPG(일반인 구입),오토,ORIGINAL,일반,2025-03-19 23:49:02.000 +09,경기,쏘니모터스,34누7561,7,5,6,846.4819,338.9308,0,0,
38889098,현대,쏘나타 하이브리드,2.0,모던,201304.0,2014,550.0,129100.0,가솔린+전기,오토,ORIGINAL,일반,2025-03-19 23:49:02.000 +09,광주,스타오토모빌 (주),40주3586,3,0,4,194.668,0.0,0,0,
39135994,현대,LF 쏘나타 하이브리드,2.0 HEV,프리미엄,201504.0,2016,1070.0,86956.0,가솔린+전기,오토,ORIGINAL,일반,2025-03-19 23:49:02.000 +09,부산,박준표중고차,69나1878,2,4,3,798.7288,661.3922,1,0,
39090442,현대,쏘나타 뉴 라이즈,1.6 터보 마이 트립 에디션,,201806.0,2018,1470.0,89727.0,가솔린,오토,ORIGINAL,일반,2025-03-19 23:49:02.000 +09,경기,울트라모터스,07고2478,3,1,3,232.1824,17.067,0,0,
38722187,현대,LF 쏘나타,2.0 스마트,(세부등급 없음),201609.0,2017,950.0,143219.0,가솔린,오토,ORIGINAL,일반,2025-03-19 23:49:02.000 +09,경기,중고차A팀,383루7463,0,2,5,0.0,299.6225,1,0,
39196372,현대,LF 쏘나타,2.0 스타일,(세부등급 없음),201702.0,2017,850.0,90261.0,가솔린,오토,ORIGINAL,일반,2025-03-19 23:49:02.000 +09,경기,주식회사 더드라이버,179저7731,0,1,2,0.0,54.5799,1,0,
39195460,현대,LF 쏘나타,2.0 프리미엄,(세부등급 없음),201406.0,2015,1499.0,50471.0,가솔린,오토,ORIGINAL,일반,2025-03-19 23:49:02.000 +09,경기,벧엘자동차,41러5863,0,1,3,0.0,103.5958,0,0,
39162675,현대,쏘나타 (DN8),2.0,프리미엄 플러스,202201.0,2022,1850.0,84895.0,가솔린,오토,ORIGINAL,일반,2025-03-19 23:49:02.000 +09,서울,주식회사 리버모터스,141호8849,0,0,0,0.0,0.0,0,0,
39235913,현대,쏘나타 (DN8),2.5 터보 N Line,인스퍼레이션,202101.0,2021,2880.0,50112.0,가솔린,오토,ORIGINAL,일반,2025-03-19 23:49:02.000 +09,대구,윤 모터스,334도8797,2,0,0,131.0599,0.0,0,0,
38786046,현대,쏘나타 더 브릴리언트,CVVL 스마트,,201305.0,2013,599.0,98364.0,가솔린,오토,ORIGINAL,일반,2025-03-19 23:48:40.000 +09,대구,고고모터스,60고3414,1,1,2,247.047,350.249,0,0,
38796494,현대,쏘나타 (DN8),2.0,프리미엄,201905.0,2020,1350.0,143169.0,가솔린,오토,ORIGINAL,일반,2025-03-19 23:48:19.000 +09,경기,주식회사 명진모터스,224어6587,0,0,2,0.0,0.0,1,0,
39171946,현대,쏘나타 하이브리드 (DN8),프리미엄 플러스,,202106.0,2022,2350.0,61562.0,가솔린+전기,오토,ORIGINAL,일반,2025-03-19 23:48:19.000 +09,인천,오토플러스(주),284거2314,1,0,3,126.9463,0.0,1,0,
38333560,현대,쏘나타 하이브리드 (DN8),프리미엄,(세부등급 없음),202012.0,2021,1490.0,132663.0,가솔린+전기,오토,ORIGINAL,일반,2025-03-19 23:48:19.000 +09,인천,패밀리카,219우2968,1,0,3,333.5969,0.0,1,0,
39062727,현대,쏘나타 (DN8),1.6 터보,프리미엄 패밀리,202001.0,2020,1790.0,101706.0,가솔린,오토,ORIGINAL,일반,2025-03-19 23:48:19.000 +09,인천,오토플러스(주),100서4204,2,0,2,144.743,0.0,1,0,
39205991,현대,LF 쏘나타,2.0 스타일,스페셜,201509.0,2016,830.0,138496.0,가솔린,오토,ORIGINAL,일반,2025-03-19 23:48:19.000 +09,서울,(주)에스에이치모텃,61수9145,4,1,1,350.3545,154.9871,0,0,
38357216,현대,쏘나타 (DN8),2.0,프리미엄,202005.0,2021,1950.0,26049.0,가솔린,오토,ORIGINAL,일반,2025-03-19 23:48:11.000 +09,경기,에이원모터스,162고5601,0,0,1,0.0,0.0,1,0,
37701220,현대,LF 쏘나타,LPI 모던,,201601.0,2016,579.0,151605.0,LPG(일반인 구입),오토,ORIGINAL,일반,2025-03-19 23:48:11.000 +09,경기,드림모터스,112수7410,4,2,3,361.9326,267.7702,1,0,
38717968,현대,쏘나타 더 브릴리언트,LPI 스마트(장애인용),,201309.0,2014,550.0,131151.0,LPG(일반인 구입),오토,ORIGINAL,일반,2025-03-19 23:48:11.000 +09,경기,최강모터스,22다9960,8,2,4,570.2361,251.484,0,0,
38625723,현대,NF 쏘나타 트랜스폼,LPG N20 럭셔리,,200805.0,2008,290.0,102070.0,LPG(일반인 구입),오토,ORIGINAL,일반,2025-03-19 23:48:11.000 +09,경기,오토라인,33부1556,1,0,2,188.499,0.0,0,0,
38566093,현대,NF 쏘나타 트랜스폼,N20 트랜스폼,기본형,200901.0,2009,265.0,122057.0,가솔린,오토,ORIGINAL,일반,2025-03-19 23:48:11.000 +09,부산,스타트 모터스,41보4703,5,3,2,522.2113,216.6716,0,0,
38759238,현대,쏘나타 디 엣지 하이브리드(DN8),프리미엄,,202401.0,2024,9999.0,29465.0,가솔린+전기,오토,ORIGINAL,일반,2025-03-19 23:48:11.000 +09,서울,(주)한경자동차,190루5102,0,0,2,0.0,0.0,0,0,
39178335,현대,LF 쏘나타,2.0 스마트,(세부등급 없음),201605.0,2017,1140.0,87422.0,가솔린,오토,ORIGINAL,일반,2025-03-19 23:48:11.000 +09,경기,조은중고차,42나0249,6,2,2,450.737,61.0,0,0,
38893245,현대,쏘나타 하이브리드,2.0,모던,201312.0,2014,700.0,88285.0,가솔린+전기,오토,ORIGINAL,일반,2025-03-19 23:48:11.000 +09,경기,정원모터스,15저5822,3,0,3,279.239,0.0,0,0,
39125372,현대,쏘나타 뉴 라이즈,2.0 모던,,201802.0,2018,1110.0,145625.0,가솔린,오토,ORIGINAL,일반,2025-03-19 23:48:11.000 +09,인천,(주)시우자동차,280버9586,2,0,2,123.0055,0.0,1,0,
39108307,현대,쏘나타 (DN8),2.0,프리미엄,202001.0,2020,1800.0,35075.0,가솔린,오토,ORIGINAL,일반,2025-03-19 23:48:11.000 +09,경기,카리브모터스,197어9706,1,0,1,145.214,0.0,1,0,
39099038,현대,쏘나타 뉴 라이즈,2.0 터보 스마트,,201802.0,2018,1130.0,154001.0,가솔린,오토,ORIGINAL,일반,2025-03-19 23:48:11.000 +09,경기,(주)KM모터스,27머3948,4,1,0,423.1448,119.477,0,0,
39240392,현대,쏘나타 디 엣지(DN8),2.0,프리미엄,202311.0,2024,2590.0,13803.0,가솔린,오토,ORIGINAL,일반,2025-03-19 23:48:11.000 +09,경기,롯데렌탈주식회사,248머6689,0,0,0,0.0,0.0,1,0,
39232300,현대,쏘나타 (DN8),1.6 터보,프리미엄 플러스,202112.0,2022,2650.0,23677.0,가솔린,오토,ORIGINAL,일반,2025-03-19 23:48:11.000 +09,대구,수 모터스,258두1341,2,0,1,182.162,0.0,0,0,
39195335,현대,LF 쏘나타,2.0 스타일,(세부등급 없음),201604.0,2016,770.0,78343.0,가솔린,오토,ORIGINAL,일반,2025-03-19 23:48:11.000 +09,전북,서울모터스,07로0673,7,3,1,859.1023,444.1366,0,0,
39260802,현대,YF 쏘나타,Y20 프리미어,(세부등급 없음),201010.0,2011,330.0,154074.0,가솔린,오토,ORIGINAL,일반,2025-03-19 23:48:11.000 +09,경기,울트라모터스,32주8230,3,0,3,291.9291,0.0,0,0,
39086845,현대,YF 쏘나타,LPI 럭셔리,,201011.0,2011,399.0,66681.0,LPG(일반인 구입),오토,ORIGINAL,일반,2025-03-19 23:48:10.000 +09,경기,오토랜드,39버5175,2,1,4,137.441,73.845,1,0,
39242961,현대,쏘나타 (DN8),1.6 터보,인스퍼레이션,202008.0,2021,2550.0,62535.0,가솔린,오토,ORIGINAL,일반,2025-03-19 23:48:10.000 +09,경기,오토랜드,141서3535,2,0,1,251.748,0.0,0,0,
38721610,현대,쏘나타 뉴 라이즈,2.0 스마트,,201704.0,2018,990.0,147017.0,가솔린,오토,ORIGINAL,일반,2025-03-19 23:47:56.000 +09,대전,신카,358가8188,2,1,4,45.7177,52.415,1,0,
38864986,현대,쏘나타 (DN8),2.0,인스퍼레이션,201905.0,2020,2130.0,30380.0,가솔린,오토,ORIGINAL,일반,2025-03-19 23:47:51.000 +09,경기,(주)뉴카카,174노2018,3,1,3,333.028,53.852,1,0,
38190253,현대,LF 쏘나타,2.0 스타일,스페셜,201702.0,2017,1490.0,17067.0,가솔린,오토,ORIGINAL,일반,2025-03-19 23:47:13.000 +09,서울,오토스토리,02조5319,0,1,1,0.0,47.7092,0,0,
39060597,현대,LF 쏘나타,LPI 모던,,201407.0,2015,940.0,70708.0,LPG(일반인 구입),오토,ORIGINAL,일반,2025-03-19 23:47:13.000 +09,인천,오토라인,50오3856,3,2,4,226.1335,168.1503,0,0,
39001470,현대,LF 쏘나타 하이브리드,2.0 플러그인 HEV,프리미엄,201603.0,2016,1550.0,31094.0,가솔린+전기,오토,ORIGINAL,일반,2025-03-19 23:47:13.000 +09,인천,카스갤러리,13다7504,1,0,1,267.1675,0.0,1,0,
38946208,현대,쏘나타 (DN8),2.0,인스퍼레이션,202112.0,2022,2080.0,84208.0,가솔린,오토,ORIGINAL,일반,2025-03-19 23:47:13.000 +09,경기,(주)왕카,263더8240,1,0,1,16.806,0.0,1,0,
38958995,현대,LF 쏘나타,LPI 스마트,,201501.0,2015,639.0,204103.0,LPG(일반인 구입),오토,ORIGINAL,일반,2025-03-19 23:47:13.000 +09,충남,(주)B.K모터스,53모1972,2,0,6,133.1476,0.0,1,0,
39206232,현대,LF 쏘나타,1.6 터보 와일드 버건디,,201511.0,2016,890.0,182852.0,가솔린,오토,ORIGINAL,일반,2025-03-19 23:47:13.000 +09,전북,스마일모터스,58머8712,4,3,2,582.0367,156.1878,0,0,
39097770,현대,쏘나타 (DN8),2.0,프리미엄,202102.0,2021,1899.0,55542.0,가솔린,오토,ORIGINAL,일반,2025-03-19 23:47:07.000 +09,경기,오토프라임,201다2684,0,0,1,0.0,0.0,1,0,
39157041,현대,쏘나타 (DN8),2.0,프리미엄,202008.0,2021,1849.0,71829.0,가솔린,오토,ORIGINAL,일반,2025-03-19 23:47:07.000 +09,경기,오토프라임,148조8527,0,0,1,0.0,0.0,1,0,
39187754,현대,쏘나타 (DN8),2.0,프리미엄,202010.0,2021,1829.0,66631.0,가솔린,오토,ORIGINAL,일반,2025-03-19 23:47:07.000 +09,경기,오토프라임,148조8539,0,0,1,0.0,0.0,1,0,
39187733,현대,쏘나타 (DN8),2.0,프리미엄,202011.0,2021,1769.0,69673.0,가솔린,오토,ORIGINAL,일반,2025-03-19 23:47:07.000 +09,경기,오토프라임,148조8530,1,0,1,32.5689,0.0,1,0,
39156243,현대,쏘나타 더 브릴리언트,LPI 프리미엄,,201209.0,2013,430.0,252088.0,LPG(일반인 구입),오토,ORIGINAL,일반,2025-03-19 23:47:05.000 +09,대구,카보스,66라1371,3,2,1,615.5718,158.263,1,0,
39138825,현대,LF 쏘나타,2.0 프리미엄,(세부등급 없음),201408.0,2015,1240.0,90050.0,가솔린,오토,ORIGINAL,일반,2025-03-19 23:47:05.000 +09,대구,k모터스,31버9733,1,1,5,126.507,241.9894,0,0,
39135989,현대,쏘나타 (DN8),2.0 LPG(렌터카용),스마트,202203.0,2022,1420.0,68341.0,LPG(일반인 구입),오토,ORIGINAL,일반,2025-03-19 23:47:05.000 +09,대구,조아조아자동차,210고3188,2,5,1,367.9621,256.114,1,0,
38797572,현대,LF 쏘나타 하이브리드,2.0 HEV,모던,201606.0,2016,1570.0,48522.0,가솔린+전기,오토,ORIGINAL,일반,2025-03-19 23:47:05.000 +09,경기,윈윈 모터스,40소0151,0,0,1,0.0,0.0,0,0,
38725158,현대,쏘나타 더 브릴리언트,LPI 모던(장애인용),,201209.0,2013,720.0,112168.0,LPG(일반인 구입),오토,ORIGINAL,일반,2025-03-19 23:47:05.000 +09,경기,주식회사예스카,22소8338,1,1,3,66.529,70.089,0,0,
39069942,현대,LF 쏘나타,2.0 프리미엄,(세부등급 없음),201608.0,2017,620.0,268509.0,가솔린,오토,ORIGINAL,일반,2025-03-19 23:47:05.000 +09,인천,에이치투모터스,235로3444,3,1,3,111.8359,55.5057,1,0,
38803759,현대,LF 쏘나타,2.0 스타일,(세부등급 없음),201607.0,2016,1140.0,36440.0,가솔린,오토,ORIGINAL,일반,2025-03-19 23:47:05.000 +09,서울,인증차,20주0163,3,0,1,232.141,0.0,0,0,
38269346,현대,쏘나타 (DN8),1.6 터보,인스퍼레이션,201910.0,2020,2270.0,38857.0,가솔린,오토,ORIGINAL,일반,2025-03-19 23:47:05.000 +09,경기,YM모터스,393루8279,3,2,1,442.7494,447.571,0,0,
38308790,현대,쏘나타 뉴 라이즈,2.0 스타일,,201801.0,2018,899.0,162917.0,가솔린,오토,ORIGINAL,일반,2025-03-19 23:47:05.000 +09,경기,블루오토,286너3502,2,0,4,150.3938,0.0,1,0,
39035656,현대,LF 쏘나타,2.0 스타일,스페셜,201606.0,2017,9670.0,130159.0,가솔린,오토,ORIGINAL,일반,2025-03-19 23:47:05.000 +09,경기,(주)대성모터스,317로9162,4,0,2,720.7423,0.0,1,0,
39254276,현대,쏘나타 (DN8),2.0,프리미엄,202102.0,2021,1650.0,98892.0,가솔린,오토,ORIGINAL,일반,2025-03-19 23:47:05.000 +09,충남,오토플러스(주),362머8079,0,0,1,0.0,0.0,1,0,
39240652,현대,쏘나타 (DN8),2.0,프리미엄 플러스,202106.0,2022,1920.0,59485.0,가솔린,오토,ORIGINAL,일반,2025-03-19 23:47:05.000 +09,경기,롯데렌탈주식회사,283오9437,4,0,0,371.8514,0.0,1,0,
39201704,현대,쏘나타 (DN8),2.0,인스퍼레이션,201905.0,2020,2249.0,58915.0,가솔린,오토,ORIGINAL,일반,2025-03-19 23:47:05.000 +09,인천,참좋은모터스,36두6614,1,0,1,38.979,0.0,0,0,
39178783,현대,쏘나타 뉴 라이즈,2.0 프리미엄 스페셜,,201708.0,2018,1950.0,45674.0,가솔린,오토,ORIGINAL,일반,2025-03-19 23:47:05.000 +09,광주,대오모터스,08어3375,0,0,2,0.0,0.0,0,0,
38641892,현대,쏘나타 하이브리드 (DN8),인스퍼레이션,,201912.0,2020,2020.0,100737.0,가솔린+전기,오토,ORIGINAL,일반,2025-03-19 23:46:40.000 +09,경기,솔카,241무8639,2,0,2,201.4988,0.0,0,0,
38982683,현대,LF 쏘나타,2.0 스타일,스페셜,201601.0,2016,1040.0,87126.0,가솔린,오토,ORIGINAL,일반,2025-03-19 23:46:36.000 +09,경기,워너비카,13러0981,0,1,2,0.0,36.464,0,0,
38712488,현대,쏘나타 (DN8),2.0 LPG(렌터카용),스마트,202012.0,2021,1720.0,37597.0,LPG(일반인 구입),오토,ORIGINAL,일반,2025-03-19 23:46:35.000 +09,경기,워너비카,177가1056,0,1,2,0.0,136.0194,1,0,
38843613,현대,쏘나타 뉴 라이즈,LPI 스타일,,201708.0,2018,1320.0,33710.0,LPG(일반인 구입),오토,ORIGINAL,일반,2025-03-19 23:46:10.000 +09,인천,누리모터스,28소5806,2,0,1,121.2698,0.0,0,0,
38493314,현대,쏘나타 (DN8),2.0 LPG(렌터카용),스타일,202102.0,2021,1240.0,92147.0,LPG(일반인 구입),오토,ORIGINAL,일반,2025-03-19 23:46:10.000 +09,경기,엠케이모터스,217모3952,1,0,2,66.6949,0.0,1,0,
38010618,현대,쏘나타 (DN8),1.6 터보,인스퍼레이션,202302.0,2023,2790.0,14270.0,가솔린,오토,ORIGINAL,일반,2025-03-19 23:46:02.000 +09,충북,(주)더챔,134머8198,1,0,0,117.6357,0.0,0,0,
37038680,현대,LF 쏘나타,2.0 스마트,(세부등급 없음),201505.0,2015,950.0,91618.0,가솔린,오토,ORIGINAL,일반,2025-03-19 23:46:02.000 +09,대구,스마트자동차상사,32러7925,3,1,3,474.0684,119.286,0,0,
38378016,현대,LF 쏘나타,2.0 스마트,(세부등급 없음),201606.0,2016,940.0,120739.0,가솔린,오토,ORIGINAL,일반,2025-03-19 23:46:02.000 +09,경기,중고차A팀,48마0876,0,1,2,0.0,36.597,0,0,
38263152,현대,LF 쏘나타,2.0 스마트,(세부등급 없음),201406.0,2015,790.0,122439.0,가솔린,오토,ORIGINAL,일반,2025-03-19 23:46:02.000 +09,경기,(주)동아SMC,09오5459,3,2,3,473.1293,293.5275,1,0,
38695558,현대,쏘나타 뉴 라이즈,2.0 모던,,201703.0,2018,1750.0,30557.0,가솔린,오토,ORIGINAL,일반,2025-03-19 23:46:02.000 +09,서울,비케이투모터스,63가2216,0,1,2,0.0,122.1139,0,0,
38687623,현대,LF 쏘나타,2.0 프리미엄,(세부등급 없음),201409.0,2015,1170.0,108852.0,가솔린,오토,ORIGINAL,일반,2025-03-19 23:46:02.000 +09,울산,(주)나인모터스,64라7498,5,2,3,304.837,172.6054,0,0,
38863230,현대,쏘나타 (DN8),2.0,프리미엄,201907.0,2020,1829.0,42364.0,가솔린,오토,ORIGINAL,일반,2025-03-19 23:46:02.000 +09,서울,태광티에프,03나3552,1,1,1,58.683,55.844,0,0,
38856290,현대,쏘나타 뉴 라이즈,1.7 디젤 스마트,,201706.0,2018,980.0,121318.0,디젤,오토,ORIGINAL,일반,2025-03-19 23:46:02.000 +09,서울,주식회사이엑스오토,263모4055,1,0,4,99.1384,0.0,2,0,
39254297,현대,쏘나타 (DN8),2.0 LPG(렌터카용),스타일,202002.0,2020,1510.0,38941.0,LPG(일반인 구입),오토,ORIGINAL,일반,2025-03-19 23:46:02.000 +09,충남,오토플러스(주),157하1094,0,0,0,0.0,0.0,0,0,
39254089,현대,쏘나타 (DN8),2.0,프리미엄 패밀리,202103.0,2021,1950.0,57480.0,가솔린,오토,ORIGINAL,일반,2025-03-19 23:46:02.000 +09,경기,카리브 모터스,269노6909,0,0,1,0.0,0.0,1,0,
39220012,현대,쏘나타 뉴 라이즈,LPI 택시형,스타일,201712.0,2018,799.0,174570.0,LPG(일반인 구입),오토,ORIGINAL,일반,2025-03-19 23:46:02.000 +09,서울,(주)구루마,330보8402,0,0,1,0.0,0.0,1,0,
39200265,현대,YF 쏘나타,LPI 탑,,201010.0,2011,225.0,212420.0,LPG(일반인 구입),오토,ORIGINAL,일반,2025-03-19 23:46:02.000 +09,경기,우송모터스,67로9926,1,1,2,27.1189,37.9,0,0,
39148237,현대,쏘나타 (DN8),2.5 터보 N Line,인스퍼레이션,202104.0,2021,2140.0,56780.0,가솔린,오토,ORIGINAL,일반,2025-03-19 23:46:02.000 +09,경기,디케이(DK)모터스,291나4578,3,3,1,1235.7694,1215.1096,1,0,
39120949,현대,쏘나타 (DN8),2.0 LPG(렌터카용),스타일,202208.0,2022,1590.0,49238.0,LPG(일반인 구입),오토,ORIGINAL,일반,2025-03-19 23:46:02.000 +09,경기,카운셀러,248머6655,0,0,1,0.0,0.0,1,0,
39041815,현대,쏘나타 뉴 라이즈,LPI 스타일,,201706.0,2018,930.0,123952.0,LPG(일반인 구입),오토,ORIGINAL,일반,2025-03-19 23:46:02.000 +09,전남,한국자동차,111수7386,4,0,1,876.3628,0.0,2,0,
39227757,현대,LF 쏘나타,2.0 스마트,(세부등급 없음),201411.0,2015,9999.0,129628.0,가솔린,오토,ORIGINAL,일반,2025-03-19 23:46:02.000 +09,경기,주식회사 씨피오토모티브,66노3684,4,3,1,285.2194,211.2293,0,0,
39162799,현대,쏘나타 뉴 라이즈,2.0 모던,,201705.0,2018,1699.0,47261.0,가솔린,오토,ORIGINAL,일반,2025-03-19 23:45:39.000 +09,경기,명문자동차,12소7181,3,0,0,121.9928,0.0,0,0,
38909960,현대,쏘나타 (DN8),2.0,프리미엄,202102.0,2021,2150.0,29542.0,가솔린,오토,ORIGINAL,일반,2025-03-19 23:45:35.000 +09,울산,(주)무룡인더스,292주9805,0,0,1,0.0,0.0,0,0,
38693076,현대,쏘나타 하이브리드 (DN8),인스퍼레이션,,201910.0,2020,2020.0,109415.0,가솔린+전기,오토,ORIGINAL,일반,2025-03-19 23:45:10.000 +09,경기,카메이트,320로5188,2,1,0,103.662,65.604,0,0,
38948074,현대,쏘나타 (DN8),2.0,프리미엄,202002.0,2020,1700.0,38957.0,가솔린,오토,ORIGINAL,일반,2025-03-19 23:45:10.000 +09,서울,주식회사 에스알카,223서3347,1,0,1,221.518,0.0,0,0,
38948074,현대,쏘나타 (DN8),2.0,프리미엄,202002.0,2020,1700.0,38957.0,가솔린,오토,ORIGINAL,일반,2025-03-19 23:45:10.000 +09,서울,주식회사 에스알카,223서3347,1,0,0,221.518,0.0,0,0,
39234942,현대,쏘나타 (DN8),2.0,모던,202107.0,2022,2836.0,34690.0,가솔린,오토,ORIGINAL,렌트,2025-03-19 23:45:10.000 +09,서울,,166호1860,0,0,0,0.0,0.0,0,0,
39234717,현대,쏘나타 (DN8),2.0,프리미엄 플러스,202203.0,2022,2847.0,59599.0,가솔린,오토,ORIGINAL,렌트,2025-03-19 23:45:10.000 +09,서울,,156호4489,0,0,1,0.0,0.0,0,0,
37633271,현대,LF 쏘나타,LPI 모던,,201406.0,2015,849.0,112079.0,LPG(일반인 구입),오토,ORIGINAL,일반,2025-03-19 23:45:10.000 +09,경기,청춘카,17거4099,5,2,7,313.7299,182.161,1,0,
39234829,현대,쏘나타 (DN8),2.0,프리미엄,202011.0,2021,2769.0,13120.0,가솔린,오토,ORIGINAL,렌트,2025-03-19 23:45:10.000 +09,서울,,170하5607,1,0,1,63.785,0.0,0,0,
39117436,현대,LF 쏘나타,2.0 스타일,(세부등급 없음),201409.0,2015,570.0,154433.0,가솔린,오토,ORIGINAL,일반,2025-03-19 23:45:02.000 +09,광주,믿음모터스,26오7541,4,2,8,370.23,543.9436,0,0,
39226403,현대,쏘나타 디 엣지(DN8),1.6 터보,인스퍼레이션,202407.0,2024,3180.0,7878.0,가솔린,오토,ORIGINAL,일반,2025-03-19 23:45:02.000 +09,인천,오토플러스(주),338구7085,0,0,1,0.0,0.0,0,0,
39211732,현대,YF 쏘나타,CVVL 프리미어,,201207.0,2012,555.0,93633.0,가솔린,오토,ORIGINAL,일반,2025-03-19 23:45:02.000 +09,충남,다온모터스,23마1414,4,4,1,415.3962,357.5786,0,0,
39207793,현대,쏘나타 (DN8),1.6 터보,프리미엄 패밀리,202104.0,2021,9999.0,94686.0,가솔린,오토,ORIGINAL,일반,2025-03-19 23:45:02.000 +09,경기,씨피오토모티브,194소3445,2,0,0,280.9849,0.0,0,0,
39171802,현대,쏘나타 (DN8),1.6 터보,인스퍼레이션,202209.0,2023,2690.0,28843.0,가솔린,오토,ORIGINAL,일반,2025-03-19 23:45:02.000 +09,경기,대기상사,100버7881,1,0,1,196.3684,0.0,0,0,
38773727,현대,LF 쏘나타,2.0 스마트,(세부등급 없음),201412.0,2015,960.0,82171.0,가솔린,오토,ORIGINAL,일반,2025-03-19 23:45:02.000 +09,충남,주식회사 꿀카,284부8319,2,0,4,155.2552,0.0,1,0,
38820445,현대,쏘나타 하이브리드 (DN8),프리미엄 플러스,,202204.0,2022,2300.0,54262.0,가솔린+전기,오토,ORIGINAL,일반,2025-03-19 23:45:02.000 +09,서울,롯데렌탈주식회사,276마3263,0,0,0,0.0,0.0,1,0,
39092843,현대,쏘나타 (DN8),1.6 터보,인스퍼레이션,201911.0,2020,2480.0,25486.0,가솔린,오토,ORIGINAL,일반,2025-03-19 23:45:02.000 +09,경기,카메이트,370소8979,1,1,1,64.164,50.102,0,0,
39013966,현대,쏘나타 (DN8),2.0,프리미엄 플러스,202207.0,2022,2220.0,15884.0,가솔린,오토,ORIGINAL,일반,2025-03-19 23:45:02.000 +09,경기,엠에스모터스,261러6803,1,0,1,48.8894,0.0,1,0,
38858827,현대,쏘나타 (DN8),2.0 LPG(렌터카용),스마트,202007.0,2021,1690.0,57707.0,LPG(일반인 구입),오토,ORIGINAL,일반,2025-03-19 23:45:02.000 +09,광주,푸른모터스,270저3527,0,0,1,0.0,0.0,1,0,
38968320,현대,YF 쏘나타,LPI 프리미어(장애인용),,201102.0,2011,429.0,213512.0,LPG(일반인 구입),오토,ORIGINAL,일반,2025-03-19 23:45:02.000 +09,충남,(주)B.K모터스,66누4051,4,3,5,353.0317,366.9843,0,0,
38893329,현대,쏘나타 II,2.0 GLS,,199403.0,1994,420.0,131027.0,가솔린,오토,ORIGINAL,일반,2025-03-19 23:45:02.000 +09,대전,쿠모터스,56루4765,1,1,5,40.0,47.458,2,0,
38481846,현대,쏘나타 디 엣지 하이브리드(DN8),프리미엄,,202410.0,2024,3190.0,600.0,가솔린+전기,오토,ORIGINAL,렌트,2025-03-19 23:45:02.000 +09,인천,,229호4292,0,0,0,0.0,0.0,0,0,
38639263,현대,쏘나타 하이브리드 (DN8),인스퍼레이션,,202012.0,2021,2289.0,81706.0,가솔린+전기,오토,ORIGINAL,일반,2025-03-19 23:44:50.000 +09,경기,스피드자동차,287무6230,2,0,1,242.4419,0.0,0,0,
39045755,현대,LF 쏘나타 하이브리드,2.0 HEV,프리미엄 스페셜,201605.0,2017,1230.0,158310.0,가솔린+전기,오토,ORIGINAL,일반,2025-03-19 23:44:49.000 +09,대구,엔오토모빌,51구0824,2,0,6,196.172,0.0,0,0,
39161662,현대,LF 쏘나타,LPI 모던(장애인용),,201406.0,2015,950.0,151949.0,LPG(일반인 구입),오토,ORIGINAL,일반,2025-03-19 23:44:15.000 +09,대구,등대모터스,56마2053,3,1,5,283.62,50.151,0,0,
38970489,현대,쏘나타 뉴 라이즈,1.6 터보 모던,,201704.0,2018,1190.0,116922.0,가솔린,오토,ORIGINAL,일반,2025-03-19 23:44:10.000 +09,경기,넘버원모터스,21누7447,2,3,1,595.8893,729.6439,0,0,
38943852,현대,쏘나타 디 엣지(DN8),1.6 터보,익스클루시브,202311.0,2024,2299.0,102808.0,가솔린,오토,ORIGINAL,일반,2025-03-19 23:44:10.000 +09,충남,드림모터스,328두2950,3,1,1,709.087,134.55,0,0,
38659124,현대,쏘나타 뉴 라이즈,LPI 스타일,,201711.0,2018,930.0,86625.0,LPG(일반인 구입),오토,ORIGINAL,일반,2025-03-19 23:44:10.000 +09,충북,(주) 더챔,132저2937,4,0,1,1055.607,0.0,1,0,
38437965,현대,쏘나타 뉴 라이즈,LPI 택시형,경제형,202206.0,2022,1340.0,75533.0,LPG(일반인 구입),오토,ORIGINAL,일반,2025-03-19 23:44:10.000 +09,경기,씨에스모터스,343누3312,1,0,2,63.2899,0.0,1,0,
38118713,현대,쏘나타 더 브릴리언트,LPI 모던,,201208.0,2013,509.0,119868.0,LPG(일반인 구입),오토,ORIGINAL,일반,2025-03-19 23:44:10.000 +09,경기,주식회사 디엘모터스,03다2731,4,0,3,437.387,0.0,1,0,
38464554,현대,쏘나타 하이브리드 (DN8),인스퍼레이션,,202112.0,2022,1940.0,112427.0,가솔린+전기,오토,ORIGINAL,일반,2025-03-19 23:44:10.000 +09,인천,조이모터스,350누9054,1,0,1,251.724,0.0,1,0,
38442333,현대,쏘나타 뉴 라이즈,2.0 스마트 스페셜,,201902.0,2019,1360.0,94589.0,가솔린,오토,ORIGINAL,일반,2025-03-19 23:44:10.000 +09,경기,주식회사 현대상사,214더9714,2,3,2,72.52,244.9899,1,0,
39111985,현대,쏘나타 더 브릴리언트,CVVL 스타일,,201209.0,2013,390.0,144454.0,가솔린,오토,ORIGINAL,일반,2025-03-19 23:44:10.000 +09,경기,유일상사,53다5332,4,1,3,331.1026,55.1176,0,0,
38976997,현대,쏘나타 (DN8),1.6 터보,프리미엄 패밀리,202011.0,2021,1849.0,74760.0,가솔린,오토,ORIGINAL,일반,2025-03-19 23:44:10.000 +09,경기,(주)왕카,260저8427,5,0,1,393.6413,0.0,1,0,
39243431,현대,LF 쏘나타,LPI 프리미엄,,201405.0,2015,490.0,215291.0,LPG(일반인 구입),오토,ORIGINAL,일반,2025-03-19 23:44:10.000 +09,인천,엘디모터스,51노7458,3,0,2,438.5036,0.0,1,0,
39210033,현대,쏘나타 (DN8),1.6 터보,인스퍼레이션,202002.0,2020,2149.0,107029.0,가솔린,오토,ORIGINAL,일반,2025-03-19 23:44:10.000 +09,경기,(주)왕카,269우2249,1,0,1,66.097,0.0,1,0,
39196148,현대,쏘나타 더 브릴리언트,LPI 스마트,,201301.0,2013,750.0,52251.0,LPG(일반인 구입),오토,ORIGINAL,일반,2025-03-19 23:44:10.000 +09,경기,오토모빌,58누1954,1,0,1,59.7946,0.0,0,0,
39149376,현대,LF 쏘나타,1.7 디젤 스마트,(세부등급 없음),201510.0,2016,749.0,130505.0,디젤,오토,ORIGINAL,일반,2025-03-19 23:44:10.000 +09,충남,건희모터스,12라9044,4,2,1,411.5906,182.7907,0,0,
39204778,현대,쏘나타 (DN8),2.0,프리미엄,202001.0,2020,1850.0,7444.0,가솔린,오토,ORIGINAL,일반,2025-03-19 23:44:10.000 +09,서울,(주)하나모터스,333우6813,1,1,0,78.5999,64.8949,0,0,
39220489,현대,쏘나타 하이브리드 (DN8),프리미엄,(세부등급 없음),202102.0,2021,2120.0,28408.0,가솔린+전기,오토,ORIGINAL,일반,2025-03-19 23:44:10.000 +09,서울,롯데렌탈주식회사,128오2268,0,0,0,0.0,0.0,1,0,
39210236,현대,LF 쏘나타,LPI 스마트,,201405.0,2015,530.0,195436.0,LPG(일반인 구입),오토,ORIGINAL,일반,2025-03-19 23:44:10.000 +09,경기,중고차A팀,26구8200,2,1,7,322.51,121.889,2,0,
39263966,현대,쏘나타 하이브리드,2.0,로열,201109.0,2012,670.0,98737.0,가솔린+전기,오토,ORIGINAL,일반,2025-03-19 23:44:02.000 +09,울산,울산중고차,53오4212,4,2,1,381.8471,628.7223,0,0,
38452867,현대,쏘나타 (DN8),2.0 LPG(렌터카용),스타일,202109.0,2022,1560.0,101511.0,LPG(일반인 구입),오토,ORIGINAL,일반,2025-03-19 23:44:02.000 +09,대전,(주)해승모터스,238고6415,0,0,1,0.0,0.0,1,0,
38310408,현대,쏘나타 뉴 라이즈,2.0 스마트,,201710.0,2018,1490.0,36522.0,가솔린,오토,ORIGINAL,일반,2025-03-19 23:44:02.000 +09,경기,굿카모터스,35우3137,2,1,1,207.64,40.038,0,0,
38792829,현대,쏘나타 (DN8),1.6 터보,인스퍼레이션,202304.0,2023,2690.0,14090.0,가솔린,오토,ORIGINAL,일반,2025-03-19 23:44:02.000 +09,대전,제이더블유,373구4650,1,0,1,505.596,0.0,0,0,
37591714,현대,LF 쏘나타,2.0 스마트,(세부등급 없음),201501.0,2015,790.0,112321.0,가솔린,오토,ORIGINAL,일반,2025-03-19 23:44:02.000 +09,경남,메이저모터스,12머2667,6,3,6,1320.5178,678.0563,0,0,
38969457,현대,쏘나타 (DN8),2.0,프리미엄 패밀리,202010.0,2021,1799.0,70298.0,가솔린,오토,ORIGINAL,일반,2025-03-19 23:44:02.000 +09,충남,(주)거상자동차,244누2755,1,3,1,46.7109,564.8082,1,0,
38125819,현대,쏘나타 뉴 라이즈,2.0 터보 스마트,,201705.0,2018,1300.0,137329.0,가솔린,오토,ORIGINAL,일반,2025-03-19 23:44:02.000 +09,부산,우리모터스,49어4092,3,1,2,400.582,73.6433,0,0,
39020762,현대,쏘나타 (DN8),2.0 LPG(렌터카용),스마트,202104.0,2021,1650.0,92469.0,LPG(일반인 구입),오토,ORIGINAL,일반,2025-03-19 23:44:02.000 +09,인천,지티 오토,348가8164,0,0,1,0.0,0.0,1,0,
39213521,현대,쏘나타 디 엣지(DN8),2.0 LPG(렌터카),비즈니스 1,202307.0,2024,2390.0,24637.0,LPG(일반인 구입),오토,ORIGINAL,일반,2025-03-19 23:44:02.000 +09,경기,올뉴카,134수8167,0,0,4,0.0,0.0,0,0,
39182699,현대,LF 쏘나타,2.0 프리미엄,(세부등급 없음),201405.0,2015,890.0,69876.0,가솔린,오토,ORIGINAL,일반,2025-03-19 23:44:02.000 +09,부산,럭키모터스,67버9350,5,4,1,1094.2394,639.6801,0,0,
39065009,현대,LF 쏘나타,1.6 터보 스마트,(세부등급 없음),201605.0,2017,1280.0,60484.0,가솔린,오토,ORIGINAL,일반,2025-03-19 23:43:54.000 +09,경기,(주)카마트몰,27소0641,4,1,1,297.543,23.123,0,0,
36256085,현대,쏘나타 하이브리드,2.0,프리미어,201212.0,2012,590.0,164314.0,가솔린+전기,오토,ORIGINAL,일반,2025-03-19 23:43:52.000 +09,충북,로또자동차매매상사,60거6535,1,0,5,49.143,0.0,0,0,
38006807,현대,YF 쏘나타,Y20 프리미어,최고급형,200910.0,2010,450.0,189000.0,가솔린,오토,ORIGINAL,일반,2025-03-19 23:43:21.000 +09,부산,(주) 더나은 자동차,49오2359,3,3,1,187.1011,392.1637,0,0,
37822942,현대,NF 쏘나타 트랜스폼,LPG N20 럭셔리,,200812.0,2009,280.0,183000.0,LPG(일반인 구입),오토,ORIGINAL,일반,2025-03-19 23:43:21.000 +09,부산,(주) 더나은 자동차,34부3262,2,3,2,99.2789,161.646,0,0,
38579434,현대,쏘나타 (DN8),2.0,프리미엄 패밀리,201908.0,2020,1490.0,17085.0,가솔린,오토,ORIGINAL,일반,2025-03-19 23:43:19.000 +09,부산,(주)엠에스모터스,03무2004,1,1,1,738.595,767.359,0,0,
38321298,현대,쏘나타 (DN8),2.0 LPG(렌터카용),스타일,201910.0,2020,1390.0,107934.0,LPG(일반인 구입),오토,ORIGINAL,일반,2025-03-19 23:43:19.000 +09,대전,(주)뉴보석자동차,315구6246,0,0,1,0.0,0.0,1,0,
38626697,현대,LF 쏘나타,LPI 모던,,201601.0,2016,690.0,177513.0,LPG(일반인 구입),오토,ORIGINAL,일반,2025-03-19 23:43:19.000 +09,광주,(주)누리카파크,40서5849,4,2,4,208.1914,117.8072,1,0,
39194021,현대,쏘나타 (DN8),2.0,프리미엄 패밀리,201912.0,2020,1799.0,71095.0,가솔린,오토,ORIGINAL,일반,2025-03-19 23:43:19.000 +09,충남,다온모터스,251우4565,1,1,2,97.7716,72.7856,1,0,
39189934,현대,LF 쏘나타 하이브리드,2.0 HEV,프리미엄,201703.0,2017,1380.0,65955.0,가솔린+전기,오토,ORIGINAL,일반,2025-03-19 23:43:19.000 +09,경기,나무모터스,21누5316,6,1,1,1057.1956,53.08,0,0,
39200172,현대,쏘나타 (DN8),1.6 터보,인스퍼레이션,202104.0,2021,2590.0,42342.0,가솔린,오토,ORIGINAL,일반,2025-03-19 23:43:19.000 +09,경기,믿음모터스,105가5714,0,0,1,0.0,0.0,0,0,
39089603,현대,쏘나타 (DN8),2.0 LPG(렌터카용),스마트,201911.0,2020,1300.0,135109.0,LPG(일반인 구입),오토,ORIGINAL,일반,2025-03-19 23:43:19.000 +09,인천,조은자동차매매상사,228루5064,1,0,3,379.7149,0.0,1,0,
39049173,현대,YF 쏘나타,Y20 프리미어,고급형,200911.0,2010,269.0,77000.0,가솔린,오토,ORIGINAL,일반,2025-03-19 23:43:19.000 +09,경기,(주)고르고모터스,41주7921,3,3,4,425.0443,152.759,0,0,
38871282,현대,쏘나타 하이브리드 (DN8),인스퍼레이션,,202106.0,2022,2140.0,76928.0,가솔린+전기,오토,ORIGINAL,일반,2025-03-19 23:43:11.000 +09,경기,㈜오토핸즈,160하3965,1,0,0,86.998,0.0,0,0,
38174970,현대,LF 쏘나타 하이브리드,2.0 HEV,모던,201601.0,2016,1180.0,103090.0,가솔린+전기,오토,ORIGINAL,일반,2025-03-19 23:43:11.000 +09,경기,더나은모터스,19버0152,2,5,2,119.2148,446.1519,0,0,
37877788,현대,LF 쏘나타,2.0 스마트,(세부등급 없음),201404.0,2015,750.0,166605.0,가솔린,오토,ORIGINAL,일반,2025-03-19 23:43:11.000 +09,대전,(주)중사모터스,28다6632,5,1,4,725.9074,99.446,0,0,
38978141,현대,쏘나타 하이브리드,2.0,프리미엄,201311.0,2014,690.0,100153.0,가솔린+전기,오토,ORIGINAL,일반,2025-03-19 23:43:11.000 +09,충남,(주)한길자동차,35노9255,9,4,1,831.1874,583.4982,0,0,
38971778,현대,YF 쏘나타,LPI 프리미어(장애인용),,201004.0,2010,279.0,203248.0,LPG(일반인 구입),오토,ORIGINAL,일반,2025-03-19 23:43:11.000 +09,경기,브라더샵,23조8880,4,3,3,288.1736,564.8135,0,0,
38773321,현대,쏘나타 뉴 라이즈,LPI 모던,,201709.0,2018,980.0,146001.0,LPG(일반인 구입),오토,ORIGINAL,일반,2025-03-19 23:43:11.000 +09,충남,누리자동차,123부6075,2,4,4,122.0264,689.8743,1,0,
39201494,현대,쏘나타 (DN8),2.0 LPG(렌터카용),스마트,202101.0,2021,1690.0,58380.0,LPG(일반인 구입),오토,ORIGINAL,일반,2025-03-19 23:43:11.000 +09,인천,오토피아,388오7823,2,0,1,130.9905,0.0,1,0,
39066005,현대,YF 쏘나타,LPI 프리미어(장애인용),,201009.0,2010,320.0,141047.0,LPG(일반인 구입),오토,ORIGINAL,일반,2025-03-19 23:43:11.000 +09,경기,(주)제우스토,56어6451,5,5,3,602.6522,533.183,0,0,
37461190,현대,쏘나타 (DN8),2.0 LPG(렌터카용),스마트,202008.0,2021,1399.0,112787.0,LPG(일반인 구입),오토,ORIGINAL,일반,2025-03-19 23:42:33.000 +09,부산,하이엔드중고사업부,242가9885,2,1,1,324.6074,66.8989,1,0,
39007150,현대,쏘나타 뉴 라이즈,2.0 터보 익스클루시브,,201703.0,2018,1250.0,183381.0,가솔린,오토,ORIGINAL,일반,2025-03-19 23:42:32.000 +09,부산,하이엔드중고사업부,17노1333,2,2,2,185.9787,85.4162,0,0,
39129081,현대,YF 쏘나타,Y20 프리미어,(세부등급 없음),201201.0,2012,630.0,71724.0,가솔린,오토,ORIGINAL,일반,2025-03-19 23:42:10.000 +09,부산,일공일일자동차,48더5736,1,1,1,38.107,35.9218,0,0,
39091290,현대,쏘나타 뉴 라이즈 하이브리드,모던,,201711.0,2018,1260.0,141354.0,가솔린+전기,오토,ORIGINAL,일반,2025-03-19 23:42:10.000 +09,경기,로또모터스,46나7192,3,1,1,445.0491,60.249,0,0,
38792202,현대,쏘나타 (DN8),2.0,인스퍼레이션,202201.0,2022,2350.0,42125.0,가솔린,오토,ORIGINAL,일반,2025-03-19 23:42:10.000 +09,경기,오토플러스(주),157호9383,0,0,0,0.0,0.0,0,0,
39077852,현대,LF 쏘나타,2.0 터보 익스클루시브,,201607.0,2017,749.0,196225.0,가솔린,오토,ORIGINAL,일반,2025-03-19 23:42:10.000 +09,경기,(주)왕카,68저0673,2,3,3,449.3869,1902.91,0,0,
39134683,현대,쏘나타 뉴 라이즈,LPI 택시형,모던,202106.0,2022,1050.0,190000.0,LPG(일반인 구입),오토,ORIGINAL,일반,2025-03-19 23:42:10.000 +09,대구,새봄모터스,396두7812,1,0,1,20.8479,0.0,1,0,
39180005,현대,쏘나타 디 엣지(DN8),2.0,인스퍼레이션,202407.0,2024,3130.0,28862.0,가솔린,오토,ORIGINAL,일반,2025-03-19 23:42:10.000 +09,서울,주식회사 리버모터스,331보2771,1,0,0,56.4,0.0,0,0,
39240422,현대,쏘나타 (DN8),2.0,모던,202212.0,2023,1860.0,38140.0,가솔린,오토,ORIGINAL,일반,2025-03-19 23:42:02.000 +09,경기,롯데렌탈주식회사,204다5142,0,0,0,0.0,0.0,1,0,
39236030,현대,쏘나타 하이브리드 (DN8),모던,,202208.0,2023,1850.0,93394.0,가솔린+전기,오토,ORIGINAL,일반,2025-03-19 23:42:02.000 +09,경기,㈜오토핸즈,172하3621,1,0,0,0.0,0.0,0,0,
39227788,현대,쏘나타 (DN8),2.0,프리미엄,201907.0,2020,1799.0,33874.0,가솔린,오토,ORIGINAL,일반,2025-03-19 23:42:02.000 +09,부산,(주) 신강변모터스,220라5575,4,3,1,288.3087,0.0,1,0,
38884947,현대,YF 쏘나타,LPI 디럭스,,201001.0,2010,300.0,115761.0,LPG(일반인 구입),오토,ORIGINAL,일반,2025-03-19 23:42:02.000 +09,충북,더챔오토,22러7920,1,0,2,81.7363,0.0,0,0,
37839871,현대,쏘나타 하이브리드 (DN8),인스퍼레이션,,202003.0,2020,2470.0,37709.0,가솔린+전기,오토,ORIGINAL,일반,2025-03-19 23:42:02.000 +09,인천,진솔모터스,121조9228,2,1,2,165.849,129.708,1,0,
38331343,현대,쏘나타 (DN8),2.0 LPG(렌터카용),스마트,202003.0,2020,1650.0,79775.0,LPG(일반인 구입),오토,ORIGINAL,일반,2025-03-19 23:42:02.000 +09,대전,(주)뉴보석자동차,109마9865,0,0,1,0.0,0.0,1,0,
38519499,현대,LF 쏘나타,2.0 스마트,(세부등급 없음),201503.0,2015,790.0,119859.0,가솔린,오토,ORIGINAL,일반,2025-03-19 23:42:02.000 +09,경기,하늘모터스,38저1733,4,3,3,247.0371,1556.0657,0,0,
38766819,현대,쏘나타 더 브릴리언트,CVVL 모던,,201408.0,2014,730.0,41316.0,가솔린,오토,ORIGINAL,일반,2025-03-19 23:42:02.000 +09,경기,퍼스트다이렉트모터스,56마2950,3,1,1,492.231,215.8504,0,0,
39159816,현대,LF 쏘나타,2.0 스마트,스페셜,201512.0,2016,890.0,159169.0,가솔린,오토,ORIGINAL,일반,2025-03-19 23:42:02.000 +09,부산,카플릭스,43너0195,0,0,1,0.0,0.0,0,0,
39131570,현대,LF 쏘나타,2.0 스마트,(세부등급 없음),201405.0,2015,1320.0,50425.0,가솔린,오토,ORIGINAL,일반,2025-03-19 23:42:02.000 +09,경기,벧엘자동차2,28가3056,1,0,3,50.1008,0.0,0,0,
39220066,현대,쏘나타 (DN8),2.0,프리미엄 밀레니얼,202007.0,2021,1760.0,99243.0,가솔린,오토,ORIGINAL,일반,2025-03-19 23:42:02.000 +09,서울,롯데렌탈주식회사,127무6445,0,0,0,0.0,0.0,1,0,
39211299,현대,쏘나타 (DN8),2.0 LPG(렌터카용),스타일,202102.0,2021,1359.0,88729.0,LPG(일반인 구입),오토,ORIGINAL,일반,2025-03-19 23:42:02.000 +09,경기,카오션,212누6860,2,0,1,395.9644,0.0,1,0,
39211046,현대,쏘나타 뉴 라이즈,2.0 스마트 스페셜,,201903.0,2019,1660.0,46151.0,가솔린,오토,ORIGINAL,일반,2025-03-19 23:42:02.000 +09,경기,(주)준모터스,56우6465,0,1,2,0.0,41.804,0,0,
39258729,현대,YF 쏘나타,Y20 프리미어,(세부등급 없음),201111.0,2012,9000.0,160836.0,가솔린,오토,ORIGINAL,일반,2025-03-19 23:42:02.000 +09,경기,오토모빌,56무7163,3,2,5,206.3463,68.663,0,0,
38761737,현대,YF 쏘나타,Y20 그랜드,,201007.0,2010,390.0,117014.0,가솔린,오토,ORIGINAL,일반,2025-03-19 23:41:44.000 +09,부산,태성모터스,47무4965,0,1,2,0.0,109.3,0,0,
39068312,현대,LF 쏘나타 하이브리드,2.0 플러그인 HEV,익스클루시브,201508.0,2016,1440.0,120162.0,가솔린+전기,오토,ORIGINAL,일반,2025-03-19 23:41:17.000 +09,경기,주식회사 리본자동차,17누1994,2,1,1,250.699,70.764,0,0,
39076526,현대,쏘나타 뉴 라이즈 하이브리드,프리미엄,(세부등급 없음),201710.0,2018,1399.0,155002.0,가솔린+전기,오토,ORIGINAL,일반,2025-03-19 23:41:16.000 +09,경기,주식회사 리본자동차,48거2049,2,2,2,263.596,82.2982,0,0,
38565784,현대,쏘나타 하이브리드 (DN8),프리미엄 플러스,,202108.0,2022,2250.0,71509.0,가솔린+전기,오토,ORIGINAL,일반,2025-03-19 23:41:10.000 +09,인천,패밀리카,372보7648,1,0,1,37.7779,0.0,0,0,
38307047,현대,쏘나타 (DN8),2.0 LPG(렌터카용),스마트,201912.0,2020,1649.0,75007.0,LPG(일반인 구입),오토,ORIGINAL,일반,2025-03-19 23:41:10.000 +09,경기,so모터스,101누8397,1,1,1,75.3782,366.2709,1,0,
38981021,현대,쏘나타 (DN8),2.0 LPG(렌터카용),스마트,202001.0,2020,1330.0,111417.0,LPG(일반인 구입),오토,ORIGINAL,일반,2025-03-19 23:41:10.000 +09,경기,㈜오토핸즈,155라6352,0,0,2,0.0,0.0,1,0,
38956935,현대,쏘나타 (DN8),2.0,프리미엄 플러스,202303.0,2023,2200.0,23857.0,가솔린,오토,ORIGINAL,일반,2025-03-19 23:41:10.000 +09,서울,오토플러스(주),261나2014,0,0,1,0.0,0.0,1,0,
38829299,현대,쏘나타 (DN8),1.6 터보,모던,202107.0,2022,2090.0,30043.0,가솔린,오토,ORIGINAL,일반,2025-03-19 23:41:10.000 +09,인천,이솔모터스,273부9931,1,0,1,124.3236,0.0,0,0,
38829299,현대,쏘나타 (DN8),1.6 터보,모던,202107.0,2022,2090.0,30043.0,가솔린,오토,ORIGINAL,일반,2025-03-19 23:41:10.000 +09,인천,이솔모터스,273부9931,1,0,0,124.3236,0.0,0,0,
39025944,현대,쏘나타 (DN8),2.0 LPG(렌터카용),스타일,201912.0,2020,1490.0,61584.0,LPG(일반인 구입),오토,ORIGINAL,일반,2025-03-19 23:41:10.000 +09,경기,카운셀러,204다5181,0,0,1,0.0,0.0,1,0,
39019894,현대,쏘나타 더 브릴리언트,CVVL 스마트,,201208.0,2013,579.0,83647.0,가솔린,오토,ORIGINAL,일반,2025-03-19 23:41:10.000 +09,경기,스마일자동차,49두7174,2,2,7,121.6533,129.24,0,0,
39249713,현대,LF 쏘나타,LPI 모던(장애인용),,201407.0,2015,990.0,133249.0,LPG(일반인 구입),오토,ORIGINAL,일반,2025-03-19 23:41:10.000 +09,경기,벧엘자동차2,69저3735,4,3,2,233.7577,500.4097,0,0,
39089223,현대,LF 쏘나타 하이브리드,2.0 HEV,스마트,201506.0,2016,1019.0,89255.0,가솔린+전기,오토,ORIGINAL,일반,2025-03-19 23:41:10.000 +09,경기,골드상사,27어4051,3,2,3,306.8531,178.0128,0,0,
39192001,현대,쏘나타 (DN8),2.0,프리미엄 패밀리,201907.0,2020,1865.0,59383.0,가솔린,오토,ORIGINAL,일반,2025-03-19 23:41:10.000 +09,경남,오케이오토,69도6395,0,1,0,0.0,72.1,0,0,
39253567,현대,LF 쏘나타,2.0 프리미엄,(세부등급 없음),201502.0,2015,1030.0,125926.0,가솔린,오토,ORIGINAL,일반,2025-03-19 23:41:02.000 +09,서울,(주)모든자동차,22서5340,4,1,5,234.8199,119.252,0,0,
39237153,현대,LF 쏘나타,LPI 프리미엄 스페셜,,201406.0,2015,680.0,189492.0,LPG(일반인 구입),오토,ORIGINAL,일반,2025-03-19 23:41:02.000 +09,인천,신국제상사,69더0544,1,1,4,311.0029,35.133,1,0,
39127830,현대,쏘나타 (DN8),2.0,모던,202202.0,2022,1789.0,44838.0,가솔린,오토,ORIGINAL,일반,2025-03-19 23:41:02.000 +09,인천,(주)지후모터스,398나3635,4,2,1,587.4349,399.7479,0,0,
39175814,현대,쏘나타 뉴 라이즈,LPI 모던,,201903.0,2019,9999.0,112925.0,LPG(일반인 구입),오토,ORIGINAL,일반,2025-03-19 23:41:02.000 +09,경기,주식회사 아이작,23소2723,1,0,2,93.0213,0.0,0,0,
39180599,현대,쏘나타 (DN8),1.6 터보,프리미엄 밀레니얼,202006.0,2021,1910.0,116194.0,가솔린,오토,ORIGINAL,일반,2025-03-19 23:41:02.000 +09,경기,(주)왕카,106저4310,2,0,3,96.3715,0.0,0,0,
39223624,현대,LF 쏘나타,2.0 스타일,(세부등급 없음),201404.0,2015,720.0,128689.0,가솔린,오토,ORIGINAL,일반,2025-03-19 23:41:02.000 +09,서울,케이앤드에스상사,68구8738,5,1,1,837.6004,36.277,0,0,
37570821,현대,LF 쏘나타,LPI 모던(장애인용),,201505.0,2015,1170.0,96426.0,LPG(일반인 구입),오토,ORIGINAL,일반,2025-03-19 23:41:02.000 +09,경기,오토스마일,40무5943,4,1,4,325.5922,85.6324,0,0,
37908590,현대,쏘나타 (DN8),2.0 LPG,인스퍼레이션,201907.0,2020,2020.0,103382.0,LPG(일반인 구입),오토,ORIGINAL,일반,2025-03-19 23:41:02.000 +09,서울,라인자동차,245버9394,3,0,3,464.0524,0.0,1,0,
38720345,현대,쏘나타 더 브릴리언트,LPI 프리미엄,,201310.0,2014,440.0,196741.0,LPG(일반인 구입),오토,ORIGINAL,일반,2025-03-19 23:41:02.000 +09,전북,뉴소나무상사,31머2443,5,2,4,1264.4861,399.39,1,0,
38693158,현대,YF 쏘나타,LPI 럭셔리,,200910.0,2010,350.0,146686.0,LPG(일반인 구입),오토,ORIGINAL,일반,2025-03-19 23:41:02.000 +09,인천,좋은차와사람들,61우1920,0,2,1,0.0,75.59,0,0,
39103799,현대,NF 쏘나타,LPG N20 럭셔리,기본형,200711.0,2008,270.0,100000.0,LPG(일반인 구입),오토,ORIGINAL,일반,2025-03-19 23:40:52.000 +09,부산,대원모터스,13고9033,0,1,4,0.0,118.3358,0,0,
38759667,현대,쏘나타 (DN8),2.0,프리미엄,201911.0,2020,1600.0,18000.0,가솔린,오토,ORIGINAL,일반,2025-03-19 23:40:52.000 +09,부산,대원모터스,303오8690,2,4,2,706.001,273.2092,0,0,
38422788,현대,쏘나타 (DN8),2.0 LPG,프리미엄 플러스,202111.0,2022,1950.0,97849.0,LPG(일반인 구입),오토,ORIGINAL,일반,2025-03-19 23:40:52.000 +09,부산,대원모터스,322모7139,0,1,0,0.0,0.0,0,0,
37541109,현대,YF 쏘나타,Y20 프리미어,(세부등급 없음),201009.0,2011,550.0,69141.0,가솔린,오토,ORIGINAL,일반,2025-03-19 23:40:37.000 +09,부산,천조상사,69보8258,3,2,1,159.5218,118.3123,0,0,
36777724,현대,쏘나타 (DN8),2.0 LPG(렌터카용),스마트,201906.0,2020,1430.0,89135.0,LPG(일반인 구입),오토,ORIGINAL,일반,2025-03-19 23:40:11.000 +09,광주,금상모터스,135러7047,3,1,2,313.2527,0.0,1,0,
38206624,현대,LF 쏘나타,LPI 프리미엄,,201411.0,2015,1100.0,54527.0,LPG(일반인 구입),오토,ORIGINAL,일반,2025-03-19 23:40:11.000 +09,충남,드림오토,69더7478,4,6,1,409.5245,508.3384,0,0,
38594425,현대,쏘나타 뉴 라이즈,2.0 스타일,,201801.0,2018,899.0,172306.0,가솔린,오토,ORIGINAL,일반,2025-03-19 23:40:11.000 +09,경기,블루오토,286너3534,0,0,4,0.0,0.0,1,0,
39007265,현대,쏘나타 (DN8),2.0,프리미엄,201911.0,2020,1650.0,67735.0,가솔린,오토,ORIGINAL,일반,2025-03-19 23:40:11.000 +09,경기,오토플러스(주),178모5716,2,2,5,319.69,85.154,0,0,
38909150,현대,쏘나타 (DN8),2.0,인스퍼레이션,201904.0,2020,1899.0,86299.0,가솔린,오토,ORIGINAL,일반,2025-03-19 23:40:11.000 +09,대구,가온모터스,28누5325,3,0,0,314.2312,0.0,0,0,
38854000,현대,쏘나타 뉴 라이즈,2.0 모던,,201801.0,2018,1449.0,76568.0,가솔린,오토,ORIGINAL,일반,2025-03-19 23:40:11.000 +09,부산,(주)승학모터스,138더5849,1,2,3,279.561,386.6249,1,0,
39100364,현대,LF 쏘나타,LPI 프리미엄,,201603.0,2016,1170.0,33953.0,LPG(일반인 구입),오토,ORIGINAL,일반,2025-03-19 23:40:11.000 +09,서울,(주)뉴카뱅크,30보0361,2,2,1,141.5318,266.7298,0,0,
38585736,현대,쏘나타 뉴 라이즈,1.7 디젤 스마트,,201711.0,2018,799.0,134459.0,디젤,오토,ORIGINAL,일반,2025-03-19 23:40:11.000 +09,서울,(주)더골드모터스,152마6632,3,0,4,337.037,0.0,3,0,
38761603,현대,쏘나타 뉴 라이즈,LPI 모던,,201710.0,2018,920.0,176843.0,LPG(일반인 구입),오토,ORIGINAL,일반,2025-03-19 23:40:11.000 +09,대구,제일자동차상사,117소7574,0,2,1,0.0,110.787,1,0,
38765768,현대,쏘나타 (DN8),2.0,프리미엄 패밀리,202010.0,2021,1840.0,38729.0,가솔린,오토,ORIGINAL,일반,2025-03-19 23:40:11.000 +09,서울,자동차친구,175더8278,3,2,1,454.3884,269.5929,0,0,
38425343,현대,쏘나타 더 브릴리언트,LPI 프리미엄,,201309.0,2014,470.0,153450.0,LPG(일반인 구입),오토,ORIGINAL,일반,2025-03-19 23:40:03.000 +09,인천,달인자동차,67버2485,3,3,2,164.276,158.083,0,0,
38310022,현대,쏘나타 하이브리드,2.0,프리미엄,201303.0,2014,680.0,77007.0,가솔린+전기,오토,ORIGINAL,일반,2025-03-19 23:40:03.000 +09,경기,믿음모터스,35더3036,4,6,2,591.796,846.5224,0,0,
38052687,현대,쏘나타 (DN8),1.6 터보,프리미엄 패밀리,202005.0,2021,1599.0,76819.0,가솔린,오토,ORIGINAL,일반,2025-03-19 23:40:03.000 +09,경기,(주)왕카,351오7858,2,1,1,90.7036,0.0,0,0,
37589099,현대,LF 쏘나타,2.0 스마트,(세부등급 없음),201406.0,2015,1097.0,35961.0,가솔린,오토,ORIGINAL,일반,2025-03-19 23:40:03.000 +09,인천,모터바겐,65버7359,4,2,2,311.0695,351.38,0,0,
39154464,현대,YF 쏘나타,Y20 프라임,블랙,201103.0,2011,580.0,99760.0,가솔린,오토,ORIGINAL,일반,2025-03-19 23:40:03.000 +09,경북,부릉부릉닷컴(주),62주3200,5,3,2,508.4446,795.399,0,0,
39106150,현대,LF 쏘나타,2.0 프리미엄,스페셜,201603.0,2016,820.0,146861.0,가솔린,오토,ORIGINAL,일반,2025-03-19 23:40:03.000 +09,광주,하나자동차매매상사,06루6618,6,5,3,921.6495,1230.741,1,0,
39127896,현대,LF 쏘나타,2.0 스타일,스페셜,201509.0,2016,870.0,95989.0,가솔린,오토,ORIGINAL,일반,2025-03-19 23:40:03.000 +09,대전,(주)강철,34부2734,2,3,7,287.973,324.3211,1,0,
39085814,현대,쏘나타 더 브릴리언트,LPI 스마트,,201305.0,2013,530.0,127081.0,LPG(일반인 구입),오토,ORIGINAL,일반,2025-03-19 23:40:03.000 +09,부산,그랜드모터스,56루5618,2,2,4,58.419,140.7575,1,0,
38650705,현대,쏘나타 (DN8),1.6 터보,프리미엄 패밀리,202006.0,2021,1890.0,89989.0,가솔린,오토,ORIGINAL,일반,2025-03-19 23:40:03.000 +09,인천,지티 오토,171우4773,1,0,0,147.12,0.0,0,0,
38986461,현대,LF 쏘나타 하이브리드,2.0 HEV,프리미엄,201511.0,2016,940.0,130079.0,가솔린+전기,오토,ORIGINAL,일반,2025-03-19 23:40:03.000 +09,경남,더케어모터스,13수0973,3,5,1,840.6714,804.795,0,0,
38519013,현대,LF 쏘나타,LPI 스마트,,201404.0,2015,650.0,161314.0,LPG(일반인 구입),오토,ORIGINAL,일반,2025-03-19 23:40:03.000 +09,경남,세종모터스,45거8584,5,0,4,367.3574,0.0,2,0,
38885013,현대,LF 쏘나타,LPI 스마트,,201607.0,2016,630.0,184786.0,LPG(일반인 구입),오토,ORIGINAL,일반,2025-03-19 23:40:03.000 +09,광주,(주)누리카파크,150보4618,0,0,4,0.0,0.0,1,0,
38481721,현대,LF 쏘나타 하이브리드,2.0 HEV,모던,201502.0,2015,980.0,134737.0,가솔린+전기,오토,ORIGINAL,일반,2025-03-19 23:39:14.000 +09,충북,(주)더챔,22버6854,3,0,6,314.9967,0.0,0,0,
39016288,현대,쏘나타 디 엣지 하이브리드(DN8),인스퍼레이션,,202308.0,2024,3690.0,16166.0,가솔린+전기,오토,ORIGINAL,일반,2025-03-19 23:39:14.000 +09,경기,풍년자동차,142나3757,0,0,0,0.0,0.0,0,0,
38690707,현대,쏘나타 더 브릴리언트,LPI 모던,,201401.0,2014,490.0,119107.0,LPG(일반인 구입),오토,ORIGINAL,일반,2025-03-19 23:39:14.000 +09,경기,토토자동차,40더7127,5,3,1,395.035,169.7355,0,0,
38657390,현대,쏘나타 더 브릴리언트,LPI 스마트,,201211.0,2013,390.0,181780.0,LPG(일반인 구입),오토,ORIGINAL,일반,2025-03-19 23:39:14.000 +09,경기,레인보우,41나0950,2,0,9,80.6568,0.0,1,0,
38583938,현대,쏘나타 디 엣지(DN8),1.6 터보,인스퍼레이션,202311.0,2024,3150.0,14133.0,가솔린,오토,ORIGINAL,일반,2025-03-19 23:39:14.000 +09,인천,주식회사 투게더카,226어4049,1,0,1,164.03,0.0,0,0,
39269973,현대,쏘나타 (DN8),1.6 터보,스마트,202002.0,2020,1630.0,67581.0,가솔린,오토,ORIGINAL,일반,2025-03-19 23:39:06.000 +09,부산,가람모터스,348구2912,2,0,0,181.9,0.0,0,0,
39082854,현대,쏘나타 (DN8),1.6 터보,프리미엄,201912.0,2020,1580.0,95730.0,가솔린,오토,ORIGINAL,일반,2025-03-19 23:39:06.000 +09,대전,(주) 서희디오토,267우5345,1,0,1,249.5989,0.0,1,0,
39246193,현대,쏘나타 뉴 라이즈,2.0 스마트,,201711.0,2018,999.0,130928.0,가솔린,오토,ORIGINAL,일반,2025-03-19 23:39:06.000 +09,광주,드림카마켓,198부2847,5,3,1,726.5958,600.25,1,0,
39151123,현대,쏘나타 하이브리드,2.0,프리미어,201301.0,2013,599.0,168240.0,가솔린+전기,오토,ORIGINAL,일반,2025-03-19 23:39:06.000 +09,대구,성수 종합자동차상사,16가7760,2,0,2,91.3537,0.0,0,0,
38196163,현대,쏘나타 하이브리드 (DN8),인스퍼레이션,,202006.0,2020,2399.0,88531.0,가솔린+전기,오토,ORIGINAL,일반,2025-03-19 23:39:06.000 +09,대구,트러스트 오토모빌,137로3636,1,0,1,69.9619,0.0,0,0,
37386387,현대,LF 쏘나타,2.0 스마트,(세부등급 없음),201508.0,2016,950.0,108357.0,가솔린,오토,ORIGINAL,일반,2025-03-19 23:39:06.000 +09,경기,하나모터스,348다9732,0,0,3,0.0,0.0,1,0,
38556095,현대,쏘나타 (DN8),2.0 LPG,모던,202111.0,2022,2150.0,8498.0,LPG(일반인 구입),오토,ORIGINAL,일반,2025-03-19 23:39:06.000 +09,서울,(주)더골드모터스,103수3229,0,1,1,0.0,89.762,0,0,
38472121,현대,쏘나타 하이브리드,2.0,모던,201305.0,2014,549.0,134425.0,가솔린+전기,오토,ORIGINAL,일반,2025-03-19 23:39:06.000 +09,서울,(주)뉴 에 버 모 터 스,35라4379,2,2,1,96.3624,688.743,0,0,
38728430,현대,YF 쏘나타,Y20 프리미어,(세부등급 없음),201108.0,2012,480.0,147473.0,가솔린,오토,ORIGINAL,일반,2025-03-19 23:39:06.000 +09,경기,프렌즈모터스,61모6239,4,1,3,270.0202,88.3,0,0,
38621994,현대,쏘나타 뉴 라이즈,2.0 모던,,201710.0,2018,1690.0,57972.0,가솔린,오토,ORIGINAL,일반,2025-03-19 23:39:06.000 +09,광주,대오모터스,65거4454,0,0,4,0.0,0.0,1,0,
38638259,현대,쏘나타 디 엣지 하이브리드(DN8),인스퍼레이션,,202309.0,2024,3550.0,24098.0,가솔린+전기,오토,ORIGINAL,일반,2025-03-19 23:39:06.000 +09,경기,알차,185너2168,1,1,1,52.0769,48.419,0,0,
38552905,현대,쏘나타 (DN8),1.6 터보,프리미엄 패밀리,202008.0,2021,1920.0,64602.0,가솔린,오토,ORIGINAL,일반,2025-03-19 23:38:46.000 +09,경기,인연모터스,389다8122,3,0,4,492.7949,0.0,0,0,
38572532,현대,LF 쏘나타,2.0 스마트,(세부등급 없음),201609.0,2016,1030.0,98618.0,가솔린,오토,ORIGINAL,일반,2025-03-19 23:38:20.000 +09,경남,한강모터스,333고1482,3,0,4,274.777,0.0,1,0,
38752112,현대,YF 쏘나타,Y20 프리미어,최고급형,201002.0,2010,350.0,100328.0,가솔린,오토,ORIGINAL,일반,2025-03-19 23:38:12.000 +09,부산,봉카,12라1231,5,2,4,442.8346,925.0504,0,0,
38747288,현대,LF 쏘나타,2.0 스마트,(세부등급 없음),201404.0,2015,930.0,88222.0,가솔린,오토,ORIGINAL,일반,2025-03-19 23:38:12.000 +09,부산,제이오토,49서7520,6,1,4,557.522,88.698,0,0,
38655851,현대,YF 쏘나타,Y20 월드컵 스페셜 에디션,,201006.0,2010,490.0,68452.0,가솔린,오토,ORIGINAL,일반,2025-03-19 23:38:12.000 +09,경기,(주)유레카,30너1931,5,0,3,463.7441,0.0,0,0,
38552801,현대,LF 쏘나타,LPI 모던,,201502.0,2015,750.0,160680.0,LPG(일반인 구입),오토,ORIGINAL,일반,2025-03-19 23:38:12.000 +09,경기,에쓰아이모터스,49노3340,3,4,1,379.7267,788.574,0,0,
38220888,현대,쏘나타 (DN8),2.0,프리미엄,201907.0,2020,1700.0,90317.0,가솔린,오토,ORIGINAL,일반,2025-03-19 23:38:12.000 +09,경기,중고차A팀,237로2670,2,0,2,180.4573,0.0,1,0,
38220999,현대,쏘나타 뉴 라이즈,LPI 스타일,,201711.0,2018,810.0,122363.0,LPG(일반인 구입),오토,ORIGINAL,일반,2025-03-19 23:38:12.000 +09,경기,중고차A팀,126도9678,3,2,2,158.3607,209.5175,1,0,
38259945,현대,LF 쏘나타,2.0 터보 익스클루시브,,201505.0,2015,1340.0,59526.0,가솔린,오토,ORIGINAL,일반,2025-03-19 23:38:12.000 +09,경기,카메이트,66고4134,4,2,7,617.5729,229.2315,0,0,
38922139,현대,LF 쏘나타,2.0 스타일,(세부등급 없음),201511.0,2016,830.0,116153.0,가솔린,오토,ORIGINAL,일반,2025-03-19 23:38:12.000 +09,경기,중고차A팀,18고7354,2,1,4,247.9483,105.826,0,0,
38868070,현대,쏘나타 뉴 라이즈,LPI 스타일,,201711.0,2018,1099.0,133791.0,LPG(일반인 구입),오토,ORIGINAL,일반,2025-03-19 23:38:12.000 +09,서울,태광티에프,131서9944,1,3,3,95.0,286.7709,2,0,
39156779,현대,LF 쏘나타,LPI 모던(장애인용),,201506.0,2015,1045.0,129569.0,LPG(일반인 구입),오토,ORIGINAL,일반,2025-03-19 23:38:12.000 +09,충남,천운자동차,26누6380,4,1,3,230.91,179.0602,0,0,
39108443,현대,쏘나타 디 엣지 하이브리드(DN8),익스클루시브,,202402.0,2024,3140.0,20652.0,가솔린+전기,오토,ORIGINAL,일반,2025-03-19 23:38:12.000 +09,경기,차투차,274너4609,0,0,1,0.0,0.0,1,0,
39056880,현대,LF 쏘나타,2.4 익스클루시브,,201404.0,2015,1120.0,85968.0,가솔린,오토,ORIGINAL,일반,2025-03-19 23:38:12.000 +09,경기,울트라모터스,31머9745,3,0,5,275.4321,0.0,0,0,
39249061,현대,쏘나타 (DN8),1.6 터보,프리미엄 밀레니얼,201912.0,2020,2150.0,59812.0,가솔린,오토,ORIGINAL,일반,2025-03-19 23:38:12.000 +09,부산,오토플러스(주),230조5147,1,0,4,48.5809,0.0,0,0,
39218873,현대,LF 쏘나타,LPI 프리미엄,,201609.0,2017,680.0,150672.0,LPG(일반인 구입),오토,ORIGINAL,일반,2025-03-19 23:38:12.000 +09,경기,용인중고차,109누5074,1,0,8,868.7775,0.0,1,0,
37983024,현대,쏘나타 뉴 라이즈,2.0 스마트,,201703.0,2018,850.0,160951.0,가솔린,오토,ORIGINAL,일반,2025-03-19 23:38:03.000 +09,경기,블루오토,17너1392,2,0,1,199.583,0.0,0,0,
39205585,현대,LF 쏘나타,2.0 스마트,(세부등급 없음),201406.0,2015,950.0,93644.0,가솔린,오토,ORIGINAL,일반,2025-03-19 23:38:03.000 +09,대전,(주)케이제이모터스,16소3804,1,1,3,38.9446,133.384,1,0,
39182775,현대,쏘나타 (DN8),2.0,인스퍼레이션,202002.0,2020,2270.0,53798.0,가솔린,오토,ORIGINAL,일반,2025-03-19 23:38:03.000 +09,경기,벧엘자동차2,130수5038,2,0,3,530.5758,0.0,0,0,
39244588,현대,쏘나타 (DN8),2.0,프리미엄 패밀리,202102.0,2021,1690.0,108751.0,가솔린,오토,ORIGINAL,일반,2025-03-19 23:38:03.000 +09,대전,태양자동차(주),231버2925,0,0,1,0.0,0.0,1,0,
38562132,현대,YF 쏘나타,LPI 프리미어(장애인용),,201007.0,2011,493.0,105742.0,LPG(일반인 구입),오토,ORIGINAL,일반,2025-03-19 23:38:03.000 +09,충북,엑스포자동차매매단지,13노9113,2,3,2,95.2,261.932,0,0,
37056941,현대,LF 쏘나타,LPI 프리미엄,,201501.0,2015,670.0,132981.0,LPG(일반인 구입),오토,ORIGINAL,일반,2025-03-19 23:38:03.000 +09,대구,브라더모터스,42주8185,1,1,3,0.0,275.571,0,0,
38531420,현대,LF 쏘나타,2.0 스타일,(세부등급 없음),201410.0,2015,830.0,118695.0,가솔린,오토,ORIGINAL,일반,2025-03-19 23:38:03.000 +09,인천,정우모터스,56우4070,3,0,8,142.01,0.0,0,0,
38862357,현대,LF 쏘나타,2.0 스마트,(세부등급 없음),201405.0,2015,800.0,123190.0,가솔린,오토,ORIGINAL,일반,2025-03-19 23:38:03.000 +09,서울,주식회사이엑스오토,58무5615,3,0,2,282.1845,0.0,0,0,
38275262,현대,쏘나타 더 브릴리언트,CVVL 스마트,,201302.0,2013,550.0,142090.0,가솔린,오토,ORIGINAL,일반,2025-03-19 23:37:51.000 +09,경남,(주)오토정,06오1370,5,0,5,677.1446,0.0,1,0,
38830351,현대,쏘나타 뉴 라이즈,1.6 터보 스마트,,201705.0,2018,1430.0,78194.0,가솔린,오토,ORIGINAL,일반,2025-03-19 23:37:48.000 +09,울산,태성모터스,68루2431,3,1,1,129.647,62.008,0,0,
39210077,현대,쏘나타 (DN8),1.6 터보,프리미엄,201912.0,2020,1750.0,105065.0,가솔린,오토,ORIGINAL,일반,2025-03-19 23:37:11.000 +09,경기,(주)왕카,269우2298,1,0,1,238.96,0.0,1,0,
38618294,현대,쏘나타 (DN8),2.0,프리미엄 패밀리,202102.0,2021,1930.0,56660.0,가솔린,오토,ORIGINAL,일반,2025-03-19 23:37:11.000 +09,인천,신신상사 주식회사,148부2057,1,0,1,52.5811,0.0,0,0,
38667365,현대,쏘나타 뉴 라이즈,LPI 스타일,,201712.0,2018,840.0,153614.0,LPG(일반인 구입),오토,ORIGINAL,일반,2025-03-19 23:37:11.000 +09,인천,수모터스,258라4505,2,1,3,186.7234,68.64,1,0,
39118104,현대,LF 쏘나타,2.0 스마트,스페셜,201701.0,2017,900.0,162514.0,가솔린,오토,ORIGINAL,일반,2025-03-19 23:37:11.000 +09,경기,주식회사 지오모터스,343버5326,1,0,2,27.354,0.0,1,0,
39093424,현대,YF 쏘나타,LPI 프리미어(장애인용),,201012.0,2011,300.0,163529.0,LPG(일반인 구입),오토,ORIGINAL,일반,2025-03-19 23:37:11.000 +09,경기,디에이치모터스,311너2762,2,2,2,232.4465,147.0884,1,0,
38127897,현대,LF 쏘나타 하이브리드,2.0 HEV,모던,201507.0,2016,990.0,131693.0,가솔린+전기,오토,ORIGINAL,일반,2025-03-19 23:37:03.000 +09,경기,그랜드모터스,20조4073,4,2,2,270.7001,232.06,0,0,
39142938,현대,쏘나타 뉴 라이즈,2.0 스마트 스페셜,,201809.0,2019,1320.0,42833.0,가솔린,오토,ORIGINAL,일반,2025-03-19 23:37:03.000 +09,경기,오토허브셀카,204소4195,4,0,0,256.691,0.0,1,0,
39127167,현대,쏘나타 뉴 라이즈,LPI 스타일,,201803.0,2018,799.0,191563.0,LPG(일반인 구입),오토,ORIGINAL,일반,2025-03-19 23:37:03.000 +09,충남,CAR유모터스,197오8725,3,2,3,354.8299,490.0912,1,0,
39202410,현대,쏘나타 (DN8),1.6 터보,인스퍼레이션,202002.0,2020,9999.0,89163.0,가솔린,오토,ORIGINAL,일반,2025-03-19 23:37:03.000 +09,인천,(주)에이엠지모터스,101수1525,6,3,2,699.2119,275.5944,0,0,
39202390,현대,LF 쏘나타,LPI 모던(장애인용),,201410.0,2015,980.0,124016.0,LPG(일반인 구입),오토,ORIGINAL,일반,2025-03-19 23:37:03.000 +09,경기,코리아모터스,18로2445,0,0,2,0.0,0.0,0,0,
39244443,현대,LF 쏘나타 하이브리드,2.0 HEV,모던,201509.0,2016,790.0,162178.0,가솔린+전기,오토,ORIGINAL,일반,2025-03-19 23:37:03.000 +09,인천,황소모터스,205우4762,6,0,3,414.0412,0.0,1,0,
39235877,현대,쏘나타 (DN8),1.6 터보,프리미엄 패밀리,201911.0,2020,1790.0,99815.0,가솔린,오토,ORIGINAL,일반,2025-03-19 23:37:03.000 +09,충남,sb모터스,113부8555,4,5,5,240.9158,337.1849,0,0,
38777084,현대,쏘나타 하이브리드 (DN8),프리미엄,패밀리,202007.0,2021,1870.0,92699.0,가솔린+전기,오토,ORIGINAL,일반,2025-03-19 23:37:03.000 +09,경남,주.오토월드,138거9001,1,1,1,211.4,210.0,0,0,
38904572,현대,쏘나타 뉴 라이즈 하이브리드,프리미엄,(세부등급 없음),201901.0,2019,1480.0,66068.0,가솔린+전기,오토,ORIGINAL,일반,2025-03-19 23:37:03.000 +09,대구,원.MOTORS,211다6720,2,0,4,676.1561,0.0,1,0,
38967785,현대,쏘나타 (DN8),2.0,인스퍼레이션,202212.0,2023,2260.0,33833.0,가솔린,오토,ORIGINAL,일반,2025-03-19 23:37:03.000 +09,경기,카메이트,263더8202,1,0,1,298.333,0.0,1,0,
38983490,현대,LF 쏘나타,LPI 프리미엄,,201608.0,2017,930.0,132017.0,LPG(일반인 구입),오토,ORIGINAL,일반,2025-03-19 23:37:03.000 +09,경기,중고차A팀,23버0560,3,1,3,819.7344,55.2562,0,0,
38918815,현대,쏘나타 (DN8),2.0 LPG(렌터카용),스타일,202101.0,2021,1240.0,145573.0,LPG(일반인 구입),오토,ORIGINAL,일반,2025-03-19 23:37:03.000 +09,충남,(주)올바른자동차,384누9069,1,0,1,34.4667,0.0,1,0,
38517543,현대,LF 쏘나타 하이브리드,2.0 HEV,프리미엄,201412.0,2015,1390.0,106685.0,가솔린+전기,오토,ORIGINAL,일반,2025-03-19 23:37:03.000 +09,대구,튼튼모터스,302고4729,3,0,5,517.2988,0.0,1,0,
38484098,현대,LF 쏘나타,2.0 스마트,(세부등급 없음),201601.0,2016,1030.0,103523.0,가솔린,오토,ORIGINAL,일반,2025-03-19 23:37:03.000 +09,경남,마린모터스,17어0586,2,3,5,485.3949,586.8407,0,0,
38598299,현대,쏘나타 (DN8),2.0,프리미엄 패밀리,202104.0,2021,2150.0,43330.0,가솔린,오토,ORIGINAL,일반,2025-03-19 23:37:03.000 +09,부산,바론카,252나3647,0,0,1,0.0,0.0,0,0,
39099205,현대,LF 쏘나타,LPI 스마트,,201610.0,2017,650.0,180899.0,LPG(일반인 구입),오토,ORIGINAL,일반,2025-03-19 23:37:03.000 +09,대구,스피드모터스,157무6334,4,2,4,357.4521,245.5584,1,0,
38566830,현대,쏘나타 뉴 라이즈,2.0 스마트 스페셜,,201903.0,2019,1220.0,111369.0,가솔린,오토,ORIGINAL,일반,2025-03-19 23:37:03.000 +09,인천,달인자동차,40우5235,4,1,0,480.1062,78.5909,0,0,
38524723,현대,쏘나타 더 브릴리언트,CVVL 스마트,,201304.0,2013,460.0,140054.0,가솔린,오토,ORIGINAL,일반,2025-03-19 23:36:09.000 +09,인천,주식회사 모터바겐,50고7429,5,1,1,462.465,136.489,0,0,
38472823,현대,YF 쏘나타,LPI 럭셔리,,201111.0,2012,453.0,109907.0,LPG(일반인 구입),오토,ORIGINAL,일반,2025-03-19 23:36:09.000 +09,충북,엑스포자동차매매단지,21로6337,5,3,5,472.8017,248.353,0,0,
38852538,현대,쏘나타 (DN8),2.0 LPG,인스퍼레이션,201912.0,2020,2190.0,49340.0,LPG(일반인 구입),오토,ORIGINAL,일반,2025-03-19 23:36:09.000 +09,경기,세광모터스,270어7146,5,2,5,723.3075,162.0428,0,0,
39083989,현대,쏘나타 (DN8),1.6 터보,프리미엄 패밀리,202104.0,2021,2090.0,69166.0,가솔린,오토,ORIGINAL,일반,2025-03-19 23:36:09.000 +09,서울,(주)명성모터스,148고3948,3,0,0,312.4359,0.0,0,0,
38526791,현대,쏘나타 (DN8),2.0,모던,202208.0,2022,2010.0,16396.0,가솔린,오토,ORIGINAL,일반,2025-03-19 23:36:09.000 +09,경기,타타모터스,271누5872,1,0,1,42.9946,0.0,1,0,
38959306,현대,LF 쏘나타,LPI 스마트,,201610.0,2017,750.0,123385.0,LPG(일반인 구입),오토,ORIGINAL,일반,2025-03-19 23:36:03.000 +09,울산,캔디카,383조1824,5,2,6,387.3549,332.2639,1,0,
38966220,현대,LF 쏘나타,LPI 모던,,201404.0,2015,677.0,140991.0,LPG(일반인 구입),오토,ORIGINAL,일반,2025-03-19 23:36:03.000 +09,울산,어벤져스모터스,41어4183,3,2,3,377.1774,259.2568,1,0,
38844990,현대,쏘나타 디 엣지 하이브리드(DN8),인스퍼레이션,,202403.0,2024,3350.0,17854.0,가솔린+전기,오토,ORIGINAL,일반,2025-03-19 23:36:03.000 +09,대구,우진자동차상사,343로3465,1,0,2,0.0,0.0,0,0,
38581020,현대,쏘나타 하이브리드 (DN8),프리미엄,(세부등급 없음),201909.0,2020,1869.0,72692.0,가솔린+전기,오토,ORIGINAL,일반,2025-03-19 23:36:03.000 +09,경기,원컴퍼니,279다2425,0,0,3,0.0,0.0,1,0,
38453474,현대,쏘나타 더 브릴리언트,LPI 스마트,,201310.0,2014,420.0,173616.0,LPG(일반인 구입),오토,ORIGINAL,일반,2025-03-19 23:36:03.000 +09,부산,창진모터스,117소3491,2,1,3,80.737,56.0437,1,0,
39079971,현대,쏘나타 (DN8),1.6 터보,프리미엄 패밀리,202003.0,2020,2099.0,47063.0,가솔린,오토,ORIGINAL,일반,2025-03-19 23:36:03.000 +09,대구,sm모터스,149소9950,2,1,1,136.0293,202.578,0,0,
39064396,현대,쏘나타 (DN8),1.6 터보,프리미엄 플러스,202110.0,2022,1870.0,88547.0,가솔린,오토,ORIGINAL,일반,2025-03-19 23:36:03.000 +09,경기,(주)유카,100보9380,2,0,1,85.4295,0.0,0,0,
38695095,현대,LF 쏘나타,2.0 스마트,(세부등급 없음),201406.0,2015,1280.0,67667.0,가솔린,오토,ORIGINAL,일반,2025-03-19 23:36:03.000 +09,부산,해원상사,20더3622,1,1,2,72.97,19.203,0,0,
38589061,현대,YF 쏘나타,Y20 프리미어,(세부등급 없음),201102.0,2011,490.0,98721.0,가솔린,오토,ORIGINAL,일반,2025-03-19 23:36:03.000 +09,광주,신한길모터스,114가3303,6,5,3,446.3908,361.5079,1,0,
39235225,현대,쏘나타 (DN8),2.0,인스퍼레이션,202201.0,2022,2270.0,69910.0,가솔린,오토,ORIGINAL,일반,2025-03-19 23:36:03.000 +09,대구,하랑모터스,328두9419,2,3,1,389.2756,169.9611,1,0,
39221315,현대,쏘나타 (DN8),1.6 터보,인스퍼레이션,201910.0,2020,2299.0,89907.0,가솔린,오토,ORIGINAL,일반,2025-03-19 23:36:03.000 +09,경기,(주)빅보스모터스,291나4522,0,0,1,0.0,0.0,1,0,
39215529,현대,쏘나타 (DN8),2.0 LPG(렌터카용),스타일,202012.0,2021,1470.0,57137.0,LPG(일반인 구입),오토,ORIGINAL,일반,2025-03-19 23:36:03.000 +09,부산,스마일 모터스,133구3015,0,2,1,0.0,746.8329,1,0,
39098598,현대,LF 쏘나타,2.0 터보 익스클루시브,,201503.0,2015,1150.0,113903.0,가솔린,오토,ORIGINAL,일반,2025-03-19 23:36:03.000 +09,전북,전주지점유카중고차사업부,38로9538,3,3,5,319.4304,420.8695,0,0,
39100003,현대,LF 쏘나타,LPI 프리미엄,,201511.0,2016,1090.0,129847.0,LPG(일반인 구입),오토,ORIGINAL,일반,2025-03-19 23:36:03.000 +09,대구,브라더모터스,13더0338,2,0,3,90.2634,0.0,0,0,
39177584,현대,쏘나타 (DN8),1.6 터보,프리미엄 플러스,202201.0,2022,1990.0,85578.0,가솔린,오토,ORIGINAL,일반,2025-03-19 23:35:12.000 +09,인천,차봇모빌리티(주),209우1437,0,0,1,0.0,0.0,1,0,
39239028,현대,LF 쏘나타,LPI 스마트(장애인용),,201501.0,2015,649.0,246192.0,LPG(일반인 구입),오토,ORIGINAL,일반,2025-03-19 23:35:12.000 +09,충남,CAR유모터스,115머3304,1,0,5,124.814,0.0,1,0,
38872689,현대,LF 쏘나타,LPI 프리미엄,,201602.0,2016,790.0,185000.0,LPG(일반인 구입),오토,ORIGINAL,일반,2025-03-19 23:35:10.000 +09,경북,믿음직한중고차,109수5741,4,0,3,250.3978,0.0,1,0,
38901308,현대,쏘나타 (DN8),2.0,스마트,202012.0,2021,1460.0,21889.0,가솔린,오토,ORIGINAL,일반,2025-03-19 23:35:04.000 +09,대전,신카,162라7081,1,2,1,511.791,163.5903,1,0,
38940499,현대,LF 쏘나타,LPI 스마트,,201502.0,2015,730.0,115280.0,LPG(일반인 구입),오토,ORIGINAL,일반,2025-03-19 23:35:04.000 +09,경기,우송모터스,22거2237,3,1,0,106.5268,30.4128,0,0,
38584140,현대,쏘나타 하이브리드 (DN8),인스퍼레이션,,202108.0,2022,2290.0,44858.0,가솔린+전기,오토,ORIGINAL,일반,2025-03-19 23:35:04.000 +09,인천,뉴정우모터스,183우3014,4,0,1,1058.7045,0.0,0,0,
38598572,현대,LF 쏘나타 하이브리드,2.0 HEV,프리미엄,201506.0,2015,1089.0,125660.0,가솔린+전기,오토,ORIGINAL,일반,2025-03-19 23:35:04.000 +09,충남,비비(BB)MOTORS,47우8942,5,3,5,339.8354,136.1829,0,0,
39018226,현대,LF 쏘나타,2.0 스마트,스페셜,201410.0,2015,900.0,112240.0,가솔린,오토,ORIGINAL,일반,2025-03-19 23:35:04.000 +09,경기,(주)청구모터스,26거5450,6,6,2,350.9236,468.4908,0,0,
39059165,현대,쏘나타 뉴 라이즈,2.0 모던,,201807.0,2019,1370.0,56096.0,가솔린,오토,ORIGINAL,일반,2025-03-19 23:35:04.000 +09,경기,(주)시온자동차,02버4568,2,0,1,622.349,0.0,0,0,
39223543,현대,LF 쏘나타,LPI 프리미엄 스페셜,,201407.0,2015,770.0,164221.0,LPG(일반인 구입),오토,ORIGINAL,일반,2025-03-19 23:35:04.000 +09,부산,서진오토,55고4535,2,0,2,636.5515,0.0,0,0,
39180418,현대,쏘나타 뉴 라이즈,2.0 스마트,,201803.0,2018,1570.0,44428.0,가솔린,오토,ORIGINAL,일반,2025-03-19 23:35:04.000 +09,경기,만해자동차매매상사,111오3928,0,0,1,0.0,0.0,1,0,
39155290,현대,LF 쏘나타,2.0 스마트,(세부등급 없음),201702.0,2017,940.0,91259.0,가솔린,오토,ORIGINAL,일반,2025-03-19 23:35:04.000 +09,인천,다올모터스,185수1778,2,4,4,184.6999,469.8524,1,0,
39137408,현대,쏘나타 뉴 라이즈,2.0 스마트,,201709.0,2018,1150.0,81263.0,가솔린,오토,ORIGINAL,일반,2025-03-19 23:35:04.000 +09,부산,J&B모터스,21버3167,5,5,4,457.3999,705.7528,0,0,
36690335,현대,LF 쏘나타 하이브리드,2.0 HEV,프리미엄,201511.0,2016,950.0,156712.0,가솔린+전기,오토,ORIGINAL,일반,2025-03-19 23:34:21.000 +09,부산,부산모터스,362러8424,2,1,5,233.5029,60.54,1,0,
39166430,현대,쏘나타 (DN8),2.0,프리미엄 패밀리,201904.0,2020,1560.0,120229.0,가솔린,오토,ORIGINAL,일반,2025-03-19 23:34:12.000 +09,충북,행복모터스,143오3748,3,2,3,415.0367,261.9745,1,0,
38490531,현대,쏘나타 뉴 라이즈,LPI 스타일,,201711.0,2018,975.0,142543.0,LPG(일반인 구입),오토,ORIGINAL,일반,2025-03-19 23:34:09.000 +09,충남,(주)거상자동차,113수3233,1,0,2,68.761,0.0,1,0,
39001261,현대,LF 쏘나타 하이브리드,2.0 HEV,프리미엄 스페셜,201606.0,2017,1590.0,33781.0,가솔린+전기,오토,ORIGINAL,일반,2025-03-19 23:34:09.000 +09,경기,그랜드모터스,48고0900,2,2,1,203.555,739.202,0,0,
38942023,현대,쏘나타 디 엣지 하이브리드(DN8),인스퍼레이션,,202405.0,2024,2990.0,5094.0,가솔린+전기,오토,ORIGINAL,일반,2025-03-19 23:34:09.000 +09,인천,주식회사 진모터스,153조9357,0,0,1,0.0,0.0,0,0,
36084091,현대,쏘나타 (DN8),1.6 터보,프리미엄 플러스,202111.0,2022,2250.0,6940.0,가솔린,오토,ORIGINAL,일반,2025-03-19 23:34:09.000 +09,충남,해피카,350저5262,2,0,2,207.372,0.0,0,0,
39190976,현대,쏘나타 (DN8),2.0 LPG(렌터카용),스마트,202103.0,2021,1430.0,125440.0,LPG(일반인 구입),오토,ORIGINAL,일반,2025-03-19 23:34:09.000 +09,부산,로다 오토모빌,226우7951,2,0,3,131.7116,0.0,1,0,
39170449,현대,쏘나타 (DN8),2.0,프리미엄 플러스,202302.0,2023,2250.0,23394.0,가솔린,오토,ORIGINAL,일반,2025-03-19 23:34:09.000 +09,충남,오토플러스(주),196고9739,0,0,1,0.0,0.0,1,0,
38884030,현대,LF 쏘나타,LPI 모던(장애인용),,201504.0,2015,9999.0,71064.0,LPG(일반인 구입),오토,ORIGINAL,일반,2025-03-19 23:34:02.000 +09,경남,영원모터스,22누2593,2,2,4,587.0252,116.5514,0,0,
39076493,현대,쏘나타 더 브릴리언트,LPI 스마트,,201306.0,2013,360.0,147873.0,LPG(일반인 구입),오토,ORIGINAL,일반,2025-03-19 23:34:02.000 +09,경기,가은모터스,36서5083,5,3,4,883.386,788.226,2,0,
39161542,현대,쏘나타 (DN8),2.0,프리미엄,202007.0,2021,1380.0,127254.0,가솔린,오토,ORIGINAL,일반,2025-03-19 23:34:02.000 +09,경기,화이트모터스,212마9837,1,0,1,159.2087,0.0,1,0,
38580444,현대,YF 쏘나타,Y20 프리미어,(세부등급 없음),201008.0,2011,430.0,131177.0,가솔린,오토,ORIGINAL,일반,2025-03-19 23:34:02.000 +09,충북,(주)더챔,29수8107,4,2,2,470.2335,321.8997,0,0,
38699763,현대,쏘나타 (DN8),2.0,프리미엄,201908.0,2020,1399.0,67247.0,가솔린,오토,ORIGINAL,일반,2025-03-19 23:34:02.000 +09,경기,차차모터스,148우4739,1,3,1,76.763,381.7184,1,0,
38692894,현대,쏘나타 뉴 라이즈 하이브리드,모던,,201707.0,2018,1250.0,158159.0,가솔린+전기,오토,ORIGINAL,일반,2025-03-19 23:34:02.000 +09,대전,해성모터스,62거6698,3,0,1,233.1685,0.0,0,0,0.0
38682495,현대,쏘나타 (DN8),2.0,프리미엄,201908.0,2020,1440.0,68550.0,가솔린,오토,ORIGINAL,일반,2025-03-19 23:34:02.000 +09,경기,국민플러스,25두4843,3,0,2,893.272,0.0,0,0,
38948674,현대,LF 쏘나타,2.0 프리미엄,(세부등급 없음),201602.0,2016,860.0,164306.0,가솔린,오토,ORIGINAL,일반,2025-03-19 23:34:02.000 +09,대전,주식회사 중사모터스,63부7840,1,0,5,49.2508,0.0,1,0,
39025537,현대,쏘나타 뉴 라이즈,LPI 스타일,,201708.0,2018,1040.0,93747.0,LPG(일반인 구입),오토,ORIGINAL,일반,2025-03-19 23:34:02.000 +09,경기,레인보우,277도5520,1,1,3,61.23,394.726,1,0,
39101127,현대,NF 쏘나타 트랜스폼,LPG N20 프리미어,,200802.0,2008,190.0,186783.0,LPG(일반인 구입),오토,ORIGINAL,일반,2025-03-19 23:34:02.000 +09,광주,(유)동산자동차,66누4598,3,1,5,230.0108,59.8006,1,0,
39113970,현대,YF 쏘나타,Y20 럭셔리,,201109.0,2012,330.0,78000.0,가솔린,오토,ORIGINAL,일반,2025-03-19 23:34:02.000 +09,경기,(주)고르고모터스,43러2659,3,1,5,315.569,25.445,0,0,
39137021,현대,쏘나타 뉴 라이즈 하이브리드,모던,,201903.0,2019,1499.0,50294.0,가솔린+전기,오토,ORIGINAL,일반,2025-03-19 23:33:30.000 +09,경기,세종오토,38도1042,2,5,2,450.8956,632.2678,0,0,
38565469,현대,쏘나타 (DN8),2.0 LPG(렌터카용),스타일,202009.0,2021,1700.0,65105.0,LPG(일반인 구입),오토,ORIGINAL,일반,2025-03-19 23:33:22.000 +09,충북,청룡자동차 매매상사,266누4109,1,0,1,88.7954,0.0,1,0,
38615686,현대,쏘나타 (DN8),2.0,프리미엄,202104.0,2021,1840.0,105701.0,가솔린,오토,ORIGINAL,일반,2025-03-19 23:33:22.000 +09,충북,청룡자동차 매매상사,190루6719,2,0,1,115.838,0.0,1,0,
37961737,현대,쏘나타 (DN8),2.0,프리미엄 패밀리,201910.0,2020,1850.0,96554.0,가솔린,오토,ORIGINAL,일반,2025-03-19 23:33:22.000 +09,충북,청룡자동차 매매상사,222버3842,1,2,2,44.6489,103.6197,1,0,
38374177,현대,쏘나타 (DN8),2.0,프리미엄,201910.0,2020,2150.0,43687.0,가솔린,오토,ORIGINAL,일반,2025-03-19 23:33:22.000 +09,충북,청룡자동차 매매상사,124거4183,1,0,3,141.1608,0.0,1,0,
39201020,현대,쏘나타 디 엣지(DN8),1.6 터보,익스클루시브,202402.0,2024,2999.0,22963.0,가솔린,오토,ORIGINAL,일반,2025-03-19 23:33:10.000 +09,경기,주식회사 씨피오토모티브,225더4140,0,0,1,0.0,0.0,0,0,
39093600,현대,쏘나타 뉴 라이즈,LPI 스타일,,201709.0,2018,990.0,127367.0,LPG(일반인 구입),오토,ORIGINAL,일반,2025-03-19 23:33:10.000 +09,경기,예스카,242도2210,1,0,3,138.143,0.0,1,0,
36751596,현대,쏘나타 (DN8),2.0,프리미엄 플러스,202202.0,2022,1999.0,12871.0,가솔린,오토,ORIGINAL,일반,2025-03-19 23:33:10.000 +09,전북,중앙모터스,115버7963,1,0,1,2286.0,0.0,0,0,
39264550,현대,LF 쏘나타,2.0 스마트,스페셜,201703.0,2017,940.0,128594.0,가솔린,오토,ORIGINAL,일반,2025-03-19 23:33:10.000 +09,경기,수원중고차,142거5804,2,0,2,325.1964,0.0,1,0,
39216305,현대,쏘나타 디 엣지(DN8),1.6 터보,인스퍼레이션,202407.0,2024,3390.0,18859.0,가솔린,오토,ORIGINAL,일반,2025-03-19 23:33:10.000 +09,경기,마니카,236나2884,0,0,0,0.0,0.0,0,0,
38169995,현대,LF 쏘나타,2.0 터보 익스클루시브,,201603.0,2016,1433.0,83187.0,가솔린,오토,ORIGINAL,일반,2025-03-19 23:33:10.000 +09,부산,(주) 삼삼공 모터스,36로0739,2,0,3,262.5888,0.0,0,0,
38812096,현대,LF 쏘나타,LPI 스마트,,201410.0,2015,490.0,132415.0,LPG(일반인 구입),오토,ORIGINAL,일반,2025-03-19 23:33:10.000 +09,광주,드림카마켓,50보1140,9,12,3,1146.3628,2265.0294,1,0,
38711307,현대,쏘나타 뉴 라이즈,2.0 모던,,201807.0,2019,1499.0,87762.0,가솔린,오토,ORIGINAL,일반,2025-03-19 23:33:02.000 +09,서울,(주)오토크루,19고7558,0,0,1,0.0,0.0,0,0,
37963581,현대,YF 쏘나타,LPI 럭셔리,,201202.0,2012,390.0,283842.0,LPG(일반인 구입),오토,ORIGINAL,일반,2025-03-19 23:33:02.000 +09,경기,국민중고차,41머6086,2,1,2,54.982,2.0,0,0,
38080132,현대,쏘나타 (DN8),2.0,프리미엄,201912.0,2020,1290.0,82178.0,가솔린,오토,ORIGINAL,일반,2025-03-19 23:33:02.000 +09,인천,세림자동차,106구3011,1,4,1,173.263,1709.9508,1,0,
37518352,현대,쏘나타 뉴 라이즈,1.7 디젤 스마트,,201706.0,2018,750.0,162375.0,디젤,오토,ORIGINAL,일반,2025-03-19 23:33:02.000 +09,대구,우성모터스,51무1395,2,4,5,671.9454,924.7213,1,0,
38835077,현대,LF 쏘나타,2.0 스마트,(세부등급 없음),201603.0,2016,980.0,144595.0,가솔린,오토,ORIGINAL,일반,2025-03-19 23:33:02.000 +09,경북,부릉부릉닷컴(주),311무6208,1,2,6,78.2147,506.7715,1,0,
38827689,현대,쏘나타 더 브릴리언트,LPI 모던(장애인용),,201402.0,2014,570.0,173473.0,LPG(일반인 구입),오토,ORIGINAL,일반,2025-03-19 23:33:02.000 +09,충남,(주)태양모터스,43러6871,1,1,5,55.9098,95.807,0,0,
38160324,현대,쏘나타 더 브릴리언트,LPI 모던,,201301.0,2013,429.0,185454.0,LPG(일반인 구입),오토,ORIGINAL,일반,2025-03-19 23:33:02.000 +09,경기,국민중고차,43무4472,8,0,5,743.9751,0.0,0,0,
38379722,현대,쏘나타 뉴 라이즈 하이브리드,프리미엄,(세부등급 없음),201707.0,2018,1650.0,63505.0,가솔린+전기,오토,ORIGINAL,일반,2025-03-19 23:33:02.000 +09,인천,뉴정우모터스,53주1497,1,0,1,76.84,0.0,0,0,
39108479,현대,쏘나타 디 엣지 하이브리드(DN8),익스클루시브,,202402.0,2024,3100.0,24524.0,가솔린+전기,오토,ORIGINAL,일반,2025-03-19 23:33:02.000 +09,경기,차투차,188라8691,0,0,1,0.0,0.0,1,0,
39067431,현대,쏘나타 (DN8),1.6 터보,프리미엄 플러스,202108.0,2022,1910.0,73880.0,가솔린,오토,ORIGINAL,일반,2025-03-19 23:33:02.000 +09,부산,오토플러스(주),180조3628,1,0,2,0.0,0.0,1,0,
38997896,현대,쏘나타 (DN8),2.0 LPG(렌터카용),스마트,202103.0,2021,9999.0,83139.0,LPG(일반인 구입),오토,ORIGINAL,일반,2025-03-19 23:33:02.000 +09,경기,케이(K)모터스,119부2800,0,0,1,0.0,0.0,0,0,
38995997,현대,YF 쏘나타,Y20 프리미어,최고급형,200911.0,2010,459.0,72713.0,가솔린,오토,ORIGINAL,일반,2025-03-19 23:33:02.000 +09,경기,나무모터스,26나7087,6,8,0,410.5481,631.4235,0,0,
39183255,현대,LF 쏘나타,2.0 스마트,(세부등급 없음),201604.0,2016,860.0,142314.0,가솔린,오토,ORIGINAL,일반,2025-03-19 23:33:02.000 +09,경기,국민플러스,14소0905,3,0,1,311.4,0.0,0,0,
39221161,현대,YF 쏘나타,Y20 프리미어,(세부등급 없음),201009.0,2011,380.0,110824.0,가솔린,오토,ORIGINAL,일반,2025-03-19 23:33:02.000 +09,충남,드림오토,20마3857,4,2,5,564.3649,311.1985,0,0,
38332121,현대,LF 쏘나타,2.0 스마트,(세부등급 없음),201412.0,2015,980.0,73817.0,가솔린,오토,ORIGINAL,일반,2025-03-19 23:32:32.000 +09,부산,스타모터스,28누6809,1,0,1,178.577,0.0,0,0,
38343735,현대,쏘나타 하이브리드,2.0,모던,201307.0,2014,688.0,88690.0,가솔린+전기,오토,ORIGINAL,일반,2025-03-19 23:32:31.000 +09,대구,다인모터스,67우3566,6,2,2,464.1808,1107.94,0,0,
25997026,현대,LF 쏘나타,2.0 스마트,(세부등급 없음),201408.0,2015,1039.0,51111.0,가솔린,오토,ORIGINAL,일반,2025-03-19 23:32:08.000 +09,대구,YG모터스,28가3600,3,4,6,439.1203,780.9048,0,0,
37727459,현대,LF 쏘나타,LPI 모던,,201410.0,2015,680.0,126216.0,LPG(일반인 구입),오토,ORIGINAL,일반,2025-03-19 23:32:08.000 +09,광주,(주)전라도모터스,36오5181,2,1,2,511.567,229.943,0,0,
38308962,현대,LF 쏘나타,LPI 프리미엄 스페셜,,201405.0,2015,849.0,146240.0,LPG(일반인 구입),오토,ORIGINAL,일반,2025-03-19 23:32:08.000 +09,대구,엠카,19조3425,4,2,1,311.3151,149.261,0,0,
39183371,현대,쏘나타 (DN8),1.6 터보,프리미엄 패밀리,202105.0,2021,1980.0,64564.0,가솔린,오토,ORIGINAL,일반,2025-03-19 23:32:08.000 +09,경기,주식회사 유카,196무8863,1,0,1,341.006,0.0,0,0,
39190456,현대,쏘나타 하이브리드 (DN8),프리미엄,패밀리,202006.0,2021,1990.0,92328.0,가솔린+전기,오토,ORIGINAL,일반,2025-03-19 23:32:08.000 +09,경기,차투차,311소8177,0,1,1,0.0,62.759,0,0,
38196909,현대,YF 쏘나타,LPI 탑,,200911.0,2010,370.0,120052.0,LPG(일반인 구입),오토,ORIGINAL,일반,2025-03-19 23:32:02.000 +09,경기,정원모터스,35러6001,5,0,1,436.8917,0.0,0,0,
38196014,현대,쏘나타 (DN8),2.0,스마트,201910.0,2020,1370.0,47641.0,가솔린,오토,ORIGINAL,일반,2025-03-19 23:32:02.000 +09,경기,윈윈 모터스,387구3707,2,2,0,622.0641,308.1062,0,0,
38660863,현대,쏘나타 디 엣지(DN8),2.0,인스퍼레이션,202310.0,2024,2960.0,8519.0,가솔린,오토,ORIGINAL,일반,2025-03-19 23:32:02.000 +09,경기,대한모터스,395저3577,1,0,0,283.0882,0.0,0,0,
38150236,현대,LF 쏘나타,LPI 모던(장애인용),,201410.0,2015,999.0,133069.0,LPG(일반인 구입),오토,ORIGINAL,일반,2025-03-19 23:32:02.000 +09,인천,자동차연구소,18가6272,1,0,2,457.931,0.0,0,0,
38436729,현대,쏘나타 (DN8),2.0,인스퍼레이션,202009.0,2021,1990.0,46154.0,가솔린,오토,ORIGINAL,일반,2025-03-19 23:32:02.000 +09,경기,준모터스,165너4562,1,0,1,550.2349,0.0,1,0,
38486644,현대,쏘나타 디 엣지(DN8),2.0,프리미엄,202401.0,2024,3168.0,11000.0,가솔린,오토,ORIGINAL,렌트,2025-03-19 23:32:02.000 +09,서울,,130호7974,0,0,0,0.0,0.0,0,0,
38908879,현대,쏘나타 (DN8),1.6 터보,프리미엄 플러스,202112.0,2022,2199.0,66309.0,가솔린,오토,ORIGINAL,일반,2025-03-19 23:32:02.000 +09,충남,신세계자동차,236거6469,3,1,0,301.5209,97.148,0,0,
38850690,현대,쏘나타 (DN8),2.0 LPG(렌터카용),프리미엄,202209.0,2023,1974.0,26081.0,LPG(일반인 구입),오토,ORIGINAL,일반,2025-03-19 23:32:02.000 +09,광주,오토핸즈 광주직영점,180허4631,0,0,0,0.0,0.0,0,0,
39190924,현대,쏘나타 디 엣지(DN8),2.0 LPG(영업용),모빌리티,202407.0,2025,2290.0,29757.0,LPG(일반인 구입),오토,ORIGINAL,일반,2025-03-19 23:32:02.000 +09,경기,카카오토,103주1761,0,0,1,0.0,0.0,1,0,
39140235,현대,YF 쏘나타,Y20 프리미어,(세부등급 없음),201009.0,2011,400.0,129503.0,가솔린,오토,ORIGINAL,일반,2025-03-19 23:32:02.000 +09,인천,왕성자동차매매상사,46부6768,0,0,1,0.0,0.0,0,0,
39112773,현대,YF 쏘나타,LPI 럭셔리,,201206.0,2012,310.0,159612.0,LPG(일반인 구입),오토,ORIGINAL,일반,2025-03-19 23:32:02.000 +09,경기,열정모터스,33오3249,4,3,6,377.7248,179.1606,1,0,
38959539,현대,LF 쏘나타 하이브리드,2.0 HEV,모던,201501.0,2015,820.0,167950.0,가솔린+전기,오토,ORIGINAL,일반,2025-03-19 23:32:02.000 +09,경기,(주)지지카,67러9569,3,3,1,134.6434,617.0918,0,0,
39237837,현대,쏘나타 디 엣지 하이브리드(DN8),익스클루시브,,202412.0,2025,3420.0,4078.0,가솔린+전기,오토,ORIGINAL,일반,2025-03-19 23:32:02.000 +09,경기,마니카,214주9106,0,0,0,0.0,0.0,0,0,
39090435,현대,쏘나타 하이브리드 (DN8),프리미엄 플러스,,202107.0,2022,1990.0,92192.0,가솔린+전기,오토,ORIGINAL,일반,2025-03-19 23:31:10.000 +09,경남,MZ모터스,120노6907,2,1,1,715.306,1229.5,0,0,
39041206,현대,쏘나타 (DN8),2.0,프리미엄 플러스,202305.0,2023,1890.0,48823.0,가솔린,오토,ORIGINAL,일반,2025-03-19 23:31:10.000 +09,경기,오토허브셀카,177어8836,1,1,2,230.743,568.4886,1,0,
38948128,현대,쏘나타 뉴 라이즈,LPI 스마트(장애인용),,201802.0,2018,1350.0,42315.0,LPG(일반인 구입),오토,ORIGINAL,일반,2025-03-19 23:31:10.000 +09,충북,(주)더챔,54조3282,2,2,1,278.2846,336.6475,0,0,
38791551,현대,LF 쏘나타,2.0 스마트,(세부등급 없음),201404.0,2015,830.0,147022.0,가솔린,오토,ORIGINAL,일반,2025-03-19 23:31:10.000 +09,부산,(주)강변모터스,58모9542,0,0,1,0.0,0.0,0,0,
38757735,현대,쏘나타 (DN8),2.0 LPG,프리미엄 플러스,202205.0,2022,2240.0,47149.0,LPG(일반인 구입),오토,ORIGINAL,일반,2025-03-19 23:31:10.000 +09,경기,(주)에스비즈,155노7609,0,0,0,0.0,0.0,0,0,
39168508,현대,쏘나타 더 브릴리언트,CVVL 스마트,,201302.0,2013,625.0,136793.0,가솔린,오토,ORIGINAL,일반,2025-03-19 23:31:10.000 +09,대구,미남자동차,16소0937,0,0,6,0.0,0.0,1,0,
38923506,현대,쏘나타 더 브릴리언트,LPI 스마트,,201406.0,2014,290.0,244874.0,LPG(일반인 구입),오토,ORIGINAL,일반,2025-03-19 23:31:10.000 +09,경남,넘버원모터스,40로8304,0,0,4,0.0,0.0,1,0,
39160060,현대,LF 쏘나타,LPI 모던(장애인용),,201503.0,2015,815.0,199650.0,LPG(일반인 구입),오토,ORIGINAL,일반,2025-03-19 23:31:10.000 +09,대구,성실모터스,12거8982,0,0,3,0.0,0.0,0,0,
39140711,현대,쏘나타 (DN8),2.0,프리미엄,201904.0,2020,1890.0,39185.0,가솔린,오토,ORIGINAL,일반,2025-03-19 23:31:10.000 +09,경기,오토허브,46저7672,1,0,3,105.0194,0.0,0,0,
39135615,현대,쏘나타 하이브리드 (DN8),모던,,202108.0,2022,1940.0,57785.0,가솔린+전기,오토,ORIGINAL,일반,2025-03-19 23:31:10.000 +09,경기,(주)왕카,269보8637,0,0,1,0.0,0.0,1,0,
38604132,현대,쏘나타 뉴 라이즈 하이브리드,프리미엄,(세부등급 없음),201811.0,2019,1690.0,36956.0,가솔린+전기,오토,ORIGINAL,일반,2025-03-19 23:31:02.000 +09,경기,스마일자동차,32저6296,4,4,1,239.597,729.657,0,0,
38272027,현대,쏘나타 (DN8),2.0 LPG(렌터카용),스타일,201907.0,2020,1390.0,101013.0,LPG(일반인 구입),오토,ORIGINAL,일반,2025-03-19 23:31:02.000 +09,경기,엠케이모터스,233고2359,0,0,2,0.0,0.0,1,0,
39190549,현대,LF 쏘나타 하이브리드,2.0 HEV,모던,201611.0,2017,1050.0,128132.0,가솔린+전기,오토,ORIGINAL,일반,2025-03-19 23:31:02.000 +09,인천,우정모터스,14나0231,2,0,3,430.554,0.0,0,0,
39249603,현대,쏘나타 (DN8),2.0,프리미엄 패밀리,202104.0,2021,1760.0,62315.0,가솔린,오토,ORIGINAL,일반,2025-03-19 23:31:02.000 +09,경기,원카,288부5143,3,1,1,377.843,54.441,0,0,
39208926,현대,LF 쏘나타,LPI 스마트(장애인용),,201504.0,2015,1100.0,132181.0,LPG(일반인 구입),오토,ORIGINAL,일반,2025-03-19 23:31:02.000 +09,경북,새안동자동차(주),61수5150,2,0,2,372.4528,0.0,0,0,
39257296,현대,LF 쏘나타 하이브리드,2.0 HEV,프리미엄,201505.0,2015,699.0,250680.0,가솔린+전기,오토,ORIGINAL,일반,2025-03-19 23:31:02.000 +09,경기,브라더샵,11주1188,6,0,4,427.7736,0.0,0,0,
38528742,현대,쏘나타 하이브리드 (DN8),인스퍼레이션,,202001.0,2020,1999.0,93987.0,가솔린+전기,오토,ORIGINAL,일반,2025-03-19 23:31:02.000 +09,인천,조이모터스,197버5443,0,0,1,0.0,0.0,1,0,
38996692,현대,쏘나타 하이브리드 (DN8),인스퍼레이션,,201910.0,2020,1700.0,124157.0,가솔린+전기,오토,ORIGINAL,일반,2025-03-19 23:31:02.000 +09,인천,다올모터스,152부3640,11,1,2,1872.392,34.7369,0,0,
38970567,현대,LF 쏘나타,2.0 스마트,(세부등급 없음),201409.0,2015,690.0,133633.0,가솔린,오토,ORIGINAL,일반,2025-03-19 23:31:02.000 +09,대구,경성모터스,31수4673,1,1,4,365.6643,90.5103,2,0,
39007351,현대,쏘나타 (DN8),2.0,프리미엄 플러스,202304.0,2023,2270.0,30294.0,가솔린,오토,ORIGINAL,일반,2025-03-19 23:31:02.000 +09,경기,(주)에스에이,258너5434,0,0,1,0.0,0.0,1,0,
38997817,현대,쏘나타 뉴 라이즈,2.0 모던,,201801.0,2018,900.0,179892.0,가솔린,오토,ORIGINAL,일반,2025-03-19 23:31:02.000 +09,대구,제일자동차상사,219어9642,2,0,3,414.2967,0.0,2,0,
38942532,현대,YF 쏘나타,LPI 프리미어,,201003.0,2010,580.0,44038.0,LPG(일반인 구입),오토,ORIGINAL,일반,2025-03-19 23:31:02.000 +09,서울,킹모터스,12누9051,0,0,1,0.0,0.0,0,0,
39248171,현대,쏘나타 (DN8),2.0,프리미엄 패밀리,201906.0,2020,1790.0,66036.0,가솔린,오토,ORIGINAL,일반,2025-03-19 23:30:44.000 +09,경기,중고차마트,09버6277,1,0,1,22.9249,0.0,0,0,
38857529,현대,쏘나타 뉴 라이즈,2.0 스마트 초이스,,201804.0,2019,1390.0,106580.0,가솔린,오토,ORIGINAL,일반,2025-03-19 23:30:27.000 +09,부산,아피스오토,58도6140,1,2,3,75.803,260.9764,0,0,
38360210,현대,LF 쏘나타,LPI 모던,,201505.0,2015,590.0,243549.0,LPG(일반인 구입),오토,ORIGINAL,일반,2025-03-19 23:30:12.000 +09,대구,건영모터스,108더2337,1,0,4,31.1538,0.0,1,0,
38888804,현대,쏘나타 (DN8),2.0 LPG,인스퍼레이션,201906.0,2020,1960.0,99057.0,LPG(일반인 구입),오토,ORIGINAL,일반,2025-03-19 23:30:12.000 +09,충남,친절한 피터팬,36더5667,3,0,1,667.6733,0.0,0,0,
38726008,현대,쏘나타 하이브리드,2.0,모던,201303.0,2014,590.0,132976.0,가솔린+전기,오토,ORIGINAL,일반,2025-03-19 23:30:12.000 +09,광주,신한길모터스,47오9171,5,1,2,716.9493,62.694,0,0,
39071231,현대,쏘나타 뉴 라이즈,2.0 프리미엄 스페셜,,201704.0,2018,1250.0,127078.0,가솔린,오토,ORIGINAL,일반,2025-03-19 23:30:12.000 +09,인천,주식회사 투게더카,223가4959,3,5,3,254.0188,631.1581,1,0,
39211145,현대,쏘나타 하이브리드 (DN8),프리미엄,(세부등급 없음),202102.0,2021,1649.0,140812.0,가솔린+전기,오토,ORIGINAL,일반,2025-03-19 23:30:12.000 +09,서울,미소모터스,224서1044,0,0,2,0.0,0.0,1,0,
38199175,현대,쏘나타 뉴 라이즈,LPI 모던(장애인용),,201705.0,2018,1690.0,58709.0,LPG(일반인 구입),오토,ORIGINAL,일반,2025-03-19 23:30:04.000 +09,경기,의정부중고차매매상사,05고9566,2,0,4,249.7726,0.0,0,0,
38148662,현대,LF 쏘나타,2.0 스타일,스페셜,201706.0,2017,940.0,49583.0,가솔린,오토,ORIGINAL,일반,2025-03-19 23:30:04.000 +09,경기,중고차A팀,12루4438,3,3,1,991.4166,346.5756,0,0,
37524278,현대,쏘나타 뉴 라이즈,LPI 스타일,,201705.0,2018,750.0,181273.0,LPG(일반인 구입),오토,ORIGINAL,일반,2025-03-19 23:30:04.000 +09,경기,(주)최강모터스,264주3371,0,0,2,0.0,0.0,1,0,
39187196,현대,쏘나타 (DN8),1.6 터보,프리미엄 패밀리,202101.0,2021,2180.0,43870.0,가솔린,오토,ORIGINAL,일반,2025-03-19 23:30:04.000 +09,서울,주)나라자동차,106구5592,0,0,2,0.0,0.0,0,0,
39243946,현대,LF 쏘나타,2.0 스마트,(세부등급 없음),201502.0,2015,949.0,132563.0,가솔린,오토,ORIGINAL,일반,2025-03-19 23:30:04.000 +09,충남,(주)비케이모터스,38다5134,1,2,6,118.6477,360.3936,1,0,
39171974,현대,쏘나타 더 브릴리언트,CVVL 스마트,,201403.0,2014,590.0,142385.0,가솔린,오토,ORIGINAL,일반,2025-03-19 23:30:04.000 +09,인천,카카오토,24보2528,2,3,1,170.6958,206.2178,0,0,
39152729,현대,쏘나타 (DN8),2.0,인스퍼레이션,202303.0,2023,2800.0,14251.0,가솔린,오토,ORIGINAL,일반,2025-03-19 23:30:04.000 +09,광주,카마트,119무4770,0,0,0,0.0,0.0,0,0,
39131201,현대,쏘나타 (DN8),1.6 터보,프리미엄 플러스,202302.0,2023,2670.0,21954.0,가솔린,오토,ORIGINAL,일반,2025-03-19 23:30:04.000 +09,대구,동방모터스,156가4174,0,0,1,0.0,0.0,0,0,
38871288,현대,쏘나타 더 브릴리언트,CVVL 프리미엄,,201212.0,2013,580.0,103472.0,가솔린,오토,ORIGINAL,일반,2025-03-19 23:30:04.000 +09,부산,(주)카포인트,54더2318,3,1,3,325.851,273.261,0,0,
38626249,현대,YF 쏘나타,Y20 탑,고급형,200911.0,2010,500.0,85214.0,가솔린,오토,ORIGINAL,일반,2025-03-19 23:30:04.000 +09,부산,서진오토,48저8817,3,0,1,336.4422,0.0,0,0,
39247912,현대,LF 쏘나타,LPI 프리미엄,,201504.0,2015,1050.0,71795.0,LPG(일반인 구입),오토,ORIGINAL,일반,2025-03-19 23:30:04.000 +09,부산,주식회사에이치알모터,62수4375,1,1,0,212.79,31.9,0,0,
39103127,현대,LF 쏘나타,LPI 스마트,,201407.0,2015,520.0,234988.0,LPG(일반인 구입),오토,ORIGINAL,일반,2025-03-19 23:30:04.000 +09,부산,힘찬모터스,09러6755,3,2,9,519.4945,93.9924,2,0,
39022106,현대,쏘나타 하이브리드 (DN8),인스퍼레이션,,202201.0,2022,2750.0,21151.0,가솔린+전기,오토,ORIGINAL,일반,2025-03-19 23:30:04.000 +09,인천,코카스모터스,388오7845,1,1,1,0.0,0.0,1,0,
39209809,현대,쏘나타 뉴 라이즈,LPI 스타일,,201803.0,2018,850.0,153452.0,LPG(일반인 구입),오토,ORIGINAL,일반,2025-03-19 23:30:04.000 +09,경기,(주)비비드카,212마9802,0,0,1,0.0,0.0,1,0,
39139975,현대,LF 쏘나타,1.7 디젤 스타일,,201606.0,2016,720.0,132161.0,디젤,오토,ORIGINAL,일반,2025-03-19 23:30:04.000 +09,충남,티키타카,05구0717,4,3,2,411.406,472.641,0,0,
39213135,현대,쏘나타 하이브리드 (DN8),프리미엄,(세부등급 없음),202103.0,2021,1890.0,83672.0,가솔린+전기,오토,ORIGINAL,일반,2025-03-19 23:30:04.000 +09,충남,미래자동차,360가5714,0,0,1,0.0,0.0,1,0,
38962322,현대,YF 쏘나타,Y20 프라임,블랙,201101.0,2011,360.0,163635.0,가솔린,오토,ORIGINAL,일반,2025-03-19 23:30:04.000 +09,부산,서진오토,137부6135,6,3,3,334.0909,123.6408,1,0,
35880495,현대,쏘나타 (DN8),1.6 터보,인스퍼레이션,202002.0,2020,2550.0,54605.0,가솔린,오토,ORIGINAL,일반,2025-03-19 23:29:37.000 +09,경기,(주)차파는사람들,154두8840,1,1,0,171.4379,228.55,0,0,
38783197,현대,쏘나타 뉴 라이즈 하이브리드,모던,,201904.0,2019,1449.0,138260.0,가솔린+전기,오토,ORIGINAL,일반,2025-03-19 23:29:19.000 +09,경기,(주)고물상,29저3569,0,1,1,0.0,41.1974,0,0,
38263584,현대,LF 쏘나타,LPI 택시형,스타일,201702.0,2017,449.0,265628.0,LPG(일반인 구입),오토,ORIGINAL,일반,2025-03-19 23:29:18.000 +09,경기,(주)고물상,146머4042,2,0,3,175.6335,0.0,1,0,
38707817,현대,쏘나타 하이브리드,2.0,프리미어,201108.0,2012,419.0,186330.0,가솔린+전기,오토,ORIGINAL,일반,2025-03-19 23:29:18.000 +09,경기,(주)고물상,51마5974,3,2,2,126.556,244.1905,0,0,
38975232,현대,쏘나타 (DN8),2.0 LPG(렌터카용),스타일,202112.0,2022,1550.0,53080.0,LPG(일반인 구입),오토,ORIGINAL,일반,2025-03-19 23:29:10.000 +09,인천,오토플러스(주)중앙특판지점,261나2054,0,0,1,0.0,0.0,1,0,
38532357,현대,쏘나타 (DN8),2.0,프리미엄 패밀리,201906.0,2020,1499.0,64832.0,가솔린,오토,ORIGINAL,일반,2025-03-19 23:29:10.000 +09,부산,신아오토모빌,53저7678,1,0,0,269.299,0.0,0,0,
37855104,현대,LF 쏘나타,LPI 프리미엄,,201509.0,2016,999.0,147529.0,LPG(일반인 구입),오토,ORIGINAL,일반,2025-03-19 23:29:10.000 +09,대구,소중한인연 M-ONE,375서7494,2,0,3,88.8316,0.0,1,0,
39183712,현대,쏘나타 (DN8),1.6 터보,프리미엄,202005.0,2021,2250.0,10950.0,가솔린,오토,ORIGINAL,일반,2025-03-19 23:29:10.000 +09,광주,카마트,256다1639,0,0,0,0.0,0.0,0,0,
39066728,현대,쏘나타 (DN8),2.0 LPG(렌터카용),스마트,202001.0,2020,1420.0,132738.0,LPG(일반인 구입),오토,ORIGINAL,일반,2025-03-19 23:29:10.000 +09,경기,뉴한길모터스,216러7059,1,1,1,48.8291,50.0,1,0,
39023794,현대,쏘나타 더 브릴리언트,LPI 스마트,,201307.0,2014,319.0,205696.0,LPG(일반인 구입),오토,ORIGINAL,일반,2025-03-19 23:29:10.000 +09,경기,브라더샵,36너1514,0,1,2,0.0,73.5,1,0,
39159172,현대,쏘나타 (DN8),2.0 LPG(렌터카용),스마트,201910.0,2020,1630.0,88254.0,LPG(일반인 구입),오토,ORIGINAL,일반,2025-03-19 23:29:10.000 +09,대구,대구자동차경매장(주),135누3509,1,0,1,99.012,0.0,1,0,
39202600,현대,쏘나타 하이브리드 (DN8),프리미엄,밀레니얼,202012.0,2021,2330.0,46873.0,가솔린+전기,오토,ORIGINAL,일반,2025-03-19 23:29:10.000 +09,대구,뉴현대모터스,183모5776,1,1,1,86.903,37.0,0,0,
39200512,현대,LF 쏘나타,2.0 스마트,(세부등급 없음),201502.0,2015,950.0,75003.0,가솔린,오토,ORIGINAL,일반,2025-03-19 23:29:10.000 +09,경기,카리브 모터스,18마4170,1,1,4,199.1761,92.0,0,0,
39170383,현대,쏘나타 (DN8),2.0,인스퍼레이션,201906.0,2020,1470.0,135189.0,가솔린,오토,ORIGINAL,일반,2025-03-19 23:29:02.000 +09,경기,(주)차랑차랑,212더5058,10,5,2,3048.6507,782.8734,1,0,
39269052,현대,쏘나타 디 엣지(DN8),1.6 터보,인스퍼레이션,202401.0,2024,3350.0,7121.0,가솔린,오토,ORIGINAL,일반,2025-03-19 23:29:02.000 +09,경기,(주)준모터스,373머6458,0,0,0,0.0,0.0,0,0,
38685176,현대,LF 쏘나타,1.7 디젤 스마트,(세부등급 없음),201606.0,2017,790.0,117170.0,디젤,오토,ORIGINAL,일반,2025-03-19 23:29:02.000 +09,울산,뉴MJ모터스,277구3720,3,1,3,236.7152,52.4488,1,0,
37057469,현대,YF 쏘나타,Y20 프라임,블랙,201012.0,2011,350.0,166094.0,가솔린,오토,ORIGINAL,일반,2025-03-19 23:29:02.000 +09,전북,원모터스,37더3411,5,3,3,1340.4146,691.1025,0,0,
38858573,현대,LF 쏘나타,2.0 스마트,(세부등급 없음),201604.0,2016,960.0,96908.0,가솔린,오토,ORIGINAL,일반,2025-03-19 23:29:02.000 +09,경기,라온모터스,22조0752,3,2,1,417.2977,213.6817,0,0,
38099569,현대,쏘나타 디 엣지(DN8),1.6 터보,익스클루시브,202306.0,2024,3099.0,42622.0,가솔린,오토,ORIGINAL,일반,2025-03-19 23:29:02.000 +09,서울,(주) 하이오토,338러5240,0,0,1,0.0,0.0,0,0,
39091960,현대,쏘나타 (DN8),2.0,프리미엄,201910.0,2020,1720.0,56007.0,가솔린,오토,ORIGINAL,일반,2025-03-19 23:29:02.000 +09,서울,(주) 하이오토,253마2473,0,0,4,0.0,0.0,0,0,
38927499,현대,쏘나타 (DN8),2.0 LPG(렌터카용),스타일,202110.0,2022,1480.0,87913.0,LPG(일반인 구입),오토,ORIGINAL,일반,2025-03-19 23:29:02.000 +09,서울,(주) 하이오토,155라6391,1,0,1,37.763,0.0,1,0,
39179860,현대,YF 쏘나타,LPI 럭셔리,,201010.0,2011,349.0,123419.0,LPG(일반인 구입),오토,ORIGINAL,일반,2025-03-19 23:29:02.000 +09,서울,(주) 하이오토,13저4037,6,2,2,274.1306,167.8694,0,0,
38361895,현대,LF 쏘나타,LPI 스마트,,201408.0,2015,550.0,194866.0,LPG(일반인 구입),오토,ORIGINAL,일반,2025-03-19 23:28:58.000 +09,경기,다산다모터스,14무5398,2,1,8,415.7063,180.0,1,0,
38644158,현대,LF 쏘나타,2.0 스마트,(세부등급 없음),201611.0,2017,699.0,163381.0,가솔린,오토,ORIGINAL,일반,2025-03-19 23:28:47.000 +09,대구,차차차상사,310루5090,2,2,4,899.1239,738.4978,1,0,
39092112,현대,쏘나타 디 엣지(DN8),2.0,프리미엄,202311.0,2024,2700.0,18494.0,가솔린,오토,ORIGINAL,일반,2025-03-19 23:28:11.000 +09,충남,오토플러스(주),198하3204,0,0,0,0.0,0.0,0,0,
38569868,현대,쏘나타 (DN8),2.0,프리미엄 패밀리,202003.0,2020,1990.0,50608.0,가솔린,오토,ORIGINAL,일반,2025-03-19 23:28:11.000 +09,서울,(주)영업왕자,309로6797,0,0,0,0.0,0.0,0,0,
38767698,현대,쏘나타 디 엣지 하이브리드(DN8),익스클루시브,,202311.0,2024,3180.0,11193.0,가솔린+전기,오토,ORIGINAL,일반,2025-03-19 23:28:11.000 +09,경기,블루오토,312머7229,0,0,2,0.0,0.0,0,0,
38517998,현대,쏘나타 하이브리드 (DN8),프리미엄,(세부등급 없음),201911.0,2020,1700.0,111820.0,가솔린+전기,오토,ORIGINAL,일반,2025-03-19 23:28:11.000 +09,인천,유안모터스,175루6610,0,3,2,0.0,358.451,1,0,
39260975,현대,YF 쏘나타,LPI 프리미어,,201201.0,2012,430.0,117219.0,LPG(일반인 구입),오토,ORIGINAL,일반,2025-03-19 23:28:09.000 +09,대전,(주)에스비자동차,23우5201,4,0,3,169.4345,0.0,0,0,
39094639,현대,LF 쏘나타,2.0 프리미엄,(세부등급 없음),201506.0,2015,1150.0,48820.0,가솔린,오토,ORIGINAL,일반,2025-03-19 23:28:02.000 +09,경기,드림모터스,11두9849,3,0,1,304.0912,0.0,0,0,
38812484,현대,YF 쏘나타,LPI 프리미어(장애인용),,201009.0,2011,420.0,169352.0,LPG(일반인 구입),오토,ORIGINAL,일반,2025-03-19 23:28:02.000 +09,경남,한우카,15두7632,3,2,5,525.0071,157.5436,0,0,0.0
38514274,현대,쏘나타 하이브리드,2.0,스마트,201306.0,2014,390.0,175161.0,가솔린+전기,오토,ORIGINAL,일반,2025-03-19 23:28:02.000 +09,인천,달인자동차,35두8060,6,3,1,643.7423,362.3706,0,0,
38498840,현대,쏘나타 (DN8),1.6 터보,인스퍼레이션,201910.0,2020,2400.0,25275.0,가솔린,오토,ORIGINAL,일반,2025-03-19 23:28:02.000 +09,인천,올바른자동차,264더4887,2,0,3,120.1038,0.0,0,0,
39046686,현대,쏘나타 (DN8),2.0 LPG(렌터카용),스타일,202112.0,2022,1430.0,79632.0,LPG(일반인 구입),오토,ORIGINAL,일반,2025-03-19 23:28:02.000 +09,경기,㈜오토핸즈,219버8762,2,1,1,200.0921,50.0,1,0,
39000903,현대,쏘나타 하이브리드 (DN8),인스퍼레이션,,202111.0,2022,2290.0,59708.0,가솔린+전기,오토,ORIGINAL,일반,2025-03-19 23:28:02.000 +09,경기,㈜오토핸즈,165하6012,0,1,0,0.0,72.321,0,0,
38625678,현대,YF 쏘나타,LPI 디럭스,,201201.0,2012,445.0,150722.0,LPG(일반인 구입),오토,ORIGINAL,일반,2025-03-19 23:28:02.000 +09,대구,용마자동차상사,267구7209,2,1,3,107.5116,31.67,2,0,
38554021,현대,쏘나타 하이브리드 (DN8),프리미엄 플러스,,202109.0,2022,2460.0,27975.0,가솔린+전기,오토,ORIGINAL,일반,2025-03-19 23:28:02.000 +09,경기,(주)카넷,266소2498,1,0,1,80.3354,0.0,1,0,
39139839,현대,쏘나타 더 브릴리언트,LPI 스마트,,201309.0,2014,430.0,172352.0,LPG(일반인 구입),오토,ORIGINAL,일반,2025-03-19 23:28:02.000 +09,경기,드림모터스,58어6381,2,5,3,105.3779,768.6274,0,0,
38914573,현대,쏘나타 하이브리드 (DN8),인스퍼레이션,,202112.0,2021,2260.0,89287.0,가솔린+전기,오토,ORIGINAL,일반,2025-03-19 23:28:02.000 +09,대구,(주) 모터스링크,258노4503,0,1,1,0.0,49.1487,1,0,
38327874,현대,쏘나타 (DN8),2.0,프리미엄 패밀리,201908.0,2020,1999.0,43480.0,가솔린,오토,ORIGINAL,일반,2025-03-19 23:28:02.000 +09,대전,(주)바이오토,215누3522,1,2,3,18.75,216.308,2,0,
38230183,현대,LF 쏘나타,LPI 스마트,,201505.0,2015,689.0,131601.0,LPG(일반인 구입),오토,ORIGINAL,일반,2025-03-19 23:28:02.000 +09,경기,기운 모터스,31더2871,2,0,7,634.566,0.0,1,0,
39254168,현대,LF 쏘나타,LPI 프리미엄,,201407.0,2015,690.0,173336.0,LPG(일반인 구입),오토,ORIGINAL,일반,2025-03-19 23:28:02.000 +09,인천,우정모터스,32도5794,7,4,5,827.9188,634.6629,1,0,
39052020,현대,쏘나타 (DN8),2.0 LPG(렌터카용),스타일,202001.0,2020,1359.0,92759.0,LPG(일반인 구입),오토,ORIGINAL,일반,2025-03-19 23:28:01.000 +09,충남,착한자동차,268조7508,0,1,1,0.0,27.1149,1,0,
39243996,현대,쏘나타 (DN8),2.0 LPG(렌터카용),스타일,202001.0,2020,1199.0,145577.0,LPG(일반인 구입),오토,ORIGINAL,일반,2025-03-19 23:28:01.000 +09,충남,착한자동차,360가5746,2,0,1,161.8404,0.0,1,0,
37479174,현대,NF 쏘나타 트랜스폼,LPG N20 럭셔리,,200707.0,2008,279.0,103675.0,LPG(일반인 구입),오토,ORIGINAL,일반,2025-03-19 23:27:58.000 +09,대구,형제모터스,15조2779,3,4,4,135.9366,137.8915,0,0,0.0
38974849,현대,쏘나타 (DN8),1.6 터보,인스퍼레이션,201911.0,2020,1950.0,81587.0,가솔린,오토,ORIGINAL,일반,2025-03-19 23:27:10.000 +09,경기,다둥이차,114무4833,1,2,2,27.6299,141.102,0,0,
39205899,현대,쏘나타 (DN8),2.0,프리미엄 패밀리,202101.0,2021,1850.0,73741.0,가솔린,오토,ORIGINAL,일반,2025-03-19 23:27:10.000 +09,인천,JP모터스,388오7877,0,0,1,0.0,0.0,1,0,
39102187,현대,쏘나타 뉴 라이즈,2.0 스마트 초이스,,201812.0,2019,1150.0,83173.0,가솔린,오토,ORIGINAL,일반,2025-03-19 23:27:10.000 +09,대구,팬더모터스,127마8238,2,0,3,283.2286,0.0,1,0,
39103742,현대,LF 쏘나타,LPI 프리미엄 스페셜,,201507.0,2016,1050.0,101469.0,LPG(일반인 구입),오토,ORIGINAL,일반,2025-03-19 23:27:10.000 +09,경기,제이디모터스,11주7898,1,1,0,78.2213,123.6274,0,0,
39099850,현대,쏘나타 뉴 라이즈,2.0 스마트 초이스,,201808.0,2019,2222.0,47130.0,가솔린,오토,ORIGINAL,일반,2025-03-19 23:27:10.000 +09,경기,(주)준모터스,67다5994,0,0,1,0.0,0.0,0,0,
38774581,현대,쏘나타 하이브리드 (DN8),프리미엄,패밀리,202012.0,2021,2450.0,29341.0,가솔린+전기,오토,ORIGINAL,일반,2025-03-19 23:27:10.000 +09,대구,지엘(GL)모터스,301머4814,1,1,1,137.982,88.3988,0,0,
38748024,현대,쏘나타 더 브릴리언트,CVVL 스마트,,201405.0,2014,790.0,87058.0,가솔린,오토,ORIGINAL,일반,2025-03-19 23:27:10.000 +09,경기,(주)동아SMC,20누9873,4,5,3,887.7194,272.076,0,0,
39202435,현대,YF 쏘나타,Y20 프라임,(세부등급 없음),201102.0,2011,550.0,61585.0,가솔린,오토,ORIGINAL,일반,2025-03-19 23:27:10.000 +09,인천,황소모터스,18소7241,1,0,1,52.7478,0.0,0,0,
38980800,현대,LF 쏘나타,LPI 스마트,,201702.0,2017,680.0,147745.0,LPG(일반인 구입),오토,ORIGINAL,일반,2025-03-19 23:27:10.000 +09,광주,(주)다일모터스,34라8823,6,4,3,705.0026,366.698,0,0,
38939020,현대,LF 쏘나타,LPI 프리미엄 스페셜,,201510.0,2016,1090.0,103150.0,LPG(일반인 구입),오토,ORIGINAL,일반,2025-03-19 23:27:02.000 +09,대구,한길모터스,64구8444,2,0,1,92.8244,0.0,0,0,
35736137,현대,LF 쏘나타,LPI 스마트,,201608.0,2016,630.0,180309.0,LPG(일반인 구입),오토,ORIGINAL,일반,2025-03-19 23:27:02.000 +09,충남,동네사람들,199수9836,3,0,1,241.287,0.0,1,0,
38623755,현대,쏘나타 디 엣지(DN8),1.6 터보,익스클루시브,202312.0,2024,2990.0,45580.0,가솔린,오토,ORIGINAL,일반,2025-03-19 23:27:02.000 +09,경기,퍼스트 다이렉트 모터스,236머4002,0,0,1,0.0,0.0,1,0,
38501150,현대,쏘나타 하이브리드 (DN8),프리미엄 플러스,,202110.0,2022,2270.0,77815.0,가솔린+전기,오토,ORIGINAL,일반,2025-03-19 23:27:02.000 +09,대구,트러스트오토모빌대표,254두8683,2,2,1,133.6121,165.648,0,0,
38361281,현대,LF 쏘나타,1.7 디젤 스마트,스페셜,201512.0,2016,1129.0,107506.0,디젤,오토,ORIGINAL,일반,2025-03-19 23:27:02.000 +09,대구,우진종합자동차상사,65주0147,1,0,6,108.656,0.0,0,0,
37884177,현대,쏘나타 (DN8),2.0 LPG(렌터카용),스타일,201904.0,2020,1270.0,67775.0,LPG(일반인 구입),오토,ORIGINAL,일반,2025-03-19 23:27:02.000 +09,경남,(주)Vmotors,304어5543,2,4,3,281.9974,179.6858,1,0,
39138262,현대,LF 쏘나타,LPI 프리미엄,,201510.0,2016,1150.0,37463.0,LPG(일반인 구입),오토,ORIGINAL,일반,2025-03-19 23:27:02.000 +09,인천,조이카모터스,51라0552,2,1,1,126.608,170.0,0,0,
39025207,현대,LF 쏘나타,LPI 프리미엄 스페셜,,201509.0,2016,990.0,112964.0,LPG(일반인 구입),오토,ORIGINAL,일반,2025-03-19 23:27:02.000 +09,경기,(주)동아에스엠씨,106도4875,2,1,1,124.524,67.0,1,0,
39223963,현대,LF 쏘나타 하이브리드,2.0 HEV,모던,201501.0,2015,1160.0,98562.0,가솔린+전기,오토,ORIGINAL,일반,2025-03-19 23:27:02.000 +09,인천,주식회사홍차,67어9976,3,4,1,295.1745,367.429,0,0,
39211230,현대,쏘나타 (DN8),2.0,프리미엄 밀레니얼,201910.0,2020,1840.0,74595.0,가솔린,오토,ORIGINAL,일반,2025-03-19 23:27:02.000 +09,인천,(주)시우자동차,339루9001,3,0,1,216.7607,0.0,0,0,
39205407,현대,쏘나타 하이브리드,2.0,프리미어,201210.0,2012,390.0,130816.0,가솔린+전기,오토,ORIGINAL,일반,2025-03-19 23:27:02.000 +09,경기,오토모빌,22무2360,2,2,2,253.532,174.0282,0,0,
39052201,현대,쏘나타 (DN8),2.0 LPG(렌터카용),스마트,202012.0,2021,1340.0,134914.0,LPG(일반인 구입),오토,ORIGINAL,일반,2025-03-19 23:26:35.000 +09,경남,SM모터스,317두7024,1,0,1,55.3722,0.0,1,0,
39219218,현대,쏘나타 (DN8),2.0,프리미엄,201909.0,2020,1690.0,44948.0,가솔린,오토,ORIGINAL,일반,2025-03-19 23:26:31.000 +09,부산,그랜드모터스,386서9820,2,2,3,267.894,42.9838,1,0,
39202224,현대,쏘나타 더 브릴리언트,CVVL 모던,,201309.0,2014,450.0,177763.0,가솔린,오토,ORIGINAL,일반,2025-03-19 23:26:10.000 +09,충남,(주)거상자동차,26다5105,2,1,1,190.6008,266.65,0,0,
39103572,현대,쏘나타 (DN8),2.0 LPG(렌터카용),스마트,201912.0,2020,1390.0,147388.0,LPG(일반인 구입),오토,ORIGINAL,일반,2025-03-19 23:26:10.000 +09,충남,sb모터스,113로2731,1,0,1,141.0162,0.0,1,0,
39075818,현대,쏘나타 (DN8),1.6 터보,인스퍼레이션,202307.0,2023,2690.0,34067.0,가솔린,오토,ORIGINAL,일반,2025-03-19 23:26:10.000 +09,경기,정도자동차,345더6409,0,0,0,0.0,0.0,0,0,
39163873,현대,쏘나타 뉴 라이즈 하이브리드,프리미엄,(세부등급 없음),201802.0,2018,1450.0,101889.0,가솔린+전기,오토,ORIGINAL,일반,2025-03-19 23:26:10.000 +09,경기,주식회사 차사랑모터스,49거8438,0,0,1,0.0,0.0,0,0,
39159174,현대,쏘나타 (DN8),2.0 LPG(렌터카용),스마트,202103.0,2021,9999.0,119792.0,LPG(일반인 구입),오토,ORIGINAL,일반,2025-03-19 23:26:10.000 +09,전북,은혜모터스,226우7955,1,0,3,400.0578,0.0,1,0,
39134691,현대,쏘나타 (DN8),2.0 LPG,스마트,201907.0,2020,1610.0,82148.0,LPG(일반인 구입),오토,ORIGINAL,일반,2025-03-19 23:26:10.000 +09,경기,프렌즈모터스,38어7144,1,2,1,127.7578,93.6574,0,0,
39054839,현대,YF 쏘나타,LPI 럭셔리,,201102.0,2011,209.0,246019.0,LPG(일반인 구입),오토,ORIGINAL,일반,2025-03-19 23:26:10.000 +09,경기,브라더샵,67거0959,9,0,1,410.1033,0.0,1,0,
38565634,현대,쏘나타 (DN8),1.6 터보,인스퍼레이션,202205.0,2022,2449.0,62703.0,가솔린,오토,ORIGINAL,일반,2025-03-19 23:26:07.000 +09,경기,(주)왕카,113고8123,0,0,1,0.0,0.0,1,0,
39066469,현대,쏘나타 하이브리드 (DN8),프리미엄,패밀리,202012.0,2021,1820.0,108385.0,가솔린+전기,오토,ORIGINAL,일반,2025-03-19 23:26:02.000 +09,충남,남부자동차매매상사,102러2893,0,2,2,0.0,70.9188,1,0,
38930595,현대,LF 쏘나타,2.0 스마트,(세부등급 없음),201602.0,2016,850.0,133720.0,가솔린,오토,ORIGINAL,일반,2025-03-19 23:26:02.000 +09,경기,중고차A팀,26수5793,2,1,3,404.293,94.632,1,0,
38918819,현대,쏘나타 하이브리드 (DN8),프리미엄,(세부등급 없음),202012.0,2021,1570.0,127267.0,가솔린+전기,오토,ORIGINAL,일반,2025-03-19 23:26:02.000 +09,인천,오토플러스(주),247주2518,0,0,1,0.0,0.0,1,0,
38791771,현대,YF 쏘나타,Y20 프리미어,(세부등급 없음),201112.0,2012,450.0,136828.0,가솔린,오토,ORIGINAL,일반,2025-03-19 23:26:02.000 +09,대구,비모터스,30러7198,5,0,2,394.6666,0.0,0,0,
38613818,현대,쏘나타 뉴 라이즈,LPI 프리미엄,,201805.0,2019,1600.0,57316.0,LPG(일반인 구입),오토,ORIGINAL,일반,2025-03-19 23:26:02.000 +09,서울,(주)영업왕자,15루7369,0,1,0,0.0,55.8028,0,0,
38419403,현대,LF 쏘나타,LPI 프리미엄 스페셜,,201601.0,2016,1110.0,91242.0,LPG(일반인 구입),오토,ORIGINAL,일반,2025-03-19 23:26:02.000 +09,경기,(주)동아에스엠씨 ,11버0506,3,2,1,371.351,103.839,0,0,
38441765,현대,쏘나타 (DN8),2.0,프리미엄 패밀리,202101.0,2021,1950.0,45797.0,가솔린,오토,ORIGINAL,일반,2025-03-19 23:26:02.000 +09,서울,(주)티티카,159가5054,1,0,1,0.0,0.0,1,0,
38533707,현대,쏘나타 하이브리드 (DN8),인스퍼레이션,,202007.0,2021,2340.0,86718.0,가솔린+전기,오토,ORIGINAL,일반,2025-03-19 23:26:02.000 +09,인천,에이치투모터스,363소8922,2,0,1,174.407,0.0,0,0,
38293687,현대,쏘나타 (DN8),2.0 LPG(렌터카용),스마트,202010.0,2021,1250.0,121960.0,LPG(일반인 구입),오토,ORIGINAL,일반,2025-03-19 23:26:02.000 +09,경기,일등자동차,187러6289,0,0,1,0.0,0.0,1,0,
39098860,현대,쏘나타 (DN8),1.6 터보,인스퍼레이션,201912.0,2020,1870.0,104622.0,가솔린,오토,ORIGINAL,일반,2025-03-19 23:26:02.000 +09,경기,(주)왕카,251루8443,0,0,2,0.0,0.0,1,0,
39088811,현대,쏘나타 (DN8),1.6 터보,인스퍼레이션,202111.0,2022,2190.0,85362.0,가솔린,오토,ORIGINAL,일반,2025-03-19 23:26:02.000 +09,서울,롯데렌탈주식회사,238나1261,0,0,0,0.0,0.0,1,0,
38988103,현대,LF 쏘나타,2.0 스마트,(세부등급 없음),201404.0,2015,1280.0,52281.0,가솔린,오토,ORIGINAL,일반,2025-03-19 23:26:02.000 +09,경기,(주)유로모터스,42조5511,2,2,1,172.776,188.366,0,0,
39193184,현대,YF 쏘나타,LPI 프리미어(장애인용),,201110.0,2012,380.0,165057.0,LPG(일반인 구입),오토,ORIGINAL,일반,2025-03-19 23:26:02.000 +09,경기,(주)비비드카,36고6873,4,1,1,463.7226,20.0,0,0,
39260377,현대,쏘나타 뉴 라이즈,LPI 스타일,,201806.0,2019,999.0,139145.0,LPG(일반인 구입),오토,ORIGINAL,일반,2025-03-19 23:26:02.000 +09,경남,(주)Vmotors,162우2181,1,0,1,127.2059,0.0,1,0,
38959523,현대,LF 쏘나타,2.0 프리미엄,(세부등급 없음),201410.0,2015,999.0,150744.0,가솔린,오토,ORIGINAL,일반,2025-03-19 23:26:02.000 +09,충남,one모터스,63어2789,3,3,10,295.7951,363.3244,0,0,
39153908,현대,YF 쏘나타,LPI 럭셔리,,201003.0,2010,350.0,141253.0,LPG(일반인 구입),오토,ORIGINAL,일반,2025-03-19 23:26:02.000 +09,경기,열정모터스,45수8931,2,2,5,167.7725,55.6566,1,0,
39236524,현대,NF 쏘나타 트랜스폼,N20 프리미어 블랙,고급형,200801.0,2008,299.0,102011.0,가솔린,오토,ORIGINAL,일반,2025-03-19 23:26:02.000 +09,부산,주식회사정진엠티에스,57버5602,6,2,1,1055.0299,442.003,0,0,
39258282,현대,쏘나타 뉴 라이즈,2.0 스마트 스페셜,,201805.0,2019,1299.0,132126.0,가솔린,오토,ORIGINAL,일반,2025-03-19 23:25:25.000 +09,경기,두드림자동차,27누3781,2,1,4,80.6809,227.876,0,0,
38425661,현대,쏘나타 (DN8),2.0 LPG(렌터카용),스마트,202012.0,2021,1380.0,83504.0,LPG(일반인 구입),오토,ORIGINAL,일반,2025-03-19 23:25:10.000 +09,경기,비전모터스,357가8191,4,1,1,582.0438,64.214,0,0,
39182130,현대,쏘나타 (DN8),2.0 LPG(렌터카용),스타일,202006.0,2021,1540.0,67049.0,LPG(일반인 구입),오토,ORIGINAL,일반,2025-03-19 23:25:10.000 +09,경기,라온모터스,128두8043,1,0,1,60.5529,0.0,0,0,
39066989,현대,YF 쏘나타,LPI 프리미어(장애인용),,201110.0,2012,440.0,148452.0,LPG(일반인 구입),오토,ORIGINAL,일반,2025-03-19 23:25:10.000 +09,전북,스마일모터스,32러2593,5,8,4,895.5966,1091.7363,0,0,
39038178,현대,LF 쏘나타,LPI 모던,,201601.0,2016,690.0,178375.0,LPG(일반인 구입),오토,ORIGINAL,일반,2025-03-19 23:25:10.000 +09,광주,(주)에이프로,65수4988,3,1,6,224.0476,81.307,1,0,
39027046,현대,쏘나타 하이브리드,2.0,로열,201109.0,2012,590.0,157935.0,가솔린+전기,오토,ORIGINAL,일반,2025-03-19 23:25:03.000 +09,경기,울트라모터스,49주4684,1,0,1,55.7179,0.0,0,0,
39170070,현대,YF 쏘나타,Y20 프라임,블랙,201104.0,2011,390.0,141750.0,가솔린,오토,ORIGINAL,일반,2025-03-19 23:25:03.000 +09,대구,M3모터스,49모6141,8,8,3,1226.7215,1029.0161,0,0,
39160175,현대,쏘나타 뉴 라이즈,2.0 스타일,,201901.0,2019,1080.0,84433.0,가솔린,오토,ORIGINAL,일반,2025-03-19 23:25:03.000 +09,경기,코리아모터스,48부2790,1,0,0,73.287,0.0,0,0,
39121324,현대,쏘나타 (DN8),2.0,프리미엄 밀레니얼,201905.0,2020,1500.0,82928.0,가솔린,오토,ORIGINAL,일반,2025-03-19 23:25:03.000 +09,인천,진성오토모티브,126더3230,2,0,3,218.6601,0.0,1,0,
39245860,현대,쏘나타 더 브릴리언트,CVVL 스마트,,201304.0,2013,550.0,108781.0,가솔린,오토,ORIGINAL,일반,2025-03-19 23:25:03.000 +09,경기,무결점 카모터스,65무8496,2,1,3,405.1708,42.641,1,0,
39182788,현대,쏘나타 하이브리드 (DN8),프리미엄,패밀리,202012.0,2021,1900.0,84586.0,가솔린+전기,오토,ORIGINAL,일반,2025-03-19 23:25:03.000 +09,인천,오토플러스(주),240소9121,0,0,3,0.0,0.0,1,0,
39166093,현대,LF 쏘나타,LPI 스마트,,201405.0,2015,570.0,163855.0,LPG(일반인 구입),오토,ORIGINAL,일반,2025-03-19 23:25:03.000 +09,경기,최강모터스,178수5821,4,1,3,223.8869,229.89,1,0,
37389976,현대,LF 쏘나타,2.0 스타일,스페셜,201611.0,2017,1089.0,77463.0,가솔린,오토,ORIGINAL,일반,2025-03-19 23:25:03.000 +09,경기,k1car,11소0120,2,1,1,398.003,77.273,0,0,
38957895,현대,쏘나타 더 브릴리언트,LPI 프리미엄,,201407.0,2014,530.0,224453.0,LPG(일반인 구입),오토,ORIGINAL,일반,2025-03-19 23:25:03.000 +09,충북,세종모터스,32조1050,2,1,1,264.4061,43.75,0,0,
38756405,현대,쏘나타 디 엣지(DN8),2.0 LPG,인스퍼레이션,202312.0,2024,3420.0,3352.0,LPG(일반인 구입),오토,ORIGINAL,일반,2025-03-19 23:25:03.000 +09,경기,코리아모터스,229고3298,0,0,1,0.0,0.0,0,0,
38977833,현대,LF 쏘나타,2.0 스마트,(세부등급 없음),201605.0,2017,990.0,107023.0,가솔린,오토,ORIGINAL,일반,2025-03-19 23:25:03.000 +09,부산,진모터스,33누0964,4,0,2,318.672,0.0,0,0,
38216364,현대,YF 쏘나타,Y20 탑,고급형,201001.0,2010,390.0,130611.0,가솔린,오토,ORIGINAL,일반,2025-03-19 23:25:03.000 +09,충북,대원모터스,15부1601,6,2,3,386.819,58.2416,0,0,
38351409,현대,YF 쏘나타,LPI 프리미어(장애인용),,201004.0,2010,299.0,175579.0,LPG(일반인 구입),오토,ORIGINAL,일반,2025-03-19 23:25:03.000 +09,광주,삼덕상사,23버9180,8,1,4,385.8528,32.9971,0,0,
39246996,현대,LF 쏘나타,LPI 프리미엄 스페셜,,201410.0,2015,1080.0,86639.0,LPG(일반인 구입),오토,ORIGINAL,일반,2025-03-19 23:24:13.000 +09,울산,호호모터스,29주6687,2,1,3,235.0501,55.1937,0,0,
38421740,현대,쏘나타 하이브리드 (DN8),프리미엄 플러스,,202108.0,2022,2250.0,82075.0,가솔린+전기,오토,ORIGINAL,일반,2025-03-19 23:24:13.000 +09,경기,(주)에스비즈,180버1355,2,0,3,76.1554,0.0,0,0,
38466844,현대,쏘나타 뉴 라이즈,LPI 모던,,201710.0,2018,1250.0,94012.0,LPG(일반인 구입),오토,ORIGINAL,일반,2025-03-19 23:24:13.000 +09,충남,천안모터스,322우7734,0,0,1,0.0,0.0,1,0,
36957435,현대,쏘나타 하이브리드 (DN8),프리미엄,패밀리,202012.0,2021,2020.0,71611.0,가솔린+전기,오토,ORIGINAL,일반,2025-03-19 23:24:13.000 +09,경기,타타모터스,266무8654,1,0,1,45.1427,0.0,1,0,
38921465,현대,쏘나타 (DN8),2.0,프리미엄,202104.0,2021,1420.0,46663.0,가솔린,오토,ORIGINAL,일반,2025-03-19 23:24:13.000 +09,부산,오토플러스(주),398러4340,1,1,1,85.397,35.814,1,0,
37815841,현대,LF 쏘나타,2.0 스타일,스페셜,201512.0,2016,1159.0,51490.0,가솔린,오토,ORIGINAL,일반,2025-03-19 23:24:03.000 +09,경기,k1car,66너0884,1,1,1,467.54,42.1393,0,0,
38403599,현대,LF 쏘나타 하이브리드,2.0 HEV,프리미엄 스페셜,201612.0,2017,1240.0,113150.0,가솔린+전기,오토,ORIGINAL,일반,2025-03-19 23:24:03.000 +09,인천,황소모터스,06구0193,1,0,3,73.9734,0.0,0,0,
38333064,현대,쏘나타 뉴 라이즈,LPI 스타일,,201709.0,2018,1140.0,112206.0,LPG(일반인 구입),오토,ORIGINAL,일반,2025-03-19 23:24:03.000 +09,충남,진명자동차,396다8174,2,0,1,102.7218,0.0,1,0,
38349499,현대,YF 쏘나타,Y20 럭셔리,,201201.0,2012,590.0,53206.0,가솔린,오토,ORIGINAL,일반,2025-03-19 23:24:03.000 +09,대구,1호모터스,22무9186,2,1,1,149.2973,113.4264,0,0,
38508731,현대,쏘나타 (DN8),2.0 LPG,스마트,201906.0,2020,1520.0,90938.0,LPG(일반인 구입),오토,ORIGINAL,일반,2025-03-19 23:24:03.000 +09,서울,퍼스트오토,20로4025,2,1,1,133.89,46.8373,0,0,
39033117,현대,YF 쏘나타,F24 GDI,최고급형,201003.0,2010,590.0,45828.0,가솔린,오토,ORIGINAL,일반,2025-03-19 23:24:03.000 +09,경기,에스원모터스,42더5238,0,1,1,0.0,59.9771,0,0,
38934571,현대,쏘나타 (DN8),2.0 LPG(렌터카용),스마트,202012.0,2021,1450.0,114999.0,LPG(일반인 구입),오토,ORIGINAL,일반,2025-03-19 23:24:03.000 +09,경기,KL모터스,204소4189,1,1,1,61.328,141.7927,1,0,
39088845,현대,쏘나타 뉴 라이즈,LPI 스타일,,201801.0,2018,1090.0,70143.0,LPG(일반인 구입),오토,ORIGINAL,일반,2025-03-19 23:24:03.000 +09,서울,(주)모든자동차,257주6869,0,0,2,0.0,0.0,1,0,
39160658,현대,쏘나타 뉴 라이즈,LPI 스타일,,201704.0,2018,990.0,114332.0,LPG(일반인 구입),오토,ORIGINAL,일반,2025-03-19 23:24:03.000 +09,부산,태성모터스,142루6764,1,0,4,40.5018,0.0,1,0,
38222619,현대,쏘나타 (DN8),1.6 터보,모던,202207.0,2022,2070.0,52211.0,가솔린,오토,ORIGINAL,일반,2025-03-19 23:24:03.000 +09,경기,블루오토,231마2423,0,0,1,0.0,0.0,0,0,
39171021,현대,쏘나타 뉴 라이즈,2.0 모던,,201704.0,2018,1330.0,149111.0,가솔린,오토,ORIGINAL,일반,2025-03-19 23:24:03.000 +09,충남,(주)올바른자동차,55도3540,3,3,5,302.1635,297.8658,0,0,
39232344,현대,쏘나타 (DN8),2.0,인스퍼레이션,201905.0,2020,1700.0,100707.0,가솔린,오토,ORIGINAL,일반,2025-03-19 23:24:03.000 +09,경기,(주)준모터스,03거4070,1,1,1,112.36,119.3989,0,0,
39215387,현대,YF 쏘나타,Y20 프리미어,(세부등급 없음),201008.0,2011,319.0,157651.0,가솔린,오토,ORIGINAL,일반,2025-03-19 23:23:13.000 +09,인천,모터스퀘어,58가8005,2,3,1,245.1101,120.789,0,0,
38555937,현대,LF 쏘나타 하이브리드,2.0 HEV,모던,201504.0,2015,1440.0,41964.0,가솔린+전기,오토,ORIGINAL,일반,2025-03-19 23:23:13.000 +09,대전,서해모터스,60노7990,3,2,2,232.398,165.452,0,0,
38525339,현대,쏘나타 (DN8),2.0,프리미엄 플러스,202212.0,2023,2230.0,45938.0,가솔린,오토,ORIGINAL,일반,2025-03-19 23:23:13.000 +09,충남,당근카,269오4848,0,0,1,0.0,0.0,1,0,
38796534,현대,쏘나타 뉴 라이즈,LPI 모던,,201801.0,2018,990.0,103405.0,LPG(일반인 구입),오토,ORIGINAL,일반,2025-03-19 23:23:13.000 +09,경기,(주)최 강모터스,130더8948,2,1,1,106.232,159.931,1,0,
38712508,현대,YF 쏘나타,LPI 프리미어(장애인용),,201008.0,2010,620.0,80446.0,LPG(일반인 구입),오토,ORIGINAL,일반,2025-03-19 23:23:13.000 +09,경기,윈윈 모터스,53마3268,3,1,1,334.8295,32.641,0,0,
38812851,현대,YF 쏘나타,LPI 디럭스,,201004.0,2010,350.0,173908.0,LPG(일반인 구입),오토,ORIGINAL,일반,2025-03-19 23:23:13.000 +09,대구,우진종합자동차상사,29두2116,1,2,4,46.2588,89.5828,1,0,
38846616,현대,LF 쏘나타,1.7 디젤 스마트,(세부등급 없음),201702.0,2017,699.0,83057.0,디젤,오토,ORIGINAL,일반,2025-03-19 23:23:13.000 +09,경기,(주)혜성자동차,10모4802,2,0,1,856.0101,0.0,0,0,
38938607,현대,쏘나타 (DN8),2.0,모던,202201.0,2022,1960.0,34824.0,가솔린,오토,ORIGINAL,일반,2025-03-19 23:23:05.000 +09,충남,(주)더카,139가9159,0,0,1,0.0,0.0,1,0,
38906717,현대,쏘나타 (DN8),2.0 LPG(장애인용),프리미엄,201907.0,2020,2050.0,61124.0,LPG(일반인 구입),오토,ORIGINAL,일반,2025-03-19 23:23:05.000 +09,대구,뉴명가모터스,347가1648,0,1,0,0.0,0.0,1,0,
36820491,현대,LF 쏘나타,2.0 프리미엄,(세부등급 없음),201507.0,2015,887.0,159146.0,가솔린,오토,ORIGINAL,일반,2025-03-19 23:23:05.000 +09,인천,모터바겐,06우8975,2,2,4,126.1759,291.9774,1,0,
37402591,현대,LF 쏘나타,2.0 스마트,(세부등급 없음),201412.0,2015,1100.0,96560.0,가솔린,오토,ORIGINAL,일반,2025-03-19 23:23:05.000 +09,광주,대오모터스,53무3597,2,1,5,90.8884,116.707,0,0,
37743272,현대,LF 쏘나타,2.0 스마트,스페셜,201612.0,2017,899.0,117400.0,가솔린,오토,ORIGINAL,일반,2025-03-19 23:23:05.000 +09,경남,(주)오토정,35어4871,7,1,3,1359.621,116.858,0,0,
39120467,현대,LF 쏘나타,2.0 스타일,스페셜,201508.0,2016,1120.0,59119.0,가솔린,오토,ORIGINAL,일반,2025-03-19 23:23:05.000 +09,광주,(주)삼흥모터스,41구2539,2,3,1,316.7568,509.9438,0,0,
39258001,현대,YF 쏘나타,LPI 럭셔리(장애인용),,201204.0,2012,320.0,200478.0,LPG(일반인 구입),오토,ORIGINAL,일반,2025-03-19 23:23:05.000 +09,경기,경기모터스,14누5023,3,2,1,169.8272,152.559,0,0,
39252837,현대,쏘나타 (DN8),2.0,프리미엄 플러스,202107.0,2022,1300.0,169070.0,가솔린,오토,ORIGINAL,일반,2025-03-19 23:23:05.000 +09,인천,다올모터스,215서5226,3,1,2,450.3099,53.6296,1,0,
39054102,현대,LF 쏘나타,2.0 스마트,(세부등급 없음),201702.0,2017,1040.0,105565.0,가솔린,오토,ORIGINAL,일반,2025-03-19 23:23:05.000 +09,경기,라온모터스,16보8043,8,1,3,426.6001,38.285,0,0,
38880271,현대,쏘나타 디 엣지(DN8),1.6 터보,인스퍼레이션,202309.0,2024,2990.0,44353.0,가솔린,오토,ORIGINAL,일반,2025-03-19 23:23:05.000 +09,서울,시원 모터스,244서1160,0,0,0,0.0,0.0,0,0,
39176019,현대,LF 쏘나타,2.0 프리미엄,(세부등급 없음),201601.0,2016,1180.0,106339.0,가솔린,오토,ORIGINAL,일반,2025-03-19 23:23:05.000 +09,경기,라온모터스,25노0675,1,0,0,66.863,0.0,0,0,
38929665,현대,쏘나타 하이브리드 (DN8),프리미엄,(세부등급 없음),201912.0,2020,1899.0,69331.0,가솔린+전기,오토,ORIGINAL,일반,2025-03-19 23:22:56.000 +09,경기,더나은모터스,155라6392,0,0,1,0.0,0.0,1,0,
36792249,현대,LF 쏘나타,2.0 스타일,(세부등급 없음),201606.0,2017,810.0,125864.0,가솔린,오토,ORIGINAL,일반,2025-03-19 23:22:11.000 +09,경기,세븐모터스,277나1241,1,1,3,148.6347,59.4083,1,0,
38696804,현대,쏘나타 뉴 라이즈,2.0 모던,,201808.0,2019,1430.0,88918.0,가솔린,오토,ORIGINAL,일반,2025-03-19 23:22:11.000 +09,광주,주)타요,248누2556,1,0,2,85.2009,0.0,1,0,
39169514,현대,쏘나타 (DN8),2.0,프리미엄,201908.0,2020,1642.0,64000.0,가솔린,오토,ORIGINAL,렌트,2025-03-19 23:22:11.000 +09,경기,(주)박차컴퍼니,36호2660,0,0,1,0.0,0.0,0,0,
39249249,현대,쏘나타 (DN8),2.0,인스퍼레이션,201905.0,2020,1470.0,151708.0,가솔린,오토,ORIGINAL,일반,2025-03-19 23:22:11.000 +09,경기,(주)건모터스풍동,317구2181,0,0,0,0.0,0.0,1,0,
39001507,현대,쏘나타 뉴 라이즈,LPI 모던,,201802.0,2018,920.0,154418.0,LPG(일반인 구입),오토,ORIGINAL,일반,2025-03-19 23:22:11.000 +09,경기,중고차A팀,193너2026,3,1,3,580.0978,33.96,2,0,
39122312,현대,쏘나타 디 엣지(DN8),2.0,인스퍼레이션,202402.0,2024,3190.0,13988.0,가솔린,오토,ORIGINAL,일반,2025-03-19 23:22:11.000 +09,경기,(주)에스비즈,228더9066,1,0,3,103.9852,0.0,0,0,
39071105,현대,YF 쏘나타,LPI 럭셔리,,201009.0,2011,290.0,228741.0,LPG(일반인 구입),오토,ORIGINAL,일반,2025-03-19 23:22:11.000 +09,전북,미래모터스,56무1513,3,2,3,231.8526,323.8981,0,0,
39058767,현대,쏘나타 (DN8),2.0,프리미엄,202102.0,2021,1720.0,82702.0,가솔린,오토,ORIGINAL,일반,2025-03-19 23:22:11.000 +09,광주,오토핸즈 광주직영점,178호1465,1,1,0,176.9658,45.5787,0,0,
38890723,현대,LF 쏘나타,2.0 프리미엄,(세부등급 없음),201504.0,2015,1430.0,81142.0,가솔린,오토,ORIGINAL,일반,2025-03-19 23:22:11.000 +09,대구,에스모터스,38러8152,3,1,1,156.376,93.479,0,0,
39152675,현대,쏘나타 (DN8),2.0,프리미엄,201906.0,2020,1599.0,116272.0,가솔린,오토,ORIGINAL,일반,2025-03-19 23:22:11.000 +09,경기,로또모터스,154무8010,1,0,5,62.3344,0.0,1,0,
38982121,현대,쏘나타 디 엣지(DN8),2.0,프리미엄,202306.0,2024,2750.0,5275.0,가솔린,오토,ORIGINAL,일반,2025-03-19 23:22:03.000 +09,경북,씽씽자동차매매상사,322무6211,0,0,0,0.0,0.0,0,0,
38969537,현대,LF 쏘나타,1.7 디젤 케어플러스,,201701.0,2017,790.0,92591.0,디젤,오토,ORIGINAL,일반,2025-03-19 23:22:03.000 +09,인천,와이비모터스,14우9773,2,2,2,537.0474,352.93,0,0,
38927222,현대,LF 쏘나타 하이브리드,2.0 HEV,모던,201510.0,2016,870.0,146593.0,가솔린+전기,오토,ORIGINAL,일반,2025-03-19 23:22:03.000 +09,서울,(주)에스에이치모텃,56가1334,6,3,1,456.8987,400.4381,0,0,
38838870,현대,쏘나타 하이브리드 (DN8),모던,,202204.0,2022,1970.0,73073.0,가솔린+전기,오토,ORIGINAL,일반,2025-03-19 23:22:03.000 +09,서울,롯데렌탈주식회사,153더1561,2,0,0,103.7956,0.0,1,0,
38370292,현대,쏘나타 (DN8),2.0,인스퍼레이션,201904.0,2020,2170.0,62878.0,가솔린,오토,ORIGINAL,일반,2025-03-19 23:22:03.000 +09,대구,준 모터스,52나2505,2,1,2,251.6272,69.958,0,0,
38186564,현대,LF 쏘나타,2.0 케어플러스,,201706.0,2017,1290.0,47061.0,가솔린,오토,ORIGINAL,일반,2025-03-19 23:22:03.000 +09,인천,뉴정우모터스,46거7559,2,1,3,177.0498,32.443,0,0,
39080308,현대,LF 쏘나타,1.6 터보 스타일,,201601.0,2016,820.0,150258.0,가솔린,오토,ORIGINAL,일반,2025-03-19 23:22:03.000 +09,경기,중고차A팀,29주0277,5,7,1,715.3944,517.143,0,0,
39080292,현대,LF 쏘나타 하이브리드,2.0 HEV,모던,201602.0,2016,1300.0,94724.0,가솔린+전기,오토,ORIGINAL,일반,2025-03-19 23:22:03.000 +09,경기,중고차A팀,02서0231,5,0,1,653.1737,0.0,0,0,
39045272,현대,쏘나타 하이브리드 (DN8),프리미엄,밀레니얼,202101.0,2021,2399.0,65734.0,가솔린+전기,오토,ORIGINAL,일반,2025-03-19 23:22:03.000 +09,부산,윤프로모터스,352더4870,1,0,1,68.3525,0.0,0,0,
39053807,현대,LF 쏘나타,LPI 모던,,201602.0,2016,520.0,190797.0,LPG(일반인 구입),오토,ORIGINAL,일반,2025-03-19 23:22:03.000 +09,경기,솔카,355부9103,3,2,2,617.648,2143.2058,1,0,
39107799,현대,쏘나타 (DN8),2.0,프리미엄,201912.0,2020,1690.0,61093.0,가솔린,오토,ORIGINAL,일반,2025-03-19 23:22:03.000 +09,인천,달인자동차,134서9903,2,0,1,125.0468,0.0,0,0,
38695664,현대,쏘나타 하이브리드 (DN8),인스퍼레이션,,202006.0,2021,2400.0,80378.0,가솔린+전기,오토,ORIGINAL,일반,2025-03-19 23:22:03.000 +09,경기,(주)케이엠모터스,350머8815,1,0,2,117.601,0.0,1,0,
38539757,현대,쏘나타 (DN8),2.0 LPG(렌터카용),스마트,201908.0,2020,1699.0,44680.0,LPG(일반인 구입),오토,ORIGINAL,일반,2025-03-19 23:22:03.000 +09,대구,정모터스,05라4124,2,0,1,124.026,0.0,0,0,
38765136,현대,쏘나타 뉴 라이즈,LPI 모던,,201710.0,2018,1050.0,128263.0,LPG(일반인 구입),오토,ORIGINAL,일반,2025-03-19 23:22:03.000 +09,경남,한우카,297가9764,3,1,4,605.246,64.7709,1,0,0.0
38441976,현대,쏘나타 하이브리드 (DN8),프리미엄,(세부등급 없음),202001.0,2020,1670.0,107071.0,가솔린+전기,오토,ORIGINAL,일반,2025-03-19 23:22:03.000 +09,서울,(주)카웨이,139부8484,0,0,3,0.0,0.0,1,0,
38928985,현대,쏘나타 (DN8),2.0 LPG,모던,202201.0,2022,2050.0,28740.0,LPG(일반인 구입),오토,ORIGINAL,일반,2025-03-19 23:21:50.000 +09,서울,삼진,306오6289,2,0,1,311.2779,0.0,0,0,
39070702,현대,YF 쏘나타,Y20 프라임,(세부등급 없음),201101.0,2011,390.0,162791.0,가솔린,오토,ORIGINAL,일반,2025-03-19 23:21:40.000 +09,대전,(주)정모터스,33조6685,2,2,3,158.1411,90.7967,0,0,
39064346,현대,YF 쏘나타,Y20 프라임,(세부등급 없음),201202.0,2012,620.0,68851.0,가솔린,오토,ORIGINAL,일반,2025-03-19 23:21:40.000 +09,대전,(주)정모터스,15고8679,2,1,1,76.0292,74.441,0,0,
38609761,현대,쏘나타 뉴 라이즈,LPI 스타일,,201710.0,2018,920.0,125850.0,LPG(일반인 구입),오토,ORIGINAL,일반,2025-03-19 23:21:40.000 +09,대전,(주)정모터스,110모2304,0,0,1,0.0,0.0,1,0,
39002247,현대,쏘나타 더 브릴리언트,LPI 스마트,,201211.0,2013,490.0,175722.0,LPG(일반인 구입),오토,ORIGINAL,일반,2025-03-19 23:21:39.000 +09,대전,(주)정모터스,01주0849,2,1,6,164.5012,146.148,1,0,
39192865,현대,YF 쏘나타,Y20 프라임,(세부등급 없음),201106.0,2011,360.0,188617.0,가솔린,오토,ORIGINAL,일반,2025-03-19 23:21:39.000 +09,대전,(주)정모터스,51도2287,4,7,3,337.4659,769.4851,0,0,
38984996,현대,YF 쏘나타,LPI 프리미어,,201010.0,2011,290.0,242884.0,LPG(일반인 구입),오토,ORIGINAL,일반,2025-03-19 23:21:38.000 +09,대전,(주)정모터스,51루3923,2,0,3,112.094,0.0,0,0,
39261761,현대,쏘나타 더 브릴리언트,LPI 스마트,,201303.0,2013,650.0,80877.0,LPG(일반인 구입),오토,ORIGINAL,일반,2025-03-19 23:21:37.000 +09,대전,(주)정모터스,66부5222,1,1,1,124.005,38.739,0,0,
39269313,현대,LF 쏘나타,2.0 스타일,(세부등급 없음),201502.0,2015,970.0,53643.0,가솔린,오토,ORIGINAL,일반,2025-03-19 23:21:37.000 +09,대전,(주)정모터스,58너1767,4,1,1,248.478,140.0,0,0,
39103286,현대,쏘나타 하이브리드 (DN8),인스퍼레이션,,201912.0,2020,2239.0,88947.0,가솔린+전기,오토,ORIGINAL,일반,2025-03-19 23:21:15.000 +09,부산,주식회사 왓카,293가2417,1,0,6,35.8599,0.0,0,0,
38327536,현대,쏘나타 (DN8),1.6 터보,인스퍼레이션,202001.0,2020,2390.0,55459.0,가솔린,오토,ORIGINAL,일반,2025-03-19 23:21:14.000 +09,충북,정모터스,389고1486,2,2,1,236.936,500.294,0,0,
39169186,현대,YF 쏘나타,LPI 프리미어(장애인용),,201105.0,2011,330.0,227216.0,LPG(일반인 구입),오토,ORIGINAL,일반,2025-03-19 23:21:14.000 +09,대구,건영모터스,60로5986,3,1,2,294.833,36.0758,0,0,
39157621,현대,쏘나타 하이브리드 (DN8),프리미엄,(세부등급 없음),202103.0,2021,1590.0,108935.0,가솔린+전기,오토,ORIGINAL,일반,2025-03-19 23:21:14.000 +09,서울,롯데렌탈주식회사,202구6300,1,0,0,117.1824,0.0,1,0,
39195764,현대,LF 쏘나타,2.0 프리미엄,(세부등급 없음),201406.0,2015,1090.0,94283.0,가솔린,오토,ORIGINAL,일반,2025-03-19 23:21:14.000 +09,서울,(주)에스유카,56저3421,3,1,2,488.4888,190.706,0,0,
39198468,현대,LF 쏘나타 하이브리드,2.0 HEV,모던,201604.0,2016,1050.0,91763.0,가솔린+전기,오토,ORIGINAL,일반,2025-03-19 23:21:14.000 +09,부산,진모터스,32보0633,2,1,1,485.7008,363.4203,0,0,
39071213,현대,쏘나타 (DN8),1.6 터보,프리미엄 패밀리,202005.0,2020,2130.0,49254.0,가솔린,오토,ORIGINAL,일반,2025-03-19 23:21:14.000 +09,경기,(주)준모터스,154가5154,3,0,0,189.9102,0.0,0,0,
38896704,현대,LF 쏘나타 하이브리드,2.0 HEV,모던,201503.0,2016,1390.0,51008.0,가솔린+전기,오토,ORIGINAL,일반,2025-03-19 23:21:14.000 +09,경기,다둥이차,48거4583,6,1,1,575.3683,86.9498,0,0,
39034718,현대,쏘나타 (DN8),2.0,프리미엄 패밀리,202002.0,2020,1730.0,59948.0,가솔린,오토,ORIGINAL,일반,2025-03-19 23:21:14.000 +09,경기,백제모터스,151모8085,2,0,0,296.2635,0.0,0,0,
39032569,현대,쏘나타 (DN8),2.0 LPG,인스퍼레이션,202208.0,2022,2790.0,12250.0,LPG(일반인 구입),오토,ORIGINAL,일반,2025-03-19 23:21:14.000 +09,서울,주)오토리안,174너2912,1,0,2,134.396,0.0,0,0,
39175180,현대,YF 쏘나타,LPI 럭셔리,,201101.0,2011,380.0,127570.0,LPG(일반인 구입),오토,ORIGINAL,일반,2025-03-19 23:21:14.000 +09,인천,좋은차와사람들,17우5959,3,2,2,168.4012,113.8646,0,0,
39157575,현대,쏘나타 하이브리드 (DN8),스마트,,202102.0,2021,1750.0,89884.0,가솔린+전기,오토,ORIGINAL,일반,2025-03-19 23:21:14.000 +09,서울,롯데렌탈주식회사,128오2296,0,1,0,0.0,46.432,1,0,
39269620,현대,YF 쏘나타,LPI 디럭스,,201003.0,2010,370.0,136577.0,LPG(일반인 구입),오토,ORIGINAL,일반,2025-03-19 23:21:14.000 +09,경남,에이치원오토 (주),28두1874,2,2,5,159.4261,173.5188,1,0,
39266220,현대,LF 쏘나타 하이브리드,2.0 HEV,모던,201507.0,2016,1095.0,126946.0,가솔린+전기,오토,ORIGINAL,일반,2025-03-19 23:21:14.000 +09,대구,미남자동차,47루9812,2,1,5,303.8079,178.2408,0,0,
38793051,현대,LF 쏘나타,LPI 프리미엄,,201404.0,2015,670.0,175116.0,LPG(일반인 구입),오토,ORIGINAL,일반,2025-03-19 23:21:14.000 +09,서울,(주)피스모터스,22루3753,6,0,2,524.3874,0.0,0,0,
38698152,현대,쏘나타 더 브릴리언트,CVVL 스타일,,201208.0,2013,630.0,134940.0,가솔린,오토,ORIGINAL,일반,2025-03-19 23:21:14.000 +09,충남,(주)더카,01두0916,9,7,5,751.6696,545.461,1,0,
38300816,현대,LF 쏘나타,1.7 디젤 스마트,스페셜,201601.0,2016,1040.0,147841.0,디젤,오토,ORIGINAL,일반,2025-03-19 23:21:05.000 +09,경기,스타이아모터스,28서0532,0,0,1,0.0,0.0,0,0,
38947192,현대,쏘나타 (DN8),2.0 LPG(렌터카용),스마트,202109.0,2022,1630.0,92371.0,LPG(일반인 구입),오토,ORIGINAL,일반,2025-03-19 23:21:05.000 +09,경기,KL모터스,262러9414,1,0,2,86.029,0.0,1,0,
38867847,현대,쏘나타 (DN8),2.0,프리미엄,202008.0,2021,1850.0,50818.0,가솔린,오토,ORIGINAL,일반,2025-03-19 23:21:05.000 +09,경기,알차,329더8020,1,0,1,119.1372,0.0,1,0,
38338094,현대,쏘나타 하이브리드 (DN8),인스퍼레이션,,202001.0,2020,2349.0,78524.0,가솔린+전기,오토,ORIGINAL,일반,2025-03-19 23:21:05.000 +09,인천,참좋은모터스,328저6009,1,0,1,75.83,0.0,0,0,
38595046,현대,쏘나타 (DN8),2.0,프리미엄 패밀리,201910.0,2020,1719.0,54641.0,가솔린,오토,ORIGINAL,일반,2025-03-19 23:21:05.000 +09,충남,카유모터스,340러1173,2,1,2,184.3879,34.3673,0,0,
38518346,현대,쏘나타 하이브리드,2.0,프리미엄,201303.0,2014,490.0,170759.0,가솔린+전기,오토,ORIGINAL,일반,2025-03-19 23:21:05.000 +09,대구,소원모터스,100모5607,3,2,11,220.083,25.737,2,0,
39040728,현대,LF 쏘나타,2.0 터보 익스클루시브,,201503.0,2015,870.0,193867.0,가솔린,오토,ORIGINAL,일반,2025-03-19 23:21:05.000 +09,인천,카몽,47거9188,3,1,7,222.1891,63.729,0,0,
39201286,현대,쏘나타 (DN8),2.0,프리미엄,202101.0,2021,1690.0,105118.0,가솔린,오토,ORIGINAL,일반,2025-03-19 23:21:05.000 +09,경기,핀카,159하9102,0,0,0,0.0,0.0,0,0,
39268765,현대,LF 쏘나타,2.0 터보 익스클루시브,,201509.0,2016,950.0,151222.0,가솔린,오토,ORIGINAL,일반,2025-03-19 23:21:05.000 +09,광주,드림카마켓,29나0990,4,3,5,729.7649,429.0522,0,0,
39257059,현대,쏘나타 (DN8),2.0 LPG(렌터카용),스마트,202103.0,2021,1350.0,133024.0,LPG(일반인 구입),오토,ORIGINAL,일반,2025-03-19 23:21:05.000 +09,인천,자동차 연구소,226우7958,0,0,3,0.0,0.0,1,0,
39255036,현대,YF 쏘나타,LPI 탑,,200911.0,2010,359.0,174641.0,LPG(일반인 구입),오토,ORIGINAL,일반,2025-03-19 23:21:05.000 +09,경기,(주)왕카,66어9506,4,1,4,207.143,33.78,0,0,
39245395,현대,쏘나타 (DN8),1.6 터보,인스퍼레이션,202003.0,2020,2240.0,28258.0,가솔린,오토,ORIGINAL,일반,2025-03-19 23:21:05.000 +09,충북,에스에스모터스,235수2322,1,0,1,130.8289,0.0,0,0,
38674102,현대,쏘나타 뉴 라이즈,LPI 모던,,201802.0,2018,880.0,163944.0,LPG(일반인 구입),오토,ORIGINAL,일반,2025-03-19 23:20:12.000 +09,경기,레인보우,342주1738,4,0,3,265.3456,0.0,1,0,
38624573,현대,쏘나타 하이브리드 (DN8),인스퍼레이션,,202011.0,2021,1849.0,160225.0,가솔린+전기,오토,ORIGINAL,일반,2025-03-19 23:20:12.000 +09,충남,CAR유모터스,264노6996,1,0,1,96.2459,0.0,1,0,
39020475,현대,쏘나타 (DN8),2.0 LPG(렌터카용),스마트,202012.0,2021,1390.0,121710.0,LPG(일반인 구입),오토,ORIGINAL,일반,2025-03-19 23:20:12.000 +09,경기,KL모터스,215모4806,2,1,1,170.7503,142.4189,1,0,
38981386,현대,쏘나타 더 브릴리언트,LPI 모던(장애인용),,201312.0,2014,490.0,214667.0,LPG(일반인 구입),오토,ORIGINAL,일반,2025-03-19 23:20:12.000 +09,대구,달성모터스,12가3368,5,7,3,201.3554,613.8828,0,0,
39191671,현대,LF 쏘나타,LPI 모던(장애인용),,201405.0,2015,990.0,196539.0,LPG(일반인 구입),오토,ORIGINAL,일반,2025-03-19 23:20:12.000 +09,대구,SK모터스,17조9388,1,0,5,41.9328,0.0,0,0,
39163061,현대,LF 쏘나타,LPI 프리미엄,,201608.0,2017,1050.0,106516.0,LPG(일반인 구입),오토,ORIGINAL,일반,2025-03-19 23:20:12.000 +09,경기,(주)으뜸모터스,315러2719,1,0,5,48.5575,0.0,1,0,
39149478,현대,쏘나타 (DN8),2.0 LPG(렌터카용),스타일,202203.0,2022,1770.0,42295.0,LPG(일반인 구입),오토,ORIGINAL,일반,2025-03-19 23:20:12.000 +09,경기,에이원모터스,175보3673,0,0,1,0.0,0.0,1,0,
39247159,현대,쏘나타 뉴 라이즈,2.0 스마트,,201704.0,2018,1290.0,74601.0,가솔린,오토,ORIGINAL,일반,2025-03-19 23:20:12.000 +09,부산,(주)강변모터스,52거8038,1,1,2,51.607,45.24,0,0,
39251570,현대,쏘나타 하이브리드 (DN8),인스퍼레이션,,202011.0,2021,2150.0,99461.0,가솔린+전기,오토,ORIGINAL,일반,2025-03-19 23:20:03.000 +09,경기,기능장중고차 대표,172나7194,1,0,1,445.7536,0.0,0,0,
38985224,현대,LF 쏘나타,LPI 스마트,,201507.0,2015,850.0,103003.0,LPG(일반인 구입),오토,ORIGINAL,일반,2025-03-19 23:20:03.000 +09,대전,(주)케이제이모터스,32수6103,2,0,2,205.3695,0.0,1,0,
39228358,현대,쏘나타 (DN8),2.0,모던,202202.0,2022,1820.0,79466.0,가솔린,오토,ORIGINAL,일반,2025-03-19 23:20:03.000 +09,대구,한마음모터스,251루8410,0,1,1,0.0,86.3144,1,0,
39100518,현대,쏘나타 하이브리드 (DN8),스마트,,202012.0,2021,1550.0,125389.0,가솔린+전기,오토,ORIGINAL,일반,2025-03-19 23:20:03.000 +09,경기,(주)왕카,201다2628,0,1,1,0.0,85.4569,1,0,
38734781,현대,쏘나타 (DN8),2.0 LPG(렌터카용),스타일,202110.0,2022,1690.0,39664.0,LPG(일반인 구입),오토,ORIGINAL,일반,2025-03-19 23:20:03.000 +09,경기,굿맨굿카,148우4757,0,0,2,0.0,0.0,1,0,
38718287,현대,쏘나타 (DN8),2.0,프리미엄 플러스,202106.0,2022,2200.0,39646.0,가솔린,오토,ORIGINAL,일반,2025-03-19 23:20:03.000 +09,인천,코카스모터스,308부7566,1,1,1,203.707,40.194,0,0,
38828536,현대,쏘나타 (DN8),1.6 터보,프리미엄 패밀리,202104.0,2021,1920.0,41500.0,가솔린,오토,ORIGINAL,일반,2025-03-19 23:20:03.000 +09,광주,무지개모터스,393더1529,1,1,1,208.81,37.6069,0,0,
38826578,현대,쏘나타 (DN8),2.0,프리미엄 패밀리,201904.0,2020,1699.0,79028.0,가솔린,오토,ORIGINAL,일반,2025-03-19 23:20:03.000 +09,충남,CAR유모터스,251가5941,0,0,2,0.0,0.0,1,0,
38437289,현대,쏘나타 (DN8),1.6 터보,프리미엄 패밀리,201910.0,2020,2050.0,58016.0,가솔린,오토,ORIGINAL,일반,2025-03-19 23:20:03.000 +09,경기,(주)에스비즈,296수3936,4,0,2,314.6597,0.0,0,0,
38001645,현대,쏘나타 뉴 라이즈,LPI 스타일,,201708.0,2018,760.0,184741.0,LPG(일반인 구입),오토,ORIGINAL,일반,2025-03-19 23:20:03.000 +09,경기,에스클래스,333도4618,1,1,2,85.3036,70.9008,1,0,
38719560,현대,쏘나타 뉴 라이즈,2.0 터보 익스클루시브,,201706.0,2018,1830.0,87144.0,가솔린,오토,ORIGINAL,일반,2025-03-19 23:20:03.000 +09,대구,강한모터스,07루2765,0,0,3,0.0,0.0,0,0,
36335732,현대,쏘나타 하이브리드 (DN8),인스퍼레이션,,202001.0,2020,1890.0,130289.0,가솔린+전기,오토,ORIGINAL,일반,2025-03-19 23:20:03.000 +09,대구,우리자동차상사,146오3061,4,3,1,366.5185,465.8205,1,0,
38238907,현대,쏘나타 뉴 라이즈 하이브리드,스마트,,201802.0,2018,1499.0,68023.0,가솔린+전기,오토,ORIGINAL,일반,2025-03-19 23:20:03.000 +09,경기,주식회사 유레카,34거8320,3,0,7,344.1781,0.0,0,0,
39133888,현대,쏘나타 (DN8),1.6 터보,인스퍼레이션,202106.0,2022,2430.0,35434.0,가솔린,오토,ORIGINAL,일반,2025-03-19 23:19:31.000 +09,경남,지호모터스,154로3536,1,0,1,151.1663,0.0,0,0,
38386951,현대,쏘나타 디 엣지(DN8),1.6 터보,인스퍼레이션,202406.0,2024,3350.0,2731.0,가솔린,오토,ORIGINAL,일반,2025-03-19 23:19:12.000 +09,서울,엘림오토갤러리대표,221러2855,1,0,1,81.176,0.0,0,0,0.0
38578142,현대,쏘나타 (DN8),2.0,프리미엄,202006.0,2020,1670.0,87287.0,가솔린,오토,ORIGINAL,일반,2025-03-19 23:19:12.000 +09,경기,중고차A팀,141주6606,1,0,1,92.7036,0.0,0,0,
38758348,현대,쏘나타 하이브리드,2.0,로열,201208.0,2012,440.0,199485.0,가솔린+전기,오토,ORIGINAL,일반,2025-03-19 23:19:12.000 +09,광주,광주중고차 153모터스,58가9910,3,1,7,145.6926,49.0343,0,0,
38665427,현대,쏘나타 (DN8),1.6 터보,프리미엄 패밀리,202011.0,2021,2120.0,31422.0,가솔린,오토,ORIGINAL,일반,2025-03-19 23:19:12.000 +09,서울,(주)윤카,335도9580,1,2,2,60.411,138.3943,0,0,
39201818,현대,쏘나타 뉴 라이즈,2.0 스타일,,201709.0,2018,1380.0,66359.0,가솔린,오토,ORIGINAL,일반,2025-03-19 23:19:12.000 +09,서울,태광티에프,112고6521,0,0,3,0.0,0.0,1,0,
39226595,현대,쏘나타 (DN8),2.0,프리미엄,201912.0,2020,1540.0,99057.0,가솔린,오토,ORIGINAL,일반,2025-03-19 23:19:12.000 +09,인천,(주)국민상사,284부8367,3,2,1,689.9552,847.6908,0,0,
38429860,현대,쏘나타 디 엣지 하이브리드(DN8),인스퍼레이션,,202307.0,2024,3400.0,15282.0,가솔린+전기,오토,ORIGINAL,일반,2025-03-19 23:19:11.000 +09,광주,뉴광주모터스,114고1645,1,0,0,41.6025,0.0,0,0,
39246140,현대,LF 쏘나타,2.4 익스클루시브,,201405.0,2015,1250.0,145150.0,가솔린,오토,ORIGINAL,일반,2025-03-19 23:19:02.000 +09,서울,(주)뉴행복드림카,19다1909,2,0,0,93.0976,0.0,0,0,
39228370,현대,쏘나타 뉴 라이즈,2.0 프리미엄 스페셜,,201802.0,2018,1180.0,159884.0,가솔린,오토,ORIGINAL,일반,2025-03-19 23:19:02.000 +09,경기,열정모터스,65모5415,2,2,1,215.9878,133.2999,0,0,
39219956,현대,쏘나타 (DN8),2.0,프리미엄 패밀리,201905.0,2020,1600.0,109174.0,가솔린,오토,ORIGINAL,일반,2025-03-19 23:19:02.000 +09,경기,중고차A팀,22머4785,1,1,3,120.8,176.4809,0,0,
38976209,현대,쏘나타 디 엣지(DN8),2.0,익스클루시브,202306.0,2024,2730.0,29321.0,가솔린,오토,ORIGINAL,일반,2025-03-19 23:19:02.000 +09,대전,태양자동차(주),236라7091,0,0,1,0.0,0.0,1,0,
38948435,현대,쏘나타 (DN8),2.0 LPG(렌터카용),스마트,202012.0,2021,1390.0,126825.0,LPG(일반인 구입),오토,ORIGINAL,일반,2025-03-19 23:19:02.000 +09,경기,KL모터스,103조7646,1,1,1,63.1639,46.1378,1,0,
39137770,현대,쏘나타 하이브리드 (DN8),인스퍼레이션,,202106.0,2022,2880.0,32867.0,가솔린+전기,오토,ORIGINAL,일반,2025-03-19 23:19:02.000 +09,경기,(주)왕카,361오7032,1,0,0,53.1537,0.0,0,0,
38527926,현대,LF 쏘나타,2.0 스마트,(세부등급 없음),201511.0,2016,650.0,127625.0,가솔린,오토,ORIGINAL,일반,2025-03-19 23:19:02.000 +09,인천,주식회사 제이제이오토컴퍼니,45모7738,2,0,3,354.7663,0.0,1,0,
38928000,현대,쏘나타 뉴 라이즈 하이브리드,프리미엄,(세부등급 없음),201902.0,2019,1390.0,137427.0,가솔린+전기,오토,ORIGINAL,일반,2025-03-19 23:19:02.000 +09,경기,드림모터스,55어7606,0,0,1,0.0,0.0,0,0,
38657343,현대,쏘나타 디 엣지 하이브리드(DN8),인스퍼레이션,,202309.0,2023,3590.0,11403.0,가솔린+전기,오토,ORIGINAL,일반,2025-03-19 23:18:19.000 +09,대구,(주)고려자동차상사,227어2240,2,0,1,0.0,0.0,0,0,
38876534,현대,쏘나타 뉴 라이즈 하이브리드,모던,,201706.0,2018,1090.0,156096.0,가솔린+전기,오토,ORIGINAL,일반,2025-03-19 23:18:19.000 +09,인천,와이비모터스,05모9138,4,0,1,316.988,0.0,0,0,
37737775,현대,LF 쏘나타,2.0 스마트,스페셜,201510.0,2016,899.0,98630.0,가솔린,오토,ORIGINAL,일반,2025-03-19 23:18:19.000 +09,대구,부림모터스,55나0170,2,3,2,436.8548,79.6,0,0,
37640478,현대,LF 쏘나타 하이브리드,2.0 HEV,모던,201504.0,2015,1270.0,79679.0,가솔린+전기,오토,ORIGINAL,일반,2025-03-19 23:18:19.000 +09,광주,신한길모터스,62라7736,3,1,5,285.545,195.163,0,0,
37961031,현대,LF 쏘나타,2.0 스마트,(세부등급 없음),201509.0,2016,980.0,109979.0,가솔린,오토,ORIGINAL,일반,2025-03-19 23:18:19.000 +09,경기,뉴코리아모터스,26보5940,4,5,1,416.2818,448.6463,0,0,
38654435,현대,쏘나타 뉴 라이즈,2.0 터보 익스클루시브,,201705.0,2018,1870.0,72228.0,가솔린,오토,ORIGINAL,일반,2025-03-19 23:18:19.000 +09,대구,큐모터스,69다1279,2,0,5,128.7843,0.0,0,0,
39122318,현대,쏘나타 (DN8),1.6 터보,프리미엄 패밀리,202009.0,2021,2222.0,97061.0,가솔린,오토,ORIGINAL,일반,2025-03-19 23:18:19.000 +09,서울,(주)프라임모터스,275보4362,1,0,1,303.79,0.0,0,0,
38383985,현대,쏘나타 (DN8),2.0,프리미엄,201908.0,2020,1579.0,84019.0,가솔린,오토,ORIGINAL,일반,2025-03-19 23:18:19.000 +09,부산,(주)승학모터스,24고2560,2,2,2,112.254,68.2869,0,0,
39235954,현대,LF 쏘나타,2.0 스마트,(세부등급 없음),201406.0,2015,890.0,113169.0,가솔린,오토,ORIGINAL,일반,2025-03-19 23:18:19.000 +09,경기,코리아모터스,58소5097,1,1,1,38.9139,4.37,0,0,
39243112,현대,쏘나타 (DN8),2.0,모던,202202.0,2022,1550.0,76611.0,가솔린,오토,ORIGINAL,일반,2025-03-19 23:18:19.000 +09,대구,다온모터스,246소6680,2,4,2,766.4959,212.6332,1,0,
38204349,현대,쏘나타 (DN8),2.0,프리미엄 패밀리,202101.0,2021,1810.0,60340.0,가솔린,오토,ORIGINAL,일반,2025-03-19 23:18:12.000 +09,경기,코오롱모빌리티CPO,152호2371,0,0,0,0.0,0.0,0,0,
37433115,현대,LF 쏘나타,1.6 터보 스타일,,201511.0,2016,1130.0,65920.0,가솔린,오토,ORIGINAL,일반,2025-03-19 23:18:12.000 +09,인천,(주)에이케이모터스,64다0920,2,0,1,105.2889,0.0,0,0,
38462361,현대,LF 쏘나타,2.0 프리미엄,(세부등급 없음),201405.0,2015,1119.0,90165.0,가솔린,오토,ORIGINAL,일반,2025-03-19 23:18:12.000 +09,충남,누리자동차,58마6294,2,2,5,184.2886,276.516,0,0,
38491361,현대,NF 쏘나타,LPG N20 디럭스,기본형,200701.0,2007,250.0,193391.0,LPG(일반인 구입),오토,ORIGINAL,일반,2025-03-19 23:18:12.000 +09,충남,더조은자동차,10가9772,4,0,3,392.9052,0.0,0,0,
38335509,현대,LF 쏘나타,1.6 터보 스타일,,201605.0,2016,1030.0,94169.0,가솔린,오토,ORIGINAL,일반,2025-03-19 23:18:12.000 +09,광주,(주)에이프로,24소0643,2,1,1,220.5611,115.9181,0,0,
38294978,현대,쏘나타 (DN8),2.0 LPG(렌터카용),스타일,202011.0,2021,1500.0,52546.0,LPG(일반인 구입),오토,ORIGINAL,일반,2025-03-19 23:18:12.000 +09,서울,오토플러스(주),178호9249,0,2,0,0.0,725.4183,0,0,
38947665,현대,LF 쏘나타,LPI 스마트,,201506.0,2015,830.0,60470.0,LPG(일반인 구입),오토,ORIGINAL,일반,2025-03-19 23:18:12.000 +09,광주,(주)자동차 이야기,22다7717,4,5,5,279.8413,393.2964,0,0,
38909717,현대,쏘나타 (DN8),2.0,프리미엄 패밀리,201906.0,2020,1750.0,80256.0,가솔린,오토,ORIGINAL,일반,2025-03-19 23:18:12.000 +09,경기,차투차,35부6349,0,0,1,0.0,0.0,0,0,
39036421,현대,LF 쏘나타,2.0 스마트,(세부등급 없음),201412.0,2015,1020.0,34484.0,가솔린,오토,ORIGINAL,일반,2025-03-19 23:18:12.000 +09,서울,뉴에버모터스,68더3898,1,0,3,167.8046,0.0,0,0,
38572891,현대,쏘나타 뉴 라이즈,LPI 모던,,201712.0,2018,1050.0,138279.0,LPG(일반인 구입),오토,ORIGINAL,일반,2025-03-19 23:18:12.000 +09,충남,더조은자동차,236루7601,0,1,3,0.0,64.8735,1,0,
38814788,현대,쏘나타 (DN8),2.0 LPG(렌터카용),스마트,202007.0,2020,1490.0,110096.0,LPG(일반인 구입),오토,ORIGINAL,일반,2025-03-19 23:18:12.000 +09,경북,패밀리모터스,262두8686,0,0,1,0.0,0.0,1,0,
38938462,현대,NF 쏘나타 트랜스폼,N20 트랜스폼,기본형,200803.0,2008,380.0,52751.0,가솔린,오토,ORIGINAL,일반,2025-03-19 23:18:12.000 +09,전북,우리모터스,68누9892,4,8,0,598.3794,993.0396,0,0,
39105108,현대,쏘나타 (DN8),1.6 터보,프리미엄 패밀리,202103.0,2021,2050.0,60970.0,가솔린,오토,ORIGINAL,일반,2025-03-19 23:18:12.000 +09,충남,(주)BK모터스,137오6335,1,0,3,125.956,0.0,0,0,
39245912,현대,쏘나타 (DN8),2.0,프리미엄 패밀리,201904.0,2020,1750.0,52392.0,가솔린,오토,ORIGINAL,일반,2025-03-19 23:18:12.000 +09,경기,㈜오토핸즈,151서3435,0,0,0,0.0,0.0,1,0,
39180409,현대,쏘나타 하이브리드,2.0,프리미엄,201302.0,2014,399.0,205870.0,가솔린+전기,오토,ORIGINAL,일반,2025-03-19 23:18:12.000 +09,경기,브라더샵,38보3238,2,2,3,80.5758,130.6664,0,0,
39202002,현대,쏘나타 (DN8),1.6 터보,프리미엄 플러스,202112.0,2022,2090.0,53123.0,가솔린,오토,ORIGINAL,일반,2025-03-19 23:18:12.000 +09,경기,(주)오토베이,135다1806,1,2,0,135.9019,107.4198,0,0,
39197373,현대,쏘나타 디 엣지(DN8),2.0,익스클루시브,202309.0,2024,2950.0,15325.0,가솔린,오토,ORIGINAL,일반,2025-03-19 23:18:12.000 +09,인천,KB인증중고차,196호3048,0,0,0,0.0,0.0,0,0,
39258819,현대,쏘나타 (DN8),2.0,프리미엄 패밀리,202010.0,2021,2170.0,41332.0,가솔린,오토,ORIGINAL,일반,2025-03-19 23:18:12.000 +09,경기,오토모빌,127보6969,0,0,0,0.0,0.0,0,0,
39189752,현대,쏘나타 뉴 라이즈,2.0 스마트 초이스,,201808.0,2019,1319.0,102466.0,가솔린,오토,ORIGINAL,일반,2025-03-19 23:18:11.000 +09,광주,(주)전라도 모터스,137거9746,1,0,3,84.0764,0.0,1,0,
37982443,현대,쏘나타 (DN8),2.0 LPG(렌터카용),스마트,201906.0,2020,1550.0,87238.0,LPG(일반인 구입),오토,ORIGINAL,일반,2025-03-19 23:18:11.000 +09,광주,(주)전라도 모터스,316너8485,0,1,1,0.0,58.386,1,0,
38132525,현대,쏘나타 더 브릴리언트,CVVL 모던,,201207.0,2013,599.0,91448.0,가솔린,오토,ORIGINAL,일반,2025-03-19 23:17:22.000 +09,대구,엠월드(탑)모터스,35로8151,3,5,5,325.7951,584.2514,0,0,
37385513,현대,YF 쏘나타,LPI 프리미어,,201106.0,2011,299.0,287160.0,LPG(일반인 구입),오토,ORIGINAL,일반,2025-03-19 23:17:12.000 +09,충북,(주)더챔,34모2312,1,1,1,43.691,119.88,0,0,
38876410,현대,쏘나타 (DN8),2.0 LPG(렌터카용),스타일,201912.0,2020,1370.0,117164.0,LPG(일반인 구입),오토,ORIGINAL,일반,2025-03-19 23:17:12.000 +09,경기,(주)세기자동차,231거7362,0,0,1,0.0,0.0,1,0,
39011335,현대,쏘나타 뉴 라이즈,LPI 스타일,,201712.0,2018,600.0,225502.0,LPG(일반인 구입),오토,ORIGINAL,일반,2025-03-19 23:17:12.000 +09,경기,골드상사,159어3907,0,0,2,0.0,0.0,1,0,
39033909,현대,쏘나타 (DN8),2.0 LPG(장애인용),인스퍼레이션,201905.0,2020,1960.0,100804.0,LPG(일반인 구입),오토,ORIGINAL,일반,2025-03-19 23:17:12.000 +09,광주,기아모터스(주),66소1933,3,0,2,135.8549,0.0,0,0,
39178112,현대,쏘나타 뉴 라이즈,2.0 스마트,,201711.0,2018,900.0,189570.0,가솔린,오토,ORIGINAL,일반,2025-03-19 23:17:12.000 +09,인천,주식회사 용일상사,04보7230,3,0,1,260.5773,0.0,0,0,
39157526,현대,LF 쏘나타 하이브리드,2.0 HEV,모던,201505.0,2015,790.0,153808.0,가솔린+전기,오토,ORIGINAL,일반,2025-03-19 23:17:12.000 +09,인천,참좋은모터스,56로1375,4,2,1,440.5202,1200.0384,0,0,
39149495,현대,쏘나타 뉴 라이즈,LPI 택시형,스타일,201910.0,2020,990.0,199249.0,LPG(일반인 구입),오토,ORIGINAL,일반,2025-03-19 23:17:12.000 +09,부산,탑오토모터스,373소4025,2,0,0,482.2229,0.0,1,0,
38482699,현대,쏘나타 (DN8),2.0,인스퍼레이션,202010.0,2021,2230.0,48976.0,가솔린,오토,ORIGINAL,일반,2025-03-19 23:17:02.000 +09,서울,시원모터스,322조9103,1,1,0,105.6141,104.474,0,0,
38234313,현대,쏘나타 (DN8),1.6 터보,프리미엄,202006.0,2021,1750.0,77785.0,가솔린,오토,ORIGINAL,일반,2025-03-19 23:17:02.000 +09,경기,두드림자동차,195마1789,0,2,2,0.0,180.4528,1,0,
39168133,현대,LF 쏘나타 하이브리드,2.0 HEV,모던,201512.0,2016,750.0,196856.0,가솔린+전기,오토,ORIGINAL,일반,2025-03-19 23:17:02.000 +09,경기,카카오토,07수0171,2,1,2,331.626,39.131,0,0,
39207479,현대,YF 쏘나타,LPI 프리미어,,200910.0,2010,260.0,150865.0,LPG(일반인 구입),오토,ORIGINAL,일반,2025-03-19 23:17:02.000 +09,전북,(유)카스토리,57버0423,8,4,2,1236.1865,1097.3367,1,0,
39258372,현대,쏘나타 (DN8),2.0,프리미엄 패밀리,202004.0,2020,1999.0,121857.0,가솔린,오토,ORIGINAL,일반,2025-03-19 23:17:02.000 +09,경기,(주)빅보스모터스,310노9190,3,0,1,256.1994,0.0,0,0,
38830782,현대,쏘나타 (DN8),2.0,인스퍼레이션,201904.0,2020,1799.0,42072.0,가솔린,오토,ORIGINAL,일반,2025-03-19 23:17:02.000 +09,부산,(주)더 뉴 서비스,40거4568,2,2,1,807.9785,161.9769,0,0,
38992224,현대,쏘나타 하이브리드,2.0,로열,201202.0,2012,550.0,115063.0,가솔린+전기,오토,ORIGINAL,일반,2025-03-19 23:17:02.000 +09,부산,(주)일공공일케이카,16마4135,5,0,1,279.3152,0.0,0,0,
38991468,현대,쏘나타 더 브릴리언트,LPI 스마트,,201311.0,2014,550.0,117211.0,LPG(일반인 구입),오토,ORIGINAL,일반,2025-03-19 23:17:02.000 +09,전북,MK상사,62어7392,4,3,2,392.4878,184.2085,0,0,
39028943,현대,LF 쏘나타,LPI 모던,,201601.0,2016,760.0,124647.0,LPG(일반인 구입),오토,ORIGINAL,일반,2025-03-19 23:17:02.000 +09,경기,(주)오토빌리지,223노1284,4,0,4,293.604,0.0,1,0,
39031169,현대,쏘나타 하이브리드 (DN8),스마트,,202102.0,2021,1690.0,80692.0,가솔린+전기,오토,ORIGINAL,일반,2025-03-19 23:17:02.000 +09,서울,롯데렌탈주식회사,216러7019,0,0,0,0.0,0.0,1,0,
39119716,현대,LF 쏘나타 하이브리드,2.0 HEV,스마트,201601.0,2016,799.0,158963.0,가솔린+전기,오토,ORIGINAL,일반,2025-03-19 23:17:02.000 +09,인천,황소모터스,52수0886,1,1,5,51.6023,126.9553,0,0,
38083512,현대,쏘나타 뉴 라이즈,LPI 택시형,스타일,201708.0,2018,850.0,163389.0,LPG(일반인 구입),오토,ORIGINAL,일반,2025-03-19 23:17:02.000 +09,광주,(주)선경,149노1296,1,1,3,43.513,112.031,1,0,
39199889,현대,쏘나타 더 브릴리언트,CVVL 어트랙션,,201403.0,2014,525.0,164856.0,가솔린,오토,ORIGINAL,일반,2025-03-19 23:16:48.000 +09,대구,정인모터스,40어7611,2,1,2,126.9747,263.8191,0,0,
39064782,현대,쏘나타 (DN8),2.0 LPG(렌터카용),프리미엄,202211.0,2023,1900.0,65569.0,LPG(일반인 구입),오토,ORIGINAL,렌트,2025-03-19 23:16:48.000 +09,대구,정인모터스,141하2846,0,0,0,0.0,0.0,0,0,
38956274,현대,LF 쏘나타 하이브리드,2.0 HEV,프리미엄,201502.0,2015,845.0,188956.0,가솔린+전기,오토,ORIGINAL,일반,2025-03-19 23:16:48.000 +09,대구,정인모터스,15서9064,3,1,0,142.953,170.0,0,0,
39075631,현대,쏘나타 (DN8),2.0,인스퍼레이션,201904.0,2020,1950.0,83764.0,가솔린,오토,ORIGINAL,일반,2025-03-19 23:16:11.000 +09,경기,(주)에스비즈,36가7869,3,2,1,251.184,232.1289,0,0,
39091304,현대,쏘나타 (DN8),2.0,프리미엄 패밀리,201905.0,2020,1399.0,82785.0,가솔린,오토,ORIGINAL,일반,2025-03-19 23:16:11.000 +09,대구,행운모터스,52무5061,5,0,1,1858.2521,0.0,0,0,
39194326,현대,LF 쏘나타,LPI 스마트,,201505.0,2015,580.0,181603.0,LPG(일반인 구입),오토,ORIGINAL,일반,2025-03-19 23:16:11.000 +09,경기,수원모터스,58오4203,1,0,7,58.817,0.0,1,0,
39020367,현대,쏘나타 (DN8),1.6 터보,인스퍼레이션,201912.0,2020,2090.0,65027.0,가솔린,오토,ORIGINAL,일반,2025-03-19 23:16:11.000 +09,경남,mz모터스,254수1518,5,0,3,426.8808,0.0,0,0,
39174104,현대,쏘나타 (DN8),2.0,프리미엄,202002.0,2020,1750.0,76580.0,가솔린,오토,ORIGINAL,일반,2025-03-19 23:16:11.000 +09,부산,(주)일공공일케이카,177수2459,1,1,2,143.3948,46.1723,1,0,
38997851,현대,쏘나타 (DN8),2.0,프리미엄 플러스,202201.0,2022,2150.0,43405.0,가솔린,오토,ORIGINAL,일반,2025-03-19 23:16:11.000 +09,서울,롯데렌탈주식회사,216러7039,0,0,0,0.0,0.0,1,0,
39181612,현대,쏘나타 (DN8),2.0 LPG(렌터카용),스마트,202105.0,2022,1799.0,47692.0,LPG(일반인 구입),오토,ORIGINAL,일반,2025-03-19 23:16:11.000 +09,경기,주식회사 설레임 오토모티브,271보9459,1,0,1,159.3284,0.0,1,0,
38157268,현대,LF 쏘나타,LPI 프리미엄,,201407.0,2015,880.0,147109.0,LPG(일반인 구입),오토,ORIGINAL,일반,2025-03-19 23:16:02.000 +09,대구,팬더모터스,05루1109,5,2,4,329.3753,206.7879,1,0,
39254714,현대,LF 쏘나타,2.0 프리미엄,(세부등급 없음),201504.0,2015,1080.0,166627.0,가솔린,오토,ORIGINAL,일반,2025-03-19 23:16:02.000 +09,대구,명가모터스,50오7937,2,0,2,166.6113,0.0,0,0,
39223943,현대,LF 쏘나타,2.0 스마트,스페셜,201703.0,2017,1169.0,128593.0,가솔린,오토,ORIGINAL,일반,2025-03-19 23:16:02.000 +09,경기,수원중고차,142거5804,2,0,2,325.1964,0.0,1,0,
38967942,현대,YF 쏘나타,LPI 프리미어,,201003.0,2010,320.0,176003.0,LPG(일반인 구입),오토,ORIGINAL,일반,2025-03-19 23:16:02.000 +09,광주,정도모터스,61구6324,3,3,4,585.1394,260.5072,0,0,
38939151,현대,쏘나타 뉴 라이즈,LPI 택시형,스타일,201904.0,2019,1170.0,50344.0,LPG(일반인 구입),오토,ORIGINAL,일반,2025-03-19 23:16:02.000 +09,서울,(주)제이카모터스,243어7142,1,1,2,284.8232,330.3908,1,0,
38931072,현대,LF 쏘나타,LPI 프리미엄 스페셜,,201508.0,2016,690.0,205277.0,LPG(일반인 구입),오토,ORIGINAL,일반,2025-03-19 23:16:02.000 +09,대구,가람 모터스,56누5796,4,1,5,502.4088,26.25,1,0,
38846034,현대,쏘나타 (DN8),2.0,프리미엄,201905.0,2020,1680.0,65994.0,가솔린,오토,ORIGINAL,일반,2025-03-19 23:16:02.000 +09,인천,(주)시우자동차,24부6631,1,1,5,74.979,65.785,0,0,
38603455,현대,쏘나타 (DN8),1.6 터보,인스퍼레이션,202001.0,2020,2400.0,39227.0,가솔린,오토,ORIGINAL,일반,2025-03-19 23:16:02.000 +09,경기,위드카,137나8691,1,0,0,117.028,0.0,0,0,
38497874,현대,쏘나타 (DN8),2.0 LPG(렌터카용),스마트,202201.0,2022,1450.0,90235.0,LPG(일반인 구입),오토,ORIGINAL,일반,2025-03-19 23:16:02.000 +09,경기,(주)영모터스,239마3272,0,2,2,0.0,91.2409,1,0,
39177750,현대,쏘나타 (DN8),2.0 LPG(렌터카용),스타일,202112.0,2022,1290.0,114268.0,LPG(일반인 구입),오토,ORIGINAL,일반,2025-03-19 23:16:01.000 +09,경기,오토랜드,269우2206,0,0,1,0.0,0.0,1,0,
37359542,현대,LF 쏘나타,LPI 모던,,201606.0,2016,899.0,141524.0,LPG(일반인 구입),오토,ORIGINAL,일반,2025-03-19 23:15:39.000 +09,부산,재경모터스,62보4400,1,0,5,46.1749,0.0,0,0,
38379336,현대,쏘나타 뉴 라이즈,LPI 스타일,,201708.0,2018,880.0,159197.0,LPG(일반인 구입),오토,ORIGINAL,일반,2025-03-19 23:15:16.000 +09,경기,에스클래스,329더4841,1,0,4,49.9292,0.0,1,0,
38471557,현대,쏘나타 뉴 라이즈,1.7 디젤 스타일,,201802.0,2018,1090.0,101187.0,디젤,오토,ORIGINAL,일반,2025-03-19 23:15:16.000 +09,부산,JM모터스,309나6900,1,1,2,66.0861,112.2144,1,0,
38474839,현대,쏘나타 (DN8),2.0,프리미엄,201909.0,2020,1600.0,70671.0,가솔린,오토,ORIGINAL,일반,2025-03-19 23:15:16.000 +09,전남,JC모터스,276도7962,6,2,1,1211.9423,209.9639,0,0,
38622562,현대,쏘나타 하이브리드 (DN8),모던,,202211.0,2023,1784.0,27513.0,가솔린+전기,오토,ORIGINAL,렌트,2025-03-19 23:15:16.000 +09,경기,블루오토,193호6042,0,0,0,0.0,0.0,0,0,
39138317,현대,쏘나타 (DN8),2.0,인스퍼레이션,201903.0,2020,2390.0,26829.0,가솔린,오토,ORIGINAL,일반,2025-03-19 23:15:16.000 +09,경기,세모카,31조8193,1,0,3,111.6557,0.0,0,0,
39232747,현대,LF 쏘나타,2.0 프리미엄,(세부등급 없음),201409.0,2015,1350.0,89471.0,가솔린,오토,ORIGINAL,일반,2025-03-19 23:15:16.000 +09,부산,카플릭스2,68수8819,1,0,1,62.536,0.0,0,0,
39044141,현대,쏘나타 하이브리드 (DN8),프리미엄,밀레니얼,202101.0,2021,2370.0,57318.0,가솔린+전기,오토,ORIGINAL,일반,2025-03-19 23:15:16.000 +09,대구,(주) 모터스링크,175어9743,1,1,1,130.8843,123.1768,1,0,
39179523,현대,쏘나타 (DN8),1.6 터보,프리미엄 플러스,202111.0,2022,1730.0,104755.0,가솔린,오토,ORIGINAL,일반,2025-03-19 23:15:16.000 +09,서울,(주)티티카,114버9531,0,0,1,0.0,0.0,1,0,
39245182,현대,LF 쏘나타 하이브리드,2.0 HEV,모던,201505.0,2016,1280.0,100602.0,가솔린+전기,오토,ORIGINAL,일반,2025-03-19 23:15:16.000 +09,경기,케이모터스,56수8694,0,0,1,0.0,0.0,0,0,
39161300,현대,쏘나타 (DN8),2.0 LPG(렌터카용),스타일,202201.0,2022,1430.0,104943.0,LPG(일반인 구입),오토,ORIGINAL,일반,2025-03-19 23:15:16.000 +09,경기,세기자동차,358라2093,1,0,1,26.3059,0.0,1,0,
38625789,현대,쏘나타 하이브리드 (DN8),프리미엄 플러스,,202203.0,2022,2260.0,48256.0,가솔린+전기,오토,ORIGINAL,일반,2025-03-19 23:15:08.000 +09,경기,믿음모터스,149누7645,0,0,0,0.0,0.0,1,0,
39226560,현대,쏘나타 하이브리드 (DN8),프리미엄,(세부등급 없음),201909.0,2020,1830.0,50627.0,가솔린+전기,오토,ORIGINAL,일반,2025-03-19 23:15:08.000 +09,인천,(주)국민상사,279다2471,3,0,4,361.1606,0.0,1,0,
38372344,현대,쏘나타 뉴 라이즈,LPI 모던,,201705.0,2018,990.0,141885.0,LPG(일반인 구입),오토,ORIGINAL,일반,2025-03-19 23:15:08.000 +09,경기,현대모터스,06수4911,3,0,6,631.7319,0.0,1,0,
37869180,현대,쏘나타 뉴 라이즈,LPI 스타일,,201708.0,2018,990.0,130497.0,LPG(일반인 구입),오토,ORIGINAL,일반,2025-03-19 23:15:08.000 +09,충남,sb모터스,329더4823,0,0,4,0.0,0.0,1,0,
37905944,현대,LF 쏘나타,LPI 모던,,201408.0,2015,1000.0,85926.0,LPG(일반인 구입),오토,ORIGINAL,일반,2025-03-19 23:15:08.000 +09,광주,(주)삼흥모터스,45오1669,1,6,2,172.107,174.086,0,0,
38618652,현대,쏘나타 (DN8),2.0,프리미엄 플러스,202111.0,2022,2020.0,63376.0,가솔린,오토,ORIGINAL,일반,2025-03-19 23:15:08.000 +09,충남, DS오토(주),246구9471,0,0,1,0.0,0.0,1,0,
39253531,현대,LF 쏘나타,LPI 스마트,,201510.0,2016,970.0,49108.0,LPG(일반인 구입),오토,ORIGINAL,일반,2025-03-19 23:15:08.000 +09,서울,(주)카웨이,45다0958,2,1,0,125.984,68.408,0,0,
39211622,현대,쏘나타 뉴 라이즈,2.0 모던,,201810.0,2019,1730.0,45486.0,가솔린,오토,ORIGINAL,일반,2025-03-19 23:15:08.000 +09,대구,진 모터스,52부4657,0,1,1,0.0,174.5399,0,0,
38490755,현대,LF 쏘나타,2.0 스마트,(세부등급 없음),201410.0,2015,9999.0,147484.0,가솔린,오토,ORIGINAL,일반,2025-03-19 23:15:08.000 +09,충남,CAR유모터스,55더2882,0,3,2,0.0,175.6218,0,0,
39178161,현대,쏘나타 (DN8),2.0,프리미엄,201905.0,2020,1690.0,90586.0,가솔린,오토,ORIGINAL,일반,2025-03-19 23:14:12.000 +09,부산,오토플러스(주),08소9949,0,0,3,0.0,0.0,0,0,
39243716,현대,쏘나타 (DN8),2.0,프리미엄,202011.0,2021,1960.0,28504.0,가솔린,오토,ORIGINAL,일반,2025-03-19 23:14:12.000 +09,서울,롯데렌탈주식회사,238나1242,0,0,0,0.0,0.0,1,0,
39177394,현대,쏘나타 뉴 라이즈 하이브리드,프리미엄,스페셜,201806.0,2019,1570.0,129072.0,가솔린+전기,오토,ORIGINAL,일반,2025-03-19 23:14:12.000 +09,인천,모빌팡,01저7899,0,0,3,0.0,0.0,0,0,
39163864,현대,쏘나타 뉴 라이즈,2.0 모던,,201704.0,2018,1350.0,127662.0,가솔린,오토,ORIGINAL,일반,2025-03-19 23:14:12.000 +09,광주,신한길모터스,03모6443,5,1,0,334.189,136.3088,0,0,
37865396,현대,쏘나타 뉴 라이즈,2.0 스타일,,201809.0,2019,1240.0,108609.0,가솔린,오토,ORIGINAL,일반,2025-03-19 23:14:12.000 +09,대구,삼일자동차상사,132저8698,2,0,3,196.0271,0.0,1,0,
39036724,현대,쏘나타 더 브릴리언트,LPI 스타일,,201208.0,2013,259.0,203264.0,LPG(일반인 구입),오토,ORIGINAL,일반,2025-03-19 23:14:12.000 +09,경기,브라더샵,60조6840,4,1,1,466.7214,8.683,1,0,
39007494,현대,쏘나타 (DN8),1.6 터보,프리미엄 패밀리,201912.0,2020,1879.0,74362.0,가솔린,오토,ORIGINAL,일반,2025-03-19 23:14:12.000 +09,경기,(주)왕카,247부1861,1,1,1,59.356,80.7743,1,0,
38387555,현대,쏘나타 (DN8),2.0 LPG(렌터카용),스마트,202001.0,2020,1529.0,97688.0,LPG(일반인 구입),오토,ORIGINAL,일반,2025-03-19 23:14:02.000 +09,충남,건희모터스,172버7179,5,4,1,483.1473,205.4116,1,0,
37367756,현대,쏘나타 (DN8),1.6 터보,인스퍼레이션,202111.0,2022,2420.0,46388.0,가솔린,오토,ORIGINAL,일반,2025-03-19 23:14:02.000 +09,부산,모차본점,243오3998,2,0,1,586.471,0.0,1,0,
38740946,현대,쏘나타 (DN8),2.0 LPG,모던,202302.0,2023,2250.0,2486.0,LPG(일반인 구입),오토,ORIGINAL,일반,2025-03-19 23:14:02.000 +09,인천,뉴정우모터스,181러5482,0,1,1,0.0,298.607,0,0,
38683525,현대,쏘나타 (DN8),2.0 LPG(렌터카용),스마트,202007.0,2020,1390.0,128276.0,LPG(일반인 구입),오토,ORIGINAL,일반,2025-03-19 23:14:02.000 +09,충남,sb모터스,102나4514,3,0,2,94.8399,0.0,1,0,
38539982,현대,쏘나타 (DN8),2.0 LPG(렌터카용),스타일,202006.0,2020,1620.0,42802.0,LPG(일반인 구입),오토,ORIGINAL,일반,2025-03-19 23:14:02.000 +09,경기,프렌즈모터스,124보5480,0,0,1,0.0,0.0,1,0,
38564687,현대,쏘나타 (DN8),2.0 LPG(렌터카용),스타일,201907.0,2020,1580.0,37544.0,LPG(일반인 구입),오토,ORIGINAL,일반,2025-03-19 23:14:02.000 +09,대구,신우모터스,352수4814,1,0,2,1215.0,0.0,1,0,
38519558,현대,쏘나타 뉴 라이즈,2.0 모던,,201711.0,2018,1710.0,30445.0,가솔린,오토,ORIGINAL,일반,2025-03-19 23:14:02.000 +09,경기,성실모터스,28더2463,1,0,2,71.1399,0.0,0,0,
38800043,현대,쏘나타 하이브리드 (DN8),인스퍼레이션,,202106.0,2022,2410.0,55304.0,가솔린+전기,오토,ORIGINAL,일반,2025-03-19 23:14:02.000 +09,서울,롯데렌탈주식회사,276마3288,0,1,0,0.0,220.07,1,0,
38921136,현대,LF 쏘나타,2.0 프리미엄,(세부등급 없음),201609.0,2017,1449.0,71811.0,가솔린,오토,ORIGINAL,일반,2025-03-19 23:14:02.000 +09,서울,(주)하나모터스,07루0405,0,1,3,0.0,129.5459,0,0,
39254370,현대,LF 쏘나타,2.0 스마트,(세부등급 없음),201510.0,2016,1099.0,87780.0,가솔린,오토,ORIGINAL,일반,2025-03-19 23:14:02.000 +09,서울,그린모터스,169소1735,3,3,3,319.441,168.413,1,0,
39168514,현대,쏘나타 (DN8),1.6 터보,프리미엄 패밀리,202002.0,2020,1390.0,164249.0,가솔린,오토,ORIGINAL,일반,2025-03-19 23:14:02.000 +09,인천,보배모터스,247마6520,7,5,1,754.0176,822.2245,0,0,
39154307,현대,쏘나타 (DN8),2.0,프리미엄 플러스,202108.0,2022,1590.0,132483.0,가솔린,오토,ORIGINAL,일반,2025-03-19 23:14:02.000 +09,충남,sb모터스,229다8362,0,1,2,0.0,43.1544,1,0,
39203059,현대,LF 쏘나타,LPI 스마트,,201405.0,2015,9999.0,279453.0,LPG(일반인 구입),오토,ORIGINAL,일반,2025-03-19 23:14:02.000 +09,경기,다올 자동차 매매상,21노3862,5,7,4,532.2649,751.4738,2,0,
39266814,현대,쏘나타 (DN8),2.0 LPG,스마트,201907.0,2020,1420.0,60454.0,LPG(일반인 구입),오토,ORIGINAL,일반,2025-03-19 23:14:02.000 +09,경기,주식회사 삼일,60부4357,2,0,2,308.6807,0.0,0,0,
39214848,현대,쏘나타 하이브리드 (DN8),인스퍼레이션,,202202.0,2022,2330.0,38024.0,가솔린+전기,오토,ORIGINAL,일반,2025-03-19 23:13:12.000 +09,경기,㈜오토핸즈,169하3661,0,0,0,0.0,0.0,0,0,
39167937,현대,쏘나타 (DN8),1.6 터보,인스퍼레이션,202001.0,2020,2030.0,75817.0,가솔린,오토,ORIGINAL,일반,2025-03-19 23:13:12.000 +09,인천,차봇모빌리티(주),189누6057,0,1,1,0.0,115.0,1,0,
39266193,현대,쏘나타 (DN8),2.0 LPG(렌터카용),스타일,202010.0,2021,1170.0,126104.0,LPG(일반인 구입),오토,ORIGINAL,일반,2025-03-19 23:13:12.000 +09,경기,주식회사 삼일,249루9076,1,1,1,672.4139,47.6979,1,0,
39130557,현대,쏘나타 하이브리드 (DN8),프리미엄,(세부등급 없음),202102.0,2021,1495.0,97022.0,가솔린+전기,오토,ORIGINAL,일반,2025-03-19 23:13:12.000 +09,경기,인정모터스,279저2125,1,0,1,50.622,0.0,1,0,
39253887,현대,쏘나타 (DN8),2.0 LPG,프리미엄,202001.0,2020,2190.0,35704.0,LPG(일반인 구입),오토,ORIGINAL,일반,2025-03-19 23:13:12.000 +09,경기,(주)카핑,247모7972,0,0,0,0.0,0.0,0,0,
39103621,현대,쏘나타 (DN8),2.0,프리미엄,202103.0,2021,1650.0,98389.0,가솔린,오토,ORIGINAL,일반,2025-03-19 23:13:12.000 +09,부산,오토플러스(주),178허4520,1,0,0,114.0375,0.0,0,0,
39024501,현대,LF 쏘나타,LPI 모던,,201504.0,2015,850.0,108263.0,LPG(일반인 구입),오토,ORIGINAL,일반,2025-03-19 23:13:12.000 +09,대전,(주)케이제이모터스,11도8093,2,0,5,166.6394,0.0,0,0,
38940486,현대,LF 쏘나타,2.0 스마트,(세부등급 없음),201407.0,2015,930.0,105301.0,가솔린,오토,ORIGINAL,일반,2025-03-19 23:13:12.000 +09,인천,오토플러스(주),33조7908,1,2,5,70.681,141.436,0,0,
39015794,현대,YF 쏘나타,LPI 프리미어(장애인용),,201002.0,2010,230.0,189360.0,LPG(일반인 구입),오토,ORIGINAL,일반,2025-03-19 23:13:12.000 +09,경기,사과나무자동차,12라1818,4,2,1,206.1737,285.1703,0,0,
39007700,현대,쏘나타 (DN8),2.0,프리미엄 플러스,202204.0,2022,9999.0,76600.0,가솔린,오토,ORIGINAL,일반,2025-03-19 23:13:12.000 +09,경기,의정부오토갤러리,386거6410,0,0,0,0.0,0.0,0,0,
38530877,현대,쏘나타 뉴 라이즈,LPI 모던,,201710.0,2018,1000.0,105203.0,LPG(일반인 구입),오토,ORIGINAL,일반,2025-03-19 23:13:12.000 +09,충남,(주)거상자동차,228거4050,1,0,2,75.366,0.0,1,0,
38262687,현대,LF 쏘나타,1.7 디젤 스마트,(세부등급 없음),201607.0,2016,670.0,169634.0,디젤,오토,ORIGINAL,일반,2025-03-19 23:13:12.000 +09,경기,동아에스엠씨,39도0587,0,1,1,0.0,63.968,0,0,
38529375,현대,쏘나타 하이브리드 (DN8),프리미엄,밀레니얼,202005.0,2020,1859.0,122021.0,가솔린+전기,오토,ORIGINAL,일반,2025-03-19 23:13:05.000 +09,충남,주)BK모터스,102루1024,0,0,2,0.0,0.0,1,0,
39000443,현대,쏘나타 하이브리드 (DN8),프리미엄 플러스,,202109.0,2022,2460.0,62787.0,가솔린+전기,오토,ORIGINAL,일반,2025-03-19 23:13:05.000 +09,대구,트러스트오토모빌대표,158로2016,2,2,0,312.0779,111.3379,0,0,
38685665,현대,쏘나타 디 엣지(DN8),2.0 LPG,익스클루시브,202312.0,2024,2450.0,45050.0,LPG(일반인 구입),오토,ORIGINAL,일반,2025-03-19 23:13:05.000 +09,광주,드림카마켓,114너7806,1,0,1,757.4545,0.0,1,0,
38323062,현대,쏘나타 (DN8),2.0 LPG(렌터카용),스타일,201910.0,2020,1390.0,78860.0,LPG(일반인 구입),오토,ORIGINAL,일반,2025-03-19 23:13:05.000 +09,충남,이안모터스,135무8711,1,1,3,117.048,22.422,1,0,
38527323,현대,쏘나타 하이브리드 (DN8),인스퍼레이션,,202101.0,2021,2420.0,39316.0,가솔린+전기,오토,ORIGINAL,일반,2025-03-19 23:13:05.000 +09,경기,프로모터스,204우9484,0,1,1,0.0,43.3,1,0,
38713750,현대,쏘나타 (DN8),2.0,프리미엄,201908.0,2020,1680.0,18943.0,가솔린,오토,ORIGINAL,일반,2025-03-19 23:13:05.000 +09,경기,㈜오토핸즈,146우2145,2,0,0,143.459,0.0,1,0,
39089812,현대,쏘나타 (DN8),2.0 LPG,인스퍼레이션,201905.0,2020,1750.0,136190.0,LPG(일반인 구입),오토,ORIGINAL,일반,2025-03-19 23:13:05.000 +09,부산,카플릭스,232서9253,1,0,2,190.725,0.0,1,0,
39257624,현대,쏘나타 (DN8),2.0,프리미엄 패밀리,201907.0,2020,1789.0,93412.0,가솔린,오토,ORIGINAL,일반,2025-03-19 23:13:05.000 +09,충남,지에스카넷,45나4449,1,0,2,131.798,0.0,0,0,
38990218,현대,쏘나타 더 브릴리언트,LPI 프리미엄,,201309.0,2014,255.0,321095.0,LPG(일반인 구입),오토,ORIGINAL,일반,2025-03-19 23:12:34.000 +09,서울,(주)아이오토스,47다0496,2,5,8,206.1568,352.9448,1,0,
38230120,현대,쏘나타 하이브리드 (DN8),프리미엄,패밀리,201911.0,2020,2190.0,52557.0,가솔린+전기,오토,ORIGINAL,일반,2025-03-19 23:12:34.000 +09,경기,장군모터스,334소3279,1,0,3,93.66,0.0,0,0,
39147609,현대,쏘나타 뉴 라이즈,2.0 스마트,,201710.0,2018,949.0,130000.0,가솔린,오토,ORIGINAL,일반,2025-03-19 23:12:34.000 +09,서울,(주)아이오토스,63나6316,1,2,2,345.6589,482.805,0,0,
39268793,현대,LF 쏘나타,2.0 프리미엄,(세부등급 없음),201408.0,2015,888.0,176000.0,가솔린,오토,ORIGINAL,일반,2025-03-19 23:12:34.000 +09,서울,(주)아이오토스,18어5924,4,4,3,358.8188,244.08,1,0,
39040928,현대,쏘나타 디 엣지(DN8),2.0 LPG(렌터카),비즈니스 2,202401.0,2024,2790.0,10579.0,LPG(일반인 구입),오토,ORIGINAL,일반,2025-03-19 23:12:11.000 +09,경기,㈜오토핸즈,156부8478,0,0,1,0.0,0.0,2,0,
39210071,현대,YF 쏘나타,LPI 프리미어,,201003.0,2010,330.0,158793.0,LPG(일반인 구입),오토,ORIGINAL,일반,2025-03-19 23:12:11.000 +09,경기,브라더샵,61두9279,3,4,5,72.7353,776.2728,0,0,
39210437,현대,YF 쏘나타,LPI 프리미어(장애인용),,200910.0,2010,250.0,220296.0,LPG(일반인 구입),오토,ORIGINAL,일반,2025-03-19 23:12:11.000 +09,경기,브라더샵,16누5214,4,1,2,426.7628,84.5532,0,0,
39114583,현대,쏘나타 (DN8),2.0 LPG(렌터카용),스마트,201906.0,2020,1590.0,48739.0,LPG(일반인 구입),오토,ORIGINAL,일반,2025-03-19 23:12:11.000 +09,경기,위드카,303러2791,1,3,1,0.0,575.0991,1,0,
39177698,현대,YF 쏘나타,LPI 프리미어,,201210.0,2013,299.0,327534.0,LPG(일반인 구입),오토,ORIGINAL,일반,2025-03-19 23:12:11.000 +09,충남,달인상사,20마0837,0,3,6,0.0,237.7862,1,0,
36400408,현대,쏘나타 뉴 라이즈,LPI 모던,,201903.0,2019,1490.0,71014.0,LPG(일반인 구입),오토,ORIGINAL,일반,2025-03-19 23:12:11.000 +09,광주,신한길모터스,278부4235,2,0,3,197.5501,0.0,1,0,
38143676,현대,NF 쏘나타,N20 디럭스,기본형,200709.0,2008,320.0,65869.0,가솔린,오토,ORIGINAL,일반,2025-03-19 23:12:11.000 +09,경기,(주)카포유,30서2529,0,2,1,0.0,321.5498,0,0,
38909355,현대,쏘나타 (DN8),2.0 LPG(렌터카용),스타일,202110.0,2022,1590.0,62151.0,LPG(일반인 구입),오토,ORIGINAL,일반,2025-03-19 23:12:11.000 +09,인천,탁월한 선택,152도9524,1,0,2,70.3377,0.0,1,0,
38379351,현대,쏘나타 뉴 라이즈,LPI 스타일,,201708.0,2018,760.0,153058.0,LPG(일반인 구입),오토,ORIGINAL,일반,2025-03-19 23:12:11.000 +09,경기,에스클래스,333도4608,2,0,2,291.9068,0.0,1,0,
38939638,현대,쏘나타 하이브리드,2.0,프리미엄,201406.0,2014,600.0,162800.0,가솔린+전기,오토,ORIGINAL,일반,2025-03-19 23:12:06.000 +09,전북,한라모터스,53마6909,3,2,3,240.5307,73.262,0,0,
38065078,현대,NF 쏘나타,LPG N20 디럭스,고급형,200709.0,2008,330.0,78403.0,LPG(일반인 구입),오토,ORIGINAL,일반,2025-03-19 23:12:02.000 +09,경기,오토스마일,29주5321,5,0,2,380.9486,0.0,0,0,
38800995,현대,쏘나타 (DN8),2.0 LPG(렌터카용),스마트,201910.0,2020,1450.0,73505.0,LPG(일반인 구입),오토,ORIGINAL,일반,2025-03-19 23:12:02.000 +09,부산,S1 MOTORS,128구7118,1,1,1,462.6634,148.8078,1,0,
38945370,현대,LF 쏘나타,2.0 스타일,스페셜,201512.0,2016,1020.0,97411.0,가솔린,오토,ORIGINAL,일반,2025-03-19 23:12:02.000 +09,경기,카운셀러,15오6666,1,1,6,74.1958,90.1,1,0,
38936777,현대,쏘나타 뉴 라이즈,2.0 스마트,,201801.0,2018,839.0,173088.0,가솔린,오토,ORIGINAL,일반,2025-03-19 23:12:02.000 +09,경기,알차,374어7157,1,0,3,54.845,0.0,1,0,
38980060,현대,쏘나타 (DN8),2.0,프리미엄,201907.0,2020,1800.0,28555.0,가솔린,오토,ORIGINAL,일반,2025-03-19 23:12:02.000 +09,인천,(주)시우자동차,132머5029,3,1,2,206.0614,166.901,1,0,
39265095,현대,쏘나타 (DN8),1.6 터보,인스퍼레이션,202004.0,2020,2599.0,54074.0,가솔린,오토,ORIGINAL,일반,2025-03-19 23:12:02.000 +09,서울,주) 트리에이치오토,167조6093,0,0,0,0.0,0.0,0,0,
39258779,현대,LF 쏘나타,2.0 스마트,(세부등급 없음),201407.0,2015,640.0,196118.0,가솔린,오토,ORIGINAL,일반,2025-03-19 23:12:02.000 +09,인천,모터스퀘어,54조2104,3,0,5,323.8218,0.0,1,0,
39265162,현대,LF 쏘나타,LPI 스마트,,201607.0,2016,910.0,137765.0,LPG(일반인 구입),오토,ORIGINAL,일반,2025-03-19 23:12:02.000 +09,경기,벧엘자동차2,20부0464,2,3,4,176.651,532.771,0,0,
39200302,현대,YF 쏘나타,Y20 프리미어,최고급형,200911.0,2010,560.0,78744.0,가솔린,오토,ORIGINAL,일반,2025-03-19 23:12:02.000 +09,경기,카운셀러,19노9967,1,1,4,37.544,32.818,0,0,
38272727,현대,쏘나타 더 브릴리언트,LPI 스마트,,201301.0,2013,500.0,182175.0,LPG(일반인 구입),오토,ORIGINAL,일반,2025-03-19 23:12:02.000 +09,전남,JC모터스,101버3681,3,1,2,345.8727,60.9293,1,0,
39082314,현대,LF 쏘나타,LPI 모던,,201505.0,2015,750.0,145887.0,LPG(일반인 구입),오토,ORIGINAL,일반,2025-03-19 23:12:02.000 +09,강원,현수중고차,55부7142,2,2,4,121.5605,124.6557,1,0,
39107070,현대,쏘나타 하이브리드 (DN8),프리미엄,(세부등급 없음),202102.0,2021,2280.0,51228.0,가솔린+전기,오토,ORIGINAL,일반,2025-03-19 23:12:02.000 +09,경기,제이디모터스,198더5048,0,1,2,0.0,123.76,1,0,
39231476,현대,쏘나타 (DN8),2.0,인스퍼레이션,201904.0,2020,2070.0,30019.0,가솔린,오토,ORIGINAL,일반,2025-03-19 23:11:11.000 +09,경기,삼일 모터스,47가6896,0,0,1,0.0,0.0,0,0,
39196038,현대,LF 쏘나타,LPI 프리미엄,,201505.0,2015,1120.0,30046.0,LPG(일반인 구입),오토,ORIGINAL,일반,2025-03-19 23:11:11.000 +09,대전,삼일상사,61너3195,3,0,0,227.2888,0.0,0,0,
39189697,현대,쏘나타 (DN8),2.0,프리미엄 패밀리,202010.0,2021,2100.0,5386.0,가솔린,오토,ORIGINAL,일반,2025-03-19 23:11:11.000 +09,서울,(주)카웨이,169너1203,0,0,1,0.0,0.0,0,0,
39117969,현대,쏘나타 (DN8),2.0,모던,202109.0,2022,1890.0,26112.0,가솔린,오토,ORIGINAL,일반,2025-03-19 23:11:11.000 +09,서울,롯데렌탈주식회사,238나1236,0,0,0,0.0,0.0,1,0,
39087312,현대,쏘나타 (DN8),2.0,인스퍼레이션,201905.0,2020,2000.0,82066.0,가솔린,오토,ORIGINAL,일반,2025-03-19 23:11:11.000 +09,충북,(주)더챔,62러3115,3,1,1,404.5203,267.1324,0,0,
38822997,현대,쏘나타 하이브리드 (DN8),프리미엄,(세부등급 없음),201911.0,2020,1730.0,87222.0,가솔린+전기,오토,ORIGINAL,일반,2025-03-19 23:11:11.000 +09,서울,(주)새차처럼모터스,110저1945,2,0,6,216.3819,0.0,1,0,
39210786,현대,쏘나타 (DN8),1.6 터보,프리미엄 패밀리,202001.0,2020,1420.0,101328.0,가솔린,오토,ORIGINAL,일반,2025-03-19 23:11:11.000 +09,경기,(주)오토허브셀카,279마5967,4,2,1,466.0943,105.6834,1,0,
38173861,현대,쏘나타 하이브리드,2.0,모던,201307.0,2014,649.0,158965.0,가솔린+전기,오토,ORIGINAL,일반,2025-03-19 23:11:11.000 +09,인천,디에이치모터스,69소3177,2,1,2,89.7672,21.6646,0,0,
39051590,현대,쏘나타 뉴 라이즈,2.0 터보 익스클루시브,,201706.0,2018,1360.0,131279.0,가솔린,오토,ORIGINAL,일반,2025-03-19 23:11:02.000 +09,서울,드림카,56다2637,1,1,1,77.5,47.7614,0,0,
39006390,현대,LF 쏘나타,2.0 스마트,(세부등급 없음),201404.0,2015,1199.0,78122.0,가솔린,오토,ORIGINAL,일반,2025-03-19 23:11:02.000 +09,서울,(주)오토크루,64오9794,1,0,1,41.411,0.0,0,0,
38990413,현대,NF 쏘나타 트랜스폼,LPG N20 럭셔리,,200801.0,2008,250.0,195634.0,LPG(일반인 구입),오토,ORIGINAL,일반,2025-03-19 23:11:02.000 +09,전북,힐링,16부6558,5,0,8,685.5113,0.0,0,0,
38903367,현대,쏘나타 디 엣지(DN8),2.0 LPG,인스퍼레이션,202312.0,2024,3090.0,15853.0,LPG(일반인 구입),오토,ORIGINAL,일반,2025-03-19 23:11:02.000 +09,경기,오토플러스(주),134수3356,0,0,1,0.0,0.0,0,0,
39261823,현대,쏘나타 (DN8),1.6 터보,프리미엄 플러스,202111.0,2022,2250.0,55044.0,가솔린,오토,ORIGINAL,일반,2025-03-19 23:11:02.000 +09,인천,뉴정우모터스,184보6007,0,0,1,0.0,0.0,0,0,
39099245,현대,LF 쏘나타,2.0 케어플러스,,201612.0,2017,1250.0,73070.0,가솔린,오토,ORIGINAL,일반,2025-03-19 23:11:02.000 +09,전북,유카,196주9977,0,0,1,0.0,0.0,1,0,
38816404,현대,쏘나타 (DN8),2.0,프리미엄 패밀리,201905.0,2020,1390.0,150187.0,가솔린,오토,ORIGINAL,일반,2025-03-19 23:11:02.000 +09,충북,주)영 모터스,18거7761,1,0,1,416.265,0.0,0,0,
38812048,현대,쏘나타 하이브리드 (DN8),프리미엄,(세부등급 없음),201911.0,2020,1840.0,86513.0,가솔린+전기,오토,ORIGINAL,일반,2025-03-19 23:11:02.000 +09,서울,(주) 한경자동차,136조6838,1,0,1,60.9748,0.0,1,0,
39178988,현대,쏘나타 (DN8),2.0,모던,202202.0,2022,1500.0,88974.0,가솔린,오토,ORIGINAL,일반,2025-03-19 23:11:02.000 +09,경기,오토돔 세종모터스,221우5356,0,7,1,0.0,920.3869,1,0,
39064269,현대,쏘나타 (DN8),2.0 LPG(렌터카용),스마트,201910.0,2020,1430.0,69493.0,LPG(일반인 구입),오토,ORIGINAL,일반,2025-03-19 23:11:02.000 +09,대구,케이지 모터스,123보4524,2,2,1,406.3719,174.8555,0,0,
38946874,현대,LF 쏘나타,2.0 스마트,(세부등급 없음),201411.0,2015,1350.0,29560.0,가솔린,오토,ORIGINAL,일반,2025-03-19 23:11:02.000 +09,서울,케이아우토,23주7851,4,1,1,315.433,47.6784,0,0,
39238052,현대,YF 쏘나타,Y20 프라임,최고급형,200911.0,2010,380.0,99448.0,가솔린,오토,ORIGINAL,일반,2025-03-19 23:11:02.000 +09,경기,우수상사,34주6360,5,6,1,596.5471,510.9893,0,0,
37613813,현대,LF 쏘나타,LPI 스마트,,201602.0,2016,800.0,122430.0,LPG(일반인 구입),오토,ORIGINAL,일반,2025-03-19 23:11:02.000 +09,경기,라온모터스,247구6271,2,0,5,94.3416,0.0,1,0,
38262344,현대,쏘나타 하이브리드 (DN8),프리미엄 플러스,,202111.0,2022,1869.0,110914.0,가솔린+전기,오토,ORIGINAL,일반,2025-03-19 23:11:02.000 +09,경기,(주)왕카,122저4268,0,0,1,0.0,0.0,1,0,
38657901,현대,쏘나타 하이브리드 (DN8),인스퍼레이션,,202003.0,2020,2750.0,50002.0,가솔린+전기,오토,ORIGINAL,일반,2025-03-19 23:11:02.000 +09,경기,(주)케이엠모터스,356누8238,1,1,1,71.658,51.382,0,0,
38580204,현대,LF 쏘나타,2.0 스마트,(세부등급 없음),201503.0,2015,980.0,92891.0,가솔린,오토,ORIGINAL,일반,2025-03-19 23:10:13.000 +09,대구,가온모터스,17거5814,1,5,3,25.6578,450.4793,1,0,
39056386,현대,쏘나타 뉴 라이즈,LPI 스타일,,201712.0,2018,999.0,108446.0,LPG(일반인 구입),오토,ORIGINAL,일반,2025-03-19 23:10:13.000 +09,서울,로얄모터스,01소4790,1,1,3,61.578,103.8979,1,0,
39072919,현대,쏘나타 하이브리드,2.0,스마트,201301.0,2013,520.0,188469.0,가솔린+전기,오토,ORIGINAL,일반,2025-03-19 23:10:13.000 +09,충남,진명자동차,60수8565,4,4,3,499.3288,429.5976,0,0,
38991240,현대,LF 쏘나타 하이브리드,2.0 HEV,모던,201506.0,2016,1590.0,67092.0,가솔린+전기,오토,ORIGINAL,일반,2025-03-19 23:10:13.000 +09,경기,기능장중고차,11노6453,1,2,4,76.653,168.1091,0,0,
38682103,현대,쏘나타 디 엣지 하이브리드(DN8),인스퍼레이션,,202407.0,2024,3590.0,8194.0,가솔린+전기,오토,ORIGINAL,일반,2025-03-19 23:10:13.000 +09,대구,준모터스,186버3856,0,0,1,0.0,0.0,0,0,
38462495,현대,쏘나타 더 브릴리언트,CVVL 스마트,,201303.0,2013,630.0,109304.0,가솔린,오토,ORIGINAL,일반,2025-03-19 23:10:13.000 +09,인천,써니카,22도8841,1,5,5,256.2644,719.8879,0,0,
38987108,현대,쏘나타 뉴 라이즈,2.0 모던,,201801.0,2018,1080.0,131509.0,가솔린,오토,ORIGINAL,일반,2025-03-19 23:10:13.000 +09,인천,주식회사 시우자동차2,140너9398,1,0,2,62.441,0.0,1,0,
39077083,현대,LF 쏘나타,2.0 스마트,스페셜,201601.0,2016,1100.0,40183.0,가솔린,오토,ORIGINAL,일반,2025-03-19 23:10:13.000 +09,경기,코리아모터스,51러0151,6,4,1,860.7037,408.928,0,0,
39148658,현대,LF 쏘나타,2.0 스마트,(세부등급 없음),201507.0,2015,9999.0,67540.0,가솔린,오토,ORIGINAL,일반,2025-03-19 23:10:13.000 +09,서울,(주)태성모터스,11로6918,3,1,2,327.9933,377.8618,0,0,
39253941,현대,쏘나타 뉴 라이즈 하이브리드,모던,,201902.0,2019,1830.0,19537.0,가솔린+전기,오토,ORIGINAL,일반,2025-03-19 23:10:13.000 +09,인천,참좋은모터스,353가9752,0,0,3,0.0,0.0,1,0,
39245716,현대,LF 쏘나타,2.0 스마트,(세부등급 없음),201503.0,2015,960.0,120023.0,가솔린,오토,ORIGINAL,일반,2025-03-19 23:10:13.000 +09,대구,우리자동차상사,47우8506,2,0,2,258.3432,0.0,0,0,
39179769,현대,쏘나타 뉴 라이즈 하이브리드,모던,,201808.0,2019,1380.0,111249.0,가솔린+전기,오토,ORIGINAL,일반,2025-03-19 23:10:13.000 +09,경기,카리브모터스,05소6340,4,1,8,488.5557,34.1,0,0,
39112604,현대,쏘나타 뉴 라이즈,2.0 모던,,201705.0,2018,1180.0,126497.0,가솔린,오토,ORIGINAL,일반,2025-03-19 23:10:13.000 +09,경기,Goodcar,41로4488,1,1,1,366.272,374.598,0,0,
39226546,현대,쏘나타 (DN8),2.0,모던,202204.0,2022,63.0,60662.0,가솔린,오토,ORIGINAL,렌트,2025-03-19 23:10:13.000 +09,서울,,194호4407,1,0,0,128.902,0.0,0,0,
39041066,현대,쏘나타 뉴 라이즈,2.0 모던,,201710.0,2018,1780.0,80663.0,가솔린,오토,ORIGINAL,일반,2025-03-19 23:10:05.000 +09,경기,기능장중고차,02마3082,1,0,1,38.6513,0.0,0,0,
39002158,현대,쏘나타 디 엣지 하이브리드(DN8),익스클루시브,,202401.0,2024,3390.0,5845.0,가솔린+전기,오토,ORIGINAL,일반,2025-03-19 23:10:05.000 +09,대구,정모터스,168우8659,0,1,1,0.0,41.954,0,0,
39058979,현대,쏘나타 (DN8),2.0,프리미엄 패밀리,202103.0,2021,7777.0,15188.0,가솔린,오토,ORIGINAL,일반,2025-03-19 23:10:05.000 +09,부산,차순이모터스,254너2783,0,0,0,0.0,0.0,0,0,
38369632,현대,쏘나타 (DN8),2.0,프리미엄,202005.0,2021,1960.0,24636.0,가솔린,오토,ORIGINAL,일반,2025-03-19 23:10:05.000 +09,경기,에이원모터스,162고5605,0,0,1,0.0,0.0,1,0,
38642449,현대,쏘나타 하이브리드,2.0,로열,201109.0,2012,480.0,151610.0,가솔린+전기,오토,ORIGINAL,일반,2025-03-19 23:10:05.000 +09,인천,진솔모터스,31오7237,1,0,3,22.957,0.0,0,0,
39102898,현대,쏘나타 하이브리드 (DN8),프리미엄,(세부등급 없음),202012.0,2021,1999.0,76984.0,가솔린+전기,오토,ORIGINAL,일반,2025-03-19 23:10:05.000 +09,경기,신화모터스,182더7388,1,0,0,75.447,0.0,0,0,
38323781,현대,쏘나타 (DN8),2.0,프리미엄 패밀리,201906.0,2020,1920.0,58120.0,가솔린,오토,ORIGINAL,일반,2025-03-19 23:10:05.000 +09,광주,진흥자동차,36오1374,4,0,3,524.3664,0.0,0,0,
39006867,현대,YF 쏘나타,Y20 프라임,블랙,201011.0,2011,599.0,65339.0,가솔린,오토,ORIGINAL,일반,2025-03-19 23:10:05.000 +09,대구,대구모터스,51루6287,0,1,2,0.0,27.518,0,0,
39211692,현대,쏘나타 디 엣지(DN8),1.6 터보,익스클루시브,202410.0,2024,3070.0,7627.0,가솔린,오토,ORIGINAL,일반,2025-03-19 23:10:05.000 +09,인천,민모터스,182머2447,1,0,1,64.787,0.0,0,0,
37870588,현대,YF 쏘나타,Y20 탑,고급형,200910.0,2010,520.0,54636.0,가솔린,오토,ORIGINAL,일반,2025-03-19 23:10:05.000 +09,경기,드림,69마5342,0,1,2,0.0,91.9,0,0,
39095778,현대,LF 쏘나타 하이브리드,2.0 HEV,모던,201512.0,2016,899.0,164380.0,가솔린+전기,오토,ORIGINAL,일반,2025-03-19 23:09:16.000 +09,경기,울트라모터스,48서0339,1,1,1,49.2849,39.939,0,0,
39226521,현대,LF 쏘나타,1.6 터보 스마트,(세부등급 없음),201510.0,2016,1220.0,85492.0,가솔린,오토,ORIGINAL,일반,2025-03-19 23:09:16.000 +09,경기,벧엘자동차2,32부0450,0,0,1,0.0,0.0,0,0,
39193893,현대,쏘나타 디 엣지(DN8),2.0 LPG,익스클루시브,202402.0,2024,2890.0,20912.0,LPG(일반인 구입),오토,ORIGINAL,일반,2025-03-19 23:09:16.000 +09,대구,대한종합자동차상사,291누9898,0,0,0,0.0,0.0,0,0,
38725534,현대,LF 쏘나타,2.0 스마트,(세부등급 없음),201406.0,2015,690.0,154403.0,가솔린,오토,ORIGINAL,일반,2025-03-19 23:09:16.000 +09,부산,카톡모터스,32버1127,1,2,5,259.64,418.5458,1,0,
38927761,현대,쏘나타 하이브리드 (DN8),프리미엄,패밀리,202004.0,2021,2220.0,52075.0,가솔린+전기,오토,ORIGINAL,일반,2025-03-19 23:09:16.000 +09,경기,(주)에스비즈,255부9961,0,0,1,0.0,0.0,0,0,
39153551,현대,LF 쏘나타,2.0 스마트,(세부등급 없음),201704.0,2017,1069.0,137155.0,가솔린,오토,ORIGINAL,일반,2025-03-19 23:09:16.000 +09,대구,대구모터스,05머2396,2,1,4,188.2177,38.1223,0,0,
39126927,현대,쏘나타 (DN8),2.0,프리미엄 플러스,202111.0,2022,1850.0,83715.0,가솔린,오토,ORIGINAL,일반,2025-03-19 23:09:16.000 +09,서울,롯데렌탈주식회사,128오2223,0,0,0,0.0,0.0,1,0,
39074252,현대,쏘나타 뉴 라이즈,2.0 모던,,201706.0,2018,1250.0,55640.0,가솔린,오토,ORIGINAL,일반,2025-03-19 23:09:08.000 +09,대구,당근모터스,07우8014,2,1,2,693.4957,42.3207,0,0,
39125376,현대,쏘나타 (DN8),2.0,모던,202202.0,2022,1740.0,74716.0,가솔린,오토,ORIGINAL,일반,2025-03-19 23:09:08.000 +09,인천,(주)시우자동차,255조5960,2,3,2,83.1319,219.7097,1,0,
39017243,현대,YF 쏘나타,LPI 럭셔리,,201012.0,2011,290.0,204513.0,LPG(일반인 구입),오토,ORIGINAL,일반,2025-03-19 23:09:08.000 +09,충북,대원모터스,60두7918,1,3,8,52.5348,389.6182,1,0,
39052885,현대,쏘나타 하이브리드,2.0,모던,201303.0,2014,650.0,143138.0,가솔린+전기,오토,ORIGINAL,일반,2025-03-19 23:09:08.000 +09,대구,우진종합자동차상사,62나3052,1,3,3,232.9788,657.004,0,0,
39150016,현대,쏘나타 (DN8),2.0,프리미엄 플러스,202208.0,2022,2190.0,45386.0,가솔린,오토,ORIGINAL,일반,2025-03-19 23:09:08.000 +09,대구,대구셀카중고차,228노4395,0,0,1,0.0,0.0,1,0,
39154277,현대,쏘나타 (DN8),2.0 LPG(렌터카용),스타일,201911.0,2020,1179.0,148698.0,LPG(일반인 구입),오토,ORIGINAL,일반,2025-03-19 23:09:08.000 +09,경기,(주)지온컴퍼니,328머9656,2,0,2,118.5646,0.0,1,0,
39127870,현대,YF 쏘나타,LPI 럭셔리,,201204.0,2012,299.0,250609.0,LPG(일반인 구입),오토,ORIGINAL,일반,2025-03-19 23:09:08.000 +09,광주,(주)도하모터스,35어2155,4,3,1,502.619,215.5334,0,0,
37738510,현대,쏘나타 뉴 라이즈,LPI 스타일,,201705.0,2018,1050.0,109999.0,LPG(일반인 구입),오토,ORIGINAL,일반,2025-03-19 23:09:08.000 +09,경기,중고차A팀,387도5540,1,3,6,57.9879,237.9365,1,0,
37265785,현대,LF 쏘나타,2.4 익스클루시브,,201412.0,2015,1099.0,73162.0,가솔린,오토,ORIGINAL,일반,2025-03-19 23:09:08.000 +09,경기,153 모터스,63두8956,2,2,2,422.3049,432.7858,0,0,
35138238,현대,쏘나타 하이브리드 (DN8),프리미엄,패밀리,202103.0,2021,2390.0,23451.0,가솔린+전기,오토,ORIGINAL,일반,2025-03-19 23:09:08.000 +09,경기,일산풍동오토갤러리,167너4611,1,0,0,117.5629,0.0,0,0,
38836193,현대,쏘나타 뉴 라이즈 하이브리드,모던,,201808.0,2019,1490.0,107119.0,가솔린+전기,오토,ORIGINAL,일반,2025-03-19 23:09:08.000 +09,경기,카스토리,27나1795,0,0,4,0.0,0.0,0,0,
39240549,현대,쏘나타 (DN8),2.0,모던,202212.0,2023,1910.0,24118.0,가솔린,오토,ORIGINAL,일반,2025-03-19 23:09:08.000 +09,경기,롯데렌탈주식회사,248머6659,1,1,0,70.4297,31.5236,1,0,
39231697,현대,쏘나타 하이브리드 (DN8),모던,,202111.0,2022,1890.0,79121.0,가솔린+전기,오토,ORIGINAL,일반,2025-03-19 23:09:08.000 +09,서울,롯데렌탈주식회사,238나1293,0,1,0,0.0,72.1818,1,0,
38910161,현대,LF 쏘나타,1.6 터보 스타일,,201607.0,2017,850.0,142091.0,가솔린,오토,ORIGINAL,일반,2025-03-19 23:08:48.000 +09,충북,JM모터스,45도0720,2,3,7,337.1179,287.3914,0,0,
38973579,현대,LF 쏘나타,LPI 스마트,,201405.0,2015,319.0,270789.0,LPG(일반인 구입),오토,ORIGINAL,일반,2025-03-19 23:08:32.000 +09,경기,(주)고물상,23로8374,10,6,7,1042.0477,741.9,1,0,
38432604,현대,쏘나타 뉴 라이즈,LPI 모던,,201711.0,2018,1140.0,101679.0,LPG(일반인 구입),오토,ORIGINAL,일반,2025-03-19 23:08:31.000 +09,경기,주식회사 리드옥션,113라2286,2,0,1,94.487,0.0,1,0,
37573869,현대,YF 쏘나타,LPI 프리미어,,201101.0,2011,399.0,148601.0,LPG(일반인 구입),오토,ORIGINAL,일반,2025-03-19 23:08:11.000 +09,대구,탑모터스,14조2801,5,0,6,1192.649,0.0,0,0,
39002467,현대,LF 쏘나타,LPI 프리미엄,,201606.0,2016,699.0,85630.0,LPG(일반인 구입),오토,ORIGINAL,일반,2025-03-19 23:08:11.000 +09,대구,탑모터스,12무0885,6,4,1,1434.4143,432.367,0,0,
38745173,현대,LF 쏘나타 하이브리드,2.0 HEV,프리미엄,201501.0,2015,730.0,225235.0,가솔린+전기,오토,ORIGINAL,일반,2025-03-19 23:08:09.000 +09,경기,드림모터스,17모8072,2,1,2,227.858,0.0,1,0,
38538690,현대,쏘나타 뉴 라이즈,LPI 모던,,201710.0,2018,999.0,107165.0,LPG(일반인 구입),오토,ORIGINAL,일반,2025-03-19 23:08:09.000 +09,충남,(주)거상자동차,228거4068,5,0,2,533.5579,0.0,1,0,
38976719,현대,쏘나타 (DN8),2.0,인스퍼레이션,201905.0,2020,2350.0,54384.0,가솔린,오토,ORIGINAL,일반,2025-03-19 23:08:09.000 +09,경남,(주)제이앤제이모터스,63머4410,1,1,3,101.2871,99.1689,0,0,
38930390,현대,쏘나타 디 엣지(DN8),2.0,익스클루시브,202403.0,2024,3050.0,7951.0,가솔린,오토,ORIGINAL,일반,2025-03-19 23:08:09.000 +09,경기,뉴코리아모터스,156더2461,0,1,1,0.0,11.6,1,0,
39118188,현대,YF 쏘나타,Y20 프라임,블랙,201107.0,2011,360.0,146450.0,가솔린,오토,ORIGINAL,일반,2025-03-19 23:08:09.000 +09,경기,(주)진성사,57수1333,6,5,1,433.5259,780.4171,0,0,
39196136,현대,LF 쏘나타,2.0 스마트,스페셜,201607.0,2017,1090.0,96587.0,가솔린,오토,ORIGINAL,일반,2025-03-19 23:08:09.000 +09,대전,서해모터스,65머0666,3,0,2,259.5926,0.0,0,0,
39237526,현대,LF 쏘나타 하이브리드,2.0 HEV,프리미엄,201510.0,2016,740.0,213837.0,가솔린+전기,오토,ORIGINAL,일반,2025-03-19 23:08:09.000 +09,인천,에스와이오토,41부0697,2,0,1,109.0279,0.0,0,0,
39171229,현대,LF 쏘나타 하이브리드,2.0 HEV,모던,201507.0,2015,1590.0,51569.0,가솔린+전기,오토,ORIGINAL,일반,2025-03-19 23:08:09.000 +09,경기,카운셀러,14우6191,1,1,1,19.13,14.91,0,0,
39263750,현대,쏘나타 디 엣지(DN8),1.6 터보,익스클루시브,202407.0,2024,3050.0,19019.0,가솔린,오토,ORIGINAL,일반,2025-03-19 23:08:02.000 +09,경기,오토플러스(주),234러4302,0,0,0,0.0,0.0,0,0,
39245415,현대,쏘나타 뉴 라이즈,LPI 스타일,,201708.0,2018,1230.0,93515.0,LPG(일반인 구입),오토,ORIGINAL,일반,2025-03-19 23:08:02.000 +09,경기,라온모터스,274다6549,1,0,2,54.6278,0.0,1,0,
39215525,현대,쏘나타 (DN8),2.0,프리미엄 패밀리,201905.0,2020,1450.0,155169.0,가솔린,오토,ORIGINAL,일반,2025-03-19 23:08:02.000 +09,서울,(주)한경자동차,12조5727,0,0,0,0.0,0.0,0,0,
39197632,현대,LF 쏘나타,2.0 스마트,(세부등급 없음),201404.0,2015,1190.0,94616.0,가솔린,오토,ORIGINAL,일반,2025-03-19 23:08:02.000 +09,경기,예스모터스,42버6287,0,0,1,0.0,0.0,0,0,
37659487,현대,LF 쏘나타,1.7 디젤 스타일,,201512.0,2016,899.0,79346.0,디젤,오토,ORIGINAL,일반,2025-03-19 23:08:02.000 +09,경기,카운셀러,31고6582,1,1,4,45.2604,333.894,1,0,
38600818,현대,쏘나타 (DN8),2.0,프리미엄,201910.0,2020,1560.0,88513.0,가솔린,오토,ORIGINAL,일반,2025-03-19 23:08:02.000 +09,인천,타워모터스,332러2773,1,0,1,45.914,0.0,1,0,
38156753,현대,쏘나타 (DN8),2.0 LPG(렌터카용),스타일,202005.0,2021,1250.0,105498.0,LPG(일반인 구입),오토,ORIGINAL,일반,2025-03-19 23:08:02.000 +09,대구,반야월단지매매,132마9885,0,0,1,0.0,0.0,1,0,
38978317,현대,LF 쏘나타,2.0 프리미엄,(세부등급 없음),201406.0,2015,1130.0,120068.0,가솔린,오토,ORIGINAL,일반,2025-03-19 23:08:02.000 +09,인천,카카오토,22머6914,1,1,4,25.183,42.393,1,0,
38943605,현대,쏘나타 하이브리드 (DN8),프리미엄,(세부등급 없음),202103.0,2021,1999.0,87872.0,가솔린+전기,오토,ORIGINAL,일반,2025-03-19 23:08:02.000 +09,경기,삼성자동차,206러7823,1,0,1,201.9636,0.0,1,0,
39080771,현대,쏘나타 뉴 라이즈,LPI 스타일,,201809.0,2019,1299.0,54639.0,LPG(일반인 구입),오토,ORIGINAL,일반,2025-03-19 23:08:02.000 +09,충남,(주)탑모터스,137누2705,0,0,4,0.0,0.0,1,0,
38560692,현대,쏘나타 (DN8),2.0,프리미엄,202003.0,2020,1870.0,44571.0,가솔린,오토,ORIGINAL,일반,2025-03-19 23:08:02.000 +09,서울,(주)하이오토,136로6975,2,1,1,166.011,129.8124,0,0,
39063103,현대,쏘나타 (DN8),2.0,프리미엄 패밀리,202001.0,2020,1850.0,73139.0,가솔린,오토,ORIGINAL,일반,2025-03-19 23:07:29.000 +09,부산,마이카,138보5423,2,0,0,414.8029,0.0,0,0,
39137658,현대,YF 쏘나타,Y20 프리미어,고급형,201001.0,2010,420.0,113499.0,가솔린,오토,ORIGINAL,일반,2025-03-19 23:07:11.000 +09,광주,드림카마켓,69조6336,3,2,4,254.4205,96.399,0,0,
39158952,현대,쏘나타 뉴 라이즈,2.0 프리미엄 스페셜,,201709.0,2018,1450.0,83096.0,가솔린,오토,ORIGINAL,일반,2025-03-19 23:07:11.000 +09,대전,(주)케이제이모터스,272다2406,2,0,4,116.082,0.0,1,0,
39109070,현대,LF 쏘나타,2.0 스타일,스페셜,201607.0,2016,950.0,111030.0,가솔린,오토,ORIGINAL,일반,2025-03-19 23:07:11.000 +09,부산,미르모터스,48노0870,1,3,1,218.348,1568.644,0,0,
39082358,현대,쏘나타 (DN8),2.0,프리미엄 패밀리,202007.0,2021,1950.0,48406.0,가솔린,오토,ORIGINAL,일반,2025-03-19 23:07:11.000 +09,인천,오토플러스(주),258러4326,2,2,1,120.3927,139.4065,0,0,
38956789,현대,쏘나타 디 엣지(DN8),1.6 터보,익스클루시브,202310.0,2024,2930.0,12079.0,가솔린,오토,ORIGINAL,일반,2025-03-19 23:07:02.000 +09,충북,(주)이조은모터스,131도7337,1,1,1,275.2767,0.0,0,0,
39258332,현대,LF 쏘나타,LPI 스마트,,201411.0,2015,590.0,174346.0,LPG(일반인 구입),오토,ORIGINAL,일반,2025-03-19 23:07:02.000 +09,대전,선영자동차,399너9217,0,0,6,0.0,0.0,1,0,
39239176,현대,쏘나타 (DN8),2.0,프리미엄,202006.0,2020,1550.0,107495.0,가솔린,오토,ORIGINAL,일반,2025-03-19 23:07:02.000 +09,강원,보배드림자동차,185보1204,1,1,1,710.6144,87.4329,1,0,
38776403,현대,쏘나타 (DN8),1.6 터보,인스퍼레이션,202001.0,2020,2299.0,42115.0,가솔린,오토,ORIGINAL,일반,2025-03-19 23:07:02.000 +09,경기,울트라모터스,366수7229,1,0,1,126.2689,0.0,0,0,
39238901,현대,쏘나타 디 엣지(DN8),1.6 터보,익스클루시브,202411.0,2025,2980.0,7672.0,가솔린,오토,ORIGINAL,일반,2025-03-19 23:07:02.000 +09,인천,오토플러스(주),242저9351,0,0,0,0.0,0.0,0,0,
39219125,현대,YF 쏘나타,LPI 프리미어(장애인용),,201202.0,2012,9999.0,196462.0,LPG(일반인 구입),오토,ORIGINAL,일반,2025-03-19 23:07:02.000 +09,경기,(주)왕카,13부9755,0,2,5,0.0,73.9028,0,0,
39221128,현대,LF 쏘나타,1.7 디젤 스타일,,201603.0,2016,770.0,163315.0,디젤,오토,ORIGINAL,일반,2025-03-19 23:07:02.000 +09,경기,(주)티엠씨모터스,62저0509,1,0,2,55.8089,0.0,0,0,
38971272,현대,쏘나타 하이브리드 (DN8),인스퍼레이션,,202006.0,2021,2250.0,97323.0,가솔린+전기,오토,ORIGINAL,일반,2025-03-19 23:07:02.000 +09,경기,벧엘자동차2,383구3700,1,0,0,129.9038,0.0,0,0,
38970013,현대,쏘나타 (DN8),2.0 LPG(렌터카용),스타일,202208.0,2022,1460.0,59210.0,LPG(일반인 구입),오토,ORIGINAL,일반,2025-03-19 23:07:02.000 +09,경기,㈜오토핸즈,172하3612,0,0,0,0.0,0.0,0,0,
38909955,현대,YF 쏘나타,LPI 탑,,201001.0,2010,590.0,50596.0,LPG(일반인 구입),오토,ORIGINAL,일반,2025-03-19 23:07:02.000 +09,경기,(주)라온자동차,46머8017,0,1,2,0.0,193.439,0,0,
38096621,현대,LF 쏘나타,2.0 스마트,(세부등급 없음),201502.0,2015,850.0,121410.0,가솔린,오토,ORIGINAL,일반,2025-03-19 23:07:02.000 +09,전북,허니카모터스,115마5146,3,0,2,229.1884,0.0,1,0,
38480961,현대,쏘나타 (DN8),2.0,인스퍼레이션,201904.0,2020,2169.0,32381.0,가솔린,오토,ORIGINAL,일반,2025-03-19 23:07:02.000 +09,서울,뉴에버모터스,42가2351,0,0,2,0.0,0.0,0,0,
38477881,현대,YF 쏘나타,Y20 프라임,블랙,201011.0,2011,350.0,185455.0,가솔린,오토,ORIGINAL,일반,2025-03-19 23:07:02.000 +09,경기,(주)차톡,58로5870,2,2,2,372.25,119.5065,0,0,
38843231,현대,쏘나타 하이브리드 (DN8),프리미엄 플러스,,202111.0,2022,2270.0,78198.0,가솔린+전기,오토,ORIGINAL,일반,2025-03-19 23:07:02.000 +09,경기,풍년자동차,365거8850,0,1,3,0.0,45.0529,0,0,
38833944,현대,LF 쏘나타,LPI 모던(장애인용),,201405.0,2015,850.0,161981.0,LPG(일반인 구입),오토,ORIGINAL,일반,2025-03-19 23:07:02.000 +09,대구,가람 모터스,37다8013,5,2,4,393.9515,333.0,0,0,
36686397,현대,쏘나타 디 엣지(DN8),1.6 터보,인스퍼레이션,202306.0,2024,9999.0,3954.0,가솔린,오토,ORIGINAL,일반,2025-03-19 23:07:02.000 +09,경기,카카오토,314거9667,0,0,0,0.0,0.0,0,0,
38541326,현대,쏘나타 (DN8),2.0,프리미엄 플러스,202108.0,2022,1830.0,17389.0,가솔린,오토,ORIGINAL,일반,2025-03-19 23:07:02.000 +09,경기,레인보우,266소2438,1,0,1,60.9969,0.0,1,0,
38517316,현대,LF 쏘나타,2.0 터보 익스클루시브,,201503.0,2015,800.0,145776.0,가솔린,오토,ORIGINAL,일반,2025-03-19 23:07:02.000 +09,경기,솔카,62주5211,4,3,7,527.1518,231.4151,0,0,
39052155,현대,쏘나타 (DN8),2.0,프리미엄,202007.0,2021,9999.0,86729.0,가솔린,오토,ORIGINAL,일반,2025-03-19 23:06:25.000 +09,부산,바른카,215서5282,0,0,1,0.0,0.0,1,0,
38618564,현대,LF 쏘나타,2.0 프리미엄,(세부등급 없음),201507.0,2016,840.0,176263.0,가솔린,오토,ORIGINAL,일반,2025-03-19 23:06:14.000 +09,경기,세븐모터스,49보1132,0,1,6,0.0,25.5713,1,0,
38983474,현대,쏘나타 뉴 라이즈,2.0 스마트 스페셜,,201902.0,2019,1190.0,54101.0,가솔린,오토,ORIGINAL,일반,2025-03-19 23:06:14.000 +09,경기,지니어스Bay,51다1958,1,2,3,345.49,308.735,0,0,
39108488,현대,쏘나타 (DN8),1.6 터보,인스퍼레이션,202207.0,2022,2630.0,56676.0,가솔린,오토,ORIGINAL,일반,2025-03-19 23:06:14.000 +09,대구,윤 모터스,153서3464,0,0,0,0.0,0.0,0,0,
39036676,현대,LF 쏘나타,2.0 스마트,(세부등급 없음),201502.0,2015,680.0,222029.0,가솔린,오토,ORIGINAL,일반,2025-03-19 23:06:14.000 +09,서울,(주) 창인자동차,47루4652,0,3,2,0.0,192.642,0,0,
38911230,현대,LF 쏘나타,2.0 스타일,(세부등급 없음),201406.0,2015,750.0,137743.0,가솔린,오토,ORIGINAL,일반,2025-03-19 23:06:14.000 +09,경기,용인오토허브,162보8646,2,1,6,289.4189,60.0658,1,0,
38720179,현대,쏘나타 더 브릴리언트,CVVL 스마트,,201304.0,2013,530.0,145055.0,가솔린,오토,ORIGINAL,일반,2025-03-19 23:06:06.000 +09,경기,민성모터스,16나6844,1,0,2,35.288,0.0,0,0,
38732477,현대,쏘나타 (DN8),2.0 LPG(렌터카용),스마트,202011.0,2021,1290.0,101607.0,LPG(일반인 구입),오토,ORIGINAL,일반,2025-03-19 23:06:06.000 +09,경기,㈜오토핸즈,182호1471,1,0,0,62.1841,0.0,0,0,
38711760,현대,쏘나타 (DN8),1.6 터보,인스퍼레이션,202111.0,2022,2390.0,33862.0,가솔린,오토,ORIGINAL,일반,2025-03-19 23:06:06.000 +09,인천,코카스모터스,226가6549,0,0,1,0.0,0.0,1,0,
39098621,현대,쏘나타 (DN8),1.6 터보,프리미엄 플러스,202201.0,2022,2390.0,54853.0,가솔린,오토,ORIGINAL,일반,2025-03-19 23:06:06.000 +09,경기,(주)카마트몰,323거4827,1,0,1,59.193,0.0,0,0,
36415639,현대,LF 쏘나타,2.0 스마트,(세부등급 없음),201502.0,2015,1050.0,91024.0,가솔린,오토,ORIGINAL,일반,2025-03-19 23:06:06.000 +09,경기,(주)유로모터스,21서2347,2,1,2,143.2248,55.7,1,0,
39066165,현대,쏘나타 (DN8),2.0 LPG(렌터카용),스타일,202111.0,2021,1570.0,55973.0,LPG(일반인 구입),오토,ORIGINAL,일반,2025-03-19 23:06:06.000 +09,경기,카운셀러,204다5128,1,0,1,108.876,0.0,1,0,
39041201,현대,쏘나타 뉴 라이즈,2.0 스마트 초이스,,201903.0,2019,1520.0,57141.0,가솔린,오토,ORIGINAL,일반,2025-03-19 23:06:06.000 +09,경기,(주)준모터스,233구3931,1,0,5,44.5743,0.0,1,0,
39068186,현대,LF 쏘나타,2.0 스마트,(세부등급 없음),201406.0,2015,1070.0,98300.0,가솔린,오토,ORIGINAL,일반,2025-03-19 23:06:06.000 +09,경기,쏘니모터스,38조9520,3,1,4,217.881,47.0,0,0,
38980315,현대,쏘나타 (DN8),2.0 LPG(렌터카용),스마트,201911.0,2020,1490.0,68998.0,LPG(일반인 구입),오토,ORIGINAL,일반,2025-03-19 23:06:06.000 +09,인천,주식회사 시우자동차2,147고8994,1,2,1,216.584,132.7252,0,0,
39214846,현대,쏘나타 (DN8),2.0,프리미엄,202004.0,2020,1700.0,102168.0,가솔린,오토,ORIGINAL,일반,2025-03-19 23:06:06.000 +09,경기,예스카,139소4139,1,0,2,110.728,0.0,1,0,
39171773,현대,쏘나타 뉴 라이즈 하이브리드,프리미엄,(세부등급 없음),201812.0,2019,1480.0,91908.0,가솔린+전기,오토,ORIGINAL,일반,2025-03-19 23:06:06.000 +09,경기,제로모터스,35두6074,1,0,1,127.348,0.0,0,0,
39089792,현대,LF 쏘나타,2.0 프리미엄,(세부등급 없음),201407.0,2015,1350.0,61632.0,가솔린,오토,ORIGINAL,일반,2025-03-19 23:06:06.000 +09,대구,(주)고려자동차,48보5983,2,3,3,211.3717,110.5889,0,0,
39200889,현대,YF 쏘나타,LPI 럭셔리,,201202.0,2012,530.0,69905.0,LPG(일반인 구입),오토,ORIGINAL,일반,2025-03-19 23:06:06.000 +09,경기,바른딜러,63누5521,2,1,3,78.788,40.959,0,0,
39172226,현대,LF 쏘나타 하이브리드,2.0 HEV,프리미엄,201503.0,2015,799.0,180630.0,가솔린+전기,오토,ORIGINAL,일반,2025-03-19 23:06:06.000 +09,경기,(주)차랑차랑,22소9518,3,1,6,323.653,71.7629,0,0,
39045429,현대,쏘나타 (DN8),2.0,프리미엄 패밀리,201911.0,2020,1770.0,76382.0,가솔린,오토,ORIGINAL,일반,2025-03-19 23:05:25.000 +09,경기,신드롬모터스,205보2870,2,1,4,187.962,92.7969,1,0,
38259111,현대,쏘나타 뉴 라이즈,2.0 스마트 스페셜,,201903.0,2019,1650.0,52528.0,가솔린,오토,ORIGINAL,일반,2025-03-19 23:05:13.000 +09,서울,엘림오토갤러리대표,18러2286,0,0,1,0.0,0.0,0,0,0.0
38996459,현대,쏘나타 뉴 라이즈,LPI 스타일,,201801.0,2018,730.0,180267.0,LPG(일반인 구입),오토,ORIGINAL,일반,2025-03-19 23:05:13.000 +09,인천,수모터스,302루3344,5,4,2,732.3204,673.7323,1,0,
39108968,현대,LF 쏘나타,2.0 스마트,(세부등급 없음),201511.0,2016,1079.0,104865.0,가솔린,오토,ORIGINAL,일반,2025-03-19 23:05:13.000 +09,충남,(주)B.K모터스,07노2745,1,1,3,111.282,2329.33,1,0,
39256094,현대,쏘나타 (DN8),2.0 LPG(렌터카용),스마트,201904.0,2020,1337.0,126929.0,LPG(일반인 구입),오토,ORIGINAL,일반,2025-03-19 23:05:03.000 +09,대전,세븐카,231다5741,2,0,4,119.8861,0.0,1,0,
38496053,현대,쏘나타 (DN8),2.0,프리미엄,201908.0,2020,1720.0,36450.0,가솔린,오토,ORIGINAL,일반,2025-03-19 23:05:02.000 +09,경기,지오모터스,60마7749,0,0,2,0.0,0.0,0,0,
38723288,현대,LF 쏘나타,2.0 케어플러스,,201703.0,2017,1330.0,79251.0,가솔린,오토,ORIGINAL,일반,2025-03-19 23:05:02.000 +09,서울,(주)오토넷글로벌,08구4701,0,0,3,0.0,0.0,0,0,
38715416,현대,쏘나타 (DN8),2.0,프리미엄 패밀리,201909.0,2020,1690.0,99203.0,가솔린,오토,ORIGINAL,일반,2025-03-19 23:05:02.000 +09,대구,한길모터스,228우9593,2,4,3,405.5639,776.6192,2,0,
39011258,현대,쏘나타 (DN8),2.0,프리미엄 플러스,202111.0,2022,2855.0,55038.0,가솔린,오토,ORIGINAL,렌트,2025-03-19 23:05:02.000 +09,서울,,166호6180,0,0,0,0.0,0.0,0,0,
38367993,현대,쏘나타 더 브릴리언트,LPI 모던(장애인용),,201301.0,2013,9999.0,91364.0,LPG(일반인 구입),오토,ORIGINAL,일반,2025-03-19 23:05:02.000 +09,경기,에쓰아이모터스,68두9019,2,0,2,54.6028,0.0,0,0,
38465405,현대,쏘나타 (DN8),1.6 터보,프리미엄 플러스,202111.0,2022,2299.0,34221.0,가솔린,오토,ORIGINAL,일반,2025-03-19 23:05:02.000 +09,충남,지에스카넷,256두5491,1,0,1,83.8177,0.0,0,0,
39215827,현대,LF 쏘나타 하이브리드,2.0 HEV,프리미엄,201506.0,2016,740.0,190327.0,가솔린+전기,오토,ORIGINAL,일반,2025-03-19 23:05:02.000 +09,인천,황소모터스,35우4674,1,1,1,86.0444,115.0,0,0,
39093451,현대,쏘나타 (DN8),1.6 터보,프리미엄,201912.0,2020,1790.0,71487.0,가솔린,오토,ORIGINAL,일반,2025-03-19 23:05:02.000 +09,경기,(주)대일자동차,346누5825,0,1,2,0.0,141.7994,1,0,
38990577,현대,쏘나타 (DN8),2.0,인스퍼레이션,202206.0,2022,2430.0,34708.0,가솔린,오토,ORIGINAL,일반,2025-03-19 23:05:02.000 +09,서울,롯데렌탈주식회사,136조6821,1,1,0,63.5083,180.223,1,0,
38803233,현대,쏘나타 (DN8),2.0 LPG,프리미엄,201911.0,2020,1990.0,52099.0,LPG(일반인 구입),오토,ORIGINAL,일반,2025-03-19 23:05:02.000 +09,경기,더케이 모터스,162로6935,3,1,1,257.9981,97.66,0,0,
38986387,현대,쏘나타 뉴 라이즈,LPI 스타일,,201803.0,2018,970.0,87317.0,LPG(일반인 구입),오토,ORIGINAL,일반,2025-03-19 23:05:02.000 +09,충남,친절한 피터팬,253모7136,4,0,2,296.1036,0.0,1,0,
39232598,현대,쏘나타 디 엣지(DN8),1.6 터보,인스퍼레이션,202309.0,2024,3190.0,18369.0,가솔린,오토,ORIGINAL,일반,2025-03-19 23:05:02.000 +09,부산,제이에이치 플러스,319조4258,1,0,0,59.0443,0.0,0,0,
39256678,현대,쏘나타 뉴 라이즈,2.0 모던,,201705.0,2018,1590.0,75338.0,가솔린,오토,ORIGINAL,일반,2025-03-19 23:05:02.000 +09,경기,제로모터스,30버6781,2,0,3,128.4729,0.0,1,0,
38711538,현대,쏘나타 (DN8),2.0 LPG(렌터카용),스타일,202303.0,2023,2299.0,16423.0,LPG(일반인 구입),오토,ORIGINAL,일반,2025-03-19 23:04:35.000 +09,경기,(주)셀렉트오토,187머1729,1,0,1,79.3958,0.0,1,0,
39012961,현대,쏘나타 디 엣지 하이브리드(DN8),프리미엄,,202401.0,2024,2899.0,8439.0,가솔린+전기,오토,ORIGINAL,일반,2025-03-19 23:04:34.000 +09,경기,(주)정모터스,224누8216,0,0,1,0.0,0.0,1,0,
38259885,현대,쏘나타 (DN8),2.0 LPG,스마트,201909.0,2020,1690.0,90291.0,LPG(일반인 구입),오토,ORIGINAL,일반,2025-03-19 23:04:17.000 +09,전북,서울모터스,115서9249,1,0,1,156.571,0.0,0,0,
39256980,현대,LF 쏘나타,LPI 스마트,,201605.0,2017,980.0,85362.0,LPG(일반인 구입),오토,ORIGINAL,일반,2025-03-19 23:04:14.000 +09,경기,스카이모터스,09무0295,1,1,2,76.1825,50.487,0,0,
38712479,현대,쏘나타 하이브리드 (DN8),프리미엄 플러스,,202109.0,2022,1989.0,44454.0,가솔린+전기,오토,ORIGINAL,일반,2025-03-19 23:04:10.000 +09,경기,(주)왕카,138다9165,0,1,1,0.0,149.6,1,0,
38998368,현대,쏘나타 (DN8),2.0,프리미엄 패밀리,201907.0,2020,1890.0,56358.0,가솔린,오토,ORIGINAL,일반,2025-03-19 23:04:10.000 +09,경기,벧엘자동차2,07소4335,2,0,3,207.2183,0.0,0,0,
39254405,현대,쏘나타 뉴 라이즈,2.0 터보 스마트,,201704.0,2018,1440.0,94758.0,가솔린,오토,ORIGINAL,일반,2025-03-19 23:04:10.000 +09,인천,JP모터스,28보4004,3,3,3,242.2072,144.4256,0,0,
38782321,현대,YF 쏘나타,LPI 프리미어(장애인용),,201009.0,2010,420.0,101871.0,LPG(일반인 구입),오토,ORIGINAL,일반,2025-03-19 23:04:10.000 +09,경기,현대모터스,58마3479,2,3,4,94.6347,312.6078,0,0,
38724013,현대,쏘나타 뉴 라이즈,2.0 스마트,,201707.0,2018,990.0,159781.0,가솔린,오토,ORIGINAL,일반,2025-03-19 23:04:10.000 +09,대구,형제종합자동차상사,336무5452,0,1,2,0.0,119.3773,1,0,
38724013,현대,쏘나타 뉴 라이즈,2.0 스마트,,201707.0,2018,990.0,159781.0,가솔린,오토,ORIGINAL,일반,2025-03-19 23:04:10.000 +09,대구,형제종합자동차상사,336무5452,0,1,3,0.0,119.3773,1,0,
38280470,현대,쏘나타 하이브리드 (DN8),프리미엄,밀레니얼,202012.0,2021,2150.0,71070.0,가솔린+전기,오토,ORIGINAL,일반,2025-03-19 23:04:10.000 +09,경기,타타모터스,130모9739,0,0,1,0.0,0.0,1,0,
39205038,현대,쏘나타 뉴 라이즈,2.0 모던,,201803.0,2018,1299.0,98306.0,가솔린,오토,ORIGINAL,일반,2025-03-19 23:04:10.000 +09,경기,코리아모터스,203가5137,3,0,3,180.9803,0.0,1,0,
35719218,현대,쏘나타 뉴 라이즈 하이브리드,모던,,201709.0,2018,1400.0,109259.0,가솔린+전기,오토,ORIGINAL,일반,2025-03-19 23:04:02.000 +09,경기,프렌즈모터스,05다7046,1,0,0,61.6383,0.0,0,0,
39192426,현대,쏘나타 (DN8),2.0 LPG(렌터카용),스마트,202103.0,2021,1450.0,123172.0,LPG(일반인 구입),오토,ORIGINAL,일반,2025-03-19 23:04:02.000 +09,경기,(주)스마트 자동차,226우7952,1,0,2,22.8149,0.0,1,0,
39065858,현대,쏘나타 뉴 라이즈 하이브리드,프리미엄,스페셜,201902.0,2019,7777.0,119485.0,가솔린+전기,오토,ORIGINAL,일반,2025-03-19 23:04:02.000 +09,경기,(주)스마트 자동차,43수5900,1,0,1,63.9556,0.0,0,0,
38025100,현대,NF 쏘나타,N20 엘레강스 스페셜,기본형,200605.0,2006,220.0,131469.0,가솔린,오토,ORIGINAL,일반,2025-03-19 23:04:02.000 +09,대전,서해모터스,26도5387,5,1,4,319.7964,85.641,1,0,
38999158,현대,쏘나타 (DN8),2.0 LPG(렌터카용),스타일,201907.0,2020,1290.0,115999.0,LPG(일반인 구입),오토,ORIGINAL,일반,2025-03-19 23:04:02.000 +09,인천,주식회사 시우자동차2,247주2510,2,0,2,114.148,0.0,1,0,
38836226,현대,쏘나타 뉴 라이즈,LPI 스타일,,201706.0,2018,780.0,195203.0,LPG(일반인 구입),오토,ORIGINAL,일반,2025-03-19 23:04:02.000 +09,경북,패밀리모터스,367수8838,0,2,7,0.0,116.796,2,0,
38850369,현대,쏘나타 하이브리드 (DN8),인스퍼레이션,,202109.0,2022,2690.0,31230.0,가솔린+전기,오토,ORIGINAL,일반,2025-03-19 23:04:02.000 +09,경기,타타모터스,255주9233,0,1,2,0.0,84.359,1,0,
39101954,현대,쏘나타 뉴 라이즈,LPI 프리미엄,,201810.0,2019,1630.0,49463.0,LPG(일반인 구입),오토,ORIGINAL,일반,2025-03-19 23:04:02.000 +09,인천,오토그린,198서5179,2,2,2,228.0667,174.015,1,0,
38069148,현대,LF 쏘나타,LPI 모던,,201609.0,2016,770.0,102225.0,LPG(일반인 구입),오토,ORIGINAL,일반,2025-03-19 23:04:02.000 +09,서울,주식회사뉴에버모터스,42도0413,3,7,2,423.6361,2895.0799,0,0,
38624025,현대,LF 쏘나타,LPI 스마트,,201605.0,2017,830.0,134348.0,LPG(일반인 구입),오토,ORIGINAL,일반,2025-03-19 23:04:02.000 +09,대구,비젼모터스,106버9200,3,3,2,124.428,324.4647,2,0,
39217054,현대,YF 쏘나타,LPI 탑,,200909.0,2010,299.0,161103.0,LPG(일반인 구입),오토,ORIGINAL,일반,2025-03-19 23:04:02.000 +09,경기,브라더샵,58구2366,2,6,3,89.4691,456.3275,0,0,
38890766,현대,NF 쏘나타 트랜스폼,LPG N20 럭셔리,,200711.0,2008,199.0,267769.0,LPG(일반인 구입),오토,ORIGINAL,일반,2025-03-19 23:03:51.000 +09,대구,비전모터스,32오5104,3,1,2,199.4768,46.246,0,0,
39130914,현대,YF 쏘나타,LPI 럭셔리,,201108.0,2012,410.0,159626.0,LPG(일반인 구입),오토,ORIGINAL,일반,2025-03-19 23:03:37.000 +09,대구,경림모터스,25오1277,9,2,3,917.208,58.1288,0,0,
38665195,현대,LF 쏘나타 하이브리드,2.0 HEV,스마트,201702.0,2017,899.0,165569.0,가솔린+전기,오토,ORIGINAL,일반,2025-03-19 23:03:33.000 +09,경기,SO모터스,28도8455,2,3,7,414.534,357.235,0,0,
38420952,현대,쏘나타 하이브리드,2.0,프리미엄,201304.0,2014,650.0,169350.0,가솔린+전기,오토,ORIGINAL,일반,2025-03-19 23:03:33.000 +09,경기,SO모터스,61러2289,3,1,3,475.3982,391.335,0,0,
38827149,현대,쏘나타 하이브리드 (DN8),인스퍼레이션,,202112.0,2021,2490.0,43448.0,가솔린+전기,오토,ORIGINAL,일반,2025-03-19 23:03:10.000 +09,대구,에이스모터스,394구5452,0,0,1,0.0,0.0,1,0,
38892945,현대,쏘나타 (DN8),2.0,프리미엄 패밀리,201906.0,2020,1699.0,28685.0,가솔린,오토,ORIGINAL,일반,2025-03-19 23:03:10.000 +09,경기,카원셀러,68나3999,1,1,1,203.4189,73.64,0,0,
39257486,현대,쏘나타 (DN8),1.6 터보,프리미엄 패밀리,202009.0,2021,1799.0,70953.0,가솔린,오토,ORIGINAL,일반,2025-03-19 23:03:10.000 +09,충남,지에스카넷,385다9768,2,1,1,530.6247,45.3019,0,0,
39227829,현대,LF 쏘나타,2.0 스타일,(세부등급 없음),201508.0,2016,560.0,210673.0,가솔린,오토,ORIGINAL,일반,2025-03-19 23:03:10.000 +09,대전,(주)VIP모터스,53가0262,3,2,6,567.5727,116.6316,0,0,
39186908,현대,쏘나타 디 엣지(DN8),2.0,익스클루시브,202306.0,2024,2550.0,34983.0,가솔린,오토,ORIGINAL,일반,2025-03-19 23:03:10.000 +09,경기,롯데렌탈주식회사,248머6623,0,0,0,0.0,0.0,1,0,
39116951,현대,쏘나타 하이브리드,2.0,모던,201304.0,2014,590.0,155105.0,가솔린+전기,오토,ORIGINAL,일반,2025-03-19 23:03:10.000 +09,경남,오토스펙,64보8169,2,3,2,359.2935,183.2905,0,0,
39112016,현대,쏘나타 (DN8),2.0 LPG(렌터카용),스타일,201910.0,2020,1499.0,83521.0,LPG(일반인 구입),오토,ORIGINAL,일반,2025-03-19 23:03:10.000 +09,부산,주식회사에이치알모터,124우8765,1,0,1,216.454,0.0,0,0,
39231907,현대,쏘나타 뉴 라이즈,2.0 스마트 스페셜,,201902.0,2019,1270.0,113661.0,가솔린,오토,ORIGINAL,일반,2025-03-19 23:03:10.000 +09,경기,(주)왕카,226더9832,1,0,1,45.7584,0.0,1,0,
39247264,현대,LF 쏘나타,2.0 스마트,(세부등급 없음),201511.0,2016,1030.0,82593.0,가솔린,오토,ORIGINAL,일반,2025-03-19 23:03:10.000 +09,경기,라온모터스,40수0436,1,1,2,87.135,170.0,0,0,
37761774,현대,쏘나타 (DN8),1.6 터보,인스퍼레이션,201911.0,2020,1750.0,117888.0,가솔린,오토,ORIGINAL,일반,2025-03-19 23:03:03.000 +09,대구,당근모터스,104거6449,1,0,6,192.6943,0.0,0,0,
37335771,현대,LF 쏘나타,2.0 스마트,(세부등급 없음),201608.0,2016,1200.0,63246.0,가솔린,오토,ORIGINAL,일반,2025-03-19 23:03:03.000 +09,광주,대오모터스,27저0692,3,1,1,180.8857,107.4796,0,0,
38641541,현대,쏘나타 하이브리드 (DN8),인스퍼레이션,,201910.0,2020,2260.0,88308.0,가솔린+전기,오토,ORIGINAL,일반,2025-03-19 23:03:03.000 +09,경기,(주)제이디모터스,317오4648,1,0,1,93.2688,0.0,0,0,
39195164,현대,쏘나타 뉴 라이즈,LPI 프리미엄,,201705.0,2018,1150.0,128832.0,LPG(일반인 구입),오토,ORIGINAL,일반,2025-03-19 23:03:03.000 +09,경기,(주)비비드카,25조9172,4,5,2,1025.4851,985.5174,0,0,
39167581,현대,쏘나타 (DN8),2.0,프리미엄 플러스,202111.0,2022,1549.0,134880.0,가솔린,오토,ORIGINAL,일반,2025-03-19 23:03:03.000 +09,서울,미소모터스,220도3251,0,0,1,0.0,0.0,1,0,
39256791,현대,쏘나타 (DN8),1.6 터보,프리미엄,202007.0,2021,1690.0,78194.0,가솔린,오토,ORIGINAL,일반,2025-03-19 23:03:03.000 +09,경기,주식회사 오토엠,129두6432,1,1,0,721.2697,17.422,0,0,
38935781,현대,쏘나타 뉴 라이즈,LPI 프리미엄,,201903.0,2019,1330.0,83180.0,LPG(일반인 구입),오토,ORIGINAL,일반,2025-03-19 23:03:03.000 +09,대구,비젼모터스,204소9049,0,0,1,0.0,0.0,1,0,
39108637,현대,쏘나타 (DN8),2.0,인스퍼레이션,202112.0,2022,1830.0,118147.0,가솔린,오토,ORIGINAL,일반,2025-03-19 23:03:03.000 +09,대구,세븐카마스터,175어9768,1,1,1,221.1115,126.9007,1,0,
39106523,현대,LF 쏘나타,2.0 스마트,(세부등급 없음),201701.0,2017,1290.0,52931.0,가솔린,오토,ORIGINAL,일반,2025-03-19 23:03:03.000 +09,서울,뉴카뱅크,41다4012,1,1,3,166.7944,198.0,0,0,
39069471,현대,쏘나타 뉴 라이즈,2.0 모던,,201707.0,2018,1260.0,70873.0,가솔린,오토,ORIGINAL,일반,2025-03-19 23:03:03.000 +09,경기,오토프라임,21라7192,6,2,9,1290.6151,276.2203,0,0,
39150368,현대,쏘나타 뉴 라이즈,2.0 스마트 초이스,,201804.0,2019,1240.0,97010.0,가솔린,오토,ORIGINAL,일반,2025-03-19 23:03:03.000 +09,경기,신원자동차매매상사,49루2166,1,1,1,313.6732,94.1017,0,0,
39117941,현대,YF 쏘나타,LPI 탑,,201009.0,2011,480.0,123581.0,LPG(일반인 구입),오토,ORIGINAL,일반,2025-03-19 23:03:03.000 +09,광주,이슬모터스,33누1045,2,5,4,472.5584,1381.3428,0,0,
39111750,현대,쏘나타 (DN8),2.0,프리미엄 플러스,202210.0,2023,1990.0,25019.0,가솔린,오토,ORIGINAL,일반,2025-03-19 23:03:03.000 +09,부산,오토플러스(주),162마6636,2,1,1,293.3654,165.0,0,0,
39101014,현대,LF 쏘나타,2.0 스마트,(세부등급 없음),201602.0,2016,1270.0,56663.0,가솔린,오토,ORIGINAL,일반,2025-03-19 23:02:38.000 +09,경기,(주)유레카,53모0581,3,2,2,353.767,136.271,0,0,
38956685,현대,쏘나타 더 브릴리언트,CVVL 스마트,,201210.0,2013,650.0,70806.0,가솔린,오토,ORIGINAL,일반,2025-03-19 23:02:38.000 +09,경기,(주)유레카,31모2366,1,0,3,101.948,0.0,0,0,
39025029,현대,LF 쏘나타,2.0 프리미엄,(세부등급 없음),201504.0,2015,1270.0,85490.0,가솔린,오토,ORIGINAL,일반,2025-03-19 23:02:38.000 +09,경기,(주)유레카,38로2159,0,1,0,0.0,44.22,0,0,
38862647,현대,LF 쏘나타,1.7 디젤 스마트,(세부등급 없음),201509.0,2016,949.0,119935.0,디젤,오토,ORIGINAL,일반,2025-03-19 23:02:36.000 +09,경기,(주)왕카,38누1744,0,1,2,0.0,210.747,0,0,
38873475,현대,쏘나타 하이브리드 (DN8),인스퍼레이션,,201909.0,2020,2200.0,104587.0,가솔린+전기,오토,ORIGINAL,일반,2025-03-19 23:02:32.000 +09,대구,서구모터스,179머8161,0,0,4,0.0,0.0,1,0,
38564858,현대,LF 쏘나타,LPI 모던(장애인용),,201405.0,2015,1160.0,111769.0,LPG(일반인 구입),오토,ORIGINAL,일반,2025-03-19 23:02:17.000 +09,부산,(주)에드카,13노7896,4,1,5,589.9007,164.4218,0,0,0.0
38420024,현대,LF 쏘나타,LPI 스마트(장애인용),,201407.0,2015,1080.0,104522.0,LPG(일반인 구입),오토,ORIGINAL,일반,2025-03-19 23:02:17.000 +09,부산,(주)에드카,20소7599,2,1,1,127.4587,33.149,0,0,0.0
37924285,현대,NF 쏘나타 트랜스폼,LPG N20 럭셔리,,200904.0,2009,350.0,88448.0,LPG(일반인 구입),오토,ORIGINAL,일반,2025-03-19 23:02:11.000 +09,경기,슈퍼맨모터스,65보4293,2,3,2,110.1597,117.1136,0,0,
38984860,현대,쏘나타 (DN8),2.0,프리미엄 패밀리,202104.0,2021,2150.0,34170.0,가솔린,오토,ORIGINAL,일반,2025-03-19 23:02:11.000 +09,경기,(주)준모터스,152보7083,0,0,4,0.0,0.0,0,0,
38834620,현대,쏘나타 뉴 라이즈,2.0 모던,,201801.0,2018,1099.0,152535.0,가솔린,오토,ORIGINAL,일반,2025-03-19 23:02:11.000 +09,경기,블루오토,156누1953,0,1,4,0.0,36.8898,1,0,
39214556,현대,쏘나타 더 브릴리언트,CVVL 스마트,,201212.0,2013,495.0,141321.0,가솔린,오토,ORIGINAL,일반,2025-03-19 23:02:11.000 +09,경남,붕붕모터스,13두4685,2,2,3,153.3734,100.4899,0,0,
38843547,현대,쏘나타 (DN8),1.6 터보,인스퍼레이션,202102.0,2021,2689.0,30023.0,가솔린,오토,ORIGINAL,일반,2025-03-19 23:02:11.000 +09,경기,(주)정모터스,292주2580,2,0,3,185.2418,0.0,1,0,
38960032,현대,쏘나타 (DN8),2.0,프리미엄 플러스,202204.0,2022,2099.0,61709.0,가솔린,오토,ORIGINAL,일반,2025-03-19 23:02:03.000 +09,서울,태광티에프,251노8327,0,0,1,0.0,0.0,0,0,
38900849,현대,LF 쏘나타,2.0 프리미엄,(세부등급 없음),201506.0,2015,1290.0,92375.0,가솔린,오토,ORIGINAL,일반,2025-03-19 23:02:03.000 +09,경기,울트라모터스,11루5548,0,0,0,0.0,0.0,0,0,
38858335,현대,쏘나타 (DN8),2.0 LPG(렌터카용),프리미엄,202212.0,2023,1993.0,28195.0,LPG(일반인 구입),오토,ORIGINAL,일반,2025-03-19 23:02:03.000 +09,광주,오토핸즈 광주직영점,180허7443,0,0,0,0.0,0.0,0,0,
38767626,현대,쏘나타 하이브리드,2.0,프리미어,201108.0,2012,695.0,79541.0,가솔린+전기,오토,ORIGINAL,일반,2025-03-19 23:02:03.000 +09,광주,팔팔모터스,135서9128,7,4,2,1103.3159,580.1889,1,0,
39160945,현대,쏘나타 하이브리드 (DN8),프리미엄 플러스,,202202.0,2022,2190.0,90637.0,가솔린+전기,오토,ORIGINAL,일반,2025-03-19 23:02:03.000 +09,부산,오토플러스(주),342구9429,0,0,1,0.0,0.0,0,0,
38972669,현대,LF 쏘나타,2.0 스타일,스페셜,201508.0,2016,780.0,102549.0,가솔린,오토,ORIGINAL,일반,2025-03-19 23:02:03.000 +09,서울,필카,62두0326,4,3,6,738.475,228.415,0,0,
39066315,현대,LF 쏘나타,2.0 터보 스마트,,201602.0,2016,1230.0,49927.0,가솔린,오토,ORIGINAL,일반,2025-03-19 23:02:03.000 +09,서울,마루자동차,30보0805,1,3,1,49.4602,213.3571,0,0,
39026665,현대,LF 쏘나타,2.0 스마트,(세부등급 없음),201501.0,2015,930.0,43110.0,가솔린,오토,ORIGINAL,일반,2025-03-19 23:02:03.000 +09,대전,서해모터스,68수2814,2,3,4,397.8044,1500.0218,1,0,
38921453,현대,쏘나타 (DN8),2.0 LPG,모던,202002.0,2020,1559.0,84688.0,LPG(일반인 구입),오토,ORIGINAL,일반,2025-03-19 23:02:03.000 +09,충남,헤이모터스,113누9110,3,1,1,369.662,292.949,0,0,
38609950,현대,LF 쏘나타 하이브리드,2.0 HEV,스마트,201502.0,2015,790.0,122482.0,가솔린+전기,오토,ORIGINAL,일반,2025-03-19 23:02:03.000 +09,인천,JP모터스,49머5167,5,1,3,534.2046,49.6767,0,0,
37543712,현대,쏘나타 (DN8),1.6 터보,인스퍼레이션,202207.0,2022,2190.0,26912.0,가솔린,오토,ORIGINAL,일반,2025-03-19 23:02:03.000 +09,대구,M월드 보광모터스,126로1248,2,1,1,873.3228,347.0167,0,0,
38586731,현대,LF 쏘나타,2.4 익스클루시브,,201405.0,2015,1030.0,117884.0,가솔린,오토,ORIGINAL,일반,2025-03-19 23:02:03.000 +09,인천,(주)케이엠모터스,25서6921,5,0,1,275.7861,0.0,0,0,
38956972,현대,쏘나타 뉴 라이즈,2.0 스마트 스페셜,,201901.0,2019,1650.0,60866.0,가솔린,오토,ORIGINAL,일반,2025-03-19 23:02:03.000 +09,충남,주)BK모터스,268조7589,1,0,1,71.8228,0.0,1,0,
38495032,현대,쏘나타 (DN8),2.0,프리미엄 밀레니얼,201910.0,2020,1679.0,94931.0,가솔린,오토,ORIGINAL,일반,2025-03-19 23:02:03.000 +09,충남,주)BK모터스,172버7123,2,2,1,131.822,199.5187,1,0,
39238580,현대,쏘나타 (DN8),2.0 LPG(렌터카용),스타일,202207.0,2022,1650.0,66187.0,LPG(일반인 구입),오토,ORIGINAL,일반,2025-03-19 23:02:03.000 +09,경기,아인모터스,251마5188,0,0,1,0.0,0.0,1,0,
39219934,현대,쏘나타 뉴 라이즈,2.0 모던,,201709.0,2018,1750.0,31489.0,가솔린,오토,ORIGINAL,일반,2025-03-19 23:01:16.000 +09,서울,피스모터스,54마9071,1,0,1,26.4786,0.0,0,0,
39150039,현대,쏘나타 (DN8),2.0 LPG(렌터카용),스마트,202011.0,2021,1588.0,90775.0,LPG(일반인 구입),오토,ORIGINAL,일반,2025-03-19 23:01:10.000 +09,인천,이레카,387다9703,1,2,1,42.8736,374.7818,1,0,
39118181,현대,쏘나타 디 엣지 하이브리드(DN8),익스클루시브,,202402.0,2024,3240.0,10404.0,가솔린+전기,오토,ORIGINAL,일반,2025-03-19 23:01:10.000 +09,경기,차투차,274너4621,0,0,1,0.0,0.0,1,0,
38904059,현대,쏘나타 (DN8),2.0,프리미엄,201908.0,2020,1630.0,54428.0,가솔린,오토,ORIGINAL,일반,2025-03-19 23:01:10.000 +09,인천,범스카,63다6038,0,0,2,0.0,0.0,0,0,
39127198,현대,쏘나타 (DN8),2.0,인스퍼레이션,202102.0,2021,7777.0,6566.0,가솔린,오토,ORIGINAL,일반,2025-03-19 23:01:10.000 +09,서울,(주)강남세종모터스,243구9412,0,0,0,0.0,0.0,0,0,
38588904,현대,쏘나타 뉴 라이즈,LPI 스타일,,201712.0,2018,1040.0,106747.0,LPG(일반인 구입),오토,ORIGINAL,일반,2025-03-19 23:01:10.000 +09,충남,천안모터스,261누6641,3,0,2,238.3542,0.0,1,0,
38990316,현대,LF 쏘나타,LPI 모던(장애인용),,201405.0,2015,1249.0,87373.0,LPG(일반인 구입),오토,ORIGINAL,일반,2025-03-19 23:01:03.000 +09,경기,에쓰아이모터스,25서6575,0,0,3,0.0,0.0,0,0,
38563084,현대,쏘나타 (DN8),1.6 터보,인스퍼레이션,202003.0,2020,2090.0,82516.0,가솔린,오토,ORIGINAL,일반,2025-03-19 23:01:03.000 +09,서울,(주)마이원카,151더6695,3,2,1,368.4778,199.513,0,0,
36468665,현대,쏘나타 (DN8),2.0,스마트,201909.0,2020,1560.0,88632.0,가솔린,오토,ORIGINAL,일반,2025-03-19 23:01:02.000 +09,경기,마니카  209호,176누3556,1,0,2,39.8239,0.0,1,0,
36525600,현대,YF 쏘나타,Y20 탑,고급형,200909.0,2010,550.0,63330.0,가솔린,오토,ORIGINAL,일반,2025-03-19 23:01:02.000 +09,대전,(주)하입카즈,14더1180,3,0,5,189.743,0.0,0,0,
38075028,현대,쏘나타 (DN8),2.0 LPG(렌터카용),스타일,201905.0,2020,1350.0,85032.0,LPG(일반인 구입),오토,ORIGINAL,일반,2025-03-19 23:01:02.000 +09,충남,(주)비케이모터스,162우6289,0,1,1,0.0,15.9999,1,0,
38916840,현대,쏘나타 (DN8),2.0 LPG(렌터카용),스타일,202110.0,2021,1299.0,54161.0,LPG(일반인 구입),오토,ORIGINAL,일반,2025-03-19 23:01:02.000 +09,대구,스마일오토모빌,270거9881,2,2,1,341.5434,74.9527,1,0,
39091137,현대,LF 쏘나타,LPI 모던,,201407.0,2015,1050.0,18969.0,LPG(일반인 구입),오토,ORIGINAL,일반,2025-03-19 23:01:02.000 +09,대전,(주)스타모터스,14노9881,2,1,0,341.6438,129.2228,0,0,
38833374,현대,쏘나타 뉴 라이즈,LPI 택시형,스타일,201709.0,2018,600.0,163679.0,LPG(일반인 구입),오토,ORIGINAL,일반,2025-03-19 23:01:02.000 +09,광주,드림카마켓,320러4339,1,0,3,144.5268,0.0,2,0,
37699523,현대,쏘나타 (DN8),2.0,프리미엄 패밀리,202003.0,2020,1840.0,51824.0,가솔린,오토,ORIGINAL,일반,2025-03-19 23:01:02.000 +09,경기,오토허브,273우4593,1,0,5,157.369,0.0,0,0,
38993000,현대,쏘나타 (DN8),2.0,프리미엄 패밀리,201911.0,2020,1680.0,91670.0,가솔린,오토,ORIGINAL,일반,2025-03-19 23:01:02.000 +09,대구,(주)고려자동차상사,143고3252,2,0,1,240.467,0.0,0,0,
38879234,현대,쏘나타 (DN8),2.0,프리미엄 플러스,202304.0,2023,2150.0,26769.0,가솔린,오토,ORIGINAL,일반,2025-03-19 23:01:02.000 +09,인천,오토플러스(주),261나2037,2,0,1,130.5669,0.0,1,0,
39258637,현대,LF 쏘나타,2.0 스마트,(세부등급 없음),201502.0,2015,750.0,161569.0,가솔린,오토,ORIGINAL,일반,2025-03-19 23:01:02.000 +09,경기,유일상사,21두2097,5,1,6,493.4709,37.3498,1,0,
39227977,현대,쏘나타 (DN8),2.0,프리미엄 플러스,202109.0,2022,2050.0,58856.0,가솔린,오토,ORIGINAL,일반,2025-03-19 23:01:02.000 +09,대구,드림모터스(주),238라2930,0,0,1,0.0,0.0,1,0,
38741823,현대,쏘나타 뉴 라이즈,2.0 모던,,201807.0,2019,1450.0,43034.0,가솔린,오토,ORIGINAL,일반,2025-03-19 23:01:02.000 +09,울산,정성자동차,05소4076,1,1,1,401.859,4.0,0,0,
39068366,현대,쏘나타 하이브리드 (DN8),프리미엄,(세부등급 없음),202101.0,2021,1990.0,67091.0,가솔린+전기,오토,ORIGINAL,일반,2025-03-19 23:01:02.000 +09,경기,타타모터스,197어9772,0,0,1,0.0,0.0,1,0,
39190254,현대,쏘나타 뉴 라이즈,LPI 스타일,,201810.0,2019,1150.0,88086.0,LPG(일반인 구입),오토,ORIGINAL,일반,2025-03-19 23:00:55.000 +09,광주,앤탑모터스,15하1367,0,0,0,0.0,0.0,0,0,
39183358,현대,쏘나타 (DN8),2.0 LPG(렌터카용),스마트,202108.0,2022,1890.0,35475.0,LPG(일반인 구입),오토,ORIGINAL,일반,2025-03-19 23:00:55.000 +09,광주,앤탑모터스,120하2050,0,0,0,0.0,0.0,0,0,
39167855,현대,LF 쏘나타,2.0 스마트,(세부등급 없음),201504.0,2015,840.0,160207.0,가솔린,오토,ORIGINAL,일반,2025-03-19 23:00:25.000 +09,경기,중고차A팀,59버5933,3,0,4,365.1648,0.0,1,0,
39192005,현대,쏘나타 하이브리드 (DN8),프리미엄,밀레니얼,202103.0,2021,2450.0,74252.0,가솔린+전기,오토,ORIGINAL,일반,2025-03-19 23:00:25.000 +09,경기,굿맨굿카,246부7520,2,1,2,232.2694,56.9606,0,0,
39235556,현대,쏘나타 (DN8),1.6 터보,프리미엄 패밀리,202005.0,2021,2120.0,23041.0,가솔린,오토,ORIGINAL,일반,2025-03-19 23:00:25.000 +09,인천,(주)제이파크,277구2914,1,0,1,169.3333,0.0,0,0,
38467459,현대,쏘나타 하이브리드,2.0,프리미어,201210.0,2012,510.0,155377.0,가솔린+전기,오토,ORIGINAL,일반,2025-03-19 23:00:25.000 +09,광주,효모터스,119주5218,4,1,3,398.3331,67.8293,1,0,
38451088,현대,YF 쏘나타,LPI 프리미어(장애인용),,201103.0,2011,370.0,150994.0,LPG(일반인 구입),오토,ORIGINAL,일반,2025-03-19 23:00:25.000 +09,광주,효모터스,19너2606,8,8,2,1070.0148,612.125,0,0,
39122189,현대,쏘나타 하이브리드 (DN8),모던,,202204.0,2022,2650.0,26347.0,가솔린+전기,오토,ORIGINAL,일반,2025-03-19 23:00:25.000 +09,서울,(주)준모터스,166수6524,0,0,1,0.0,0.0,0,0,
38884843,현대,쏘나타 디 엣지 하이브리드(DN8),프리미엄,,202410.0,2024,2640.0,1000.0,가솔린+전기,오토,ORIGINAL,렌트,2025-03-19 23:00:25.000 +09,인천,,229호4875,1,0,0,0.0,0.0,0,0,
38426874,현대,쏘나타 (DN8),2.0,인스퍼레이션,202112.0,2022,2400.0,42341.0,가솔린,오토,ORIGINAL,일반,2025-03-19 23:00:17.000 +09,인천,주식회사 투게더카,274어2227,6,3,1,442.4098,48.9769,0,0,
38800985,현대,LF 쏘나타,2.0 프리미엄,스페셜,201606.0,2017,1890.0,8645.0,가솔린,오토,ORIGINAL,일반,2025-03-19 23:00:17.000 +09,인천,뉴정우모터스,30부0512,2,0,1,132.831,0.0,0,0,
38917106,현대,YF 쏘나타,LPI 탑,,201011.0,2011,269.0,280156.0,LPG(일반인 구입),오토,ORIGINAL,일반,2025-03-19 23:00:17.000 +09,경기,브라더샵,18더7619,2,1,0,251.907,64.8181,0,0,
39110740,현대,쏘나타 하이브리드,2.0,로열,201203.0,2012,599.0,115449.0,가솔린+전기,오토,ORIGINAL,일반,2025-03-19 23:00:17.000 +09,충남,달인상사,45마8185,4,1,2,348.185,38.563,0,0,
39065174,현대,쏘나타 (DN8),2.0,프리미엄 플러스,202304.0,2023,2020.0,34905.0,가솔린,오토,ORIGINAL,일반,2025-03-19 23:00:17.000 +09,대구,엠월드-빛나는자동차,261나2095,1,0,2,425.2208,0.0,1,0,
39160227,현대,쏘나타 (DN8),2.0 LPG(장애인용),프리미엄,202001.0,2020,1670.0,121129.0,LPG(일반인 구입),오토,ORIGINAL,일반,2025-03-19 23:00:17.000 +09,대구,우정모터스,101보9329,3,1,1,271.0705,56.8664,0,0,
38909519,현대,쏘나타 (DN8),2.0 LPG(렌터카용),스마트,201912.0,2020,1340.0,90666.0,LPG(일반인 구입),오토,ORIGINAL,일반,2025-03-19 23:00:17.000 +09,경기,차투차,222저1928,0,1,1,0.0,277.017,1,0,
39251480,현대,LF 쏘나타,LPI 프리미엄,,201605.0,2016,790.0,186678.0,LPG(일반인 구입),오토,ORIGINAL,일반,2025-03-19 23:00:17.000 +09,대구,진모터스,285마8906,1,2,4,139.3379,152.0159,1,0,
39082207,현대,LF 쏘나타,2.0 스마트,스페셜,201507.0,2016,1299.0,25965.0,가솔린,오토,ORIGINAL,일반,2025-03-19 23:00:17.000 +09,대구,(주)하나카즈,11무2403,2,0,3,216.7758,0.0,0,0,
38469159,현대,쏘나타 하이브리드 (DN8),프리미엄 플러스,,202109.0,2022,2250.0,70098.0,가솔린+전기,오토,ORIGINAL,일반,2025-03-19 23:00:17.000 +09,인천,오토모티브,194누3593,1,0,2,56.5209,0.0,0,0,
37751171,현대,쏘나타 뉴 라이즈,LPI 스타일,,201707.0,2018,899.0,137069.0,LPG(일반인 구입),오토,ORIGINAL,일반,2025-03-19 23:00:17.000 +09,충남,동네사람들,101나6270,1,0,1,58.276,0.0,1,0,
37414513,현대,쏘나타 디 엣지(DN8),2.0,프리미엄,202306.0,2024,2690.0,8197.0,가솔린,오토,ORIGINAL,일반,2025-03-19 23:00:17.000 +09,경기,스피드모터스,124누3447,0,1,3,0.0,160.24,0,0,
38562687,현대,쏘나타 뉴 라이즈,LPI 모던,,201712.0,2018,830.0,167128.0,LPG(일반인 구입),오토,ORIGINAL,일반,2025-03-19 23:00:17.000 +09,경기,타이거오토몰,108부6069,4,0,2,564.7276,0.0,1,0,
38071237,현대,LF 쏘나타,2.0 스마트,스페셜,201701.0,2017,920.0,130740.0,가솔린,오토,ORIGINAL,일반,2025-03-19 23:00:16.000 +09,대전,로이오토자동차,335저6006,0,2,3,0.0,269.642,1,0,
38469201,현대,쏘나타 뉴 라이즈,2.0 프리미엄 스페셜,,201809.0,2019,1640.0,96230.0,가솔린,오토,ORIGINAL,일반,2025-03-19 23:00:16.000 +09,부산,OS모터스(주),51수2817,2,0,3,238.5062,0.0,0,0,
38391700,현대,쏘나타 (DN8),2.0,인스퍼레이션,201908.0,2020,1960.0,87370.0,가솔린,오토,ORIGINAL,일반,2025-03-19 23:00:16.000 +09,부산,OS모터스(주),22저8138,4,1,1,322.3872,152.2061,0,0,
38315775,현대,쏘나타 디 엣지(DN8),1.6 터보,익스클루시브,202405.0,2024,3130.0,4570.0,가솔린,오토,ORIGINAL,일반,2025-03-19 23:00:16.000 +09,경기,(주)카마트몰,234주8365,0,1,0,0.0,-350.0,0,0,
38847484,현대,LF 쏘나타,2.0 스마트,(세부등급 없음),201507.0,2015,980.0,148807.0,가솔린,오토,ORIGINAL,일반,2025-03-19 23:00:16.000 +09,부산,OS모터스(주),21오9006,1,0,1,33.9027,0.0,0,0,
38929477,현대,LF 쏘나타,LPI 모던(장애인용),,201405.0,2015,1140.0,120679.0,LPG(일반인 구입),오토,ORIGINAL,일반,2025-03-19 23:00:16.000 +09,부산,OS모터스(주),12라9116,2,1,4,133.9507,4.9095,0,0,
38612538,현대,LF 쏘나타,2.0 케어플러스,,201701.0,2017,1290.0,92100.0,가솔린,오토,ORIGINAL,일반,2025-03-19 23:00:16.000 +09,부산,OS모터스(주),59누7662,2,1,1,205.391,50.758,0,0,
38859038,현대,LF 쏘나타,2.0 케어플러스,,201611.0,2017,1190.0,91793.0,가솔린,오토,ORIGINAL,일반,2025-03-19 23:00:16.000 +09,부산,OS모터스(주),55라5110,2,1,1,84.1973,91.83,0,0,
38554923,현대,쏘나타 (DN8),1.6 터보,인스퍼레이션,201911.0,2020,2300.0,87696.0,가솔린,오토,ORIGINAL,일반,2025-03-19 23:00:16.000 +09,경기,(주)오토피아,288마7329,2,1,1,321.2813,85.524,0,0,
38330960,현대,쏘나타 하이브리드,2.0,로열,201107.0,2012,693.0,189078.0,가솔린+전기,오토,ORIGINAL,일반,2025-03-19 22:59:50.000 +09,충북,엑스포자동차매매단지,68구9321,6,3,6,750.0913,360.0683,0,0,
39239916,현대,NF 쏘나타 트랜스폼,LPG N20 프리미어,,200802.0,2008,390.0,98918.0,LPG(일반인 구입),오토,ORIGINAL,일반,2025-03-19 22:59:02.000 +09,부산,(주)서울모터스,69서9313,3,0,2,118.731,0.0,0,0,
39175109,현대,쏘나타 (DN8),2.0,프리미엄 패밀리,201904.0,2020,2050.0,24687.0,가솔린,오토,ORIGINAL,일반,2025-03-19 22:58:27.000 +09,경기,카메이트,223너7713,3,3,4,174.0206,715.4647,1,0,
38588874,현대,LF 쏘나타,1.6 터보 스타일,,201703.0,2017,895.0,72198.0,가솔린,오토,ORIGINAL,일반,2025-03-19 22:57:48.000 +09,부산,(주)더 뉴 서비스,10버4192,1,1,1,40.3934,39.67,0,0,
39218323,현대,쏘나타 뉴 라이즈,2.0 스타일,,201706.0,2018,1099.0,99838.0,가솔린,오토,ORIGINAL,일반,2025-03-19 22:57:47.000 +09,부산,(주)더 뉴 서비스,313라4537,1,1,2,146.8964,80.0,1,0,
39150254,현대,쏘나타 뉴 라이즈,2.0 모던,,201801.0,2018,790.0,224028.0,가솔린,오토,ORIGINAL,일반,2025-03-19 22:57:41.000 +09,경기,DH모터스,200너3601,1,0,2,105.7169,0.0,1,0,
38911315,현대,쏘나타 뉴 라이즈,LPI 스타일,,201801.0,2018,829.0,176129.0,LPG(일반인 구입),오토,ORIGINAL,일반,2025-03-19 22:57:32.000 +09,경기,양주진모터스,212도9653,1,0,1,64.652,0.0,1,0,
38602330,현대,쏘나타 (DN8),1.6 터보,인스퍼레이션,202011.0,2021,2260.0,66287.0,가솔린,오토,ORIGINAL,일반,2025-03-19 22:57:02.000 +09,인천,중원모터스,282주2578,1,1,1,172.994,166.845,0,0,
38480698,현대,NF 쏘나타 트랜스폼,LPG N20 디럭스,,200806.0,2008,290.0,96500.0,LPG(일반인 구입),수동,ORIGINAL,일반,2025-03-19 22:56:03.000 +09,대전,(주)성공모터스,41누7170,7,1,2,604.6994,49.6807,0,0,
39037256,현대,쏘나타 (DN8),1.6 터보,프리미엄,202003.0,2020,1790.0,102911.0,가솔린,오토,ORIGINAL,일반,2025-03-19 22:55:34.000 +09,대전,(주)영진모터스,262가1625,3,0,1,337.7177,0.0,0,0,
39062286,현대,쏘나타 (DN8),1.6 터보,프리미엄,201912.0,2020,1850.0,80150.0,가솔린,오토,ORIGINAL,일반,2025-03-19 22:55:34.000 +09,대전,(주)영진모터스,102노2765,2,0,3,171.5196,0.0,1,0,
39019203,현대,NF 쏘나타 트랜스폼,LPG N20 프리미어,,200901.0,2009,240.0,197119.0,LPG(일반인 구입),오토,ORIGINAL,일반,2025-03-19 22:53:29.000 +09,서울,오토리안,51모5405,1,3,1,62.479,100.7146,0,0,
39093272,현대,쏘나타 (DN8),2.0 LPG(렌터카용),스마트,202101.0,2021,1449.0,139817.0,LPG(일반인 구입),오토,ORIGINAL,일반,2025-03-19 22:53:03.000 +09,대전,(주)차차차자동차,103거5605,0,0,1,0.0,0.0,1,0,
39190578,현대,쏘나타 더 브릴리언트,CVVL 스타일,,201401.0,2014,480.0,136687.0,가솔린,오토,ORIGINAL,일반,2025-03-19 22:52:36.000 +09,광주,(주)다일모터스,53소5879,1,0,1,45.792,0.0,0,0,
38518897,현대,쏘나타 (DN8),2.0,인스퍼레이션,202107.0,2022,2260.0,81763.0,가솔린,오토,ORIGINAL,일반,2025-03-19 22:52:14.000 +09,경기,좋은,323도3043,0,0,1,0.0,0.0,1,0,
38611712,현대,LF 쏘나타,2.0 스타일,(세부등급 없음),201405.0,2015,780.0,117030.0,가솔린,오토,ORIGINAL,일반,2025-03-19 22:52:02.000 +09,대구,일번가모터스,59오5336,2,2,4,495.201,367.488,0,0,
38305659,현대,쏘나타 하이브리드 (DN8),인스퍼레이션,,201911.0,2020,2490.0,82858.0,가솔린+전기,오토,ORIGINAL,일반,2025-03-19 22:51:46.000 +09,경기,달인중고차,392소2460,1,1,2,48.346,36.0377,0,0,
38351052,현대,LF 쏘나타,2.0 스마트,(세부등급 없음),201502.0,2015,1090.0,107062.0,가솔린,오토,ORIGINAL,일반,2025-03-19 22:51:45.000 +09,경기,달인중고차,48조6442,5,3,2,393.4368,329.6408,0,0,
38150341,현대,쏘나타 뉴 라이즈,LPI 프리미엄,,201704.0,2018,890.0,184930.0,LPG(일반인 구입),오토,ORIGINAL,일반,2025-03-19 22:51:40.000 +09,경기,(주)수호모터스,10라6126,4,2,1,191.304,117.7885,0,0,
36639654,현대,LF 쏘나타,LPI 스마트,,201405.0,2015,690.0,111624.0,LPG(일반인 구입),오토,ORIGINAL,일반,2025-03-19 22:51:36.000 +09,부산,건우모터스,04너8109,0,0,2,0.0,0.0,1,0,
39231987,현대,쏘나타 디 엣지(DN8),2.0 LPG(영업용),모빌리티,202406.0,2025,2430.0,12599.0,LPG(일반인 구입),오토,ORIGINAL,일반,2025-03-19 22:51:33.000 +09,경기,퍼스트다이렉트중고차,154버7048,0,0,1,0.0,0.0,1,0,
38339535,현대,LF 쏘나타,2.0 케어플러스,,201703.0,2017,1100.0,111265.0,가솔린,오토,ORIGINAL,일반,2025-03-19 22:51:32.000 +09,대구,원민모터스,37저5321,2,0,1,348.7556,0.0,0,0,
38884627,현대,쏘나타 더 브릴리언트,LPI 스마트,,201310.0,2014,470.0,172917.0,LPG(일반인 구입),오토,ORIGINAL,일반,2025-03-19 22:51:16.000 +09,경남,굿카,38저9781,1,0,3,32.9127,0.0,1,0,
39073076,현대,쏘나타 디 엣지 하이브리드(DN8),프리미엄,,202308.0,2023,2860.0,41927.0,가솔린+전기,오토,ORIGINAL,일반,2025-03-19 22:51:09.000 +09,경남,세진모터스,399고5500,0,0,1,0.0,0.0,0,0,
38846420,현대,LF 쏘나타,2.0 스타일,(세부등급 없음),201612.0,2017,1050.0,37665.0,가솔린,오토,ORIGINAL,일반,2025-03-19 22:51:09.000 +09,경남,세진모터스,63보4639,0,0,2,0.0,0.0,0,0,
39165128,현대,쏘나타 뉴 라이즈,2.0 스마트,,201803.0,2018,1250.0,114441.0,가솔린,오토,ORIGINAL,일반,2025-03-19 22:51:09.000 +09,경남,세진모터스,335로5108,0,1,3,0.0,97.9709,1,0,
38171482,현대,쏘나타 (DN8),1.6 터보,인스퍼레이션,202001.0,2020,1990.0,64645.0,가솔린,오토,ORIGINAL,일반,2025-03-19 22:51:05.000 +09,경기,(주) 삼일 모터스,263모4717,2,1,3,357.3862,67.09,0,0,
39160272,현대,쏘나타 (DN8),2.0 LPG(렌터카용),스마트,202102.0,2021,1300.0,145515.0,LPG(일반인 구입),오토,ORIGINAL,일반,2025-03-19 22:51:05.000 +09,경기,(주)셀렉트오토,380부7506,1,1,1,54.007,101.4763,1,0,
39023523,현대,쏘나타 뉴 라이즈,2.0 스마트,,201707.0,2018,1750.0,8035.0,가솔린,오토,ORIGINAL,일반,2025-03-19 22:51:02.000 +09,서울,참사랑 상사,07다9577,0,0,1,0.0,0.0,0,0,
39006572,현대,쏘나타 (DN8),2.0 LPG(렌터카용),스마트,201905.0,2020,1690.0,87779.0,LPG(일반인 구입),오토,ORIGINAL,일반,2025-03-19 22:50:58.000 +09,전북,마이카,125라8725,0,0,3,0.0,0.0,1,0,
39040187,현대,쏘나타 (DN8),2.0 LPG(렌터카용),스타일,202103.0,2021,1650.0,69531.0,LPG(일반인 구입),오토,ORIGINAL,일반,2025-03-19 22:50:58.000 +09,전북,마이카,166조3695,1,0,1,63.683,0.0,1,0,
36756394,현대,LF 쏘나타,2.0 스타일,스페셜,201501.0,2015,840.0,130920.0,가솔린,오토,ORIGINAL,일반,2025-03-19 22:50:30.000 +09,서울,프로모터스,07소4104,2,1,6,175.6896,81.122,1,0,
32315548,현대,LF 쏘나타,LPI 스마트,,201503.0,2015,690.0,146315.0,LPG(일반인 구입),오토,ORIGINAL,일반,2025-03-19 22:50:17.000 +09,경기,현대모터스,320오5439,2,0,4,222.8507,0.0,1,0,
39165493,현대,LF 쏘나타,2.0 스타일,스페셜,201602.0,2016,690.0,76702.0,가솔린,오토,ORIGINAL,일반,2025-03-19 22:50:16.000 +09,경기,현대모터스,66오3742,2,5,4,642.9922,1205.5762,0,0,
38927589,현대,쏘나타 더 브릴리언트,LPI 스마트,,201411.0,2015,450.0,220540.0,LPG(일반인 구입),오토,ORIGINAL,일반,2025-03-19 22:49:40.000 +09,광주,가람모터스,12구5601,0,0,4,0.0,0.0,1,0,
39027852,현대,쏘나타 뉴 라이즈 하이브리드,모던,,201707.0,2018,1049.0,210981.0,가솔린+전기,오토,ORIGINAL,일반,2025-03-19 22:48:49.000 +09,서울,한마음모터스,137무9571,2,1,1,272.035,273.754,1,0,
39256683,현대,쏘나타 뉴 라이즈,2.0 모던,,201704.0,2018,1500.0,80487.0,가솔린,오토,ORIGINAL,일반,2025-03-19 22:48:43.000 +09,울산,호호모터스,06너8100,2,2,1,176.4987,230.9855,0,0,
38701274,현대,쏘나타 (DN8),2.0 LPG(렌터카용),스마트,202001.0,2020,1750.0,81266.0,LPG(일반인 구입),오토,ORIGINAL,일반,2025-03-19 22:47:43.000 +09,충북,정모터스,353나2076,4,0,1,386.2472,0.0,0,0,
39216242,현대,쏘나타 (DN8),2.0,프리미엄 패밀리,201907.0,2020,1670.0,66286.0,가솔린,오토,ORIGINAL,일반,2025-03-19 22:47:20.000 +09,부산,박준표중고차,02무3846,0,1,4,0.0,5.484,0,0,
38884500,현대,LF 쏘나타,LPI 스마트,,201409.0,2015,850.0,70688.0,LPG(일반인 구입),오토,ORIGINAL,일반,2025-03-19 22:47:20.000 +09,부산,박준표중고차,324부3483,1,0,2,66.898,0.0,1,0,
38921386,현대,쏘나타 하이브리드 (DN8),인스퍼레이션,,202110.0,2022,2230.0,98334.0,가솔린+전기,오토,ORIGINAL,일반,2025-03-19 22:47:02.000 +09,경기,(주)지오모터스,284나6180,0,0,3,0.0,0.0,1,0,
38933238,현대,쏘나타 뉴 라이즈,2.0 스마트,,201703.0,2018,1090.0,142501.0,가솔린,오토,ORIGINAL,일반,2025-03-19 22:46:56.000 +09,전북,NEW 익산모터스,250부4283,1,0,3,73.8209,0.0,1,0,
39180842,현대,쏘나타 (DN8),2.0,인스퍼레이션,201905.0,2020,1980.0,73943.0,가솔린,오토,ORIGINAL,일반,2025-03-19 22:46:00.000 +09,부산,동인상사,05누8942,2,0,0,138.1449,0.0,0,0,
36954674,현대,NF 쏘나타 트랜스폼,LPG N20 럭셔리,,200905.0,2009,390.0,128900.0,LPG(일반인 구입),오토,ORIGINAL,일반,2025-03-19 22:45:58.000 +09,전북,무지개모터스,25저8889,3,0,2,361.4596,0.0,0,0,
38103550,현대,YF 쏘나타,CVVL 프라임,,201204.0,2012,680.0,83500.0,가솔린,오토,ORIGINAL,일반,2025-03-19 22:45:56.000 +09,전북,무지개모터스,42거4630,2,2,3,51.8194,84.041,0,0,
38250944,현대,쏘나타 (DN8),2.0,프리미엄 패밀리,201910.0,2020,1990.0,80700.0,가솔린,오토,ORIGINAL,일반,2025-03-19 22:45:56.000 +09,전북,무지개모터스,176저6278,3,1,1,204.7469,42.4769,0,0,
39251873,현대,NF 쏘나타,N20 엘레강스 스페셜,고급형,200704.0,2007,250.0,215785.0,가솔린,오토,ORIGINAL,일반,2025-03-19 22:45:22.000 +09,대전,대전1번중고차오토,39모4208,3,1,2,189.1601,67.659,0,0,
39112481,현대,LF 쏘나타,2.0 스마트,(세부등급 없음),201609.0,2016,790.0,142996.0,가솔린,오토,ORIGINAL,일반,2025-03-19 22:44:43.000 +09,울산,극동모터스,107무6266,5,2,5,555.3266,394.0886,1,0,
39043427,현대,쏘나타 (DN8),2.0 LPG(렌터카용),스마트,201906.0,2020,1590.0,47448.0,LPG(일반인 구입),오토,ORIGINAL,일반,2025-03-19 22:44:11.000 +09,경기,더케이 모터스,119주1070,4,2,2,433.5284,163.6681,1,0,
39028372,현대,쏘나타 (DN8),2.0 LPG,프리미엄 패밀리,202006.0,2021,1880.0,96859.0,LPG(일반인 구입),오토,ORIGINAL,일반,2025-03-19 22:44:02.000 +09,대전,(주)청담모터스,331나7700,2,0,1,201.9503,0.0,0,0,
38437494,현대,NF 쏘나타 트랜스폼,LPG N20 럭셔리,,200901.0,2009,320.0,96499.0,LPG(일반인 구입),오토,ORIGINAL,일반,2025-03-19 22:43:59.000 +09,부산,친절한모터스,57저1365,0,1,2,0.0,49.354,0,0,
39007434,현대,YF 쏘나타,LPI 디럭스,,201112.0,2012,390.0,133041.0,LPG(일반인 구입),오토,ORIGINAL,일반,2025-03-19 22:43:37.000 +09,전북,현대모터스,50마7546,4,3,8,434.5428,141.3539,1,0,
38813365,현대,NF 쏘나타 트랜스폼,LPG N20 프리미어,,200905.0,2009,350.0,100301.0,LPG(일반인 구입),오토,ORIGINAL,일반,2025-03-19 22:42:31.000 +09,경기,명차모터스,32도3801,3,1,4,402.981,44.331,0,0,
39106005,현대,쏘나타 하이브리드 (DN8),모던,,202203.0,2022,1790.0,47074.0,가솔린+전기,오토,ORIGINAL,일반,2025-03-19 22:42:21.000 +09,경기,명차모터스,273소1649,1,1,0,800.4877,137.443,0,0,
38027148,현대,쏘나타 뉴 라이즈,1.7 디젤 스타일,,201802.0,2018,1250.0,75103.0,디젤,오토,ORIGINAL,일반,2025-03-19 22:42:15.000 +09,전북,AUTO SHOP,376모3842,0,0,2,0.0,0.0,1,0,
37956758,현대,쏘나타 뉴 라이즈,2.0 프리미엄 스페셜,,201708.0,2018,1350.0,94248.0,가솔린,오토,ORIGINAL,일반,2025-03-19 22:42:14.000 +09,전북,AUTO SHOP,139라1368,4,2,4,313.7614,154.1732,1,0,
39252070,현대,쏘나타 (DN8),2.0 LPG(렌터카용),스타일,202004.0,2020,1320.0,114000.0,LPG(일반인 구입),오토,ORIGINAL,일반,2025-03-19 22:42:13.000 +09,대전,창신모터스,212고8191,0,1,1,0.0,41.359,1,0,
39181263,현대,쏘나타 (DN8),1.6 터보,인스퍼레이션,202207.0,2022,2100.0,137160.0,가솔린,오토,ORIGINAL,일반,2025-03-19 22:42:08.000 +09,경기,달인중고차,185더7422,5,1,1,737.1799,1014.425,0,0,
39198618,현대,쏘나타 하이브리드 (DN8),프리미엄,밀레니얼,202101.0,2021,1790.0,150407.0,가솔린+전기,오토,ORIGINAL,일반,2025-03-19 22:41:55.000 +09,경기,아인모터스,268노4223,2,0,1,183.9871,0.0,0,0,
39231768,현대,쏘나타 (DN8),2.0 LPG(렌터카용),스타일,201911.0,2020,1299.0,109783.0,LPG(일반인 구입),오토,ORIGINAL,일반,2025-03-19 22:41:00.000 +09,경기,(주)왕카,226더9835,1,0,1,49.4709,0.0,1,0,
39190646,현대,쏘나타 더 브릴리언트,LPI 스마트,,201309.0,2014,570.0,133232.0,LPG(일반인 구입),오토,ORIGINAL,일반,2025-03-19 22:39:15.000 +09,부산,한진상사,65나9340,4,1,6,139.1836,40.125,2,0,
38581696,현대,쏘나타 디 엣지(DN8),2.0 LPG,프리미엄,202408.0,2024,2799.0,6611.0,LPG(일반인 구입),오토,ORIGINAL,일반,2025-03-19 22:38:52.000 +09,부산,라인모터스,214우8657,0,0,1,0.0,0.0,0,0,
39023933,현대,쏘나타 (DN8),2.0,프리미엄 패밀리,202005.0,2021,9999.0,39667.0,가솔린,오토,ORIGINAL,일반,2025-03-19 22:38:13.000 +09,대구,오토플러스(주),308어3067,0,1,1,0.0,67.145,0,0,
39254512,현대,쏘나타 디 엣지(DN8),1.6 터보,익스클루시브,202311.0,2024,3070.0,5229.0,가솔린,오토,ORIGINAL,일반,2025-03-19 22:38:13.000 +09,대구,오토플러스(주),317모8752,0,0,1,0.0,0.0,0,0,
38462921,현대,쏘나타 (DN8),2.0,프리미엄 패밀리,201911.0,2020,1850.0,66357.0,가솔린,오토,ORIGINAL,일반,2025-03-19 22:38:13.000 +09,대구,오토플러스(주),208가5032,2,0,3,187.5526,0.0,1,0,
39162251,현대,LF 쏘나타,2.0 스타일,스페셜,201701.0,2017,1220.0,90825.0,가솔린,오토,ORIGINAL,일반,2025-03-19 22:38:13.000 +09,대구,오토플러스(주),55다1376,1,0,2,56.356,0.0,0,0,
39162358,현대,쏘나타 뉴 라이즈 하이브리드,프리미엄,스페셜,201804.0,2019,1930.0,74767.0,가솔린+전기,오토,ORIGINAL,일반,2025-03-19 22:38:12.000 +09,대구,오토플러스(주),26루5370,1,0,5,120.873,0.0,0,0,
39121346,현대,쏘나타 (DN8),2.0 LPG(장애인용),프리미엄,201912.0,2020,2180.0,27665.0,LPG(일반인 구입),오토,ORIGINAL,일반,2025-03-19 22:38:05.000 +09,대구,(주)유카 대구지점,347너8404,2,0,0,86.344,0.0,0,0,
38322606,현대,쏘나타 (DN8),1.6 터보,프리미엄 플러스,202201.0,2022,9999.0,33113.0,가솔린,오토,ORIGINAL,일반,2025-03-19 22:37:21.000 +09,경기,대기상사,107소8912,1,0,1,99.8908,0.0,0,0,
38458840,현대,쏘나타 (DN8),2.0 LPG(렌터카용),스마트,202201.0,2022,1730.0,85072.0,LPG(일반인 구입),오토,ORIGINAL,일반,2025-03-19 22:37:07.000 +09,대구,성서 자동차상사,184모8816,0,2,1,0.0,107.7353,1,0,
39145528,현대,쏘나타 뉴 라이즈,LPI 프리미엄,,201804.0,2019,1430.0,131599.0,LPG(일반인 구입),오토,ORIGINAL,일반,2025-03-19 22:36:33.000 +09,부산,연제모터스,271마5760,0,0,2,0.0,0.0,1,0,
38160915,현대,LF 쏘나타,LPI 스마트,,201605.0,2017,480.0,266365.0,LPG(일반인 구입),오토,ORIGINAL,일반,2025-03-19 22:35:22.000 +09,서울,아시아모터스,256소7388,2,4,3,251.632,133.4313,2,0,
38447982,현대,쏘나타 하이브리드 (DN8),인스퍼레이션,,201909.0,2020,2049.0,125110.0,가솔린+전기,오토,ORIGINAL,일반,2025-03-19 22:35:03.000 +09,대구,sm모터스,283고7938,1,0,3,42.3639,0.0,1,0,
38280699,현대,쏘나타 뉴 라이즈,LPI 모던,,201710.0,2018,1299.0,61998.0,LPG(일반인 구입),오토,ORIGINAL,일반,2025-03-19 22:35:03.000 +09,대구,sm모터스,399버6193,4,1,1,325.3307,54.0078,1,0,
39174568,현대,LF 쏘나타,1.7 디젤 스마트,스페셜,201606.0,2017,1050.0,128299.0,디젤,오토,ORIGINAL,일반,2025-03-19 22:35:03.000 +09,대전,유화자동차,09어0814,2,2,3,242.8753,58.5383,0,0,
39035157,현대,쏘나타 하이브리드,2.0,로열,201111.0,2012,550.0,153351.0,가솔린+전기,오토,ORIGINAL,일반,2025-03-19 22:34:38.000 +09,경기,솔카,20모8087,2,1,2,93.2828,30.579,0,0,
39034663,현대,쏘나타 (DN8),2.0,프리미엄 패밀리,201904.0,2020,1815.0,47734.0,가솔린,오토,ORIGINAL,일반,2025-03-19 22:34:29.000 +09,대구,제이모터스,274더8024,3,2,2,468.7647,153.659,1,0,
38438172,현대,쏘나타 (DN8),2.0,프리미엄 밀레니얼,201906.0,2020,1840.0,75062.0,가솔린,오토,ORIGINAL,일반,2025-03-19 22:33:03.000 +09,경기,스카이모터스,237수3974,0,1,2,0.0,32.347,1,0,
38739772,현대,쏘나타 (DN8),2.0 LPG(렌터카용),스마트,201912.0,2020,1550.0,66600.0,LPG(일반인 구입),오토,ORIGINAL,일반,2025-03-19 22:32:40.000 +09,경기,홈카,159어3930,1,0,1,58.292,0.0,1,0,
38693934,현대,쏘나타 뉴 라이즈,LPI 모던,,201708.0,2018,830.0,179464.0,LPG(일반인 구입),오토,ORIGINAL,일반,2025-03-19 22:32:38.000 +09,경기,유일오토,330우7798,1,0,2,32.5999,0.0,1,0,
39019771,현대,쏘나타 (DN8),2.0,프리미엄,201911.0,2020,1780.0,74353.0,가솔린,오토,ORIGINAL,일반,2025-03-19 22:32:22.000 +09,경기,다원모터스,379나3698,1,0,3,157.3369,0.0,1,0,
38991213,현대,LF 쏘나타,2.0 스마트,(세부등급 없음),201504.0,2015,1150.0,72333.0,가솔린,오토,ORIGINAL,일반,2025-03-19 22:32:20.000 +09,대구,우정모터스,59수4755,2,0,4,122.1144,0.0,0,0,
39204483,현대,쏘나타 디 엣지(DN8),2.0 LPG,익스클루시브,202306.0,2024,2890.0,15933.0,LPG(일반인 구입),오토,ORIGINAL,일반,2025-03-19 22:32:06.000 +09,경기,(주)유카,275소4905,0,0,3,0.0,0.0,0,0,
38338691,현대,쏘나타 뉴 라이즈,LPI 모던,,201710.0,2018,1085.0,98452.0,LPG(일반인 구입),오토,ORIGINAL,일반,2025-03-19 22:32:04.000 +09,대구,오투모터스,327라2809,2,2,4,541.349,600.49,1,0,
39154325,현대,LF 쏘나타,2.0 터보 익스클루시브,,201601.0,2016,1190.0,148385.0,가솔린,오토,ORIGINAL,일반,2025-03-19 22:31:50.000 +09,부산,재경모터스,19서0555,3,2,3,789.5858,147.4025,0,0,
39121227,현대,쏘나타 하이브리드 (DN8),프리미엄,(세부등급 없음),202102.0,2021,1865.0,99436.0,가솔린+전기,오토,ORIGINAL,일반,2025-03-19 22:31:37.000 +09,광주,행운자동차,141조5921,0,1,1,0.0,58.6204,1,0,
38861090,현대,쏘나타 하이브리드 (DN8),프리미엄,(세부등급 없음),201909.0,2020,1749.0,97580.0,가솔린+전기,오토,ORIGINAL,일반,2025-03-19 22:31:37.000 +09,광주,행운자동차,119우4733,1,0,2,36.497,0.0,1,0,
39028066,현대,LF 쏘나타,2.0 스타일,(세부등급 없음),201405.0,2015,650.0,101138.0,가솔린,오토,ORIGINAL,일반,2025-03-19 22:31:15.000 +09,경기,와이엠모터스,23보3510,3,2,2,225.4316,216.5723,0,0,
37468657,현대,YF 쏘나타,LPI 프리미어,,201005.0,2010,350.0,135950.0,LPG(일반인 구입),오토,ORIGINAL,일반,2025-03-19 22:30:53.000 +09,울산,뉴에덴상사,104구1311,7,8,3,626.6184,740.0034,1,0,
39254067,현대,LF 쏘나타,2.0 케어플러스,,201706.0,2017,1130.0,112025.0,가솔린,오토,ORIGINAL,일반,2025-03-19 22:30:50.000 +09,경기,제이디모터스,28머2578,3,0,1,118.8824,0.0,0,0,
38908959,현대,쏘나타 뉴 라이즈,2.0 모던,,201704.0,2018,1299.0,147067.0,가솔린,오토,ORIGINAL,일반,2025-03-19 22:30:50.000 +09,경기,제이디모터스,54어6515,1,1,6,26.4638,31.5843,0,0,
38320742,현대,쏘나타 하이브리드 (DN8),프리미엄,패밀리,202104.0,2021,1730.0,127058.0,가솔린+전기,오토,ORIGINAL,일반,2025-03-19 22:30:45.000 +09,경기,수성자동차,106구3045,0,0,3,0.0,0.0,1,0,
38320341,현대,LF 쏘나타,2.0 프리미엄,(세부등급 없음),201412.0,2015,1120.0,94619.0,가솔린,오토,ORIGINAL,일반,2025-03-19 22:30:34.000 +09,서울,유진모터스,35우2258,2,4,2,135.662,168.302,0,0,
39035129,현대,LF 쏘나타,LPI 스마트,,201701.0,2017,900.0,130208.0,LPG(일반인 구입),오토,ORIGINAL,일반,2025-03-19 22:30:33.000 +09,서울,(주)태양모터스,106조7508,0,0,3,0.0,0.0,1,0,
38759095,현대,LF 쏘나타,2.0 케어플러스,,201612.0,2017,1250.0,87364.0,가솔린,오토,ORIGINAL,일반,2025-03-19 22:30:32.000 +09,서울,(주)태양모터스,52조0144,0,0,1,0.0,0.0,0,0,
38761369,현대,LF 쏘나타,2.0 케어플러스,,201612.0,2017,2222.0,97963.0,가솔린,오토,ORIGINAL,일반,2025-03-19 22:30:32.000 +09,서울,(주)태양모터스,52조0108,4,1,1,409.888,38.993,0,0,
38881619,현대,쏘나타 (DN8),2.0 LPG(렌터카용),스마트,201908.0,2020,1350.0,152762.0,LPG(일반인 구입),오토,ORIGINAL,일반,2025-03-19 22:30:22.000 +09,전북,거성자동차상사,226구2971,0,0,1,0.0,0.0,1,0,
38580889,현대,YF 쏘나타,Y20 프라임,블랙,201009.0,2011,420.0,105582.0,가솔린,오토,ORIGINAL,일반,2025-03-19 22:30:21.000 +09,경기,(주)정모터스,61노2938,3,2,0,386.3726,178.963,0,0,
39154646,현대,쏘나타 (DN8),2.0,프리미엄,202102.0,2021,1850.0,24664.0,가솔린,오토,ORIGINAL,일반,2025-03-19 22:30:18.000 +09,광주,모던모터스,260거3912,2,0,1,141.1717,0.0,1,0,
38936353,현대,쏘나타 (DN8),2.0,프리미엄 플러스,202206.0,2022,2099.0,27793.0,가솔린,오토,ORIGINAL,일반,2025-03-19 22:30:12.000 +09,광주,(주)명가모터스,106누7547,1,3,1,243.214,582.655,0,0,
38143725,현대,YF 쏘나타,Y20 프라임,고급형,201003.0,2010,490.0,72891.0,가솔린,오토,ORIGINAL,일반,2025-03-19 22:30:12.000 +09,부산,YB모터스,13가7081,1,2,2,124.0,162.498,0,0,
39064515,현대,쏘나타 뉴 라이즈,2.0 스마트 초이스,,201902.0,2019,1450.0,84930.0,가솔린,오토,ORIGINAL,일반,2025-03-19 22:30:12.000 +09,경기,㈜오토핸즈,19수4984,3,0,0,166.3819,0.0,0,0,
39163253,현대,쏘나타 (DN8),2.0,인스퍼레이션,202002.0,2020,2230.0,64015.0,가솔린,오토,ORIGINAL,일반,2025-03-19 22:30:03.000 +09,울산,R모터스,351서9081,1,1,3,33.4529,93.1878,0,0,
38916895,현대,쏘나타 뉴 라이즈,2.0 프리미엄 스페셜,,201703.0,2018,1650.0,74652.0,가솔린,오토,ORIGINAL,일반,2025-03-19 22:30:03.000 +09,울산,R모터스,61가4692,2,1,1,161.6848,66.882,0,0,
39211659,현대,쏘나타 뉴 라이즈,2.0 스마트 초이스,,201902.0,2019,1520.0,83697.0,가솔린,오토,ORIGINAL,일반,2025-03-19 22:29:50.000 +09,부산,(주) 드림오토카,125도4031,1,0,4,28.619,0.0,1,0,
39171642,현대,쏘나타 (DN8),2.0,스마트,201908.0,2020,1160.0,122737.0,가솔린,오토,ORIGINAL,일반,2025-03-19 22:29:43.000 +09,경기,무결점 카모터스,68너7069,4,2,3,680.8102,149.96,0,0,
38281044,현대,쏘나타 하이브리드 (DN8),인스퍼레이션,,202106.0,2022,2680.0,41880.0,가솔린+전기,오토,ORIGINAL,일반,2025-03-19 22:28:57.000 +09,광주,금상모터스,249루2566,1,0,1,70.0618,0.0,1,0,
36651769,현대,LF 쏘나타,LPI 모던(장애인용),,201407.0,2015,1270.0,76631.0,LPG(일반인 구입),오토,ORIGINAL,일반,2025-03-19 22:28:57.000 +09,광주,금상모터스,32고3798,3,1,3,399.823,44.8078,0,0,
39256967,현대,쏘나타 (DN8),2.0,인스퍼레이션,202106.0,2022,2230.0,66742.0,가솔린,오토,ORIGINAL,일반,2025-03-19 22:28:57.000 +09,광주,금상모터스,238누7562,0,1,0,0.0,106.2514,1,0,
38281085,현대,쏘나타 하이브리드 (DN8),인스퍼레이션,,202106.0,2022,2660.0,44552.0,가솔린+전기,오토,ORIGINAL,일반,2025-03-19 22:28:56.000 +09,광주,금상모터스,249루2570,0,1,1,0.0,63.9001,1,0,
38252008,현대,쏘나타 하이브리드 (DN8),인스퍼레이션,,202106.0,2022,2550.0,65080.0,가솔린+전기,오토,ORIGINAL,일반,2025-03-19 22:28:56.000 +09,광주,금상모터스,229러5364,0,0,1,0.0,0.0,1,0,
38790569,현대,쏘나타 (DN8),2.0,인스퍼레이션,202009.0,2021,2199.0,47098.0,가솔린,오토,ORIGINAL,일반,2025-03-19 22:28:56.000 +09,광주,금상모터스,255라6343,0,1,1,0.0,77.785,1,0,
38485973,현대,쏘나타 하이브리드 (DN8),프리미엄,밀레니얼,202011.0,2021,1899.0,133978.0,가솔린+전기,오토,ORIGINAL,일반,2025-03-19 22:28:56.000 +09,광주,금상모터스,165다8269,2,0,1,89.3105,0.0,1,0,
38737350,현대,쏘나타 (DN8),2.0,인스퍼레이션,202102.0,2021,2020.0,85095.0,가솔린,오토,ORIGINAL,일반,2025-03-19 22:28:55.000 +09,광주,금상모터스,270저3573,0,0,1,0.0,0.0,1,0,
37648786,현대,쏘나타 (DN8),2.0 LPG(장애인용),프리미엄,201906.0,2020,1390.0,172277.0,LPG(일반인 구입),오토,ORIGINAL,일반,2025-03-19 22:28:55.000 +09,광주,금상모터스,150버5536,2,0,1,152.2225,0.0,1,0,
38346934,현대,쏘나타 하이브리드 (DN8),인스퍼레이션,,202106.0,2022,2570.0,37447.0,가솔린+전기,오토,ORIGINAL,일반,2025-03-19 22:28:55.000 +09,광주,금상모터스,202로4390,0,0,1,0.0,0.0,1,0,
38934693,현대,쏘나타 하이브리드 (DN8),인스퍼레이션,,202004.0,2020,2199.0,98421.0,가솔린+전기,오토,ORIGINAL,일반,2025-03-19 22:28:55.000 +09,광주,금상모터스,100소3203,0,0,1,0.0,0.0,1,0,
38377456,현대,쏘나타 (DN8),2.0,프리미엄 플러스,202109.0,2022,2080.0,50918.0,가솔린,오토,ORIGINAL,일반,2025-03-19 22:28:55.000 +09,광주,금상모터스,262주5865,2,2,1,145.1762,479.662,1,0,
38516273,현대,YF 쏘나타,Y20 프라임,블랙,201008.0,2011,430.0,137869.0,가솔린,오토,ORIGINAL,일반,2025-03-19 22:28:49.000 +09,부산,신대상사,58가8478,3,2,7,212.538,115.725,0,0,
39120002,현대,쏘나타 (DN8),1.6 터보,스마트,202010.0,2021,1709.0,68240.0,가솔린,오토,ORIGINAL,일반,2025-03-19 22:28:48.000 +09,대구,홍모터스,144저7063,0,0,0,0.0,0.0,0,0,
39177114,현대,쏘나타 (DN8),2.0 LPG(렌터카용),스타일,201912.0,2020,1450.0,77233.0,LPG(일반인 구입),오토,ORIGINAL,일반,2025-03-19 22:28:33.000 +09,서울,피스모터스,359라6140,0,0,3,0.0,0.0,2,0,
39181525,현대,쏘나타 디 엣지 하이브리드(DN8),프리미엄,,202308.0,2024,2950.0,27858.0,가솔린+전기,오토,ORIGINAL,일반,2025-03-19 22:28:26.000 +09,부산,마린모터스,133어6512,0,0,1,0.0,0.0,1,0,
37571261,현대,YF 쏘나타,Y20 탑,(세부등급 없음),201108.0,2012,540.0,158000.0,가솔린,오토,ORIGINAL,일반,2025-03-19 22:28:04.000 +09,대구,탑모터스,31주5877,2,1,2,69.5718,254.802,0,0,
38718765,현대,LF 쏘나타,2.0 케어플러스,,201702.0,2017,940.0,156957.0,가솔린,오토,ORIGINAL,일반,2025-03-19 22:28:00.000 +09,부산,더 선 오토모빌,03어4315,0,0,2,0.0,0.0,0,0,
37882668,현대,쏘나타 (DN8),2.0,프리미엄 패밀리,201906.0,2020,1899.0,73812.0,가솔린,오토,ORIGINAL,일반,2025-03-19 22:27:49.000 +09,경기,더 뉴스타상사,252서4372,1,0,4,80.554,0.0,1,0,
38919321,현대,쏘나타 (DN8),1.6 터보,프리미엄 패밀리,201911.0,2020,1799.0,90818.0,가솔린,오토,ORIGINAL,일반,2025-03-19 22:27:49.000 +09,경기,더 뉴스타상사,288노5148,2,1,4,90.3889,70.0,1,0,
39254930,현대,쏘나타 뉴 라이즈,LPI 스타일,,201803.0,2018,1129.0,118789.0,LPG(일반인 구입),오토,ORIGINAL,일반,2025-03-19 22:27:34.000 +09,충남,성광상사,259노5147,1,0,2,85.5378,0.0,1,0,
36140129,현대,LF 쏘나타,2.0 케어플러스,,201706.0,2017,990.0,62015.0,가솔린,오토,ORIGINAL,일반,2025-03-19 22:27:16.000 +09,대전,코리아자동차매매상사,54가3023,1,1,1,489.507,102.934,0,0,
38983711,현대,쏘나타 뉴 라이즈,2.0 모던,,201801.0,2018,990.0,154117.0,가솔린,오토,ORIGINAL,일반,2025-03-19 22:27:09.000 +09,경기,솔카,226저2899,2,2,3,128.1536,125.7423,2,0,
38918251,현대,쏘나타 하이브리드,2.0,모던,201304.0,2014,549.0,146013.0,가솔린+전기,오토,ORIGINAL,일반,2025-03-19 22:27:09.000 +09,경기,솔카,28노8280,0,1,1,0.0,180.516,0,0,
38351002,현대,YF 쏘나타,LPI 프리미어,,201112.0,2012,350.0,174129.0,LPG(일반인 구입),오토,ORIGINAL,일반,2025-03-19 22:27:04.000 +09,서울,뉴강남자동차,35도9880,3,1,2,164.4913,70.0,0,0,
38452528,현대,쏘나타 하이브리드 (DN8),프리미엄,밀레니얼,201911.0,2020,2099.0,60630.0,가솔린+전기,오토,ORIGINAL,일반,2025-03-19 22:27:02.000 +09,경기,기운 모터스,302우6188,7,7,2,1301.975,858.68,0,0,
39100593,현대,쏘나타 (DN8),2.0,프리미엄,201907.0,2020,1810.0,75125.0,가솔린,오토,ORIGINAL,일반,2025-03-19 22:26:42.000 +09,부산,(주)하나오토,229구2296,2,3,3,182.6,174.5306,1,0,
38671008,현대,LF 쏘나타,1.6 터보 스마트,(세부등급 없음),201409.0,2015,990.0,105000.0,가솔린,오토,ORIGINAL,일반,2025-03-19 22:26:19.000 +09,전북,애플모터스,17오3090,2,2,4,115.1539,205.241,0,0,
39195562,현대,쏘나타 (DN8),2.0 LPG(장애인용),인스퍼레이션,201912.0,2020,1890.0,103633.0,LPG(일반인 구입),오토,ORIGINAL,일반,2025-03-19 22:25:45.000 +09,대구,오토플러스(주),142라3053,1,0,0,79.82,0.0,0,0,
38567306,현대,쏘나타 (DN8),2.0 LPG(렌터카용),스타일,202012.0,2021,1440.0,89360.0,LPG(일반인 구입),오토,ORIGINAL,일반,2025-03-19 22:25:20.000 +09,경기,이지모터스,205다2508,1,0,1,67.112,0.0,1,0,
38469245,현대,NF 쏘나타 트랜스폼,LPG N20 디럭스,,200801.0,2008,110.0,226519.0,LPG(일반인 구입),오토,ORIGINAL,일반,2025-03-19 22:25:14.000 +09,경기,주식회사 리본자동차,22주6645,5,4,3,333.3156,331.183,0,0,
38596655,현대,쏘나타 (DN8),2.0,스마트,201905.0,2020,1450.0,37271.0,가솔린,오토,ORIGINAL,일반,2025-03-19 22:24:46.000 +09,경기,(주)으뜸자동차,144수4901,2,1,2,262.2926,62.711,1,0,
38934503,현대,YF 쏘나타,Y20 프리미어,최고급형,201010.0,2011,320.0,168607.0,가솔린,오토,ORIGINAL,일반,2025-03-19 22:24:24.000 +09,경기,주식회사 현대상사,34더0125,4,3,3,498.4974,605.8204,1,0,
38462447,현대,NF 쏘나타 트랜스폼,LPG N20 프리미어,,200805.0,2008,250.0,187430.0,LPG(일반인 구입),오토,ORIGINAL,일반,2025-03-19 22:23:41.000 +09,대구,글로벌모터스,48라6459,4,6,6,157.7125,525.1306,0,0,
39010660,현대,쏘나타 (DN8),2.5 터보 N Line,더 블랙,202110.0,2022,2400.0,51471.0,가솔린,오토,ORIGINAL,일반,2025-03-19 22:22:55.000 +09,경기,유일상사,176오8832,0,0,2,0.0,0.0,1,0,
39201591,현대,YF 쏘나타,LPI 프리미어(장애인용),,201104.0,2011,430.0,210275.0,LPG(일반인 구입),오토,ORIGINAL,일반,2025-03-19 22:22:37.000 +09,전북,한라상사,13라6457,3,0,1,254.1657,0.0,0,0,
39122489,현대,쏘나타 (DN8),2.0,프리미엄 플러스,202201.0,2022,1830.0,48864.0,가솔린,오토,ORIGINAL,일반,2025-03-19 22:22:09.000 +09,광주,모던모터스,355오2951,2,0,1,509.2885,0.0,0,0,
39018709,현대,쏘나타 (DN8),2.0,프리미엄 패밀리,201909.0,2020,1830.0,47117.0,가솔린,오토,ORIGINAL,일반,2025-03-19 22:22:09.000 +09,광주,모던모터스,281너4344,1,1,0,315.9927,99.0,0,0,
39073884,현대,쏘나타 (DN8),2.0 LPG(렌터카용),프리미엄,202209.0,2023,1990.0,54100.0,LPG(일반인 구입),오토,ORIGINAL,일반,2025-03-19 22:22:04.000 +09,경기,주식회사 오토엠,242우8675,0,3,1,0.0,323.5141,1,0,
38606562,현대,쏘나타 (DN8),2.0,프리미엄 밀레니얼,201910.0,2020,1950.0,52868.0,가솔린,오토,ORIGINAL,일반,2025-03-19 22:22:04.000 +09,경기,주식회사 오토엠,244두7005,0,0,5,0.0,0.0,0,0,
38978150,현대,LF 쏘나타,2.0 스타일,스페셜,201602.0,2016,1130.0,81602.0,가솔린,오토,ORIGINAL,일반,2025-03-19 22:21:14.000 +09,전북,스마일모터스,07노0646,1,1,1,70.1674,41.586,0,0,
39199868,현대,쏘나타 (DN8),2.0,프리미엄,202101.0,2021,1700.0,70703.0,가솔린,오토,ORIGINAL,일반,2025-03-19 22:20:29.000 +09,경기,카메이트,128우3097,1,0,2,147.9671,0.0,1,0,
39224361,현대,YF 쏘나타,Y20 프라임,블랙,201105.0,2011,580.0,96000.0,가솔린,오토,ORIGINAL,일반,2025-03-19 22:20:28.000 +09,경기,도이치코리아 모터스,272머3936,2,2,3,69.4906,205.558,1,0,
38803527,현대,LF 쏘나타,2.0 프리미엄,(세부등급 없음),201405.0,2015,970.0,167207.0,가솔린,오토,ORIGINAL,일반,2025-03-19 22:20:04.000 +09,대구,명품모터스,23머3439,2,1,3,146.4698,261.5214,0,0,
39135498,현대,LF 쏘나타,2.0 프리미엄,(세부등급 없음),201504.0,2015,1090.0,138187.0,가솔린,오토,ORIGINAL,일반,2025-03-19 22:19:02.000 +09,울산,오토샵모터스,11노8133,5,2,1,525.712,105.887,0,0,
38999843,현대,쏘나타 하이브리드 (DN8),스마트,,202010.0,2021,1830.0,26490.0,가솔린+전기,오토,ORIGINAL,일반,2025-03-19 22:19:01.000 +09,부산,신반여상사,244무8819,2,0,1,151.6079,0.0,1,0,
38912932,현대,쏘나타 (DN8),1.6 터보,인스퍼레이션,202005.0,2021,2140.0,94312.0,가솔린,오토,ORIGINAL,일반,2025-03-19 22:18:57.000 +09,대구,원모터스,306조6701,0,1,0,0.0,22.3288,0,0,
38678848,현대,쏘나타 하이브리드,2.0,모던,201309.0,2014,590.0,147662.0,가솔린+전기,오토,ORIGINAL,일반,2025-03-19 22:18:03.000 +09,대구,일번가모터스,13누9715,2,1,4,128.4348,26.8818,0,0,
38802606,현대,LF 쏘나타,LPI 모던,,201510.0,2016,870.0,138143.0,LPG(일반인 구입),오토,ORIGINAL,일반,2025-03-19 22:18:02.000 +09,경남,(주)금오모터스,05마0211,3,3,1,409.4259,281.7783,0,0,
38794141,현대,LF 쏘나타,2.0 터보 익스클루시브,,201502.0,2015,1020.0,118026.0,가솔린,오토,ORIGINAL,일반,2025-03-19 22:17:43.000 +09,인천,신대진자동차,24두7746,1,1,3,74.447,35.6483,0,0,
38665914,현대,쏘나타 뉴 라이즈,LPI 택시형,모던,201706.0,2018,850.0,164275.0,LPG(일반인 구입),오토,ORIGINAL,일반,2025-03-19 22:17:43.000 +09,인천,신대진자동차,142두1431,1,0,2,140.3323,0.0,1,0,
39124573,현대,쏘나타 (DN8),2.0,모던,202202.0,2022,1980.0,48938.0,가솔린,오토,ORIGINAL,일반,2025-03-19 22:17:02.000 +09,서울,양상연,246소6654,1,0,2,38.595,0.0,1,0,
38432223,현대,LF 쏘나타,LPI 스마트,,201507.0,2015,570.0,195925.0,LPG(일반인 구입),오토,ORIGINAL,일반,2025-03-19 22:16:46.000 +09,대구,센터상사,132우8740,1,1,6,58.303,138.347,1,0,
38422379,현대,LF 쏘나타,LPI 스마트,,201406.0,2015,540.0,175710.0,LPG(일반인 구입),오토,ORIGINAL,일반,2025-03-19 22:16:46.000 +09,대구,센터상사,240우2891,5,2,3,785.2718,505.861,1,0,
38746903,현대,LF 쏘나타,2.0 스마트,스페셜,201602.0,2016,930.0,156598.0,가솔린,오토,ORIGINAL,일반,2025-03-19 22:16:22.000 +09,부산,제이오토,31버0506,2,2,4,167.9303,393.7689,0,0,
39178078,현대,쏘나타 하이브리드 (DN8),인스퍼레이션,,202112.0,2022,2470.0,66254.0,가솔린+전기,오토,ORIGINAL,일반,2025-03-19 22:15:59.000 +09,광주,주)카마트,190두8873,0,0,1,0.0,0.0,1,0,
38567191,현대,쏘나타 (DN8),2.0,인스퍼레이션,201905.0,2020,1530.0,121534.0,가솔린,오토,ORIGINAL,일반,2025-03-19 22:15:50.000 +09,부산,(주)비엔케이모터스,25로4128,1,1,1,31.2029,33.596,0,0,
38859976,현대,쏘나타 하이브리드 (DN8),인스퍼레이션,,202111.0,2022,2550.0,20923.0,가솔린+전기,오토,ORIGINAL,일반,2025-03-19 22:15:26.000 +09,경기,힐링모터스,299구7846,3,1,1,450.1404,123.381,0,0,
38828477,현대,쏘나타 뉴 라이즈,2.0 모던,,201705.0,2018,1470.0,71932.0,가솔린,오토,ORIGINAL,일반,2025-03-19 22:15:03.000 +09,부산,(주)차순이모터스,04부8265,2,0,6,167.0174,0.0,0,0,
39168674,현대,YF 쏘나타,LPI 프리미어(장애인용),,201111.0,2012,480.0,108525.0,LPG(일반인 구입),오토,ORIGINAL,일반,2025-03-19 22:15:03.000 +09,광주,제이케이자동차(주),40거5995,6,5,3,858.4618,187.5601,0,0,
38491973,현대,쏘나타 (DN8),1.6 터보,프리미엄,201912.0,2020,1760.0,67464.0,가솔린,오토,ORIGINAL,일반,2025-03-19 22:14:28.000 +09,부산,에이스모터스,267오9444,3,0,1,537.3588,0.0,0,0,
38278097,현대,LF 쏘나타,LPI 프리미엄,,201606.0,2017,1079.0,92330.0,LPG(일반인 구입),오토,ORIGINAL,일반,2025-03-19 22:13:38.000 +09,경기,럭키모터스,67너4104,0,1,3,0.0,61.763,1,0,
39180387,현대,쏘나타 (DN8),2.0,프리미엄,201910.0,2020,1590.0,62514.0,가솔린,오토,ORIGINAL,일반,2025-03-19 22:13:34.000 +09,부산,(주)비엔케이모터스,389머6442,2,3,5,285.491,701.359,0,0,
39158708,현대,쏘나타 하이브리드 (DN8),프리미엄,패밀리,202012.0,2021,2310.0,27065.0,가솔린+전기,오토,ORIGINAL,일반,2025-03-19 22:12:50.000 +09,경기,코오롱모빌리티그룹,167노1954,0,0,1,0.0,0.0,1,0,
38951748,현대,쏘나타 더 브릴리언트,CVVL 스마트,,201403.0,2014,630.0,110000.0,가솔린,오토,ORIGINAL,일반,2025-03-19 22:12:39.000 +09,대구,월드모터스,35저0349,3,0,7,269.3879,0.0,1,0,
38593842,현대,쏘나타 더 브릴리언트,CVVL 블루세이버,,201302.0,2013,540.0,155000.0,가솔린,오토,ORIGINAL,일반,2025-03-19 22:12:39.000 +09,대구,월드모터스,17보9744,1,0,2,30.0,0.0,0,0,
37801983,현대,LF 쏘나타,2.0 스마트,(세부등급 없음),201407.0,2015,950.0,137544.0,가솔린,오토,ORIGINAL,일반,2025-03-19 22:12:15.000 +09,울산,준파크,29보4144,0,0,5,0.0,0.0,1,0,
38981496,현대,쏘나타 뉴 라이즈,2.0 터보 익스클루시브,,201703.0,2018,1530.0,118411.0,가솔린,오토,ORIGINAL,일반,2025-03-19 22:12:07.000 +09,경남,경인모터스,13소5114,1,1,1,76.6371,135.337,0,0,
37391324,현대,LF 쏘나타,LPI 프리미엄,,201506.0,2015,1080.0,99991.0,LPG(일반인 구입),오토,ORIGINAL,일반,2025-03-19 22:12:06.000 +09,부산,명지모터스,33고6388,1,1,6,120.4969,110.8445,0,0,
38499004,현대,쏘나타 뉴 라이즈,1.6 터보 스마트,,201803.0,2018,1150.0,94217.0,가솔린,오토,ORIGINAL,일반,2025-03-19 22:12:04.000 +09,부산,(주)엠에스모터스,50소4082,0,0,4,0.0,0.0,0,0,
39225107,현대,쏘나타 하이브리드,2.0,프리미어,201106.0,2012,630.0,82177.0,가솔린+전기,오토,ORIGINAL,일반,2025-03-19 22:10:06.000 +09,대구,극동자동차상사,13나8540,2,1,2,279.69,38.265,0,0,
39246319,현대,LF 쏘나타,LPI 프리미엄,,201602.0,2016,960.0,107182.0,LPG(일반인 구입),오토,ORIGINAL,일반,2025-03-19 22:10:06.000 +09,인천,(주)타워모터스,08보0766,5,2,1,337.7887,127.787,0,0,
37063150,현대,YF 쏘나타,LPI 럭셔리,,201107.0,2012,340.0,192872.0,LPG(일반인 구입),오토,ORIGINAL,일반,2025-03-19 22:09:51.000 +09,대전,(주)수정모터스,24무2935,6,2,3,246.2783,292.383,0,0,
39003396,현대,LF 쏘나타,LPI 스마트(장애인용),,201404.0,2015,590.0,214501.0,LPG(일반인 구입),오토,ORIGINAL,일반,2025-03-19 22:09:51.000 +09,대전,(주)수정모터스,282버6903,3,1,2,284.566,147.8149,1,0,
38971601,현대,쏘나타 뉴 라이즈,LPI 모던,,201707.0,2018,1020.0,133444.0,LPG(일반인 구입),오토,ORIGINAL,일반,2025-03-19 22:09:23.000 +09,경기,스카이모터스,48로7656,1,1,2,166.965,63.3193,0,0,
38677626,현대,쏘나타 뉴 라이즈,2.0 스마트,,201707.0,2018,1330.0,65643.0,가솔린,오토,ORIGINAL,일반,2025-03-19 22:09:14.000 +09,부산,YB모터스,08조9750,3,1,1,310.6493,206.455,0,0,
39220037,현대,쏘나타 (DN8),2.0,모던,202302.0,2023,1990.0,23212.0,가솔린,오토,ORIGINAL,일반,2025-03-19 22:09:13.000 +09,서울,(주)대진자동차,197조7642,2,1,1,168.3409,231.235,0,0,
39266084,현대,쏘나타 하이브리드 (DN8),프리미엄,(세부등급 없음),202008.0,2021,1640.0,137576.0,가솔린+전기,오토,ORIGINAL,일반,2025-03-19 22:08:24.000 +09,대전,(주)청담모터스,295조2609,0,0,1,0.0,0.0,0,0,
39121720,현대,LF 쏘나타,2.0 스마트,(세부등급 없음),201405.0,2015,850.0,125980.0,가솔린,오토,ORIGINAL,일반,2025-03-19 22:08:03.000 +09,대구,메인모터스4,45소9473,7,2,9,438.2777,110.0738,0,0,
38263304,현대,LF 쏘나타,2.0 스마트,(세부등급 없음),201506.0,2015,3333.0,60321.0,가솔린,오토,ORIGINAL,일반,2025-03-19 22:06:39.000 +09,부산,힘찬모터스,01루3809,1,0,3,130.245,0.0,0,0,
37623234,현대,쏘나타 더 브릴리언트,LPI 스마트,,201302.0,2013,399.0,220000.0,LPG(일반인 구입),오토,ORIGINAL,일반,2025-03-19 22:06:38.000 +09,부산,신평상사 대표,43모0348,2,1,6,220.8768,289.2,1,0,
37211384,현대,YF 쏘나타,LPI 프리미어,,200912.0,2010,360.0,180000.0,LPG(일반인 구입),오토,ORIGINAL,일반,2025-03-19 22:06:37.000 +09,부산,신평상사 대표,33모6573,6,5,2,426.7932,109.3704,0,0,
39176594,현대,LF 쏘나타,2.0 스타일,스페셜,201612.0,2017,1250.0,62342.0,가솔린,오토,ORIGINAL,일반,2025-03-19 22:05:56.000 +09,울산,(주)자동차마을아빠상사,62서2901,1,2,1,33.82,150.7169,0,0,
39227797,현대,쏘나타 (DN8),2.0 LPG(장애인용),인스퍼레이션,202001.0,2020,2090.0,73785.0,LPG(일반인 구입),오토,ORIGINAL,일반,2025-03-19 22:05:41.000 +09,울산,울산무한자동차상사,254머7295,1,2,1,200.2009,126.0718,0,0,
39063963,현대,쏘나타 (DN8),2.0,인스퍼레이션,201906.0,2020,2130.0,68337.0,가솔린,오토,ORIGINAL,일반,2025-03-19 22:05:12.000 +09,부산,(주)하나오토,16주9619,2,1,3,187.751,53.622,0,0,
36953549,현대,쏘나타 뉴 라이즈 하이브리드,스마트,,201711.0,2018,1550.0,61930.0,가솔린+전기,오토,ORIGINAL,일반,2025-03-19 22:05:12.000 +09,부산,(주)하나오토,173저6954,0,1,4,0.0,68.7079,1,0,
38910748,현대,쏘나타 뉴 라이즈,LPI 모던,,201801.0,2018,1049.0,142678.0,LPG(일반인 구입),오토,ORIGINAL,일반,2025-03-19 22:05:04.000 +09,대구,새론모터스,109무6354,1,1,2,31.2009,52.5088,1,0,
39073841,현대,LF 쏘나타 하이브리드,2.0 HEV,프리미엄,201508.0,2016,1170.0,135850.0,가솔린+전기,오토,ORIGINAL,일반,2025-03-19 22:04:42.000 +09,부산,건우모터스,56두6894,4,9,1,489.5053,3042.344,0,0,
39171551,현대,쏘나타 (DN8),1.6 터보,프리미엄 플러스,202104.0,2022,1859.0,32761.0,가솔린,오토,ORIGINAL,일반,2025-03-19 22:04:37.000 +09,대전,제이더블유,117고3967,5,5,0,889.876,976.54,0,0,
38947165,현대,쏘나타 더 브릴리언트,LPI 프리미엄 스페셜,,201401.0,2014,595.0,132665.0,LPG(일반인 구입),오토,ORIGINAL,일반,2025-03-19 22:04:25.000 +09,대전,뉴신용자동차,32오3689,5,1,3,287.1861,257.9986,0,0,
38554777,현대,LF 쏘나타,2.0 스마트,(세부등급 없음),201405.0,2015,1265.0,19744.0,가솔린,오토,ORIGINAL,일반,2025-03-19 22:04:08.000 +09,서울,(주)서진모터스,36조8609,1,2,1,291.5153,376.6411,0,0,
37209450,현대,LF 쏘나타 하이브리드,2.0 HEV,모던,201705.0,2017,1620.0,78011.0,가솔린+전기,오토,ORIGINAL,일반,2025-03-19 22:04:08.000 +09,서울,(주)서진모터스,04저1815,0,0,2,0.0,0.0,0,0,
37199715,현대,LF 쏘나타,2.0 스마트,스페셜,201407.0,2015,1120.0,98806.0,가솔린,오토,ORIGINAL,일반,2025-03-19 22:04:07.000 +09,경남,신세계모터스,30더1243,6,2,2,493.453,336.428,1,0,
38859196,현대,쏘나타 (DN8),2.0,인스퍼레이션,201904.0,2020,1997.0,89042.0,가솔린,오토,ORIGINAL,일반,2025-03-19 22:04:04.000 +09,서울,(주)아이오토스,173가3414,1,0,5,86.5217,0.0,1,0,
39031692,현대,쏘나타 (DN8),2.0,프리미엄,201911.0,2020,1540.0,86634.0,가솔린,오토,ORIGINAL,일반,2025-03-19 22:04:04.000 +09,인천,(주)타워모터스,276노7701,0,0,1,0.0,0.0,1,0,
39179861,현대,쏘나타 (DN8),2.5 터보 N Line,인스퍼레이션,202110.0,2022,2350.0,88635.0,가솔린,오토,ORIGINAL,일반,2025-03-19 22:04:04.000 +09,경기,도이치코리아 모터스,175오4633,1,0,1,75.176,0.0,0,0,
39028657,현대,LF 쏘나타,2.0 프리미엄,(세부등급 없음),201410.0,2015,1120.0,101196.0,가솔린,오토,ORIGINAL,일반,2025-03-19 22:03:53.000 +09,경기,(주)다온모터스,61보8200,1,1,0,174.715,79.367,0,0,
39269083,현대,LF 쏘나타,2.0 스마트,(세부등급 없음),201504.0,2015,950.0,129892.0,가솔린,오토,ORIGINAL,일반,2025-03-19 22:03:53.000 +09,경기,(주)다온모터스,48모9869,2,0,1,174.7308,0.0,0,0,
38913403,현대,LF 쏘나타,2.0 스마트,(세부등급 없음),201506.0,2015,850.0,121964.0,가솔린,오토,ORIGINAL,일반,2025-03-19 22:03:53.000 +09,경기,(주)다온모터스,03소5525,2,2,4,102.1626,95.944,1,0,
39229055,현대,YF 쏘나타,LPI 프리미어(장애인용),,201206.0,2012,485.0,170415.0,LPG(일반인 구입),오토,ORIGINAL,일반,2025-03-19 22:03:51.000 +09,경남,신세계모터스,113구2233,8,3,0,666.6848,291.4051,1,0,
39116172,현대,쏘나타 더 브릴리언트,CVVL 스마트,,201308.0,2014,720.0,88500.0,가솔린,오토,ORIGINAL,일반,2025-03-19 22:03:03.000 +09,대구,대성자동차상사,59조7589,3,2,0,250.332,216.1378,0,0,
37571125,현대,YF 쏘나타,Y20 프리미어,(세부등급 없음),201103.0,2011,390.0,93837.0,가솔린,오토,ORIGINAL,일반,2025-03-19 22:02:47.000 +09,부산,온누리모터스 대표,43거1237,3,3,3,272.2316,512.3724,0,0,
39103113,현대,쏘나타 더 브릴리언트,LPI 스마트(장애인용),,201209.0,2013,399.0,242634.0,LPG(일반인 구입),오토,ORIGINAL,일반,2025-03-19 22:02:15.000 +09,대구,날개모터스,22소8792,2,2,1,163.927,282.437,0,0,
38371041,현대,쏘나타 뉴 라이즈,2.0 모던,,201705.0,2018,1399.0,117929.0,가솔린,오토,ORIGINAL,일반,2025-03-19 22:02:05.000 +09,경북,보배자동차매매상사,124라1407,3,1,3,477.8783,32.909,1,0,
37802814,현대,LF 쏘나타,2.0 스타일,스페셜,201410.0,2015,879.0,104234.0,가솔린,오토,ORIGINAL,일반,2025-03-19 22:01:55.000 +09,충남,신성자동차매매상사,54주2930,2,1,5,155.1502,85.9289,1,0,
39238791,현대,LF 쏘나타 하이브리드,2.0 HEV,프리미엄,201508.0,2016,750.0,182906.0,가솔린+전기,오토,ORIGINAL,일반,2025-03-19 22:01:09.000 +09,경기,블루오토,60러5874,5,6,1,437.0327,329.9741,0,0,
38809531,현대,쏘나타 (DN8),1.6 터보,인스퍼레이션,202002.0,2020,2050.0,115298.0,가솔린,오토,ORIGINAL,일반,2025-03-19 22:01:09.000 +09,경기,블루오토,234거2393,1,0,4,163.7409,0.0,0,0,
38503450,현대,LF 쏘나타,2.0 스마트,(세부등급 없음),201412.0,2015,1230.0,46628.0,가솔린,오토,ORIGINAL,일반,2025-03-19 22:01:05.000 +09,대전,(주)뉴하모니카,13우9456,1,3,2,46.245,198.7486,0,0,
38221922,현대,쏘나타 (DN8),2.0 LPG,스마트,201909.0,2020,1680.0,94719.0,LPG(일반인 구입),오토,ORIGINAL,일반,2025-03-19 22:01:05.000 +09,대전,(주)뉴하모니카,141나7124,0,0,1,0.0,0.0,0,0,
38702874,현대,쏘나타 (DN8),2.0 LPG(렌터카용),스마트,202105.0,2022,1550.0,131921.0,LPG(일반인 구입),오토,ORIGINAL,일반,2025-03-19 22:01:05.000 +09,대전,(주)뉴하모니카,324두2186,0,0,1,0.0,0.0,1,0,
39057715,현대,LF 쏘나타,2.0 스마트,(세부등급 없음),201408.0,2015,1230.0,39753.0,가솔린,오토,ORIGINAL,일반,2025-03-19 22:01:05.000 +09,대전,(주)뉴하모니카,40모2142,1,3,2,179.242,627.033,0,0,
38473464,현대,쏘나타 (DN8),2.0 LPG(렌터카용),스타일,202109.0,2022,1450.0,126909.0,LPG(일반인 구입),오토,ORIGINAL,일반,2025-03-19 22:01:04.000 +09,대전,(주)뉴하모니카,203로7726,1,0,1,87.6058,0.0,1,0,
39073804,현대,쏘나타 (DN8),2.0 LPG(렌터카용),스마트,201910.0,2020,1890.0,38223.0,LPG(일반인 구입),오토,ORIGINAL,일반,2025-03-19 22:01:04.000 +09,대전,(주)뉴하모니카,181저6190,1,0,1,123.5639,0.0,0,0,
39034667,현대,LF 쏘나타,2.0 스마트,스페셜,201511.0,2016,830.0,187989.0,가솔린,오토,ORIGINAL,일반,2025-03-19 22:01:04.000 +09,대구,메인모터스,107모8842,2,1,8,235.032,201.1165,1,0,
39119338,현대,LF 쏘나타,LPI 모던(장애인용),,201601.0,2016,880.0,229267.0,LPG(일반인 구입),오토,ORIGINAL,일반,2025-03-19 22:01:04.000 +09,대구,메인모터스,06저0861,2,1,1,306.286,376.504,0,0,
39129874,현대,쏘나타 뉴 라이즈,LPI 스타일,,201705.0,2018,1050.0,113643.0,LPG(일반인 구입),오토,ORIGINAL,일반,2025-03-19 22:00:22.000 +09,부산,미르모터스,362어5546,1,0,3,53.3749,0.0,1,0,
39066695,현대,쏘나타 뉴 라이즈,LPI 택시형,모던,202104.0,2021,1450.0,41222.0,LPG(일반인 구입),오토,ORIGINAL,일반,2025-03-19 22:00:21.000 +09,부산,미르모터스,319다4067,0,0,2,0.0,0.0,1,0,
39261153,현대,쏘나타 (DN8),2.0 LPG,인스퍼레이션,202107.0,2022,2750.0,13093.0,LPG(일반인 구입),오토,ORIGINAL,일반,2025-03-19 22:00:15.000 +09,대구,제일모터스,384누1798,2,0,0,219.9879,0.0,0,0,
38962081,현대,쏘나타 (DN8),2.0,프리미엄,202004.0,2020,1320.0,115312.0,가솔린,오토,ORIGINAL,일반,2025-03-19 21:59:45.000 +09,경북,경산종합자동차상사,313수5623,13,11,4,1844.2276,1343.6799,1,0,
39257638,현대,쏘나타 (DN8),2.0,프리미엄 패밀리,201908.0,2020,1670.0,104792.0,가솔린,오토,ORIGINAL,일반,2025-03-19 21:59:30.000 +09,경기,울트라모터스,12거6241,1,0,2,90.2108,0.0,0,0,
39223040,현대,쏘나타 하이브리드 (DN8),스마트,,202101.0,2021,1539.0,83049.0,가솔린+전기,오토,ORIGINAL,일반,2025-03-19 21:59:03.000 +09,경기,카오션,160하4110,2,1,0,145.1434,32.9889,0,0,
39159035,현대,쏘나타 (DN8),2.0,프리미엄,202004.0,2020,30.0,105236.0,가솔린,오토,ORIGINAL,리스,2025-03-19 21:58:51.000 +09,경기,퍼스트다이렉트중고차,150하5846,0,0,0,0.0,0.0,0,0,
38874214,현대,LF 쏘나타 하이브리드,2.0 HEV,프리미엄,201511.0,2016,1299.0,99197.0,가솔린+전기,오토,ORIGINAL,일반,2025-03-19 21:58:45.000 +09,부산,(주)우진오토모빌,58마0736,0,0,3,0.0,0.0,0,0,
38913406,현대,LF 쏘나타,LPI 모던,,201410.0,2015,870.0,93896.0,LPG(일반인 구입),오토,ORIGINAL,일반,2025-03-19 21:57:31.000 +09,대구,KD모터스,56부4056,2,3,2,58.845,426.967,0,0,
39050264,현대,LF 쏘나타,LPI 프리미엄 스페셜,,201408.0,2015,900.0,99221.0,LPG(일반인 구입),오토,ORIGINAL,일반,2025-03-19 21:57:27.000 +09,경기,준모터스,31거8718,3,0,5,191.6339,0.0,1,0,
39088433,현대,쏘나타 (DN8),2.0,프리미엄,202002.0,2020,1650.0,36749.0,가솔린,오토,ORIGINAL,일반,2025-03-19 21:57:26.000 +09,경기,준모터스,336머9651,1,2,0,462.1481,165.1609,0,0,
38965271,현대,쏘나타 (DN8),2.0 LPG(장애인용),인스퍼레이션,201908.0,2020,2250.0,32907.0,LPG(일반인 구입),오토,ORIGINAL,일반,2025-03-19 21:57:26.000 +09,경기,준모터스,59라4767,0,1,0,0.0,54.2998,0,0,
39151232,현대,YF 쏘나타,Y20 탑,최고급형,200910.0,2010,475.0,85602.0,가솔린,오토,ORIGINAL,일반,2025-03-19 21:56:36.000 +09,부산,도야모터스,13도4600,2,1,3,88.221,31.32,0,0,
38366030,현대,쏘나타 (DN8),2.0 LPG(렌터카용),스타일,201906.0,2020,1299.0,134800.0,LPG(일반인 구입),오토,ORIGINAL,일반,2025-03-19 21:56:22.000 +09,부산,일성모터스,241버1319,0,0,2,0.0,0.0,1,0,
39045296,현대,쏘나타 하이브리드 (DN8),프리미엄 플러스,,202303.0,2023,2800.0,25000.0,가솔린+전기,오토,ORIGINAL,일반,2025-03-19 21:56:03.000 +09,부산,대일모터스,165저2184,0,0,1,0.0,0.0,0,0,
38862175,현대,쏘나타 (DN8),2.0 LPG(렌터카용),스마트,202008.0,2021,1699.0,58171.0,LPG(일반인 구입),오토,ORIGINAL,일반,2025-03-19 21:56:02.000 +09,대전,금성자동차,199주1936,1,0,1,47.81,0.0,1,0,
39197586,현대,쏘나타 하이브리드 (DN8),프리미엄 플러스,,202207.0,2022,2550.0,19344.0,가솔린+전기,오토,ORIGINAL,일반,2025-03-19 21:55:56.000 +09,경북,신안동EV친환경모터,180로2067,0,1,2,0.0,63.706,0,0,
39246884,현대,쏘나타 뉴 라이즈,2.0 모던,,201708.0,2018,1650.0,25267.0,가솔린,오토,ORIGINAL,일반,2025-03-19 21:55:51.000 +09,부산,(주)진이오토,37두2658,1,0,0,185.6703,0.0,0,0,
39162104,현대,LF 쏘나타,LPI 스마트,,201608.0,2017,980.0,100407.0,LPG(일반인 구입),오토,ORIGINAL,일반,2025-03-19 21:55:46.000 +09,경남,신화모터스,182로3673,2,0,4,144.4608,0.0,1,0,
38791550,현대,쏘나타 (DN8),1.6 터보,인스퍼레이션,202002.0,2020,2630.0,19057.0,가솔린,오토,ORIGINAL,일반,2025-03-19 21:55:39.000 +09,전북,SK모터스,351소1664,0,0,1,0.0,0.0,0,0,
38209054,현대,LF 쏘나타 하이브리드,2.0 HEV,모던,201501.0,2015,1150.0,111810.0,가솔린+전기,오토,ORIGINAL,일반,2025-03-19 21:53:15.000 +09,경기,카메이트,16루2250,1,1,1,100.5098,101.2478,0,0,
38891859,현대,LF 쏘나타,LPI 프리미엄,,201509.0,2016,1100.0,101043.0,LPG(일반인 구입),오토,ORIGINAL,일반,2025-03-19 21:53:13.000 +09,전북,카몬 전주점,15루0890,0,1,1,0.0,44.7788,0,0,0.0
39048379,현대,LF 쏘나타,2.0 케어플러스,,201706.0,2017,1390.0,66687.0,가솔린,오토,ORIGINAL,일반,2025-03-19 21:52:30.000 +09,부산,(주)에코모터스,65소7907,2,0,3,105.5039,0.0,0,0,
39255475,현대,YF 쏘나타,LPI 탑,,201101.0,2011,480.0,134678.0,LPG(일반인 구입),오토,ORIGINAL,일반,2025-03-19 21:52:08.000 +09,대구,합천모터스,45마4383,1,0,1,140.4696,0.0,0,0,
38679944,현대,쏘나타 (DN8),2.0,프리미엄,201911.0,2020,1599.0,71933.0,가솔린,오토,ORIGINAL,일반,2025-03-19 21:52:05.000 +09,경기,(주)엠모터스,152보6282,1,1,2,59.721,52.715,0,0,
39113968,현대,쏘나타 디 엣지(DN8),1.6 터보,익스클루시브,202405.0,2024,2970.0,29686.0,가솔린,오토,ORIGINAL,일반,2025-03-19 21:51:33.000 +09,경기,(주)리더카,212부1195,0,0,0,0.0,0.0,0,0,
39265410,현대,쏘나타 하이브리드 (DN8),프리미엄,패밀리,202103.0,2021,2350.0,37389.0,가솔린+전기,오토,ORIGINAL,일반,2025-03-19 21:51:21.000 +09,서울,주식회사 알차,176버9478,1,1,4,96.4039,64.9828,1,0,
37875262,현대,쏘나타 (DN8),2.0 LPG(렌터카용),스타일,201904.0,2020,1350.0,118872.0,LPG(일반인 구입),오토,ORIGINAL,일반,2025-03-19 21:51:10.000 +09,경남,조일상사,197보7063,1,0,1,150.24,0.0,1,0,
39002787,현대,LF 쏘나타,1.7 디젤 스마트,(세부등급 없음),201606.0,2017,870.0,119645.0,디젤,오토,ORIGINAL,일반,2025-03-19 21:51:10.000 +09,경남,조일상사,15우2046,0,3,3,0.0,336.399,1,0,
39105914,현대,쏘나타 (DN8),2.0,프리미엄 플러스,202211.0,2023,2140.0,27536.0,가솔린,오토,ORIGINAL,일반,2025-03-19 21:50:45.000 +09,울산,헤이오토,279마8963,1,1,1,273.5959,208.6611,0,0,
39214756,현대,LF 쏘나타,2.0 터보 익스클루시브,,201510.0,2016,1260.0,118412.0,가솔린,오토,ORIGINAL,일반,2025-03-19 21:50:14.000 +09,부산,도성모터스,115거6511,3,1,4,229.7341,74.8488,1,0,
38594653,현대,LF 쏘나타 하이브리드,2.0 HEV,모던,201501.0,2015,970.0,96006.0,가솔린+전기,오토,ORIGINAL,일반,2025-03-19 21:50:14.000 +09,부산,도성모터스,60라8216,2,0,0,330.4258,0.0,0,0,
39063010,현대,쏘나타 뉴 라이즈,2.0 스마트,,201703.0,2018,1330.0,64932.0,가솔린,오토,ORIGINAL,일반,2025-03-19 21:50:14.000 +09,부산,도성모터스,10마7184,4,1,0,232.4097,201.853,0,0,
38533365,현대,LF 쏘나타,LPI 모던,,201405.0,2015,800.0,126592.0,LPG(일반인 구입),오토,ORIGINAL,일반,2025-03-19 21:49:32.000 +09,전북,선화모터스,31거2046,1,2,3,77.0078,420.9105,1,0,
37966026,현대,쏘나타 하이브리드,2.0,로열,201205.0,2012,670.0,106839.0,가솔린+전기,오토,ORIGINAL,일반,2025-03-19 21:49:11.000 +09,충남,국민자동차,57서6315,1,1,1,136.705,333.26,0,0,
39204169,현대,LF 쏘나타,2.0 스타일,(세부등급 없음),201502.0,2015,920.0,103381.0,가솔린,오토,ORIGINAL,일반,2025-03-19 21:49:02.000 +09,충남,가나상사,48우2996,1,1,2,45.7248,130.657,0,0,
39150343,현대,LF 쏘나타,2.0 스마트,(세부등급 없음),201412.0,2015,850.0,147780.0,가솔린,오토,ORIGINAL,일반,2025-03-19 21:49:02.000 +09,충남,가나상사,60두3462,1,1,3,83.6351,83.7959,0,0,
39204199,현대,LF 쏘나타,2.0 스마트,(세부등급 없음),201603.0,2016,1000.0,99153.0,가솔린,오토,ORIGINAL,일반,2025-03-19 21:49:02.000 +09,충남,가나상사,30도0767,3,1,2,318.0226,52.2585,0,0,
39250811,현대,YF 쏘나타,LPI 디럭스,,201005.0,2010,360.0,130514.0,LPG(일반인 구입),오토,ORIGINAL,일반,2025-03-19 21:49:02.000 +09,충남,가나상사,15라9949,0,2,2,0.0,172.6915,0,0,
37123167,현대,LF 쏘나타,2.0 스마트,(세부등급 없음),201609.0,2017,1350.0,42178.0,가솔린,오토,ORIGINAL,일반,2025-03-19 21:48:55.000 +09,경기,차오름모터스,43모0329,4,1,2,242.1062,262.818,0,0,
39232580,현대,쏘나타 (DN8),2.0 LPG(렌터카용),스마트,201907.0,2020,1230.0,142970.0,LPG(일반인 구입),오토,ORIGINAL,일반,2025-03-19 21:48:25.000 +09,서울,(주)아시아모터스,202구6343,1,0,1,30.632,0.0,1,0,
38918678,현대,쏘나타 (DN8),2.0,스마트,202009.0,2021,1700.0,41643.0,가솔린,오토,ORIGINAL,일반,2025-03-19 21:47:10.000 +09,경기,스카이모터스,209조4312,0,0,3,0.0,0.0,1,0,
38653953,현대,쏘나타 하이브리드 (DN8),인스퍼레이션,,201909.0,2020,1980.0,104290.0,가솔린+전기,오토,ORIGINAL,일반,2025-03-19 21:47:04.000 +09,경기,(주)모던카,250누9014,3,0,3,381.8024,0.0,2,0,
38606592,현대,LF 쏘나타,LPI 스마트,,201606.0,2016,700.0,98708.0,LPG(일반인 구입),오토,ORIGINAL,일반,2025-03-19 21:47:03.000 +09,경기,(주)모던카,344모3825,3,1,3,636.7986,39.8658,1,0,
39171289,현대,쏘나타 하이브리드 (DN8),프리미엄,(세부등급 없음),202101.0,2021,1560.0,120236.0,가솔린+전기,오토,ORIGINAL,일반,2025-03-19 21:47:02.000 +09,대전,(주)강철,333다1568,3,0,3,20.0,0.0,1,0,
39017906,현대,LF 쏘나타,2.0 스마트,(세부등급 없음),201405.0,2015,1170.0,53381.0,가솔린,오토,ORIGINAL,일반,2025-03-19 21:46:50.000 +09,울산,뉴스카이모터스,59조2187,2,1,1,92.112,41.231,0,0,
39192348,현대,쏘나타 (DN8),1.6 터보,인스퍼레이션,202110.0,2022,2490.0,55621.0,가솔린,오토,ORIGINAL,일반,2025-03-19 21:46:31.000 +09,경기,스카이모터스,112부1220,3,0,3,178.2863,0.0,0,0,
37647976,현대,YF 쏘나타,Y20 프리미어,(세부등급 없음),201106.0,2011,430.0,176374.0,가솔린,오토,ORIGINAL,일반,2025-03-19 21:45:59.000 +09,충북,아슬란모터스,59다9423,3,9,1,242.63,539.6816,0,0,
39245124,현대,쏘나타 하이브리드 (DN8),프리미엄 플러스,,202110.0,2022,2290.0,22872.0,가솔린+전기,오토,ORIGINAL,일반,2025-03-19 21:45:56.000 +09,광주,우리모터스,323모1423,0,0,1,0.0,0.0,1,0,
39270784,현대,쏘나타 하이브리드 (DN8),스마트,,201911.0,2020,1440.0,138330.0,가솔린+전기,오토,ORIGINAL,일반,2025-03-19 21:45:32.000 +09,충남,프로모터스,159구4740,3,0,3,218.1107,0.0,0,0,
39231551,현대,쏘나타 뉴 라이즈,2.0 모던,,201708.0,2018,1490.0,100329.0,가솔린,오토,ORIGINAL,일반,2025-03-19 21:45:15.000 +09,충북,태경모터스,07누3398,1,1,1,127.0938,67.5421,0,0,
38372715,현대,YF 쏘나타,CVVL 프라임,,201206.0,2012,440.0,128753.0,가솔린,오토,ORIGINAL,일반,2025-03-19 21:45:03.000 +09,대구,랩스(REBS),24저7348,12,8,2,1256.1048,1276.6711,0,0,
39005570,현대,LF 쏘나타,2.0 스마트,(세부등급 없음),201405.0,2015,950.0,121781.0,가솔린,오토,ORIGINAL,일반,2025-03-19 21:45:03.000 +09,충남,오토리더(주),25서6413,0,0,2,0.0,0.0,0,0,
39133141,현대,쏘나타 디 엣지(DN8),1.6 터보,프리미엄,202311.0,2024,2850.0,17031.0,가솔린,오토,ORIGINAL,일반,2025-03-19 21:44:28.000 +09,경기,으뜸자동차,238구7251,1,0,0,61.0019,0.0,0,0,
39139005,현대,쏘나타 더 브릴리언트,LPI 스마트(장애인용),,201308.0,2014,630.0,129614.0,LPG(일반인 구입),오토,ORIGINAL,일반,2025-03-19 21:43:36.000 +09,대전,(주)이카,30보5991,2,2,4,129.3439,184.835,0,0,
39102755,현대,쏘나타 (DN8),1.6 터보,인스퍼레이션,202111.0,2022,2450.0,73387.0,가솔린,오토,ORIGINAL,일반,2025-03-19 21:43:36.000 +09,대전,(주)이카,229보7653,0,0,2,0.0,0.0,0,0,
39237579,현대,쏘나타 (DN8),1.6 터보,인스퍼레이션,202111.0,2022,2450.0,73387.0,가솔린,오토,ORIGINAL,일반,2025-03-19 21:43:35.000 +09,대전,(주)이카,229보7653,0,0,2,0.0,0.0,0,0,
39133885,현대,LF 쏘나타,LPI 모던(장애인용),,201512.0,2016,1150.0,86434.0,LPG(일반인 구입),오토,ORIGINAL,일반,2025-03-19 21:43:33.000 +09,부산,도성모터스,63너0786,0,1,2,0.0,35.55,0,0,
38755947,현대,쏘나타 하이브리드,2.0,스마트,201307.0,2014,598.0,141162.0,가솔린+전기,오토,ORIGINAL,일반,2025-03-19 21:43:33.000 +09,부산,도성모터스,48버1604,2,2,0,79.5858,124.6118,0,0,
39203287,현대,YF 쏘나타,CVVL 럭셔리,,201202.0,2012,679.0,45612.0,가솔린,오토,ORIGINAL,일반,2025-03-19 21:43:25.000 +09,대구,제이모터스,50머9896,2,2,1,240.676,100.905,0,0,
39136115,현대,쏘나타 더 브릴리언트,CVVL 어트랙션,,201311.0,2014,579.0,120054.0,가솔린,오토,ORIGINAL,일반,2025-03-19 21:43:24.000 +09,대구,제이모터스,07나8010,3,0,7,163.1554,0.0,1,0,
39177980,현대,쏘나타 디 엣지(DN8),2.0,익스클루시브,202406.0,2024,2890.0,5379.0,가솔린,오토,ORIGINAL,일반,2025-03-19 21:43:02.000 +09,경기,베스트자동차,201라8762,0,1,1,0.0,25.0,0,0,
39265576,현대,쏘나타 뉴 라이즈,2.0 스마트 스페셜,,201805.0,2019,1290.0,127117.0,가솔린,오토,ORIGINAL,일반,2025-03-19 21:42:59.000 +09,경남,우성상사,37고4182,2,0,1,189.0409,0.0,0,0,
39195612,현대,YF 쏘나타,Y20 프라임,(세부등급 없음),201011.0,2011,320.0,197174.0,가솔린,오토,ORIGINAL,일반,2025-03-19 21:42:54.000 +09,서울,아이오토스,28거4049,3,3,7,88.0379,1134.567,0,0,
38904225,현대,쏘나타 (DN8),2.0 LPG(렌터카용),스타일,202109.0,2022,1340.0,128865.0,LPG(일반인 구입),오토,ORIGINAL,일반,2025-03-19 21:42:45.000 +09,대전,오토피아상사 주식회사,191노6032,0,1,1,0.0,165.5,1,0,
38303630,현대,LF 쏘나타 하이브리드,2.0 HEV,모던,201607.0,2016,950.0,144018.0,가솔린+전기,오토,ORIGINAL,일반,2025-03-19 21:42:33.000 +09,울산,다인모터스,15저0506,2,0,1,156.0674,0.0,0,0,
39244663,현대,쏘나타 (DN8),2.0 LPG(렌터카용),스마트,201905.0,2020,1450.0,87050.0,LPG(일반인 구입),오토,ORIGINAL,일반,2025-03-19 21:42:26.000 +09,경기,신원자동차매매상사,279모9516,0,0,2,0.0,0.0,1,0,
39154768,현대,쏘나타 (DN8),1.6 터보,스마트,201912.0,2020,1720.0,36795.0,가솔린,오토,ORIGINAL,일반,2025-03-19 21:42:26.000 +09,경기,신원자동차매매상사,195루8383,2,0,1,135.7299,0.0,1,0,
39193791,현대,쏘나타 하이브리드 (DN8),모던,,202108.0,2022,1889.0,76143.0,가솔린+전기,오토,ORIGINAL,일반,2025-03-19 21:42:26.000 +09,경기,신원자동차매매상사,269우2273,0,0,1,0.0,0.0,1,0,
39009444,현대,LF 쏘나타,1.6 터보 스타일,,201511.0,2016,1230.0,45276.0,가솔린,오토,ORIGINAL,일반,2025-03-19 21:42:02.000 +09,서울,(주)행복드림카,57너0643,1,0,1,50.4694,0.0,0,0,
37502508,현대,LF 쏘나타,LPI 모던(장애인용),,201507.0,2015,1379.0,46923.0,LPG(일반인 구입),오토,ORIGINAL,일반,2025-03-19 21:41:32.000 +09,경기,라성자동차매매단지,58누4858,6,1,2,563.2176,113.087,0,0,
39175264,현대,LF 쏘나타,LPI 모던,,201503.0,2015,939.0,87305.0,LPG(일반인 구입),오토,ORIGINAL,일반,2025-03-19 21:41:32.000 +09,경기,라성자동차매매단지,149라9508,0,0,3,0.0,0.0,1,0,
39248170,현대,YF 쏘나타,Y20 프리미어,(세부등급 없음),201010.0,2011,499.0,93240.0,가솔린,오토,ORIGINAL,일반,2025-03-19 21:41:32.000 +09,경기,라성자동차매매단지,46러9737,1,2,0,85.678,15.0,0,0,
39209376,현대,쏘나타 더 브릴리언트,CVVL 모던,,201308.0,2013,769.0,74418.0,가솔린,오토,ORIGINAL,일반,2025-03-19 21:41:32.000 +09,경기,라성자동차매매단지,57두6269,1,0,1,47.829,0.0,0,0,
39248984,현대,쏘나타 하이브리드,2.0,프리미엄,201302.0,2014,699.0,134347.0,가솔린+전기,오토,ORIGINAL,일반,2025-03-19 21:41:31.000 +09,경기,라성자동차매매단지,18오7777,0,0,0,0.0,0.0,1,0,
39226813,현대,LF 쏘나타,LPI 모던,,201502.0,2015,830.0,146354.0,LPG(일반인 구입),오토,ORIGINAL,일반,2025-03-19 21:41:09.000 +09,광주,바로모터스,06노3964,2,2,4,270.926,35.942,1,0,
37293368,현대,YF 쏘나타,Y20 탑,고급형,201002.0,2010,550.0,125231.0,가솔린,오토,ORIGINAL,일반,2025-03-19 21:41:01.000 +09,충북,대신모터스,69고6127,1,2,4,60.867,125.0018,0,0,
37921290,현대,쏘나타 더 브릴리언트,LPI 스마트,,201404.0,2014,420.0,169739.0,LPG(일반인 구입),오토,ORIGINAL,일반,2025-03-19 21:40:53.000 +09,인천,(주)이삭모터스 2호점,258루9701,1,1,1,155.6239,155.1204,1,0,
39242373,현대,쏘나타 뉴 라이즈,LPI 택시형,스타일,201706.0,2018,449.0,413433.0,LPG(일반인 구입),오토,ORIGINAL,일반,2025-03-19 21:40:34.000 +09,대전,카우자동차,221라1370,3,0,2,335.3461,0.0,1,0,
39221891,현대,쏘나타 뉴 라이즈 하이브리드,프리미엄,(세부등급 없음),201802.0,2018,950.0,193745.0,가솔린+전기,오토,ORIGINAL,일반,2025-03-19 21:40:12.000 +09,경기,주식회사 케이원카,49마3458,3,4,1,767.1275,444.9726,0,0,
38918424,현대,LF 쏘나타 하이브리드,2.0 HEV,모던,201511.0,2016,899.0,157295.0,가솔린+전기,오토,ORIGINAL,일반,2025-03-19 21:40:08.000 +09,경기,제이원모터스,18우0529,1,0,5,166.46,0.0,0,0,
38870084,현대,쏘나타 디 엣지(DN8),2.0 LPG,인스퍼레이션,202409.0,2024,3450.0,2811.0,LPG(일반인 구입),오토,ORIGINAL,일반,2025-03-19 21:39:49.000 +09,부산,에이스모터스,233너2017,0,0,0,0.0,0.0,0,0,
39146166,현대,LF 쏘나타,LPI 프리미엄 스페셜,,201407.0,2015,900.0,168404.0,LPG(일반인 구입),오토,ORIGINAL,일반,2025-03-19 21:39:02.000 +09,경기,라온모터스,27보8622,6,2,3,422.3138,284.0,1,0,
38756427,현대,쏘나타 (DN8),2.0 LPG(렌터카용),스타일,202112.0,2022,1495.0,93864.0,LPG(일반인 구입),오토,ORIGINAL,일반,2025-03-19 21:38:26.000 +09,대구,은빛모터스,102오8792,0,0,3,0.0,0.0,1,0,
37490387,현대,LF 쏘나타,2.0 스타일,스페셜,201510.0,2016,820.0,153631.0,가솔린,오토,ORIGINAL,일반,2025-03-19 21:38:02.000 +09,경북,마루자동차매매상사,13거0382,3,0,1,350.1213,0.0,0,0,
38881403,현대,YF 쏘나타,LPI 럭셔리,,201201.0,2012,500.0,99700.0,LPG(일반인 구입),오토,ORIGINAL,일반,2025-03-19 21:38:02.000 +09,대구,대성자동차상사,66수9427,6,3,5,510.9537,205.1286,0,0,
38828687,현대,YF 쏘나타,LPI 프리미어(장애인용),,201003.0,2010,399.0,141800.0,LPG(일반인 구입),오토,ORIGINAL,일반,2025-03-19 21:38:00.000 +09,광주,드림카마켓,40너2605,3,0,5,295.1687,0.0,0,0,
39093659,현대,쏘나타 (DN8),2.0 LPG(렌터카용),스마트,201905.0,2020,1740.0,80015.0,LPG(일반인 구입),오토,ORIGINAL,일반,2025-03-19 21:37:38.000 +09,경남,스마일모터스,64머8373,1,0,2,225.5006,0.0,0,0,
39093758,현대,쏘나타 (DN8),2.0,프리미엄,201906.0,2020,1630.0,89233.0,가솔린,오토,ORIGINAL,일반,2025-03-19 21:37:38.000 +09,경남,스마일모터스,194다8287,0,2,2,0.0,136.0747,1,0,
39269193,현대,쏘나타 (DN8),1.6 터보,인스퍼레이션,202011.0,2021,1998.0,100231.0,가솔린,오토,ORIGINAL,일반,2025-03-19 21:37:27.000 +09,경기,클린오토,227나6125,0,0,0,0.0,0.0,0,0,
38862080,현대,LF 쏘나타,2.0 스마트,(세부등급 없음),201407.0,2015,630.0,201261.0,가솔린,오토,ORIGINAL,일반,2025-03-19 21:34:27.000 +09,대전,한강자동차,22서4198,2,2,1,117.9937,125.4143,0,0,
37866887,현대,쏘나타 디 엣지(DN8),1.6 터보,익스클루시브,202306.0,2024,2830.0,26054.0,가솔린,오토,ORIGINAL,일반,2025-03-19 21:34:22.000 +09,부산,(주)넘버원모터스,173주3478,1,0,0,113.8129,0.0,0,0,
38253152,현대,뉴 EF 쏘나타,2.0 GVS,기본형,200401.0,2004,480.0,57523.0,가솔린,오토,ORIGINAL,일반,2025-03-19 21:33:50.000 +09,울산,나래모터스,33가1269,1,3,1,37.7266,80.1418,0,0,
39265285,현대,LF 쏘나타,2.0 케어플러스,,201607.0,2017,969.0,93687.0,가솔린,오토,ORIGINAL,일반,2025-03-19 21:33:05.000 +09,부산,퍼스트모터스,126너9460,2,2,2,137.7246,334.4376,1,0,
39020392,현대,LF 쏘나타,LPI 스마트,,201411.0,2015,739.0,116000.0,LPG(일반인 구입),오토,ORIGINAL,일반,2025-03-19 21:33:02.000 +09,경북,유진상사,54라5601,1,1,2,52.1269,60.481,1,0,
38737963,현대,쏘나타 (DN8),2.0,모던,202203.0,2022,2180.0,39300.0,가솔린,오토,ORIGINAL,일반,2025-03-19 21:33:02.000 +09,대구,대성자동차상사,108누8228,0,0,1,0.0,0.0,1,0,
38585569,현대,YF 쏘나타,Y20 프라임,(세부등급 없음),201006.0,2011,420.0,136090.0,가솔린,오토,ORIGINAL,일반,2025-03-19 21:31:36.000 +09,전북,스마일모터스,48보1394,4,0,3,219.99,0.0,1,0,
39093131,현대,쏘나타 뉴 라이즈,LPI 모던,,201703.0,2018,1280.0,84277.0,LPG(일반인 구입),오토,ORIGINAL,일반,2025-03-19 21:30:41.000 +09,부산,오성모터스,32루8127,2,2,4,303.4141,280.3372,0,0,
38975088,현대,쏘나타 뉴 라이즈 하이브리드,스마트,,201708.0,2018,999.0,195634.0,가솔린+전기,오토,ORIGINAL,일반,2025-03-19 21:30:13.000 +09,대구,제일자동차상사,134너9490,3,2,1,819.816,375.9867,1,0,
38505091,현대,쏘나타 (DN8),2.0,모던,202210.0,2023,1880.0,45640.0,가솔린,오토,ORIGINAL,일반,2025-03-19 21:30:13.000 +09,인천,(주)타워모터스,177가2587,2,1,0,401.1546,37.0,1,0,
38744307,현대,LF 쏘나타,2.0 스마트,(세부등급 없음),201502.0,2015,980.0,130131.0,가솔린,오토,ORIGINAL,일반,2025-03-19 21:29:34.000 +09,대구,에이스자동차상사,50로5283,3,2,7,174.9023,691.586,0,0,
39102545,현대,쏘나타 (DN8),2.0,프리미엄,201905.0,2020,1790.0,69252.0,가솔린,오토,ORIGINAL,일반,2025-03-19 21:29:32.000 +09,경기,스마일자동차,157가1826,2,0,2,253.7962,0.0,1,0,
38912098,현대,쏘나타 뉴 라이즈,2.0 스마트,,201707.0,2018,1350.0,126414.0,가솔린,오토,ORIGINAL,일반,2025-03-19 21:29:22.000 +09,충북,청룡자동차,186마9807,3,1,2,276.6142,37.466,1,0,
38555043,현대,쏘나타 뉴 라이즈,1.7 디젤 스타일,,201710.0,2018,1180.0,87705.0,디젤,오토,ORIGINAL,일반,2025-03-19 21:29:02.000 +09,부산,로다오토,53부5452,3,0,1,161.0124,0.0,0,0,
38782227,현대,LF 쏘나타,2.0 터보 익스클루시브,,201505.0,2015,1430.0,54364.0,가솔린,오토,ORIGINAL,일반,2025-03-19 21:28:58.000 +09,전북,하나모터스,11오7751,1,0,1,471.9,0.0,0,0,
39181773,현대,LF 쏘나타,2.0 스마트,(세부등급 없음),201505.0,2015,930.0,135431.0,가솔린,오토,ORIGINAL,일반,2025-03-19 21:28:58.000 +09,경기,더케이모터스,13소2705,2,0,2,167.8837,0.0,0,0,
38783434,현대,쏘나타 더 브릴리언트,CVVL 모던,,201303.0,2013,498.0,155797.0,가솔린,오토,ORIGINAL,일반,2025-03-19 21:28:58.000 +09,전북,하나모터스,54로0945,2,0,11,139.1626,0.0,2,0,
39221238,현대,쏘나타 하이브리드 (DN8),프리미엄,(세부등급 없음),201910.0,2020,1690.0,113119.0,가솔린+전기,오토,ORIGINAL,일반,2025-03-19 21:27:18.000 +09,경기,오토웨이브,289루5079,1,0,0,127.4889,0.0,0,0,
38958301,현대,쏘나타 (DN8),2.0,인스퍼레이션,201912.0,2020,1790.0,82566.0,가솔린,오토,ORIGINAL,일반,2025-03-19 21:27:09.000 +09,경기,베스트자동차,177머9895,1,1,1,217.0465,72.141,2,0,
38371967,현대,YF 쏘나타,LPI 프리미어,,200912.0,2010,349.0,193993.0,LPG(일반인 구입),오토,ORIGINAL,일반,2025-03-19 21:26:29.000 +09,대전,로또자동차(주),20고1116,4,3,2,227.0708,160.3138,0,0,
39026640,현대,쏘나타 뉴 라이즈,2.0 터보 익스클루시브,,201808.0,2019,1790.0,34918.0,가솔린,오토,ORIGINAL,일반,2025-03-19 21:26:03.000 +09,경기,더케이모터스,05서2183,2,1,0,569.2607,143.8007,0,0,
38831519,현대,쏘나타 뉴 라이즈,2.0 스마트 초이스,,201810.0,2019,1260.0,107930.0,가솔린,오토,ORIGINAL,일반,2025-03-19 21:25:45.000 +09,경기,대한모터스,60노1030,2,1,2,217.0172,69.533,0,0,
39008082,현대,쏘나타 하이브리드 (DN8),프리미엄,패밀리,202102.0,2021,1870.0,101913.0,가솔린+전기,오토,ORIGINAL,일반,2025-03-19 21:25:32.000 +09,광주,(유)쌍둥이모터스,187주7613,1,0,5,60.246,0.0,1,0,
39160829,현대,쏘나타 뉴 라이즈,LPI 스타일,,201805.0,2019,1290.0,49560.0,LPG(일반인 구입),오토,ORIGINAL,일반,2025-03-19 21:25:26.000 +09,부산,마이카2,06누2264,1,3,1,105.472,425.2838,0,0,
38819401,현대,LF 쏘나타,LPI 프리미엄,,201611.0,2017,840.0,160814.0,LPG(일반인 구입),오토,ORIGINAL,일반,2025-03-19 21:25:08.000 +09,경남,MZ모터스,293나1207,1,2,3,0.0,130.9715,1,0,
39089585,현대,LF 쏘나타,LPI 프리미엄,,201406.0,2015,690.0,190882.0,LPG(일반인 구입),오토,ORIGINAL,일반,2025-03-19 21:25:08.000 +09,경남,MZ모터스,19부4296,1,1,6,76.8644,87.0,1,0,
39100642,현대,쏘나타 (DN8),2.0,프리미엄,201911.0,2020,1780.0,61802.0,가솔린,오토,ORIGINAL,일반,2025-03-19 21:25:08.000 +09,경기,세이프카,255조5921,0,1,1,0.0,62.0,1,0,
39203752,현대,쏘나타 뉴 라이즈,2.0 스마트,,201710.0,2018,1720.0,20268.0,가솔린,오토,ORIGINAL,일반,2025-03-19 21:25:08.000 +09,경남,MZ모터스,40구5270,1,0,1,235.192,0.0,0,0,
39067804,현대,쏘나타 하이브리드 (DN8),프리미엄,(세부등급 없음),202001.0,2020,1850.0,94092.0,가솔린+전기,오토,ORIGINAL,일반,2025-03-19 21:25:08.000 +09,경기,세이프카,241마6527,0,0,1,0.0,0.0,1,0,
39203799,현대,쏘나타 더 브릴리언트,LPI 스마트,,201402.0,2014,520.0,141358.0,LPG(일반인 구입),오토,ORIGINAL,일반,2025-03-19 21:25:08.000 +09,경남,MZ모터스,289서4157,0,0,3,0.0,0.0,1,0,
39105678,현대,NF 쏘나타 트랜스폼,N20 프리미어 블랙,고급형,200801.0,2008,370.0,58988.0,가솔린,오토,ORIGINAL,일반,2025-03-19 21:24:24.000 +09,울산,타다모터스,26우6689,5,4,2,365.269,163.7055,0,0,
39248722,현대,쏘나타 디 엣지(DN8),2.0,인스퍼레이션,202310.0,2024,2990.0,31850.0,가솔린,오토,ORIGINAL,일반,2025-03-19 21:24:21.000 +09,대구,베스트 모터스,148모6587,1,1,1,91.7794,44.8889,0,0,
38828778,현대,쏘나타 하이브리드 (DN8),인스퍼레이션,,201909.0,2020,1990.0,113789.0,가솔린+전기,오토,ORIGINAL,일반,2025-03-19 21:24:21.000 +09,대구,베스트 모터스,115어3285,1,2,4,77.0,111.5358,1,0,
39079965,현대,LF 쏘나타,2.0 스마트,(세부등급 없음),201409.0,2015,899.0,101563.0,가솔린,오토,ORIGINAL,일반,2025-03-19 21:24:13.000 +09,경기,프렌즈카,45부8045,1,4,0,163.3862,1517.0153,0,0,
39242532,현대,쏘나타 (DN8),2.0 LPG(렌터카용),스타일,202003.0,2020,1370.0,100925.0,LPG(일반인 구입),오토,ORIGINAL,일반,2025-03-19 21:24:10.000 +09,전북,대성모터스,202모8909,2,0,1,99.9568,0.0,1,0,
39028987,현대,YF 쏘나타,Y20 프라임,블랙,201101.0,2011,370.0,157987.0,가솔린,오토,ORIGINAL,일반,2025-03-19 21:24:10.000 +09,전북,대성모터스,47너2135,7,2,1,650.5497,79.349,0,0,
39063123,현대,LF 쏘나타,2.0 스마트,(세부등급 없음),201506.0,2015,790.0,163961.0,가솔린,오토,ORIGINAL,일반,2025-03-19 21:23:30.000 +09,부산,창진모터스,11버8570,0,0,2,0.0,0.0,0,0,
38557627,현대,쏘나타 뉴 라이즈,2.0 스타일,,201710.0,2018,1230.0,59954.0,가솔린,오토,ORIGINAL,일반,2025-03-19 21:23:28.000 +09,부산,(주)부산카부카,223도6348,0,2,2,0.0,312.7479,1,0,
39204986,현대,LF 쏘나타,2.0 스마트,(세부등급 없음),201506.0,2015,1130.0,95322.0,가솔린,오토,ORIGINAL,일반,2025-03-19 21:23:08.000 +09,부산,창진모터스,62소2684,2,2,1,178.5602,28.9038,0,0,
38399834,현대,쏘나타 (DN8),2.0 LPG,인스퍼레이션,202106.0,2022,2630.0,40987.0,LPG(일반인 구입),오토,ORIGINAL,일반,2025-03-19 21:22:27.000 +09,경기,(주)뉴카카,116무4814,0,0,0,0.0,0.0,0,0,
38971431,현대,NF 쏘나타 트랜스폼,LPG N20 프리미어,,200904.0,2009,245.0,171976.0,LPG(일반인 구입),오토,ORIGINAL,일반,2025-03-19 21:21:27.000 +09,경남,더케어모터스,14더7936,1,1,1,29.617,69.566,0,0,
39109452,현대,쏘나타 (DN8),2.0,모던,202203.0,2022,1845.0,69886.0,가솔린,오토,ORIGINAL,일반,2025-03-19 21:21:27.000 +09,경남,더케어모터스,241마6599,1,1,1,112.8319,74.4595,1,0,
39025960,현대,쏘나타 더 브릴리언트,CVVL 스마트,,201304.0,2013,495.0,177472.0,가솔린,오토,ORIGINAL,일반,2025-03-19 21:21:27.000 +09,경남,더케어모터스,11다0896,3,1,4,147.8413,97.4608,1,0,
39136410,현대,LF 쏘나타,LPI 스마트,,201612.0,2017,945.0,71256.0,LPG(일반인 구입),오토,ORIGINAL,일반,2025-03-19 21:21:27.000 +09,경남,더케어모터스,65모7141,3,3,3,1077.9239,245.407,1,0,
39235588,현대,LF 쏘나타,2.0 스마트,(세부등급 없음),201407.0,2015,795.0,146071.0,가솔린,오토,ORIGINAL,일반,2025-03-19 21:21:27.000 +09,경남,더케어모터스,106주6644,3,2,2,244.0112,236.6193,1,0,
38305132,현대,쏘나타 (DN8),1.6 터보,모던,202107.0,2022,1950.0,41088.0,가솔린,오토,ORIGINAL,일반,2025-03-19 21:21:16.000 +09,전북,우진모터스,326보6028,2,0,3,173.2857,0.0,0,0,
39234120,현대,쏘나타 (DN8),2.0,프리미엄 플러스,202206.0,2022,2190.0,23071.0,가솔린,오토,ORIGINAL,일반,2025-03-19 21:20:45.000 +09,대구,티원모터스,133로6846,0,0,1,0.0,0.0,1,0,
36740090,현대,YF 쏘나타,Y20 프라임,최고급형,201002.0,2010,460.0,121464.0,가솔린,오토,ORIGINAL,일반,2025-03-19 21:20:22.000 +09,부산,카프로,204구5574,2,1,4,129.7723,77.73,1,0,
39022246,현대,쏘나타 하이브리드 (DN8),인스퍼레이션,,202008.0,2021,2130.0,100632.0,가솔린+전기,오토,ORIGINAL,일반,2025-03-19 21:20:19.000 +09,경기,오토웨이브,179구7156,2,0,1,217.183,0.0,0,0,
39024780,현대,쏘나타 (DN8),2.0 LPG,인스퍼레이션,202302.0,2023,2750.0,23136.0,LPG(일반인 구입),오토,ORIGINAL,일반,2025-03-19 21:20:14.000 +09,부산,박준표중고차,160루4396,0,0,0,0.0,0.0,0,0,
39138170,현대,쏘나타 (DN8),1.6 터보,프리미엄 패밀리,202002.0,2020,2190.0,11031.0,가솔린,오토,ORIGINAL,일반,2025-03-19 21:19:57.000 +09,부산,주식회사마이카,258수5641,2,0,2,303.6544,0.0,0,0,
38625745,현대,쏘나타 (DN8),2.0,프리미엄,202002.0,2020,1350.0,103700.0,가솔린,오토,ORIGINAL,일반,2025-03-19 21:19:55.000 +09,경기,통일모터스,183너2162,2,4,3,73.6409,418.5444,1,0,
37415824,현대,LF 쏘나타,2.0 스마트,(세부등급 없음),201407.0,2015,730.0,154554.0,가솔린,오토,ORIGINAL,일반,2025-03-19 21:19:54.000 +09,경기,양주중고차에이원오토,23더3322,3,4,0,289.5248,462.9472,0,0,
39246943,현대,쏘나타 (DN8),2.0,프리미엄 플러스,202211.0,2023,2230.0,24511.0,가솔린,오토,ORIGINAL,일반,2025-03-19 21:19:47.000 +09,경기,스마일자동차,352더2399,0,1,1,0.0,66.063,0,0,
38944402,현대,NF 쏘나타,N20 기본형,,200707.0,2007,220.0,139667.0,가솔린,수동,ORIGINAL,일반,2025-03-19 21:19:22.000 +09,경기,다둥이차,60부2575,0,1,5,0.0,66.135,0,0,
37618737,현대,LF 쏘나타,2.0 스마트,(세부등급 없음),201505.0,2015,999.0,65490.0,가솔린,오토,ORIGINAL,일반,2025-03-19 21:18:47.000 +09,대구,다모아모터스,28우6915,3,2,2,447.555,415.8936,0,0,
38722393,현대,쏘나타 뉴 라이즈,2.0 스타일,,201812.0,2019,1199.0,82637.0,가솔린,오토,ORIGINAL,일반,2025-03-19 21:16:44.000 +09,전북,우진모터스,366무7078,4,1,1,560.9002,148.157,1,0,
38882113,현대,쏘나타 (DN8),2.0 LPG(장애인용),인스퍼레이션,202101.0,2021,2499.0,37600.0,LPG(일반인 구입),오토,ORIGINAL,일반,2025-03-19 21:16:44.000 +09,전북,우진모터스,283무3763,1,1,1,94.318,42.6672,0,0,
38061484,현대,쏘나타 (DN8),2.0 LPG(장애인용),프리미엄,201906.0,2020,1780.0,59739.0,LPG(일반인 구입),오토,ORIGINAL,일반,2025-03-19 21:16:42.000 +09,전북,우진모터스,22구4764,5,8,4,401.5882,712.0319,0,0,
38917520,현대,YF 쏘나타,LPI 탑,,200910.0,2010,390.0,140074.0,LPG(일반인 구입),오토,ORIGINAL,일반,2025-03-19 21:16:22.000 +09,서울,강남상사,63조7849,1,1,4,32.785,97.35,0,0,
38747298,현대,쏘나타 뉴 라이즈,LPI 프리미엄,,201901.0,2019,9999.0,99257.0,LPG(일반인 구입),오토,ORIGINAL,일반,2025-03-19 21:16:18.000 +09,경남,아라모터스,274주3353,2,0,2,121.871,0.0,1,0,
39122079,현대,쏘나타 더 브릴리언트,CVVL 스마트,,201301.0,2013,613.0,118161.0,가솔린,오토,ORIGINAL,일반,2025-03-19 21:16:18.000 +09,경남,아라모터스,50주5508,0,1,3,0.0,56.3908,0,0,
39082122,현대,쏘나타 더 브릴리언트,LPI 스마트,,201301.0,2013,517.0,160549.0,LPG(일반인 구입),오토,ORIGINAL,일반,2025-03-19 21:16:18.000 +09,경남,아라모터스,52무9314,2,2,3,104.7993,203.6295,1,0,
38964199,현대,쏘나타 하이브리드 (DN8),프리미엄 플러스,,202109.0,2022,2450.0,46604.0,가솔린+전기,오토,ORIGINAL,일반,2025-03-19 21:16:06.000 +09,대전,금성모터스(주),246노4574,0,1,1,0.0,39.2839,1,0,
39160370,현대,LF 쏘나타,2.0 스타일,스페셜,201601.0,2016,730.0,181103.0,가솔린,오토,ORIGINAL,일반,2025-03-19 21:15:34.000 +09,부산,주식회사 왓카,37주0617,3,0,1,112.4449,0.0,0,0,
38856535,현대,LF 쏘나타,2.0 스타일,(세부등급 없음),201605.0,2017,1090.0,29764.0,가솔린,오토,ORIGINAL,일반,2025-03-19 21:15:30.000 +09,전북,허니카모터스,07다0820,1,2,1,246.808,122.387,0,0,
38955611,현대,쏘나타 (DN8),2.0 LPG(렌터카용),스마트,201907.0,2020,1490.0,93133.0,LPG(일반인 구입),오토,ORIGINAL,일반,2025-03-19 21:15:15.000 +09,경기,무결점 카모터스,168루2739,0,1,2,0.0,35.613,1,0,
39125747,현대,쏘나타 뉴 라이즈,LPI 스타일,,201803.0,2018,830.0,152959.0,LPG(일반인 구입),오토,ORIGINAL,일반,2025-03-19 21:14:32.000 +09,경기,태진모터스,248머6643,0,0,2,0.0,0.0,1,0,
38992401,현대,LF 쏘나타 하이브리드,2.0 플러그인 HEV,익스클루시브,201704.0,2017,1500.0,92293.0,가솔린+전기,오토,ORIGINAL,일반,2025-03-19 21:14:02.000 +09,서울,(주)탑모터스,31누1212,0,0,1,0.0,0.0,0,0,
39182202,현대,LF 쏘나타,LPI 스마트,,201404.0,2015,680.0,160759.0,LPG(일반인 구입),오토,ORIGINAL,일반,2025-03-19 21:13:30.000 +09,경기,스카이모터스,222조9993,1,0,4,50.8476,0.0,1,0,
39181481,현대,쏘나타 디 엣지(DN8),1.6 터보,익스클루시브,202409.0,2024,2970.0,2961.0,가솔린,오토,ORIGINAL,일반,2025-03-19 21:12:39.000 +09,경남,남원모터스,164너1260,0,0,1,0.0,0.0,0,0,
38143808,현대,LF 쏘나타,2.0 프리미엄,스페셜,201702.0,2017,1120.0,99700.0,가솔린,오토,ORIGINAL,일반,2025-03-19 21:12:35.000 +09,경기,차주름 자동차매매상,379부2631,0,1,4,0.0,51.1143,1,0,
38973983,현대,쏘나타 뉴 라이즈,2.0 스마트 스페셜,,201901.0,2019,1260.0,39500.0,가솔린,오토,ORIGINAL,일반,2025-03-19 21:12:25.000 +09,경기,,62누2557,4,7,0,1509.2176,1034.8984,0,0,
38834746,현대,쏘나타 하이브리드 (DN8),인스퍼레이션,,202001.0,2020,1840.0,128776.0,가솔린+전기,오토,ORIGINAL,일반,2025-03-19 21:11:45.000 +09,경기,솔카,151구1554,3,0,4,178.4356,0.0,0,0,
39218593,현대,쏘나타 뉴 라이즈,2.0 모던,,201708.0,2018,1560.0,83241.0,가솔린,오토,ORIGINAL,일반,2025-03-19 21:10:59.000 +09,경기,(주)청구모터스,28오5218,1,2,3,59.0126,120.5294,0,0,
39179312,현대,LF 쏘나타,2.0 스마트,(세부등급 없음),201408.0,2015,868.0,133971.0,가솔린,오토,ORIGINAL,일반,2025-03-19 21:10:42.000 +09,대구,우정모터스,58로7707,3,3,3,183.6061,144.9386,0,0,
39112303,현대,LF 쏘나타,2.0 스마트,스페셜,201503.0,2015,899.0,86220.0,가솔린,오토,ORIGINAL,일반,2025-03-19 21:10:06.000 +09,대구,원민모터스,266나4519,0,1,5,0.0,54.7809,2,0,
39255497,현대,쏘나타 더 브릴리언트,CVVL 어트랙션,,201310.0,2014,540.0,156099.0,가솔린,오토,ORIGINAL,일반,2025-03-19 21:10:04.000 +09,대전,(주)강호오토월드,28조4988,0,0,5,0.0,0.0,0,0,
39137308,현대,LF 쏘나타,LPI 프리미엄,,201506.0,2015,1070.0,71352.0,LPG(일반인 구입),오토,ORIGINAL,일반,2025-03-19 21:10:04.000 +09,대구,js모터스,59소8241,1,2,1,181.145,146.9169,0,0,
38571537,현대,YF 쏘나타,Y20 프라임,최고급형,200909.0,2010,390.0,145082.0,가솔린,오토,ORIGINAL,일반,2025-03-19 21:09:20.000 +09,전북,선모터스,23루3118,1,2,2,80.9547,156.2938,0,0,
39222202,현대,쏘나타 뉴 라이즈,LPI 스타일,,201803.0,2018,720.0,213477.0,LPG(일반인 구입),오토,ORIGINAL,일반,2025-03-19 21:09:20.000 +09,전북,선모터스,202모8970,3,3,2,642.7884,555.7922,2,0,
39097145,현대,쏘나타 (DN8),2.0,프리미엄,201912.0,2020,1539.0,101306.0,가솔린,오토,ORIGINAL,일반,2025-03-19 21:09:19.000 +09,경기,제이원모터스,285노4200,2,0,1,218.5164,0.0,1,0,
39184015,현대,쏘나타 (DN8),2.0,프리미엄 패밀리,202012.0,2021,1890.0,75498.0,가솔린,오토,ORIGINAL,일반,2025-03-19 21:09:11.000 +09,대전,MS모터스,199로6017,0,1,1,0.0,49.4119,1,0,
35607313,현대,쏘나타 III,2.0 골드,,199710.0,1997,590.0,139662.0,가솔린,오토,ORIGINAL,일반,2025-03-19 21:08:45.000 +09,대전,MS모터스,18나6952,1,0,4,38.2168,0.0,1,0,
39249765,현대,쏘나타 뉴 라이즈,2.0 터보 익스클루시브,,201704.0,2018,1490.0,124440.0,가솔린,오토,ORIGINAL,일반,2025-03-19 21:08:37.000 +09,경기,준모터스,62무1687,0,2,3,0.0,80.023,0,0,
39200152,현대,LF 쏘나타,LPI 택시형,프리미엄,201508.0,2015,790.0,160234.0,LPG(일반인 구입),오토,ORIGINAL,일반,2025-03-19 21:08:18.000 +09,전북,(유)카스토리,25다0722,1,0,4,116.636,0.0,1,0,
39099246,현대,LF 쏘나타,1.7 디젤 스마트,(세부등급 없음),201509.0,2016,790.0,146125.0,디젤,오토,ORIGINAL,일반,2025-03-19 21:08:17.000 +09,전북,(유)카스토리,27무0689,0,0,0,0.0,0.0,0,0,
39234794,현대,LF 쏘나타,2.0 스마트,(세부등급 없음),201407.0,2015,1100.0,90325.0,가솔린,오토,ORIGINAL,일반,2025-03-19 21:07:21.000 +09,경기,청학Emotors,60서5018,0,1,1,0.0,42.0578,0,0,
38977607,현대,쏘나타 더 브릴리언트,CVVL 스마트,,201301.0,2013,600.0,89657.0,가솔린,오토,ORIGINAL,일반,2025-03-19 21:07:14.000 +09,경남,세종모터스,64로7828,5,4,3,701.2462,228.6441,0,0,
38870699,현대,쏘나타 하이브리드 (DN8),프리미엄,패밀리,202006.0,2021,2350.0,34323.0,가솔린+전기,오토,ORIGINAL,일반,2025-03-19 21:07:04.000 +09,부산,(주)우진 오토모빌,276부6745,0,0,1,0.0,0.0,0,0,
39207794,현대,쏘나타 하이브리드,2.0,모던,201302.0,2014,550.0,130960.0,가솔린+전기,오토,ORIGINAL,일반,2025-03-19 21:06:59.000 +09,울산,에스다이렉트카,48구7320,4,2,1,218.3184,66.9729,0,0,
38587890,현대,쏘나타 뉴 라이즈,2.0 스마트 스페셜,,201902.0,2019,1550.0,57039.0,가솔린,오토,ORIGINAL,일반,2025-03-19 21:06:41.000 +09,부산,(주)우진 오토모빌,154로8401,0,1,3,0.0,53.5436,1,0,
39132272,현대,LF 쏘나타,2.0 터보 익스클루시브,,201504.0,2015,1159.0,143609.0,가솔린,오토,ORIGINAL,일반,2025-03-19 21:06:30.000 +09,경남,317호 세종모터스,31저4175,4,1,5,162.5034,20.1058,0,0,
38759656,현대,쏘나타 하이브리드,2.0,프리미어,201107.0,2012,530.0,136418.0,가솔린+전기,오토,ORIGINAL,일반,2025-03-19 21:06:30.000 +09,경남,317호 세종모터스,56구7554,1,1,1,51.173,38.6749,0,0,
39167464,현대,LF 쏘나타,2.0 스마트,(세부등급 없음),201412.0,2015,870.0,135944.0,가솔린,오토,ORIGINAL,일반,2025-03-19 21:06:27.000 +09,전북,유한회사카마트모터스,17루5632,3,1,5,128.9679,128.1778,2,0,
38655431,현대,LF 쏘나타,2.0 스타일,(세부등급 없음),201610.0,2017,800.0,129071.0,가솔린,오토,ORIGINAL,일반,2025-03-19 21:05:56.000 +09,경기,차모터스,66러0133,3,1,3,261.3513,112.0,0,0,
38533902,현대,쏘나타 (DN8),2.0 LPG(렌터카용),스타일,201909.0,2020,1399.0,97788.0,LPG(일반인 구입),오토,ORIGINAL,일반,2025-03-19 21:05:43.000 +09,경기,(주)뉴카카,113고8171,1,0,1,103.962,0.0,1,0,
39213418,현대,쏘나타 하이브리드,2.0,프리미어,201212.0,2013,565.0,125169.0,가솔린+전기,오토,ORIGINAL,일반,2025-03-19 21:05:41.000 +09,충북,서청주자동차매매상사,46부9058,0,1,3,0.0,38.75,0,0,
38337292,현대,쏘나타 (DN8),2.0,프리미엄,201908.0,2020,1790.0,28451.0,가솔린,오토,ORIGINAL,일반,2025-03-19 21:05:18.000 +09,경기,(주)뉴카카,219무4704,0,0,1,0.0,0.0,1,0,
38001681,현대,쏘나타 뉴 라이즈,LPI 모던,,201801.0,2018,1280.0,48828.0,LPG(일반인 구입),오토,ORIGINAL,일반,2025-03-19 21:05:17.000 +09,전북,익산모터스,100두7127,3,1,3,257.8681,37.5311,1,0,
38445944,현대,YF 쏘나타,LPI 럭셔리,,201009.0,2011,320.0,182017.0,LPG(일반인 구입),오토,ORIGINAL,일반,2025-03-19 21:05:06.000 +09,대구,다인모터스,30두1745,5,3,5,354.106,123.6598,1,0,
39119534,현대,쏘나타 (DN8),2.0,프리미엄,201908.0,2020,1650.0,107981.0,가솔린,오토,ORIGINAL,일반,2025-03-19 21:04:26.000 +09,경남,장원모터스,56오0854,0,0,2,0.0,0.0,0,0,
39268642,현대,쏘나타 뉴 라이즈,1.6 터보 스마트,,201809.0,2019,1100.0,139079.0,가솔린,오토,ORIGINAL,일반,2025-03-19 21:03:22.000 +09,경기,제이디모터스,21마3537,2,1,1,362.3363,278.8056,0,0,
39261598,현대,쏘나타 (DN8),2.0 LPG(렌터카용),스타일,202110.0,2022,1650.0,29082.0,LPG(일반인 구입),오토,ORIGINAL,일반,2025-03-19 21:03:17.000 +09,대전,현성모터스,122서4836,0,0,1,0.0,0.0,1,0,
39074808,현대,쏘나타 디 엣지(DN8),1.6 터보,익스클루시브,202502.0,2025,3030.0,656.0,가솔린,오토,ORIGINAL,일반,2025-03-19 21:03:17.000 +09,대전,현성모터스,176나3013,0,0,0,0.0,0.0,0,0,
38685831,현대,쏘나타 뉴 라이즈,2.0 스마트,,201805.0,2018,1440.0,96323.0,가솔린,오토,ORIGINAL,일반,2025-03-19 21:01:33.000 +09,경기,승진모터스,67오2107,0,0,1,0.0,0.0,0,0,
39244942,현대,LF 쏘나타,2.0 스마트,(세부등급 없음),201404.0,2015,890.0,106488.0,가솔린,오토,ORIGINAL,일반,2025-03-19 21:01:32.000 +09,경기,승진모터스,66버9717,3,1,0,494.225,389.5,0,0,
38783334,현대,쏘나타 (DN8),2.0 LPG,프리미엄 플러스,202208.0,2022,2770.0,13760.0,LPG(일반인 구입),오토,ORIGINAL,일반,2025-03-19 21:01:20.000 +09,대구,M월드 봉모터스,250오7044,0,0,1,0.0,0.0,0,0,
38397401,현대,쏘나타 뉴 라이즈,LPI 모던,,201710.0,2018,1220.0,104632.0,LPG(일반인 구입),오토,ORIGINAL,일반,2025-03-19 21:00:56.000 +09,경기,양주중고차에이원오토,108부6074,1,1,1,57.7308,93.708,1,0,
38907647,현대,쏘나타 뉴 라이즈,2.0 모던,,201711.0,2018,1150.0,137000.0,가솔린,오토,ORIGINAL,일반,2025-03-19 21:00:56.000 +09,광주,알이랑모터스,65마5111,0,0,1,0.0,0.0,0,0,
39133610,현대,쏘나타 하이브리드,2.0,프리미어,201202.0,2012,560.0,125850.0,가솔린+전기,오토,ORIGINAL,일반,2025-03-19 21:00:22.000 +09,경남,차차차 모터스,07다5799,3,1,3,176.7168,110.56,1,0,
39268099,현대,쏘나타 더 브릴리언트,CVVL 스마트,,201303.0,2013,599.0,82064.0,가솔린,오토,ORIGINAL,일반,2025-03-19 21:00:14.000 +09,인천,카맨모터스,41두8792,0,0,3,0.0,0.0,0,0,
39210402,현대,쏘나타 (DN8),2.0,프리미엄 플러스,202212.0,2023,2270.0,20896.0,가솔린,오토,ORIGINAL,일반,2025-03-19 21:00:00.000 +09,경기,모던카,175서6726,1,0,1,0.0,0.0,0,0,
39081383,현대,쏘나타 뉴 라이즈,LPI 스타일,,201802.0,2018,1080.0,122192.0,LPG(일반인 구입),오토,ORIGINAL,일반,2025-03-19 20:59:45.000 +09,경남,아우토나인,216서2758,0,4,1,0.0,428.4003,1,0,
38775407,현대,LF 쏘나타,2.0 프리미엄,(세부등급 없음),201406.0,2015,790.0,178758.0,가솔린,오토,ORIGINAL,일반,2025-03-19 20:59:44.000 +09,경기,아인모터스,30거2650,2,1,5,198.5944,307.662,1,0,
36234552,현대,LF 쏘나타,1.6 터보 스타일,,201508.0,2016,1430.0,77012.0,가솔린,오토,ORIGINAL,일반,2025-03-19 20:59:40.000 +09,대구,태성모터스,14마2120,0,0,0,0.0,0.0,0,0,
37863690,현대,쏘나타 뉴 라이즈,LPI 스타일,,201711.0,2018,1090.0,126614.0,LPG(일반인 구입),오토,ORIGINAL,일반,2025-03-19 20:59:40.000 +09,대구,태성모터스,143주9900,0,0,1,0.0,0.0,1,0,
37140648,현대,LF 쏘나타,2.0 터보 익스클루시브,,201510.0,2016,1850.0,68340.0,가솔린,오토,ORIGINAL,일반,2025-03-19 20:59:39.000 +09,대구,태성모터스,36고7142,1,0,2,143.6654,0.0,0,0,
39177752,현대,쏘나타 디 엣지(DN8),2.5 터보,N Line,202406.0,2024,4150.0,12561.0,가솔린,오토,ORIGINAL,일반,2025-03-19 20:59:21.000 +09,경기,좋은자동차,216가9041,0,0,1,0.0,0.0,0,0,
39068383,현대,YF 쏘나타,LPI 럭셔리,,201003.0,2010,450.0,64609.0,LPG(일반인 구입),오토,ORIGINAL,일반,2025-03-19 20:59:07.000 +09,서울,비전 모터스,16저3535,6,4,1,749.0896,229.2935,0,0,
39145225,현대,LF 쏘나타,2.0 스마트,(세부등급 없음),201604.0,2016,839.0,155341.0,가솔린,오토,ORIGINAL,일반,2025-03-19 20:58:10.000 +09,대구,한결상사,13어4805,1,0,3,51.8233,0.0,1,0,
38146599,현대,YF 쏘나타,LPI 프리미어,,201006.0,2010,260.0,178035.0,LPG(일반인 구입),오토,ORIGINAL,일반,2025-03-19 20:58:02.000 +09,서울,(주)가온자동차,19너5691,1,0,2,68.559,0.0,1,0,
39244809,현대,쏘나타 (DN8),2.0,인스퍼레이션,202104.0,2021,2350.0,56034.0,가솔린,오토,ORIGINAL,일반,2025-03-19 20:57:03.000 +09,대전,(주)웅이자동차,159루1160,1,0,2,84.7467,0.0,0,0,
39243327,현대,쏘나타 뉴 라이즈,LPI 스타일,,201806.0,2019,1230.0,97010.0,LPG(일반인 구입),오토,ORIGINAL,일반,2025-03-19 20:56:21.000 +09,대구,청구모터스,220수3393,1,1,2,251.76,85.8548,1,0,
37794650,현대,LF 쏘나타,2.0 스마트,(세부등급 없음),201601.0,2016,1090.0,81733.0,가솔린,오토,ORIGINAL,일반,2025-03-19 20:56:21.000 +09,대구,청구모터스,29보4841,1,0,4,52.4239,0.0,1,0,
39250309,현대,LF 쏘나타,LPI 프리미엄 스페셜,,201506.0,2015,1299.0,78603.0,LPG(일반인 구입),오토,ORIGINAL,일반,2025-03-19 20:55:33.000 +09,경기,(주)청구모터스,11로7943,1,1,2,51.7989,70.2074,0,0,
39197874,현대,쏘나타 뉴 라이즈,LPI 택시형,스타일,201808.0,2019,1100.0,50020.0,LPG(일반인 구입),오토,ORIGINAL,일반,2025-03-19 20:55:14.000 +09,경기,더뉴스마트주식회사,368부9185,0,1,2,0.0,93.4259,1,0,
39153294,현대,LF 쏘나타,LPI 프리미엄 스페셜,,201601.0,2016,955.0,152548.0,LPG(일반인 구입),오토,ORIGINAL,일반,2025-03-19 20:55:06.000 +09,대구,(주)하나카즈,66오3956,0,1,2,0.0,0.0,0,0,
38870621,현대,쏘나타 더 브릴리언트,CVVL 스타일,,201305.0,2013,599.0,85865.0,가솔린,오토,ORIGINAL,일반,2025-03-19 20:55:05.000 +09,대구,(주)하나카즈,35주7730,5,2,2,165.4385,108.0016,0,0,
38988340,현대,쏘나타 뉴 라이즈,2.0 터보 익스클루시브,,201703.0,2018,1230.0,153691.0,가솔린,오토,ORIGINAL,일반,2025-03-19 20:54:51.000 +09,경남,굿차,175로9151,0,0,2,0.0,0.0,1,0,
39248272,현대,쏘나타 뉴 라이즈,2.0 스마트,,201705.0,2018,1350.0,76909.0,가솔린,오토,ORIGINAL,일반,2025-03-19 20:54:39.000 +09,전북,(주)은혜모터스,20소9243,1,0,1,65.72,0.0,0,0,
39184171,현대,쏘나타 (DN8),2.0,프리미엄,202002.0,2020,1830.0,38000.0,가솔린,오토,ORIGINAL,일반,2025-03-19 20:54:19.000 +09,경남,대성모터스,251보1997,2,0,1,723.417,0.0,1,0,
39128874,현대,YF 쏘나타,Y20 프라임,(세부등급 없음),201101.0,2011,450.0,108689.0,가솔린,오토,ORIGINAL,일반,2025-03-19 20:54:16.000 +09,울산,최강모터스,65러3318,1,1,2,57.0913,33.3795,1,0,
38988706,현대,YF 쏘나타,Y20 프라임,고급형,201005.0,2010,400.0,121370.0,가솔린,오토,ORIGINAL,일반,2025-03-19 20:54:03.000 +09,대구,새봄모터스,26주7674,4,0,2,264.7014,0.0,0,0,
39098813,현대,LF 쏘나타 하이브리드,2.0 HEV,프리미엄,201512.0,2016,1250.0,104578.0,가솔린+전기,오토,ORIGINAL,일반,2025-03-19 20:53:25.000 +09,부산,퍼스트카,32러0654,2,1,3,100.383,26.297,0,0,
39111045,현대,LF 쏘나타,2.0 케어플러스,,201605.0,2017,1150.0,96356.0,가솔린,오토,ORIGINAL,일반,2025-03-19 20:53:25.000 +09,부산,퍼스트카,268무6235,0,2,9,0.0,80.3759,2,0,
39094207,현대,LF 쏘나타 하이브리드,2.0 HEV,프리미엄,201507.0,2016,1090.0,125482.0,가솔린+전기,오토,ORIGINAL,일반,2025-03-19 20:53:20.000 +09,경기,무결점 카모터스,58누4102,3,0,3,272.0828,0.0,0,0,
39155767,현대,쏘나타 (DN8),2.0,프리미엄,201908.0,2020,1750.0,59740.0,가솔린,오토,ORIGINAL,일반,2025-03-19 20:52:41.000 +09,경기,유일오토,24고3041,2,3,4,178.0788,0.0,0,0,
39192864,현대,쏘나타 뉴 라이즈,LPI 스타일,,201803.0,2018,820.0,185531.0,LPG(일반인 구입),오토,ORIGINAL,일반,2025-03-19 20:52:24.000 +09,경기,슬기로운딜러생활,305보3542,0,1,2,0.0,204.821,1,0,
38667157,현대,YF 쏘나타,LPI 럭셔리,,201107.0,2011,350.0,107068.0,LPG(일반인 구입),오토,ORIGINAL,일반,2025-03-19 20:52:18.000 +09,대전,승리자동차,18보4280,5,4,6,584.3634,179.0301,0,0,
39044785,현대,NF 쏘나타 트랜스폼,LPG N20 프리미어,,200906.0,2010,270.0,125646.0,LPG(일반인 구입),오토,ORIGINAL,일반,2025-03-19 20:52:02.000 +09,부산,YG모터스,57너4811,2,1,4,115.196,34.8853,0,0,
39128800,현대,쏘나타 뉴 라이즈,LPI 프리미엄,,201806.0,2019,1760.0,58064.0,LPG(일반인 구입),오토,ORIGINAL,일반,2025-03-19 20:51:51.000 +09,전북,현모터스,23저2933,0,1,4,0.0,315.72,0,0,
39108614,현대,쏘나타 하이브리드 (DN8),인스퍼레이션,,201909.0,2020,2700.0,37518.0,가솔린+전기,오토,ORIGINAL,일반,2025-03-19 20:51:24.000 +09,부산,더드림카,266더3123,1,0,1,78.5983,0.0,0,0,
38790053,현대,쏘나타 (DN8),2.0 LPG(렌터카용),스타일,202006.0,2021,1340.0,130259.0,LPG(일반인 구입),오토,ORIGINAL,일반,2025-03-19 20:51:24.000 +09,경북,패밀리모터스,262두8657,2,0,1,118.2273,0.0,1,0,
37924249,현대,쏘나타 디 엣지 하이브리드(DN8),익스클루시브,,202405.0,2024,2450.0,500.0,가솔린+전기,오토,ORIGINAL,렌트,2025-03-19 20:51:10.000 +09,서울,,220하5783,1,0,0,93.2584,0.0,0,0,
39184819,현대,LF 쏘나타,LPI 택시형,스타일,201409.0,2015,349.0,349110.0,LPG(일반인 구입),오토,ORIGINAL,일반,2025-03-19 20:51:09.000 +09,부산,(주)카맨,317무2927,3,1,2,322.7611,39.716,1,0,
39228480,현대,쏘나타 더 브릴리언트,LPI 스타일,,201210.0,2013,319.0,158701.0,LPG(일반인 구입),오토,ORIGINAL,일반,2025-03-19 20:51:09.000 +09,부산,(주)카맨,27다0712,1,5,5,8.7299,2419.115,1,0,
38335314,현대,YF 쏘나타,Y20 프라임,(세부등급 없음),201009.0,2011,339.0,118312.0,가솔린,오토,ORIGINAL,일반,2025-03-19 20:51:08.000 +09,부산,(주)카맨,57저2140,3,0,0,654.782,0.0,0,0,
38147095,현대,쏘나타 하이브리드,2.0,모던,201303.0,2014,459.0,152375.0,가솔린+전기,오토,ORIGINAL,일반,2025-03-19 20:51:08.000 +09,부산,(주)카맨,48보6001,3,3,1,169.4893,234.1612,0,0,
39228771,현대,쏘나타 더 브릴리언트,LPI 택시형,스타일,201306.0,2014,349.0,159688.0,LPG(일반인 구입),오토,ORIGINAL,일반,2025-03-19 20:51:07.000 +09,부산,(주)카맨,112무8833,0,0,2,0.0,0.0,1,0,
38814619,현대,YF 쏘나타,LPI 프리미어(장애인용),,201110.0,2012,339.0,126986.0,LPG(일반인 구입),오토,ORIGINAL,일반,2025-03-19 20:51:07.000 +09,부산,(주)카맨,32조8131,5,3,1,484.3332,289.7468,0,1,
39185240,현대,LF 쏘나타,LPI 스마트,,201604.0,2016,549.0,208490.0,LPG(일반인 구입),오토,ORIGINAL,일반,2025-03-19 20:51:07.000 +09,부산,(주)카맨,393버5302,4,2,3,259.6174,154.6289,1,0,
38573032,현대,쏘나타 뉴 라이즈,2.0 프리미엄 스페셜,,201903.0,2019,1390.0,126317.0,가솔린,오토,ORIGINAL,일반,2025-03-19 20:51:01.000 +09,경북,에스모터스,178오2351,1,2,4,0.0,66.8489,1,0,
38827753,현대,LF 쏘나타,LPI 모던,,201406.0,2015,960.0,78429.0,LPG(일반인 구입),오토,ORIGINAL,일반,2025-03-19 20:50:09.000 +09,경기,라온모터스,66저4930,2,3,3,124.8908,262.6681,0,0,
39004163,현대,LF 쏘나타,2.0 스마트,(세부등급 없음),201405.0,2015,699.0,114380.0,가솔린,오토,ORIGINAL,일반,2025-03-19 20:50:03.000 +09,대구,친절한 중고차,27도9520,6,4,5,2273.455,714.7482,0,0,
38215810,현대,쏘나타 (DN8),2.0,프리미엄,201907.0,2020,1970.0,67539.0,가솔린,오토,ORIGINAL,일반,2025-03-19 20:50:03.000 +09,대구,대영자동차상사,239소8302,3,0,1,273.7158,0.0,1,0,
38714280,현대,LF 쏘나타 하이브리드,2.0 HEV,모던,201604.0,2016,1590.0,64243.0,가솔린+전기,오토,ORIGINAL,일반,2025-03-19 20:49:41.000 +09,경북,대잠중고자동차매매상사,33오0691,2,0,2,244.643,0.0,0,0,
38986121,현대,쏘나타 (DN8),2.0 LPG(렌터카용),스타일,202107.0,2022,1560.0,48255.0,LPG(일반인 구입),오토,ORIGINAL,일반,2025-03-19 20:49:23.000 +09,경기,우진상사,232오6238,2,2,1,366.4187,197.9602,0,0,
39148815,현대,쏘나타 뉴 라이즈,2.0 스마트,,201711.0,2018,1450.0,42171.0,가솔린,오토,ORIGINAL,일반,2025-03-19 20:48:57.000 +09,경기,레인보우,36거4823,1,0,2,49.5849,0.0,0,0,
38677665,현대,LF 쏘나타,LPI 모던(장애인용),,201505.0,2015,990.0,127270.0,LPG(일반인 구입),오토,ORIGINAL,일반,2025-03-19 20:48:57.000 +09,대구,등대모터스,11수9869,5,9,2,603.6875,808.736,0,0,
39234545,현대,쏘나타 (DN8),1.6 터보,모던,202210.0,2023,1880.0,25308.0,가솔린,오토,ORIGINAL,일반,2025-03-19 20:48:56.000 +09,대구,(주)히든모터스,364우6913,1,0,0,64.047,0.0,0,0,
39196042,현대,LF 쏘나타,2.0 스마트,(세부등급 없음),201501.0,2015,950.0,94154.0,가솔린,오토,ORIGINAL,일반,2025-03-19 20:48:46.000 +09,경기,국민중고차,12저9547,3,0,2,207.3123,0.0,0,0,
39160163,현대,쏘나타 디 엣지(DN8),2.0 LPG(렌터카),비즈니스 1,202309.0,2024,2690.0,19012.0,LPG(일반인 구입),오토,ORIGINAL,일반,2025-03-19 20:48:39.000 +09,경기,믿음모터스,231부7622,0,0,1,0.0,0.0,1,0,
39212708,현대,쏘나타 디 엣지(DN8),2.0,익스클루시브,202503.0,2025,2420.0,300.0,가솔린,오토,ORIGINAL,리스,2025-03-19 20:48:08.000 +09,서울,,258부4299,0,0,0,0.0,0.0,0,0,
38817994,현대,쏘나타 (DN8),2.0 LPG(렌터카용),스타일,202108.0,2022,1450.0,110555.0,LPG(일반인 구입),오토,ORIGINAL,일반,2025-03-19 20:47:51.000 +09,전북,유)기운모터스,207로8598,1,0,3,83.9599,0.0,1,0,
38661261,현대,LF 쏘나타,LPI 스마트,,201608.0,2017,990.0,100400.0,LPG(일반인 구입),오토,ORIGINAL,일반,2025-03-19 20:47:27.000 +09,경남,신화모터스,182로3673,2,0,4,144.4608,0.0,1,0,
39190989,현대,LF 쏘나타,2.0 스마트,(세부등급 없음),201509.0,2016,850.0,164850.0,가솔린,오토,ORIGINAL,일반,2025-03-19 20:47:14.000 +09,경기,두드림자동차,20로8805,5,0,2,533.4679,0.0,0,0,
39141452,현대,쏘나타 뉴 라이즈,2.0 프리미엄 스페셜,,201704.0,2018,1360.0,94049.0,가솔린,오토,ORIGINAL,일반,2025-03-19 20:47:02.000 +09,경기,아인모터스,46너6410,2,0,1,236.673,0.0,0,0,
39238402,현대,쏘나타 뉴 라이즈,LPI 모던,,201704.0,2018,1149.0,83000.0,LPG(일반인 구입),오토,ORIGINAL,일반,2025-03-19 20:47:02.000 +09,대전,와이씨,07가2051,2,0,3,228.603,0.0,0,0,
38207014,현대,LF 쏘나타,2.0 스타일,(세부등급 없음),201405.0,2015,790.0,74509.0,가솔린,오토,ORIGINAL,일반,2025-03-19 20:46:57.000 +09,부산,에이스모터스,23머3951,8,4,1,846.2958,368.8573,0,0,
38266935,현대,쏘나타 더 브릴리언트,LPI 스마트,,201405.0,2014,470.0,60439.0,LPG(일반인 구입),오토,ORIGINAL,일반,2025-03-19 20:46:40.000 +09,경기,,45우7151,10,7,1,1511.8535,867.618,0,0,
39266319,현대,YF 쏘나타,LPI 탑,,201101.0,2011,390.0,134905.0,LPG(일반인 구입),오토,ORIGINAL,일반,2025-03-19 20:46:22.000 +09,대구,JR 모터스,14서5889,4,2,3,407.4549,224.846,0,0,
39183803,현대,YF 쏘나타,LPI 프리미어(장애인용),,201011.0,2011,390.0,127181.0,LPG(일반인 구입),오토,ORIGINAL,일반,2025-03-19 20:46:22.000 +09,대구,JR 모터스,57러1720,3,3,1,640.519,730.6758,0,0,
39024370,현대,쏘나타 (DN8),2.0 LPG(렌터카용),스타일,202103.0,2021,1330.0,114602.0,LPG(일반인 구입),오토,ORIGINAL,일반,2025-03-19 20:46:09.000 +09,전북,은혜모터스,133구3014,2,0,2,150.9558,0.0,1,0,
38461085,현대,LF 쏘나타,2.0 스타일,(세부등급 없음),201601.0,2016,899.0,120000.0,가솔린,오토,ORIGINAL,일반,2025-03-19 20:46:09.000 +09,전북,은혜모터스,04어0685,1,1,2,40.1609,48.42,0,0,
38348132,현대,LF 쏘나타,LPI 스마트,,201704.0,2017,999.0,102125.0,LPG(일반인 구입),오토,ORIGINAL,일반,2025-03-19 20:46:08.000 +09,전북,은혜모터스,192러9317,0,0,5,0.0,0.0,1,0,
39229074,현대,YF 쏘나타,Y20 그랜드,,201204.0,2012,450.0,104868.0,가솔린,오토,ORIGINAL,일반,2025-03-19 20:44:38.000 +09,경남, MK모터스,66노1091,3,7,5,177.3958,559.3867,0,0,
38765902,현대,쏘나타 (DN8),2.0 LPG(렌터카용),스마트,202005.0,2020,1720.0,53390.0,LPG(일반인 구입),오토,ORIGINAL,일반,2025-03-19 20:43:32.000 +09,광주,(주)우리모터스,255라6349,0,0,1,0.0,0.0,1,0,
38685614,현대,쏘나타 뉴 라이즈,LPI 모던,,201706.0,2018,940.0,157333.0,LPG(일반인 구입),오토,ORIGINAL,일반,2025-03-19 20:43:25.000 +09,경기,(주) 세종모터스,384우7703,0,0,3,0.0,0.0,1,0,
39118538,현대,쏘나타 (DN8),2.0 LPG(렌터카용),스마트,202004.0,2020,1480.0,99784.0,LPG(일반인 구입),오토,ORIGINAL,일반,2025-03-19 20:42:25.000 +09,경기,차란차(주),109거8820,1,0,1,80.688,0.0,1,0,
38696587,현대,쏘나타 (DN8),2.0,프리미엄 패밀리,201908.0,2020,1610.0,62533.0,가솔린,오토,ORIGINAL,일반,2025-03-19 20:42:08.000 +09,경기,(주)모든카갤러리,33수1794,0,0,3,0.0,0.0,0,0,
38987743,현대,쏘나타 (DN8),2.0 LPG(렌터카용),스마트,202107.0,2022,1760.0,67715.0,LPG(일반인 구입),오토,ORIGINAL,일반,2025-03-19 20:42:08.000 +09,경기,(주)모든카갤러리,330우9312,0,1,1,0.0,66.5814,0,0,
39163737,현대,YF 쏘나타,Y20 탑,최고급형,201003.0,2010,449.0,132668.0,가솔린,오토,ORIGINAL,일반,2025-03-19 20:41:43.000 +09,대구,SB모터스,24모9224,6,5,4,354.19,1262.731,0,0,
38742037,현대,쏘나타 하이브리드 (DN8),인스퍼레이션,,202212.0,2023,3190.0,18561.0,가솔린+전기,오토,ORIGINAL,일반,2025-03-19 20:41:24.000 +09,충북,청주모터스,251모2257,0,0,1,0.0,0.0,0,0,
37403952,현대,쏘나타 디 엣지(DN8),1.6 터보,인스퍼레이션,202401.0,2024,3200.0,6658.0,가솔린,오토,ORIGINAL,일반,2025-03-19 20:41:11.000 +09,경기,중앙자동차매매상사,203어8989,1,0,1,101.556,0.0,0,0,
39187863,현대,LF 쏘나타 하이브리드,2.0 HEV,스마트,201503.0,2015,885.0,128890.0,가솔린+전기,오토,ORIGINAL,일반,2025-03-19 20:41:11.000 +09,경북,국제종합자동차상사,152버3708,5,1,7,638.3302,120.6839,1,0,
38812122,현대,쏘나타 하이브리드,2.0,프리미어,201301.0,2013,599.0,137685.0,가솔린+전기,오토,ORIGINAL,일반,2025-03-19 20:41:08.000 +09,부산,박준표중고차,15도4190,1,0,3,133.8978,0.0,0,0,
39025722,현대,YF 쏘나타,Y20 프라임,(세부등급 없음),201111.0,2012,579.0,109204.0,가솔린,오토,ORIGINAL,일반,2025-03-19 20:41:08.000 +09,부산,박준표중고차,22부1157,1,4,3,65.4002,162.6964,0,0,
38534677,현대,쏘나타 (DN8),2.0 LPG(렌터카용),스타일,202102.0,2021,1690.0,55436.0,LPG(일반인 구입),오토,ORIGINAL,일반,2025-03-19 20:40:46.000 +09,광주,전라도모터스,176루7505,0,0,1,0.0,0.0,1,0,
38808023,현대,쏘나타 (DN8),2.0,프리미엄 밀레니얼,201909.0,2020,1599.0,87476.0,가솔린,오토,ORIGINAL,일반,2025-03-19 20:40:44.000 +09,대전,H브로모터스,391서8272,1,0,2,73.88,0.0,0,0,
38876347,현대,쏘나타 디 엣지 하이브리드(DN8),익스클루시브,,202405.0,2024,3390.0,7826.0,가솔린+전기,오토,ORIGINAL,일반,2025-03-19 20:40:35.000 +09,전북,전주효자상사,189수8282,0,0,2,0.0,0.0,0,0,
37384972,현대,쏘나타 디 엣지 하이브리드(DN8),프리미엄,,202308.0,2024,3124.0,16800.0,가솔린+전기,오토,ORIGINAL,렌트,2025-03-19 20:40:04.000 +09,경기,,198호6941,0,0,0,0.0,0.0,0,0,
39115622,현대,LF 쏘나타,LPI 프리미엄,,201605.0,2017,799.0,129008.0,LPG(일반인 구입),오토,ORIGINAL,일반,2025-03-19 20:40:04.000 +09,대구,대구종합상사,42오0539,7,5,2,788.8793,397.9374,0,0,
39211546,현대,쏘나타 뉴 라이즈,2.0 스마트 초이스,,201804.0,2019,1290.0,92175.0,가솔린,오토,ORIGINAL,일반,2025-03-19 20:40:04.000 +09,서울,오톰자동차,131버5565,0,0,3,0.0,0.0,1,0,
39039445,현대,YF 쏘나타,LPI 럭셔리,,201007.0,2010,430.0,103704.0,LPG(일반인 구입),오토,ORIGINAL,일반,2025-03-19 20:39:49.000 +09,경기,스마일자동차,63주9653,0,0,4,0.0,0.0,1,0,
39042480,현대,쏘나타 (DN8),2.0,스마트,201908.0,2020,1500.0,74322.0,가솔린,오토,ORIGINAL,일반,2025-03-19 20:39:31.000 +09,경기,진모터스,264버1266,1,1,4,107.1399,0.0,1,0,
39001868,현대,쏘나타 뉴 라이즈 하이브리드,모던,,201811.0,2019,1500.0,108806.0,가솔린+전기,오토,ORIGINAL,일반,2025-03-19 20:39:31.000 +09,경기,진모터스,108부6095,1,0,1,93.8566,0.0,1,0,
39090986,현대,쏘나타 (DN8),2.0 LPG(렌터카용),스마트,202111.0,2022,1580.0,83548.0,LPG(일반인 구입),오토,ORIGINAL,일반,2025-03-19 20:39:18.000 +09,경기,진모터스,317수3924,1,0,1,47.636,0.0,1,0,
38260855,현대,쏘나타 디 엣지 하이브리드(DN8),익스클루시브,,202409.0,2024,3360.0,10.0,가솔린+전기,오토,ORIGINAL,렌트,2025-03-19 20:38:02.000 +09,대구,,220하7008,0,0,0,0.0,0.0,0,0,
39059047,현대,YF 쏘나타,LPI 프리미어(장애인용),,201006.0,2010,390.0,156481.0,LPG(일반인 구입),오토,ORIGINAL,일반,2025-03-19 20:38:02.000 +09,서울,드림카,23도3525,6,4,2,341.617,276.4387,0,0,
39256946,현대,쏘나타 (DN8),2.0 LPG(렌터카용),스마트,202206.0,2022,1840.0,40171.0,LPG(일반인 구입),오토,ORIGINAL,일반,2025-03-19 20:38:02.000 +09,인천,카써클자동차,334고1386,1,0,1,69.142,0.0,1,0,
37802482,현대,쏘나타 (DN8),2.0,인스퍼레이션,201904.0,2020,1990.0,61122.0,가솔린,오토,ORIGINAL,일반,2025-03-19 20:38:01.000 +09,부산,에이스모터스,66라1186,1,0,3,93.75,0.0,0,0,
38217248,현대,YF 쏘나타,Y20 월드컵 스페셜 에디션,,201008.0,2010,360.0,141572.0,가솔린,오토,ORIGINAL,일반,2025-03-19 20:37:53.000 +09,대전,베스트모터스,19루3369,3,1,3,390.5875,533.8585,0,0,
39172054,현대,LF 쏘나타,2.0 케어플러스,,201705.0,2017,1150.0,128008.0,가솔린,오토,ORIGINAL,일반,2025-03-19 20:37:42.000 +09,경기,중앙상사,203무6391,2,0,7,267.983,0.0,2,0,
39194609,현대,쏘나타 뉴 라이즈,2.0 스마트 스페셜,,201811.0,2019,1790.0,10055.0,가솔린,오토,ORIGINAL,일반,2025-03-19 20:37:15.000 +09,경기,다모아모터스,18우1912,2,2,1,112.7455,343.4683,0,0,
38928317,현대,쏘나타 (DN8),2.0 LPG(렌터카용),스마트,202201.0,2022,1690.0,88008.0,LPG(일반인 구입),오토,ORIGINAL,일반,2025-03-19 20:37:11.000 +09,대구,다다모터스,168머7341,0,0,2,0.0,0.0,1,0,
38951972,현대,쏘나타 뉴 라이즈,2.0 모던,,201901.0,2019,1330.0,106767.0,가솔린,오토,ORIGINAL,일반,2025-03-19 20:36:58.000 +09,부산,중앙상사,04보4088,4,0,0,404.315,0.0,0,0,
38462284,현대,LF 쏘나타,2.0 스마트,(세부등급 없음),201412.0,2015,990.0,107628.0,가솔린,오토,ORIGINAL,일반,2025-03-19 20:36:49.000 +09,충북,대신모터스,63두8678,8,5,1,808.0256,328.148,0,0,
38828816,현대,쏘나타 뉴 라이즈 하이브리드,모던,,201901.0,2019,1399.0,103461.0,가솔린+전기,오토,ORIGINAL,일반,2025-03-19 20:36:30.000 +09,부산,(주)브로모터스,174우1492,2,0,3,66.0821,0.0,1,0,
38624061,현대,YF 쏘나타,LPI 럭셔리,,201105.0,2011,370.0,137708.0,LPG(일반인 구입),오토,ORIGINAL,일반,2025-03-19 20:36:19.000 +09,전북,현대모터스,32오0781,7,4,5,596.5858,288.0054,1,0,
39198751,현대,LF 쏘나타,2.0 터보 익스클루시브,,201507.0,2015,1090.0,150278.0,가솔린,오토,ORIGINAL,일반,2025-03-19 20:35:54.000 +09,대구,세븐모터스,38도0346,3,2,6,60.5247,137.6628,1,0,
39159498,현대,쏘나타 (DN8),2.0,모던,202202.0,2022,1800.0,80414.0,가솔린,오토,ORIGINAL,일반,2025-03-19 20:34:40.000 +09,강원,태평양매매단지모터스,255조5946,0,0,2,0.0,0.0,1,0,
39146291,현대,쏘나타 (DN8),2.0,모던,202202.0,2022,1740.0,87878.0,가솔린,오토,ORIGINAL,일반,2025-03-19 20:33:08.000 +09,경남,울트라모터스,221우5332,1,2,2,210.017,100.5956,1,0,
39094617,현대,쏘나타 뉴 라이즈,2.0 스마트,,201704.0,2018,1290.0,119770.0,가솔린,오토,ORIGINAL,일반,2025-03-19 20:33:02.000 +09,대전,한길모터스(주),63로2026,5,5,2,335.4083,415.644,0,0,
38810712,현대,쏘나타 (DN8),2.0,프리미엄,202002.0,2020,1700.0,38951.0,가솔린,오토,ORIGINAL,일반,2025-03-19 20:32:59.000 +09,서울,주식회사 에스알카,223서3347,1,0,1,221.518,0.0,0,0,
38810712,현대,쏘나타 (DN8),2.0,프리미엄,202002.0,2020,1700.0,38951.0,가솔린,오토,ORIGINAL,일반,2025-03-19 20:32:59.000 +09,서울,주식회사 에스알카,223서3347,1,0,0,221.518,0.0,0,0,
38330416,현대,쏘나타 뉴 라이즈,2.0 스타일,,201710.0,2018,1390.0,29687.0,가솔린,오토,ORIGINAL,일반,2025-03-19 20:32:58.000 +09,전북,서울모터스,193버1463,0,1,1,0.0,661.996,1,0,
38305214,현대,쏘나타 뉴 라이즈,2.0 스타일,,201710.0,2018,1350.0,45488.0,가솔린,오토,ORIGINAL,일반,2025-03-19 20:32:57.000 +09,전북,서울모터스,193버1428,0,0,1,0.0,0.0,1,0,
39187983,현대,YF 쏘나타,LPI 럭셔리(장애인용),,201011.0,2011,260.0,287404.0,LPG(일반인 구입),오토,ORIGINAL,일반,2025-03-19 20:31:20.000 +09,광주,(주)하늘모터스,59어7426,3,2,2,378.758,238.862,0,0,
38435075,현대,LF 쏘나타,LPI 프리미엄,,201505.0,2015,890.0,128902.0,LPG(일반인 구입),오토,ORIGINAL,일반,2025-03-19 20:31:10.000 +09,대구,대공원모터스,28우6887,4,2,1,378.7303,160.1552,0,0,
38984663,현대,쏘나타 하이브리드 (DN8),인스퍼레이션,,202203.0,2022,2490.0,58320.0,가솔린+전기,오토,ORIGINAL,일반,2025-03-19 20:30:05.000 +09,대구,다다모터스,180오7102,3,2,1,246.1185,333.8759,1,0,
38948507,현대,쏘나타 디 엣지(DN8),1.6 터보,인스퍼레이션,202501.0,2025,3720.0,10.0,가솔린,오토,ORIGINAL,렌트,2025-03-19 20:30:05.000 +09,대구,,224하4095,0,0,0,0.0,0.0,0,0,
39251023,현대,쏘나타 하이브리드,2.0,로열,201211.0,2012,469.0,108175.0,가솔린+전기,오토,ORIGINAL,일반,2025-03-19 20:30:05.000 +09,경기,(주)숨카직영점,14보4843,5,3,3,927.1185,816.7727,0,0,
38424406,현대,LF 쏘나타,2.0 프리미엄,(세부등급 없음),201607.0,2016,1450.0,44588.0,가솔린,오토,ORIGINAL,일반,2025-03-19 20:30:04.000 +09,서울,파인뱅크,20버0111,0,0,2,0.0,0.0,0,0,
39193019,현대,쏘나타 (DN8),2.0,모던,202203.0,2022,1780.0,86310.0,가솔린,오토,ORIGINAL,일반,2025-03-19 20:29:57.000 +09,경남,넘버원모터스,223무5484,0,2,1,0.0,515.135,1,0,
38929929,현대,쏘나타 더 브릴리언트,LPI 택시형,스타일,201511.0,2016,290.0,249887.0,LPG(일반인 구입),오토,ORIGINAL,일반,2025-03-19 20:29:57.000 +09,경남,넘버원모터스,229소4902,1,0,4,62.6458,0.0,1,0,
39099128,현대,쏘나타 디 엣지(DN8),2.0,인스퍼레이션,202407.0,2024,3180.0,11430.0,가솔린,오토,ORIGINAL,일반,2025-03-19 20:28:47.000 +09,경기,GD CAR,299노7584,0,1,1,0.0,0.0,0,0,
39262072,현대,쏘나타 뉴 라이즈 하이브리드,프리미엄,스페셜,201806.0,2019,1550.0,129065.0,가솔린+전기,오토,ORIGINAL,일반,2025-03-19 20:28:21.000 +09,인천,모빌팡,01저7899,0,0,3,0.0,0.0,0,0,
38513253,현대,LF 쏘나타,LPI 프리미엄 스페셜,,201405.0,2015,1310.0,39854.0,LPG(일반인 구입),오토,ORIGINAL,일반,2025-03-19 20:28:12.000 +09,대구,명카 모터스,202나6299,1,0,3,100.7103,0.0,1,0,
37656351,현대,쏘나타 더 브릴리언트,CVVL 프리미엄,,201304.0,2013,430.0,197544.0,가솔린,오토,ORIGINAL,일반,2025-03-19 20:28:10.000 +09,경북,강현모터스,41주1615,5,3,4,491.2071,413.5559,0,0,
38830160,현대,YF 쏘나타,LPI 럭셔리,,201102.0,2011,250.0,210000.0,LPG(일반인 구입),오토,ORIGINAL,일반,2025-03-19 20:28:01.000 +09,대전,수정모터스,24누7591,3,0,4,293.2494,0.0,0,0,
38620356,현대,쏘나타 (DN8),2.0,프리미엄 플러스,202207.0,2022,2250.0,36624.0,가솔린,오토,ORIGINAL,일반,2025-03-19 20:27:11.000 +09,대구,ok차차차,360러6070,0,0,1,0.0,0.0,1,0,
38420941,현대,NF 쏘나타 트랜스폼,LPG N20 럭셔리,,200810.0,2009,220.0,175619.0,LPG(일반인 구입),오토,ORIGINAL,일반,2025-03-19 20:27:02.000 +09,대구,중고차365,60부1647,4,2,2,220.7465,66.8809,0,0,
38888767,현대,YF 쏘나타,LPI 탑,,201101.0,2011,460.0,132214.0,LPG(일반인 구입),오토,ORIGINAL,일반,2025-03-19 20:26:45.000 +09,대구,스마일모터스,16조1497,3,1,1,213.7834,35.78,0,0,
39193571,현대,쏘나타 (DN8),2.0,프리미엄,202102.0,2021,1820.0,58583.0,가솔린,오토,ORIGINAL,일반,2025-03-19 20:26:39.000 +09,전북,전주상사,245조6704,3,0,0,400.2479,0.0,0,0,
39258538,현대,LF 쏘나타,2.0 스마트,(세부등급 없음),201508.0,2016,870.0,148577.0,가솔린,오토,ORIGINAL,일반,2025-03-19 20:26:24.000 +09,대구,대상모터스,50구2516,0,0,3,0.0,0.0,1,0,
39141862,현대,쏘나타 (DN8),2.0 LPG(렌터카용),스마트,202103.0,2021,1500.0,129908.0,LPG(일반인 구입),오토,ORIGINAL,일반,2025-03-19 20:26:15.000 +09,광주,(주)덕산자동차매매,226우7963,1,0,2,62.7169,0.0,1,0,
39235953,현대,쏘나타 (DN8),2.0 LPG(렌터카용),스타일,202102.0,2021,1790.0,26666.0,LPG(일반인 구입),오토,ORIGINAL,일반,2025-03-19 20:26:03.000 +09,부산,롯데상사,353소4055,0,0,1,0.0,0.0,1,0,
39171353,현대,쏘나타 (DN8),2.0,프리미엄,202004.0,2020,1350.0,57000.0,가솔린,오토,ORIGINAL,일반,2025-03-19 20:25:51.000 +09,대전,(주)엠월드,104주2504,1,2,3,135.0858,556.6834,0,0,
39268651,현대,쏘나타 더 브릴리언트,CVVL 블루세이버,,201306.0,2014,550.0,119024.0,가솔린,오토,ORIGINAL,일반,2025-03-19 20:25:51.000 +09,대전,(주)엠월드,280너7685,2,0,5,93.159,0.0,1,0,
39069371,현대,YF 쏘나타,Y20 프라임,고급형,201003.0,2010,399.0,31999.0,가솔린,오토,ORIGINAL,일반,2025-03-19 20:25:47.000 +09,경기,클린오토,41도1117,7,3,1,961.0506,427.474,0,0,
39238136,현대,쏘나타 (DN8),2.0,인스퍼레이션,202105.0,2022,2350.0,34200.0,가솔린,오토,ORIGINAL,일반,2025-03-19 20:25:45.000 +09,경기,준모터스,259노5186,1,0,1,165.4833,0.0,1,0,
38622207,현대,LF 쏘나타,1.7 디젤 스마트,스페셜,201512.0,2016,1090.0,97600.0,디젤,오토,ORIGINAL,일반,2025-03-19 20:25:43.000 +09,경기,준모터스,23부0576,2,1,1,128.03,133.181,0,0,
39147634,현대,쏘나타 하이브리드,2.0,스마트,201307.0,2014,439.0,201460.0,가솔린+전기,오토,ORIGINAL,일반,2025-03-19 20:25:28.000 +09,경기,(주)디에이치모터스,55다3887,1,0,2,180.7692,0.0,0,0,
39029701,현대,LF 쏘나타,LPI 스마트,,201404.0,2015,438.0,195253.0,LPG(일반인 구입),오토,ORIGINAL,일반,2025-03-19 20:25:28.000 +09,경기,(주)디에이치모터스,50두4096,2,6,2,286.4469,383.22,2,0,
39098237,현대,쏘나타 뉴 라이즈,LPI 모던,,201802.0,2018,939.0,174501.0,LPG(일반인 구입),오토,ORIGINAL,일반,2025-03-19 20:25:27.000 +09,경기,(주)디에이치모터스,237서6845,1,1,2,32.6698,61.914,1,0,
38965515,현대,LF 쏘나타 하이브리드,2.0 HEV,모던,201511.0,2016,789.0,94403.0,가솔린+전기,오토,ORIGINAL,일반,2025-03-19 20:25:27.000 +09,경기,(주)디에이치모터스,01러0176,2,6,4,1308.448,1842.8654,0,0,
38512495,현대,LF 쏘나타,LPI 프리미엄 스페셜,,201606.0,2017,690.0,223801.0,LPG(일반인 구입),오토,ORIGINAL,일반,2025-03-19 20:25:10.000 +09,전북,,168가1880,1,0,2,326.0775,0.0,1,0,
39211866,현대,쏘나타 (DN8),2.0 LPG(장애인용),모던,201909.0,2020,1590.0,106249.0,LPG(일반인 구입),오토,ORIGINAL,일반,2025-03-19 20:25:10.000 +09,서울,태성모터스,333다9720,0,0,4,0.0,0.0,0,0,
39061304,현대,YF 쏘나타,Y20 월드컵 스페셜 에디션,,201005.0,2010,359.0,123698.0,가솔린,오토,ORIGINAL,일반,2025-03-19 20:25:10.000 +09,경기,클린오토,54어2074,3,4,5,289.5957,625.5268,1,0,
38546274,현대,쏘나타 하이브리드,2.0,프리미엄,201305.0,2014,549.0,161999.0,가솔린+전기,오토,ORIGINAL,일반,2025-03-19 20:24:50.000 +09,충남,불모터스,59주1214,3,0,3,217.3603,0.0,0,0,
39176415,현대,쏘나타 (DN8),2.0,프리미엄,201904.0,2020,1670.0,67789.0,가솔린,오토,ORIGINAL,일반,2025-03-19 20:24:41.000 +09,경기,통일모터스,65조0424,0,0,2,0.0,0.0,0,0,
38832640,현대,쏘나타 뉴 라이즈,LPI 프리미엄,,201801.0,2018,1740.0,52014.0,LPG(일반인 구입),오토,ORIGINAL,일반,2025-03-19 20:24:41.000 +09,경기,통일모터스,61너5551,0,0,1,0.0,0.0,0,0,
39012075,현대,LF 쏘나타,LPI 모던,,201506.0,2015,720.0,163000.0,LPG(일반인 구입),오토,ORIGINAL,일반,2025-03-19 20:24:02.000 +09,경기,(주)한성모터스,23어1943,3,0,1,412.088,0.0,0,0,
39113316,현대,쏘나타 하이브리드 (DN8),프리미엄,(세부등급 없음),201911.0,2020,1610.0,98339.0,가솔린+전기,오토,ORIGINAL,일반,2025-03-19 20:24:02.000 +09,전북,장모터스,186누8355,1,2,2,57.0614,75.6578,1,0,
39196227,현대,YF 쏘나타,LPI 럭셔리,,201007.0,2010,240.0,184628.0,LPG(일반인 구입),오토,ORIGINAL,일반,2025-03-19 20:24:02.000 +09,경기,(주)숨카,55두4306,2,2,5,144.3624,85.6086,1,0,
38231846,현대,LF 쏘나타 하이브리드,2.0 HEV,모던,201504.0,2015,950.0,151902.0,가솔린+전기,오토,ORIGINAL,일반,2025-03-19 20:23:38.000 +09,울산,강호모터스,55저5078,1,2,1,81.8591,155.5416,0,0,
39190224,현대,쏘나타 (DN8),2.0,프리미엄 플러스,202201.0,2022,2098.0,43930.0,가솔린,오토,ORIGINAL,일반,2025-03-19 20:23:20.000 +09,대구,빛나는 자동차,228노4360,0,0,1,0.0,0.0,1,0,
38909892,현대,쏘나타 뉴 라이즈,LPI 스타일,,201705.0,2018,1090.0,120482.0,LPG(일반인 구입),오토,ORIGINAL,일반,2025-03-19 20:23:19.000 +09,전북,뉴합동모터스,135소1880,1,0,3,73.1988,0.0,1,0,
38910605,현대,쏘나타 뉴 라이즈,LPI 택시형,프리미엄,201708.0,2018,569.0,224237.0,LPG(일반인 구입),오토,ORIGINAL,일반,2025-03-19 20:23:14.000 +09,충남,신세계자동차,303조6710,5,1,5,760.3336,152.7557,1,0,
39095019,현대,NF 쏘나타 트랜스폼,N20 프리미어 블랙,고급형,200809.0,2009,360.0,106897.0,가솔린,오토,ORIGINAL,일반,2025-03-19 20:22:49.000 +09,서울,CSM오토컴퍼니,43구9839,2,2,5,156.9507,281.4096,0,0,
38671125,현대,LF 쏘나타,LPI 프리미엄 스페셜,,201605.0,2017,860.0,179876.0,LPG(일반인 구입),오토,ORIGINAL,일반,2025-03-19 20:22:47.000 +09,전북,365모터스,24소0957,2,1,3,276.5174,85.788,0,0,
38127007,현대,쏘나타 (DN8),2.0,인스퍼레이션,201908.0,2020,1830.0,126397.0,가솔린,오토,ORIGINAL,일반,2025-03-19 20:21:12.000 +09,대전,(주)VIP모터스,42보8134,3,0,1,400.3533,0.0,0,0,
38304479,현대,LF 쏘나타,LPI 프리미엄 스페셜,,201511.0,2016,1080.0,84157.0,LPG(일반인 구입),오토,ORIGINAL,일반,2025-03-19 20:21:02.000 +09,경기,그랜드모터스(주),02주0452,3,4,2,208.8107,642.3496,0,0,
38998323,현대,쏘나타 뉴 라이즈,2.0 모던,,201710.0,2018,1699.0,32313.0,가솔린,오토,ORIGINAL,일반,2025-03-19 20:20:45.000 +09,대구,대진자동차상사,373무9418,2,0,2,160.0028,0.0,1,0,
39074658,현대,쏘나타 (DN8),1.6 터보,프리미엄,202005.0,2021,1590.0,53737.0,가솔린,오토,ORIGINAL,일반,2025-03-19 20:20:41.000 +09,경기,차차모터스,222너8445,1,1,2,97.3009,56.6347,0,0,
39219320,현대,쏘나타 (DN8),2.0 LPG(렌터카용),스타일,201910.0,2020,1490.0,41151.0,LPG(일반인 구입),오토,ORIGINAL,일반,2025-03-19 20:20:41.000 +09,경기,차차모터스,198무8817,0,0,2,0.0,0.0,1,0,
37590513,현대,쏘나타 뉴 라이즈,1.6 터보 스타일,,201804.0,2019,1580.0,63208.0,가솔린,오토,ORIGINAL,일반,2025-03-19 20:20:25.000 +09,경북,중앙자동차매매상사,141구3172,3,2,6,195.9028,181.1399,1,0,
37196545,현대,쏘나타 (DN8),2.0,프리미엄 패밀리,201911.0,2020,1950.0,72962.0,가솔린,오토,ORIGINAL,일반,2025-03-19 20:20:25.000 +09,경북,중앙자동차매매상사,184구7973,0,0,1,0.0,0.0,1,0,
38988745,현대,쏘나타 뉴 라이즈,LPI 택시형,경제형,202106.0,2022,1420.0,57748.0,LPG(일반인 구입),오토,ORIGINAL,일반,2025-03-19 20:18:03.000 +09,경남,연세자동차매매상사,164주6761,0,0,1,0.0,0.0,1,0,
39222446,현대,YF 쏘나타,Y20 프라임,(세부등급 없음),201106.0,2011,495.0,105601.0,가솔린,오토,ORIGINAL,일반,2025-03-19 20:17:09.000 +09,부산,수 모터스,54어8895,1,0,4,76.5904,0.0,1,0,
39254175,현대,YF 쏘나타,LPI 럭셔리,,201202.0,2012,299.0,260204.0,LPG(일반인 구입),오토,ORIGINAL,일반,2025-03-19 20:16:39.000 +09,대구,등대모터스,14모9994,2,5,2,111.5544,408.2109,0,0,
38797373,현대,쏘나타 (DN8),2.0 LPG(렌터카용),스타일,201910.0,2020,1280.0,133058.0,LPG(일반인 구입),오토,ORIGINAL,일반,2025-03-19 20:16:02.000 +09,대전,경동자동차,208부5343,0,0,2,0.0,0.0,1,0,
38762247,현대,LF 쏘나타,LPI 모던,,201504.0,2015,649.0,186967.0,LPG(일반인 구입),오토,ORIGINAL,일반,2025-03-19 20:15:23.000 +09,대구,대풍모터스,11소4108,3,0,1,160.9845,0.0,0,0,
39120610,현대,LF 쏘나타,2.0 스마트,스페셜,201510.0,2016,790.0,162658.0,가솔린,오토,ORIGINAL,일반,2025-03-19 20:14:13.000 +09,전북,유레카모터스,16보3367,3,1,5,232.4024,35.139,1,0,
38814740,현대,쏘나타 (DN8),2.0,프리미엄 패밀리,202011.0,2021,1920.0,55431.0,가솔린,오토,ORIGINAL,일반,2025-03-19 20:13:20.000 +09,경기,(주)한성모터스,245모2419,1,0,1,48.1286,0.0,1,0,
39268658,현대,LF 쏘나타,2.0 스마트,(세부등급 없음),201406.0,2015,899.0,14166.0,가솔린,오토,ORIGINAL,일반,2025-03-19 20:13:02.000 +09,전북,엠모터스,26모1087,4,1,1,306.044,25.87,0,0,
37164815,현대,쏘나타 뉴 라이즈,LPI 프리미엄,,201707.0,2018,970.0,189000.0,LPG(일반인 구입),오토,ORIGINAL,일반,2025-03-19 20:12:02.000 +09,대구,뉴카플러스,143구8839,2,1,2,152.0704,86.631,1,0,
39247293,현대,쏘나타 (DN8),2.0,프리미엄 플러스,202211.0,2023,2500.0,39598.0,가솔린,오토,ORIGINAL,일반,2025-03-19 20:11:25.000 +09,울산,울산N모터스,199버4774,0,0,1,0.0,0.0,0,0,
37825697,현대,쏘나타 하이브리드,2.0,모던,201305.0,2014,600.0,112376.0,가솔린+전기,오토,ORIGINAL,일반,2025-03-19 20:11:04.000 +09,경기,엘림자동차,35주7767,0,1,1,0.0,57.4978,0,0,
38535406,현대,LF 쏘나타,2.0 스마트,스페셜,201511.0,2016,1400.0,58594.0,가솔린,오토,ORIGINAL,일반,2025-03-19 20:11:02.000 +09,대전,금성자동차,25거0922,2,3,1,90.1538,89.1266,0,0,
39056507,현대,LF 쏘나타,2.0 스마트,(세부등급 없음),201507.0,2015,1220.0,45237.0,가솔린,오토,ORIGINAL,일반,2025-03-19 20:10:25.000 +09,경기,주식회사 브로,11모8968,0,1,0,0.0,214.844,0,0,
39068603,현대,LF 쏘나타,2.0 프리미엄,(세부등급 없음),201412.0,2015,800.0,196931.0,가솔린,오토,ORIGINAL,일반,2025-03-19 20:10:23.000 +09,대전,(주)하입카즈,53더1295,2,2,3,127.5536,92.878,0,0,
39188296,현대,LF 쏘나타,1.7 디젤 스마트,스페셜,201511.0,2016,849.0,165637.0,디젤,오토,ORIGINAL,일반,2025-03-19 20:09:10.000 +09,경기,중앙A+,124마5146,2,0,3,279.8688,0.0,1,0,
39077578,현대,쏘나타 (DN8),2.0 LPG(렌터카용),스타일,202110.0,2022,9999.0,74962.0,LPG(일반인 구입),오토,ORIGINAL,일반,2025-03-19 20:09:09.000 +09,대구,대영자동차상사,224두7140,0,0,1,0.0,0.0,1,0,
39249391,현대,쏘나타 더 브릴리언트,CVVL 모던,,201305.0,2013,390.0,101696.0,가솔린,오토,ORIGINAL,일반,2025-03-19 20:09:09.000 +09,서울,(주)탑모터스,34보5300,7,2,2,707.8489,286.164,0,0,
38695805,현대,쏘나타 더 브릴리언트,CVVL 스마트,,201310.0,2014,760.0,100590.0,가솔린,오토,ORIGINAL,일반,2025-03-19 20:08:40.000 +09,경남,상화모터스,69머2309,3,1,2,119.3217,68.4918,0,0,
38957011,현대,LF 쏘나타,LPI 프리미엄 스페셜,,201610.0,2017,1245.0,87718.0,LPG(일반인 구입),오토,ORIGINAL,일반,2025-03-19 20:08:29.000 +09,경남,붕붕모터스,34보3309,1,1,4,34.3328,68.0193,1,0,
39112757,현대,LF 쏘나타,2.0 스마트,(세부등급 없음),201412.0,2015,975.0,61373.0,가솔린,오토,ORIGINAL,일반,2025-03-19 20:08:29.000 +09,경남,붕붕모터스,50부7694,1,0,4,84.505,0.0,0,0,
38726679,현대,쏘나타 (DN8),1.6 터보,프리미엄 플러스,202112.0,2022,2125.0,39520.0,가솔린,오토,ORIGINAL,일반,2025-03-19 20:08:29.000 +09,경남,붕붕모터스,270로1077,2,0,1,225.5117,0.0,0,0,
38810866,현대,쏘나타 (DN8),2.0,프리미엄 밀레니얼,201911.0,2020,1685.0,86456.0,가솔린,오토,ORIGINAL,일반,2025-03-19 20:08:29.000 +09,경남,붕붕모터스,196더4132,0,1,2,0.0,159.72,1,0,
37994050,현대,LF 쏘나타,2.0 스마트,(세부등급 없음),201505.0,2015,875.0,166308.0,가솔린,오토,ORIGINAL,일반,2025-03-19 20:08:28.000 +09,경남,붕붕모터스,36소9154,3,0,1,164.2197,0.0,0,0,
39011732,현대,쏘나타 (DN8),2.0,프리미엄 패밀리,202101.0,2021,1820.0,48520.0,가솔린,오토,ORIGINAL,일반,2025-03-19 20:08:22.000 +09,경기,두드림자동차,275구5688,0,0,1,0.0,0.0,1,0,
38332663,현대,LF 쏘나타,2.0 스마트,(세부등급 없음),201704.0,2017,670.0,211687.0,가솔린,오토,ORIGINAL,일반,2025-03-19 20:08:02.000 +09,대구,모던모터스,67거7271,1,2,1,92.31,79.7098,0,0,
38992079,현대,쏘나타 (DN8),2.0 LPG(렌터카용),스마트,201912.0,2020,1499.0,69968.0,LPG(일반인 구입),오토,ORIGINAL,일반,2025-03-19 20:08:02.000 +09,전북,엠모터스,206누6015,0,0,1,0.0,0.0,1,0,
36856997,현대,NF 쏘나타 트랜스폼,LPG N20 럭셔리,,200802.0,2008,280.0,163000.0,LPG(일반인 구입),오토,ORIGINAL,일반,2025-03-19 20:07:52.000 +09,부산,UK모터스,53주6595,0,2,5,0.0,78.5128,0,0,
38157635,현대,YF 쏘나타,LPI 프리미어(장애인용),,201010.0,2011,520.0,93620.0,LPG(일반인 구입),오토,ORIGINAL,일반,2025-03-19 20:07:38.000 +09,전북,대유모터스,63모6379,3,2,2,221.8812,239.53,0,0,0.0
39093463,현대,YF 쏘나타,Y20 탑,고급형,201001.0,2010,498.0,138082.0,가솔린,오토,ORIGINAL,일반,2025-03-19 20:07:38.000 +09,전북,대유모터스,61구8643,0,1,4,0.0,38.0269,0,0,
39189000,현대,YF 쏘나타,Y20 프리미어,최고급형,201108.0,2012,520.0,135109.0,가솔린,오토,ORIGINAL,일반,2025-03-19 20:06:37.000 +09,부산,에이스모터스,30가8206,0,1,2,0.0,62.113,0,0,
39175863,현대,쏘나타 (DN8),2.0,인스퍼레이션,202001.0,2020,1830.0,128983.0,가솔린,오토,ORIGINAL,일반,2025-03-19 20:06:29.000 +09,대전,벧엘자동차,237머2497,0,0,1,0.0,0.0,1,0,
39262567,현대,쏘나타 (DN8),2.0,프리미엄 패밀리,202012.0,2021,2000.0,45585.0,가솔린,오토,ORIGINAL,일반,2025-03-19 20:06:29.000 +09,대전,벧엘자동차,232머5887,0,0,1,0.0,0.0,1,0,
39145198,현대,쏘나타 뉴 라이즈,2.0 모던,,201807.0,2019,1290.0,138260.0,가솔린,오토,ORIGINAL,일반,2025-03-19 20:06:11.000 +09,대구,제일모터스,145머7431,0,0,4,0.0,0.0,2,0,
39140377,현대,쏘나타 (DN8),2.0,프리미엄,202102.0,2021,1930.0,57561.0,가솔린,오토,ORIGINAL,일반,2025-03-19 20:06:11.000 +09,대전,뉴대부자동차(주),227도8038,2,2,1,171.239,230.8274,1,0,
39248387,현대,쏘나타 뉴 라이즈,LPI 스타일,,201803.0,2018,1150.0,136713.0,LPG(일반인 구입),오토,ORIGINAL,일반,2025-03-19 20:05:38.000 +09,대구,다온모터스,259노5126,0,0,2,0.0,0.0,1,0,
39126708,현대,쏘나타 (DN8),1.6 터보,프리미엄 플러스,202205.0,2022,2350.0,23850.0,가솔린,오토,ORIGINAL,일반,2025-03-19 20:05:03.000 +09,경기,유니온스피드자동차,177버2955,1,0,1,371.8533,0.0,0,0,
39162158,현대,쏘나타 (DN8),2.0,프리미엄,201907.0,2020,1919.0,1308.0,가솔린,오토,ORIGINAL,일반,2025-03-19 20:04:46.000 +09,부산,주식회사 인트로,08구2551,0,1,0,0.0,27.673,0,0,
38950776,현대,쏘나타 뉴 라이즈,2.0 모던,,201801.0,2018,890.0,197058.0,가솔린,오토,ORIGINAL,일반,2025-03-19 20:04:20.000 +09,경기,클린오토,242루5984,3,0,2,272.377,0.0,1,0,
39110258,현대,쏘나타 뉴 라이즈 하이브리드,모던,,201707.0,2018,1380.0,129925.0,가솔린+전기,오토,ORIGINAL,일반,2025-03-19 20:04:19.000 +09,경기,클린오토,21루1541,0,0,1,0.0,0.0,0,0,
39145196,현대,쏘나타 하이브리드,2.0,프리미어,201212.0,2013,399.0,228789.0,가솔린+전기,오토,ORIGINAL,일반,2025-03-19 20:04:18.000 +09,경기,클린오토,57버2933,2,6,2,215.6876,419.4313,0,0,
38867992,현대,YF 쏘나타,LPI 디럭스,,201108.0,2011,330.0,159628.0,LPG(일반인 구입),오토,ORIGINAL,일반,2025-03-19 20:04:12.000 +09,부산,YG모터스,47소9634,4,1,2,328.2141,70.456,0,0,
38930603,현대,LF 쏘나타,2.0 케어플러스,,201706.0,2017,1270.0,86474.0,가솔린,오토,ORIGINAL,일반,2025-03-19 20:04:02.000 +09,대구,대구셀카중고차,16주9169,1,0,2,225.1249,0.0,0,0,
39002417,현대,쏘나타 뉴 라이즈,2.0 스마트,,201711.0,2018,1440.0,58562.0,가솔린,오토,ORIGINAL,일반,2025-03-19 20:04:02.000 +09,대구,신세계자동차상사,31러3816,0,0,0,0.0,0.0,0,0,
38332862,현대,쏘나타 뉴 라이즈,LPI 택시형,스타일,201708.0,2018,649.0,209476.0,LPG(일반인 구입),오토,ORIGINAL,일반,2025-03-19 20:03:55.000 +09,경기,클린오토,222보5431,0,0,2,0.0,0.0,1,0,
39242418,현대,YF 쏘나타,Y20 그랜드,,201111.0,2012,268.0,205692.0,가솔린,오토,ORIGINAL,일반,2025-03-19 20:03:55.000 +09,경기,클린오토,68버7917,1,1,0,169.9334,66.6679,0,0,
38759811,현대,LF 쏘나타 하이브리드,2.0 HEV,스마트,201506.0,2016,890.0,169673.0,가솔린+전기,오토,ORIGINAL,일반,2025-03-19 20:03:54.000 +09,경기,클린오토,379로9186,8,6,3,1327.7775,540.4803,2,0,
39257809,현대,LF 쏘나타 하이브리드,2.0 HEV,모던 스페셜,201607.0,2017,749.0,210104.0,가솔린+전기,오토,ORIGINAL,일반,2025-03-19 20:03:54.000 +09,경기,클린오토,28머0564,0,0,0,0.0,0.0,0,0,
39239713,현대,쏘나타 (DN8),2.0 LPG(렌터카용),스타일,202004.0,2020,1210.0,134335.0,LPG(일반인 구입),오토,ORIGINAL,일반,2025-03-19 20:03:54.000 +09,경기,클린오토,237러4504,1,0,2,89.7379,0.0,1,0,
38865669,현대,쏘나타 (DN8),2.0,스마트,201905.0,2020,1289.0,81462.0,가솔린,오토,ORIGINAL,일반,2025-03-19 20:03:53.000 +09,경기,클린오토,312버6959,2,5,2,483.8718,459.5711,1,0,
37855965,현대,쏘나타 뉴 라이즈 하이브리드,모던,,201809.0,2019,1440.0,127632.0,가솔린+전기,오토,ORIGINAL,일반,2025-03-19 20:03:33.000 +09,경북,포항경북자동차상사,48다7855,2,0,2,176.0252,0.0,0,0,
37733455,현대,쏘나타 (DN8),2.0 LPG(렌터카용),스타일,201907.0,2020,1290.0,98403.0,LPG(일반인 구입),오토,ORIGINAL,일반,2025-03-19 20:03:32.000 +09,경북,포항경북자동차상사,302서5064,1,0,1,101.7899,0.0,1,0,
39235246,현대,쏘나타 뉴 라이즈,LPI 스타일,,201807.0,2019,1090.0,116632.0,LPG(일반인 구입),오토,ORIGINAL,일반,2025-03-19 20:03:32.000 +09,경북,포항경북자동차상사,233노6175,5,0,1,343.1396,0.0,1,0,
39227695,현대,YF 쏘나타,Y20 프라임,최고급형,201007.0,2010,380.0,174284.0,가솔린,오토,ORIGINAL,일반,2025-03-19 20:03:06.000 +09,대전,튼튼모터스,20노4242,7,1,5,450.8755,0.0,0,0,
39182552,현대,쏘나타 하이브리드 (DN8),인스퍼레이션,,202112.0,2022,2220.0,61800.0,가솔린+전기,오토,ORIGINAL,일반,2025-03-19 20:02:38.000 +09,인천,킹덤모터스,148오6403,5,2,3,1063.4386,145.2167,1,0,
38616032,현대,YF 쏘나타,Y20 럭셔리,,201103.0,2011,300.0,142000.0,가솔린,오토,ORIGINAL,일반,2025-03-19 20:02:35.000 +09,대전,(주)수정오토,13저1281,4,5,8,460.5403,838.29,0,0,
38031938,현대,쏘나타 (DN8),1.6 터보,인스퍼레이션,202003.0,2020,2080.0,77471.0,가솔린,오토,ORIGINAL,일반,2025-03-19 20:02:27.000 +09,경기,우리들모터스,359러2795,3,0,1,873.9763,0.0,0,0,
38395510,현대,LF 쏘나타,2.0 스타일,스페셜,201609.0,2017,1230.0,84877.0,가솔린,오토,ORIGINAL,일반,2025-03-19 20:02:22.000 +09,서울,비케이투모터스,64고0332,3,2,1,142.455,173.5935,0,0,
38841178,현대,쏘나타 (DN8),2.0,인스퍼레이션,201912.0,2020,2280.0,4476.0,가솔린,오토,ORIGINAL,일반,2025-03-19 20:02:02.000 +09,경기,(주)성인모터스,231다8952,4,1,1,445.0602,417.96,0,0,
39041450,현대,LF 쏘나타,LPI 프리미엄,,201608.0,2016,720.0,192320.0,LPG(일반인 구입),오토,ORIGINAL,일반,2025-03-19 20:01:39.000 +09,강원,국제자동차,127소8215,2,2,4,278.3205,322.4824,1,0,
38105076,현대,쏘나타 뉴 라이즈,2.0 스마트,,201706.0,2018,1310.0,72271.0,가솔린,오토,ORIGINAL,일반,2025-03-19 20:01:39.000 +09,강원,국제자동차,242누5095,1,1,2,43.7753,92.328,1,0,
39148325,현대,LF 쏘나타,2.0 스타일,스페셜,201509.0,2016,1050.0,116426.0,가솔린,오토,ORIGINAL,일반,2025-03-19 20:01:23.000 +09,대구,JS모터스,15루0764,1,0,2,37.9965,0.0,0,0,
39256802,현대,쏘나타 뉴 라이즈,LPI 택시형,경제형,202205.0,2022,1230.0,102910.0,LPG(일반인 구입),오토,ORIGINAL,일반,2025-03-19 19:58:09.000 +09,경남,주)V모터스,317두7025,0,0,3,0.0,0.0,2,0,
39049664,현대,쏘나타 (DN8),2.0,스마트,202001.0,2020,1530.0,55076.0,가솔린,오토,ORIGINAL,일반,2025-03-19 19:58:05.000 +09,대전,(주)이카,112소9124,4,2,0,407.7152,144.512,0,0,
39204026,현대,LF 쏘나타,2.0 스타일,(세부등급 없음),201507.0,2015,690.0,125000.0,가솔린,오토,ORIGINAL,일반,2025-03-19 19:58:05.000 +09,대전,(주)이카,11노6607,4,4,1,618.3574,385.459,0,0,
39207031,현대,쏘나타 (DN8),2.0,프리미엄 패밀리,202001.0,2020,1630.0,90982.0,가솔린,오토,ORIGINAL,일반,2025-03-19 19:58:05.000 +09,대전,(주)이카,103거5683,0,1,1,0.0,70.6363,1,0,
39263880,현대,YF 쏘나타,LPI 프리미어(장애인용),,201003.0,2010,450.0,106878.0,LPG(일반인 구입),오토,ORIGINAL,일반,2025-03-19 19:57:45.000 +09,경남,태원모터스,49모4210,2,1,3,155.354,109.5336,0,0,
36922385,현대,YF 쏘나타,Y20 럭셔리,,201206.0,2012,390.0,162034.0,LPG(일반인 구입),오토,ORIGINAL,일반,2025-03-19 19:57:19.000 +09,부산,동우모터스,13수0954,3,1,4,273.3562,40.5414,1,0,
39224742,현대,LF 쏘나타,LPI 스마트,,201506.0,2015,595.0,218204.0,LPG(일반인 구입),오토,ORIGINAL,일반,2025-03-19 19:57:11.000 +09,대구,YG모터스,184머4882,1,0,4,44.3113,0.0,1,0,
39133003,현대,쏘나타 (DN8),2.0 LPG(렌터카용),스마트,202101.0,2021,1260.0,143933.0,LPG(일반인 구입),오토,ORIGINAL,일반,2025-03-19 19:56:50.000 +09,경기,솔카,103조7634,0,0,2,0.0,0.0,1,0,
39172851,현대,쏘나타 (DN8),2.0,프리미엄,201905.0,2019,1870.0,47133.0,가솔린,오토,ORIGINAL,일반,2025-03-19 19:56:16.000 +09,강원,케이원 모터스,53노7511,1,1,4,138.208,94.0,0,0,
38820881,현대,LF 쏘나타,2.0 스마트,(세부등급 없음),201404.0,2014,1090.0,90320.0,가솔린,오토,ORIGINAL,일반,2025-03-19 19:56:16.000 +09,강원,케이원 모터스,20고7108,4,0,1,382.5579,0.0,0,0,
38765612,현대,쏘나타 (DN8),2.0 LPG(렌터카용),스마트,201910.0,2020,1590.0,45804.0,LPG(일반인 구입),오토,ORIGINAL,일반,2025-03-19 19:56:13.000 +09,부산,카톡모터스,228루9240,2,0,2,113.3654,0.0,1,0,
37122918,현대,LF 쏘나타,LPI 모던,,201411.0,2015,820.0,133319.0,LPG(일반인 구입),오토,ORIGINAL,일반,2025-03-19 19:56:12.000 +09,부산,카톡모터스,385서5079,2,0,4,182.1989,0.0,1,0,
39225322,현대,LF 쏘나타,LPI 스마트,,201703.0,2017,690.0,171900.0,LPG(일반인 구입),오토,ORIGINAL,일반,2025-03-19 19:55:26.000 +09,대전,한강자동차,285버2810,4,0,3,172.0458,0.0,1,0,
39202470,현대,쏘나타 더 브릴리언트,LPI 스마트,,201304.0,2013,499.0,133396.0,LPG(일반인 구입),오토,ORIGINAL,일반,2025-03-19 19:55:05.000 +09,대전,(주)청담모터스,14주3978,3,2,1,234.2146,113.739,0,0,
39144928,현대,쏘나타 (DN8),2.0,프리미엄,202001.0,2020,1499.0,65442.0,가솔린,오토,ORIGINAL,일반,2025-03-19 19:54:42.000 +09,경기,오토프라임,137우9458,0,0,1,0.0,0.0,1,0,
39169637,현대,쏘나타 (DN8),2.0 LPG(렌터카용),스마트,202012.0,2021,1490.0,95565.0,LPG(일반인 구입),오토,ORIGINAL,일반,2025-03-19 19:53:35.000 +09,광주,행운자동차,223머2476,0,0,1,0.0,0.0,1,0,
38788771,현대,LF 쏘나타,2.0 스마트,(세부등급 없음),201505.0,2015,1030.0,102846.0,가솔린,오토,ORIGINAL,일반,2025-03-19 19:53:26.000 +09,대구,미르자동차,11모5517,3,3,1,148.1616,111.411,0,0,
38778183,현대,쏘나타 하이브리드 (DN8),프리미엄 플러스,,202107.0,2022,2230.0,78317.0,가솔린+전기,오토,ORIGINAL,일반,2025-03-19 19:52:57.000 +09,경기,기운 모터스,340구6237,0,1,1,0.0,22.0,1,0,
38024373,현대,쏘나타 (DN8),2.0,프리미엄,201907.0,2020,1599.0,129436.0,가솔린,오토,ORIGINAL,일반,2025-03-19 19:52:57.000 +09,경기,기운 모터스,53버6920,4,0,1,168.6791,0.0,0,0,
39188729,현대,쏘나타 뉴 라이즈,1.7 디젤 모던,,201703.0,2018,1560.0,60387.0,디젤,오토,ORIGINAL,일반,2025-03-19 19:52:53.000 +09,전북,태양모터스,36고8339,1,0,1,65.3733,0.0,0,0,
38114083,현대,LF 쏘나타,2.0 스마트,(세부등급 없음),201405.0,2015,980.0,92772.0,가솔린,오토,ORIGINAL,일반,2025-03-19 19:49:56.000 +09,전북,중앙모터스,61수7860,3,1,3,188.664,32.696,0,0,
39054422,현대,쏘나타 (DN8),2.0,프리미엄 플러스,202208.0,2022,2100.0,29400.0,가솔린,오토,ORIGINAL,일반,2025-03-19 19:48:34.000 +09,경기,(주)나인모터스,147머4923,1,1,1,132.998,41.741,0,0,
38053896,현대,쏘나타 (DN8),1.6 터보,프리미엄 플러스,202201.0,2022,2549.0,12398.0,가솔린,오토,ORIGINAL,일반,2025-03-19 19:48:18.000 +09,전남,스타모터스,119보8584,0,0,1,0.0,0.0,0,0,
39179043,현대,쏘나타 하이브리드,2.0,프리미어,201201.0,2012,449.0,206443.0,가솔린+전기,오토,ORIGINAL,일반,2025-03-19 19:48:18.000 +09,전남,스타모터스,66너7833,5,1,3,335.2138,41.7059,0,0,
38085608,현대,LF 쏘나타,1.6 터보 스타일,,201510.0,2016,890.0,120980.0,가솔린,오토,ORIGINAL,일반,2025-03-19 19:47:59.000 +09,경기,경기상사,06무0872,5,2,3,366.9957,130.4309,0,0,
38107374,현대,쏘나타 더 브릴리언트,LPI 프리미엄 스페셜,,201402.0,2014,860.0,51836.0,LPG(일반인 구입),오토,ORIGINAL,일반,2025-03-19 19:47:44.000 +09,대구,하나모터스,19주6175,3,2,2,219.6446,171.607,0,0,
38978842,현대,쏘나타 뉴 라이즈,1.6 터보 프리미엄,,201704.0,2018,1530.0,65129.0,가솔린,오토,ORIGINAL,일반,2025-03-19 19:47:43.000 +09,대구,하나모터스,58나7028,1,3,3,551.6,499.5318,0,0,
38998824,현대,쏘나타 (DN8),1.6 터보,인스퍼레이션,202003.0,2020,2000.0,100836.0,가솔린,오토,ORIGINAL,일반,2025-03-19 19:47:15.000 +09,인천,신대진자동차,240로2695,2,2,1,338.1647,106.7808,0,0,
39197352,현대,쏘나타 (DN8),2.0,프리미엄 패밀리,201910.0,2020,1690.0,39951.0,가솔린,오토,ORIGINAL,일반,2025-03-19 19:47:07.000 +09,경기,스마일 자동차,359주5839,3,1,1,585.104,1118.641,0,0,
38956354,현대,쏘나타 뉴 라이즈 하이브리드,모던,,201711.0,2018,1039.0,189766.0,가솔린+전기,오토,ORIGINAL,일반,2025-03-19 19:45:50.000 +09,대구,제이모터스,57구4332,0,0,2,0.0,0.0,0,0,
39042050,현대,쏘나타 (DN8),2.0,프리미엄,201908.0,2020,1900.0,41208.0,가솔린,오토,ORIGINAL,일반,2025-03-19 19:45:45.000 +09,경남,윤모터스,343저7620,0,1,4,0.0,61.0046,1,0,
38693563,현대,쏘나타 하이브리드 (DN8),모던,,202203.0,2022,2230.0,57266.0,가솔린+전기,오토,ORIGINAL,일반,2025-03-19 19:45:45.000 +09,경남,윤모터스,132어3905,0,0,1,0.0,0.0,0,0,
39068623,현대,쏘나타 뉴 라이즈,1.7 디젤 스마트,,201703.0,2018,9999.0,211978.0,디젤,오토,ORIGINAL,일반,2025-03-19 19:45:34.000 +09,경기,서로모터스,55머8327,25,8,3,2777.4905,817.0853,0,0,
38458782,현대,쏘나타 (DN8),2.0 LPG(렌터카용),스마트,202201.0,2022,1650.0,86311.0,LPG(일반인 구입),오토,ORIGINAL,일반,2025-03-19 19:44:27.000 +09,광주,(주)워너비모터스,184모8893,1,4,2,78.1269,252.7224,1,0,
38458791,현대,쏘나타 (DN8),2.0 LPG(렌터카용),스마트,202201.0,2022,1650.0,90876.0,LPG(일반인 구입),오토,ORIGINAL,일반,2025-03-19 19:44:26.000 +09,광주,(주)워너비모터스,184모8861,0,0,2,0.0,0.0,1,0,
38896619,현대,쏘나타 뉴 라이즈,LPI 모던,,201802.0,2018,1070.0,130000.0,LPG(일반인 구입),오토,ORIGINAL,일반,2025-03-19 19:44:26.000 +09,광주,(주)워너비모터스,228저2050,0,2,2,0.0,81.2412,1,0,
38646173,현대,쏘나타 (DN8),2.0 LPG(렌터카용),스마트,202001.0,2020,1390.0,89000.0,LPG(일반인 구입),오토,ORIGINAL,일반,2025-03-19 19:44:05.000 +09,대전,(주)중고차중대장,232라3742,1,0,1,58.321,0.0,1,0,
38742041,현대,쏘나타 (DN8),1.6 터보,프리미엄,202002.0,2020,2000.0,31938.0,가솔린,오토,ORIGINAL,일반,2025-03-19 19:43:37.000 +09,대구,영수상사,334오9498,3,2,1,131.666,34.961,0,0,
38310383,현대,YF 쏘나타,Y20 프라임,고급형,201006.0,2010,380.0,88232.0,가솔린,오토,ORIGINAL,일반,2025-03-19 19:43:22.000 +09,경남,우리모터스,68오1324,2,2,4,99.4798,67.5907,1,0,
39243751,현대,쏘나타 (DN8),2.0,프리미엄,201905.0,2020,1590.0,47390.0,가솔린,오토,ORIGINAL,일반,2025-03-19 19:42:43.000 +09,부산,(주)라임모터스,37로7264,3,1,1,378.88,174.259,0,0,
39219866,현대,쏘나타 (DN8),1.6 터보,프리미엄,202008.0,2021,2090.0,39706.0,가솔린,오토,ORIGINAL,일반,2025-03-19 19:42:06.000 +09,대전,뉴세종모터스,212고8175,0,0,1,0.0,0.0,1,0,
39062435,현대,쏘나타 (DN8),1.6 터보,프리미엄 플러스,202107.0,2022,2150.0,40306.0,가솔린,오토,ORIGINAL,일반,2025-03-19 19:41:46.000 +09,울산,정성자동차,322오4669,0,3,1,0.0,230.6442,0,0,
39117248,현대,쏘나타 (DN8),2.0 LPG(렌터카용),스마트,202105.0,2022,2050.0,13003.0,LPG(일반인 구입),오토,ORIGINAL,일반,2025-03-19 19:41:46.000 +09,울산,정성자동차,256조8335,0,0,0,0.0,0.0,0,0,
39097869,현대,쏘나타 (DN8),2.0,프리미엄 패밀리,202010.0,2021,1850.0,71117.0,가솔린,오토,ORIGINAL,일반,2025-03-19 19:40:05.000 +09,경남,정민 모터스,152노3409,2,6,1,316.6416,858.5474,1,0,
39156664,현대,쏘나타 (DN8),2.0 LPG,프리미엄 플러스,202112.0,2022,2250.0,49493.0,LPG(일반인 구입),오토,ORIGINAL,일반,2025-03-19 19:39:27.000 +09,경기,두드림자동차,173더3343,1,0,1,115.11,0.0,0,0,
39021814,현대,YF 쏘나타,Y20 프리미어,(세부등급 없음),201103.0,2011,9999.0,110560.0,가솔린,오토,ORIGINAL,일반,2025-03-19 19:39:11.000 +09,경기,(주)우리들모터스,01로7883,1,0,4,180.6334,0.0,1,0,
39045149,현대,쏘나타 뉴 라이즈,LPI 스타일,,201801.0,2018,997.0,92307.0,LPG(일반인 구입),오토,ORIGINAL,일반,2025-03-19 19:38:02.000 +09,서울,(주)모든자동차,257주6890,3,0,1,259.7097,0.0,1,0,
39203916,현대,쏘나타 하이브리드 (DN8),프리미엄,(세부등급 없음),202101.0,2021,2290.0,42655.0,가솔린+전기,오토,ORIGINAL,일반,2025-03-19 19:37:44.000 +09,경기,제이디모터스,113누9923,0,0,0,0.0,0.0,0,0,
39013669,현대,쏘나타 (DN8),1.6 터보,프리미엄 패밀리,201912.0,2020,1790.0,85212.0,가솔린,오토,ORIGINAL,일반,2025-03-19 19:37:43.000 +09,경기,제이디모터스,106누5065,2,2,0,238.481,223.835,0,0,
39161773,현대,EF 쏘나타,2.0 GVS,,199904.0,1999,280.0,100000.0,가솔린,오토,ORIGINAL,일반,2025-03-19 19:37:38.000 +09,대구,스마트카,대구28머8808,0,0,2,0.0,0.0,0,0,
39052338,현대,LF 쏘나타,2.0 프리미엄,(세부등급 없음),201601.0,2016,1190.0,101790.0,가솔린,오토,ORIGINAL,일반,2025-03-19 19:37:30.000 +09,경남,파트너스,36저0658,2,1,1,80.8661,46.2008,0,0,
39246123,현대,YF 쏘나타,Y20 프리미어,최고급형,200910.0,2010,399.0,140621.0,가솔린,오토,ORIGINAL,일반,2025-03-19 19:35:42.000 +09,대구,동영자동차,205서3580,6,2,5,800.6152,123.8194,1,0,
39257949,현대,쏘나타 (DN8),2.0 LPG(렌터카용),스마트,201908.0,2020,1420.0,136000.0,LPG(일반인 구입),오토,ORIGINAL,일반,2025-03-19 19:35:11.000 +09,경기,(주)스타아이,23우8875,1,3,2,50.047,167.292,0,0,
38866204,현대,LF 쏘나타,1.7 디젤 스마트,스페셜,201601.0,2016,1030.0,147000.0,디젤,오토,ORIGINAL,일반,2025-03-19 19:35:11.000 +09,경기,(주)스타아이,28서0532,0,0,1,0.0,0.0,0,0,
39023701,현대,쏘나타 (DN8),1.6 터보,인스퍼레이션,202204.0,2022,2650.0,42719.0,가솔린,오토,ORIGINAL,일반,2025-03-19 19:34:41.000 +09,경기,엘모터스,141우6248,2,1,1,350.29,177.2337,0,0,
39218950,현대,NF 쏘나타 트랜스폼,LPG N20 프리미어,,200908.0,2010,230.0,188874.0,LPG(일반인 구입),오토,ORIGINAL,일반,2025-03-19 19:34:32.000 +09,제주,중고차프로,18부1947,1,2,0,197.31,150.9364,0,0,
39179931,현대,쏘나타 (DN8),2.0,프리미엄 플러스,202211.0,2023,2199.0,26901.0,가솔린,오토,ORIGINAL,일반,2025-03-19 19:34:18.000 +09,경기,카메이트,242오2959,1,0,0,112.9004,0.0,0,0,
39131149,현대,쏘나타 (DN8),1.6 터보,프리미엄 플러스,202301.0,2023,2399.0,13814.0,가솔린,오토,ORIGINAL,일반,2025-03-19 19:34:18.000 +09,경기,카메이트,379누5815,1,0,1,46.0,0.0,0,0,
37653474,현대,LF 쏘나타,2.0 스마트,(세부등급 없음),201504.0,2015,799.0,146065.0,가솔린,오토,ORIGINAL,일반,2025-03-19 19:33:54.000 +09,부산,부산자동차매매상사,14거7849,3,1,2,301.446,83.918,0,0,
39225274,현대,쏘나타 (DN8),2.0,프리미엄 플러스,202302.0,2023,2299.0,13945.0,가솔린,오토,ORIGINAL,일반,2025-03-19 19:33:53.000 +09,경기,카메이트,134더8238,0,0,1,0.0,0.0,0,0,
39236833,현대,쏘나타 디 엣지(DN8),1.6 터보,익스클루시브,202306.0,2024,2950.0,22524.0,가솔린,오토,ORIGINAL,일반,2025-03-19 19:33:53.000 +09,경기,카메이트,272마9713,2,0,0,42.2709,0.0,0,0,
39234832,현대,쏘나타 디 엣지(DN8),1.6 터보,인스퍼레이션,202503.0,2025,3570.0,99.0,가솔린,오토,ORIGINAL,일반,2025-03-19 19:33:53.000 +09,경기,카메이트,340나7727,0,0,1,0.0,0.0,0,0,
37614792,현대,NF 쏘나타 트랜스폼,LPG N20 프리미어,,200711.0,2008,250.0,171415.0,LPG(일반인 구입),오토,ORIGINAL,일반,2025-03-19 19:33:32.000 +09,대구,동영자동차,12로7392,7,1,5,467.7749,611.065,0,0,
39134869,현대,쏘나타 더 브릴리언트,LPI 스타일,,201402.0,2014,299.0,246419.0,LPG(일반인 구입),오토,ORIGINAL,일반,2025-03-19 19:33:20.000 +09,전북,유정모터스,49오4392,3,0,3,166.6968,0.0,1,0,
38957672,현대,쏘나타 (DN8),2.0 LPG,스마트,202001.0,2020,1330.0,124215.0,LPG(일반인 구입),오토,ORIGINAL,일반,2025-03-19 19:32:33.000 +09,광주,더원모터스,155구4874,2,2,5,241.9152,157.3068,1,0,
39047112,현대,쏘나타 (DN8),2.0,인스퍼레이션,201905.0,2020,1930.0,80437.0,가솔린,오토,ORIGINAL,일반,2025-03-19 19:32:33.000 +09,광주,더원모터스,05너3228,8,1,1,778.9916,47.3669,0,0,
39018670,현대,쏘나타 뉴 라이즈,LPI 스타일,,201802.0,2018,1260.0,90352.0,LPG(일반인 구입),오토,ORIGINAL,일반,2025-03-19 19:32:31.000 +09,경북,신용자동차매매상사,247가9871,0,0,1,0.0,0.0,1,0,
39257048,현대,쏘나타 (DN8),1.6 터보,프리미엄 패밀리,202102.0,2021,2250.0,26359.0,가솔린,오토,ORIGINAL,일반,2025-03-19 19:31:51.000 +09,경기,카메이트,227오3900,0,1,1,0.0,75.6184,1,0,
38618819,현대,LF 쏘나타,2.4 익스클루시브,,201501.0,2015,1050.0,134654.0,가솔린,오토,ORIGINAL,일반,2025-03-19 19:31:32.000 +09,경남,선경모터스,67무3120,1,3,1,110.4783,183.7747,0,0,
39194224,현대,YF 쏘나타,LPI 디럭스,,201107.0,2011,240.0,224087.0,LPG(일반인 구입),오토,ORIGINAL,일반,2025-03-19 19:31:32.000 +09,경남,선경모터스,29머2144,2,0,4,416.3413,0.0,1,0,
38795006,현대,YF 쏘나타,Y20 프라임,블랙,201008.0,2011,370.0,155394.0,가솔린,오토,ORIGINAL,일반,2025-03-19 19:31:32.000 +09,경남,선경모터스,24버4656,3,1,1,191.7483,61.819,0,0,
39220472,현대,LF 쏘나타 하이브리드,2.0 HEV,모던,201501.0,2015,1199.0,96928.0,가솔린+전기,오토,ORIGINAL,일반,2025-03-19 19:30:17.000 +09,경기,프렌즈카,23도5377,0,0,1,0.0,0.0,0,0,
37847563,현대,쏘나타 뉴 라이즈,LPI 스타일,,201709.0,2018,990.0,131467.0,LPG(일반인 구입),오토,ORIGINAL,일반,2025-03-19 19:30:02.000 +09,부산,주)일성모터스,160수8270,0,0,1,0.0,0.0,1,0,
39250600,현대,쏘나타 (DN8),2.0,프리미엄,202002.0,2020,1680.0,30582.0,가솔린,오토,ORIGINAL,일반,2025-03-19 19:30:02.000 +09,부산,주)일성모터스,353소4029,3,16,1,190.8149,1906.8729,1,0,
39050937,현대,쏘나타 (DN8),2.0,프리미엄 패밀리,201908.0,2020,1560.0,75264.0,가솔린,오토,ORIGINAL,일반,2025-03-19 19:30:01.000 +09,부산,주)일성모터스,244로6084,1,5,4,459.8106,428.5995,1,0,
39085897,현대,쏘나타 하이브리드 (DN8),프리미엄,패밀리,202012.0,2021,1780.0,110269.0,가솔린+전기,오토,ORIGINAL,일반,2025-03-19 19:30:01.000 +09,부산,주)일성모터스,233조8372,2,1,3,277.3144,197.4503,1,0,
38828335,현대,쏘나타 (DN8),2.0 LPG(렌터카용),스마트,201911.0,2020,1630.0,62700.0,LPG(일반인 구입),오토,ORIGINAL,일반,2025-03-19 19:30:01.000 +09,부산,주)일성모터스,231너7838,0,0,1,0.0,0.0,1,0,
38938693,현대,쏘나타 하이브리드 (DN8),프리미엄,패밀리,202105.0,2021,2360.0,32845.0,가솔린+전기,오토,ORIGINAL,일반,2025-03-19 19:29:54.000 +09,대구,유카 대구지점,191나5557,1,0,1,46.799,0.0,0,0,
38813132,현대,LF 쏘나타 하이브리드,2.0 HEV,모던,201607.0,2017,800.0,178846.0,가솔린+전기,오토,ORIGINAL,일반,2025-03-19 19:29:28.000 +09,대전,주식회사  디오카,20러0689,5,2,6,565.3786,189.671,0,0,
39144153,현대,쏘나타 (DN8),1.6 터보,모던,202202.0,2022,2230.0,16400.0,가솔린,오토,ORIGINAL,일반,2025-03-19 19:28:20.000 +09,부산,우리상사,102어5513,1,0,1,121.945,0.0,0,0,
38331157,현대,쏘나타 (DN8),2.0,프리미엄,201908.0,2020,1730.0,76162.0,가솔린,오토,ORIGINAL,일반,2025-03-19 19:26:50.000 +09,부산,라인모터스,62서5674,1,0,3,138.562,0.0,0,0,
38798786,현대,쏘나타 (DN8),2.0,프리미엄,201909.0,2020,1640.0,81462.0,가솔린,오토,ORIGINAL,일반,2025-03-19 19:26:43.000 +09,부산,호야오토모빌,145어2385,0,1,3,0.0,35.3149,1,0,
39092310,현대,쏘나타 디 엣지(DN8),2.0,익스클루시브,202306.0,2024,2850.0,23195.0,가솔린,오토,ORIGINAL,일반,2025-03-19 19:26:40.000 +09,대구,(주)한가람,195호5898,0,0,0,0.0,0.0,0,0,
39181732,현대,LF 쏘나타,2.0 스마트,(세부등급 없음),201501.0,2015,990.0,82557.0,가솔린,오토,ORIGINAL,일반,2025-03-19 19:26:34.000 +09,경기,제이디모터스,13러2870,2,3,3,187.0439,414.7702,0,0,
38555885,현대,LF 쏘나타,2.0 스마트,(세부등급 없음),201605.0,2016,980.0,115975.0,가솔린,오토,ORIGINAL,일반,2025-03-19 19:26:33.000 +09,경기,제이디모터스,31라0596,1,1,1,85.6803,59.498,0,0,
39158551,현대,쏘나타 디 엣지(DN8),1.6 터보,인스퍼레이션,202405.0,2024,3140.0,10445.0,가솔린,오토,ORIGINAL,일반,2025-03-19 19:24:17.000 +09,대전,(주)에이스모터스,102두5406,1,1,2,165.405,63.636,0,0,
39209828,현대,쏘나타 하이브리드 (DN8),프리미엄,밀레니얼,202001.0,2020,2280.0,51906.0,가솔린+전기,오토,ORIGINAL,일반,2025-03-19 19:23:50.000 +09,경기,(주)고물상,138루2630,2,0,2,225.6235,0.0,0,0,
39243490,현대,쏘나타 뉴 라이즈,2.0 모던,,201712.0,2018,1760.0,15126.0,가솔린,오토,ORIGINAL,일반,2025-03-19 19:23:50.000 +09,경기,(주)고물상,02도6560,0,0,0,0.0,0.0,0,0,
39081140,현대,쏘나타 하이브리드,2.0,스마트,201209.0,2012,490.0,136406.0,가솔린+전기,오토,ORIGINAL,일반,2025-03-19 19:20:19.000 +09,부산,스타모터스,53소8985,2,0,2,94.174,0.0,0,0,
38936963,현대,쏘나타 뉴 라이즈 하이브리드,모던,,201810.0,2019,1480.0,109755.0,가솔린+전기,오토,ORIGINAL,일반,2025-03-19 19:19:43.000 +09,경기,힐링모터스,33머4973,4,1,0,335.9129,157.6436,0,0,
39070894,현대,쏘나타 하이브리드,2.0,프리미어,201209.0,2012,520.0,141317.0,가솔린+전기,오토,ORIGINAL,일반,2025-03-19 19:19:38.000 +09,경기,신수원자동차 ,53라6635,1,1,1,98.56,190.7754,0,0,
39210012,현대,LF 쏘나타,2.0 스마트,(세부등급 없음),201512.0,2016,1050.0,135147.0,가솔린,오토,ORIGINAL,일반,2025-03-19 19:19:07.000 +09,전북,미래모터스,13너0584,1,1,0,65.302,47.142,0,0,
39098988,현대,LF 쏘나타,LPI 스마트,,201404.0,2015,980.0,60350.0,LPG(일반인 구입),오토,ORIGINAL,일반,2025-03-19 19:19:07.000 +09,전북,미래모터스,56라9798,1,0,0,179.4771,0.0,0,0,
39167574,현대,LF 쏘나타,2.0 스마트,(세부등급 없음),201409.0,2015,1250.0,30314.0,가솔린,오토,ORIGINAL,일반,2025-03-19 19:19:07.000 +09,전북,미래모터스,38조6369,3,0,2,253.2986,0.0,0,0,
38891216,현대,YF 쏘나타,CVVL 프리미어,,201211.0,2012,520.0,141932.0,가솔린,오토,ORIGINAL,일반,2025-03-19 19:19:07.000 +09,전북,미래모터스,29버7950,3,5,3,149.177,535.623,0,0,
39214382,현대,쏘나타 (DN8),2.0 LPG(렌터카용),스마트,201910.0,2020,1420.0,52033.0,LPG(일반인 구입),오토,ORIGINAL,일반,2025-03-19 19:18:57.000 +09,경남,유진상사,205로7762,2,0,2,847.8226,0.0,1,0,
39022668,현대,쏘나타 뉴 라이즈,2.0 스마트 스페셜,,201810.0,2019,1580.0,43566.0,가솔린,오토,ORIGINAL,일반,2025-03-19 19:18:08.000 +09,부산,(주)베스트카,48마2537,2,2,1,137.938,175.103,0,0,
39196226,현대,LF 쏘나타 하이브리드,2.0 HEV,프리미엄 스페셜,201606.0,2017,1120.0,157456.0,가솔린+전기,오토,ORIGINAL,일반,2025-03-19 19:17:19.000 +09,대전,(주)하늘모터스,64저0891,1,3,4,28.279,142.483,0,0,
38969527,현대,쏘나타 (DN8),2.0 LPG,스마트,201912.0,2020,1560.0,102559.0,LPG(일반인 구입),오토,ORIGINAL,일반,2025-03-19 19:17:18.000 +09,대구,대공원모터스,109나2934,0,0,1,0.0,0.0,0,0,
38967819,현대,쏘나타 (DN8),2.0 LPG(렌터카용),스마트,201910.0,2020,1390.0,100445.0,LPG(일반인 구입),오토,ORIGINAL,일반,2025-03-19 19:17:18.000 +09,대구,대공원모터스,173오5581,1,0,3,113.6098,0.0,1,0,
37743343,현대,쏘나타 뉴 라이즈,1.7 디젤 스마트,,201707.0,2018,1099.0,117000.0,디젤,오토,ORIGINAL,일반,2025-03-19 19:17:09.000 +09,충남,착한중고차,29어2391,0,0,4,0.0,0.0,0,0,
38978389,현대,YF 쏘나타,LPI 럭셔리,,201001.0,2010,220.0,212370.0,LPG(일반인 구입),오토,ORIGINAL,일반,2025-03-19 19:16:48.000 +09,광주,드림카마켓,69루8142,7,1,2,443.7685,100.0,0,0,
39241543,현대,쏘나타 하이브리드 (DN8),스마트,,201912.0,2020,1390.0,175472.0,가솔린+전기,오토,ORIGINAL,일반,2025-03-19 19:14:24.000 +09,경기,스마일자동차,123우7912,1,4,1,133.218,1052.2082,1,0,
39181307,현대,쏘나타 (DN8),2.0,인스퍼레이션,201906.0,2020,2200.0,52800.0,가솔린,오토,ORIGINAL,일반,2025-03-19 19:14:16.000 +09,경기,(주)엠모터스,356머8087,1,0,3,97.0983,0.0,1,0,
38892944,현대,LF 쏘나타,LPI 모던,,201606.0,2016,690.0,171883.0,LPG(일반인 구입),오토,ORIGINAL,일반,2025-03-19 19:14:01.000 +09,경남,붕붕모터스,01로6501,1,2,6,414.8949,435.4832,1,0,
39118461,현대,LF 쏘나타,LPI 프리미엄,,201501.0,2015,1050.0,96280.0,LPG(일반인 구입),오토,ORIGINAL,일반,2025-03-19 19:13:53.000 +09,광주,(주)에이프로,38보7565,1,0,2,80.3363,0.0,0,0,
39168316,현대,LF 쏘나타,LPI 모던(장애인용),,201405.0,2015,1060.0,110451.0,LPG(일반인 구입),오토,ORIGINAL,일반,2025-03-19 19:13:53.000 +09,광주,(주)에이프로,47더3951,3,0,3,320.3509,0.0,0,0,
39075992,현대,쏘나타 더 브릴리언트,LPI 스마트(장애인용),,201308.0,2014,630.0,129614.0,LPG(일반인 구입),오토,ORIGINAL,일반,2025-03-19 19:13:32.000 +09,대전,(주)이카,30보5991,2,2,4,129.3439,184.835,0,0,
39139152,현대,쏘나타 뉴 라이즈,2.0 모던,,201808.0,2019,1550.0,68000.0,가솔린,오토,ORIGINAL,일반,2025-03-19 19:13:03.000 +09,대전,(주)백제자동차,21거2861,1,2,2,95.0078,104.7428,0,0,
38612045,현대,LF 쏘나타,1.7 디젤 스마트,(세부등급 없음),201607.0,2016,900.0,73900.0,디젤,오토,ORIGINAL,일반,2025-03-19 19:12:46.000 +09,대전,연안모터스,59어0261,2,1,4,115.5683,70.559,0,0,
39075648,현대,쏘나타 (DN8),2.0 LPG(렌터카용),스타일,202007.0,2021,1549.0,54794.0,LPG(일반인 구입),오토,ORIGINAL,일반,2025-03-19 19:12:20.000 +09,서울,드림카,281수8824,0,0,1,0.0,0.0,1,0,
38713166,현대,쏘나타 (DN8),2.0,프리미엄 플러스,202108.0,2022,1990.0,48569.0,가솔린,오토,ORIGINAL,일반,2025-03-19 19:12:20.000 +09,서울,드림카,171서1135,2,0,1,104.16,0.0,0,0,
39225074,현대,쏘나타 디 엣지(DN8),2.0,익스클루시브,202308.0,2024,2990.0,6966.0,가솔린,오토,ORIGINAL,일반,2025-03-19 19:12:16.000 +09,부산,스타모터스,157노1157,0,0,1,0.0,0.0,0,0,
38734364,현대,LF 쏘나타,LPI 택시형,스타일,201501.0,2015,359.0,338358.0,LPG(일반인 구입),오토,ORIGINAL,일반,2025-03-19 19:11:29.000 +09,인천,착한중고차,254두6259,4,0,2,404.3878,0.0,1,0,
38671603,현대,YF 쏘나타,Y20 럭셔리,,201109.0,2012,530.0,134480.0,가솔린,오토,ORIGINAL,일반,2025-03-19 19:11:05.000 +09,경기,GM카마트,50어7109,3,0,4,148.3766,0.0,0,0,
38317239,현대,쏘나타 뉴 라이즈 하이브리드,2.0 플러그인 HEV,프리미엄,201801.0,2018,2040.0,64779.0,가솔린+전기,오토,ORIGINAL,일반,2025-03-19 19:11:05.000 +09,경기,GM카마트,09무6908,0,1,1,0.0,43.8489,0,0,
38936892,현대,YF 쏘나타,LPI 프리미어(장애인용),,200910.0,2010,430.0,142911.0,LPG(일반인 구입),오토,ORIGINAL,일반,2025-03-19 19:10:18.000 +09,대구,대공모터스,68너1574,3,2,3,144.0658,110.64,0,0,
38816423,현대,쏘나타 더 브릴리언트,LPI 스마트,,201209.0,2013,470.0,153946.0,LPG(일반인 구입),오토,ORIGINAL,일반,2025-03-19 19:10:11.000 +09,전북,뉴스타모터스,22소8582,1,1,1,166.406,390.282,0,0,
39068959,현대,쏘나타 (DN8),2.0 LPG(렌터카용),스마트,202101.0,2021,1350.0,125119.0,LPG(일반인 구입),오토,ORIGINAL,일반,2025-03-19 19:09:26.000 +09,서울,(주)굿모닝모터스,251조7757,1,2,1,93.7708,210.5693,1,0,
39069985,현대,쏘나타 뉴 라이즈,2.0 모던,,201811.0,2019,1550.0,61627.0,가솔린,오토,ORIGINAL,일반,2025-03-19 19:08:44.000 +09,경기,한마음모터스 대표,272주9823,0,1,1,0.0,93.4014,1,0,
38973816,현대,쏘나타 더 브릴리언트,LPI 택시형,스타일,201207.0,2013,269.0,330000.0,LPG(일반인 구입),오토,ORIGINAL,일반,2025-03-19 19:08:22.000 +09,경기,심모터스,32라1349,3,0,1,219.2672,0.0,1,0,
39194432,현대,YF 쏘나타,LPI 프리미어,,201205.0,2012,379.0,70000.0,LPG(일반인 구입),오토,ORIGINAL,일반,2025-03-19 19:08:21.000 +09,경기,심모터스,68너5500,4,3,1,1205.6034,521.7348,0,0,
39049922,현대,LF 쏘나타,2.0 스마트,(세부등급 없음),201406.0,2015,830.0,152591.0,가솔린,오토,ORIGINAL,일반,2025-03-19 19:07:12.000 +09,대전,로또자동차,39러6169,0,0,3,0.0,0.0,1,0,
38901093,현대,쏘나타 디 엣지 하이브리드(DN8),익스클루시브,,202307.0,2024,2090.0,18500.0,가솔린+전기,오토,ORIGINAL,렌트,2025-03-19 19:07:02.000 +09,경기,,167하3723,0,0,0,0.0,0.0,0,0,
38776718,현대,쏘나타 디 엣지(DN8),2.0,프리미엄,202407.0,2024,1922.0,4300.0,가솔린,오토,ORIGINAL,렌트,2025-03-19 19:07:02.000 +09,경기,,197하4816,0,0,0,0.0,0.0,0,0,
39132216,현대,쏘나타 디 엣지(DN8),2.0,익스클루시브,202404.0,2024,3024.0,5800.0,가솔린,오토,ORIGINAL,렌트,2025-03-19 19:07:02.000 +09,경기,,220하5040,0,0,0,0.0,0.0,0,0,
38926388,현대,쏘나타 (DN8),2.0,인스퍼레이션,202003.0,2020,1650.0,120000.0,가솔린,오토,ORIGINAL,일반,2025-03-19 19:06:49.000 +09,전북,유진모터스,388거6447,0,1,2,0.0,74.512,1,0,
38730082,현대,쏘나타 뉴 라이즈,LPI 모던,,201804.0,2019,1090.0,54000.0,LPG(일반인 구입),오토,ORIGINAL,일반,2025-03-19 19:06:49.000 +09,전북,유진모터스,45다4652,3,3,0,1090.8983,177.1669,0,0,
39237680,현대,쏘나타 뉴 라이즈,LPI 스타일,,201804.0,2018,1120.0,118187.0,LPG(일반인 구입),오토,ORIGINAL,일반,2025-03-19 19:04:45.000 +09,부산,케이스타,223무5496,2,0,2,150.0643,0.0,1,0,
39223121,현대,쏘나타 (DN8),2.0,프리미엄 패밀리,201910.0,2020,1920.0,35747.0,가솔린,오토,ORIGINAL,일반,2025-03-19 19:04:45.000 +09,부산,케이스타,105무8641,0,1,2,0.0,27.6543,1,0,
37866264,현대,LF 쏘나타,2.0 터보 익스클루시브,,201504.0,2015,1299.0,73522.0,가솔린,오토,ORIGINAL,일반,2025-03-19 19:04:40.000 +09,대구,영모터스,27무9819,2,3,1,630.447,211.71,0,0,
39034722,현대,쏘나타 (DN8),1.6 터보,프리미엄,202011.0,2021,1900.0,43883.0,가솔린,오토,ORIGINAL,일반,2025-03-19 19:04:15.000 +09,대구,튼튼모터스,195루8369,1,0,1,41.1139,0.0,1,0,
38584192,현대,LF 쏘나타 하이브리드,2.0 HEV,모던 스페셜,201610.0,2017,1599.0,9863.0,가솔린+전기,오토,ORIGINAL,일반,2025-03-19 19:03:52.000 +09,경기,차파는사람들,51수0404,2,1,1,382.9038,53.3563,0,0,
37508628,현대,LF 쏘나타,1.7 디젤 스마트,(세부등급 없음),201507.0,2016,799.0,169792.0,디젤,오토,ORIGINAL,일반,2025-03-19 19:03:06.000 +09,대구,우수모터스,53구4558,2,3,6,311.718,131.428,0,0,
37721465,현대,LF 쏘나타,2.0 스타일,스페셜,201605.0,2017,1099.0,110510.0,가솔린,오토,ORIGINAL,일반,2025-03-19 19:03:06.000 +09,대구,우수모터스,01소0589,2,2,2,114.0328,116.352,0,0,
37608911,현대,LF 쏘나타 하이브리드,2.0 HEV,프리미엄,201503.0,2015,780.0,188592.0,가솔린+전기,오토,ORIGINAL,일반,2025-03-19 19:03:06.000 +09,대구,우수모터스,33오2086,6,2,3,801.491,294.6092,0,0,
39086146,현대,쏘나타 (DN8),2.0 LPG,스마트,202007.0,2021,1599.0,72937.0,LPG(일반인 구입),오토,ORIGINAL,일반,2025-03-19 19:03:06.000 +09,대구,우수모터스,293라2056,1,2,1,41.333,192.441,0,0,
39093031,현대,LF 쏘나타,2.0 케어플러스,,201704.0,2017,1340.0,74155.0,가솔린,오토,ORIGINAL,일반,2025-03-19 19:02:53.000 +09,대구,오토플러스(주),25모2451,1,1,1,67.341,47.9597,0,0,
39214687,현대,쏘나타 (DN8),2.0,프리미엄,202009.0,2021,1650.0,89877.0,가솔린,오토,ORIGINAL,일반,2025-03-19 19:02:48.000 +09,경기,주)오케이모터스,283오9478,1,0,1,103.299,0.0,1,0,
38993229,현대,쏘나타 (DN8),2.0,스마트,201905.0,2020,1288.0,35987.0,가솔린,오토,ORIGINAL,일반,2025-03-19 19:02:47.000 +09,경기,주)오케이모터스,204다5187,2,1,1,413.7679,208.49,1,0,
39191569,현대,쏘나타 (DN8),1.6 터보,프리미엄,202001.0,2020,1570.0,103634.0,가솔린,오토,ORIGINAL,일반,2025-03-19 19:02:47.000 +09,경기,주)오케이모터스,283오9406,1,0,2,70.614,0.0,1,0,
39179409,현대,쏘나타 (DN8),2.0,프리미엄 패밀리,202012.0,2021,1570.0,80195.0,가솔린,오토,ORIGINAL,일반,2025-03-19 19:02:47.000 +09,경기,주)오케이모터스,283오9433,3,5,1,296.2707,1006.662,1,0,
39191699,현대,쏘나타 (DN8),2.0,프리미엄,202001.0,2020,1790.0,54492.0,가솔린,오토,ORIGINAL,일반,2025-03-19 19:02:47.000 +09,경기,주)오케이모터스,283오9441,0,0,1,0.0,0.0,1,0,
38236155,현대,쏘나타 뉴 라이즈,LPI 스마트(장애인용),,201710.0,2018,1280.0,51022.0,LPG(일반인 구입),오토,ORIGINAL,일반,2025-03-19 19:02:30.000 +09,대구,DR(디알)모터스,17가7526,1,2,1,532.76,607.0,0,0,
38851795,현대,쏘나타 (DN8),2.0,인스퍼레이션,202001.0,2020,1890.0,70750.0,가솔린,오토,ORIGINAL,일반,2025-03-19 19:02:06.000 +09,경기,(주)으뜸자동차,293도5596,2,0,4,261.901,0.0,1,0,
39121528,현대,쏘나타 디 엣지 하이브리드(DN8),프리미엄,,202307.0,2024,3090.0,6943.0,가솔린+전기,오토,ORIGINAL,일반,2025-03-19 19:02:05.000 +09,경기,(주)으뜸자동차,235수7436,0,1,1,0.0,18.782,0,0,
39158661,현대,LF 쏘나타 하이브리드,2.0 HEV,모던,201607.0,2017,799.0,172476.0,가솔린+전기,오토,ORIGINAL,일반,2025-03-19 19:01:12.000 +09,대전,주식회사 열린자동차,03주0795,2,1,0,160.322,48.348,0,0,
39266701,현대,쏘나타 (DN8),2.0 LPG(렌터카용),스타일,202102.0,2021,1190.0,123517.0,LPG(일반인 구입),오토,ORIGINAL,일반,2025-03-19 19:01:06.000 +09,인천,(주)대한모터스,362머8073,2,0,1,738.4421,0.0,1,0,
39242654,현대,LF 쏘나타,2.4 스타일,,201412.0,2015,720.0,120451.0,가솔린,오토,ORIGINAL,일반,2025-03-19 19:01:05.000 +09,인천,(주)대한모터스,65도9836,2,2,5,318.746,202.144,0,0,
38569074,현대,쏘나타 뉴 라이즈,2.0 스타일,,201712.0,2018,880.0,110385.0,가솔린,오토,ORIGINAL,일반,2025-03-19 19:01:05.000 +09,인천,(주)대한모터스,321너8452,1,1,2,90.734,104.0905,1,0,
39038444,현대,쏘나타 (DN8),2.0,프리미엄,201910.0,2020,1320.0,123668.0,가솔린,오토,ORIGINAL,일반,2025-03-19 19:01:05.000 +09,인천,(주)대한모터스,278저7676,2,3,5,440.1886,719.7106,0,0,
39156333,현대,쏘나타 뉴 라이즈,LPI 스타일,,201712.0,2018,720.0,130627.0,LPG(일반인 구입),오토,ORIGINAL,일반,2025-03-19 19:01:04.000 +09,인천,(주)대한모터스,276저4697,4,10,2,331.8094,2128.4236,1,0,
38671757,현대,LF 쏘나타 하이브리드,2.0 HEV,모던,201503.0,2015,800.0,94769.0,가솔린+전기,오토,ORIGINAL,일반,2025-03-19 19:01:04.000 +09,인천,(주)대한모터스,14어2064,4,2,3,755.9059,214.916,0,0,
39036260,현대,쏘나타 뉴 라이즈,2.0 스마트,,201707.0,2018,930.0,137260.0,가솔린,오토,ORIGINAL,일반,2025-03-19 19:01:04.000 +09,인천,(주)대한모터스,21두4010,2,2,5,744.655,471.1171,0,0,
39143485,현대,쏘나타 (DN8),2.0,스마트,202101.0,2021,1200.0,97702.0,가솔린,오토,ORIGINAL,일반,2025-03-19 19:01:04.000 +09,인천,(주)대한모터스,387다9784,0,0,1,0.0,0.0,1,0,
39258036,현대,쏘나타 하이브리드,2.0,프리미어,201301.0,2013,550.0,38587.0,가솔린+전기,오토,ORIGINAL,일반,2025-03-19 19:01:04.000 +09,인천,(주)대한모터스,32더9362,5,3,1,1018.3813,179.817,0,0,
39197085,현대,쏘나타 뉴 라이즈,1.7 디젤 스타일,,201708.0,2018,1240.0,41147.0,디젤,오토,ORIGINAL,일반,2025-03-19 19:01:03.000 +09,인천,(주)대한모터스,09로2227,6,4,0,916.2802,789.285,0,0,
38814272,현대,쏘나타 뉴 라이즈,LPI 택시형,프리미엄,201902.0,2019,1290.0,86549.0,LPG(일반인 구입),오토,ORIGINAL,일반,2025-03-19 19:01:00.000 +09,인천,카맨모터스,09러2547,0,0,3,0.0,0.0,1,0,
39218311,현대,쏘나타 뉴 라이즈,LPI 모던(장애인용),,201804.0,2019,1550.0,49324.0,LPG(일반인 구입),오토,ORIGINAL,일반,2025-03-19 18:59:35.000 +09,광주,가람모터스,46무7130,3,1,1,230.7038,85.1289,0,0,
39070351,현대,쏘나타 (DN8),2.0 LPG(렌터카용),스마트,201912.0,2020,1220.0,124365.0,LPG(일반인 구입),오토,ORIGINAL,일반,2025-03-19 18:59:17.000 +09,서울,명성모터스,301부9192,2,0,1,327.5839,0.0,1,0,
38816144,현대,쏘나타 (DN8),2.0 LPG(렌터카용),스타일,201910.0,2020,1240.0,125249.0,LPG(일반인 구입),오토,ORIGINAL,일반,2025-03-19 18:58:37.000 +09,대전,로또자동차,208부5350,1,0,2,96.326,0.0,1,0,
38474958,현대,쏘나타 (DN8),2.0 LPG(렌터카용),스마트,202201.0,2022,1649.0,86323.0,LPG(일반인 구입),오토,ORIGINAL,일반,2025-03-19 18:57:55.000 +09,대구,용마자동차상사,239마3289,0,1,1,0.0,55.3679,1,0,
38928204,현대,LF 쏘나타 하이브리드,2.0 HEV,모던,201602.0,2016,1439.0,71821.0,가솔린+전기,오토,ORIGINAL,일반,2025-03-19 18:57:30.000 +09,충남,(주)리원,42저0541,0,1,4,0.0,58.627,0,0,
38710227,현대,쏘나타 하이브리드 (DN8),프리미엄,패밀리,202104.0,2021,2219.0,78316.0,가솔린+전기,오토,ORIGINAL,일반,2025-03-19 18:57:30.000 +09,충남,(주)리원,237라5356,1,1,3,75.6937,41.2356,0,0,
39271163,현대,쏘나타 (DN8),2.0,프리미엄,202103.0,2021,2050.0,61529.0,가솔린,오토,ORIGINAL,일반,2025-03-19 18:56:46.000 +09,강원,네오자동차(NEOAUTO COMPANY),351서4169,0,1,3,0.0,110.2,1,0,
38827081,현대,쏘나타 하이브리드 (DN8),프리미엄,(세부등급 없음),202101.0,2021,1799.0,76574.0,가솔린+전기,오토,ORIGINAL,일반,2025-03-19 18:56:39.000 +09,경기,(주)왕카,142두9569,0,1,1,0.0,391.295,1,0,
39245450,현대,LF 쏘나타,2.0 스마트,(세부등급 없음),201406.0,2015,899.0,137000.0,가솔린,오토,ORIGINAL,일반,2025-03-19 18:56:07.000 +09,경남,창원 천차만차 박현규,14노2579,2,0,3,88.6306,0.0,0,0,
38163092,현대,LF 쏘나타 하이브리드,2.0 HEV,모던,201507.0,2015,1049.0,50000.0,가솔린+전기,오토,ORIGINAL,일반,2025-03-19 18:55:59.000 +09,경기,좋은사람들,17구8842,2,2,2,773.717,387.054,0,0,
39270935,현대,쏘나타 (DN8),2.0,프리미엄 플러스,202204.0,2022,2266.0,60219.0,가솔린,오토,ORIGINAL,일반,2025-03-19 18:55:32.000 +09,대구,현대종합자동차상사,385오7828,1,1,0,0.0,54.204,0,0,
39143785,현대,쏘나타 더 브릴리언트,LPI 스마트,,201303.0,2013,399.0,165336.0,LPG(일반인 구입),오토,ORIGINAL,일반,2025-03-19 18:54:32.000 +09,경기,수원해동자동차,55서1383,1,0,3,43.0188,0.0,0,0,
39232348,현대,LF 쏘나타,2.0 스마트,스페셜,201510.0,2016,970.0,128606.0,가솔린,오토,ORIGINAL,일반,2025-03-19 18:54:32.000 +09,경기,수원해동자동차,11부7630,2,0,6,118.6477,0.0,0,0,
39234258,현대,LF 쏘나타,2.0 스마트,(세부등급 없음),201511.0,2016,1199.0,53333.0,가솔린,오토,ORIGINAL,일반,2025-03-19 18:54:00.000 +09,전북,장동매매상사,14다2474,2,2,2,156.7639,125.5466,0,0,
38393633,현대,쏘나타 (DN8),2.0,인스퍼레이션,201909.0,2020,2090.0,55773.0,가솔린,오토,ORIGINAL,일반,2025-03-19 18:53:01.000 +09,대구,그린자동차상사,154어4885,0,0,3,0.0,0.0,2,0,
39142380,현대,쏘나타 (DN8),2.5 터보 N Line,인스퍼레이션,202103.0,2021,2440.0,90200.0,가솔린,오토,ORIGINAL,일반,2025-03-19 18:52:32.000 +09,대구,캡틴카모터스,167너4627,0,0,1,0.0,0.0,0,0,
39180789,현대,쏘나타 (DN8),1.6 터보,인스퍼레이션,201909.0,2020,2290.0,60600.0,가솔린,오토,ORIGINAL,일반,2025-03-19 18:52:32.000 +09,대구,캡틴카모터스,158가7563,2,0,4,137.2512,0.0,0,0,
39175035,현대,LF 쏘나타,2.0 프리미엄,(세부등급 없음),201511.0,2016,1200.0,110447.0,가솔린,오토,ORIGINAL,일반,2025-03-19 18:52:01.000 +09,경기,(주)청구모터스,64더0550,3,0,1,269.1693,0.0,0,0,
39116899,현대,쏘나타 (DN8),2.0,인스퍼레이션,201907.0,2020,1810.0,73536.0,가솔린,오토,ORIGINAL,일반,2025-03-19 18:51:37.000 +09,경기,(주)오토베이,229라1487,4,0,1,536.6119,0.0,1,0,
39252637,현대,쏘나타 (DN8),2.5 터보 N Line,인스퍼레이션,202105.0,2021,2040.0,119341.0,가솔린,오토,ORIGINAL,일반,2025-03-19 18:51:37.000 +09,경기,(주)오토베이,145노1109,2,1,0,356.5265,142.8983,0,0,
39262024,현대,쏘나타 더 브릴리언트,LPI 스마트,,201212.0,2013,510.0,120367.0,LPG(일반인 구입),오토,ORIGINAL,일반,2025-03-19 18:51:37.000 +09,경기,(주)오토베이,01더8298,2,3,3,165.6,124.6418,1,0,
38486685,현대,쏘나타 (DN8),2.0 LPG(렌터카용),스마트,202201.0,2022,1630.0,86176.0,LPG(일반인 구입),오토,ORIGINAL,일반,2025-03-19 18:51:37.000 +09,경기,이든자동차,239마3269,1,0,2,0.0,0.0,1,0,
39209319,현대,쏘나타 뉴 라이즈,2.0 모던,,201807.0,2019,1460.0,93800.0,가솔린,오토,ORIGINAL,일반,2025-03-19 18:51:08.000 +09,광주,(주)보배모터스,215모4866,0,0,4,0.0,0.0,1,0,
38250648,현대,쏘나타 하이브리드 (DN8),인스퍼레이션,,202106.0,2022,2499.0,47081.0,가솔린+전기,오토,ORIGINAL,일반,2025-03-19 18:50:22.000 +09,경남,히트모터스,173소5968,1,0,1,56.325,0.0,1,0,
39175563,현대,LF 쏘나타 하이브리드,2.0 HEV,모던 스페셜,201701.0,2017,1200.0,129434.0,가솔린+전기,오토,ORIGINAL,일반,2025-03-19 18:47:57.000 +09,전북,신한모터스,57노6029,2,0,1,111.2367,0.0,0,0,
38963821,현대,쏘나타 하이브리드,2.0,스마트,201209.0,2012,570.0,154110.0,가솔린+전기,오토,ORIGINAL,일반,2025-03-19 18:47:54.000 +09,대전,(주)하늘모터스,11루1673,2,3,4,522.149,150.338,1,0,
39216669,현대,쏘나타 하이브리드,2.0,로열,201209.0,2012,499.0,166778.0,가솔린+전기,오토,ORIGINAL,일반,2025-03-19 18:47:34.000 +09,경기,엘케이모터스,153다6781,6,3,5,506.265,249.677,1,0,
38992307,현대,LF 쏘나타 하이브리드,2.0 HEV,스마트,201507.0,2016,939.0,112916.0,가솔린+전기,오토,ORIGINAL,일반,2025-03-19 18:47:31.000 +09,경남,마인드카,12루1054,2,0,1,133.0359,0.0,0,0,
38770876,현대,쏘나타 하이브리드,2.0,프리미어,201212.0,2013,430.0,169000.0,가솔린+전기,오토,ORIGINAL,일반,2025-03-19 18:47:02.000 +09,대구,비젼모터스,23조9596,7,1,1,575.8809,46.1822,0,0,
39241172,현대,쏘나타 더 브릴리언트,CVVL 스마트,,201209.0,2013,590.0,127461.0,가솔린,오토,ORIGINAL,일반,2025-03-19 18:46:02.000 +09,대구,대한모터스,47거5861,4,2,7,229.3962,134.142,0,0,
39022831,현대,YF 쏘나타,LPI PTX,,201010.0,2011,290.0,157999.0,LPG(일반인 구입),오토,ORIGINAL,일반,2025-03-19 18:44:41.000 +09,대구,한길모터스,48고1941,4,4,4,205.7849,408.2853,1,0,
38841500,현대,LF 쏘나타,2.0 스마트,스페셜,201511.0,2016,990.0,99742.0,가솔린,오토,ORIGINAL,일반,2025-03-19 18:44:41.000 +09,대구,한길모터스,391수6445,6,2,2,703.3808,82.167,1,0,
38166517,현대,LF 쏘나타,LPI 스마트(장애인용),,201410.0,2015,980.0,59022.0,LPG(일반인 구입),오토,ORIGINAL,일반,2025-03-19 18:44:14.000 +09,대전,영모터스,49루5130,3,0,1,769.085,0.0,0,0,
38684851,현대,LF 쏘나타,2.0 스마트,(세부등급 없음),201412.0,2015,1090.0,79362.0,가솔린,오토,ORIGINAL,일반,2025-03-19 18:44:12.000 +09,대전,청담오토몰,366라2826,0,0,3,0.0,0.0,1,0,
39259487,현대,쏘나타 디 엣지(DN8),1.6 터보,익스클루시브,202311.0,2024,2990.0,18322.0,가솔린,오토,ORIGINAL,일반,2025-03-19 18:44:12.000 +09,대전,청담오토몰,199나6240,0,0,1,0.0,0.0,1,0,
38249585,현대,LF 쏘나타 하이브리드,2.0 HEV,모던,201504.0,2015,790.0,169013.0,가솔린+전기,오토,ORIGINAL,일반,2025-03-19 18:43:33.000 +09,울산,준파크모터스,11고2559,2,3,4,127.496,151.4903,0,0,
37865519,현대,쏘나타 (DN8),2.0,인스퍼레이션,201905.0,2020,1960.0,64325.0,가솔린,오토,ORIGINAL,일반,2025-03-19 18:43:33.000 +09,울산,준파크모터스,24저5129,1,0,3,35.685,0.0,0,0,
38731039,현대,쏘나타 (DN8),2.0,프리미엄 패밀리,202003.0,2020,1870.0,39994.0,가솔린,오토,ORIGINAL,일반,2025-03-19 18:41:38.000 +09,경기,(주)스마트자동차,258가9735,1,0,1,42.807,0.0,0,0,
39059648,현대,쏘나타 (DN8),2.0,프리미엄 패밀리,202105.0,2021,1830.0,56358.0,가솔린,오토,ORIGINAL,일반,2025-03-19 18:40:35.000 +09,충남,거성모터스,231가8134,1,0,1,416.744,0.0,0,0,
39270654,현대,쏘나타 (DN8),2.0 LPG(장애인용),프리미엄,202102.0,2021,1830.0,66224.0,LPG(일반인 구입),오토,ORIGINAL,일반,2025-03-19 18:40:35.000 +09,충남,거성모터스,264보2775,2,2,4,274.151,469.982,0,0,
39029652,현대,LF 쏘나타,1.7 디젤 스마트,(세부등급 없음),201508.0,2016,720.0,151888.0,디젤,오토,ORIGINAL,일반,2025-03-19 18:40:04.000 +09,인천,(주)엔젤모터스,11서1708,3,2,6,433.2024,346.7643,0,0,
38834477,현대,YF 쏘나타,LPI 프리미어(장애인용),,201005.0,2010,350.0,135373.0,LPG(일반인 구입),오토,ORIGINAL,일반,2025-03-19 18:40:04.000 +09,인천,(주)엔젤모터스,28고6371,3,3,2,475.4098,259.7298,0,0,
39147399,현대,YF 쏘나타,LPI 디럭스,,201008.0,2011,660.0,27861.0,LPG(일반인 구입),수동,ORIGINAL,일반,2025-03-19 18:39:51.000 +09,서울,주식회사 하이마이카,46무8795,0,0,3,0.0,0.0,0,0,
38966788,현대,쏘나타 (DN8),2.0 LPG(장애인용),인스퍼레이션,201905.0,2020,2150.0,74389.0,LPG(일반인 구입),오토,ORIGINAL,일반,2025-03-19 18:38:48.000 +09,경기,(주)리더카,65거5962,3,1,1,194.7259,44.477,0,0,
39059498,현대,NF 쏘나타,LPG N20 렌터카,일반형,200705.0,2007,99.0,276392.0,LPG(일반인 구입),오토,ORIGINAL,일반,2025-03-19 18:38:43.000 +09,경기,애니원모터스,39무8377,6,5,5,527.5951,564.6858,0,0,
38962769,현대,쏘나타 (DN8),2.0,프리미엄,202003.0,2020,1730.0,34042.0,가솔린,오토,ORIGINAL,일반,2025-03-19 18:38:39.000 +09,전남,국제자동차매매상사,105모7966,0,0,1,0.0,0.0,0,0,
38974427,현대,쏘나타 디 엣지 하이브리드(DN8),프리미엄,,202401.0,2024,3290.0,25260.0,가솔린+전기,오토,ORIGINAL,일반,2025-03-19 18:38:02.000 +09,경기,(주)왕카,236서9123,0,0,2,0.0,0.0,1,0,
39258513,현대,YF 쏘나타,Y20 럭셔리,,201012.0,2011,480.0,73545.0,가솔린,오토,ORIGINAL,일반,2025-03-19 18:37:51.000 +09,전북,세븐모터스,60두6624,6,4,1,279.8812,216.947,0,0,
38391025,현대,NF 쏘나타 트랜스폼,N20 트랜스폼,기본형,200905.0,2009,340.0,114283.0,가솔린,오토,ORIGINAL,일반,2025-03-19 18:37:51.000 +09,전북,세븐모터스,57저3523,0,1,3,0.0,34.548,0,0,
38620644,현대,LF 쏘나타,LPI 모던,,201504.0,2015,859.0,81749.0,LPG(일반인 구입),오토,ORIGINAL,일반,2025-03-19 18:37:49.000 +09,대구,NEW해성모터스,31오3977,5,0,1,369.9638,0.0,0,0,
38762427,현대,쏘나타 (DN8),1.6 터보,인스퍼레이션,201910.0,2020,1870.0,95714.0,가솔린,오토,ORIGINAL,일반,2025-03-19 18:37:34.000 +09,부산,서린모터스,317오4682,2,0,2,141.722,0.0,0,0,
39179132,현대,쏘나타 하이브리드,2.0,스마트,201311.0,2014,499.0,132500.0,가솔린+전기,오토,ORIGINAL,일반,2025-03-19 18:37:21.000 +09,대구,스카이,57루6537,5,7,7,526.8789,822.868,0,0,
38945860,현대,쏘나타 하이브리드,2.0,프리미어,201301.0,2013,599.0,114000.0,가솔린+전기,오토,ORIGINAL,일반,2025-03-19 18:37:21.000 +09,대구,스카이,19로9277,2,0,0,205.85,0.0,0,0,
38869891,현대,쏘나타 (DN8),2.0,인스퍼레이션,201907.0,2020,1790.0,81706.0,가솔린,오토,ORIGINAL,일반,2025-03-19 18:37:14.000 +09,대구,준모터스,238우9539,3,2,3,449.898,287.222,1,0,
38323560,현대,LF 쏘나타,LPI 스마트,,201512.0,2016,599.0,198000.0,LPG(일반인 구입),오토,ORIGINAL,일반,2025-03-19 18:36:29.000 +09,경기,로또모터스,126오9560,3,0,3,407.648,0.0,1,0,
38540969,현대,YF 쏘나타,LPI 프리미어(장애인용),,201207.0,2012,330.0,202000.0,LPG(일반인 구입),오토,ORIGINAL,일반,2025-03-19 18:35:37.000 +09,전북,차사랑모터스,68거6510,8,4,1,1553.2936,1008.2266,0,0,
38838308,현대,LF 쏘나타,2.0 스마트,(세부등급 없음),201410.0,2015,880.0,125017.0,가솔린,오토,ORIGINAL,일반,2025-03-19 18:34:59.000 +09,대전,우신모터스,28가3587,2,1,6,263.283,17.215,0,0,
39245578,현대,쏘나타 (DN8),2.0,모던,202108.0,2022,1950.0,20581.0,가솔린,오토,ORIGINAL,일반,2025-03-19 18:34:34.000 +09,전북,(유)카마트모터스,382저1948,2,0,1,89.1477,0.0,0,0,
38954701,현대,쏘나타 (DN8),2.0,프리미엄 패밀리,201906.0,2020,1720.0,81065.0,가솔린,오토,ORIGINAL,일반,2025-03-19 18:34:26.000 +09,경기,드림카,39저2927,3,1,4,362.463,63.567,0,0,
38938469,현대,LF 쏘나타,LPI 프리미엄 스페셜,,201410.0,2015,779.0,189058.0,LPG(일반인 구입),오토,ORIGINAL,일반,2025-03-19 18:34:13.000 +09,대구,YJ,21구7401,3,3,1,201.1078,167.437,1,0,
39084053,현대,쏘나타 (DN8),2.0,프리미엄 패밀리,202001.0,2020,9999.0,79153.0,가솔린,오토,ORIGINAL,일반,2025-03-19 18:32:52.000 +09,부산,KB모터스,181오2330,0,0,3,0.0,0.0,1,0,
38493047,현대,쏘나타 (DN8),2.0,프리미엄 패밀리,201907.0,2020,1730.0,68800.0,가솔린,오토,ORIGINAL,일반,2025-03-19 18:32:42.000 +09,서울,주 광현,112고5618,2,0,2,235.2403,0.0,1,0,
39125068,현대,쏘나타 (DN8),2.0,프리미엄,201912.0,2020,1549.0,93644.0,가솔린,오토,ORIGINAL,일반,2025-03-19 18:32:37.000 +09,부산,뉴에스케이상사,302수2341,0,0,1,0.0,0.0,1,0,
38712610,현대,쏘나타 (DN8),2.0 LPG(렌터카용),스마트,201904.0,2020,1559.0,75833.0,LPG(일반인 구입),오토,ORIGINAL,일반,2025-03-19 18:32:36.000 +09,부산,뉴에스케이상사,177라7020,0,0,1,0.0,0.0,1,0,
39242264,현대,LF 쏘나타,2.0 스마트,스페셜,201410.0,2015,990.0,90264.0,가솔린,오토,ORIGINAL,일반,2025-03-19 18:31:45.000 +09,경북,해성자동차상사,17오4012,2,2,5,241.5251,375.3449,0,0,
39225752,현대,쏘나타 뉴 라이즈,2.0 스타일,,201809.0,2019,1140.0,123000.0,가솔린,오토,ORIGINAL,일반,2025-03-19 18:31:36.000 +09,전북,조은모터스,260누2530,0,0,3,0.0,0.0,1,0,
39033532,현대,YF 쏘나타,Y20 럭셔리,,201111.0,2012,590.0,82870.0,가솔린,오토,ORIGINAL,일반,2025-03-19 18:30:58.000 +09,제주,대신오토링크,64우6162,4,2,3,399.1077,241.465,0,0,
38201543,현대,쏘나타 (DN8),2.0 LPG(렌터카용),스타일,201907.0,2020,1280.0,151441.0,LPG(일반인 구입),오토,ORIGINAL,일반,2025-03-19 18:30:58.000 +09,제주,대신오토링크,143로2845,1,2,4,18.62,128.9,1,0,
39183401,현대,쏘나타 더 브릴리언트,CVVL 블루세이버,,201211.0,2013,620.0,104430.0,가솔린,오토,ORIGINAL,일반,2025-03-19 18:30:58.000 +09,제주,대신오토링크,48어3044,1,0,0,98.0277,0.0,0,0,
37434508,현대,쏘나타 뉴 라이즈,2.0 스마트,,201703.0,2018,1180.0,70612.0,가솔린,오토,ORIGINAL,일반,2025-03-19 18:30:06.000 +09,충북,JC모터스,17로6194,1,0,1,643.039,0.0,0,0,
39034066,현대,쏘나타 더 브릴리언트,CVVL 어트랙션,,201307.0,2014,640.0,94891.0,가솔린,오토,ORIGINAL,일반,2025-03-19 18:29:56.000 +09,경남,탑모터스,16노8217,5,2,7,268.4875,202.0806,0,0,
39015783,현대,쏘나타 (DN8),2.0 LPG(렌터카용),스마트,202106.0,2022,1680.0,90861.0,LPG(일반인 구입),오토,ORIGINAL,일반,2025-03-19 18:29:34.000 +09,대구,오토마트,175어9799,1,0,1,109.2983,0.0,1,0,
39248106,현대,쏘나타 디 엣지(DN8),2.0,인스퍼레이션,202407.0,2024,3280.0,18120.0,가솔린,오토,ORIGINAL,일반,2025-03-19 18:27:10.000 +09,경기,무결점카모터스,148고8044,0,0,0,0.0,0.0,0,0,
39268058,현대,쏘나타 (DN8),1.6 터보,프리미엄 플러스,202111.0,2022,2470.0,10236.0,가솔린,오토,ORIGINAL,일반,2025-03-19 18:27:10.000 +09,경기,무결점카모터스,143조3549,1,0,0,54.55,0.0,0,0,
39261101,현대,쏘나타 하이브리드 (DN8),프리미엄,패밀리,202002.0,2020,1820.0,93177.0,가솔린+전기,오토,ORIGINAL,일반,2025-03-19 18:27:10.000 +09,경기,(주)유니앤모터스,339소3206,2,1,1,346.5894,68.1048,0,0,
39268371,현대,NF 쏘나타 트랜스폼,N20 럭셔리,,200905.0,2009,320.0,83669.0,가솔린,오토,ORIGINAL,일반,2025-03-19 18:27:09.000 +09,대전,드림디오토,49소2740,1,0,0,53.2958,0.0,0,0,
39210743,현대,쏘나타 뉴 라이즈,2.0 스마트,,201710.0,2018,1180.0,97193.0,가솔린,오토,ORIGINAL,일반,2025-03-19 18:27:08.000 +09,대전,드림디오토,48모3400,0,0,1,0.0,0.0,0,0,0.0
39178047,현대,LF 쏘나타,LPI 모던(장애인용),,201405.0,2015,1180.0,133317.0,LPG(일반인 구입),오토,ORIGINAL,일반,2025-03-19 18:27:07.000 +09,대전,드림디오토,36무4104,1,1,1,44.992,0.0,0,0,0.0
38651813,현대,쏘나타 (DN8),2.0 LPG,인스퍼레이션,202303.0,2023,3060.0,32337.0,LPG(일반인 구입),오토,ORIGINAL,일반,2025-03-19 18:26:57.000 +09,울산,진장모터스,256조1776,0,0,1,0.0,0.0,0,0,
39229251,현대,쏘나타 더 브릴리언트,CVVL 블루세이버,,201311.0,2014,450.0,180734.0,가솔린,오토,ORIGINAL,일반,2025-03-19 18:26:57.000 +09,경기,마이카스,18거0907,3,1,7,289.3491,80.0,1,0,
38515454,현대,쏘나타 하이브리드,2.0,모던,201401.0,2014,480.0,185631.0,가솔린+전기,오토,ORIGINAL,일반,2025-03-19 18:26:57.000 +09,경기,마이카스,27주9170,3,0,2,314.6389,0.0,0,0,
38869154,현대,쏘나타 뉴 라이즈,2.0 스마트,,201707.0,2018,1210.0,64086.0,가솔린,오토,ORIGINAL,일반,2025-03-19 18:26:57.000 +09,경기,마이카스,65구5817,2,1,0,241.9109,187.81,0,0,
38779986,현대,쏘나타 더 브릴리언트,LPI 스타일,,201303.0,2013,310.0,196573.0,LPG(일반인 구입),오토,ORIGINAL,일반,2025-03-19 18:26:56.000 +09,경기,마이카스,16가6313,2,3,2,251.0486,274.018,1,0,
39168746,현대,NF 쏘나타 트랜스폼,N20 프리미어 블랙,고급형,200802.0,2008,280.0,146874.0,가솔린,오토,ORIGINAL,일반,2025-03-19 18:26:56.000 +09,경기,마이카스,57도7657,9,7,0,1126.309,541.153,0,0,
39214052,현대,LF 쏘나타,2.0 스타일,스페셜,201605.0,2017,1070.0,119736.0,가솔린,오토,ORIGINAL,일반,2025-03-19 18:26:40.000 +09,부산,정우상사,35주0812,0,1,6,0.0,0.0,0,0,
38878533,현대,쏘나타 (DN8),2.0 LPG(렌터카용),스타일,201911.0,2020,1380.0,89206.0,LPG(일반인 구입),오토,ORIGINAL,일반,2025-03-19 18:26:13.000 +09,경기,해피온카,120구4775,0,0,3,0.0,0.0,1,0,
38878818,현대,쏘나타 하이브리드 (DN8),프리미엄,(세부등급 없음),201910.0,2020,1870.0,89299.0,가솔린+전기,오토,ORIGINAL,일반,2025-03-19 18:26:13.000 +09,경기,해피온카,245오8633,0,0,1,0.0,0.0,0,0,
38878501,현대,쏘나타 (DN8),2.0 LPG(렌터카용),스마트,202109.0,2022,1420.0,125935.0,LPG(일반인 구입),오토,ORIGINAL,일반,2025-03-19 18:26:13.000 +09,경기,해피온카,109거8800,2,0,1,144.7119,0.0,1,0,
39170485,현대,쏘나타 (DN8),1.6 터보,프리미엄,202005.0,2021,2080.0,41255.0,가솔린,오토,ORIGINAL,일반,2025-03-19 18:25:38.000 +09,경기,뉴코리아모터스,256저1875,1,1,1,33.9559,150.0,0,0,
38567682,현대,쏘나타 더 브릴리언트,CVVL 스마트,,201308.0,2014,499.0,184768.0,가솔린,오토,ORIGINAL,일반,2025-03-19 18:25:38.000 +09,대구,e조은모터스,36라4286,2,0,3,28.326,0.0,1,0,
38644059,현대,쏘나타 하이브리드,2.0,모던,201306.0,2014,625.0,113172.0,가솔린+전기,오토,ORIGINAL,일반,2025-03-19 18:25:28.000 +09,경남,KC월드카세종모터스,59부1012,2,1,3,166.605,65.695,0,0,
38977587,현대,쏘나타 더 브릴리언트,CVVL 스마트,,201302.0,2013,600.0,120038.0,가솔린,오토,ORIGINAL,일반,2025-03-19 18:25:28.000 +09,경남,KC월드카세종모터스,42머9047,2,2,1,58.2284,214.0078,0,0,
38002303,현대,쏘나타 더 브릴리언트,LPI 스타일,,201304.0,2013,390.0,275701.0,LPG(일반인 구입),오토,ORIGINAL,일반,2025-03-19 18:25:12.000 +09,충북,청주오토월드,03누4066,0,0,3,0.0,0.0,1,0,
39091983,현대,쏘나타 (DN8),2.0,스마트,202003.0,2020,1599.0,51353.0,가솔린,오토,ORIGINAL,일반,2025-03-19 18:24:51.000 +09,서울,마루모터스,186조7655,0,0,1,0.0,0.0,1,0,
38789926,현대,LF 쏘나타,LPI 프리미엄,,201405.0,2015,530.0,230200.0,LPG(일반인 구입),오토,ORIGINAL,일반,2025-03-19 18:24:45.000 +09,경북,경산한성자동차매매상사,23버6081,2,3,4,159.7665,267.9726,1,0,
39210718,현대,쏘나타 (DN8),2.0,인스퍼레이션,201908.0,2020,1820.0,100232.0,가솔린,오토,ORIGINAL,일반,2025-03-19 18:24:33.000 +09,대전,카카오토월드(주),137라8746,0,0,4,0.0,0.0,1,0,
39178027,현대,LF 쏘나타,LPI 프리미엄,,201509.0,2016,799.0,178794.0,LPG(일반인 구입),오토,ORIGINAL,일반,2025-03-19 18:24:13.000 +09,대구,(주)히든모터스,288저1941,4,0,3,250.598,0.0,1,0,
39256031,현대,YF 쏘나타,LPI 프리미어,,200910.0,2010,399.0,170472.0,LPG(일반인 구입),오토,ORIGINAL,일반,2025-03-19 18:23:55.000 +09,부산,로다오토,23나4470,1,2,2,91.27,181.6259,0,0,
39081498,현대,쏘나타 (DN8),2.0 LPG(렌터카용),스마트,202001.0,2020,1690.0,63154.0,LPG(일반인 구입),오토,ORIGINAL,일반,2025-03-19 18:23:54.000 +09,부산,로다오토,227무1559,2,0,1,279.8369,0.0,1,0,
39212821,현대,LF 쏘나타,2.0 스타일,(세부등급 없음),201404.0,2015,850.0,133969.0,가솔린,오토,ORIGINAL,일반,2025-03-19 18:23:54.000 +09,부산,로다오토,19거2407,5,1,3,639.4807,40.0,0,0,
39271011,현대,쏘나타 하이브리드 (DN8),프리미엄,패밀리,202004.0,2021,1800.0,95615.0,가솔린+전기,오토,ORIGINAL,일반,2025-03-19 18:23:29.000 +09,경기,와이엠 모터스,359두2126,4,0,0,418.669,0.0,0,0,
39154439,현대,YF 쏘나타,Y20 탑,최고급형,200912.0,2010,479.0,127500.0,가솔린,오토,ORIGINAL,일반,2025-03-19 18:22:35.000 +09,경기,정원모터스,58모5068,2,1,6,54.9288,61.4859,0,0,
39204089,현대,LF 쏘나타,2.0 스마트,(세부등급 없음),201503.0,2015,950.0,116276.0,가솔린,오토,ORIGINAL,일반,2025-03-19 18:22:06.000 +09,경기,카메이트,58구1231,7,1,3,569.2144,67.4058,0,0,
38936471,현대,쏘나타 (DN8),2.0,프리미엄 패밀리,202002.0,2020,1650.0,72505.0,가솔린,오토,ORIGINAL,일반,2025-03-19 18:21:56.000 +09,대전,신카,296로8312,0,0,4,0.0,0.0,2,0,
39215840,현대,쏘나타 (DN8),2.0,프리미엄 패밀리,202012.0,2021,1820.0,60949.0,가솔린,오토,ORIGINAL,일반,2025-03-19 18:21:53.000 +09,경기,자마이카,129나7812,1,3,1,0.0,176.6319,1,0,
39161999,현대,YF 쏘나타,Y20 프리미어,최고급형,201103.0,2011,600.0,91574.0,가솔린,오토,ORIGINAL,일반,2025-03-19 18:20:41.000 +09,경북,스카이자동차,66고7299,4,3,6,685.2283,158.9229,0,0,
39103913,현대,쏘나타 (DN8),2.0 LPG(렌터카용),스마트,201912.0,2020,1550.0,77933.0,LPG(일반인 구입),오토,ORIGINAL,일반,2025-03-19 18:20:20.000 +09,전북,미라클,117하1022,2,2,0,0.0,52.34,0,0,
37162607,현대,쏘나타 뉴 라이즈,LPI 스타일,,201812.0,2019,1430.0,15545.0,LPG(일반인 구입),오토,ORIGINAL,일반,2025-03-19 18:20:01.000 +09,울산,다인모터스,64도8943,1,0,4,336.7636,0.0,0,0,
39193883,현대,LF 쏘나타,2.0 프리미엄,(세부등급 없음),201503.0,2015,770.0,189000.0,가솔린,오토,ORIGINAL,일반,2025-03-19 18:18:38.000 +09,인천,오토그린,18저6548,1,2,2,95.3313,134.855,1,0,
38973538,현대,LF 쏘나타,LPI 택시형,스타일,201802.0,2018,510.0,209765.0,LPG(일반인 구입),오토,ORIGINAL,일반,2025-03-19 18:17:54.000 +09,부산,알뜰중고차,244무8877,2,0,1,231.005,0.0,1,0,
37123275,현대,LF 쏘나타 하이브리드,2.0 HEV,모던,201501.0,2015,1280.0,77743.0,가솔린+전기,오토,ORIGINAL,일반,2025-03-19 18:17:50.000 +09,부산,(주)비엔케이모터스,61마6521,2,1,1,147.2537,111.5798,0,0,
38657797,현대,쏘나타 뉴 라이즈,2.0 스마트,,201704.0,2018,1320.0,94147.0,가솔린,오토,ORIGINAL,일반,2025-03-19 18:16:55.000 +09,경기,바른모터스,21무1350,3,0,2,239.4278,0.0,0,0,
38944189,현대,YF 쏘나타,Y20 프라임,고급형,201004.0,2010,300.0,190344.0,가솔린,오토,ORIGINAL,일반,2025-03-19 18:16:43.000 +09,광주,(주)카마트,16고7824,5,8,6,304.4466,505.0178,1,0,
39242068,현대,쏘나타 뉴 라이즈,2.0 모던,,201709.0,2018,1350.0,103296.0,가솔린,오토,ORIGINAL,일반,2025-03-19 18:16:33.000 +09,전북,조은모터스,20마7352,5,2,2,481.639,154.8908,0,0,
39027821,현대,LF 쏘나타,2.0 스마트,(세부등급 없음),201609.0,2017,9999.0,98850.0,가솔린,오토,ORIGINAL,일반,2025-03-19 18:15:54.000 +09,서울,주 비케이투 모터스,64마0462,4,1,2,313.3715,369.617,0,0,
38399288,현대,쏘나타 (DN8),2.0,프리미엄 패밀리,202007.0,2021,1850.0,86670.0,가솔린,오토,ORIGINAL,일반,2025-03-19 18:15:45.000 +09,충북,정일모터스,250머5045,2,1,1,507.9473,56.7,1,0,
37777014,현대,쏘나타 뉴 라이즈,LPI 모던,,201707.0,2018,1390.0,110951.0,LPG(일반인 구입),오토,ORIGINAL,일반,2025-03-19 18:15:44.000 +09,충북,정일모터스,164가2557,0,2,3,0.0,93.3841,1,0,
37772574,현대,쏘나타 뉴 라이즈,LPI 스타일,,201706.0,2018,1450.0,44059.0,LPG(일반인 구입),오토,ORIGINAL,일반,2025-03-19 18:15:44.000 +09,충북,정일모터스,227보7804,2,1,7,154.0769,301.3556,1,0,
39213648,현대,쏘나타 더 브릴리언트,LPI 프리미엄,,201404.0,2014,530.0,140000.0,LPG(일반인 구입),오토,ORIGINAL,일반,2025-03-19 18:14:49.000 +09,충북,오성상사,62노0843,1,3,4,19.625,148.0916,1,0,
39185343,현대,쏘나타 하이브리드,2.0,모던,201406.0,2014,650.0,152508.0,가솔린+전기,오토,ORIGINAL,일반,2025-03-19 18:14:47.000 +09,충남,정한상사,45두6425,0,2,3,0.0,179.6155,0,0,
39094631,현대,쏘나타 더 브릴리언트,LPI 스마트,,201403.0,2014,480.0,175389.0,LPG(일반인 구입),오토,ORIGINAL,일반,2025-03-19 18:14:22.000 +09,전북,(유)한성월드대표,03오2033,0,5,7,0.0,332.1692,1,0,
39180274,현대,YF 쏘나타,Y20 프리미어,최고급형,201008.0,2011,339.0,208261.0,가솔린,오토,ORIGINAL,일반,2025-03-19 18:13:24.000 +09,충남,당근카,58더8391,2,0,1,81.9178,0.0,0,0,
36721880,현대,쏘나타 (DN8),2.0 LPG,프리미엄 패밀리,202007.0,2021,1780.0,92282.0,LPG(일반인 구입),오토,ORIGINAL,일반,2025-03-19 18:12:18.000 +09,경북,성원모터스,383어4716,2,1,1,263.3601,60.5687,0,0,
38620761,현대,쏘나타 (DN8),2.0,프리미엄 플러스,202110.0,2022,2030.0,60219.0,가솔린,오토,ORIGINAL,일반,2025-03-19 18:12:18.000 +09,경북,성원모터스,158라1496,0,0,1,0.0,0.0,0,0,
36862123,현대,쏘나타 하이브리드,2.0,로열,201301.0,2013,650.0,102788.0,가솔린+전기,오토,ORIGINAL,일반,2025-03-19 18:12:18.000 +09,경북,성원모터스,24고4027,2,2,2,215.321,192.8781,0,0,
38523720,현대,쏘나타 하이브리드,2.0,모던,201306.0,2014,490.0,208596.0,가솔린+전기,오토,ORIGINAL,일반,2025-03-19 18:11:56.000 +09,전북,원모터스,108부8316,1,1,3,37.227,157.07,1,0,
39013113,현대,LF 쏘나타,2.0 스마트,(세부등급 없음),201602.0,2016,970.0,129938.0,가솔린,오토,ORIGINAL,일반,2025-03-19 18:11:39.000 +09,경남,v모터스,13고0232,3,5,3,324.5142,785.4541,0,0,
36880063,현대,LF 쏘나타,1.7 디젤 스마트,(세부등급 없음),201512.0,2016,730.0,175000.0,디젤,오토,ORIGINAL,일반,2025-03-19 18:11:15.000 +09,경기,(주)애니카모터스,47우0717,3,1,3,224.8381,33.5158,0,0,
39228668,현대,쏘나타 하이브리드 (DN8),프리미엄 플러스,,202303.0,2023,2830.0,26004.0,가솔린+전기,오토,ORIGINAL,일반,2025-03-19 18:10:25.000 +09,대구,오토위더스,240부8520,0,0,1,0.0,0.0,1,0,
38141091,현대,쏘나타 뉴 라이즈,LPI 모던,,201711.0,2018,1250.0,123758.0,LPG(일반인 구입),오토,ORIGINAL,일반,2025-03-19 18:10:25.000 +09,대구,오토위더스,244고9501,0,0,2,0.0,0.0,1,0,
38327702,현대,쏘나타 (DN8),2.0 LPG,프리미엄 패밀리,202006.0,2021,2250.0,59241.0,LPG(일반인 구입),오토,ORIGINAL,일반,2025-03-19 18:10:25.000 +09,대구,오토위더스,101로1166,2,0,1,176.9126,0.0,0,0,
37670844,현대,LF 쏘나타,LPI 택시형,스타일,201708.0,2017,719.0,125398.0,LPG(일반인 구입),오토,ORIGINAL,일반,2025-03-19 18:10:14.000 +09,대구,진보자동차상사,168노5390,1,0,2,81.4079,0.0,1,0,
37687093,현대,LF 쏘나타,1.6 터보 스마트,(세부등급 없음),201605.0,2017,1249.0,52156.0,가솔린,오토,ORIGINAL,일반,2025-03-19 18:10:14.000 +09,대구,진보자동차상사,63마0829,3,4,0,478.7423,467.8179,0,0,
39086155,현대,YF 쏘나타,LPI 럭셔리,,201104.0,2011,299.0,167671.0,LPG(일반인 구입),오토,ORIGINAL,일반,2025-03-19 18:10:11.000 +09,대구,OK자동차상사,12고9532,2,1,4,416.085,44.6765,0,0,
39189941,현대,쏘나타 더 브릴리언트,CVVL 스마트,,201407.0,2014,750.0,66308.0,가솔린,오토,ORIGINAL,일반,2025-03-19 18:10:09.000 +09,서울,(주)성우아이엔아이,45오1165,0,1,3,0.0,24.476,0,0,
38958810,현대,LF 쏘나타 하이브리드,2.0 HEV,모던,201510.0,2016,849.0,152094.0,가솔린+전기,오토,ORIGINAL,일반,2025-03-19 18:09:40.000 +09,경남,마린모터스,49마0307,5,3,3,785.6886,282.7742,0,0,
37910741,현대,YF 쏘나타,Y20 탑,와인스페셜,201009.0,2011,460.0,76416.0,가솔린,오토,ORIGINAL,일반,2025-03-19 18:08:44.000 +09,경기,(주)고물상,54도5115,2,2,1,287.2199,555.487,0,0,
39267759,현대,쏘나타 더 브릴리언트,CVVL 스마트,,201209.0,2013,580.0,119636.0,가솔린,오토,ORIGINAL,일반,2025-03-19 18:08:02.000 +09,대구,누리자동차,19러4308,0,2,2,0.0,134.2064,0,0,
39037573,현대,LF 쏘나타,2.0 스마트,(세부등급 없음),201411.0,2015,1080.0,92216.0,가솔린,오토,ORIGINAL,일반,2025-03-19 18:07:59.000 +09,울산,엠피크,23주7624,3,3,1,111.5581,167.8738,0,0,
38621244,현대,LF 쏘나타,2.0 케어플러스,,201607.0,2017,1250.0,65055.0,가솔린,오토,ORIGINAL,일반,2025-03-19 18:07:59.000 +09,울산,엠피크,60루0457,2,0,3,136.6427,0.0,0,0,
38680896,현대,LF 쏘나타,2.0 스마트,(세부등급 없음),201406.0,2015,830.0,120878.0,가솔린,오토,ORIGINAL,일반,2025-03-19 18:07:29.000 +09,경북,하나로모터스,28가3162,4,2,3,348.6148,700.874,0,0,
39204125,현대,쏘나타 (DN8),1.6 터보,인스퍼레이션,202102.0,2021,2530.0,57181.0,가솔린,오토,ORIGINAL,일반,2025-03-19 18:07:12.000 +09,대전,금성모터스(주),153서9193,1,0,1,59.064,0.0,1,0,
39235738,현대,쏘나타 (DN8),2.0,프리미엄 패밀리,202103.0,2021,2090.0,57072.0,가솔린,오토,ORIGINAL,일반,2025-03-19 18:07:12.000 +09,대전,금성모터스(주),212고8194,0,1,1,0.0,149.7177,1,0,
39224924,현대,쏘나타 뉴 라이즈,LPI 스타일,,201801.0,2018,740.0,200974.0,LPG(일반인 구입),오토,ORIGINAL,일반,2025-03-19 18:06:58.000 +09,경기,(주)정직한놈들,264고6507,0,0,3,0.0,0.0,1,0,
38853142,현대,LF 쏘나타,2.0 케어플러스,,201704.0,2017,1170.0,130604.0,가솔린,오토,ORIGINAL,일반,2025-03-19 18:06:58.000 +09,경기,(주)정직한놈들,10나9901,5,0,1,462.4289,0.0,0,0,
39040414,현대,쏘나타 디 엣지(DN8),2.0,프리미엄,202310.0,2024,2699.0,32625.0,가솔린,오토,ORIGINAL,일반,2025-03-19 18:06:20.000 +09,경기,더나은모터스,278라3621,1,0,1,55.655,0.0,1,0,
39189809,현대,쏘나타 (DN8),2.0,모던,202202.0,2022,1799.0,73987.0,가솔린,오토,ORIGINAL,일반,2025-03-19 18:06:19.000 +09,경기,더나은모터스,133구3051,0,3,1,0.0,199.7972,1,0,
39204114,현대,쏘나타 (DN8),2.0,프리미엄 패밀리,202104.0,2021,1950.0,60095.0,가솔린,오토,ORIGINAL,일반,2025-03-19 18:06:18.000 +09,경기,(주)이룸모터스,308거2335,1,1,2,58.129,196.6419,0,0,
37762277,현대,쏘나타 (DN8),2.0,프리미엄,201911.0,2020,1550.0,82840.0,가솔린,오토,ORIGINAL,일반,2025-03-19 18:06:02.000 +09,대구,주원모터스,184구4875,0,0,2,0.0,0.0,1,0,
38801825,현대,쏘나타 (DN8),2.0,프리미엄,202008.0,2021,1780.0,40880.0,가솔린,오토,ORIGINAL,일반,2025-03-19 18:06:02.000 +09,대구,주원모터스,228노4347,1,0,1,70.375,0.0,1,0,
36732891,현대,쏘나타 뉴 라이즈,1.7 디젤 모던,,201705.0,2018,1390.0,57808.0,디젤,오토,ORIGINAL,일반,2025-03-19 18:05:27.000 +09,부산,주식회사 모터스트리,21너5198,0,0,4,0.0,0.0,0,0,
38749263,현대,쏘나타 더 브릴리언트,LPI 스타일,,201211.0,2013,289.0,180697.0,LPG(일반인 구입),오토,ORIGINAL,일반,2025-03-19 18:04:50.000 +09,경기,인하모터스,58다0246,4,3,3,213.7288,167.4689,1,0,
36838219,현대,쏘나타 뉴 라이즈 하이브리드,모던,,201707.0,2018,1690.0,57712.0,가솔린+전기,오토,ORIGINAL,일반,2025-03-19 18:04:19.000 +09,전북,엘리트모터스,03누1092,3,1,1,339.0029,274.2727,0,0,
38708073,현대,NF 쏘나타 트랜스폼,LPG N20 디럭스,,200905.0,2009,299.0,104997.0,LPG(일반인 구입),오토,ORIGINAL,일반,2025-03-19 18:04:18.000 +09,울산,제이모터스,172서6830,3,0,3,477.9164,0.0,1,0,
38630339,현대,쏘나타 뉴 라이즈,2.0 스마트,,201704.0,2018,1100.0,120400.0,가솔린,오토,ORIGINAL,일반,2025-03-19 18:03:39.000 +09,대구,라인 모터스,18로8046,3,2,6,328.5984,169.6832,1,0,
39260808,현대,쏘나타 더 브릴리언트,LPI 모던(장애인용),,201312.0,2014,720.0,132863.0,LPG(일반인 구입),오토,ORIGINAL,일반,2025-03-19 18:03:18.000 +09,대전,(주)이카,12거5434,1,0,2,43.973,0.0,0,0,
39188186,현대,YF 쏘나타,Y20 프리미어,최고급형,201104.0,2011,410.0,93000.0,가솔린,오토,ORIGINAL,일반,2025-03-19 18:01:35.000 +09,대전,(주)엠월드,18러6019,2,2,8,127.5495,180.7799,0,0,
38946186,현대,YF 쏘나타,Y20 프리미어,(세부등급 없음),201008.0,2011,420.0,153360.0,가솔린,오토,ORIGINAL,일반,2025-03-19 18:01:28.000 +09,경남,한결모터스,41노8107,1,2,5,98.531,224.563,0,0,
38041056,현대,LF 쏘나타,LPI 스마트,,201608.0,2017,998.0,92462.0,LPG(일반인 구입),오토,ORIGINAL,일반,2025-03-19 18:01:13.000 +09,경북,스마일 중고차 상사,34더0615,3,3,2,314.1688,407.9408,0,0,
39239332,현대,쏘나타 더 브릴리언트,LPI 프리미엄 스페셜,,201310.0,2014,385.0,238196.0,LPG(일반인 구입),오토,ORIGINAL,일반,2025-03-19 18:00:59.000 +09,경남,한강모터스,50다4312,0,0,3,0.0,0.0,1,0,
38748929,현대,YF 쏘나타,LPI 럭셔리,,201007.0,2010,270.0,155900.0,LPG(일반인 구입),오토,ORIGINAL,일반,2025-03-19 18:00:19.000 +09,대구,동아 모터스,59수6310,3,1,2,343.09,282.9469,0,0,
38413709,현대,YF 쏘나타,LPI 프리미어,,201106.0,2011,390.0,179592.0,LPG(일반인 구입),오토,ORIGINAL,일반,2025-03-19 17:59:17.000 +09,대전,나성모터스,20라7874,1,2,8,35.858,95.0042,0,0,
38103126,현대,LF 쏘나타,LPI 스마트,,201404.0,2015,650.0,165836.0,LPG(일반인 구입),오토,ORIGINAL,일반,2025-03-19 17:59:05.000 +09,경기,다온자동차,374마5791,1,0,2,79.609,0.0,1,0,
39127450,현대,쏘나타 하이브리드 (DN8),프리미엄 플러스,,202301.0,2023,2790.0,10764.0,가솔린+전기,오토,ORIGINAL,일반,2025-03-19 17:58:24.000 +09,부산,(주)하이엔드모터스,299소2426,0,0,0,0.0,0.0,0,0,
39000184,현대,쏘나타 뉴 라이즈,LPI 스타일,,201803.0,2018,830.0,153296.0,LPG(일반인 구입),오토,ORIGINAL,일반,2025-03-19 17:58:20.000 +09,경기,천마상사,238우3610,4,4,6,559.3918,856.3139,1,0,
38988069,현대,LF 쏘나타,2.0 스타일,(세부등급 없음),201410.0,2015,690.0,158350.0,가솔린,오토,ORIGINAL,일반,2025-03-19 17:58:20.000 +09,경기,천마상사,17루6479,5,3,3,705.9494,591.8021,1,0,
39192137,현대,쏘나타 (DN8),2.0 LPG(렌터카용),스마트,202101.0,2021,1600.0,60299.0,LPG(일반인 구입),오토,ORIGINAL,일반,2025-03-19 17:58:14.000 +09,경기,(주)카홀딩스,214러5336,0,0,1,0.0,0.0,1,0,
38236109,현대,LF 쏘나타,LPI 스마트,,201506.0,2015,570.0,183630.0,LPG(일반인 구입),오토,ORIGINAL,일반,2025-03-19 17:57:56.000 +09,광주,(주)하늘모터스,120무6433,4,5,3,416.4081,881.8772,1,0,
38467214,현대,쏘나타 더 브릴리언트,LPI 스마트,,201310.0,2014,499.0,163855.0,LPG(일반인 구입),오토,ORIGINAL,일반,2025-03-19 17:57:54.000 +09,경남,김해중고차상사,13거0143,0,0,4,0.0,0.0,1,0,
39206569,현대,쏘나타 뉴 라이즈,2.0 스마트 스페셜,,201808.0,2019,1420.0,112000.0,가솔린,오토,ORIGINAL,일반,2025-03-19 17:57:54.000 +09,대전,믿음모터스,02도9773,2,0,1,191.07,0.0,0,0,
39081273,현대,쏘나타 디 엣지(DN8),2.0,익스클루시브,202406.0,2024,2980.0,966.0,가솔린,오토,ORIGINAL,일반,2025-03-19 17:57:44.000 +09,광주,삼일모터스,155도9760,0,0,0,0.0,0.0,0,0,
39038749,현대,쏘나타 디 엣지(DN8),1.6 터보,인스퍼레이션,202305.0,2024,3290.0,17655.0,가솔린,오토,ORIGINAL,일반,2025-03-19 17:57:43.000 +09,광주,삼일모터스,153버7118,0,0,1,0.0,0.0,0,0,
38887544,현대,쏘나타 (DN8),2.0 LPG,모던,202205.0,2022,1549.0,143748.0,LPG(일반인 구입),오토,ORIGINAL,일반,2025-03-19 17:57:16.000 +09,경기,21세기자동차,235소6516,0,0,0,0.0,0.0,0,0,
38920796,현대,쏘나타 (DN8),2.0 LPG,모던,202205.0,2022,1490.0,150404.0,LPG(일반인 구입),오토,ORIGINAL,일반,2025-03-19 17:57:16.000 +09,경기,21세기자동차,235소6531,2,0,1,192.8325,0.0,0,0,
39119461,현대,쏘나타 하이브리드 (DN8),프리미엄,밀레니얼,201911.0,2020,1870.0,181508.0,가솔린+전기,오토,ORIGINAL,일반,2025-03-19 17:57:08.000 +09,경기,이지모터스,285보6840,1,3,2,40.1147,167.443,0,0,
39073767,현대,쏘나타 (DN8),2.5 터보 N Line,인스퍼레이션,202207.0,2022,2890.0,35000.0,가솔린,오토,ORIGINAL,일반,2025-03-19 17:57:06.000 +09,경기,오토몰,172호1251,1,0,0,45.8451,0.0,0,0,
38574663,현대,LF 쏘나타,LPI 프리미엄,,201608.0,2017,599.0,171127.0,LPG(일반인 구입),오토,ORIGINAL,일반,2025-03-19 17:57:02.000 +09,경기,(주)카베이,31보0134,6,8,3,1057.0587,1590.7172,0,0,
38583839,현대,LF 쏘나타,LPI 프리미엄,,201501.0,2015,1199.0,39054.0,LPG(일반인 구입),오토,ORIGINAL,일반,2025-03-19 17:56:02.000 +09,경북,삼성모터스,54어3027,2,0,1,89.3139,0.0,0,0,
39168960,현대,쏘나타 디 엣지(DN8),2.5 터보,N Line,202407.0,2024,4346.0,4975.0,가솔린,오토,ORIGINAL,렌트,2025-03-19 17:55:08.000 +09,부산,스타모터스,203호5108,0,0,0,0.0,0.0,0,0,
38246001,현대,쏘나타 하이브리드 (DN8),모던,,202204.0,2022,2340.0,30998.0,가솔린+전기,오토,ORIGINAL,일반,2025-03-19 17:55:03.000 +09,경기,국민모터스,286러9215,0,0,1,0.0,0.0,1,0,
39232208,현대,쏘나타 (DN8),2.0,인스퍼레이션,202011.0,2021,2000.0,102145.0,가솔린,오토,ORIGINAL,일반,2025-03-19 17:54:44.000 +09,경기,스마일자동차,277다8939,2,0,1,213.15,0.0,0,0,
39060240,현대,쏘나타 더 브릴리언트,LPI 스타일,,201212.0,2013,379.0,127904.0,LPG(일반인 구입),오토,ORIGINAL,일반,2025-03-19 17:54:42.000 +09,대구,미래모터스,42마2774,6,10,7,518.1144,934.8202,1,0,
38345670,현대,LF 쏘나타,2.0 스마트,(세부등급 없음),201406.0,2015,860.0,129493.0,가솔린,오토,ORIGINAL,일반,2025-03-19 17:54:14.000 +09,강원,네오자동차(NEOAUTO COMPANY),02로8052,3,1,4,590.6784,121.899,1,0,
38224640,현대,쏘나타 뉴 라이즈,LPI 스타일,,201709.0,2018,1280.0,109976.0,LPG(일반인 구입),오토,ORIGINAL,일반,2025-03-19 17:54:13.000 +09,강원,네오자동차(NEOAUTO COMPANY),104다4136,4,4,1,172.4183,566.3291,1,0,
38625025,현대,쏘나타 (DN8),1.6 터보,스마트,202001.0,2020,1950.0,37043.0,가솔린,오토,ORIGINAL,일반,2025-03-19 17:54:13.000 +09,강원,네오자동차(NEOAUTO COMPANY),208두4823,3,0,1,341.814,0.0,1,0,
39251373,현대,쏘나타 더 브릴리언트,LPI 스마트,,201208.0,2013,470.0,150870.0,LPG(일반인 구입),오토,ORIGINAL,일반,2025-03-19 17:53:52.000 +09,전남,으라차차모터스,26두5619,3,1,1,97.9468,43.263,0,0,
38621242,현대,쏘나타 뉴 라이즈,LPI 택시형,스타일,201909.0,2020,1250.0,58905.0,LPG(일반인 구입),오토,ORIGINAL,일반,2025-03-19 17:53:52.000 +09,전남,으라차차모터스,221오4650,2,1,3,201.76,0.0,1,0,
36634906,현대,쏘나타 더 브릴리언트,LPI 스마트,,201302.0,2013,550.0,131777.0,LPG(일반인 구입),오토,ORIGINAL,일반,2025-03-19 17:52:58.000 +09,경북,화림자동차상사,63모5429,2,1,1,536.077,41.666,0,0,
38248056,현대,쏘나타 (DN8),2.0 LPG(렌터카용),스마트,202008.0,2021,1935.0,31754.0,LPG(일반인 구입),오토,ORIGINAL,일반,2025-03-19 17:52:38.000 +09,광주,아이비원모터스,316너8497,0,0,1,0.0,0.0,1,0,
39218780,현대,쏘나타 (DN8),2.0,프리미엄 플러스,202201.0,2022,2270.0,37825.0,가솔린,오토,ORIGINAL,일반,2025-03-19 17:52:38.000 +09,광주,아이비원모터스,362두2128,0,0,1,0.0,0.0,1,0,
38979397,현대,LF 쏘나타 하이브리드,2.0 HEV,모던,201603.0,2016,1150.0,130200.0,가솔린+전기,오토,ORIGINAL,일반,2025-03-19 17:52:14.000 +09,광주,(주)21세기모터스,08가1356,0,1,2,0.0,51.123,1,0,
38961456,현대,쏘나타 더 브릴리언트,LPI 스마트,,201303.0,2013,390.0,221324.0,LPG(일반인 구입),오토,ORIGINAL,일반,2025-03-19 17:51:38.000 +09,부산,해성모터스,42러3308,1,1,2,45.5973,35.4828,0,0,
39182528,현대,쏘나타 (DN8),2.0 LPG(렌터카용),스타일,202110.0,2022,1280.0,123900.0,LPG(일반인 구입),오토,ORIGINAL,일반,2025-03-19 17:51:27.000 +09,전북,강남모터스,225거5725,1,0,1,150.439,0.0,1,0,
35180527,현대,쏘나타 하이브리드 (DN8),인스퍼레이션,,202109.0,2022,2990.0,7129.0,가솔린+전기,오토,ORIGINAL,일반,2025-03-19 17:49:55.000 +09,대구,한라 모터스,313어3062,0,0,0,0.0,0.0,0,0,
39252756,현대,쏘나타 디 엣지(DN8),1.6 터보,인스퍼레이션,202501.0,2025,3912.0,1500.0,가솔린,오토,ORIGINAL,렌트,2025-03-19 17:49:51.000 +09,경기,(주)탑기어모터스,204호4220,0,0,0,0.0,0.0,0,0,
39259947,현대,쏘나타 (DN8),2.0,프리미엄 패밀리,202008.0,2021,1850.0,43700.0,가솔린,오토,ORIGINAL,일반,2025-03-19 17:49:50.000 +09,경기,(주)탑기어모터스,108거7242,1,0,1,72.0567,0.0,1,0,
39101927,현대,쏘나타 (DN8),2.0,프리미엄,202102.0,2021,34.0,88438.0,가솔린,오토,ORIGINAL,리스,2025-03-19 17:49:04.000 +09,경기,(주)퍼스트다이렉트,178호1455,0,0,0,0.0,0.0,0,0,
39201255,현대,쏘나타 (DN8),2.0 LPG(렌터카용),스타일,202112.0,2022,1199.0,134508.0,LPG(일반인 구입),오토,ORIGINAL,일반,2025-03-19 17:47:09.000 +09,대구,신한모터스,103다2563,0,0,1,0.0,0.0,1,0,
39028836,현대,쏘나타 뉴 라이즈,2.0 스마트,,201703.0,2018,1390.0,77292.0,가솔린,오토,ORIGINAL,일반,2025-03-19 17:47:04.000 +09,울산,제이유모터스,03라7335,0,0,2,0.0,0.0,0,0,
38618570,현대,LF 쏘나타,LPI 스마트(장애인용),,201405.0,2015,990.0,131413.0,LPG(일반인 구입),오토,ORIGINAL,일반,2025-03-19 17:46:54.000 +09,부산,차파는최부장,19나2731,1,0,1,49.0208,0.0,0,0,
38639010,현대,쏘나타 (DN8),2.0,프리미엄,202105.0,2021,2150.0,43466.0,가솔린,오토,ORIGINAL,일반,2025-03-19 17:45:44.000 +09,대구,월드모터스,136도4807,0,1,2,0.0,96.234,1,0,
39154454,현대,쏘나타 뉴 라이즈,2.0 모던,,201804.0,2019,1350.0,125571.0,가솔린,오토,ORIGINAL,일반,2025-03-19 17:45:07.000 +09,광주,(주)타요,161소8295,0,2,4,0.0,144.5769,1,0,
38407389,현대,쏘나타 더 브릴리언트,CVVL 스마트,,201211.0,2013,540.0,176065.0,가솔린,오토,ORIGINAL,일반,2025-03-19 17:44:22.000 +09,광주,주)타요,58루8328,2,1,5,169.8276,34.5576,0,0,
39152861,현대,쏘나타 (DN8),2.0,프리미엄,202012.0,2021,1780.0,69616.0,가솔린,오토,ORIGINAL,일반,2025-03-19 17:44:12.000 +09,대전,베스트모터스,153서9148,0,0,1,0.0,0.0,1,0,
39152042,현대,쏘나타 (DN8),2.0,프리미엄 플러스,202202.0,2022,2080.0,49153.0,가솔린,오토,ORIGINAL,일반,2025-03-19 17:44:12.000 +09,대전,베스트모터스,153서9115,0,1,1,0.0,0.0,1,0,
37991322,현대,YF 쏘나타,Y20 그랜드,,201007.0,2010,350.0,120815.0,가솔린,수동,ORIGINAL,일반,2025-03-19 17:44:11.000 +09,대구,금강산자동차상사,17오5982,0,0,2,0.0,0.0,0,0,
36211960,현대,LF 쏘나타,LPI 프리미엄,,201507.0,2015,1188.0,71611.0,LPG(일반인 구입),오토,ORIGINAL,일반,2025-03-19 17:40:41.000 +09,경남,SK원카,45로9681,1,0,2,186.0668,0.0,0,0,
32877059,현대,EF 쏘나타,1.8 DOHC,,199901.0,1999,298.0,83116.0,가솔린,오토,ORIGINAL,일반,2025-03-19 17:40:39.000 +09,경남,SK원카,43가8581,3,2,5,64.72,27.595,1,0,
37239786,현대,쏘나타 뉴 라이즈,LPI 스타일,,201704.0,2018,798.0,224965.0,LPG(일반인 구입),오토,ORIGINAL,일반,2025-03-19 17:40:39.000 +09,경남,SK원카,214도5744,5,1,2,433.6485,16.995,1,0,
38946228,현대,쏘나타 (DN8),2.0 LPG(렌터카용),스타일,202002.0,2020,1450.0,62759.0,LPG(일반인 구입),오토,ORIGINAL,일반,2025-03-19 17:40:30.000 +09,광주,J-AUTO(제이오토),130나9588,0,0,1,0.0,0.0,1,0,
39109424,현대,LF 쏘나타,LPI 모던,,201601.0,2016,1111.0,220939.0,LPG(일반인 구입),오토,ORIGINAL,일반,2025-03-19 17:40:30.000 +09,광주,J-AUTO(제이오토),323부5979,3,1,3,400.0449,119.6136,3,0,
38583764,현대,쏘나타 (DN8),2.0 LPG(렌터카용),스타일,202009.0,2021,1630.0,54589.0,LPG(일반인 구입),오토,ORIGINAL,일반,2025-03-19 17:40:30.000 +09,광주,J-AUTO(제이오토),114너7841,0,0,1,0.0,0.0,1,0,
38547630,현대,쏘나타 뉴 라이즈,LPI 스타일,,201711.0,2018,820.0,172082.0,LPG(일반인 구입),오토,ORIGINAL,일반,2025-03-19 17:39:07.000 +09,전북,탑모터스,203버9498,2,0,1,59.248,0.0,1,0,
38686623,현대,쏘나타 뉴 라이즈,LPI 스타일,,201806.0,2019,1180.0,89093.0,LPG(일반인 구입),오토,ORIGINAL,일반,2025-03-19 17:37:10.000 +09,광주,(주)에이프로,145어3922,1,0,2,44.8758,0.0,1,0,
38649383,현대,LF 쏘나타,2.0 스타일,(세부등급 없음),201602.0,2016,950.0,97292.0,가솔린,오토,ORIGINAL,일반,2025-03-19 17:37:08.000 +09,서울,파인모터스,174거6658,0,1,4,0.0,37.9036,1,0,
39122029,현대,쏘나타 더 브릴리언트,LPI 모던,,201312.0,2014,460.0,192234.0,LPG(일반인 구입),오토,ORIGINAL,일반,2025-03-19 17:36:44.000 +09,전북,스마일모터스,351소8976,0,1,4,0.0,93.6058,1,0,
38994972,현대,쏘나타 (DN8),2.0 LPG(렌터카용),스마트,202112.0,2022,1920.0,29928.0,LPG(일반인 구입),오토,ORIGINAL,일반,2025-03-19 17:35:02.000 +09,광주,(주)카마트,197라7800,0,0,1,0.0,0.0,1,0,
39215573,현대,쏘나타 (DN8),2.0,프리미엄 플러스,202112.0,2022,2180.0,45193.0,가솔린,오토,ORIGINAL,일반,2025-03-19 17:35:02.000 +09,광주,(주)카마트,197라7813,0,1,1,0.0,399.111,1,0,
39098604,현대,쏘나타 디 엣지(DN8),2.0,익스클루시브,202408.0,2024,2950.0,7971.0,가솔린,오토,ORIGINAL,일반,2025-03-19 17:34:43.000 +09,경기,프렌즈카,243고4871,0,0,1,0.0,0.0,1,0,
38653689,현대,쏘나타 하이브리드 (DN8),프리미엄,(세부등급 없음),201909.0,2020,1999.0,61411.0,가솔린+전기,오토,ORIGINAL,일반,2025-03-19 17:34:20.000 +09,경남,히트모터스,119우4742,3,0,2,160.748,0.0,1,0,
39226554,현대,쏘나타 (DN8),2.0 LPG(렌터카용),스마트,202102.0,2021,1890.0,50568.0,LPG(일반인 구입),오토,ORIGINAL,일반,2025-03-19 17:34:20.000 +09,경남,히트모터스,122무1290,0,1,1,0.0,363.6388,1,0,
38805622,현대,LF 쏘나타,1.7 디젤 스마트,(세부등급 없음),201512.0,2016,850.0,112757.0,디젤,오토,ORIGINAL,일반,2025-03-19 17:34:11.000 +09,부산,스타모터스,28거8426,4,5,2,327.434,465.4949,0,0,
39057429,현대,LF 쏘나타,2.0 스마트,(세부등급 없음),201602.0,2016,950.0,146959.0,가솔린,오토,ORIGINAL,일반,2025-03-19 17:33:41.000 +09,대전,(주)바이킹오토,24두4230,1,1,3,0.0,58.7178,1,0,
39168455,현대,쏘나타 뉴 라이즈,2.0 모던,,201801.0,2018,980.0,123259.0,가솔린,오토,ORIGINAL,일반,2025-03-19 17:33:38.000 +09,대전,카카오토월드(주),107버4536,3,1,2,487.317,453.39,1,0,
38736571,현대,LF 쏘나타,LPI 택시형,스타일,201508.0,2016,480.0,197840.0,LPG(일반인 구입),오토,ORIGINAL,일반,2025-03-19 17:33:37.000 +09,대전,카카오토월드(주),119모9765,1,1,1,40.671,152.9011,1,0,
38832538,현대,쏘나타 뉴 라이즈,2.0 모던,,201801.0,2018,930.0,195388.0,가솔린,오토,ORIGINAL,일반,2025-03-19 17:33:37.000 +09,대전,카카오토월드(주),212더4172,0,1,2,0.0,19.7767,1,0,
38813042,현대,쏘나타 뉴 라이즈,2.0 모던,,201801.0,2018,1090.0,164710.0,가솔린,오토,ORIGINAL,일반,2025-03-19 17:33:36.000 +09,대전,카카오토월드(주),212더4156,2,0,2,38.967,0.0,1,0,
38813088,현대,쏘나타 뉴 라이즈,2.0 모던,,201801.0,2018,1090.0,164435.0,가솔린,오토,ORIGINAL,일반,2025-03-19 17:33:36.000 +09,대전,카카오토월드(주),212더4114,1,0,2,100.6817,0.0,1,0,
38627431,현대,쏘나타 (DN8),2.0 LPG(렌터카용),스타일,201906.0,2020,1440.0,75192.0,LPG(일반인 구입),오토,ORIGINAL,일반,2025-03-19 17:33:12.000 +09,충북,기림자동차,266누4118,2,0,1,590.8798,0.0,1,0,
39110998,현대,쏘나타 (DN8),1.6 터보,프리미엄 패밀리,202007.0,2021,2155.0,62982.0,가솔린,오토,ORIGINAL,일반,2025-03-19 17:32:07.000 +09,광주,골드모터스,237부8562,1,1,2,92.5108,111.0743,1,0,
39249708,현대,LF 쏘나타,2.0 스마트,(세부등급 없음),201406.0,2015,1035.0,91309.0,가솔린,오토,ORIGINAL,일반,2025-03-19 17:31:17.000 +09,경남,오케이오토,51너8330,0,1,2,0.0,110.5,0,0,
38932667,현대,쏘나타 하이브리드 (DN8),인스퍼레이션,,202212.0,2022,2600.0,45850.0,가솔린+전기,오토,ORIGINAL,일반,2025-03-19 17:30:54.000 +09,전북,카뱅크모터스,164너9331,2,0,0,312.74,0.0,0,0,
39266121,현대,YF 쏘나타,Y20 프라임,블랙,201103.0,2011,369.0,121252.0,가솔린,오토,ORIGINAL,일반,2025-03-19 17:30:06.000 +09,경기,오토피아,26나2224,0,0,6,0.0,0.0,0,0,
38491482,현대,쏘나타 디 엣지 하이브리드(DN8),인스퍼레이션,,202405.0,2024,3760.0,3954.0,가솔린+전기,오토,ORIGINAL,일반,2025-03-19 17:29:50.000 +09,부산,(주)케이비모터스,160오6382,0,0,1,0.0,0.0,1,0,
38105244,현대,쏘나타 하이브리드 (DN8),프리미엄 플러스,,202206.0,2022,2350.0,44748.0,가솔린+전기,오토,ORIGINAL,일반,2025-03-19 17:29:33.000 +09,경기,뉴코리아모터스,354로9907,1,0,1,134.5219,0.0,0,0,
39270452,현대,YF 쏘나타,Y20 럭셔리,,201010.0,2011,360.0,167092.0,가솔린,오토,ORIGINAL,일반,2025-03-19 17:28:19.000 +09,대전,주식회사디오카,34머5605,4,2,0,329.486,273.13,0,0,
39078246,현대,LF 쏘나타,2.0 스타일,(세부등급 없음),201406.0,2015,600.0,204908.0,가솔린,오토,ORIGINAL,일반,2025-03-19 17:27:20.000 +09,경기,(주)디에이모터스,53소6188,1,0,0,40.8,0.0,0,0,
39184846,현대,쏘나타 하이브리드 (DN8),인스퍼레이션,,202203.0,2022,2710.0,56162.0,가솔린+전기,오토,ORIGINAL,일반,2025-03-19 17:27:15.000 +09,경남,남원모터스,233조8317,0,0,3,0.0,0.0,1,0,
39004088,현대,쏘나타 (DN8),2.0,모던,202206.0,2022,1850.0,51025.0,가솔린,오토,ORIGINAL,일반,2025-03-19 17:27:15.000 +09,경남,남원모터스,226조9102,3,1,2,501.7132,97.6678,0,0,
38899541,현대,쏘나타 디 엣지(DN8),2.0,프리미엄,202312.0,2024,2900.0,10556.0,가솔린,오토,ORIGINAL,일반,2025-03-19 17:27:14.000 +09,경기,뉴코리아모터스,158오7121,0,0,0,0.0,0.0,0,0,
37412563,현대,쏘나타 (DN8),2.0 LPG(렌터카용),스타일,201905.0,2020,1399.0,78344.0,LPG(일반인 구입),오토,ORIGINAL,일반,2025-03-19 17:26:37.000 +09,부산,으뜸자동차매매상사,235거5831,0,0,1,0.0,0.0,1,0,
39031881,현대,LF 쏘나타,LPI 스마트,,201404.0,2015,600.0,150737.0,LPG(일반인 구입),오토,ORIGINAL,일반,2025-03-19 17:25:59.000 +09,전북,365모터스,378더5602,2,0,3,88.401,0.0,1,0,
39153613,현대,LF 쏘나타,LPI 프리미엄 스페셜,,201601.0,2016,1130.0,107046.0,LPG(일반인 구입),오토,ORIGINAL,일반,2025-03-19 17:25:40.000 +09,대구,우리모터스,45주0175,2,1,5,180.7949,32.5129,0,0,
38440277,현대,쏘나타 (DN8),1.6 터보,프리미엄 패밀리,202005.0,2021,2160.0,40079.0,가솔린,오토,ORIGINAL,일반,2025-03-19 17:24:51.000 +09,광주,(주)더불어모터스,288버5360,1,0,1,54.648,0.0,0,0,
38796246,현대,쏘나타 더 브릴리언트,CVVL 모던,,201208.0,2013,470.0,161515.0,가솔린,오토,ORIGINAL,일반,2025-03-19 17:24:41.000 +09,대전,드림디오토,29러2428,3,0,7,246.9878,0.0,0,0,0.0
39101078,현대,YF 쏘나타,Y20 그랜드,,201003.0,2010,280.0,95327.0,가솔린,오토,ORIGINAL,일반,2025-03-19 17:24:40.000 +09,대전,드림디오토,30소3779,3,2,4,246.896,305.885,0,0,0.0
38785460,현대,쏘나타 뉴 라이즈,LPI 스타일,,201712.0,2018,880.0,122977.0,LPG(일반인 구입),오토,ORIGINAL,일반,2025-03-19 17:24:39.000 +09,대전,드림디오토,212서1140,0,4,1,0.0,231.994,1,0,0.0
39049559,현대,쏘나타 하이브리드,2.0,로열,201112.0,2012,450.0,136148.0,가솔린+전기,오토,ORIGINAL,일반,2025-03-19 17:24:33.000 +09,경북,하나로모터스,12나4683,5,1,1,335.398,50.513,0,0,
39049520,현대,LF 쏘나타,LPI 프리미엄,,201601.0,2016,860.0,145730.0,LPG(일반인 구입),오토,ORIGINAL,일반,2025-03-19 17:24:33.000 +09,경북,하나로모터스,261라1268,8,5,4,468.5698,178.2656,1,0,
39119677,현대,쏘나타 뉴 라이즈,2.0 스마트 스페셜,,201901.0,2019,1330.0,103435.0,가솔린,오토,ORIGINAL,일반,2025-03-19 17:24:33.000 +09,경북,하나로모터스,34가7891,1,1,1,99.547,66.129,0,0,
38976887,현대,쏘나타 하이브리드,2.0,스마트,201306.0,2014,390.0,237051.0,가솔린+전기,오토,ORIGINAL,일반,2025-03-19 17:24:07.000 +09,대구,한솔모터스,42로6897,1,2,1,158.0153,95.26,0,0,
38230451,현대,쏘나타 하이브리드 (DN8),모던,,202209.0,2023,2660.0,19382.0,가솔린+전기,오토,ORIGINAL,일반,2025-03-19 17:23:47.000 +09,경기,상승자동차,291로6798,0,0,0,0.0,0.0,0,0,
38680489,현대,LF 쏘나타,LPI 모던(장애인용),,201505.0,2015,820.0,176716.0,LPG(일반인 구입),오토,ORIGINAL,일반,2025-03-19 17:23:37.000 +09,광주,스타오토모빌(주),20소6164,2,0,2,116.402,0.0,1,0,
38822461,현대,LF 쏘나타,LPI 스마트,,201501.0,2015,899.0,152711.0,LPG(일반인 구입),오토,ORIGINAL,일반,2025-03-19 17:23:34.000 +09,대구,현대종합자동차상사,47우8382,1,1,1,59.4833,98.2893,0,0,
38992858,현대,쏘나타 디 엣지 하이브리드(DN8),인스퍼레이션,,202405.0,2024,3476.0,14000.0,가솔린+전기,오토,ORIGINAL,렌트,2025-03-19 17:21:59.000 +09,서울,,196하7046,0,0,0,0.0,0.0,0,0,
39213649,현대,쏘나타 디 엣지(DN8),2.0 LPG(렌터카),비즈니스 1,202306.0,2024,1801.0,48650.0,LPG(일반인 구입),오토,ORIGINAL,렌트,2025-03-19 17:21:56.000 +09,서울,,175호1998,0,0,0,0.0,0.0,0,0,
39023978,현대,쏘나타 디 엣지 하이브리드(DN8),프리미엄,,202307.0,2024,1940.0,9969.0,가솔린+전기,오토,ORIGINAL,렌트,2025-03-19 17:21:55.000 +09,서울,,156하9232,1,1,0,89.861,119.1821,0,0,
39090853,현대,쏘나타 (DN8),2.0 LPG(렌터카용),스타일,202002.0,2020,1470.0,75183.0,LPG(일반인 구입),오토,ORIGINAL,일반,2025-03-19 17:21:37.000 +09,대구,우정모터스,226소3349,0,0,2,0.0,0.0,1,0,
38907221,현대,쏘나타 뉴 라이즈,2.0 모던,,201801.0,2018,1045.0,149000.0,가솔린,오토,ORIGINAL,일반,2025-03-19 17:20:41.000 +09,전북,유진모터스,340구6219,1,0,3,263.51,0.0,2,0,
39229716,현대,쏘나타 (DN8),2.0,인스퍼레이션,201904.0,2020,1780.0,46077.0,가솔린,오토,ORIGINAL,일반,2025-03-19 17:20:41.000 +09,전북,유진모터스,304로2670,1,1,6,351.9397,62.2378,1,0,
38809090,현대,LF 쏘나타 하이브리드,2.0 HEV,모던,201504.0,2015,940.0,144000.0,가솔린+전기,오토,ORIGINAL,일반,2025-03-19 17:20:10.000 +09,전북,프렌즈 모터스,66누9814,2,1,3,57.1004,15.0,0,0,
39054522,현대,YF 쏘나타,Y20 탑,(세부등급 없음),201203.0,2012,599.0,69462.0,가솔린,오토,ORIGINAL,일반,2025-03-19 17:19:24.000 +09,대구,골드자동차상사,19소6190,1,1,4,122.2343,185.7994,0,0,
39218649,현대,쏘나타 뉴 라이즈,2.0 스타일,,201705.0,2018,750.0,181000.0,가솔린,오토,ORIGINAL,일반,2025-03-19 17:18:00.000 +09,광주,하늘모터스,344구9423,4,3,8,741.074,1814.9854,1,0,
38557556,현대,쏘나타 하이브리드 (DN8),프리미엄,패밀리,201911.0,2020,1990.0,84646.0,가솔린+전기,오토,ORIGINAL,일반,2025-03-19 17:17:45.000 +09,경기,동양모터스,391마5734,1,0,4,79.2659,0.0,1,0,
38995487,현대,쏘나타 디 엣지 하이브리드(DN8),프리미엄,,202307.0,2024,3130.0,12335.0,가솔린+전기,오토,ORIGINAL,일반,2025-03-19 17:17:02.000 +09,광주,으뜸모터스,195루8354,0,0,1,0.0,0.0,1,0,
39101734,현대,쏘나타 뉴 라이즈,LPI 스타일,,201804.0,2019,1490.0,31965.0,LPG(일반인 구입),오토,ORIGINAL,일반,2025-03-19 17:15:49.000 +09,대구,(주)히든모터스,07어1271,0,0,1,0.0,0.0,0,0,
38306400,현대,쏘나타 (DN8),2.0 LPG(장애인용),프리미엄,201905.0,2020,2250.0,5302.0,LPG(일반인 구입),오토,ORIGINAL,일반,2025-03-19 17:15:38.000 +09,경기,신수원자동차,61마3341,0,0,1,0.0,0.0,0,0,
39052437,현대,쏘나타 (DN8),2.0 LPG(렌터카용),스타일,202009.0,2021,1390.0,39288.0,LPG(일반인 구입),오토,ORIGINAL,일반,2025-03-19 17:15:28.000 +09,광주,(주)한라자동차,104러4528,0,0,3,0.0,0.0,1,0,
38911183,현대,LF 쏘나타 하이브리드,2.0 HEV,프리미엄,201504.0,2015,890.0,177005.0,가솔린+전기,오토,ORIGINAL,일반,2025-03-19 17:15:27.000 +09,광주,(주)한라자동차,380보2742,1,1,4,270.7687,462.4968,1,0,
38222873,현대,LF 쏘나타,LPI 모던,,201512.0,2016,650.0,188711.0,LPG(일반인 구입),오토,ORIGINAL,일반,2025-03-19 17:14:51.000 +09,서울,뉴강남 모터스,309나9348,0,0,2,0.0,0.0,1,0,
39141705,현대,쏘나타 (DN8),1.6 터보,프리미엄 플러스,202107.0,2022,2300.0,28861.0,가솔린,오토,ORIGINAL,일반,2025-03-19 17:14:33.000 +09,경기,제이디모터스,116두2218,3,1,0,320.5697,56.2609,0,0,
39252615,현대,쏘나타 뉴 라이즈,2.0 스마트,,201710.0,2018,1040.0,147364.0,가솔린,오토,ORIGINAL,일반,2025-03-19 17:14:33.000 +09,경기,제이디모터스,168저6918,1,0,2,85.004,0.0,1,0,
38585854,현대,쏘나타 (DN8),2.0 LPG(렌터카용),스마트,202001.0,2020,1550.0,69224.0,LPG(일반인 구입),오토,ORIGINAL,일반,2025-03-19 17:14:14.000 +09,서울,서울 오토벨,143소8914,1,0,3,188.8958,0.0,1,0,
38710736,현대,LF 쏘나타,2.0 스마트,(세부등급 없음),201404.0,2015,1099.0,67800.0,가솔린,오토,ORIGINAL,일반,2025-03-19 17:13:56.000 +09,대구,제일모터스,61고3607,1,0,4,31.537,0.0,0,0,
39131313,현대,쏘나타 더 브릴리언트,CVVL 스마트,,201301.0,2013,580.0,112362.0,가솔린,오토,ORIGINAL,일반,2025-03-19 17:13:16.000 +09,대구,드림모터스,46부8425,1,2,7,35.644,60.1086,0,0,
38999337,현대,LF 쏘나타,2.0 프리미엄,(세부등급 없음),201611.0,2017,1220.0,97805.0,가솔린,오토,ORIGINAL,일반,2025-03-19 17:13:16.000 +09,대구,드림모터스,09누3511,4,2,3,348.6109,435.063,1,0,
38874586,현대,쏘나타 하이브리드,2.0,프리미어,201207.0,2012,630.0,107682.0,가솔린+전기,오토,ORIGINAL,일반,2025-03-19 17:12:12.000 +09,대구,서민자동차,62보1278,1,1,2,138.225,39.6089,0,0,
39143989,현대,쏘나타 더 브릴리언트,CVVL 모던,,201306.0,2013,420.0,180580.0,가솔린,오토,ORIGINAL,일반,2025-03-19 17:11:18.000 +09,경기,오토뱅크,37도7483,5,0,4,786.6979,0.0,0,0,
38634928,현대,쏘나타 (DN8),2.0 LPG(렌터카용),스마트,202201.0,2022,1690.0,85991.0,LPG(일반인 구입),오토,ORIGINAL,일반,2025-03-19 17:10:59.000 +09,대구,EUROMOTORS,184모8833,0,1,2,0.0,51.6809,1,0,
38643172,현대,쏘나타 뉴 라이즈,LPI 택시형,스타일,201707.0,2018,680.0,147378.0,LPG(일반인 구입),오토,ORIGINAL,일반,2025-03-19 17:10:47.000 +09,대구,새부림자동차상사,211누7563,5,2,1,552.8698,408.4934,1,0,
38615183,현대,NF 쏘나타 트랜스폼,N20 트랜스폼,기본형,200809.0,2009,250.0,69802.0,가솔린,오토,ORIGINAL,일반,2025-03-19 17:10:47.000 +09,대구,새부림자동차상사,35누8857,1,2,2,607.647,501.547,0,0,
38391563,현대,쏘나타 뉴 라이즈,LPI 모던,,201711.0,2018,1020.0,136869.0,LPG(일반인 구입),오토,ORIGINAL,일반,2025-03-19 17:10:07.000 +09,부산,주식회사 하나오토,105주3350,2,3,1,250.8474,582.284,1,0,
39192814,현대,LF 쏘나타,2.0 스마트,(세부등급 없음),201507.0,2016,1120.0,46434.0,가솔린,오토,ORIGINAL,일반,2025-03-19 17:09:36.000 +09,경기,(주)굿카,53우9158,2,2,2,240.1871,77.653,0,0,
38984548,현대,쏘나타 (DN8),2.0,프리미엄 패밀리,202003.0,2020,1620.0,97778.0,가솔린,오토,ORIGINAL,일반,2025-03-19 17:09:34.000 +09,경기,(주)굿카,100오3862,4,1,1,763.4902,200.0,0,0,
38838352,현대,쏘나타 (DN8),2.0,인스퍼레이션,201912.0,2020,1990.0,98900.0,가솔린,오토,ORIGINAL,일반,2025-03-19 17:09:33.000 +09,경기,(주)굿카,363두5447,0,0,2,0.0,0.0,0,0,
39155064,현대,LF 쏘나타,2.0 스마트,(세부등급 없음),201510.0,2016,890.0,132864.0,가솔린,오토,ORIGINAL,일반,2025-03-19 17:09:32.000 +09,대구,KG 모터스,61루0635,4,0,1,289.1499,0.0,0,0,
38850072,현대,쏘나타 디 엣지(DN8),2.0 LPG(렌터카),비즈니스 1,202501.0,2025,2650.0,12.0,LPG(일반인 구입),오토,ORIGINAL,일반,2025-03-19 17:09:25.000 +09,울산,수성모터스,131하1046,0,0,0,0.0,0.0,0,0,
39160447,현대,LF 쏘나타,2.0 스타일,(세부등급 없음),201504.0,2015,920.0,117557.0,가솔린,오토,ORIGINAL,일반,2025-03-19 17:08:02.000 +09,경기,라온모터스,11노9245,0,1,2,0.0,45.0,0,0,
38654420,현대,쏘나타 (DN8),2.0,프리미엄,201908.0,2020,1590.0,26212.0,가솔린,오토,ORIGINAL,일반,2025-03-19 17:07:40.000 +09,경기,(주) 대치 모터스,25두4639,1,0,2,73.204,0.0,0,0,
39054311,현대,YF 쏘나타,Y20 탑,고급형,201009.0,2010,460.0,88278.0,가솔린,오토,ORIGINAL,일반,2025-03-19 17:07:03.000 +09,경기,국민중고차,28소8945,4,2,3,347.1923,151.8153,0,0,
38744334,현대,쏘나타 뉴 라이즈,LPI 모던(장애인용),,201710.0,2018,1399.0,47222.0,LPG(일반인 구입),오토,ORIGINAL,일반,2025-03-19 17:06:28.000 +09,전북,우진모터스,144라3051,4,1,3,440.9343,41.2866,1,0,
39265087,현대,쏘나타 (DN8),2.0,프리미엄,202105.0,2021,2190.0,31792.0,가솔린,오토,ORIGINAL,일반,2025-03-19 17:05:44.000 +09,울산,(주)두바이카,380보9288,0,0,1,0.0,0.0,0,0,
39128584,현대,쏘나타 더 브릴리언트,LPI 프리미엄 스페셜,,201308.0,2014,620.0,176971.0,LPG(일반인 구입),오토,ORIGINAL,일반,2025-03-19 17:05:44.000 +09,울산,(주)두바이카,54고2910,4,0,6,173.2792,0.0,0,0,
37920273,현대,쏘나타 더 브릴리언트,LPI 스타일,,201302.0,2013,380.0,167022.0,LPG(일반인 구입),오토,ORIGINAL,일반,2025-03-19 17:04:43.000 +09,광주,(유)동산자동차,36버3027,0,1,3,0.0,19.7336,1,0,
38538639,현대,쏘나타 (DN8),2.0,프리미엄,201906.0,2020,1930.0,51972.0,가솔린,오토,ORIGINAL,일반,2025-03-19 17:04:42.000 +09,경북,부릉부릉닷컴(주),59버2319,1,0,1,537.667,0.0,0,0,
39181228,현대,쏘나타 (DN8),2.0,프리미엄 플러스,202106.0,2022,2120.0,69227.0,가솔린,오토,ORIGINAL,일반,2025-03-19 17:04:42.000 +09,경북,부릉부릉닷컴(주),224서1033,0,0,0,0.0,0.0,1,0,
39091514,현대,YF 쏘나타,Y20 럭셔리,,201112.0,2012,480.0,136929.0,가솔린,오토,ORIGINAL,일반,2025-03-19 17:04:41.000 +09,경북,부릉부릉닷컴(주),25저5170,6,3,1,434.5406,172.0956,0,0,
39244675,현대,쏘나타 (DN8),2.0,프리미엄 밀레니얼,202007.0,2021,2330.0,55178.0,가솔린,오토,ORIGINAL,일반,2025-03-19 17:04:41.000 +09,경북,부릉부릉닷컴(주),396구6226,1,0,1,150.0592,0.0,0,0,
39031184,현대,쏘나타 뉴 라이즈,LPI 모던(장애인용),,201704.0,2018,1350.0,95115.0,LPG(일반인 구입),오토,ORIGINAL,일반,2025-03-19 17:03:54.000 +09,경기,아이작,05주3151,3,1,2,532.2647,106.9194,0,0,
39231649,현대,쏘나타 (DN8),2.0,모던,202203.0,2022,1800.0,53751.0,가솔린,오토,ORIGINAL,일반,2025-03-19 17:03:54.000 +09,경기,아이작,213모2467,0,0,0,0.0,0.0,0,0,
39267232,현대,쏘나타 (DN8),2.0,프리미엄,201908.0,2020,1830.0,60203.0,가솔린,오토,ORIGINAL,일반,2025-03-19 17:02:43.000 +09,부산,(주)요요모터스,60마7860,1,0,2,95.261,0.0,0,0,
38792180,현대,쏘나타 뉴 라이즈,2.0 모던,,201801.0,2018,1379.0,102868.0,가솔린,오토,ORIGINAL,일반,2025-03-19 17:02:26.000 +09,전북,에코매매상사,212거1658,3,0,2,127.8077,0.0,1,0,
38576607,현대,쏘나타 (DN8),2.0,프리미엄 패밀리,202105.0,2021,1940.0,74009.0,가솔린,오토,ORIGINAL,일반,2025-03-19 17:02:11.000 +09,대전,카프로미스,150루1852,0,0,1,0.0,0.0,0,0,
38494528,현대,쏘나타 뉴 라이즈,2.0 모던,,201811.0,2019,1630.0,74472.0,가솔린,오토,ORIGINAL,일반,2025-03-19 17:02:11.000 +09,대전,카프로미스,111주6895,2,1,4,53.279,54.8989,1,0,
38576122,현대,쏘나타 뉴 라이즈 하이브리드,모던,,201806.0,2019,1760.0,79676.0,가솔린+전기,오토,ORIGINAL,일반,2025-03-19 17:02:11.000 +09,대전,카프로미스,01더1927,0,0,0,0.0,0.0,0,0,
37929014,현대,쏘나타 (DN8),2.0,프리미엄,201906.0,2020,1490.0,88157.0,가솔린,오토,ORIGINAL,일반,2025-03-19 17:02:10.000 +09,대전,대동모터스,207머8135,0,0,3,0.0,0.0,1,0,
38818618,현대,LF 쏘나타,LPI 모던(장애인용),,201404.0,2015,1150.0,96209.0,LPG(일반인 구입),오토,ORIGINAL,일반,2025-03-19 17:01:52.000 +09,울산,정성 자동차,48오6558,0,1,4,0.0,62.5139,0,0,
38123547,현대,쏘나타 (DN8),2.0,프리미엄 플러스,202208.0,2022,2250.0,36984.0,가솔린,오토,ORIGINAL,일반,2025-03-19 17:01:25.000 +09,대전,(주)뉴덕성 모터스,235부8503,0,0,1,0.0,0.0,1,0,
39094821,현대,LF 쏘나타,2.0 스마트,(세부등급 없음),201601.0,2016,760.0,148309.0,가솔린,오토,ORIGINAL,일반,2025-03-19 17:01:16.000 +09,대구,샛별자동차상사,38고3915,1,0,4,315.811,0.0,1,0,
39214353,현대,쏘나타 (DN8),2.0,프리미엄 패밀리,201907.0,2020,1520.0,108393.0,가솔린,오토,ORIGINAL,일반,2025-03-19 17:00:32.000 +09,경기,수원해동자동차,110저1914,0,0,5,0.0,0.0,1,0,
39090110,현대,쏘나타 (DN8),2.0,인스퍼레이션,201907.0,2020,1990.0,39989.0,가솔린,오토,ORIGINAL,일반,2025-03-19 17:00:31.000 +09,경기,유니온스피드,03러4459,1,1,1,653.9241,76.9965,0,0,
37850568,현대,LF 쏘나타,2.0 스마트,(세부등급 없음),201404.0,2015,990.0,82392.0,가솔린,오토,ORIGINAL,일반,2025-03-19 17:00:23.000 +09,대전,주식회사 뉴대전자동차,66버9031,2,1,1,239.3681,80.0,0,0,
39057001,현대,쏘나타 (DN8),2.0,인스퍼레이션,201906.0,2020,1949.0,44225.0,가솔린,오토,ORIGINAL,일반,2025-03-19 17:00:01.000 +09,경기,오토프라임,40두9180,1,4,2,63.903,1034.011,0,0,
38382518,현대,쏘나타 (DN8),2.0,인스퍼레이션,201905.0,2020,1849.0,88156.0,가솔린,오토,ORIGINAL,일반,2025-03-19 17:00:01.000 +09,경기,오토프라임,185로9257,2,0,2,182.1955,0.0,1,0,
38547154,현대,쏘나타 하이브리드 (DN8),인스퍼레이션,,202105.0,2022,2249.0,68625.0,가솔린+전기,오토,ORIGINAL,일반,2025-03-19 17:00:00.000 +09,경기,오토프라임,219나2936,0,0,1,0.0,0.0,1,0,
38591917,현대,쏘나타 (DN8),1.6 터보,모던,202107.0,2022,2090.0,30037.0,가솔린,오토,ORIGINAL,일반,2025-03-19 16:59:07.000 +09,인천,이솔모터스,273부9931,1,0,1,124.3236,0.0,0,0,
38591917,현대,쏘나타 (DN8),1.6 터보,모던,202107.0,2022,2090.0,30037.0,가솔린,오토,ORIGINAL,일반,2025-03-19 16:59:07.000 +09,인천,이솔모터스,273부9931,1,0,0,124.3236,0.0,0,0,
39049547,현대,LF 쏘나타,LPI 프리미엄,,201601.0,2016,1289.0,45984.0,LPG(일반인 구입),오토,ORIGINAL,일반,2025-03-19 16:58:48.000 +09,대구,월성 자동차상사,64서0265,4,2,1,221.6927,321.866,0,0,
38635462,현대,쏘나타 디 엣지(DN8),1.6 터보,익스클루시브,202404.0,2024,3050.0,4119.0,가솔린,오토,ORIGINAL,일반,2025-03-19 16:58:19.000 +09,경기,오토플랜,225구1378,1,0,2,116.4022,0.0,1,0,
39257703,현대,쏘나타 하이브리드,2.0,프리미어,201205.0,2012,580.0,113929.0,가솔린+전기,오토,ORIGINAL,일반,2025-03-19 16:58:18.000 +09,경남,우성상사,41러4337,1,1,4,33.625,61.986,0,0,
39111218,현대,LF 쏘나타,2.0 케어플러스,,201605.0,2017,890.0,122108.0,가솔린,오토,ORIGINAL,일반,2025-03-19 16:58:17.000 +09,경남,우성상사,14모0119,1,1,1,260.6786,85.1296,0,0,
39110295,현대,YF 쏘나타,Y20 그랜드,,201209.0,2012,479.0,88000.0,가솔린,오토,ORIGINAL,일반,2025-03-19 16:58:02.000 +09,경기,오토피아,31우3031,2,0,4,190.561,0.0,0,0,
39215582,현대,쏘나타 (DN8),2.0,프리미엄 패밀리,202101.0,2021,1799.0,90692.0,가솔린,오토,ORIGINAL,일반,2025-03-19 16:57:54.000 +09,광주,행운자동차,317루2517,1,3,2,51.2337,281.4761,1,0,
39251067,현대,쏘나타 (DN8),2.0 LPG(렌터카용),스마트,202007.0,2020,1750.0,41725.0,LPG(일반인 구입),오토,ORIGINAL,일반,2025-03-19 16:57:32.000 +09,충남,미래모터스(주),312어2285,0,1,1,0.0,217.481,1,0,
38074881,현대,LF 쏘나타,LPI 모던,,201411.0,2015,990.0,110891.0,LPG(일반인 구입),오토,ORIGINAL,일반,2025-03-19 16:57:10.000 +09,서울,(주)티티카,48누9539,0,2,4,0.0,325.1566,0,0,
39179542,현대,쏘나타 (DN8),1.6 터보,프리미엄 플러스,202111.0,2022,1730.0,104748.0,가솔린,오토,ORIGINAL,일반,2025-03-19 16:57:10.000 +09,서울,(주)티티카,114버9531,0,0,1,0.0,0.0,1,0,
39268389,현대,쏘나타 하이브리드 (DN8),프리미엄,(세부등급 없음),202102.0,2021,2220.0,56980.0,가솔린+전기,오토,ORIGINAL,일반,2025-03-19 16:56:41.000 +09,경기,세이프카,300러4368,0,0,1,0.0,0.0,1,0,
38734891,현대,쏘나타 하이브리드 (DN8),인스퍼레이션,,202301.0,2023,2830.0,17153.0,가솔린+전기,오토,ORIGINAL,일반,2025-03-19 16:56:32.000 +09,대전,(주)이수오토,195마5844,2,1,1,52.6145,0.0,0,0,
39268050,현대,쏘나타 (DN8),2.0,프리미엄,202002.0,2020,2050.0,17568.0,가솔린,오토,ORIGINAL,일반,2025-03-19 16:56:30.000 +09,서울,(주)엔엠모터스,229서7524,0,0,1,0.0,0.0,1,0,
38623326,현대,쏘나타 하이브리드 (DN8),모던,,202110.0,2022,2040.0,47224.0,가솔린+전기,오토,ORIGINAL,일반,2025-03-19 16:56:05.000 +09,부산,(주)굿홀딩스,152머9786,0,0,1,0.0,0.0,1,0,
38230903,현대,LF 쏘나타,LPI 스마트,,201405.0,2015,699.0,122597.0,LPG(일반인 구입),오토,ORIGINAL,일반,2025-03-19 16:55:46.000 +09,전북,애플 모터스,18마9074,5,0,1,335.1247,0.0,0,0,
38495435,현대,쏘나타 (DN8),2.0 LPG(렌터카용),스타일,202109.0,2022,1270.0,126916.0,LPG(일반인 구입),오토,ORIGINAL,일반,2025-03-19 16:54:25.000 +09,경남,(주)Vmotors,226너7052,0,1,1,0.0,27.4599,1,0,
38349180,현대,YF 쏘나타,Y20 프리미어,(세부등급 없음),201009.0,2011,399.0,107844.0,가솔린,오토,ORIGINAL,일반,2025-03-19 16:54:25.000 +09,경남,(주)Vmotors,36조6228,2,1,4,259.2878,27.1493,0,0,
39129045,현대,쏘나타 더 브릴리언트,LPI 스마트,,201303.0,2013,619.0,135473.0,LPG(일반인 구입),오토,ORIGINAL,일반,2025-03-19 16:54:25.000 +09,경남,(주)Vmotors,20라9025,3,1,4,213.0921,30.022,0,0,
39067564,현대,LF 쏘나타,2.0 스마트,(세부등급 없음),201405.0,2015,719.0,151809.0,가솔린,오토,ORIGINAL,일반,2025-03-19 16:54:24.000 +09,경남,(주)Vmotors,62두2414,1,0,4,86.105,0.0,1,0,
38524592,현대,쏘나타 (DN8),2.0 LPG(렌터카용),스타일,202109.0,2022,1360.0,92218.0,LPG(일반인 구입),오토,ORIGINAL,일반,2025-03-19 16:54:24.000 +09,경남,(주)Vmotors,226너7013,0,1,1,0.0,236.0239,1,0,
39224683,현대,쏘나타 (DN8),2.0,프리미엄,202011.0,2021,1499.0,108294.0,가솔린,오토,ORIGINAL,일반,2025-03-19 16:52:46.000 +09,대구,대구상사,174루3516,0,2,3,0.0,143.1882,1,0,
39076004,현대,쏘나타 (DN8),2.0 LPG(렌터카용),스타일,202006.0,2020,1320.0,71466.0,LPG(일반인 구입),오토,ORIGINAL,일반,2025-03-19 16:52:39.000 +09,경기,세종오토,312버6919,1,0,1,59.8657,0.0,1,0,
39131000,현대,쏘나타 (DN8),1.6 터보,프리미엄 패밀리,202005.0,2021,1780.0,113091.0,가솔린,오토,ORIGINAL,일반,2025-03-19 16:52:38.000 +09,경기,세종오토,324로5146,1,2,1,91.6725,45.592,0,0,
38416220,현대,LF 쏘나타,LPI 모던,,201507.0,2015,800.0,158271.0,LPG(일반인 구입),오토,ORIGINAL,일반,2025-03-19 16:51:21.000 +09,광주,자동차이야기,314더8867,0,1,7,0.0,177.98,1,0,
39060746,현대,쏘나타 (DN8),2.0,프리미엄 플러스,202107.0,2022,2230.0,44261.0,가솔린,오토,ORIGINAL,일반,2025-03-19 16:51:16.000 +09,광주,아이비원모터스,257도1387,1,1,2,103.1844,90.02,0,0,
38627014,현대,LF 쏘나타,2.0 스마트,(세부등급 없음),201406.0,2015,929.0,113026.0,가솔린,오토,ORIGINAL,일반,2025-03-19 16:51:04.000 +09,서울,(주)태양모터스,42수6503,1,2,3,208.611,550.2828,0,0,
39196819,현대,쏘나타 (DN8),2.0 LPG(렌터카용),스마트,202103.0,2021,1430.0,125168.0,LPG(일반인 구입),오토,ORIGINAL,일반,2025-03-19 16:50:35.000 +09,부산,로다 오토모빌,226우7989,1,0,3,9.675,0.0,1,0,
38990746,현대,쏘나타 뉴 라이즈,LPI 스타일,,201706.0,2018,1290.0,43472.0,LPG(일반인 구입),오토,ORIGINAL,일반,2025-03-19 16:50:34.000 +09,부산,로다 오토모빌,319어3078,0,0,3,0.0,0.0,1,0,
39257522,현대,쏘나타 (DN8),2.0 LPG(렌터카용),스마트,202103.0,2021,1390.0,133935.0,LPG(일반인 구입),오토,ORIGINAL,일반,2025-03-19 16:50:34.000 +09,부산,로다 오토모빌,226우7929,0,0,2,0.0,0.0,1,0,
39264480,현대,쏘나타 (DN8),2.0 LPG(렌터카용),스마트,202103.0,2021,1390.0,132376.0,LPG(일반인 구입),오토,ORIGINAL,일반,2025-03-19 16:50:34.000 +09,부산,로다 오토모빌,226우7928,0,0,3,0.0,0.0,1,0,
39235048,현대,LF 쏘나타,LPI 모던,,201404.0,2015,870.0,150092.0,LPG(일반인 구입),오토,ORIGINAL,일반,2025-03-19 16:49:55.000 +09,대구,누리자동차,27거1129,1,1,2,62.972,63.2651,0,0,
39224906,현대,쏘나타 (DN8),2.0,프리미엄 패밀리,201905.0,2020,1790.0,61133.0,가솔린,오토,ORIGINAL,일반,2025-03-19 16:49:10.000 +09,광주,(유) 정도모터스,36저7567,2,1,7,80.5434,110.3523,0,0,
39176004,현대,NF 쏘나타 트랜스폼,LPG N20 디럭스,,200806.0,2008,250.0,143322.0,LPG(일반인 구입),오토,ORIGINAL,일반,2025-03-19 16:48:45.000 +09,경기,(주)21세기중고차,20부6614,3,1,4,302.1501,210.2227,1,0,
39240361,현대,쏘나타 (DN8),2.0,프리미엄,202003.0,2020,1780.0,41253.0,가솔린,오토,ORIGINAL,일반,2025-03-19 16:47:39.000 +09,경기,토토자동차,271보9443,2,0,2,56.871,0.0,1,0,
39242504,현대,쏘나타 (DN8),2.0 LPG(렌터카용),스타일,202102.0,2021,1480.0,70134.0,LPG(일반인 구입),오토,ORIGINAL,일반,2025-03-19 16:47:37.000 +09,경기,토토자동차,270오4803,2,0,1,288.143,0.0,1,0,
39246756,현대,쏘나타 (DN8),2.0,스마트,202005.0,2020,1389.0,77174.0,가솔린,오토,ORIGINAL,일반,2025-03-19 16:47:36.000 +09,경기,토토자동차,340나2074,5,1,5,953.3149,25.2659,1,0,
37635830,현대,쏘나타 (DN8),2.0 LPG(렌터카용),스타일,202102.0,2021,1480.0,97323.0,LPG(일반인 구입),오토,ORIGINAL,일반,2025-03-19 16:46:49.000 +09,전북,중앙모터스,190루5976,0,0,2,0.0,0.0,1,0,
39236044,현대,쏘나타 (DN8),2.0,프리미엄,202001.0,2020,1980.0,18021.0,가솔린,오토,ORIGINAL,일반,2025-03-19 16:46:49.000 +09,전북,중앙모터스,144수6627,0,0,0,0.0,0.0,0,0,
38764023,현대,쏘나타 (DN8),2.0,프리미엄 플러스,202201.0,2022,1200.0,50694.0,가솔린,오토,ORIGINAL,렌트,2025-03-19 16:46:48.000 +09,서울,,165허1760,0,0,0,0.0,0.0,0,0,
39061000,현대,LF 쏘나타,2.0 스타일,(세부등급 없음),201409.0,2015,1000.0,58903.0,가솔린,오토,ORIGINAL,일반,2025-03-19 16:46:20.000 +09,경기,제이디모터스,33수3270,7,0,0,494.6125,0.0,0,0,
39070326,현대,LF 쏘나타,2.0 케어플러스,,201608.0,2017,1310.0,59029.0,가솔린,오토,ORIGINAL,일반,2025-03-19 16:46:19.000 +09,경기,제이디모터스,34수0632,1,0,0,61.7597,0.0,0,0,
38545742,현대,쏘나타 (DN8),2.0,프리미엄 밀레니얼,201904.0,2020,1650.0,116254.0,가솔린,오토,ORIGINAL,일반,2025-03-19 16:46:19.000 +09,전남,JC모터스,299가2463,1,2,4,123.8984,102.055,1,0,
38301856,현대,LF 쏘나타,2.0 스마트,(세부등급 없음),201505.0,2015,1000.0,95485.0,가솔린,오토,ORIGINAL,일반,2025-03-19 16:46:17.000 +09,전남,JC모터스,28저3842,7,2,1,1045.1476,274.0488,0,0,
39128080,현대,쏘나타 (DN8),2.0,프리미엄,202010.0,2021,1925.0,40016.0,가솔린,오토,ORIGINAL,일반,2025-03-19 16:46:00.000 +09,부산,디에이치 모터스,154저8523,1,0,1,41.4569,0.0,1,0,
39002349,현대,쏘나타 (DN8),2.0 LPG(렌터카용),스마트,201912.0,2020,1450.0,65218.0,LPG(일반인 구입),오토,ORIGINAL,일반,2025-03-19 16:45:47.000 +09,경기,차사랑,159가5045,4,0,2,274.0501,0.0,1,0,
39162751,현대,LF 쏘나타,LPI 프리미엄,,201507.0,2015,750.0,155322.0,LPG(일반인 구입),오토,ORIGINAL,일반,2025-03-19 16:45:09.000 +09,경기,하이모터스,14무9738,6,3,4,597.354,268.4245,0,0,
38106573,현대,쏘나타 (DN8),2.0,프리미엄 패밀리,201904.0,2020,1690.0,81949.0,가솔린,오토,ORIGINAL,일반,2025-03-19 16:44:53.000 +09,경기,스피드자동차,63보1308,0,0,2,0.0,0.0,0,0,
38945695,현대,LF 쏘나타,2.0 케어플러스,,201706.0,2017,1440.0,25205.0,가솔린,오토,ORIGINAL,일반,2025-03-19 16:44:40.000 +09,부산,(주)신박한자동차,13오9443,1,1,1,73.623,100.04,0,0,
38616157,현대,YF 쏘나타,LPI 디럭스,,201001.0,2010,270.0,165198.0,LPG(일반인 구입),오토,ORIGINAL,일반,2025-03-19 16:44:11.000 +09,대전,뉴신원자동차,20다3121,3,1,5,214.849,60.9093,1,0,
38677414,현대,LF 쏘나타,2.0 터보 익스클루시브,,201607.0,2017,999.0,131134.0,가솔린,오토,ORIGINAL,일반,2025-03-19 16:43:39.000 +09,대구,대풍모터스,212나6324,4,2,3,104.8094,106.4878,1,0,
38268070,현대,LF 쏘나타,2.0 스마트,스페셜,201605.0,2017,1150.0,101173.0,가솔린,오토,ORIGINAL,일반,2025-03-19 16:43:15.000 +09,부산,지정모터스,40마0462,0,1,2,0.0,59.904,0,0,
38364913,현대,NF 쏘나타 트랜스폼,LPG N20 디럭스,,200801.0,2008,430.0,58265.0,LPG(일반인 구입),오토,ORIGINAL,일반,2025-03-19 16:43:15.000 +09,부산,지정모터스,68러5632,2,0,3,121.38,0.0,0,0,
38984205,현대,쏘나타 디 엣지(DN8),2.0,익스클루시브,202306.0,2024,2478.0,46000.0,가솔린,오토,ORIGINAL,렌트,2025-03-19 16:42:04.000 +09,경기,,122하9948,0,0,0,0.0,0.0,0,0,
38571369,현대,YF 쏘나타,Y20 프라임,고급형,200909.0,2010,450.0,63806.0,가솔린,오토,ORIGINAL,일반,2025-03-19 16:40:47.000 +09,부산,정진엠티에스,40로5156,3,2,2,111.998,80.8389,0,0,
37036091,현대,쏘나타 뉴 라이즈,2.0 스마트 스페셜,,201812.0,2019,1498.0,56000.0,가솔린,오토,ORIGINAL,일반,2025-03-19 16:39:50.000 +09,대구,빛나는 자동차,383어1439,1,0,3,55.11,0.0,1,0,
39258075,현대,쏘나타 하이브리드,2.4(수출형),,201312.0,2013,450.0,120800.0,가솔린+전기,오토,ORIGINAL,일반,2025-03-19 16:39:40.000 +09,경기,민성모터스,47러1558,3,1,2,705.8288,106.395,0,0,
38629476,현대,쏘나타 디 엣지(DN8),2.0,프리미엄,202311.0,2024,2800.0,11458.0,가솔린,오토,ORIGINAL,일반,2025-03-19 16:39:13.000 +09,경기,중앙자동차매매상사,172보6186,1,1,0,0.0,41.8286,0,0,
37711205,현대,YF 쏘나타,LPI 럭셔리,,201104.0,2011,270.0,208000.0,LPG(일반인 구입),오토,ORIGINAL,일반,2025-03-19 16:38:59.000 +09,대전,백제오토월드,53다6692,2,1,4,71.232,60.0,0,0,
38538742,현대,쏘나타 (DN8),2.0,인스퍼레이션,202111.0,2022,1730.0,146976.0,가솔린,오토,ORIGINAL,일반,2025-03-19 16:37:13.000 +09,인천,유진자동차,127버2118,1,0,1,102.6371,0.0,1,0,
38646297,현대,LF 쏘나타,LPI 모던(장애인용),,201406.0,2015,770.0,207012.0,LPG(일반인 구입),오토,ORIGINAL,일반,2025-03-19 16:36:18.000 +09,전북,뉴스타,32머8491,4,1,3,300.1912,10.4197,0,0,
39154450,현대,LF 쏘나타,LPI 모던,,201507.0,2015,830.0,161000.0,LPG(일반인 구입),오토,ORIGINAL,일반,2025-03-19 16:34:26.000 +09,경북,조은자동차상사,36저1356,1,0,1,49.468,0.0,0,0,
38618233,현대,쏘나타 (DN8),2.0,프리미엄 패밀리,201905.0,2020,1349.0,52912.0,가솔린,오토,ORIGINAL,일반,2025-03-19 16:33:38.000 +09,인천,(주)지후모터스,55나5004,8,4,5,956.5294,487.2091,0,0,
39250814,현대,쏘나타 뉴 라이즈,2.0 스마트 초이스,,201808.0,2019,1459.0,81217.0,가솔린,오토,ORIGINAL,일반,2025-03-19 16:32:44.000 +09,인천,주식회사 이삭모터스,35구2010,2,0,0,196.8739,0.0,0,0,
39083567,현대,쏘나타 (DN8),2.0,프리미엄,201912.0,2020,1750.0,53897.0,가솔린,오토,ORIGINAL,일반,2025-03-19 16:32:23.000 +09,대구,(주)에이엠홀딩스,128우3047,3,0,0,230.6368,0.0,1,0,
39191635,현대,쏘나타 뉴 라이즈,LPI 모던(장애인용),,201705.0,2018,1330.0,133891.0,LPG(일반인 구입),오토,ORIGINAL,일반,2025-03-19 16:32:07.000 +09,충북,UN상사,45노3217,1,1,1,362.777,55.255,0,0,
39224852,현대,쏘나타 (DN8),2.0 LPG,스마트,201904.0,2020,1620.0,88156.0,LPG(일반인 구입),오토,ORIGINAL,일반,2025-03-19 16:31:48.000 +09,울산,카카오모터스,305구6236,1,0,2,400.3504,0.0,2,0,
38962227,현대,쏘나타 (DN8),2.0,인스퍼레이션,201906.0,2020,1995.0,39384.0,가솔린,오토,ORIGINAL,일반,2025-03-19 16:31:47.000 +09,울산,카카오모터스,36러4394,1,0,5,147.748,0.0,0,0,
39107886,현대,LF 쏘나타,2.0 스타일,(세부등급 없음),201504.0,2015,680.0,147437.0,가솔린,오토,ORIGINAL,일반,2025-03-19 16:31:32.000 +09,경기,(주)뉴카카,56두4474,2,1,2,249.8195,60.06,1,0,
38935724,현대,쏘나타 뉴 라이즈,LPI 모던,,201709.0,2018,1390.0,62550.0,LPG(일반인 구입),오토,ORIGINAL,일반,2025-03-19 16:31:27.000 +09,부산,창진모터스,33더6107,1,0,3,35.8011,0.0,0,0,
39188630,현대,쏘나타 뉴 라이즈,2.0 터보 익스클루시브,,201711.0,2018,1580.0,88357.0,가솔린,오토,ORIGINAL,일반,2025-03-19 16:30:30.000 +09,대전,(주)수정오토,319마8978,2,0,4,236.4105,0.0,1,0,
39122268,현대,LF 쏘나타,2.0 케어플러스,,201610.0,2017,1110.0,122776.0,가솔린,오토,ORIGINAL,일반,2025-03-19 16:30:19.000 +09,대구,남대구자동차상사,33부0385,0,1,2,0.0,40.77,0,0,
38869657,현대,쏘나타 뉴 라이즈,LPI 스타일,,201802.0,2018,1020.0,112281.0,LPG(일반인 구입),오토,ORIGINAL,일반,2025-03-19 16:30:19.000 +09,대구,남대구자동차상사,204소9085,0,0,1,0.0,0.0,1,0,
39235489,현대,쏘나타 뉴 라이즈,LPI 모던,,201709.0,2018,1370.0,103235.0,LPG(일반인 구입),오토,ORIGINAL,일반,2025-03-19 16:30:19.000 +09,대구,남대구자동차상사,310거2343,2,0,4,177.9688,0.0,1,0,
38653308,현대,LF 쏘나타,LPI 모던(장애인용),,201506.0,2015,1140.0,122866.0,LPG(일반인 구입),오토,ORIGINAL,일반,2025-03-19 16:30:19.000 +09,대구,남대구자동차상사,42마2707,1,2,2,49.6571,272.7533,0,0,
37355745,현대,쏘나타 뉴 라이즈,2.0 터보 스마트,,201903.0,2019,1440.0,94822.0,가솔린,오토,ORIGINAL,일반,2025-03-19 16:30:19.000 +09,대구,남대구자동차상사,346부7513,0,0,1,0.0,0.0,1,0,
38743318,현대,쏘나타 (DN8),2.0 LPG,인스퍼레이션,202205.0,2022,2400.0,67820.0,LPG(일반인 구입),오토,ORIGINAL,일반,2025-03-19 16:30:10.000 +09,울산,그린모터스,183나2168,1,1,1,45.4469,64.766,0,0,
38364644,현대,뉴 EF 쏘나타,2.0 골드,고급형,200304.0,2003,249.0,162500.0,가솔린,오토,ORIGINAL,일반,2025-03-19 16:29:35.000 +09,부산,J 모터스,05나5346,2,0,3,183.1796,0.0,1,0,
39000793,현대,쏘나타 하이브리드 (DN8),프리미엄,패밀리,201910.0,2020,1830.0,100396.0,가솔린+전기,오토,ORIGINAL,일반,2025-03-19 16:28:54.000 +09,부산,(주)아라모터스,108주2438,0,0,2,0.0,0.0,1,0,
39206709,현대,NF 쏘나타,LPG N20 럭셔리,고급형,200610.0,2007,350.0,65756.0,LPG(일반인 구입),오토,ORIGINAL,일반,2025-03-19 16:28:25.000 +09,경기,죽전자동차매매,09마5595,2,4,1,211.812,721.6706,0,0,
39191957,현대,쏘나타 더 브릴리언트,LPI 스마트,,201401.0,2014,460.0,182695.0,LPG(일반인 구입),오토,ORIGINAL,일반,2025-03-19 16:28:08.000 +09,부산,JK MOTORS,63보9379,2,3,3,73.199,263.445,0,0,
39170590,현대,쏘나타 뉴 라이즈,LPI 스타일,,201805.0,2019,1100.0,130501.0,LPG(일반인 구입),오토,ORIGINAL,일반,2025-03-19 16:27:36.000 +09,부산,대한모터스,243러6046,2,0,3,195.5119,0.0,1,0,
38693693,현대,쏘나타 (DN8),2.0 LPG(렌터카용),스마트,201910.0,2020,1550.0,69528.0,LPG(일반인 구입),오토,ORIGINAL,일반,2025-03-19 16:26:52.000 +09,경남,KC월드카프라자,223구4874,1,0,2,155.251,0.0,1,0,
39223104,현대,쏘나타 더 브릴리언트,LPI 모던(장애인용),,201301.0,2013,370.0,252793.0,LPG(일반인 구입),오토,ORIGINAL,일반,2025-03-19 16:26:51.000 +09,경남,KC월드카프라자,34수5903,4,1,4,237.387,295.3421,0,0,
39019016,현대,LF 쏘나타,2.0 프리미엄,(세부등급 없음),201404.0,2015,880.0,125020.0,가솔린,오토,ORIGINAL,일반,2025-03-19 16:26:51.000 +09,경남,KC월드카프라자,18소5022,2,3,1,93.976,312.534,0,0,
39186838,현대,LF 쏘나타,2.0 스마트,(세부등급 없음),201507.0,2015,960.0,90058.0,가솔린,오토,ORIGINAL,일반,2025-03-19 16:26:13.000 +09,경기,오토웨이브,16구7629,0,0,0,0.0,0.0,0,0,
38786313,현대,쏘나타 (DN8),2.0 LPG(렌터카용),스마트,202201.0,2022,1580.0,98513.0,LPG(일반인 구입),오토,ORIGINAL,일반,2025-03-19 16:25:49.000 +09,전북,차사랑모터스,130주3551,1,0,1,337.056,0.0,1,0,
39064540,현대,LF 쏘나타,LPI 스마트,,201502.0,2015,550.0,237000.0,LPG(일반인 구입),오토,ORIGINAL,일반,2025-03-19 16:25:44.000 +09,대구,행운모터스,281너1115,1,1,4,115.5181,20.6914,1,0,
39162065,현대,쏘나타 (DN8),2.0 LPG(렌터카용),스마트,202103.0,2021,1450.0,123887.0,LPG(일반인 구입),오토,ORIGINAL,일반,2025-03-19 16:25:08.000 +09,전북,대한오토상사,226우7904,2,0,3,157.1238,0.0,1,0,
38987774,현대,쏘나타 (DN8),2.0 LPG(렌터카용),스마트,202109.0,2022,1650.0,88028.0,LPG(일반인 구입),오토,ORIGINAL,일반,2025-03-19 16:25:08.000 +09,전북,대한오토상사,262러9484,0,0,2,0.0,0.0,1,0,
39012782,현대,쏘나타 뉴 라이즈,LPI 스타일,,201705.0,2018,1260.0,97160.0,LPG(일반인 구입),오토,ORIGINAL,일반,2025-03-19 16:24:36.000 +09,대구,케이지 모터스,156거9862,0,0,2,0.0,0.0,1,0,
39212790,현대,LF 쏘나타,2.0 스타일,스페셜,201607.0,2016,950.0,92813.0,가솔린,오토,ORIGINAL,일반,2025-03-19 16:24:34.000 +09,울산,오토샵,67마0739,3,3,1,348.999,527.4222,0,0,
39240670,현대,YF 쏘나타,Y20 프리미어,(세부등급 없음),201108.0,2012,390.0,165978.0,가솔린,오토,ORIGINAL,일반,2025-03-19 16:23:26.000 +09,충북,신진자동차,51마5328,2,3,7,260.1027,94.281,0,0,
39011265,현대,LF 쏘나타,1.6 터보 스마트,(세부등급 없음),201601.0,2016,850.0,149652.0,가솔린,오토,ORIGINAL,일반,2025-03-19 16:22:41.000 +09,경기,신성모터스,27머0963,2,0,1,365.921,0.0,0,0,
39193373,현대,LF 쏘나타,2.0 스마트,(세부등급 없음),201605.0,2017,860.0,101846.0,가솔린,오토,ORIGINAL,일반,2025-03-19 16:22:41.000 +09,경기,신성모터스,27소0456,4,0,1,449.2016,0.0,0,0,
38981863,현대,쏘나타 더 브릴리언트,LPI 모던,,201302.0,2013,520.0,130777.0,LPG(일반인 구입),오토,ORIGINAL,일반,2025-03-19 16:22:36.000 +09,대구,착한중고차,46고9560,0,2,3,0.0,254.1792,0,0,
38565631,현대,쏘나타 (DN8),2.0 LPG(렌터카용),스타일,202104.0,2021,1650.0,65018.0,LPG(일반인 구입),오토,ORIGINAL,일반,2025-03-19 16:21:42.000 +09,충남,큐모터스,316우1221,0,0,2,0.0,0.0,3,0,
39089073,현대,LF 쏘나타,2.0 스마트,(세부등급 없음),201410.0,2015,899.0,158443.0,가솔린,오토,ORIGINAL,일반,2025-03-19 16:21:29.000 +09,충남,큐모터스,36주2219,3,1,3,209.5239,44.5,0,0,
38994230,현대,쏘나타 하이브리드 (DN8),스마트,,201910.0,2020,1570.0,132038.0,가솔린+전기,오토,ORIGINAL,일반,2025-03-19 16:21:29.000 +09,충남,큐모터스,300누4144,1,0,4,65.99,0.0,1,0,
39098628,현대,쏘나타 뉴 라이즈,2.0 모던,,201804.0,2019,1590.0,66308.0,가솔린,오토,ORIGINAL,일반,2025-03-19 16:21:22.000 +09,전북,백악관모터스,55머3062,1,2,3,30.1,218.2288,0,0,
38980374,현대,LF 쏘나타,2.0 프리미엄,(세부등급 없음),201404.0,2015,1140.0,118019.0,가솔린,오토,ORIGINAL,일반,2025-03-19 16:21:22.000 +09,전북,백악관모터스,35가2600,5,1,3,268.4938,39.144,0,0,
39161307,현대,쏘나타 (DN8),2.0 LPG(렌터카용),스타일,202103.0,2021,1320.0,110692.0,LPG(일반인 구입),오토,ORIGINAL,일반,2025-03-19 16:17:48.000 +09,전북,카뱅크,133구3080,0,0,2,0.0,0.0,1,0,
38754280,현대,쏘나타 하이브리드,2.0,프리미어,201201.0,2012,470.0,162211.0,가솔린+전기,오토,ORIGINAL,일반,2025-03-19 16:17:48.000 +09,전북,카뱅크,24부9747,2,1,8,204.0724,35.458,0,0,
39262524,현대,쏘나타 더 브릴리언트,LPI 모던(장애인용),,201311.0,2014,519.0,186300.0,LPG(일반인 구입),오토,ORIGINAL,일반,2025-03-19 16:17:45.000 +09,대구,제일모터스,37누8554,2,2,2,183.3938,299.4553,0,0,
39157246,현대,쏘나타 더 브릴리언트,LPI 프리미엄,,201210.0,2013,419.0,230200.0,LPG(일반인 구입),오토,ORIGINAL,일반,2025-03-19 16:17:28.000 +09,대구,제일모터스,28로5063,10,6,2,925.6785,492.194,0,0,
39147441,현대,쏘나타 뉴 라이즈,2.0 모던,,201802.0,2018,1090.0,155541.0,가솔린,오토,ORIGINAL,일반,2025-03-19 16:17:19.000 +09,경기,블루오토,237서6850,4,0,2,626.7918,0.0,2,0,
39153844,현대,쏘나타 뉴 라이즈,2.0 모던,,201802.0,2018,879.0,182580.0,가솔린,오토,ORIGINAL,일반,2025-03-19 16:17:19.000 +09,경기,블루오토,237서6881,5,0,2,542.0372,0.0,1,0,
38615034,현대,LF 쏘나타,LPI 택시형,모던,201411.0,2015,330.0,346275.0,LPG(일반인 구입),오토,ORIGINAL,일반,2025-03-19 16:16:54.000 +09,대구,새)우진상사,206너2147,2,0,2,290.1379,0.0,1,0,
39124404,현대,LF 쏘나타,LPI 프리미엄,,201503.0,2015,709.0,187500.0,LPG(일반인 구입),오토,ORIGINAL,일반,2025-03-19 16:16:05.000 +09,대구,제일모터스,02조5052,4,2,5,493.9999,270.9303,1,0,
39117020,현대,쏘나타 뉴 라이즈,LPI 스타일,,201802.0,2018,1040.0,105023.0,LPG(일반인 구입),오토,ORIGINAL,일반,2025-03-19 16:15:25.000 +09,대구,대박모터스,226소3351,1,0,1,91.9656,0.0,1,0,
38419926,현대,LF 쏘나타,2.0 케어플러스,,201705.0,2017,1399.0,67265.0,가솔린,오토,ORIGINAL,일반,2025-03-19 16:15:10.000 +09,부산,롯데상사,04누5598,0,1,6,0.0,168.846,0,0,
37377009,현대,LF 쏘나타,2.0 스타일,스페셜,201701.0,2017,1399.0,49747.0,가솔린,오토,ORIGINAL,일반,2025-03-19 16:15:09.000 +09,부산,롯데상사,54머9411,2,0,0,73.5846,0.0,0,0,
38109871,현대,YF 쏘나타,Y20 프라임,(세부등급 없음),201201.0,2012,679.0,63185.0,가솔린,오토,ORIGINAL,일반,2025-03-19 16:15:09.000 +09,부산,롯데상사,30오5010,0,0,4,0.0,0.0,0,0,
39224820,현대,쏘나타 더 브릴리언트,LPI 모던,,201211.0,2013,680.0,82236.0,LPG(일반인 구입),오토,ORIGINAL,일반,2025-03-19 16:15:09.000 +09,부산,롯데상사,26모7378,2,0,4,114.6251,0.0,0,0,
39237150,현대,쏘나타 (DN8),1.6 터보,프리미엄,202103.0,2021,2269.0,27051.0,가솔린,오토,ORIGINAL,일반,2025-03-19 16:15:09.000 +09,부산,롯데상사,165구8843,2,1,0,20.0,74.0703,0,0,
39225135,현대,쏘나타 더 브릴리언트,LPI 스타일,,201307.0,2014,699.0,82820.0,LPG(일반인 구입),오토,ORIGINAL,일반,2025-03-19 16:15:09.000 +09,부산,롯데상사,48마8731,2,1,2,119.468,25.519,0,0,
39124922,현대,쏘나타 디 엣지(DN8),2.0 LPG(영업용),모빌리티,202409.0,2025,2440.0,25696.0,LPG(일반인 구입),오토,ORIGINAL,일반,2025-03-19 16:13:52.000 +09,경기,씨에스모터스,248머6697,0,0,1,0.0,0.0,1,0,
38876198,현대,쏘나타 (DN8),2.0,프리미엄,201911.0,2020,1940.0,47479.0,가솔린,오토,ORIGINAL,일반,2025-03-19 16:13:51.000 +09,경기,씨에스모터스,327가9711,2,2,0,199.7128,1638.2803,0,0,
38826896,현대,쏘나타 디 엣지(DN8),2.0 LPG(영업용),모빌리티,202408.0,2025,2540.0,12719.0,LPG(일반인 구입),오토,ORIGINAL,일반,2025-03-19 16:13:51.000 +09,경기,씨에스모터스,223무8672,0,0,1,0.0,0.0,1,0,
39085570,현대,쏘나타 (DN8),2.0,프리미엄 플러스,202112.0,2022,1839.0,94296.0,가솔린,오토,ORIGINAL,일반,2025-03-19 16:13:22.000 +09,경기,오토프라임,251마5136,2,0,1,189.3999,0.0,1,0,
39222714,현대,쏘나타 하이브리드 (DN8),인스퍼레이션,,202107.0,2022,2299.0,50000.0,가솔린+전기,오토,ORIGINAL,일반,2025-03-19 16:13:22.000 +09,경기,오토프라임,143로3648,0,0,1,0.0,0.0,1,0,
39035317,현대,쏘나타 (DN8),2.0,프리미엄 패밀리,202011.0,2021,1389.0,138000.0,가솔린,오토,ORIGINAL,일반,2025-03-19 16:13:22.000 +09,경기,오토프라임,202나2991,1,0,1,237.2582,0.0,1,0,
39113310,현대,쏘나타 (DN8),2.0,프리미엄 플러스,202112.0,2022,1949.0,77000.0,가솔린,오토,ORIGINAL,일반,2025-03-19 16:13:21.000 +09,경기,오토프라임,257모5541,0,0,1,0.0,0.0,1,0,
38953411,현대,쏘나타 (DN8),2.0,프리미엄 플러스,202107.0,2022,1889.0,81000.0,가솔린,오토,ORIGINAL,일반,2025-03-19 16:13:21.000 +09,경기,오토프라임,263더8275,1,0,1,57.0289,0.0,1,0,
39172486,현대,YF 쏘나타,CVVL 럭셔리,,201203.0,2012,455.0,124834.0,가솔린,오토,ORIGINAL,일반,2025-03-19 16:13:21.000 +09,부산,재경모터스,25수6393,7,3,5,526.649,316.5664,0,0,
39223791,현대,YF 쏘나타,Y20 탑,고급형,200910.0,2010,425.0,129499.0,가솔린,오토,ORIGINAL,일반,2025-03-19 16:13:21.000 +09,부산,재경모터스,30도9142,6,3,9,303.3638,251.401,0,0,
39048593,현대,LF 쏘나타,LPI 프리미엄 스페셜,,201407.0,2015,690.0,223275.0,LPG(일반인 구입),오토,ORIGINAL,일반,2025-03-19 16:13:03.000 +09,경기,준모터스,286도1444,15,4,14,5130.6741,314.3212,1,0,
39264337,현대,쏘나타 뉴 라이즈,LPI 스타일,,201803.0,2018,1050.0,133737.0,LPG(일반인 구입),오토,ORIGINAL,일반,2025-03-19 16:12:46.000 +09,충북,한결모터스,108너1078,0,0,2,0.0,0.0,1,0,
39219020,현대,쏘나타 (DN8),2.0,프리미엄 플러스,202203.0,2022,1890.0,41496.0,가솔린,오토,ORIGINAL,일반,2025-03-19 16:09:55.000 +09,대전,(주) 서희디오토,129오8727,0,0,1,0.0,0.0,1,0,
36939033,현대,LF 쏘나타,2.0 스마트,(세부등급 없음),201604.0,2016,1220.0,60351.0,가솔린,오토,ORIGINAL,일반,2025-03-19 16:09:16.000 +09,대전,주식회사 열린자동차,61너3561,1,3,3,38.508,98.6521,0,0,
38311081,현대,쏘나타 더 브릴리언트,LPI 스마트,,201302.0,2013,550.0,135574.0,LPG(일반인 구입),오토,ORIGINAL,일반,2025-03-19 16:07:58.000 +09,광주,기쁨모터스,69수0589,2,3,10,129.0586,985.879,1,0,
39229191,현대,LF 쏘나타,2.0 스마트,(세부등급 없음),201404.0,2015,850.0,108909.0,가솔린,오토,ORIGINAL,일반,2025-03-19 16:07:48.000 +09,경기,더 베스트자동차,64두7890,2,1,0,11.5,120.09,0,0,
39246714,현대,LF 쏘나타,LPI 모던(장애인용),,201404.0,2015,980.0,128897.0,LPG(일반인 구입),오토,ORIGINAL,일반,2025-03-19 16:07:17.000 +09,대전,안흥자동차,20러1929,1,0,1,74.952,0.0,0,0,
39174824,현대,쏘나타 (DN8),2.0 LPG(렌터카용),스마트,202104.0,2021,1620.0,95128.0,LPG(일반인 구입),오토,ORIGINAL,일반,2025-03-19 16:05:46.000 +09,광주,현철모터스,141조5903,0,0,1,0.0,0.0,1,0,
39052931,현대,쏘나타 (DN8),2.0 LPG(렌터카용),스마트,201907.0,2020,1650.0,63314.0,LPG(일반인 구입),오토,ORIGINAL,일반,2025-03-19 16:05:45.000 +09,광주,현철모터스,209노8540,0,0,2,0.0,0.0,1,0,
39100281,현대,쏘나타 (DN8),2.0,프리미엄 플러스,202208.0,2022,2350.0,14760.0,가솔린,오토,ORIGINAL,일반,2025-03-19 16:05:45.000 +09,광주,현철모터스,117부6906,0,0,1,0.0,0.0,1,0,
39057798,현대,쏘나타 하이브리드,2.4(수출형),,201312.0,2013,590.0,96758.0,가솔린+전기,오토,ORIGINAL,일반,2025-03-19 16:05:12.000 +09,대전,(주) 온누리모터스,28더9921,0,1,3,0.0,101.304,0,0,
39245746,현대,YF 쏘나타,LPI 탑,,200911.0,2010,240.0,122761.0,LPG(일반인 구입),오토,ORIGINAL,일반,2025-03-19 16:05:12.000 +09,대전,(주) 온누리모터스,18다2152,12,6,2,1746.7009,1165.6697,0,0,
37368373,현대,LF 쏘나타,LPI 프리미엄,,201509.0,2016,1130.0,90385.0,LPG(일반인 구입),오토,ORIGINAL,일반,2025-03-19 16:05:04.000 +09,대구,뉴현대모터스,49무0901,2,2,1,115.2526,82.2536,0,0,
38503772,현대,쏘나타 (DN8),2.0,인스퍼레이션,202101.0,2021,1980.0,74345.0,가솔린,오토,ORIGINAL,일반,2025-03-19 16:04:57.000 +09,충남,(주)리원,237라5407,1,1,1,0.0,152.3395,1,0,
38505724,현대,쏘나타 (DN8),1.6 터보,프리미엄 패밀리,201912.0,2020,1970.0,51355.0,가솔린,오토,ORIGINAL,일반,2025-03-19 16:04:29.000 +09,경기,와이엠 모터스,108로5827,1,1,2,52.7023,40.4179,1,0,
38259508,현대,쏘나타 (DN8),2.0 LPG,프리미엄 패밀리,202101.0,2021,1950.0,54540.0,LPG(일반인 구입),오토,ORIGINAL,일반,2025-03-19 16:04:28.000 +09,경기,와이엠 모터스,369도3077,0,0,4,0.0,0.0,0,0,
39011863,현대,LF 쏘나타,2.0 스타일,스페셜,201508.0,2016,1150.0,78820.0,가솔린,오토,ORIGINAL,일반,2025-03-19 16:03:47.000 +09,경기,믿음모터스,14우6471,0,1,1,0.0,706.762,0,0,
38869840,현대,쏘나타 (DN8),2.0,인스퍼레이션,201904.0,2020,2150.0,55328.0,가솔린,오토,ORIGINAL,일반,2025-03-19 16:02:41.000 +09,전북,카몬,06너7535,0,0,1,0.0,0.0,0,0,
38630318,현대,LF 쏘나타,2.0 스마트,(세부등급 없음),201510.0,2016,978.0,98850.0,가솔린,오토,ORIGINAL,일반,2025-03-19 16:02:35.000 +09,대구,청구종합매매상사,252노1880,2,0,2,101.9713,0.0,1,0,
37883809,현대,쏘나타 뉴 라이즈,LPI 스타일,,201901.0,2019,1285.0,95912.0,LPG(일반인 구입),오토,ORIGINAL,일반,2025-03-19 16:02:35.000 +09,대구,청구종합매매상사,143주9919,0,0,1,0.0,0.0,1,0,
38997236,현대,쏘나타 (DN8),2.0,프리미엄,201904.0,2020,1499.0,45598.0,가솔린,오토,ORIGINAL,일반,2025-03-19 16:01:24.000 +09,경기,이십일세기모터스,162보5387,3,1,6,520.2121,155.5419,1,0,
38567815,현대,LF 쏘나타,2.0 프리미엄,(세부등급 없음),201506.0,2015,1030.0,129242.0,가솔린,오토,ORIGINAL,일반,2025-03-19 15:59:03.000 +09,대구,H-motors,27고4245,1,1,1,145.38,78.071,0,0,
39004622,현대,쏘나타 (DN8),2.0 LPG(렌터카용),스타일,202012.0,2021,1429.0,133000.0,LPG(일반인 구입),오토,ORIGINAL,일반,2025-03-19 15:58:58.000 +09,전북,탑모터스,344도6389,0,0,1,0.0,0.0,1,0,
39004544,현대,쏘나타 (DN8),2.0 LPG(렌터카용),스마트,202012.0,2021,1469.0,133000.0,LPG(일반인 구입),오토,ORIGINAL,일반,2025-03-19 15:58:58.000 +09,전북,탑모터스,344도6328,0,0,1,0.0,0.0,1,0,
37903813,현대,쏘나타 뉴 라이즈,LPI 스타일,,201801.0,2018,1229.0,107000.0,LPG(일반인 구입),오토,ORIGINAL,일반,2025-03-19 15:58:58.000 +09,전북,탑모터스,252서4315,1,0,3,101.9439,0.0,2,0,
38710768,현대,쏘나타 (DN8),2.0,프리미엄,201905.0,2020,1629.0,105000.0,가솔린,오토,ORIGINAL,일반,2025-03-19 15:58:58.000 +09,전북,탑모터스,108러7604,0,0,5,0.0,0.0,1,0,
39051225,현대,쏘나타 (DN8),2.0 LPG(렌터카용),스마트,202012.0,2021,1489.0,107000.0,LPG(일반인 구입),오토,ORIGINAL,일반,2025-03-19 15:58:57.000 +09,전북,탑모터스,104조4345,1,0,2,97.2219,0.0,1,0,
39149998,현대,쏘나타 뉴 라이즈,LPI 스타일,,201709.0,2018,920.0,125546.0,LPG(일반인 구입),오토,ORIGINAL,일반,2025-03-19 15:58:52.000 +09,경기,아차차,361보3573,1,1,3,43.9338,68.5311,1,0,
38978936,현대,쏘나타 더 브릴리언트,LPI 스마트,,201305.0,2013,420.0,153590.0,LPG(일반인 구입),오토,ORIGINAL,일반,2025-03-19 15:58:52.000 +09,경기,아차차,43저0253,2,1,7,55.417,80.8306,1,0,
38823564,현대,LF 쏘나타,LPI 프리미엄,,201412.0,2015,990.0,69083.0,LPG(일반인 구입),수동,ORIGINAL,일반,2025-03-19 15:58:40.000 +09,대구,뉴 태성모터스,50서7136,2,0,0,700.1918,0.0,0,0,
38838474,현대,쏘나타 뉴 라이즈,2.0 스마트 스페셜,,201903.0,2019,1280.0,94431.0,가솔린,오토,ORIGINAL,일반,2025-03-19 15:58:40.000 +09,대구,뉴 태성모터스,190가9108,2,0,1,408.933,0.0,1,0,
39081916,현대,LF 쏘나타,LPI 스마트(장애인용),,201606.0,2016,1190.0,56125.0,LPG(일반인 구입),오토,ORIGINAL,일반,2025-03-19 15:58:33.000 +09,전남,가온모터스,40저0444,1,0,1,42.7538,0.0,0,0,
38660448,현대,LF 쏘나타,LPI 모던,,201603.0,2016,410.0,290000.0,LPG(일반인 구입),오토,ORIGINAL,일반,2025-03-19 15:58:04.000 +09,경기,스카이 자동차 상사,63러7827,1,2,5,278.5295,197.155,1,0,
38482315,현대,쏘나타 하이브리드 (DN8),인스퍼레이션,,202102.0,2021,2199.0,95775.0,가솔린+전기,오토,ORIGINAL,일반,2025-03-19 15:58:02.000 +09,경기,더뉴스마트주식회사,242주1888,1,0,1,0.0,0.0,1,0,
39210147,현대,쏘나타 (DN8),1.6 터보,프리미엄 패밀리,202001.0,2020,1770.0,76885.0,가솔린,오토,ORIGINAL,일반,2025-03-19 15:57:46.000 +09,대구,영제오토월드,376버8539,5,2,0,203.2979,59.249,0,0,
38918209,현대,LF 쏘나타,2.0 스마트,(세부등급 없음),201503.0,2015,990.0,102785.0,가솔린,오토,ORIGINAL,일반,2025-03-19 15:57:01.000 +09,부산,(주)에이스타모터스,67도2640,2,1,1,155.8859,141.4246,0,0,
38598036,현대,LF 쏘나타,2.0 스타일,(세부등급 없음),201410.0,2015,690.0,125741.0,가솔린,오토,ORIGINAL,일반,2025-03-19 15:57:01.000 +09,부산,(주)에이스타모터스,06우7496,2,3,4,116.3637,211.8941,1,0,
38944188,현대,쏘나타 (DN8),2.0 LPG(렌터카용),스마트,202109.0,2022,1520.0,88920.0,LPG(일반인 구입),오토,ORIGINAL,일반,2025-03-19 15:56:00.000 +09,대전,대상자동차,262러9497,1,0,2,382.6148,0.0,1,0,
38963588,현대,쏘나타 뉴 라이즈,2.0 모던,,201801.0,2018,930.0,158444.0,가솔린,오토,ORIGINAL,일반,2025-03-19 15:56:00.000 +09,대전,대상자동차,226저2883,5,1,3,459.3783,48.18,3,0,
39086084,현대,쏘나타 (DN8),2.0 LPG(렌터카용),스마트,202012.0,2021,1270.0,133030.0,LPG(일반인 구입),오토,ORIGINAL,일반,2025-03-19 15:56:00.000 +09,대전,대상자동차,107우9439,0,1,2,0.0,48.9784,1,0,
38732320,현대,쏘나타 (DN8),2.0,인스퍼레이션,202009.0,2021,2299.0,17197.0,가솔린,오토,ORIGINAL,일반,2025-03-19 15:52:02.000 +09,경기,진성자동차매매상사,255더6637,1,0,2,140.1514,0.0,1,0,
38633928,현대,쏘나타 (DN8),1.6 터보,프리미엄 플러스,202112.0,2022,2250.0,25200.0,가솔린,오토,ORIGINAL,일반,2025-03-19 15:51:11.000 +09,경기,차여사,132서6093,3,0,1,195.395,0.0,1,0,
39008997,현대,쏘나타 (DN8),2.0,프리미엄,202001.0,2020,1390.0,170000.0,가솔린,오토,ORIGINAL,일반,2025-03-19 15:50:48.000 +09,경기,수모터스,369루1776,2,0,1,190.6,0.0,0,0,
38709621,현대,쏘나타 (DN8),2.0,프리미엄,201909.0,2020,1780.0,30917.0,가솔린,오토,ORIGINAL,일반,2025-03-19 15:48:20.000 +09,대전,(주)감동모터스,232나2097,1,2,1,186.22,43.7219,1,0,
39260277,현대,쏘나타 디 엣지(DN8),2.0 LPG(영업용),모빌리티,202501.0,2025,2620.0,14837.0,LPG(일반인 구입),오토,ORIGINAL,일반,2025-03-19 15:48:08.000 +09,경기,스카이모터스,269우2271,0,0,1,0.0,0.0,1,0,
39191897,현대,LF 쏘나타,2.0 스마트,(세부등급 없음),201612.0,2017,1420.0,28608.0,가솔린,오토,ORIGINAL,일반,2025-03-19 15:47:32.000 +09,광주,한국모터스,33도0134,0,0,2,0.0,0.0,0,0,
39190787,현대,쏘나타 뉴 라이즈,LPI 모던,,201709.0,2018,1150.0,116844.0,LPG(일반인 구입),오토,ORIGINAL,일반,2025-03-19 15:46:19.000 +09,전북,대유모터스,01도9649,4,2,4,274.5707,223.1729,0,0,
39268465,현대,쏘나타 뉴 라이즈,2.0 모던,,201801.0,2018,1330.0,116873.0,가솔린,오토,ORIGINAL,일반,2025-03-19 15:46:19.000 +09,전북,대유모터스,04다1255,0,0,1,0.0,0.0,0,0,
39063583,현대,YF 쏘나타,Y20 프리미어,고급형,201003.0,2010,420.0,100841.0,가솔린,오토,ORIGINAL,일반,2025-03-19 15:46:18.000 +09,대전,(주)동행모터스,66두3901,4,3,3,224.5958,145.8151,0,0,
38884264,현대,LF 쏘나타,2.0 스타일,(세부등급 없음),201601.0,2016,850.0,143558.0,가솔린,오토,ORIGINAL,일반,2025-03-19 15:46:09.000 +09,전북,한마음 모터스,52더2739,3,3,5,168.6699,273.6233,1,0,
38930532,현대,쏘나타 더 브릴리언트,LPI 스타일,,201302.0,2013,530.0,112070.0,LPG(일반인 구입),오토,ORIGINAL,일반,2025-03-19 15:45:44.000 +09,전북,오토갤러리,367우3639,5,1,5,187.5283,183.3204,1,0,
38013449,현대,LF 쏘나타,2.4 익스클루시브,,201512.0,2015,1150.0,73000.0,가솔린,오토,ORIGINAL,일반,2025-03-19 15:45:03.000 +09,전북,GS카넷,07고4989,1,0,1,0.0,0.0,0,0,
39112250,현대,쏘나타 (DN8),2.0,프리미엄,201906.0,2020,1840.0,35614.0,가솔린,오토,ORIGINAL,일반,2025-03-19 15:44:44.000 +09,부산,오토라인모터스,31너5195,0,0,3,0.0,0.0,0,0,
38863735,현대,쏘나타 (DN8),2.0 LPG(렌터카용),스마트,202112.0,2022,1770.0,36027.0,LPG(일반인 구입),오토,ORIGINAL,일반,2025-03-19 15:44:03.000 +09,광주,쌍둥이모터스,262러9460,6,5,1,512.69,180.6509,1,0,
38629184,현대,쏘나타 뉴 라이즈,2.0 스마트,,201807.0,2018,1290.0,115100.0,가솔린,오토,ORIGINAL,일반,2025-03-19 15:43:53.000 +09,충북,대한자동차매매상사,246어3080,2,1,1,137.975,61.251,1,0,
38238857,현대,쏘나타 뉴 라이즈,LPI 스타일,,201706.0,2018,1100.0,129411.0,LPG(일반인 구입),오토,ORIGINAL,일반,2025-03-19 15:43:53.000 +09,부산,시원모터스,154고3874,0,3,5,0.0,124.8673,1,0,
38736799,현대,쏘나타 (DN8),2.0,프리미엄,202001.0,2020,1870.0,24968.0,가솔린,오토,ORIGINAL,일반,2025-03-19 15:43:53.000 +09,부산,시원모터스,232서1702,1,2,5,47.135,330.288,0,0,
39258426,현대,YF 쏘나타,LPI 프리미어,,201104.0,2011,440.0,131231.0,LPG(일반인 구입),오토,ORIGINAL,일반,2025-03-19 15:43:37.000 +09,전북,에코모터스,66고3863,2,2,2,90.8327,268.713,0,0,
38792473,현대,쏘나타 뉴 라이즈,2.0 모던,,201801.0,2018,1990.0,138436.0,가솔린,오토,ORIGINAL,일반,2025-03-19 15:43:37.000 +09,전북,에코모터스,124노8563,2,0,2,143.9828,0.0,2,0,
38867851,현대,LF 쏘나타,2.0 스마트,(세부등급 없음),201409.0,2015,855.0,112310.0,가솔린,오토,ORIGINAL,일반,2025-03-19 15:43:37.000 +09,전북,에코모터스,38머6694,1,4,2,109.5106,186.8249,1,0,
39236467,현대,쏘나타 더 브릴리언트,LPI 모던(장애인용),,201210.0,2013,640.0,146297.0,LPG(일반인 구입),오토,ORIGINAL,일반,2025-03-19 15:43:27.000 +09,부산,라인모터스,56마1362,1,1,2,37.1708,50.574,0,0,
38921500,현대,쏘나타 하이브리드 (DN8),인스퍼레이션,,202301.0,2023,2990.0,35061.0,가솔린+전기,오토,ORIGINAL,일반,2025-03-19 15:42:59.000 +09,경남,고고모터스,254가8161,0,0,1,0.0,0.0,0,0,
39202946,현대,쏘나타 (DN8),2.0,인스퍼레이션,202202.0,2022,2290.0,55434.0,가솔린,오토,ORIGINAL,일반,2025-03-19 15:42:10.000 +09,부산,호야오토모빌,144너3795,2,0,0,473.747,0.0,0,0,
38603664,현대,쏘나타 (DN8),2.0,인스퍼레이션,202101.0,2021,2190.0,46678.0,가솔린,오토,ORIGINAL,일반,2025-03-19 15:40:44.000 +09,광주,(주)원모터스,302부5178,1,0,2,89.5028,0.0,0,0,
38782824,현대,LF 쏘나타,2.0 스마트,(세부등급 없음),201507.0,2015,820.0,138570.0,가솔린,오토,ORIGINAL,일반,2025-03-19 15:40:36.000 +09,부산,(주)신박한자동차,13어6730,5,3,1,629.3991,231.087,0,0,
38686509,현대,LF 쏘나타,2.0 스마트,(세부등급 없음),201404.0,2015,750.0,150194.0,가솔린,오토,ORIGINAL,일반,2025-03-19 15:40:33.000 +09,대전,현대오토월드,28라8208,1,2,4,452.368,248.677,1,0,
38902312,현대,쏘나타 (DN8),2.0 LPG(렌터카용),스마트,202109.0,2022,1640.0,90184.0,LPG(일반인 구입),오토,ORIGINAL,일반,2025-03-19 15:40:06.000 +09,전북,은혜상사,262러9429,0,0,2,0.0,0.0,1,0,
38984612,현대,쏘나타 (DN8),2.0 LPG(렌터카용),스마트,201910.0,2020,1540.0,73865.0,LPG(일반인 구입),오토,ORIGINAL,일반,2025-03-19 15:40:06.000 +09,전북,은혜상사,206누6039,1,0,1,62.4759,0.0,1,0,
39201527,현대,쏘나타 (DN8),2.0 LPG(렌터카용),스마트,202008.0,2021,1440.0,106776.0,LPG(일반인 구입),오토,ORIGINAL,일반,2025-03-19 15:40:06.000 +09,전북,은혜상사,232로8303,0,0,1,0.0,0.0,1,0,
38819377,현대,LF 쏘나타,2.0 스타일,(세부등급 없음),201701.0,2017,769.0,117400.0,가솔린,오토,ORIGINAL,일반,2025-03-19 15:40:04.000 +09,경기,오토피아,138루6779,2,0,5,756.915,0.0,1,0,
38686075,현대,YF 쏘나타,LPI 디럭스,,201201.0,2012,299.0,264897.0,LPG(일반인 구입),오토,ORIGINAL,일반,2025-03-19 15:38:47.000 +09,대구,누리자동차상사,33오2294,3,1,4,473.1266,160.0,1,0,
39092246,현대,LF 쏘나타 하이브리드,2.0 HEV,모던,201510.0,2016,1500.0,72488.0,가솔린+전기,오토,ORIGINAL,일반,2025-03-19 15:38:44.000 +09,부산,(주)해성모터스,69루0531,0,0,1,0.0,0.0,0,0,
37810447,현대,LF 쏘나타,2.0 스타일,(세부등급 없음),201406.0,2015,790.0,146507.0,가솔린,오토,ORIGINAL,일반,2025-03-19 15:38:19.000 +09,경기,대광자동차상사,179너9317,3,1,1,262.9889,177.473,1,0,
38749658,현대,YF 쏘나타,LPI 럭셔리,,201002.0,2010,299.0,169037.0,LPG(일반인 구입),오토,ORIGINAL,일반,2025-03-19 15:37:55.000 +09,부산,해성모터스,41두6094,4,2,2,154.949,59.874,0,0,
38998945,현대,쏘나타 (DN8),2.0,스마트,201912.0,2020,1450.0,82741.0,가솔린,오토,ORIGINAL,일반,2025-03-19 15:35:08.000 +09,서울,(주)은혜자동차,257주6813,3,0,3,176.496,0.0,1,0,
39099362,현대,쏘나타 (DN8),2.0 LPG(렌터카용),스타일,202204.0,2022,1650.0,32055.0,LPG(일반인 구입),오토,ORIGINAL,일반,2025-03-19 15:35:07.000 +09,서울,(주)은혜자동차,220도3237,0,1,1,0.0,88.8317,1,0,
36232786,현대,쏘나타 III,1.8 스페셜 에디션,,199807.0,1998,300.0,147341.0,가솔린,오토,ORIGINAL,일반,2025-03-19 15:34:57.000 +09,경기,카스토리,경기32로3685,1,0,3,24.5598,0.0,0,0,
38929163,현대,YF 쏘나타,LPI 디럭스,,201011.0,2011,295.0,221000.0,LPG(일반인 구입),오토,ORIGINAL,일반,2025-03-19 15:34:29.000 +09,충남,하이모터스,40로6229,2,0,4,103.8424,0.0,0,0,
39180775,현대,쏘나타 뉴 라이즈,2.0 스타일,,201704.0,2018,1130.0,84743.0,가솔린,오토,ORIGINAL,일반,2025-03-19 15:33:42.000 +09,경기,나래모터스,134노1262,1,1,2,87.3934,56.1078,1,0,
39083848,현대,쏘나타 (DN8),2.0,프리미엄,201908.0,2020,1540.0,101614.0,가솔린,오토,ORIGINAL,일반,2025-03-19 15:30:47.000 +09,경기,킹모터스,168누1045,1,4,1,110.5397,265.995,1,0,
39004160,현대,쏘나타 더 브릴리언트,LPI 스마트,,201407.0,2015,470.0,194872.0,LPG(일반인 구입),오토,ORIGINAL,일반,2025-03-19 15:30:08.000 +09,대구,스마일모터스,59로2073,1,0,3,41.6008,0.0,1,0,
39127268,현대,YF 쏘나타,LPI 럭셔리,,201203.0,2012,450.0,107258.0,LPG(일반인 구입),오토,ORIGINAL,일반,2025-03-19 15:30:08.000 +09,대구,스마일모터스,48조9692,4,2,3,302.759,189.6198,1,0,
38696510,현대,쏘나타 뉴 라이즈,2.0 모던,,201703.0,2018,1650.0,48129.0,가솔린,오토,ORIGINAL,일반,2025-03-19 15:28:57.000 +09,울산,대박상사,68보9530,1,1,1,97.5476,88.804,0,0,
38710733,현대,LF 쏘나타,2.0 스마트,(세부등급 없음),201409.0,2015,950.0,117056.0,가솔린,오토,ORIGINAL,일반,2025-03-19 15:28:57.000 +09,울산,대박상사,19주9630,0,1,1,0.0,102.18,0,0,
38939808,현대,쏘나타 뉴 라이즈,2.0 스마트 초이스,,201804.0,2019,1550.0,44854.0,가솔린,오토,ORIGINAL,일반,2025-03-19 15:28:57.000 +09,울산,대박상사,35노2574,1,1,1,78.2629,534.4,0,0,
39248194,현대,쏘나타 (DN8),2.0 LPG(렌터카용),스마트,202006.0,2021,1650.0,65865.0,LPG(일반인 구입),오토,ORIGINAL,일반,2025-03-19 15:25:58.000 +09,서울,(주)오토크루,202구6387,0,0,1,0.0,0.0,1,0,
39264571,현대,NF 쏘나타,LPG N20 렌터카,개인형,200604.0,2006,260.0,180311.0,LPG(일반인 구입),오토,ORIGINAL,일반,2025-03-19 15:25:56.000 +09,울산,에덴자동차매매상사,06소6649,4,3,3,178.4897,149.9319,0,0,
39080827,현대,쏘나타 더 브릴리언트,LPI 스마트,,201301.0,2013,350.0,235726.0,LPG(일반인 구입),오토,ORIGINAL,일반,2025-03-19 15:25:40.000 +09,전북,(유)카마트 모터스,15루3431,0,2,4,0.0,281.675,0,0,
31851661,현대,쏘나타 더 브릴리언트,LPI 모던(장애인용),,201301.0,2013,750.0,101800.0,LPG(일반인 구입),오토,ORIGINAL,일반,2025-03-19 15:24:28.000 +09,전북,엘리트모터스,18가4220,4,1,3,281.4895,49.584,0,0,
38899812,현대,쏘나타 III,1.8 GL DLX,,199708.0,1997,490.0,104606.0,가솔린,수동,ORIGINAL,일반,2025-03-19 15:24:21.000 +09,대전,쿠모터스,20누6537,0,1,1,0.0,93.7431,1,0,
37667929,현대,LF 쏘나타,2.0 스마트,(세부등급 없음),201405.0,2015,1250.0,33140.0,가솔린,오토,ORIGINAL,일반,2025-03-19 15:24:17.000 +09,부산,(주)라희모터스,51소6905,1,2,1,240.2818,167.2727,0,0,
39009426,현대,LF 쏘나타,1.7 디젤 스마트,스페셜,201604.0,2016,950.0,104772.0,디젤,오토,ORIGINAL,일반,2025-03-19 15:24:08.000 +09,경기,스마일자동차,63모0603,3,2,0,196.2188,153.4097,0,0,
38719902,현대,쏘나타 뉴 라이즈,2.0 스마트,,201710.0,2018,1320.0,78431.0,가솔린,오토,ORIGINAL,일반,2025-03-19 15:23:29.000 +09,부산,(주)네바퀴,06고3463,3,2,1,273.912,159.2671,0,0,
39129456,현대,LF 쏘나타,2.0 스마트,(세부등급 없음),201502.0,2015,920.0,64789.0,가솔린,오토,ORIGINAL,일반,2025-03-19 15:23:17.000 +09,경기,제이디모터스,24두7602,6,0,3,596.8879,0.0,0,0,
38684333,현대,쏘나타 더 브릴리언트,CVVL 스마트,,201310.0,2014,544.0,221529.0,가솔린,오토,ORIGINAL,일반,2025-03-19 15:22:22.000 +09,충남,두리자동차,31너9640,1,2,5,252.7253,157.2437,1,0,
38175851,현대,쏘나타 더 브릴리언트,CVVL 스마트,,201309.0,2014,544.0,176558.0,가솔린,오토,ORIGINAL,일반,2025-03-19 15:22:21.000 +09,충남,두리자동차,34어1053,1,1,1,26.634,87.821,1,0,
39122092,현대,LF 쏘나타,LPI 프리미엄 스페셜,,201405.0,2015,790.0,185491.0,LPG(일반인 구입),오토,ORIGINAL,일반,2025-03-19 15:21:40.000 +09,경기,대한모터스,23저1424,1,1,8,36.3513,165.632,0,0,
38832846,현대,쏘나타 (DN8),2.5 터보 N Line,인스퍼레이션,202112.0,2022,2690.0,19378.0,가솔린,오토,ORIGINAL,일반,2025-03-19 15:21:18.000 +09,경기,바른자동차,138무5563,2,1,1,543.5079,305.0248,1,0,
38305647,현대,쏘나타 뉴 라이즈,LPI 택시형,프리미엄,201812.0,2019,1130.0,75710.0,LPG(일반인 구입),오토,ORIGINAL,일반,2025-03-19 15:20:53.000 +09,대전,다온모터스,356로5145,4,1,3,1061.0826,0.0,1,0,
37897579,현대,쏘나타 (DN8),2.0,프리미엄 패밀리,201907.0,2020,1590.0,79816.0,가솔린,오토,ORIGINAL,일반,2025-03-19 15:20:51.000 +09,전북,민모터스,108고5522,0,3,2,0.0,285.4683,1,0,
37515874,현대,LF 쏘나타,LPI 스마트,,201404.0,2015,620.0,140757.0,LPG(일반인 구입),오토,ORIGINAL,일반,2025-03-19 15:20:45.000 +09,대전,(주)조은카,38주8968,11,3,4,963.579,269.3372,0,0,
38860750,현대,쏘나타 뉴 라이즈,2.0 스마트 초이스,,201805.0,2019,1290.0,74592.0,가솔린,오토,ORIGINAL,일반,2025-03-19 15:20:14.000 +09,대구,신세계모터스,309오3714,0,0,1,0.0,0.0,1,0,
38181304,현대,LF 쏘나타 하이브리드,2.0 HEV,프리미엄,201505.0,2016,1050.0,130000.0,가솔린+전기,오토,ORIGINAL,일반,2025-03-19 15:18:19.000 +09,경기,스마일자동차,148로6894,2,0,2,198.52,0.0,1,0,
38978540,현대,쏘나타 (DN8),2.0,프리미엄,201906.0,2020,1850.0,58920.0,가솔린,오토,ORIGINAL,일반,2025-03-19 15:18:15.000 +09,광주,(주)송원모터스,10조5689,1,0,1,66.801,0.0,0,0,
39074694,현대,쏘나타 (DN8),2.0 LPG,인스퍼레이션,202207.0,2022,2299.0,69139.0,LPG(일반인 구입),오토,ORIGINAL,일반,2025-03-19 15:18:15.000 +09,광주,(주)송원모터스,260노5115,1,0,2,150.0,0.0,0,0,
39016612,현대,쏘나타 뉴 라이즈,LPI 프리미엄,,201801.0,2018,1430.0,109147.0,LPG(일반인 구입),오토,ORIGINAL,일반,2025-03-19 15:17:06.000 +09,경기,(주)뉴카카,65보3496,1,0,3,163.2,0.0,0,0,
38811488,현대,쏘나타 하이브리드 (DN8),프리미엄,패밀리,202007.0,2021,1740.0,123748.0,가솔린+전기,오토,ORIGINAL,일반,2025-03-19 15:17:03.000 +09,충북,대성모터스,340구6281,0,1,2,0.0,88.1594,1,0,
38929838,현대,LF 쏘나타,LPI 프리미엄,,201410.0,2015,670.0,188900.0,LPG(일반인 구입),오토,ORIGINAL,일반,2025-03-19 15:17:01.000 +09,경기,세종오토,19거1994,7,5,1,663.4083,1071.3696,0,0,
38906319,현대,LF 쏘나타,2.0 스타일,스페셜,201508.0,2016,1390.0,47500.0,가솔린,오토,ORIGINAL,일반,2025-03-19 15:17:00.000 +09,경기,세종오토,08두0989,1,1,3,105.3291,39.368,0,0,
38737164,현대,LF 쏘나타,2.0 스마트,(세부등급 없음),201508.0,2016,1299.0,36763.0,가솔린,오토,ORIGINAL,일반,2025-03-19 15:15:31.000 +09,부산,카프로,54보6970,1,0,2,43.6238,0.0,0,0,
39182950,현대,쏘나타 (DN8),1.6 터보,프리미엄 패밀리,202101.0,2021,1890.0,66017.0,가솔린,오토,ORIGINAL,일반,2025-03-19 15:15:30.000 +09,부산,카프로,261더2583,0,0,1,0.0,0.0,1,0,
38842169,현대,쏘나타 뉴 라이즈,2.0 스마트 스페셜,,201807.0,2019,1280.0,86163.0,가솔린,오토,ORIGINAL,일반,2025-03-19 15:14:31.000 +09,경기,스마일자동차,19오2673,3,2,1,217.0335,214.3502,0,0,
39196589,현대,쏘나타 하이브리드 (DN8),프리미엄,(세부등급 없음),201909.0,2020,1890.0,58216.0,가솔린+전기,오토,ORIGINAL,일반,2025-03-19 15:14:21.000 +09,경기,다모아모터스,353수1545,1,0,1,37.7,0.0,1,0,
39200476,현대,YF 쏘나타,LPI 탑,,201002.0,2010,470.0,104781.0,LPG(일반인 구입),오토,ORIGINAL,일반,2025-03-19 15:13:30.000 +09,서울,신한자동차,16부3765,0,2,2,0.0,185.6096,0,0,
39211534,현대,YF 쏘나타,Y20 탑,최고급형,200910.0,2010,470.0,140399.0,가솔린,오토,ORIGINAL,일반,2025-03-19 15:10:49.000 +09,경남,울트라모터스,51오8267,3,1,2,250.9656,257.6828,0,0,
38924109,현대,LF 쏘나타,LPI 프리미엄 스페셜,,201506.0,2015,1000.0,140926.0,LPG(일반인 구입),오토,ORIGINAL,일반,2025-03-19 15:10:48.000 +09,경남,울트라모터스,18더5348,2,4,2,140.359,305.4072,0,0,
39221647,현대,YF 쏘나타,Y20 럭셔리,,201201.0,2012,450.0,112824.0,가솔린,오토,ORIGINAL,일반,2025-03-19 15:10:48.000 +09,경남,울트라모터스,23구7835,0,1,1,0.0,48.29,0,0,
38953882,현대,쏘나타 뉴 라이즈,LPI 프리미엄,,201704.0,2018,850.0,270000.0,LPG(일반인 구입),오토,ORIGINAL,일반,2025-03-19 15:07:13.000 +09,경기,,265머8872,1,3,3,142.63,264.7863,1,0,
38468979,현대,YF 쏘나타,LPI 디럭스,,201201.0,2012,360.0,163097.0,LPG(일반인 구입),오토,ORIGINAL,일반,2025-03-19 15:06:55.000 +09,대전,뉴금정모터스,45주5260,1,0,4,65.8503,0.0,0,0,
38590389,현대,쏘나타 (DN8),1.6 터보,인스퍼레이션,202106.0,2022,2690.0,16856.0,가솔린,오토,ORIGINAL,일반,2025-03-19 15:06:48.000 +09,울산,그린모터스,321고7931,1,1,0,0.0,46.49,0,0,
38696417,현대,쏘나타 뉴 라이즈,2.0 스마트 스페셜,,201804.0,2019,1580.0,68964.0,가솔린,오토,ORIGINAL,일반,2025-03-19 15:06:18.000 +09,광주,(주)진흥자동차,248누2517,1,0,2,33.3469,0.0,1,0,
39178292,현대,쏘나타 뉴 라이즈,2.0 스마트 초이스,,201903.0,2019,1499.0,99286.0,가솔린,오토,ORIGINAL,일반,2025-03-19 15:05:33.000 +09,대구,남일모터스,60구2982,1,0,1,60.621,0.0,0,0,
39193435,현대,쏘나타 더 브릴리언트,CVVL 스타일,,201208.0,2013,390.0,213926.0,가솔린,오토,ORIGINAL,일반,2025-03-19 15:05:30.000 +09,대구,비비모터스,47너9162,2,1,3,301.978,29.669,0,0,
38995165,현대,LF 쏘나타,LPI 모던(장애인용),,201605.0,2017,1230.0,83323.0,LPG(일반인 구입),오토,ORIGINAL,일반,2025-03-19 15:05:22.000 +09,대전,창신모터스,18소8261,3,1,1,304.353,90.003,0,0,
39097206,현대,YF 쏘나타,Y20 럭셔리,,201101.0,2011,330.0,168000.0,가솔린,오토,ORIGINAL,일반,2025-03-19 15:05:22.000 +09,대전,창신모터스,49오6257,2,1,1,180.7944,47.9168,0,0,
38758216,현대,쏘나타 (DN8),2.0 LPG(렌터카용),스마트,202002.0,2020,1400.0,94183.0,LPG(일반인 구입),오토,ORIGINAL,일반,2025-03-19 15:05:11.000 +09,경기,명문자동차,228나2852,5,0,1,702.8627,0.0,1,0,
38143603,현대,YF 쏘나타,Y20 프리미어,최고급형,201002.0,2010,480.0,135000.0,가솔린,오토,ORIGINAL,일반,2025-03-19 15:02:47.000 +09,대전,뉴금정모터스,15루3948,0,1,6,0.0,77.163,1,0,
37601585,현대,YF 쏘나타,Y20 탑,(세부등급 없음),201009.0,2011,480.0,149800.0,가솔린,오토,ORIGINAL,일반,2025-03-19 15:02:47.000 +09,대전,뉴금정모터스,58러8906,5,1,4,1388.3696,13.303,0,0,
37706456,현대,LF 쏘나타,LPI 스마트,,201705.0,2017,695.0,192112.0,LPG(일반인 구입),오토,ORIGINAL,일반,2025-03-19 15:02:41.000 +09,전북,태양 모터스,147루1045,0,0,2,0.0,0.0,1,0,
39172241,현대,LF 쏘나타,LPI 프리미엄 스페셜,,201408.0,2015,720.0,228927.0,LPG(일반인 구입),오토,ORIGINAL,일반,2025-03-19 15:00:01.000 +09,대전,로또 자동차,34거9449,3,1,5,119.4828,0.0,1,0,
38729139,현대,LF 쏘나타,LPI 프리미엄 스페셜,,201607.0,2017,790.0,201117.0,LPG(일반인 구입),오토,ORIGINAL,일반,2025-03-19 15:00:01.000 +09,대전,로또 자동차,158라7949,0,0,2,0.0,0.0,1,0,
38570633,현대,YF 쏘나타,Y20 그랜드,,201007.0,2011,420.0,92058.0,가솔린,오토,ORIGINAL,일반,2025-03-19 14:59:50.000 +09,충북,부릉모터스,14서1774,1,0,2,24.418,0.0,0,0,
38781116,현대,쏘나타 뉴 라이즈,2.0 모던,,201801.0,2018,9999.0,103259.0,가솔린,오토,ORIGINAL,일반,2025-03-19 14:59:07.000 +09,경기,해동자동차,114더4126,0,1,2,0.0,49.7273,1,0,
38968034,현대,쏘나타 하이브리드 (DN8),인스퍼레이션,,201908.0,2020,9999.0,138320.0,가솔린+전기,오토,ORIGINAL,일반,2025-03-19 14:59:06.000 +09,경기,해동자동차,69보1365,2,0,1,74.0226,0.0,0,0,
39260505,현대,NF 쏘나타 트랜스폼,LPG N20 럭셔리,,200803.0,2008,175.0,210000.0,LPG(일반인 구입),오토,ORIGINAL,일반,2025-03-19 14:58:43.000 +09,대구,한국자동차상사,13라7018,0,3,7,0.0,473.97,1,0,
38365717,현대,LF 쏘나타,LPI 프리미엄 스페셜,,201411.0,2015,890.0,132649.0,LPG(일반인 구입),오토,ORIGINAL,일반,2025-03-19 14:58:17.000 +09,전북,차사랑모터스,37부8455,3,1,1,258.7873,46.1986,0,0,
39164044,현대,쏘나타 (DN8),2.0,인스퍼레이션,201904.0,2020,1999.0,85800.0,가솔린,오토,ORIGINAL,일반,2025-03-19 14:57:48.000 +09,전북,무지개모터스,265마8984,4,3,4,366.4123,381.7982,1,0,
38710199,현대,LF 쏘나타 하이브리드,2.0 HEV,모던,201506.0,2015,1250.0,110800.0,가솔린+전기,오토,ORIGINAL,일반,2025-03-19 14:57:48.000 +09,전북,무지개모터스,11주6332,0,1,3,0.0,151.091,0,0,
37598010,현대,쏘나타 뉴 라이즈,LPI 스타일,,201708.0,2018,860.0,143530.0,LPG(일반인 구입),오토,ORIGINAL,일반,2025-03-19 14:56:18.000 +09,대구,대풍모터스,228루5061,1,0,3,57.4839,0.0,1,0,
39083923,현대,쏘나타 (DN8),2.0,프리미엄 플러스,202108.0,2022,2090.0,73519.0,가솔린,오토,ORIGINAL,일반,2025-03-19 14:55:58.000 +09,충북,대일모터스,229다8384,0,0,2,0.0,0.0,1,0,
38993324,현대,쏘나타 (DN8),1.6 터보,인스퍼레이션,202001.0,2020,2449.0,56881.0,가솔린,오토,ORIGINAL,일반,2025-03-19 14:55:58.000 +09,충북,대일모터스,371다2479,0,0,1,0.0,0.0,0,0,
39200832,현대,쏘나타 (DN8),2.0,모던,202202.0,2022,1980.0,50805.0,가솔린,오토,ORIGINAL,일반,2025-03-19 14:55:58.000 +09,충북,대일모터스,175저9212,1,3,2,36.6769,344.7552,1,0,
38546129,현대,YF 쏘나타,Y20 탑,고급형,201007.0,2010,480.0,115000.0,가솔린,오토,ORIGINAL,일반,2025-03-19 14:53:30.000 +09,대전,주 삼일상사,49누5031,4,2,2,431.1065,136.8748,0,0,
39036440,현대,YF 쏘나타,LPI 디럭스,,201002.0,2010,260.0,235480.0,LPG(일반인 구입),오토,ORIGINAL,일반,2025-03-19 14:53:27.000 +09,대전,(주)마이카,26저2245,4,12,6,417.9386,1163.2616,2,0,
38659342,현대,LF 쏘나타 하이브리드,2.0 HEV,모던,201507.0,2015,999.0,185315.0,가솔린+전기,오토,ORIGINAL,일반,2025-03-19 14:53:02.000 +09,경기,풀카,303다3230,7,6,4,1579.5211,543.8731,1,0,
39008270,현대,YF 쏘나타,Y20 탑,최고급형,201002.0,2010,580.0,71090.0,가솔린,오토,ORIGINAL,일반,2025-03-19 14:52:22.000 +09,전북,카마트 모터스,12구1318,2,1,4,61.925,158.793,0,0,
37756604,현대,LF 쏘나타,LPI 모던,,201404.0,2015,750.0,154000.0,LPG(일반인 구입),오토,ORIGINAL,일반,2025-03-19 14:52:11.000 +09,경북,탑모터스,35러7707,1,0,1,100.075,0.0,0,0,
39180059,현대,쏘나타 하이브리드 (DN8),프리미엄,(세부등급 없음),202102.0,2021,2280.0,52931.0,가솔린+전기,오토,ORIGINAL,일반,2025-03-19 14:51:39.000 +09,대전,(주) 마이카,212수6677,0,3,2,0.0,311.599,1,0,
38841319,현대,쏘나타 하이브리드,2.0,모던,201403.0,2014,650.0,175060.0,가솔린+전기,오토,ORIGINAL,일반,2025-03-19 14:51:38.000 +09,대전,(주) 마이카,18루7397,2,0,2,81.5266,0.0,0,0,
39225291,현대,쏘나타 (DN8),1.6 터보,프리미엄 패밀리,202001.0,2020,1850.0,107432.0,가솔린,오토,ORIGINAL,일반,2025-03-19 14:51:38.000 +09,대전,(주) 마이카,391소4055,2,0,1,159.3441,0.0,0,0,
38750021,현대,쏘나타 (DN8),2.0,프리미엄,201907.0,2020,1690.0,46680.0,가솔린,오토,ORIGINAL,일반,2025-03-19 14:51:38.000 +09,대전,(주) 마이카,60부4130,2,1,1,237.4916,111.2948,0,0,
39160481,현대,쏘나타 (DN8),2.0,프리미엄,202007.0,2021,7777.0,50834.0,가솔린,오토,ORIGINAL,일반,2025-03-19 14:51:37.000 +09,대전,(주) 마이카,171너9351,1,1,0,43.158,45.167,0,0,
39183843,현대,쏘나타 (DN8),2.0,프리미엄 플러스,202112.0,2022,1899.0,95398.0,가솔린,오토,ORIGINAL,일반,2025-03-19 14:49:32.000 +09,경기,오토프라임,205더6698,0,1,1,0.0,28.318,1,0,
39039180,현대,쏘나타 (DN8),2.0,프리미엄 플러스,202112.0,2022,1919.0,94828.0,가솔린,오토,ORIGINAL,일반,2025-03-19 14:49:32.000 +09,경기,오토프라임,260저8472,0,0,2,0.0,0.0,1,0,
39039253,현대,쏘나타 (DN8),2.0,프리미엄 패밀리,202012.0,2021,1889.0,64648.0,가솔린,오토,ORIGINAL,일반,2025-03-19 14:49:32.000 +09,경기,오토프라임,247부1862,1,0,1,66.733,0.0,1,0,
39241255,현대,쏘나타 (DN8),2.0,프리미엄 플러스,202112.0,2022,1879.0,93325.0,가솔린,오토,ORIGINAL,일반,2025-03-19 14:49:31.000 +09,경기,오토프라임,112노6073,0,0,2,0.0,0.0,1,0,
38514992,현대,쏘나타 하이브리드,2.0,프리미어,201305.0,2013,590.0,141957.0,가솔린+전기,오토,ORIGINAL,일반,2025-03-19 14:49:09.000 +09,전북,대유모터스,32구8661,2,1,3,133.6283,50.819,0,0,
39069681,현대,쏘나타 (DN8),2.0 LPG(렌터카용),스마트,202012.0,2021,1290.0,159410.0,LPG(일반인 구입),오토,ORIGINAL,일반,2025-03-19 14:48:54.000 +09,경기,오토돔 세종모터스,242우8614,0,0,1,0.0,0.0,1,0,
38901339,현대,쏘나타 더 브릴리언트,LPI 스타일,,201209.0,2013,440.0,145654.0,LPG(일반인 구입),오토,ORIGINAL,일반,2025-03-19 14:47:00.000 +09,부산,경영상사,54소0842,0,0,3,0.0,0.0,1,0,
37625711,현대,쏘나타 하이브리드 (DN8),인스퍼레이션,,201909.0,2020,2300.0,66830.0,가솔린+전기,오토,ORIGINAL,일반,2025-03-19 14:46:31.000 +09,경기,뉴월드모터스,210다9181,0,0,1,0.0,0.0,1,0,
38465194,현대,쏘나타 (DN8),2.0 LPG(렌터카용),스마트,202201.0,2022,1790.0,87512.0,LPG(일반인 구입),오토,ORIGINAL,일반,2025-03-19 14:46:11.000 +09,광주,대한민국,184모8829,0,0,1,0.0,0.0,1,0,
37153839,현대,쏘나타 하이브리드 (DN8),프리미엄,(세부등급 없음),202010.0,2021,1780.0,132697.0,가솔린+전기,오토,ORIGINAL,일반,2025-03-19 14:46:11.000 +09,광주,대한민국,101나6941,0,0,1,0.0,0.0,1,0,
39131465,현대,쏘나타 더 브릴리언트,LPI 프리미엄,,201311.0,2014,490.0,178800.0,LPG(일반인 구입),오토,ORIGINAL,일반,2025-03-19 14:45:51.000 +09,대구,진 모터스,40다1962,3,0,2,179.6913,0.0,1,0,
38289563,현대,YF 쏘나타,LPI 럭셔리,,201009.0,2011,320.0,153600.0,LPG(일반인 구입),오토,ORIGINAL,일반,2025-03-19 14:45:34.000 +09,경기,토토자동차,23부4768,2,3,2,147.0506,154.8578,0,0,
39064592,현대,쏘나타 뉴 라이즈,LPI 스타일,,201708.0,2018,930.0,124000.0,LPG(일반인 구입),오토,ORIGINAL,일반,2025-03-19 14:44:48.000 +09,대구,모든알브이,29누8550,2,1,4,104.437,22.8618,0,0,
37119917,현대,LF 쏘나타,2.0 스타일,스페셜,201601.0,2016,1040.0,95416.0,가솔린,오토,ORIGINAL,일반,2025-03-19 14:44:05.000 +09,대구,산모터스,69고1547,2,0,3,157.1403,0.0,0,0,
39088289,현대,YF 쏘나타,Y20 그랜드,,201007.0,2010,370.0,89316.0,가솔린,오토,ORIGINAL,일반,2025-03-19 14:42:34.000 +09,울산,믿음자동차매매상사,30조0387,2,2,3,477.3945,506.2012,1,0,
38707263,현대,LF 쏘나타,LPI 스마트,,201406.0,2015,550.0,201487.0,LPG(일반인 구입),오토,ORIGINAL,일반,2025-03-19 14:42:11.000 +09,전북,삼성상사,157우5520,2,0,2,310.664,0.0,1,0,
38281020,현대,쏘나타 (DN8),2.0 LPG(렌터카용),스마트,201912.0,2020,1399.0,136489.0,LPG(일반인 구입),오토,ORIGINAL,일반,2025-03-19 14:41:37.000 +09,충남,가나모터스,110버2083,4,0,1,343.2707,0.0,1,0,
39169176,현대,쏘나타 뉴 라이즈,LPI 모던,,201803.0,2018,780.0,210258.0,LPG(일반인 구입),오토,ORIGINAL,일반,2025-03-19 14:38:37.000 +09,대구,스마일 모터스,183주4307,0,0,1,0.0,0.0,1,0,
39129279,현대,NF 쏘나타 트랜스폼,LPG N20 럭셔리,,200806.0,2008,250.0,121728.0,LPG(일반인 구입),오토,ORIGINAL,일반,2025-03-19 14:38:37.000 +09,대구,스마일 모터스,37도6919,12,10,4,1395.7545,1109.5508,0,0,
39244901,현대,쏘나타 (DN8),2.0 LPG(렌터카용),스마트,202104.0,2021,1820.0,45209.0,LPG(일반인 구입),오토,ORIGINAL,일반,2025-03-19 14:37:56.000 +09,부산,에이스모터스,153가6624,1,0,2,66.1719,0.0,1,0,
39021601,현대,YF 쏘나타,LPI 디럭스,,201010.0,2011,280.0,206699.0,LPG(일반인 구입),오토,ORIGINAL,일반,2025-03-19 14:37:09.000 +09,대전,서희디오토,34머5672,5,2,2,430.5468,103.8883,0,0,
39242139,현대,쏘나타 뉴 라이즈,2.0 스마트,,201711.0,2018,1400.0,79565.0,가솔린,오토,ORIGINAL,일반,2025-03-19 14:37:08.000 +09,경기,와이엠 모터스,28머6275,1,0,0,48.7687,0.0,0,0,
39144386,현대,LF 쏘나타,2.0 프리미엄,(세부등급 없음),201404.0,2015,1570.0,13369.0,가솔린,오토,ORIGINAL,일반,2025-03-19 14:37:04.000 +09,경기,와이엠 모터스,46저6993,2,2,1,174.862,114.303,0,0,
38846885,현대,쏘나타 (DN8),2.0,인스퍼레이션,201907.0,2020,1980.0,51735.0,가솔린,오토,ORIGINAL,일반,2025-03-19 14:36:40.000 +09,대전,금성모터스,04수1640,1,0,1,112.3174,0.0,0,0,
38292315,현대,쏘나타 더 브릴리언트,LPI 스마트,,201301.0,2013,630.0,91028.0,LPG(일반인 구입),오토,ORIGINAL,일반,2025-03-19 14:36:31.000 +09,대전,(주)도담모터스,33우6596,1,0,2,35.898,0.0,0,0,
39089503,현대,쏘나타 (DN8),2.0,프리미엄 패밀리,201906.0,2020,1890.0,62157.0,가솔린,오토,ORIGINAL,일반,2025-03-19 14:36:14.000 +09,충북,나이스모터스,293모9561,1,0,3,69.9879,0.0,1,0,
39118447,현대,LF 쏘나타,2.0 스마트,(세부등급 없음),201412.0,2015,980.0,162031.0,가솔린,오토,ORIGINAL,일반,2025-03-19 14:36:14.000 +09,충북,나이스모터스,348거9617,0,0,4,0.0,0.0,1,0,
39218339,현대,쏘나타 (DN8),2.0,프리미엄 패밀리,201911.0,2020,1880.0,49724.0,가솔린,오토,ORIGINAL,일반,2025-03-19 14:36:13.000 +09,충북,나이스모터스,321주9894,1,0,1,36.7834,0.0,0,0,
38595366,현대,LF 쏘나타,LPI 프리미엄,,201601.0,2016,950.0,93758.0,LPG(일반인 구입),오토,ORIGINAL,일반,2025-03-19 14:36:13.000 +09,충북,나이스모터스,377부1833,1,1,2,107.3469,213.558,1,0,
38761591,현대,쏘나타 더 브릴리언트,LPI 스마트,,201210.0,2013,330.0,231910.0,LPG(일반인 구입),오토,ORIGINAL,일반,2025-03-19 14:35:24.000 +09,대전,(주)로또자동차,18버7428,4,2,2,653.1584,558.7,0,0,
39005029,현대,LF 쏘나타,LPI 택시형,스타일,201501.0,2015,590.0,249355.0,LPG(일반인 구입),오토,ORIGINAL,일반,2025-03-19 14:35:24.000 +09,대전,(주)로또자동차,338라7784,0,0,6,0.0,0.0,1,0,
39094581,현대,쏘나타 뉴 라이즈,2.0 스타일,,201811.0,2019,1325.0,67386.0,가솔린,오토,ORIGINAL,일반,2025-03-19 14:30:54.000 +09,경기,(주)대성모터스,124보5455,0,0,1,0.0,0.0,1,0,
38642039,현대,LF 쏘나타,2.0 스마트,(세부등급 없음),201404.0,2015,7777.0,134876.0,가솔린,오토,ORIGINAL,일반,2025-03-19 14:30:38.000 +09,부산,케이스타,23너2357,2,1,2,187.494,67.04,0,0,
39248452,현대,쏘나타 하이브리드,2.0,로열,201209.0,2012,550.0,131613.0,가솔린+전기,오토,ORIGINAL,일반,2025-03-19 14:30:12.000 +09,대전,대운자동차상사,38주9627,2,0,0,107.934,0.0,0,0,
39246862,현대,YF 쏘나타,LPI 럭셔리,,201010.0,2011,170.0,270000.0,LPG(일반인 구입),오토,ORIGINAL,일반,2025-03-19 14:30:11.000 +09,경기,민모터스 ,15더2004,7,1,6,519.1437,45.3908,1,0,
38979806,현대,LF 쏘나타,LPI 프리미엄,,201505.0,2015,780.0,158233.0,LPG(일반인 구입),오토,ORIGINAL,일반,2025-03-19 14:29:24.000 +09,부산,서린모터스,27우6384,1,2,1,67.47,349.86,0,0,
39008807,현대,쏘나타 디 엣지(DN8),1.6 터보,인스퍼레이션,202404.0,2024,3160.0,11782.0,가솔린,오토,ORIGINAL,일반,2025-03-19 14:29:05.000 +09,광주,고진모터스,284어7112,0,0,3,0.0,0.0,0,0,
38508342,현대,LF 쏘나타,2.0 스마트,(세부등급 없음),201508.0,2016,1460.0,14517.0,가솔린,오토,ORIGINAL,일반,2025-03-19 14:29:05.000 +09,광주,고진모터스,55더7872,0,1,2,0.0,30.7706,0,0,
39222770,현대,쏘나타 (DN8),2.0,프리미엄,202003.0,2020,1750.0,65504.0,가솔린,오토,ORIGINAL,일반,2025-03-19 14:27:03.000 +09,부산,K2모터스,239어7171,4,4,1,414.6569,290.929,0,0,
38985308,현대,쏘나타 (DN8),2.0 LPG(렌터카용),스타일,202112.0,2022,990.0,174445.0,LPG(일반인 구입),오토,ORIGINAL,일반,2025-03-19 14:24:53.000 +09,경기,유일상사,224누8285,0,1,1,0.0,783.0083,1,0,
39172604,현대,LF 쏘나타,LPI 프리미엄,,201606.0,2017,1050.0,118473.0,LPG(일반인 구입),오토,ORIGINAL,일반,2025-03-19 14:24:50.000 +09,전북,우진모터스,245러1174,3,0,4,142.2803,0.0,1,0,
38553692,현대,쏘나타 뉴 라이즈,LPI 스타일,,201711.0,2018,780.0,192751.0,LPG(일반인 구입),오토,ORIGINAL,일반,2025-03-19 14:19:23.000 +09,경남,(주)도전,131나3752,2,0,3,177.486,0.0,1,0,
39004052,현대,쏘나타 뉴 라이즈,2.0 모던,,201801.0,2018,880.0,179783.0,가솔린,오토,ORIGINAL,일반,2025-03-19 14:19:23.000 +09,경남,(주)도전,226저2881,2,1,3,478.502,64.9234,2,0,
38383775,현대,LF 쏘나타,2.0 스마트,(세부등급 없음),201611.0,2017,930.0,129792.0,가솔린,오토,ORIGINAL,일반,2025-03-19 14:19:23.000 +09,경남,(주)도전,08무0298,2,1,2,113.377,39.016,0,0,
39125922,현대,쏘나타 (DN8),2.0,모던,202202.0,2022,1760.0,76133.0,가솔린,오토,ORIGINAL,일반,2025-03-19 14:19:23.000 +09,경남,(주)도전,221우5362,1,5,2,92.3881,460.3539,1,0,
39217037,현대,쏘나타 (DN8),2.0,모던,202202.0,2022,1750.0,73421.0,가솔린,오토,ORIGINAL,일반,2025-03-19 14:19:22.000 +09,경남,(주)도전,154나3621,0,1,2,0.0,58.2994,1,0,
38471494,현대,쏘나타 뉴 라이즈,LPI 스타일,,201711.0,2018,780.0,193012.0,LPG(일반인 구입),오토,ORIGINAL,일반,2025-03-19 14:19:22.000 +09,경남,(주)도전,131나3714,1,0,2,35.2569,0.0,1,0,
38984956,현대,쏘나타 뉴 라이즈,LPI 모던,,201801.0,2018,1190.0,85721.0,LPG(일반인 구입),오토,ORIGINAL,일반,2025-03-19 14:19:14.000 +09,광주,하나자동차매매상사,28러4685,0,2,1,0.0,89.8637,0,0,
39239936,현대,쏘나타 (DN8),2.0 LPG(렌터카용),스타일,202007.0,2021,1150.0,129245.0,LPG(일반인 구입),오토,ORIGINAL,일반,2025-03-19 14:18:16.000 +09,경기,에스에이치모터스,172우3859,0,0,2,0.0,0.0,1,0,
39208951,현대,쏘나타 하이브리드,2.0,모던,201311.0,2014,570.0,188486.0,가솔린+전기,오토,ORIGINAL,일반,2025-03-19 14:17:26.000 +09,전남,제이케이 모터스,64무5566,1,0,1,34.816,0.0,0,0,
39240918,현대,LF 쏘나타,2.0 스마트,(세부등급 없음),201512.0,2016,1050.0,100690.0,가솔린,오토,ORIGINAL,일반,2025-03-19 14:17:26.000 +09,전남,제이케이 모터스,11부7939,3,2,5,244.9362,434.6348,0,0,
38869473,현대,쏘나타 하이브리드 (DN8),프리미엄 플러스,,202108.0,2022,2380.0,47407.0,가솔린+전기,오토,ORIGINAL,일반,2025-03-19 14:14:14.000 +09,부산,우정모터스,370루5098,0,0,1,0.0,0.0,1,0,
38710095,현대,쏘나타 (DN8),2.0,프리미엄,201908.0,2020,1749.0,35214.0,가솔린,오토,ORIGINAL,일반,2025-03-19 14:11:05.000 +09,서울,드림카,56오0834,1,0,1,112.787,0.0,0,0,
39242125,현대,쏘나타 (DN8),2.0,프리미엄,201908.0,2020,1690.0,27082.0,가솔린,오토,ORIGINAL,일반,2025-03-19 14:09:42.000 +09,경기,무결점카모터스,226수8829,4,1,3,595.8826,51.407,1,0,
39228952,현대,쏘나타 (DN8),2.0,프리미엄,201905.0,2020,1290.0,165125.0,가솔린,오토,ORIGINAL,일반,2025-03-19 14:09:25.000 +09,대구, 토이모터스,196라7885,2,0,2,143.8789,0.0,1,0,
38646990,현대,쏘나타 하이브리드,2.0,프리미어,201209.0,2012,530.0,187619.0,가솔린+전기,오토,ORIGINAL,일반,2025-03-19 14:08:30.000 +09,대구,제일모터스,59너4650,3,3,4,251.4696,138.0913,0,0,
38324950,현대,쏘나타 하이브리드 (DN8),프리미엄 플러스,,202202.0,2022,2180.0,83198.0,가솔린+전기,오토,ORIGINAL,일반,2025-03-19 14:08:30.000 +09,대구,제일모터스,399머3151,1,0,0,227.03,0.0,0,0,
39156783,현대,쏘나타 (DN8),2.0,프리미엄 밀레니얼,202001.0,2020,1750.0,48000.0,가솔린,오토,ORIGINAL,일반,2025-03-19 14:07:39.000 +09,경북,예스모터스,359서7420,1,0,1,48.7,0.0,1,0,
38980871,현대,쏘나타 (DN8),2.0,프리미엄 플러스,202110.0,2022,1870.0,38630.0,가솔린,오토,ORIGINAL,일반,2025-03-19 14:07:22.000 +09,경기,카스토어,158부7698,1,0,2,140.9653,0.0,0,0,
38713924,현대,쏘나타 뉴 라이즈,LPI 택시형,스타일,201907.0,2020,9900.0,197940.0,LPG(일반인 구입),오토,ORIGINAL,일반,2025-03-19 14:05:33.000 +09,경기,대한상사,373오9450,0,3,1,0.0,190.8461,1,0,
38208352,현대,쏘나타 하이브리드 (DN8),프리미엄,패밀리,201909.0,2020,1750.0,94692.0,가솔린+전기,오토,ORIGINAL,일반,2025-03-19 14:05:05.000 +09,경기,비전모터스,101우4506,2,2,0,169.541,126.682,0,0,
38813676,현대,쏘나타 하이브리드,2.0,모던,201303.0,2014,420.0,184702.0,가솔린+전기,오토,ORIGINAL,일반,2025-03-19 14:04:25.000 +09,부산,(주)하이엔드모터스,37거1715,2,1,1,203.4867,134.7,0,0,
35651322,현대,쏘나타 (DN8),2.0,인스퍼레이션,201910.0,2020,1890.0,84047.0,가솔린,오토,ORIGINAL,일반,2025-03-19 14:04:08.000 +09,울산,광휘모터스,264너2719,0,1,1,0.0,109.1335,1,0,
39092294,현대,NF 쏘나타 트랜스폼,LPG N20 럭셔리,,200801.0,2008,170.0,178895.0,LPG(일반인 구입),오토,ORIGINAL,일반,2025-03-19 14:02:55.000 +09,울산,(주)카프리모터스,33루5496,2,2,5,86.9325,63.66,0,0,
39208277,현대,쏘나타 하이브리드 (DN8),스마트,,202102.0,2021,1899.0,79176.0,가솔린+LPG,오토,ORIGINAL,일반,2025-03-19 13:56:48.000 +09,대구,올림픽모터스,205모4808,0,0,1,0.0,0.0,1,0,
39222023,현대,쏘나타 (DN8),2.0 LPG(렌터카용),스마트,202010.0,2021,1599.0,111080.0,LPG(일반인 구입),오토,ORIGINAL,일반,2025-03-19 13:56:48.000 +09,대구,올림픽모터스,272루5040,0,0,2,0.0,0.0,1,0,
39123302,현대,쏘나타 (DN8),2.0,프리미엄 패밀리,202101.0,2021,2249.0,22182.0,가솔린,오토,ORIGINAL,일반,2025-03-19 13:56:45.000 +09,부산,(주)서울모터스,287무6252,2,3,1,232.0606,360.466,0,0,
39128247,현대,LF 쏘나타,2.0 스마트,스페셜,201601.0,2016,990.0,77760.0,가솔린,오토,ORIGINAL,일반,2025-03-19 13:56:17.000 +09,인천,민모터스,34도0853,5,2,2,525.3426,172.0905,0,0,
39020315,현대,쏘나타 더 브릴리언트,CVVL 스타일,,201301.0,2013,390.0,118637.0,가솔린,오토,ORIGINAL,일반,2025-03-19 13:55:52.000 +09,경기,제이원모터스,67라4753,7,2,2,326.098,119.254,0,0,
37571102,현대,쏘나타 (DN8),2.0,프리미엄,202101.0,2021,1719.0,82738.0,가솔린,오토,ORIGINAL,일반,2025-03-19 13:54:51.000 +09,대구,뉴고령모터스,104부6055,1,0,1,327.084,0.0,1,0,
38505281,현대,쏘나타 (DN8),2.0 LPG(렌터카용),스마트,202003.0,2020,1499.0,53740.0,LPG(일반인 구입),오토,ORIGINAL,일반,2025-03-19 13:54:51.000 +09,대구,뉴고령모터스,383나3697,3,2,4,774.4093,175.391,0,0,
38239367,현대,LF 쏘나타,2.0 스마트,(세부등급 없음),201406.0,2015,699.0,185444.0,가솔린,오토,ORIGINAL,일반,2025-03-19 13:54:51.000 +09,대구,뉴고령모터스,42보2401,2,0,3,258.5046,0.0,1,0,
38967335,현대,쏘나타 (DN8),2.0,프리미엄,201908.0,2020,1630.0,90207.0,가솔린,오토,ORIGINAL,일반,2025-03-19 13:54:40.000 +09,경기,(주)차파는사람들,34노5241,2,0,2,188.4919,0.0,0,0,
39170604,현대,쏘나타 뉴 라이즈,2.0 스마트,,201802.0,2018,1170.0,89968.0,가솔린,오토,ORIGINAL,일반,2025-03-19 13:54:28.000 +09,경기,홈카,51무4390,2,3,2,188.935,134.989,0,0,
38813734,현대,YF 쏘나타,Y20 프리미어,고급형,201001.0,2010,450.0,108000.0,가솔린,오토,ORIGINAL,일반,2025-03-19 13:53:59.000 +09,충남,헤이모터스,31조7201,1,1,1,188.335,92.49,0,0,
39164831,현대,쏘나타 (DN8),2.0,인스퍼레이션,201905.0,2020,2070.0,49680.0,가솔린,오토,ORIGINAL,일반,2025-03-19 13:53:48.000 +09,전북,제일,54저3604,2,0,2,398.4749,0.0,0,0,
38461560,현대,쏘나타 (DN8),2.0,프리미엄,202005.0,2021,1850.0,24953.0,가솔린,오토,ORIGINAL,일반,2025-03-19 13:53:31.000 +09,광주,누리카파크,238어5679,0,0,1,0.0,0.0,1,0,
39241300,현대,LF 쏘나타,1.7 디젤 스마트,(세부등급 없음),201601.0,2016,870.0,134050.0,디젤,오토,ORIGINAL,일반,2025-03-19 13:52:41.000 +09,부산,세왕모터스,01고0526,5,0,0,208.6931,0.0,0,0,
39169769,현대,쏘나타 뉴 라이즈,LPI 스타일,,201801.0,2018,1199.0,85095.0,LPG(일반인 구입),오토,ORIGINAL,일반,2025-03-19 13:50:47.000 +09,충남,행운자동차매매상사,233다7485,1,0,4,28.5838,0.0,2,0,
38968072,현대,쏘나타 뉴 라이즈 하이브리드,모던,,201804.0,2019,1339.0,150049.0,가솔린+전기,오토,ORIGINAL,일반,2025-03-19 13:50:47.000 +09,충남,행운자동차매매상사,221오1358,2,0,7,83.7247,0.0,1,0,
38573160,현대,NF 쏘나타 트랜스폼,N20 트랜스폼,기본형,200909.0,2010,380.0,99546.0,가솔린,오토,ORIGINAL,일반,2025-03-19 13:50:02.000 +09,전북,대한오토,43두6338,2,0,2,215.9707,0.0,0,0,
38690997,현대,쏘나타 하이브리드,2.0,로열,201205.0,2012,490.0,168766.0,가솔린+전기,오토,ORIGINAL,일반,2025-03-19 13:50:02.000 +09,전북,대한오토,58러9717,6,0,2,551.5073,0.0,0,0,
39261085,현대,쏘나타 뉴 라이즈,2.0 스타일,,201812.0,2019,1470.0,54200.0,가솔린,오토,ORIGINAL,일반,2025-03-19 13:49:41.000 +09,대전,아성모터스,06보2730,0,0,2,0.0,0.0,0,0,
39068526,현대,쏘나타 (DN8),2.0 LPG(렌터카용),스타일,201905.0,2020,1360.0,73900.0,LPG(일반인 구입),오토,ORIGINAL,일반,2025-03-19 13:48:33.000 +09,부산,시원모터스,21조6698,1,1,2,48.3587,0.0,0,0,
39267323,현대,YF 쏘나타,LPI 프리미어(장애인용),,201008.0,2011,330.0,197590.0,LPG(일반인 구입),오토,ORIGINAL,일반,2025-03-19 13:47:00.000 +09,전북,곤 모터스,17조4354,3,1,2,299.7028,242.69,0,0,
39228193,현대,YF 쏘나타,Y20 프리미어,(세부등급 없음),201001.0,2010,399.0,147018.0,가솔린,오토,ORIGINAL,일반,2025-03-19 13:46:19.000 +09,경기,수원모터스,14소6296,1,0,1,60.2523,0.0,0,0,
38684553,현대,쏘나타 (DN8),2.0 LPG(렌터카용),스타일,202205.0,2022,1550.0,61140.0,LPG(일반인 구입),오토,ORIGINAL,일반,2025-03-19 13:44:49.000 +09,대전,오토피아상사(주),166로6914,0,1,1,0.0,105.5,1,0,
39197879,현대,쏘나타 (DN8),2.0,모던,202207.0,2022,1750.0,93814.0,가솔린,오토,ORIGINAL,리스,2025-03-19 13:44:20.000 +09,경기,퍼스트다이렉트,180허2283,1,2,0,76.3542,427.0759,0,0,
39161261,현대,쏘나타 (DN8),2.0 LPG(렌터카용),프리미엄,202209.0,2023,2040.0,45661.0,LPG(일반인 구입),오토,ORIGINAL,리스,2025-03-19 13:44:20.000 +09,경기,퍼스트다이렉트,124호7605,1,0,0,70.879,0.0,0,0,
38620606,현대,LF 쏘나타 하이브리드,2.0 HEV,모던,201510.0,2016,1310.0,88000.0,가솔린+전기,오토,ORIGINAL,일반,2025-03-19 13:43:53.000 +09,경남,창원중고자동차매매상,28다0994,1,1,5,174.1159,103.4807,0,0,
39103301,현대,LF 쏘나타,2.0 프리미엄,(세부등급 없음),201409.0,2015,1100.0,101386.0,가솔린,오토,ORIGINAL,일반,2025-03-19 13:41:33.000 +09,부산,이수모터스,132조5200,4,2,2,598.6696,317.9368,1,0,
38926139,현대,LF 쏘나타 하이브리드,2.0 HEV,프리미엄,201512.0,2016,889.0,157696.0,가솔린+전기,오토,ORIGINAL,일반,2025-03-19 13:39:56.000 +09,경기,장군모터스,25우0874,0,0,6,0.0,0.0,0,0,
38568402,현대,쏘나타 (DN8),2.0 LPG(렌터카용),스마트,202101.0,2021,1630.0,85916.0,LPG(일반인 구입),오토,ORIGINAL,일반,2025-03-19 13:36:20.000 +09,광주,주)삼흥모터스,243머4972,0,0,1,0.0,0.0,1,0,
38367690,현대,쏘나타 더 브릴리언트,CVVL 모던,,201309.0,2013,690.0,97218.0,가솔린,오토,ORIGINAL,일반,2025-03-19 13:36:14.000 +09,전북,유한회사 대유모터스,20머9092,2,0,1,180.2061,0.0,0,0,0.0
39265560,현대,쏘나타 (DN8),2.0,프리미엄 패밀리,202004.0,2020,1860.0,59677.0,가솔린,오토,ORIGINAL,일반,2025-03-19 13:35:49.000 +09,전북,에코모터스,321로5913,1,0,0,70.3439,0.0,0,0,
39112360,현대,쏘나타 더 브릴리언트,CVVL 블루세이버,,201303.0,2013,430.0,142000.0,가솔린,오토,ORIGINAL,일반,2025-03-19 13:34:43.000 +09,전북,남성 모터스,32로1408,2,0,2,745.34,0.0,0,0,
38274015,현대,NF 쏘나타 트랜스폼,LPG N20 럭셔리,,200903.0,2009,190.0,235464.0,LPG(일반인 구입),오토,ORIGINAL,일반,2025-03-19 13:34:31.000 +09,대구,M3모터스,19두4361,5,2,2,716.667,366.385,1,0,
39267260,현대,쏘나타 하이브리드,2.0,프리미엄,201106.0,2012,360.0,221647.0,가솔린+전기,오토,ORIGINAL,일반,2025-03-19 13:32:24.000 +09,대구,세븐자동차상사,27마9039,1,1,4,41.8353,116.6826,0,0,
39183449,현대,쏘나타 뉴 라이즈,LPI 택시형,프리미엄,201706.0,2018,1080.0,136877.0,LPG(일반인 구입),오토,ORIGINAL,일반,2025-03-19 13:32:22.000 +09,경기,유일상사,224부1979,0,0,2,0.0,0.0,1,0,
39214561,현대,쏘나타 더 브릴리언트,CVVL 스마트,,201306.0,2014,430.0,123851.0,가솔린,오토,ORIGINAL,일반,2025-03-19 13:30:54.000 +09,인천,카맨모터스,37도7779,2,1,2,262.2883,30.9388,0,0,
39238609,현대,쏘나타 더 브릴리언트,CVVL 프리미엄,,201404.0,2014,670.0,110062.0,가솔린,오토,ORIGINAL,일반,2025-03-19 13:30:47.000 +09,울산,에스오토,55고2056,1,0,0,127.59,0.0,0,0,
39124925,현대,YF 쏘나타,Y20 프리미어,최고급형,200912.0,2010,440.0,71341.0,가솔린,오토,ORIGINAL,일반,2025-03-19 13:30:08.000 +09,경기,무결점 카모터스,16우3361,1,1,1,275.3038,498.4258,0,0,
38906792,현대,쏘나타 하이브리드 (DN8),인스퍼레이션,,202012.0,2021,1890.0,132791.0,가솔린+전기,오토,ORIGINAL,일반,2025-03-19 13:30:01.000 +09,경기,제이디모터스,101부8423,1,0,4,84.3441,0.0,0,0,
39194103,현대,NF 쏘나타 트랜스폼,N20 프리미어 블랙,고급형,200810.0,2009,280.0,226000.0,가솔린,오토,ORIGINAL,일반,2025-03-19 13:29:22.000 +09,경기,레인보우,59누5956,3,2,1,253.1928,71.6198,0,0,
38605790,현대,쏘나타 (DN8),2.0 LPG(렌터카용),스타일,202009.0,2021,1525.0,78097.0,LPG(일반인 구입),오토,ORIGINAL,일반,2025-03-19 13:28:09.000 +09,광주,(주)전라도모터스,114너7877,0,0,1,0.0,0.0,1,0,
39036374,현대,쏘나타 하이브리드 (DN8),프리미엄,(세부등급 없음),202009.0,2021,2090.0,60332.0,가솔린+전기,오토,ORIGINAL,일반,2025-03-19 13:26:49.000 +09,광주,(주)포인트모터스,242두3079,1,0,1,61.935,0.0,1,0,
38699812,현대,쏘나타 (DN8),2.0 LPG,프리미엄 플러스,202210.0,2023,2340.0,25792.0,LPG(일반인 구입),오토,ORIGINAL,일반,2025-03-19 13:21:50.000 +09,부산,아하에이젼트,175루1032,0,0,0,0.0,0.0,0,0,
39128545,현대,쏘나타 더 브릴리언트,CVVL 스마트,,201311.0,2014,499.0,175147.0,가솔린,오토,ORIGINAL,일반,2025-03-19 13:21:42.000 +09,전북,(주)카인사이드,60너5863,4,1,1,274.3542,86.5689,0,0,
36980540,현대,YF 쏘나타,LPI 디럭스,,201111.0,2012,240.0,351082.0,LPG(일반인 구입),오토,ORIGINAL,일반,2025-03-19 13:19:57.000 +09,경기,에이원오토,349두7862,1,0,3,99.4718,0.0,1,0,
39195700,현대,NF 쏘나타 트랜스폼,LPG N20 디럭스,,200809.0,2009,290.0,191571.0,LPG(일반인 구입),오토,ORIGINAL,일반,2025-03-19 13:16:30.000 +09,인천,현대상사,26라6591,5,0,2,276.4149,0.0,0,0,
39191406,현대,YF 쏘나타,Y20 럭셔리,,201110.0,2012,11111.0,99899.0,가솔린,오토,ORIGINAL,일반,2025-03-19 13:16:30.000 +09,인천,현대상사,46어1533,1,0,3,78.99,0.0,0,0,
37851852,현대,쏘나타 뉴 라이즈,2.0 스마트,,201711.0,2018,1310.0,26000.0,가솔린,오토,ORIGINAL,일반,2025-03-19 13:16:30.000 +09,인천,현대상사,07머5332,0,0,1,0.0,0.0,0,0,
38829165,현대,쏘나타 뉴 라이즈 하이브리드,프리미엄,(세부등급 없음),201707.0,2018,1499.0,125744.0,가솔린+전기,오토,ORIGINAL,일반,2025-03-19 13:16:20.000 +09,부산,(주)승학모터스,48거1792,0,4,2,0.0,274.8626,0,0,
39163147,현대,쏘나타 (DN8),2.0,프리미엄,202004.0,2020,1569.0,105236.0,가솔린,오토,ORIGINAL,일반,2025-03-19 13:15:48.000 +09,경기,퍼스트다이렉트중고차,150하5846,0,0,0,0.0,0.0,0,0,
38190771,현대,LF 쏘나타,2.0 스마트,(세부등급 없음),201405.0,2015,740.0,148065.0,가솔린,오토,ORIGINAL,일반,2025-03-19 13:15:16.000 +09,대전,한빛자동차,05보9757,3,1,7,441.7029,269.506,1,0,
39237123,현대,쏘나타 (DN8),2.0 LPG(렌터카용),스타일,202001.0,2020,1330.0,108625.0,LPG(일반인 구입),오토,ORIGINAL,일반,2025-03-19 13:15:12.000 +09,대구,조은모터스,355부9184,0,2,2,0.0,67.5839,1,0,
38149922,현대,LF 쏘나타,LPI 스마트,,201511.0,2016,970.0,71638.0,LPG(일반인 구입),오토,ORIGINAL,일반,2025-03-19 13:14:47.000 +09,충북,국제자동차매매상사,280조1853,1,0,2,52.0661,0.0,1,0,
39150169,현대,LF 쏘나타,LPI 프리미엄 스페셜,,201702.0,2017,850.0,182671.0,LPG(일반인 구입),오토,ORIGINAL,일반,2025-03-19 13:14:47.000 +09,충북,국제자동차매매상사,158거7439,2,1,5,121.269,25.3449,1,0,
39147154,현대,YF 쏘나타,LPI 프리미어(장애인용),,201111.0,2012,430.0,180457.0,LPG(일반인 구입),오토,ORIGINAL,일반,2025-03-19 13:14:33.000 +09,경기,통일자동차매매상사,244누8272,1,1,4,73.665,60.1249,1,0,
38590201,현대,LF 쏘나타,LPI 프리미엄,,201601.0,2016,950.0,122356.0,LPG(일반인 구입),오토,ORIGINAL,일반,2025-03-19 13:13:58.000 +09,대전,엔케이모터스주식회사,60구2912,1,0,4,32.991,0.0,3,0,
39255830,현대,쏘나타 뉴 라이즈,LPI 스타일,,201801.0,2018,1050.0,120632.0,LPG(일반인 구입),오토,ORIGINAL,일반,2025-03-19 13:09:52.000 +09,경남,(주)도전,256어6235,2,0,4,131.5549,0.0,1,0,
38993406,현대,쏘나타 하이브리드 (DN8),인스퍼레이션,,202107.0,2022,2190.0,98946.0,가솔린+전기,오토,ORIGINAL,일반,2025-03-19 13:08:53.000 +09,대구,윤모터스,156두4857,0,0,1,0.0,0.0,1,0,
39149138,현대,YF 쏘나타,Y20 프라임,(세부등급 없음),201110.0,2012,360.0,182000.0,가솔린,오토,ORIGINAL,일반,2025-03-19 13:08:46.000 +09,전북,조은모터스,28보6594,0,0,4,0.0,0.0,0,0,
38864152,현대,LF 쏘나타,LPI 스마트(장애인용),,201501.0,2015,950.0,80293.0,LPG(일반인 구입),오토,ORIGINAL,일반,2025-03-19 13:08:42.000 +09,경기,카메이트,47다6938,2,5,1,187.9428,504.1874,0,0,
37668998,현대,YF 쏘나타,LPI 프리미어(장애인용),,201003.0,2010,230.0,236616.0,LPG(일반인 구입),오토,ORIGINAL,일반,2025-03-19 13:08:16.000 +09,대전,태경모터스,47노2331,4,2,3,185.13,207.042,0,0,
38992649,현대,뉴 EF 쏘나타,2.0 GV,고급형,200308.0,2003,290.0,160819.0,가솔린,오토,ORIGINAL,일반,2025-03-19 13:08:16.000 +09,대전,태경모터스,68두4949,5,4,4,639.0664,394.5664,1,0,
39044757,현대,쏘나타 디 엣지 하이브리드(DN8),인스퍼레이션,,202310.0,2024,3300.0,11343.0,가솔린+전기,오토,ORIGINAL,일반,2025-03-19 13:07:40.000 +09,전북,소나무자동차,142라7758,1,0,0,193.604,0.0,0,0,
38248460,현대,LF 쏘나타,2.0 스타일,(세부등급 없음),201404.0,2015,790.0,86700.0,가솔린,오토,ORIGINAL,일반,2025-03-19 13:07:39.000 +09,전북,소나무자동차,29가4036,1,0,3,61.687,0.0,1,0,
38987781,현대,LF 쏘나타,LPI 모던,,201406.0,2015,599.0,180000.0,LPG(일반인 구입),오토,ORIGINAL,일반,2025-03-19 13:06:13.000 +09,인천,주식회사 진모터스,63루1546,0,3,4,0.0,429.9715,1,0,
39101545,현대,YF 쏘나타,Y20 프리미어,고급형,200910.0,2010,360.0,122730.0,가솔린,오토,ORIGINAL,일반,2025-03-19 13:00:20.000 +09,부산,K2모터스,30나3412,5,0,1,353.962,0.0,0,0,
37983841,현대,YF 쏘나타,F24 GDI,최고급형,201003.0,2010,490.0,108705.0,가솔린,오토,ORIGINAL,일반,2025-03-19 13:00:20.000 +09,부산,K2모터스,13로4486,2,2,1,112.962,162.582,0,0,
38222788,현대,YF 쏘나타,Y20 프라임,블랙,201104.0,2011,490.0,136858.0,가솔린,오토,ORIGINAL,일반,2025-03-19 12:54:51.000 +09,대전,뉴마도모터스,55구7339,0,1,0,0.0,67.502,0,0,
39170878,현대,쏘나타 (DN8),2.0 LPG(렌터카용),스마트,202101.0,2021,1740.0,75670.0,LPG(일반인 구입),오토,ORIGINAL,일반,2025-03-19 12:54:51.000 +09,대전,뉴마도모터스,243머4921,1,0,2,24.8,0.0,1,0,
38936185,현대,LF 쏘나타,2.0 프리미엄,스페셜,201511.0,2016,1050.0,134928.0,가솔린,오토,ORIGINAL,일반,2025-03-19 12:54:10.000 +09,울산,스타자동차매매상사,49너0932,1,1,3,117.5395,98.235,0,0,
38462330,현대,쏘나타 하이브리드 (DN8),인스퍼레이션,,202106.0,2022,2350.0,78466.0,가솔린+전기,오토,ORIGINAL,일반,2025-03-19 12:54:00.000 +09,경기,두드림자동차,219무4734,0,0,1,0.0,0.0,1,0,
38985520,현대,YF 쏘나타,LPI 디럭스,,201010.0,2011,300.0,124663.0,LPG(일반인 구입),오토,ORIGINAL,일반,2025-03-19 12:50:53.000 +09,울산,국민자동차매매상사,63라4025,4,3,4,665.3222,93.7049,1,0,
37005424,현대,NF 쏘나타,LPG N20 디럭스,기본형,200708.0,2008,200.0,150648.0,LPG(일반인 구입),오토,ORIGINAL,일반,2025-03-19 12:50:52.000 +09,울산,국민자동차매매상사,14루3305,9,2,1,616.0639,122.5716,0,0,
39077358,현대,LF 쏘나타,LPI 프리미엄,,201411.0,2015,520.0,233000.0,LPG(일반인 구입),오토,ORIGINAL,일반,2025-03-19 12:49:59.000 +09,부산,탑-모터스상사  대표,51조8664,2,1,2,293.3833,134.3,0,0,
39198399,현대,쏘나타 뉴 라이즈,2.0 스마트 스페셜,,201804.0,2019,1190.0,134158.0,가솔린,오토,ORIGINAL,일반,2025-03-19 12:47:24.000 +09,경기,(주)하나오토,122모9494,1,1,3,107.682,61.2399,1,0,
39209389,현대,쏘나타 뉴 라이즈,1.7 디젤 프리미엄,,201710.0,2018,1280.0,128501.0,디젤,오토,ORIGINAL,일반,2025-03-19 12:47:24.000 +09,경기,(주)하나오토,04러7045,1,1,3,183.52,58.1017,0,0,
37886912,현대,쏘나타 하이브리드 (DN8),프리미엄,(세부등급 없음),202105.0,2021,1670.0,137246.0,가솔린+전기,오토,ORIGINAL,일반,2025-03-19 12:46:04.000 +09,전남,으라차차모터스,321너8494,0,0,2,0.0,0.0,1,0,
39150302,현대,LF 쏘나타,2.0 케어플러스,,201606.0,2017,1250.0,56350.0,가솔린,오토,ORIGINAL,일반,2025-03-19 12:46:04.000 +09,전남,으라차차모터스,37어0821,3,0,1,198.035,0.0,0,0,
39224716,현대,쏘나타 (DN8),2.0,프리미엄 패밀리,202006.0,2021,1590.0,101000.0,가솔린,오토,ORIGINAL,일반,2025-03-19 12:44:57.000 +09,인천,플러스오토,108서5916,1,0,0,162.1599,0.0,0,0,
38696935,현대,LF 쏘나타,2.0 스타일,(세부등급 없음),201410.0,2015,699.0,137938.0,가솔린,오토,ORIGINAL,일반,2025-03-19 12:44:54.000 +09,대구,누리자동차상사,16주3559,3,3,5,201.4669,206.7754,0,0,
38690351,현대,쏘나타 (DN8),2.0,인스퍼레이션,202102.0,2021,2290.0,53007.0,가솔린,오토,ORIGINAL,일반,2025-03-19 12:43:21.000 +09,경남,오카,188서9190,3,2,3,317.8273,201.9145,1,0,
38841860,현대,LF 쏘나타,2.0 스마트,스페셜,201606.0,2016,1090.0,120246.0,가솔린,오토,ORIGINAL,일반,2025-03-19 12:43:00.000 +09,울산,뉴MJ모터스,03구0116,5,2,5,310.2426,66.8096,0,0,
37291532,현대,LF 쏘나타,2.0 스마트,(세부등급 없음),201406.0,2015,960.0,81387.0,가솔린,오토,ORIGINAL,일반,2025-03-19 12:40:16.000 +09,경기,대한모터스,23로2074,2,2,4,81.9458,321.9658,0,0,
39142132,현대,NF 쏘나타,N20 엘레강스 스페셜,슈퍼형,200604.0,2006,249.0,154314.0,가솔린,오토,ORIGINAL,일반,2025-03-19 12:40:11.000 +09,대구,신세계자동차상사,06러2213,2,2,2,162.498,162.207,0,0,
39237194,현대,쏘나타 (DN8),2.0,인스퍼레이션,201910.0,2020,1899.0,87614.0,가솔린,오토,ORIGINAL,일반,2025-03-19 12:39:51.000 +09,경기,(주)리더카,126우3751,0,0,2,0.0,0.0,1,0,
39266937,현대,쏘나타 (DN8),2.0,프리미엄,202104.0,2021,1950.0,35606.0,가솔린,오토,ORIGINAL,일반,2025-03-19 12:39:32.000 +09,경기,(주)왕카,238누7515,0,5,0,0.0,370.8635,1,0,
38949115,현대,쏘나타 뉴 라이즈,2.0 모던,,201801.0,2018,980.0,187761.0,가솔린,오토,ORIGINAL,일반,2025-03-19 12:36:50.000 +09,경기,솔카,340구6240,1,1,3,23.224,17.7335,2,0,
38942880,현대,쏘나타 (DN8),1.6 터보,프리미엄 패밀리,201910.0,2020,1945.0,62256.0,가솔린,오토,ORIGINAL,일반,2025-03-19 12:36:49.000 +09,경기,솔카,236서9142,1,0,1,89.5277,0.0,1,0,
39042729,현대,쏘나타 (DN8),2.0 LPG(렌터카용),스마트,201912.0,2020,1399.0,109290.0,LPG(일반인 구입),오토,ORIGINAL,일반,2025-03-19 12:36:25.000 +09,대구,대진자동차상사,273마9174,0,0,3,0.0,0.0,1,0,
39112818,현대,LF 쏘나타,LPI 프리미엄,,201607.0,2016,860.0,45585.0,LPG(일반인 구입),오토,ORIGINAL,일반,2025-03-19 12:34:54.000 +09,대구,,46서0842,5,5,1,1592.4154,294.8408,0,0,
39045686,현대,쏘나타 더 브릴리언트,LPI 스마트,,201303.0,2013,480.0,120000.0,LPG(일반인 구입),오토,ORIGINAL,일반,2025-03-19 12:28:36.000 +09,경기,도이치오토월드해피온카,65로9921,3,1,4,144.489,48.5,0,0,
38933310,현대,LF 쏘나타,2.0 스타일,스페셜,201610.0,2017,1099.0,35706.0,가솔린,오토,ORIGINAL,일반,2025-03-19 12:27:24.000 +09,부산,봉카,40어0198,7,3,2,771.7349,227.1301,0,0,
38479040,현대,NF 쏘나타 트랜스폼,LPG N20 일반형,,200912.0,2010,260.0,146279.0,LPG(일반인 구입),오토,ORIGINAL,일반,2025-03-19 12:27:24.000 +09,부산,봉카,30더6339,2,0,1,129.0921,0.0,0,0,
38929137,현대,YF 쏘나타,LPI 럭셔리,,201012.0,2011,320.0,144000.0,LPG(일반인 구입),오토,ORIGINAL,일반,2025-03-19 12:26:45.000 +09,서울,주식회사태양모터스,37소1108,0,1,0,0.0,58.5148,0,0,
38454551,현대,쏘나타 (DN8),2.0,인스퍼레이션,201905.0,2020,1799.0,52565.0,가솔린,오토,ORIGINAL,일반,2025-03-19 12:24:05.000 +09,부산,DS대산,12수8139,1,0,1,160.022,0.0,0,0,
38838195,현대,쏘나타 (DN8),2.0,프리미엄,202002.0,2020,1750.0,53962.0,가솔린,오토,ORIGINAL,일반,2025-03-19 12:24:05.000 +09,부산,DS대산,231너7887,1,2,1,72.6576,116.8007,1,0,
38374925,현대,쏘나타 뉴 라이즈,LPI 스타일,,201809.0,2019,1350.0,66715.0,LPG(일반인 구입),오토,ORIGINAL,일반,2025-03-19 12:23:47.000 +09,경남,BB모터스,297러1156,0,0,1,0.0,0.0,1,0,
38810225,현대,쏘나타 뉴 라이즈,2.0 모던,,201712.0,2018,1430.0,77568.0,가솔린,오토,ORIGINAL,일반,2025-03-19 12:23:31.000 +09,경북,한전중고차동차매매상,60서3350,6,1,0,474.381,100.0,0,0,
39255355,현대,LF 쏘나타,1.7 디젤 스타일,,201612.0,2017,559.0,209294.0,디젤,오토,ORIGINAL,일반,2025-03-19 12:22:44.000 +09,경기,디에이치모터스,14다7332,3,2,4,605.4131,35.4395,0,0,
38339993,현대,LF 쏘나타,2.0 스타일,(세부등급 없음),201510.0,2016,785.0,100849.0,가솔린,오토,ORIGINAL,일반,2025-03-19 12:22:11.000 +09,부산,명진상사,37로1544,1,0,3,40.343,0.0,0,0,
37929129,현대,YF 쏘나타,Y20 럭셔리,,201006.0,2010,389.0,109000.0,가솔린,오토,ORIGINAL,일반,2025-03-19 12:22:04.000 +09,부산,광명상사,109다6549,3,4,4,149.0934,437.327,1,0,
39178310,현대,쏘나타 더 브릴리언트,LPI 택시형,프리미엄,201403.0,2014,229.0,370000.0,LPG(일반인 구입),오토,ORIGINAL,일반,2025-03-19 12:22:04.000 +09,부산,광명상사,113오3135,6,0,1,509.1794,0.0,2,0,
39140529,현대,LF 쏘나타,LPI 모던,,201603.0,2016,500.0,262000.0,LPG(일반인 구입),오토,ORIGINAL,일반,2025-03-19 12:22:00.000 +09,전남,삼성모터스,339너1171,4,1,1,697.838,29.726,1,0,
39136591,현대,쏘나타 더 브릴리언트,LPI 스타일,,201208.0,2013,280.0,205000.0,LPG(일반인 구입),오토,ORIGINAL,일반,2025-03-19 12:22:00.000 +09,전남,삼성모터스,34루0323,2,1,2,236.2198,64.3996,1,0,
39187919,현대,쏘나타 뉴 라이즈,2.0 스마트 스페셜,,201903.0,2019,1390.0,97293.0,가솔린,오토,ORIGINAL,일반,2025-03-19 12:19:40.000 +09,경기,비전모터스,40주8900,0,0,1,0.0,0.0,0,0,
39157090,현대,LF 쏘나타 하이브리드,2.0 HEV,프리미엄,201604.0,2016,950.0,158000.0,가솔린+전기,오토,ORIGINAL,일반,2025-03-19 12:13:11.000 +09,경기,코리아모터스,68모0410,2,0,1,528.351,0.0,0,0,
37269108,현대,LF 쏘나타,2.0 스마트,(세부등급 없음),201407.0,2015,850.0,181182.0,가솔린,오토,ORIGINAL,일반,2025-03-19 12:10:24.000 +09,충북,코리아모터스,62도2989,1,2,1,46.1544,112.4269,0,0,
38234624,현대,NF 쏘나타 트랜스폼,LPG N20 GTX,,201103.0,2011,199.0,285526.0,LPG(일반인 구입),오토,ORIGINAL,일반,2025-03-19 12:09:59.000 +09,전북,K2모터스,58노1007,1,0,4,94.43,0.0,1,0,
39122986,현대,쏘나타 뉴 라이즈,2.0 모던,,201704.0,2018,1380.0,101208.0,가솔린,오토,ORIGINAL,일반,2025-03-19 12:06:11.000 +09,대구,드림카,04도8142,1,0,1,189.87,0.0,0,0,
39160651,현대,쏘나타 (DN8),2.0 LPG(렌터카용),스타일,201908.0,2020,1250.0,123265.0,LPG(일반인 구입),오토,ORIGINAL,일반,2025-03-19 12:06:11.000 +09,대구,드림카,170주8322,0,2,3,0.0,327.6838,1,0,
39076606,현대,LF 쏘나타,LPI 모던,,201604.0,2016,499.0,253978.0,LPG(일반인 구입),오토,ORIGINAL,일반,2025-03-19 12:06:11.000 +09,대구,드림카,336노5933,3,2,4,184.4387,133.1647,1,0,
39136320,현대,쏘나타 (DN8),2.0,프리미엄 플러스,202201.0,2022,2230.0,49291.0,가솔린,오토,ORIGINAL,일반,2025-03-19 12:00:14.000 +09,전북,힐링,176구4788,1,1,1,79.435,250.7,0,0,
39264239,현대,쏘나타 더 브릴리언트,LPI 모던,,201310.0,2014,630.0,153054.0,LPG(일반인 구입),오토,ORIGINAL,일반,2025-03-19 11:58:05.000 +09,전북,유한회사로고,56루1491,2,1,3,77.3747,27.7748,0,0,
38915413,현대,쏘나타 뉴 라이즈,2.0 스마트,,201703.0,2018,9999.0,128561.0,가솔린,오토,ORIGINAL,일반,2025-03-19 11:57:39.000 +09,경기,아차차,278서4139,1,1,3,93.29,33.8936,1,0,
38356001,현대,LF 쏘나타,2.0 스마트,(세부등급 없음),201602.0,2016,890.0,144000.0,가솔린,오토,ORIGINAL,일반,2025-03-19 11:56:05.000 +09,전북,럭셔리모터스,66모0670,2,0,0,81.808,0.0,0,0,
39143869,현대,쏘나타 더 브릴리언트,LPI 프리미엄 스페셜,,201310.0,2014,440.0,218049.0,LPG(일반인 구입),오토,ORIGINAL,일반,2025-03-19 11:53:10.000 +09,경기,블루오토,19고4126,1,2,2,104.0934,86.0202,0,0,
38960467,현대,NF 쏘나타 트랜스폼,LPG N20 럭셔리,,200906.0,2010,280.0,130000.0,LPG(일반인 구입),오토,ORIGINAL,일반,2025-03-19 11:52:18.000 +09,부산,정모터스,37버8047,2,0,2,81.135,0.0,0,0,
38508579,현대,LF 쏘나타,2.0 프리미엄,(세부등급 없음),201605.0,2017,990.0,120947.0,가솔린,오토,ORIGINAL,일반,2025-03-19 11:51:23.000 +09,전북,유한회사 로고,279러6044,4,2,3,363.2634,58.3812,1,0,
39094395,현대,NF 쏘나타 트랜스폼,LPG N20 디럭스,,200803.0,2008,255.0,148225.0,LPG(일반인 구입),오토,ORIGINAL,일반,2025-03-19 11:46:42.000 +09,대구,그린모터스,30부9038,1,2,2,24.701,71.925,0,0,
39170974,현대,쏘나타 (DN8),2.0 LPG(렌터카용),스타일,202107.0,2022,1270.0,163560.0,LPG(일반인 구입),오토,ORIGINAL,일반,2025-03-19 11:46:15.000 +09,경기,차다운차,209노8547,0,0,2,0.0,0.0,1,0,
39144656,현대,NF 쏘나타 트랜스폼,LPG N20 디럭스,,200802.0,2008,230.0,175414.0,LPG(일반인 구입),오토,ORIGINAL,일반,2025-03-19 11:44:30.000 +09,경북,대박중고자동차,19오6837,2,0,4,169.192,0.0,1,0,
39162112,현대,LF 쏘나타 하이브리드,2.0 HEV,모던,201512.0,2016,760.0,213383.0,가솔린+전기,오토,ORIGINAL,일반,2025-03-19 11:43:23.000 +09,부산,대영모터스,28거8836,3,1,1,179.2887,55.8441,0,0,
38592638,현대,쏘나타 더 브릴리언트,CVVL 모던,,201302.0,2013,690.0,95650.0,가솔린,오토,ORIGINAL,일반,2025-03-19 11:43:01.000 +09,경기,민모터스 ,26저1841,1,3,3,54.9213,695.821,0,0,
38846641,현대,쏘나타 하이브리드,2.0,모던,201401.0,2014,580.0,131722.0,가솔린+전기,오토,ORIGINAL,일반,2025-03-19 11:41:49.000 +09,대구,동영자동차상사,23도2928,2,1,2,142.67,64.3236,0,0,
39216508,현대,쏘나타 하이브리드 (DN8),프리미엄 플러스,,202201.0,2022,2190.0,69158.0,가솔린+전기,오토,ORIGINAL,일반,2025-03-19 11:39:40.000 +09,전북,오토갤러리,185주1124,3,0,0,174.3083,0.0,0,0,
38691577,현대,쏘나타 (DN8),2.0,모던,202111.0,2022,1980.0,19760.0,가솔린,오토,ORIGINAL,일반,2025-03-19 11:39:40.000 +09,전북,오토갤러리,126노2730,1,1,2,108.1964,144.0,1,0,
39206333,현대,쏘나타 (DN8),2.0 LPG(렌터카용),스타일,202003.0,2020,1490.0,86785.0,LPG(일반인 구입),오토,ORIGINAL,일반,2025-03-19 11:39:40.000 +09,전북,오토갤러리,232로8378,0,0,1,0.0,0.0,1,0,
37804069,현대,쏘나타 뉴 라이즈,LPI 스타일,,201707.0,2018,890.0,148978.0,LPG(일반인 구입),오토,ORIGINAL,일반,2025-03-19 11:37:29.000 +09,강원,행운자동차매매상사,375고1425,1,0,3,58.3694,0.0,1,0,
37366105,현대,YF 쏘나타,Y20 프리미어,고급형,200910.0,2010,440.0,167351.0,가솔린,오토,ORIGINAL,일반,2025-03-19 11:35:31.000 +09,대전,(주)바이킹오토,62두7390,1,0,2,76.2257,0.0,0,0,
36669269,현대,쏘나타 더 브릴리언트,LPI 스마트,,201310.0,2014,390.0,221052.0,LPG(일반인 구입),오토,ORIGINAL,일반,2025-03-19 11:33:38.000 +09,대전,(주)이카,36나1376,0,1,4,0.0,146.1689,1,0,
38123348,현대,YF 쏘나타,Y20 프리미어,최고급형,201003.0,2010,360.0,160436.0,가솔린,오토,ORIGINAL,일반,2025-03-19 11:32:49.000 +09,대전,주식회사선비 ,38보6776,1,0,4,62.054,0.0,0,0,
39222948,현대,쏘나타 더 브릴리언트,LPI 스타일,,201303.0,2013,550.0,102394.0,LPG(일반인 구입),오토,ORIGINAL,일반,2025-03-19 11:32:26.000 +09,광주,고고모터스,43어9402,2,4,3,105.1506,387.548,1,0,
39160775,현대,NF 쏘나타 트랜스폼,LPG N20 일반형,,201101.0,2011,340.0,137649.0,LPG(일반인 구입),오토,ORIGINAL,일반,2025-03-19 11:32:14.000 +09,광주,고고모터스,33다2317,0,0,2,0.0,0.0,1,0,
37393800,현대,쏘나타 (DN8),2.0 LPG(렌터카용),스마트,202107.0,2022,1820.0,47066.0,LPG(일반인 구입),오토,ORIGINAL,일반,2025-03-19 11:31:21.000 +09,경기,(주)대기자동차,246주1169,0,1,2,0.0,45.7368,1,0,
39247571,현대,쏘나타 (DN8),2.0,프리미엄,202006.0,2020,1899.0,28331.0,가솔린,오토,ORIGINAL,일반,2025-03-19 11:28:11.000 +09,경기,(주)왕카,256가5723,1,0,1,74.19,0.0,0,0,
39083899,현대,쏘나타 (DN8),2.0,스마트,201905.0,2020,1470.0,46023.0,가솔린,오토,ORIGINAL,일반,2025-03-19 11:28:07.000 +09,경기,오토허브셀카,223머2466,0,0,1,0.0,0.0,1,0,
38766960,현대,쏘나타 하이브리드 (DN8),프리미엄 플러스,,202106.0,2022,1880.0,95272.0,가솔린+전기,오토,ORIGINAL,일반,2025-03-19 11:25:55.000 +09,전북,MK상사,369노1055,2,0,4,426.064,0.0,0,0,
37486483,현대,YF 쏘나타,LPI 프리미어,,200911.0,2010,389.0,132955.0,LPG(일반인 구입),오토,ORIGINAL,일반,2025-03-19 11:25:33.000 +09,충남,당근카,27라3299,4,1,1,1096.686,210.6725,0,0,
39240995,현대,쏘나타 (DN8),2.0,프리미엄 플러스,202201.0,2022,1320.0,205057.0,가솔린,오토,ORIGINAL,일반,2025-03-19 11:25:32.000 +09,충남,당근카,166마3497,2,1,1,382.5057,144.071,0,0,
39206383,현대,YF 쏘나타,Y20 프리미어,고급형,200910.0,2010,360.0,149802.0,가솔린,오토,ORIGINAL,일반,2025-03-19 11:23:31.000 +09,인천,뉴현대모터스,16두1014,5,2,2,331.4588,276.831,0,0,
38945038,현대,쏘나타 뉴 라이즈,2.0 스마트,,201710.0,2018,1170.0,90403.0,가솔린,오토,ORIGINAL,일반,2025-03-19 11:20:19.000 +09,대전,(주)뉴신대모터스,01루8574,1,1,0,87.836,53.238,0,0,
38616435,현대,쏘나타 (DN8),2.0 LPG(렌터카용),스마트,202005.0,2021,1300.0,119496.0,LPG(일반인 구입),오토,ORIGINAL,일반,2025-03-19 11:16:51.000 +09,전북,365모터스,175보4333,1,0,2,37.525,0.0,1,0,
38462814,현대,쏘나타 하이브리드 (DN8),인스퍼레이션,,201911.0,2020,2090.0,101484.0,가솔린+전기,오토,ORIGINAL,일반,2025-03-19 11:16:43.000 +09,부산,탑오토모터스,161주6043,4,1,1,456.2849,127.273,0,0,
39092091,현대,쏘나타 뉴 라이즈 하이브리드,모던,,201802.0,2018,1850.0,51058.0,가솔린+전기,오토,ORIGINAL,일반,2025-03-19 11:16:43.000 +09,부산,탑오토모터스,53버2296,0,0,1,0.0,0.0,0,0,
37345897,현대,LF 쏘나타,2.0 케어플러스,,201606.0,2017,1230.0,63366.0,가솔린,오토,ORIGINAL,일반,2025-03-19 11:16:41.000 +09,부산,탑오토모터스,55무0579,2,3,2,198.9419,181.665,0,0,
39248089,현대,쏘나타 (DN8),2.0,프리미엄 플러스,202208.0,2023,2250.0,31316.0,가솔린,오토,ORIGINAL,일반,2025-03-19 11:14:32.000 +09,경기,주식회사 리드옥션,177저7776,1,0,1,0.0,0.0,0,0,
38940786,현대,YF 쏘나타,Y20 프라임,고급형,200910.0,2010,420.0,85536.0,가솔린,오토,ORIGINAL,일반,2025-03-19 11:13:53.000 +09,경기,k1car,14너5185,6,2,2,454.4242,67.1378,0,0,
38692985,현대,쏘나타 (DN8),2.0 LPG(렌터카용),스마트,202009.0,2021,1850.0,87093.0,LPG(일반인 구입),오토,ORIGINAL,일반,2025-03-19 11:12:56.000 +09,충북,(주)에스에스모터스,132저2913,1,0,1,0.0,0.0,1,0,
39212931,현대,쏘나타 (DN8),2.0 LPG(렌터카용),스타일,202207.0,2022,1600.0,52486.0,LPG(일반인 구입),오토,ORIGINAL,일반,2025-03-19 11:11:59.000 +09,서울,한솔모터스,127무6423,0,0,1,0.0,0.0,1,0,
38843176,현대,쏘나타 (DN8),1.6 터보,인스퍼레이션,201910.0,2020,9999.0,52002.0,가솔린,오토,ORIGINAL,일반,2025-03-19 11:07:54.000 +09,경기,(주)오토허브셀카,182버1386,0,1,1,0.0,55.9199,1,0,
39072457,현대,쏘나타 (DN8),1.6 터보,인스퍼레이션,201910.0,2020,9999.0,51989.0,가솔린,오토,ORIGINAL,일반,2025-03-19 11:07:54.000 +09,경기,(주)오토허브셀카,182버1386,0,1,1,0.0,55.9199,1,0,
37464885,현대,쏘나타 (DN8),2.0 LPG(렌터카용),스마트,201904.0,2020,1630.0,89645.0,LPG(일반인 구입),오토,ORIGINAL,일반,2025-03-19 11:07:38.000 +09,경기,서수원모터스,10호1953,1,0,0,35.2094,0.0,0,0,
39028378,현대,YF 쏘나타,Y20 프라임,최고급형,200912.0,2010,460.0,85717.0,가솔린,오토,ORIGINAL,일반,2025-03-19 11:05:05.000 +09,대전,(주)뉴세종모터스,175고8990,4,1,4,226.9288,128.056,1,0,
39181574,현대,쏘나타 뉴 라이즈,LPI 스타일,,201707.0,2018,920.0,163000.0,LPG(일반인 구입),오토,ORIGINAL,일반,2025-03-19 11:04:03.000 +09,대전,(주)신명품자동차,193거1707,2,1,6,94.0219,70.901,1,0,
39159021,현대,쏘나타 뉴 라이즈,2.0 스타일,,201705.0,2018,1399.0,49602.0,가솔린,오토,ORIGINAL,일반,2025-03-19 11:03:46.000 +09,광주,센텀모터스,06마4380,0,0,3,0.0,0.0,0,0,
38732568,현대,LF 쏘나타,LPI 프리미엄,,201503.0,2015,890.0,149592.0,LPG(일반인 구입),오토,ORIGINAL,일반,2025-03-19 10:57:15.000 +09,전남,S카모터스,175소8382,1,0,3,154.7793,0.0,1,0,
39150369,현대,YF 쏘나타,LPI 디럭스,,201003.0,2010,290.0,170000.0,LPG(일반인 구입),오토,ORIGINAL,일반,2025-03-19 10:56:24.000 +09,대전,(주)대덕자동차,43주2459,3,2,3,226.9556,107.077,0,0,
39011015,현대,LF 쏘나타,2.0 스마트,(세부등급 없음),201407.0,2015,850.0,107849.0,가솔린,오토,ORIGINAL,일반,2025-03-19 10:55:09.000 +09,부산,붕붕모터스,55구6177,1,3,4,72.5081,107.245,0,0,
38646181,현대,쏘나타 하이브리드,2.0,프리미엄,201307.0,2014,650.0,161000.0,가솔린+전기,오토,ORIGINAL,일반,2025-03-19 10:49:44.000 +09,충남,조은자동차매매상사,15노8668,4,0,2,250.4268,0.0,0,0,
39224824,현대,YF 쏘나타,LPI 디럭스,,201106.0,2011,360.0,141000.0,LPG(일반인 구입),오토,ORIGINAL,일반,2025-03-19 10:48:59.000 +09,부산,정원모터스,15도8235,0,0,2,0.0,0.0,0,0,
38339958,현대,쏘나타 뉴 라이즈,LPI 스타일,,201711.0,2018,1090.0,116795.0,LPG(일반인 구입),오토,ORIGINAL,일반,2025-03-19 10:48:59.000 +09,부산,정원모터스,105주3356,2,0,1,114.9054,0.0,1,0,
39171517,현대,LF 쏘나타 하이브리드,2.0 HEV,모던,201502.0,2015,890.0,152931.0,가솔린+전기,오토,ORIGINAL,일반,2025-03-19 10:46:54.000 +09,울산,창성자동차매매상사,67오3465,2,2,1,40.0148,176.9764,0,0,
39207662,현대,쏘나타 뉴 라이즈,2.0 스마트,,201903.0,2019,1290.0,121474.0,가솔린,오토,ORIGINAL,일반,2025-03-19 10:46:54.000 +09,울산,창성자동차매매상사,46보6540,2,4,1,437.176,750.494,0,0,
38953318,현대,LF 쏘나타,LPI 프리미엄 스페셜,,201510.0,2016,990.0,99486.0,LPG(일반인 구입),오토,ORIGINAL,일반,2025-03-19 10:44:57.000 +09,대전,한강모터스,45다0741,1,1,1,59.639,184.413,0,0,
38281611,현대,쏘나타 뉴 라이즈,1.6 터보 프리미엄,,201709.0,2018,1730.0,48320.0,가솔린,오토,ORIGINAL,일반,2025-03-19 10:38:13.000 +09,경남,플러스자동차,52노3236,3,3,1,436.7015,399.518,0,0,
39205341,현대,쏘나타 (DN8),2.0,프리미엄 플러스,202207.0,2022,2050.0,65375.0,가솔린,오토,ORIGINAL,일반,2025-03-19 10:33:37.000 +09,서울,조은자동차(주),137오4807,1,1,1,225.118,56.24,0,0,
39203647,현대,쏘나타 (DN8),2.0,프리미엄 패밀리,202101.0,2021,1890.0,78922.0,가솔린,오토,ORIGINAL,일반,2025-03-19 10:33:03.000 +09,경기,카스토리,349우1223,1,0,0,93.36,0.0,0,0,
38797917,현대,쏘나타 (DN8),2.0 LPG(렌터카용),스타일,202005.0,2021,1070.0,162926.0,LPG(일반인 구입),오토,ORIGINAL,일반,2025-03-19 10:31:00.000 +09,경기,(주)디에이모터스,328머9663,0,3,3,0.0,258.6917,1,0,
38369574,현대,쏘나타 하이브리드 (DN8),프리미엄,패밀리,202005.0,2021,1649.0,112897.0,가솔린+전기,오토,ORIGINAL,일반,2025-03-19 10:29:29.000 +09,경기,(주)왕카,245소6689,0,2,1,0.0,331.4097,1,0,
38397527,현대,쏘나타 (DN8),2.0 LPG,프리미엄 플러스,202209.0,2023,2450.0,15266.0,LPG(일반인 구입),오토,ORIGINAL,일반,2025-03-19 10:28:55.000 +09,대구,중앙상사,343거9622,0,0,0,0.0,0.0,0,0,
38968339,현대,LF 쏘나타,2.0 스마트,(세부등급 없음),201505.0,2015,1190.0,73535.0,가솔린,오토,ORIGINAL,일반,2025-03-19 10:23:33.000 +09,울산,정성자동차,11더0791,2,1,6,88.0321,62.7378,1,0,
39147560,현대,쏘나타 (DN8),2.0 LPG,프리미엄 플러스,202209.0,2023,2300.0,21144.0,LPG(일반인 구입),오토,ORIGINAL,일반,2025-03-19 10:20:47.000 +09,경기,(주)모터프라자,311주5042,2,0,1,328.7596,0.0,1,0,
37500667,현대,쏘나타 (DN8),2.0,모던,202206.0,2022,948.0,43500.0,가솔린,오토,ORIGINAL,렌트,2025-03-19 10:18:40.000 +09,서울,,169하6735,0,0,0,0.0,0.0,0,0,
38767148,현대,LF 쏘나타 하이브리드,2.0 HEV,모던,201501.0,2015,790.0,196262.0,가솔린+전기,오토,ORIGINAL,일반,2025-03-19 10:17:05.000 +09,전남,S카 모터스,53어2095,3,1,4,302.322,43.9321,0,0,
39173039,현대,쏘나타 (DN8),1.6 터보,인스퍼레이션,202003.0,2020,2390.0,61987.0,가솔린,오토,ORIGINAL,일반,2025-03-19 10:16:53.000 +09,전남,S카 모터스,154더9094,0,0,5,0.0,0.0,1,0,
37052206,현대,YF 쏘나타,LPI 럭셔리,,201111.0,2012,370.0,132166.0,LPG(일반인 구입),오토,ORIGINAL,일반,2025-03-19 10:16:49.000 +09,대구,대구중고차,26머1333,3,1,1,916.6582,43.511,0,0,
38275268,현대,YF 쏘나타,LPI 프리미어,,201004.0,2010,330.0,168462.0,LPG(일반인 구입),오토,ORIGINAL,일반,2025-03-19 10:16:49.000 +09,대구,대구중고차,32너8918,1,3,7,61.8746,174.438,1,0,
39198313,현대,NF 쏘나타,LPG N20 럭셔리,고급형,200703.0,2007,210.0,133737.0,LPG(일반인 구입),오토,ORIGINAL,일반,2025-03-19 10:16:48.000 +09,대구,대구중고차,39거3872,4,1,2,255.598,519.0,0,0,
37599331,현대,LF 쏘나타,2.0 케어플러스,,201612.0,2017,1250.0,69053.0,가솔린,오토,ORIGINAL,일반,2025-03-19 10:15:25.000 +09,울산,준Car,49모8994,5,2,1,339.2694,35.5416,0,0,
39261460,현대,쏘나타 (DN8),2.0 LPG(렌터카용),스마트,201904.0,2020,1390.0,125866.0,LPG(일반인 구입),오토,ORIGINAL,일반,2025-03-19 10:13:55.000 +09,전북,뉴합동모터스,251수8011,2,0,4,147.9827,0.0,1,0,
39138621,현대,LF 쏘나타,LPI 프리미엄,,201612.0,2017,1150.0,79142.0,LPG(일반인 구입),오토,ORIGINAL,일반,2025-03-19 10:03:57.000 +09,경기,명문자동차,183너8683,0,1,3,0.0,37.4168,1,0,
39261516,현대,쏘나타 더 브릴리언트,LPI 스마트,,201312.0,2014,690.0,68451.0,LPG(일반인 구입),오토,ORIGINAL,일반,2025-03-19 10:03:13.000 +09,경기,주식회사 더원오토,12소4480,1,1,0,36.8888,215.0,0,0,
39259907,현대,쏘나타 하이브리드,2.0,모던,201310.0,2014,550.0,200350.0,가솔린+전기,오토,ORIGINAL,일반,2025-03-19 10:01:40.000 +09,대구,,243라6160,1,1,2,81.8,65.199,1,0,
39243310,현대,쏘나타 하이브리드 (DN8),인스퍼레이션,,201911.0,2020,2099.0,76531.0,가솔린+전기,오토,ORIGINAL,일반,2025-03-19 09:55:19.000 +09,경기,오토랜드,226더9890,1,0,2,112.3089,0.0,1,0,
38325330,현대,쏘나타 하이브리드 (DN8),프리미엄,(세부등급 없음),202005.0,2021,2050.0,75586.0,가솔린+전기,오토,ORIGINAL,일반,2025-03-19 09:54:16.000 +09,대전,(주)로이오토,230조9231,1,0,3,80.9647,0.0,1,0,
39204275,현대,쏘나타 (DN8),1.6 터보,프리미엄 패밀리,202001.0,2020,2250.0,15690.0,가솔린,오토,ORIGINAL,일반,2025-03-19 09:49:06.000 +09,울산,명품모터스,222루3506,1,0,1,49.4788,0.0,1,0,
38717179,현대,쏘나타 (DN8),2.0,프리미엄 패밀리,202104.0,2021,2250.0,30348.0,가솔린,오토,ORIGINAL,일반,2025-03-19 09:49:06.000 +09,울산,명품모터스,120소9927,0,0,1,0.0,0.0,0,0,
39095680,현대,LF 쏘나타,2.0 터보 익스클루시브,,201503.0,2015,1380.0,98192.0,가솔린,오토,ORIGINAL,일반,2025-03-19 09:49:06.000 +09,울산,명품모터스,46조9031,1,0,11,72.024,0.0,0,0,
39254280,현대,LF 쏘나타,2.0 스마트,(세부등급 없음),201407.0,2015,999.0,53960.0,가솔린,오토,ORIGINAL,일반,2025-03-19 09:49:00.000 +09,광주,드림카마켓,43나3641,0,0,3,0.0,0.0,1,0,
38995756,현대,LF 쏘나타,2.0 스타일,스페셜,201601.0,2016,935.0,95140.0,가솔린,오토,ORIGINAL,일반,2025-03-19 09:48:06.000 +09,충남,월드오토(주),38고0866,7,3,1,362.0904,107.6833,0,0,
39179330,현대,LF 쏘나타,LPI 프리미엄,,201405.0,2015,590.0,280353.0,LPG(일반인 구입),오토,ORIGINAL,일반,2025-03-19 09:45:58.000 +09,대구,건영모터스,40주9412,4,5,4,250.9086,292.0349,1,0,
38260727,현대,쏘나타 (DN8),2.0,인스퍼레이션,201907.0,2020,2369.0,28654.0,가솔린,오토,ORIGINAL,일반,2025-03-19 09:44:36.000 +09,부산,고고카,372나9357,1,1,1,127.048,49.623,1,0,
39253739,현대,쏘나타 뉴 라이즈,LPI 스타일,,201802.0,2018,899.0,149420.0,LPG(일반인 구입),오토,ORIGINAL,일반,2025-03-19 09:42:15.000 +09,경기,오토피아,229다8331,0,0,3,0.0,0.0,2,0,
39145774,현대,쏘나타 (DN8),2.0,인스퍼레이션,201908.0,2020,1920.0,76000.0,가솔린,오토,ORIGINAL,일반,2025-03-19 09:40:14.000 +09,충북,젊은자동차,43오3992,0,1,1,0.0,0.0,0,0,
39264287,현대,쏘나타 (DN8),2.0,프리미엄 패밀리,201904.0,2020,1880.0,29642.0,가솔린,오토,ORIGINAL,일반,2025-03-19 09:36:15.000 +09,경기,(주)마이카페이지,27호9943,0,1,0,0.0,44.5119,0,0,
38711682,현대,쏘나타 하이브리드 (DN8),프리미엄,(세부등급 없음),201912.0,2020,2120.0,26292.0,가솔린+전기,오토,ORIGINAL,일반,2025-03-19 09:33:48.000 +09,경기,(주)세종모터스,221어6354,0,0,3,0.0,0.0,1,0,
38792632,현대,쏘나타 하이브리드 (DN8),프리미엄,(세부등급 없음),202103.0,2021,2290.0,34309.0,가솔린+전기,오토,ORIGINAL,일반,2025-03-19 09:33:48.000 +09,경기,(주)세종모터스,198라8698,0,0,1,0.0,0.0,1,0,
38853741,현대,쏘나타 (DN8),2.0,스마트,201908.0,2020,1670.0,21509.0,가솔린,오토,ORIGINAL,일반,2025-03-19 09:33:48.000 +09,경기,(주)세종모터스,62서6357,0,0,2,0.0,0.0,0,0,
38606169,현대,쏘나타 하이브리드 (DN8),모던,,202203.0,2022,2160.0,42139.0,가솔린+전기,오토,ORIGINAL,일반,2025-03-19 09:33:48.000 +09,경기,(주)세종모터스,112구2224,0,0,1,0.0,0.0,1,0,
37151794,현대,쏘나타 (DN8),2.0,프리미엄 패밀리,202001.0,2020,2030.0,66200.0,가솔린,오토,ORIGINAL,일반,2025-03-19 09:25:39.000 +09,전북,유)스카이,253두8858,0,1,1,0.0,105.1186,1,0,
38351261,현대,쏘나타 (DN8),1.6 터보,프리미엄 패밀리,202101.0,2021,1830.0,112197.0,가솔린,오토,ORIGINAL,일반,2025-03-19 09:23:17.000 +09,경기,(주)대기자동차,362노5159,1,0,0,139.543,0.0,0,0,
39118949,현대,쏘나타 (DN8),2.0,모던,202202.0,2022,1829.0,77674.0,가솔린,오토,ORIGINAL,일반,2025-03-19 09:19:41.000 +09,대구,대홍자동차상사,221우5338,1,1,2,82.0874,79.9719,1,0,
39015704,현대,쏘나타 하이브리드 (DN8),인스퍼레이션,,201912.0,2020,1850.0,129843.0,가솔린+전기,오토,ORIGINAL,일반,2025-03-19 09:19:37.000 +09,광주,드림카마켓,188노7731,1,1,3,133.7561,81.4977,1,0,
38927926,현대,쏘나타 뉴 라이즈,LPI 스타일,,201809.0,2019,1250.0,67000.0,LPG(일반인 구입),오토,ORIGINAL,일반,2025-03-19 09:18:55.000 +09,전북,에코모터스,206누6001,1,0,1,209.3759,0.0,1,0,
38383677,현대,쏘나타 뉴 라이즈,LPI 모던,,201710.0,2018,1150.0,140000.0,LPG(일반인 구입),오토,ORIGINAL,일반,2025-03-19 09:18:29.000 +09,전북,에코모터스,203버9466,0,0,1,0.0,0.0,1,0,
38448590,현대,LF 쏘나타,LPI 프리미엄,,201603.0,2016,800.0,170000.0,LPG(일반인 구입),오토,ORIGINAL,일반,2025-03-19 09:18:28.000 +09,전북,에코모터스,235너2740,2,0,0,120.2935,0.0,1,0,
39241922,현대,쏘나타 뉴 라이즈,LPI 스타일,,201804.0,2018,1030.0,90182.0,LPG(일반인 구입),오토,ORIGINAL,일반,2025-03-19 09:18:20.000 +09,광주,(주)우수광주중고차,197라7816,1,0,1,165.531,0.0,1,0,
38819025,현대,LF 쏘나타,LPI 모던,,201603.0,2016,900.0,140000.0,LPG(일반인 구입),오토,ORIGINAL,일반,2025-03-19 09:18:15.000 +09,전북,에코모터스,300소5734,3,0,3,192.6999,0.0,1,0,
39190049,현대,쏘나타 (DN8),2.0 LPG(렌터카용),스타일,202002.0,2020,1220.0,197903.0,LPG(일반인 구입),오토,ORIGINAL,일반,2025-03-19 09:14:51.000 +09,광주,(주)123모터스,116주8429,0,0,2,0.0,0.0,1,0,
39062060,현대,쏘나타 (DN8),2.0,프리미엄,201911.0,2020,1720.0,108680.0,가솔린,오토,ORIGINAL,일반,2025-03-19 09:14:51.000 +09,광주,(주)123모터스,197라7884,0,0,1,0.0,0.0,1,0,
39061917,현대,쏘나타 뉴 라이즈,2.0 스마트 스페셜,,201902.0,2019,1620.0,68197.0,가솔린,오토,ORIGINAL,일반,2025-03-19 09:14:51.000 +09,광주,(주)123모터스,30어7172,1,1,1,88.1384,94.3554,0,0,
38639192,현대,LF 쏘나타,LPI 프리미엄,,201603.0,2016,930.0,111902.0,LPG(일반인 구입),오토,ORIGINAL,일반,2025-03-19 09:11:29.000 +09,대구,대호모터스,382부4221,1,0,3,0.0,0.0,1,0,
39217124,현대,쏘나타 (DN8),2.0 LPG(렌터카용),스마트,202010.0,2021,1450.0,110766.0,LPG(일반인 구입),오토,ORIGINAL,일반,2025-03-19 09:06:50.000 +09,경기,경기자동차앤카앤톡,112노6055,2,0,1,68.1458,0.0,1,0,
38391930,현대,LF 쏘나타,2.0 터보 익스클루시브,,201504.0,2015,1250.0,159308.0,가솔린,오토,ORIGINAL,일반,2025-03-19 09:05:43.000 +09,부산,우리자동차,139저4581,0,0,2,0.0,0.0,2,0,
37684587,현대,쏘나타 뉴 라이즈 하이브리드,2.0 플러그인 HEV,프리미엄,201711.0,2018,1790.0,80764.0,가솔린+전기,오토,ORIGINAL,일반,2025-03-19 09:03:21.000 +09,경기,(주)오토빌리지,01두7613,0,1,2,0.0,96.0,0,0,
39017729,현대,쏘나타 (DN8),2.0 LPG(렌터카용),스마트,202004.0,2020,1330.0,141185.0,LPG(일반인 구입),오토,ORIGINAL,일반,2025-03-19 08:58:43.000 +09,광주,(주)아이비원모터스,148버1316,0,0,3,0.0,0.0,1,0,
38364860,현대,쏘나타 (DN8),2.0,프리미엄 패밀리,201908.0,2020,1540.0,106466.0,가솔린,오토,ORIGINAL,일반,2025-03-19 08:54:44.000 +09,광주,(주)오토랜드,06저7996,3,2,1,457.4219,172.4088,0,0,
39183948,현대,쏘나타 뉴 라이즈,LPI 스타일,,201803.0,2018,890.0,125784.0,LPG(일반인 구입),오토,ORIGINAL,일반,2025-03-19 08:54:43.000 +09,광주,(주)오토랜드,190두8804,1,1,2,31.5311,65.0,1,0,
38477773,현대,YF 쏘나타,LPI 디럭스,,201102.0,2011,399.0,137131.0,LPG(일반인 구입),오토,ORIGINAL,일반,2025-03-19 08:53:49.000 +09,전북,스마일모터스,15라6257,0,4,3,0.0,204.4732,1,0,
39015726,현대,쏘나타 더 브릴리언트,LPI 스마트,,201301.0,2013,449.0,161217.0,LPG(일반인 구입),오토,ORIGINAL,일반,2025-03-19 08:53:49.000 +09,전북,스마일모터스,26누6274,0,3,5,0.0,475.4322,1,0,
38462611,현대,YF 쏘나타,LPI 프리미어(장애인용),,201009.0,2011,399.0,152734.0,LPG(일반인 구입),오토,ORIGINAL,일반,2025-03-19 08:53:49.000 +09,전북,스마일모터스,56어6870,2,4,1,172.9466,958.495,0,0,
38670112,현대,LF 쏘나타 하이브리드,2.0 HEV,프리미엄,201503.0,2015,1099.0,137926.0,가솔린+전기,오토,ORIGINAL,일반,2025-03-19 08:53:49.000 +09,전북,스마일모터스,47거9058,6,0,4,917.852,0.0,0,0,
39033472,현대,LF 쏘나타,2.0 프리미엄,(세부등급 없음),201404.0,2015,1190.0,97472.0,가솔린,오토,ORIGINAL,일반,2025-03-19 08:51:42.000 +09,경북,대영자동차매매상사,55고2839,4,3,2,197.0569,230.3113,0,0,
38475560,현대,LF 쏘나타,1.6 터보 스마트,(세부등급 없음),201604.0,2017,989.0,122048.0,가솔린,오토,ORIGINAL,일반,2025-03-19 08:51:05.000 +09,충남,정한상사,07가0266,5,2,1,361.7619,120.889,0,0,
39192383,현대,쏘나타 뉴 라이즈,LPI 모던,,201802.0,2018,780.0,197045.0,LPG(일반인 구입),오토,ORIGINAL,일반,2025-03-19 08:47:45.000 +09,광주,드림카마켓,229저4361,2,2,2,137.8784,65.5589,2,0,
38664789,현대,쏘나타 하이브리드 (DN8),프리미엄 플러스,,202108.0,2022,2150.0,74498.0,가솔린+전기,오토,ORIGINAL,일반,2025-03-19 08:35:01.000 +09,경기,자마이카,254부2656,0,1,1,0.0,64.6119,1,0,
39122755,현대,쏘나타 (DN8),1.6 터보,스마트,202002.0,2020,1630.0,67588.0,가솔린,오토,ORIGINAL,일반,2025-03-19 08:29:07.000 +09,부산,가람모터스,348구2912,2,0,0,181.9,0.0,0,0,
39130086,현대,쏘나타 (DN8),2.0,모던,202108.0,2022,1799.0,37414.0,가솔린,오토,ORIGINAL,일반,2025-03-19 08:28:51.000 +09,광주,드림카마켓,180가8261,1,1,1,47.087,95.956,1,0,
38827714,현대,LF 쏘나타,2.4 스타일,,201501.0,2015,850.0,125404.0,가솔린,오토,ORIGINAL,일반,2025-03-19 08:18:49.000 +09,부산,마이카,303어9594,2,3,4,144.141,214.9007,1,0,
38996292,현대,NF 쏘나타,F24S 프리미어,기본형,200504.0,2005,280.0,91000.0,가솔린,오토,ORIGINAL,일반,2025-03-19 08:13:29.000 +09,서울,뉴서진모터스,03누3223,5,1,2,478.4393,37.5475,0,0,
38701890,현대,YF 쏘나타,LPI 럭셔리,,201202.0,2012,349.0,240465.0,LPG(일반인 구입),오토,ORIGINAL,일반,2025-03-19 08:13:01.000 +09,대구,제일 모터스,50머9865,1,3,2,46.434,256.1339,0,0,
39154494,현대,쏘나타 더 브릴리언트,LPI 스타일,,201307.0,2014,320.0,224224.0,LPG(일반인 구입),오토,ORIGINAL,일반,2025-03-19 08:12:05.000 +09,대구,대박모터스,29주7881,5,2,3,298.2909,296.206,1,0,
38285857,현대,LF 쏘나타,2.0 스마트,스페셜,201601.0,2016,950.0,140321.0,가솔린,오토,ORIGINAL,일반,2025-03-19 08:05:59.000 +09,전북,대한자동차,152더9743,6,3,9,1733.0816,267.6006,1,0,
37282759,현대,쏘나타 뉴 라이즈 하이브리드,프리미엄,(세부등급 없음),201901.0,2019,1880.0,63947.0,가솔린+전기,오토,ORIGINAL,일반,2025-03-19 08:02:23.000 +09,경기,진모터스,108구7816,1,1,3,95.6609,79.827,1,0,
39195246,현대,NF 쏘나타 트랜스폼,LPG N20 일반형,,200801.0,2008,129.0,230000.0,LPG(일반인 구입),오토,ORIGINAL,일반,2025-03-19 08:01:03.000 +09,대구,미래모터스,40도6079,2,1,4,143.7257,50.819,0,0,
39183698,현대,쏘나타 더 브릴리언트,LPI 스마트,,201506.0,2016,590.0,114399.0,LPG(일반인 구입),오토,ORIGINAL,일반,2025-03-19 07:52:32.000 +09,경기,엘리트모터스,50누5842,2,6,5,94.618,218.589,1,0,
39129175,현대,LF 쏘나타,2.0 스마트,(세부등급 없음),201604.0,2016,1090.0,139187.0,가솔린,오토,ORIGINAL,일반,2025-03-19 07:27:19.000 +09,대구,행운모터스,39가0592,3,1,1,153.1882,59.5313,0,0,
38949532,현대,쏘나타 III,2.0 DOHC,,199612.0,1996,430.0,45664.0,가솔린,오토,ORIGINAL,일반,2025-03-19 06:59:49.000 +09,대전,(주) 스마트자동차,08버1368,0,1,1,0.0,45.629,1,0,
39168055,현대,YF 쏘나타,LPI 프리미어(장애인용),,200912.0,2010,299.0,168592.0,LPG(일반인 구입),오토,ORIGINAL,일반,2025-03-19 06:44:22.000 +09,광주,(주)드림카마켓,41오1166,2,0,2,84.4432,0.0,0,0,
39220879,현대,YF 쏘나타,LPI 럭셔리,,201004.0,2010,250.0,186251.0,LPG(일반인 구입),오토,ORIGINAL,일반,2025-03-19 06:44:22.000 +09,광주,(주)드림카마켓,28거6822,4,2,2,324.852,318.396,0,0,
39042057,현대,LF 쏘나타,2.0 터보 익스클루시브,,201504.0,2015,1400.0,64320.0,가솔린,오토,ORIGINAL,일반,2025-03-19 05:15:39.000 +09,울산,대구자동차매매상사,55저5317,2,1,1,131.8348,69.2266,0,0,
39205081,현대,쏘나타 (DN8),2.0,스마트,202103.0,2021,1650.0,88749.0,가솔린,오토,ORIGINAL,일반,2025-03-19 03:19:13.000 +09,경기,엘리트모터스,278가6581,0,0,2,0.0,0.0,0,0,
38845720,현대,쏘나타 (DN8),2.0,프리미엄,201907.0,2019,1890.0,56674.0,가솔린,오토,ORIGINAL,일반,2025-03-19 03:15:10.000 +09,강원,조은자동차,50고5194,2,0,1,39.588,0.0,0,0,
38742752,현대,LF 쏘나타,2.0 스마트,(세부등급 없음),201407.0,2014,750.0,119246.0,가솔린,오토,ORIGINAL,일반,2025-03-19 03:15:09.000 +09,강원,조은자동차,19머8464,0,0,4,0.0,0.0,1,0,
39249800,현대,쏘나타 (DN8),2.0,프리미엄,201908.0,2020,1870.0,51183.0,가솔린,오토,ORIGINAL,일반,2025-03-19 00:24:32.000 +09,대구,드림카,60마6384,0,0,2,0.0,0.0,0,0,
39050950,현대,LF 쏘나타,2.0 스마트,(세부등급 없음),201508.0,2016,890.0,104659.0,가솔린,오토,ORIGINAL,일반,2025-03-18 23:33:26.000 +09,전북,365모터스,45누7946,2,2,2,360.928,770.1338,0,0,
39229075,현대,쏘나타 더 브릴리언트,구조변경(가솔린),스타일,201209.0,2013,280.0,213420.0,가솔린,오토,ORIGINAL,일반,2025-03-18 23:32:06.000 +09,인천,뉴AK모터스자동차매매상사,19너8924,2,2,6,104.9159,74.8751,1,0,
38945265,현대,쏘나타 (DN8),2.0,프리미엄,201905.0,2020,1395.0,91696.0,가솔린,오토,ORIGINAL,일반,2025-03-18 23:10:28.000 +09,광주,광주중고차 153모터스,227다4001,2,0,2,148.2857,0.0,1,0,
39058981,현대,쏘나타 뉴 라이즈,2.0 모던,,201810.0,2019,1150.0,72220.0,가솔린,오토,ORIGINAL,일반,2025-03-18 23:07:50.000 +09,경기,명문자동차,21무8575,2,1,3,358.6452,136.4322,0,0,
38929533,현대,쏘나타 하이브리드 (DN8),프리미엄,밀레니얼,202006.0,2021,1790.0,154658.0,가솔린+전기,오토,ORIGINAL,일반,2025-03-18 22:52:04.000 +09,충남,국민자동차,156부8467,1,2,3,82.8479,121.453,1,0,
38500373,현대,쏘나타 뉴 라이즈,2.0 모던,,201710.0,2018,1120.0,159021.0,가솔린,오토,ORIGINAL,일반,2025-03-18 22:34:04.000 +09,전남,바른모터스,246마8981,3,3,7,107.7067,206.401,1,0,
39215749,현대,YF 쏘나타,LPI 디럭스,,201102.0,2011,420.0,120783.0,LPG(일반인 구입),오토,ORIGINAL,일반,2025-03-18 22:34:04.000 +09,전남,바른모터스,34로8375,5,0,3,239.575,0.0,1,0,
38944004,현대,쏘나타 (DN8),1.6 터보,프리미엄 패밀리,202102.0,2021,1630.0,80314.0,가솔린,오토,ORIGINAL,일반,2025-03-18 21:51:57.000 +09,광주,믿음모터스,142다3490,4,1,1,327.4503,87.1239,0,0,
38877987,현대,쏘나타 뉴 라이즈 하이브리드,스마트,,201805.0,2019,1699.0,44730.0,가솔린+전기,오토,ORIGINAL,일반,2025-03-18 21:38:56.000 +09,광주,주)신미래모터스,220도9782,0,1,3,0.0,30.9402,1,0,
38330127,현대,쏘나타 (DN8),1.6 터보,프리미엄 패밀리,201911.0,2020,1850.0,81167.0,가솔린,오토,ORIGINAL,일반,2025-03-18 21:32:08.000 +09,울산,슝슝모터스,349수8809,1,0,1,40.6169,0.0,0,0,
38559519,현대,쏘나타 디 엣지 하이브리드(DN8),익스클루시브,,202311.0,2024,3300.0,20285.0,가솔린+전기,오토,ORIGINAL,일반,2025-03-18 21:22:52.000 +09,경기,동양모터스,237소4029,0,0,1,0.0,0.0,0,0,
38493851,현대,LF 쏘나타,LPI 모던(장애인용),,201405.0,2015,1030.0,150003.0,LPG(일반인 구입),오토,ORIGINAL,일반,2025-03-18 21:01:08.000 +09,부산, 해동상사,19저4907,0,0,3,0.0,0.0,0,0,
37264023,현대,쏘나타 뉴 라이즈 하이브리드,프리미엄,(세부등급 없음),201801.0,2018,1690.0,90617.0,가솔린+전기,오토,ORIGINAL,일반,2025-03-18 21:01:08.000 +09,부산, 해동상사,59거4073,3,0,3,123.6272,0.0,0,0,
39234468,현대,YF 쏘나타,Y20 프라임,블랙,201007.0,2011,430.0,138177.0,가솔린,오토,ORIGINAL,일반,2025-03-18 20:59:04.000 +09,울산,에스오토,24버4337,2,0,4,126.8418,0.0,0,0,
39103474,현대,LF 쏘나타,2.0 케어플러스,,201608.0,2017,1550.0,16308.0,가솔린,오토,ORIGINAL,일반,2025-03-18 20:54:03.000 +09,인천,잘팔카,63버0305,0,1,1,0.0,48.88,0,0,
38545749,현대,쏘나타 (DN8),2.0,프리미엄 플러스,202111.0,2022,2190.0,43609.0,가솔린,오토,ORIGINAL,일반,2025-03-18 20:29:44.000 +09,대전,푸른모터스,181도9785,0,0,1,0.0,0.0,1,0,
37948071,현대,YF 쏘나타,F24 GDI,최고급형,201004.0,2010,420.0,75014.0,가솔린,오토,ORIGINAL,일반,2025-03-18 20:27:02.000 +09,경남,퍼펙트카,53라8488,6,1,4,400.8594,15.629,0,0,
38978818,현대,쏘나타 뉴 라이즈,LPI 택시형,고급형,202204.0,2022,9999.0,101369.0,LPG(일반인 구입),오토,ORIGINAL,일반,2025-03-18 20:25:00.000 +09,울산,다스오토,206거5788,0,0,1,0.0,0.0,1,0,
38574629,현대,쏘나타 (DN8),2.0 LPG(장애인용),프리미엄,202008.0,2020,2070.0,54626.0,LPG(일반인 구입),오토,ORIGINAL,일반,2025-03-18 20:22:34.000 +09,충남,드림자동차,269오4849,0,0,1,0.0,0.0,1,0,
39096970,현대,쏘나타 (DN8),2.0 LPG(장애인용),모던,201912.0,2020,1830.0,64988.0,LPG(일반인 구입),오토,ORIGINAL,일반,2025-03-18 20:22:34.000 +09,충남,드림자동차,215더2486,1,0,1,98.4219,0.0,1,0,
37198902,현대,쏘나타 (DN8),2.0 LPG(렌터카용),스마트,202010.0,2021,1499.0,51911.0,LPG(일반인 구입),오토,ORIGINAL,일반,2025-03-18 20:22:34.000 +09,충남,드림자동차,108구6327,1,0,1,109.0198,0.0,1,0,
38574449,현대,쏘나타 (DN8),2.0 LPG(장애인용),인스퍼레이션,202009.0,2020,2230.0,52918.0,LPG(일반인 구입),오토,ORIGINAL,일반,2025-03-18 20:22:34.000 +09,충남,드림자동차,221너1217,0,0,1,0.0,0.0,1,0,
39032009,현대,쏘나타 (DN8),2.0 LPG(렌터카용),스마트,202003.0,2020,1270.0,138064.0,LPG(일반인 구입),오토,ORIGINAL,일반,2025-03-18 19:51:43.000 +09,대구,첨맘중고차,365무9476,3,0,2,515.9258,0.0,1,0,
39074552,현대,YF 쏘나타,Y20 프라임,최고급형,201004.0,2010,390.0,101365.0,가솔린,오토,ORIGINAL,일반,2025-03-18 19:44:46.000 +09,대전,태양모터스,31도1629,0,0,3,0.0,0.0,0,0,
39027308,현대,YF 쏘나타,LPI 프리미어(장애인용),,200912.0,2010,395.0,160140.0,LPG(일반인 구입),오토,ORIGINAL,일반,2025-03-18 19:44:46.000 +09,대전,태양모터스,50라2325,5,0,3,165.4309,0.0,0,0,
38402065,현대,쏘나타 하이브리드,2.0,로열,201202.0,2012,599.0,160000.0,가솔린+전기,오토,ORIGINAL,일반,2025-03-18 19:36:00.000 +09,경남,멀티모터스,108주2411,3,1,11,192.244,215.9579,3,0,
39085876,현대,LF 쏘나타,LPI 스마트,,201409.0,2015,510.0,228874.0,LPG(일반인 구입),오토,ORIGINAL,일반,2025-03-18 19:30:10.000 +09,충북,,230수3175,1,0,2,30.896,0.0,1,0,
39242692,현대,쏘나타 (DN8),2.0 LPG,스마트,201905.0,2020,1550.0,99707.0,LPG(일반인 구입),오토,ORIGINAL,일반,2025-03-18 19:29:55.000 +09,울산,나래 × 혁신,329부7564,0,2,1,0.0,300.356,1,0,
38792756,현대,쏘나타 (DN8),1.6 터보,프리미엄,201912.0,2020,1790.0,95688.0,가솔린,오토,ORIGINAL,일반,2025-03-18 18:37:04.000 +09,경기,무결점카모터스,137러4586,3,0,2,142.839,0.0,1,0,
39014172,현대,쏘나타 (DN8),2.0,프리미엄,201907.0,2020,1670.0,107704.0,가솔린,오토,ORIGINAL,일반,2025-03-18 18:37:03.000 +09,경기,무결점카모터스,376더4831,2,0,3,133.4673,0.0,1,0,
39024198,현대,쏘나타 디 엣지(DN8),2.0,인스퍼레이션,202308.0,2024,2940.0,7831.0,가솔린,오토,ORIGINAL,일반,2025-03-18 18:29:20.000 +09,충남,Kcar아산지점,389어3875,3,3,1,214.6042,317.7389,0,0,
39084080,현대,쏘나타 (DN8),2.0,프리미엄,202103.0,2021,1850.0,68910.0,가솔린,오토,ORIGINAL,일반,2025-03-18 18:16:43.000 +09,광주,보배모터스,239무2981,2,2,1,113.8099,206.212,1,0,
38560395,현대,YF 쏘나타,LPI 럭셔리,,201002.0,2010,300.0,149000.0,LPG(일반인 구입),오토,ORIGINAL,일반,2025-03-18 17:34:25.000 +09,서울,(주)에스카모터스,69루8730,8,6,6,556.9545,495.936,0,0,
39007724,현대,쏘나타 (DN8),2.0,프리미엄 플러스,202111.0,2022,2190.0,59266.0,가솔린,오토,ORIGINAL,일반,2025-03-18 17:30:59.000 +09,광주,주)이지모터스,128수3295,6,2,1,624.2892,69.005,0,0,
39261344,현대,쏘나타 (DN8),2.0,프리미엄,202004.0,2020,1650.0,56717.0,가솔린,오토,ORIGINAL,일반,2025-03-18 17:20:12.000 +09,경기,오토돔,101허3194,1,1,0,86.063,194.003,0,0,
39260171,현대,쏘나타 (DN8),2.0,프리미엄 패밀리,201907.0,2020,1800.0,84174.0,가솔린,오토,ORIGINAL,일반,2025-03-18 16:56:10.000 +09,경기,드림오토2,193구3053,0,0,1,0.0,0.0,1,0,
38118309,현대,쏘나타 (DN8),1.6 터보,인스퍼레이션,202003.0,2020,1830.0,142479.0,가솔린,오토,ORIGINAL,일반,2025-03-18 16:51:06.000 +09,경기,신드롬모터스,346부5991,1,0,1,89.643,0.0,0,0,
39260679,현대,YF 쏘나타,Y20 프라임,블랙,201105.0,2011,430.0,149409.0,가솔린,오토,ORIGINAL,일반,2025-03-18 16:48:12.000 +09,대전,승리자동차,20도6152,4,2,2,327.8442,243.0968,0,0,
39255908,현대,LF 쏘나타,LPI 스마트(장애인용),,201404.0,2015,480.0,221670.0,LPG(일반인 구입),오토,ORIGINAL,일반,2025-03-18 16:34:32.000 +09,전북,오뚜기모터스,153로2825,3,2,2,469.8356,365.4795,1,0,
39170541,현대,쏘나타 (DN8),2.0,프리미엄 플러스,202211.0,2023,2350.0,10000.0,가솔린,오토,ORIGINAL,일반,2025-03-18 16:23:48.000 +09,경기,태영모터스,152서5140,3,0,0,303.0194,0.0,0,0,
39176439,현대,LF 쏘나타 하이브리드,2.0 HEV,모던,201602.0,2016,1200.0,117549.0,가솔린+전기,오토,ORIGINAL,일반,2025-03-18 16:22:29.000 +09,부산,정우상사,285버2896,2,1,5,157.7566,202.4969,1,0,
39215639,현대,쏘나타 뉴 라이즈,2.0 모던,,201709.0,2018,1580.0,78987.0,가솔린,오토,ORIGINAL,일반,2025-03-18 16:21:19.000 +09,서울,국도상사,04구9503,0,1,1,0.0,0.0,0,0,
38101275,현대,쏘나타 디 엣지 하이브리드(DN8),인스퍼레이션,,202404.0,2024,3620.0,12970.0,가솔린+전기,오토,ORIGINAL,일반,2025-03-18 16:19:57.000 +09,경남,케이상사,156로8597,0,0,0,0.0,0.0,0,0,
38958704,현대,쏘나타 (DN8),2.0 LPG(장애인용),인스퍼레이션,201911.0,2020,9999.0,127050.0,LPG(일반인 구입),오토,ORIGINAL,일반,2025-03-18 16:14:12.000 +09,경남,"(주)바름,유림",142노1251,4,1,1,640.601,72.0859,0,0,
38837343,현대,쏘나타 뉴 라이즈,LPI 모던(장애인용),,201712.0,2018,879.0,112338.0,LPG(일반인 구입),오토,ORIGINAL,일반,2025-03-18 16:07:33.000 +09,대구,탱크모터스,57라2084,7,6,2,2205.1228,480.6756,0,0,
39255521,현대,LF 쏘나타,2.0 스마트,(세부등급 없음),201706.0,2017,1030.0,120242.0,가솔린,오토,ORIGINAL,일반,2025-03-18 16:00:18.000 +09,부산,(주)아하에이전트,03구1434,2,2,1,96.329,88.2106,0,0,
39212188,현대,쏘나타 하이브리드,2.0,프리미어,201301.0,2013,530.0,167014.0,가솔린+전기,오토,ORIGINAL,일반,2025-03-18 15:56:32.000 +09,부산,대영모터스,29보8703,2,0,0,132.2328,0.0,0,0,
38984593,현대,쏘나타 더 브릴리언트,CVVL 스마트,,201210.0,2012,620.0,152671.0,가솔린,오토,ORIGINAL,일반,2025-03-18 15:55:51.000 +09,강원,매일자동차매매상사,37소3822,2,1,8,113.6498,100.96,0,0,
38774357,현대,LF 쏘나타,2.0 스마트,(세부등급 없음),201511.0,2016,790.0,105101.0,가솔린,오토,ORIGINAL,일반,2025-03-18 15:31:46.000 +09,전북,365모터스,59수0599,2,1,1,543.5197,93.2,0,0,
39232017,현대,쏘나타 뉴 라이즈,2.0 스마트,,201704.0,2018,1250.0,125028.0,가솔린,오토,ORIGINAL,일반,2025-03-18 15:30:58.000 +09,경기,뉴코리아모터스,348수8820,1,2,0,46.5621,188.222,1,0,
39246998,현대,쏘나타 뉴 라이즈,2.0 스타일,,201711.0,2018,859.0,175153.0,가솔린,오토,ORIGINAL,일반,2025-03-18 15:20:01.000 +09,경기,클린오토,19무8413,1,2,5,144.1193,202.726,0,0,
39259233,현대,쏘나타 뉴 라이즈,LPI 스타일,,201704.0,2018,1020.0,106315.0,LPG(일반인 구입),오토,ORIGINAL,일반,2025-03-18 15:07:52.000 +09,대전,이카,114서7694,0,0,4,0.0,0.0,1,0,
39203452,현대,LF 쏘나타,2.0 터보 익스클루시브,,201603.0,2016,1150.0,156003.0,가솔린,오토,ORIGINAL,일반,2025-03-18 14:52:52.000 +09,경기,에이블모터스,39어0629,8,8,1,722.3194,498.4627,0,0,
39205846,현대,LF 쏘나타,LPI 모던,,201411.0,2015,750.0,158219.0,LPG(일반인 구입),오토,ORIGINAL,일반,2025-03-18 14:37:20.000 +09,충남,한빛중고차,40저1761,5,5,3,375.7038,452.392,0,0,
38760336,현대,쏘나타 (DN8),2.0,프리미엄 패밀리,201906.0,2020,1800.0,96693.0,가솔린,오토,ORIGINAL,일반,2025-03-18 14:35:07.000 +09,울산,에스오토,47머5240,2,0,5,150.2583,0.0,0,0,
39247157,현대,LF 쏘나타,2.0 스마트,(세부등급 없음),201504.0,2015,1130.0,80856.0,가솔린,오토,ORIGINAL,일반,2025-03-18 14:35:06.000 +09,울산,에스오토,68주6407,2,2,3,230.33,514.93,0,0,
39190740,현대,쏘나타 (DN8),2.0,프리미엄 플러스,202110.0,2022,2080.0,68502.0,가솔린,오토,ORIGINAL,일반,2025-03-18 14:22:08.000 +09,충남,행운자동차매매상사,101우2902,3,1,5,212.65,55.0789,1,0,
39180428,현대,YF 쏘나타,Y20 프리미어,고급형,200912.0,2010,399.0,123400.0,가솔린,오토,ORIGINAL,일반,2025-03-18 14:13:20.000 +09,서울,오톰,23가5252,4,4,4,110.5999,322.2653,0,0,
39222739,현대,쏘나타 (DN8),2.0 LPG(렌터카용),스마트,201910.0,2020,1450.0,99314.0,LPG(일반인 구입),오토,ORIGINAL,일반,2025-03-18 14:11:58.000 +09,충남,가나모터스,213어9785,0,0,1,0.0,0.0,1,0,
38477318,현대,쏘나타 (DN8),2.0,프리미엄 플러스,202110.0,2022,1950.0,52197.0,가솔린,오토,ORIGINAL,일반,2025-03-18 14:11:20.000 +09,경기,신수원자동차,133주8493,3,1,1,84.079,99.9085,0,0,
39179193,현대,쏘나타 (DN8),2.0,프리미엄 패밀리,202012.0,2021,2050.0,66639.0,가솔린,오토,ORIGINAL,일반,2025-03-18 13:59:58.000 +09,부산,(주)요요모터스,250두8080,0,0,1,0.0,0.0,1,0,
39232465,현대,쏘나타 (DN8),2.0,프리미엄 패밀리,202009.0,2021,2080.0,45969.0,가솔린,오토,ORIGINAL,일반,2025-03-18 13:59:58.000 +09,부산,(주)요요모터스,276노7781,0,0,2,0.0,0.0,1,0,
38980685,현대,쏘나타 뉴 라이즈 하이브리드,프리미엄,(세부등급 없음),201706.0,2018,999.0,319536.0,가솔린+전기,오토,ORIGINAL,일반,2025-03-18 13:52:45.000 +09,경기,홈카,53도9276,1,2,1,54.742,75.247,0,0,
39256860,현대,LF 쏘나타,LPI 프리미엄,,201411.0,2015,920.0,108000.0,LPG(일반인 구입),오토,ORIGINAL,일반,2025-03-18 13:45:04.000 +09,경남,,22다3197,0,1,0,0.0,56.8256,0,0,
36169327,현대,LF 쏘나타,LPI 스마트,,201702.0,2017,720.0,180292.0,LPG(일반인 구입),오토,ORIGINAL,일반,2025-03-18 13:27:26.000 +09,경기,(주)대기자동차,273서5052,1,1,1,97.8246,24.7198,1,0,
36168704,현대,쏘나타 (DN8),2.0,프리미엄 패밀리,201912.0,2020,1850.0,63221.0,가솔린,오토,ORIGINAL,일반,2025-03-18 13:27:26.000 +09,경기,(주)대기자동차,115보2824,1,0,1,97.7959,0.0,1,0,
38717293,현대,쏘나타 뉴 라이즈 하이브리드,스마트,,201711.0,2018,1290.0,108388.0,가솔린+전기,오토,ORIGINAL,일반,2025-03-18 13:15:18.000 +09,대구,대박모터스,377고2223,0,1,5,0.0,58.16,1,0,
38994867,현대,쏘나타 (DN8),1.6 터보,인스퍼레이션,202003.0,2020,1840.0,117901.0,가솔린,오토,ORIGINAL,일반,2025-03-18 12:48:14.000 +09,경기,카박사,383너7695,6,1,0,552.0596,75.5289,0,0,
38921502,현대,쏘나타 (DN8),1.6 터보,프리미엄 패밀리,202001.0,2020,1730.0,122206.0,가솔린,오토,ORIGINAL,일반,2025-03-18 12:45:52.000 +09,대전,세븐카,239다1668,1,1,3,107.29,113.7832,0,0,
39144897,현대,YF 쏘나타,LPI 프리미어,,201009.0,2011,320.0,144962.0,LPG(일반인 구입),오토,ORIGINAL,일반,2025-03-18 12:42:16.000 +09,대구,가야자동차매매상사,48러9533,0,0,2,0.0,0.0,0,0,
39165366,현대,YF 쏘나타,LPI 프리미어(장애인용),,201101.0,2011,340.0,215443.0,LPG(일반인 구입),오토,ORIGINAL,일반,2025-03-18 12:42:16.000 +09,대구,가야자동차매매상사,56머0430,2,2,3,391.6126,254.547,1,0,
35774150,현대,LF 쏘나타 하이브리드,2.0 HEV,프리미엄,201504.0,2016,1090.0,124235.0,가솔린+전기,오토,ORIGINAL,일반,2025-03-18 12:36:58.000 +09,경기,(주)동아SMC,32마1418,5,5,5,440.5908,297.7507,1,0,
38853520,현대,쏘나타 뉴 라이즈,LPI 스타일,,201901.0,2019,1210.0,111472.0,LPG(일반인 구입),오토,ORIGINAL,일반,2025-03-18 12:18:05.000 +09,충북,청주중고차닷컴,235우2875,0,0,3,0.0,0.0,1,0,
39257546,현대,NF 쏘나타,디젤(VGT) N20 엘레강스 스페셜,고급형,200606.0,2006,250.0,230000.0,디젤,오토,ORIGINAL,일반,2025-03-18 12:14:26.000 +09,경남,주화오토,39도5326,9,1,1,722.1832,69.34,1,0,
36222373,현대,YF 쏘나타,LPI 럭셔리,,201102.0,2011,320.0,149011.0,LPG(일반인 구입),오토,ORIGINAL,일반,2025-03-18 12:10:22.000 +09,경기,(주)오토커넥션,57누4068,2,2,3,418.4921,177.0326,1,0,
37636015,현대,쏘나타 뉴 라이즈 하이브리드,프리미엄,(세부등급 없음),201808.0,2019,1530.0,91779.0,가솔린+전기,오토,ORIGINAL,일반,2025-03-18 12:10:22.000 +09,경기,(주)오토커넥션,341루7417,1,1,1,45.0,76.9,1,0,
36222436,현대,YF 쏘나타,F24 GDI,고급형,201008.0,2010,630.0,148190.0,가솔린,오토,ORIGINAL,일반,2025-03-18 12:10:22.000 +09,경기,(주)오토커넥션,67누2236,6,3,2,522.65,274.5853,0,0,
37438081,현대,쏘나타 뉴 라이즈,2.0 스마트,,201712.0,2018,1170.0,91280.0,가솔린,오토,ORIGINAL,일반,2025-03-18 12:10:22.000 +09,경기,(주)오토커넥션,194도4956,2,3,2,666.5711,516.5124,1,0,
38809845,현대,쏘나타 뉴 라이즈 하이브리드,스마트,,201812.0,2019,1430.0,77327.0,가솔린+전기,오토,ORIGINAL,일반,2025-03-18 12:10:13.000 +09,경기,블루오토,147노4301,0,0,3,0.0,0.0,1,0,
38932423,현대,쏘나타 하이브리드 (DN8),인스퍼레이션,,202109.0,2022,2390.0,69289.0,가솔린+전기,오토,ORIGINAL,일반,2025-03-18 11:51:27.000 +09,경기,신화모터스,255주9278,0,0,2,0.0,0.0,1,0,
38932863,현대,쏘나타 (DN8),1.6 터보,프리미엄 패밀리,202004.0,2020,2150.0,61274.0,가솔린,오토,ORIGINAL,일반,2025-03-18 11:51:27.000 +09,경기,신화모터스,153더8979,2,0,1,100.002,0.0,1,0,
37813755,현대,쏘나타 뉴 라이즈,LPI 택시형,스타일,201706.0,2018,890.0,148467.0,LPG(일반인 구입),오토,ORIGINAL,일반,2025-03-18 11:27:35.000 +09,전남,S카모터스,60주7217,3,2,1,177.5419,429.0634,1,0,
38947683,현대,YF 쏘나타,LPI 럭셔리,,201002.0,2010,270.0,211496.0,LPG(일반인 구입),오토,ORIGINAL,일반,2025-03-18 11:14:33.000 +09,서울,주)대진자동차 대표,24루5905,7,3,1,438.3491,896.4039,0,0,
39156318,현대,쏘나타 뉴 라이즈,2.0 스마트,,201704.0,2018,1299.0,33504.0,가솔린,오토,ORIGINAL,일반,2025-03-18 11:11:57.000 +09,경기,(주)디에이치모터스,01루2244,4,4,2,1089.1181,1114.4532,0,0,
38953964,현대,YF 쏘나타,LPI 프리미어,,201202.0,2012,370.0,175200.0,LPG(일반인 구입),오토,ORIGINAL,일반,2025-03-18 10:57:38.000 +09,서울,세이프오토,64저5803,5,2,3,303.4059,95.826,0,0,
39066012,현대,쏘나타 뉴 라이즈,LPI 스타일,,201803.0,2019,990.0,102494.0,LPG(일반인 구입),오토,ORIGINAL,일반,2025-03-18 10:49:22.000 +09,충북,,256서9831,1,4,1,261.594,602.1428,1,0,
39060610,현대,쏘나타 (DN8),2.0 LPG,스마트,202007.0,2021,1600.0,79955.0,LPG(일반인 구입),오토,ORIGINAL,일반,2025-03-18 10:25:05.000 +09,경기,(주)스타오토넷,149하3378,0,1,0,0.0,33.5849,0,0,
39244278,현대,쏘나타 (DN8),2.0,인스퍼레이션,201908.0,2020,1790.0,65674.0,가솔린,오토,ORIGINAL,일반,2025-03-18 10:20:34.000 +09,광주,드림카마켓,60라1247,2,0,4,195.7084,0.0,0,0,
39098043,현대,LF 쏘나타,LPI 프리미엄 스페셜,,201611.0,2017,850.0,171314.0,LPG(일반인 구입),오토,ORIGINAL,일반,2025-03-18 10:19:15.000 +09,대전,로또자동차,03로0250,0,2,2,0.0,253.143,0,0,
39128650,현대,YF 쏘나타,Y20 럭셔리,,201205.0,2012,480.0,206000.0,가솔린,오토,ORIGINAL,일반,2025-03-18 10:08:43.000 +09,충북,에이치 에스 글로벌,08오0819,3,3,8,191.516,205.846,2,0,
39110137,현대,쏘나타 더 브릴리언트,LPI 스타일,,201310.0,2014,180.0,443700.0,LPG(일반인 구입),오토,ORIGINAL,일반,2025-03-18 10:08:43.000 +09,충북,에이치 에스 글로벌,183누1883,3,0,4,191.6358,0.0,1,0,
39241918,현대,쏘나타 (DN8),1.6 터보,프리미엄,202002.0,2020,1750.0,74033.0,가솔린,오토,ORIGINAL,일반,2025-03-18 10:01:22.000 +09,경기,차란차 주식회사 ,217루5295,1,0,1,124.5617,0.0,1,0,
39195724,현대,쏘나타 (DN8),2.0,프리미엄 밀레니얼,202001.0,2020,1880.0,67610.0,가솔린,오토,ORIGINAL,일반,2025-03-18 09:29:10.000 +09,전북,전주상사,137주1900,2,2,1,451.383,693.809,0,0,
38919708,현대,YF 쏘나타,LPI 프리미어(장애인용),,201003.0,2010,420.0,176044.0,LPG(일반인 구입),오토,ORIGINAL,일반,2025-03-18 09:29:09.000 +09,전북,전주상사,66라6556,4,2,6,324.4405,103.6544,0,0,
37820669,현대,쏘나타 더 브릴리언트,LPI 스마트,,201209.0,2013,530.0,107270.0,LPG(일반인 구입),오토,ORIGINAL,일반,2025-03-18 09:29:09.000 +09,전북,전주상사,22소8331,3,2,1,188.4862,139.971,0,0,
38740523,현대,쏘나타 더 브릴리언트,LPI 스마트,,201304.0,2013,430.0,148092.0,LPG(일반인 구입),오토,ORIGINAL,일반,2025-03-18 09:29:09.000 +09,전북,전주상사,66버5774,7,3,5,972.2431,274.7049,1,0,
39094262,현대,쏘나타 더 브릴리언트,CVVL 스마트,,201307.0,2014,640.0,55106.0,가솔린,오토,ORIGINAL,일반,2025-03-18 09:29:09.000 +09,전북,전주상사,56고2598,6,5,1,433.8274,664.04,0,0,
38355084,현대,YF 쏘나타,LPI 탑,,201003.0,2010,335.0,176903.0,LPG(일반인 구입),오토,ORIGINAL,일반,2025-03-18 09:28:42.000 +09,대구,팡팡모터스,15버8173,6,4,5,988.6507,430.9093,0,0,
39113315,현대,쏘나타 뉴 라이즈,2.0 스마트 스페셜,,201806.0,2019,1470.0,57283.0,가솔린,오토,ORIGINAL,일반,2025-03-18 09:04:44.000 +09,광주,(주)전라도모터스,141조5977,1,0,2,139.3034,0.0,1,0,
38440412,현대,쏘나타 더 브릴리언트,CVVL 스마트,,201303.0,2013,570.0,140407.0,가솔린,오토,ORIGINAL,일반,2025-03-18 09:01:11.000 +09,충북,가가,63마3363,3,2,4,223.356,92.045,0,0,
36928297,현대,쏘나타 더 브릴리언트,LPI 스타일,,201307.0,2014,300.0,337300.0,LPG(일반인 구입),오토,ORIGINAL,일반,2025-03-18 08:51:43.000 +09,광주,송송모터스,283저2735,1,0,3,199.714,0.0,1,0,
39111787,현대,쏘나타 하이브리드 (DN8),프리미엄,(세부등급 없음),202012.0,2021,1749.0,100550.0,가솔린+전기,오토,ORIGINAL,일반,2025-03-18 08:43:28.000 +09,경기,수원중고차,137우9446,1,0,1,21.9939,0.0,1,0,
39200900,현대,쏘나타 (DN8),1.6 터보,프리미엄 플러스,202111.0,2022,1970.0,100943.0,가솔린,오토,ORIGINAL,일반,2025-03-18 08:43:28.000 +09,경기,수원중고차,142부1862,3,0,2,282.224,0.0,0,0,
39200875,현대,쏘나타 (DN8),2.0,인스퍼레이션,202210.0,2023,2150.0,94731.0,가솔린,오토,ORIGINAL,일반,2025-03-18 08:40:18.000 +09,광주,드림카마켓,284도1422,1,0,1,66.07,0.0,0,0,
38724153,현대,쏘나타 (DN8),2.0,프리미엄 패밀리,201904.0,2020,1699.0,58318.0,가솔린,오토,ORIGINAL,일반,2025-03-18 07:00:18.000 +09,경기,태양모터스,182루6779,4,2,4,603.5191,495.8858,1,0,
38884245,현대,쏘나타 뉴 라이즈,LPI 스타일,,201710.0,2018,1150.0,117489.0,LPG(일반인 구입),오토,ORIGINAL,일반,2025-03-18 06:35:08.000 +09,경남,더케어모터스,277오8647,1,0,2,90.5049,0.0,1,0,
38608979,현대,쏘나타 (DN8),2.0,인스퍼레이션,201906.0,2020,2260.0,62423.0,가솔린,오토,ORIGINAL,일반,2025-03-17 23:32:37.000 +09,경기,신성모터스,26다7157,1,1,1,143.9378,225.8535,0,0,
39210095,현대,LF 쏘나타,2.0 스마트,스페셜,201512.0,2016,950.0,131401.0,가솔린,오토,ORIGINAL,일반,2025-03-17 23:30:57.000 +09,경기,(주)아이작,42부0326,1,1,3,54.561,17.8183,0,0,
39086012,현대,뉴 EF 쏘나타,1.8 DOHC,기본형,200301.0,2003,170.0,102053.0,가솔린,수동,ORIGINAL,일반,2025-03-17 22:44:03.000 +09,부산,(주)정진엠티에스,367조9169,2,1,1,62.36,22.795,1,0,
39252774,현대,쏘나타 뉴 라이즈,LPI 스타일,,201809.0,2019,1150.0,159059.0,LPG(일반인 구입),오토,ORIGINAL,일반,2025-03-17 20:45:55.000 +09,인천,수모터스,53하5066,0,3,2,0.0,136.8775,0,0,
38953202,현대,LF 쏘나타,2.0 스마트,(세부등급 없음),201506.0,2015,695.0,154932.0,가솔린,오토,ORIGINAL,일반,2025-03-17 20:11:32.000 +09,강원,태승자동차매매상사,35어3162,3,1,1,222.9374,156.966,0,0,
37857168,현대,쏘나타 뉴 라이즈,LPI 스타일,,201705.0,2018,899.0,123228.0,LPG(일반인 구입),오토,ORIGINAL,일반,2025-03-17 19:59:16.000 +09,부산,(주)제이제이모터스,235거5826,1,0,1,117.755,0.0,1,0,
39166408,현대,쏘나타 하이브리드 (DN8),프리미엄,패밀리,202004.0,2020,1460.0,107276.0,가솔린+전기,오토,ORIGINAL,일반,2025-03-17 19:49:46.000 +09,경기,엘모터스,296마4978,6,6,2,1972.9648,1205.8017,0,0,
39049069,현대,쏘나타 더 브릴리언트,LPI 스마트,,201303.0,2013,520.0,135500.0,LPG(일반인 구입),오토,ORIGINAL,일반,2025-03-17 18:46:26.000 +09,경남,동해자동차매매상사 ,46버1290,2,1,9,249.9195,45.0198,0,0,
38807755,현대,쏘나타 (DN8),2.0 LPG(장애인용),모던,202201.0,2022,2099.0,26818.0,LPG(일반인 구입),오토,ORIGINAL,일반,2025-03-17 18:19:12.000 +09,광주,드림카마켓,191나7931,1,2,2,90.5504,103.9015,0,0,
38965910,현대,쏘나타 (DN8),1.6 터보,프리미엄 패밀리,202002.0,2020,1855.0,83332.0,가솔린,오토,ORIGINAL,일반,2025-03-17 18:19:12.000 +09,광주,드림카마켓,130나9577,0,0,2,0.0,0.0,1,0,
38142070,현대,YF 쏘나타,F24 GDI,최고급형,201003.0,2010,450.0,82000.0,가솔린,오토,ORIGINAL,일반,2025-03-17 16:52:06.000 +09,경기,힐링모터스,42더5015,0,1,1,0.0,60.213,0,0,
39180063,현대,쏘나타 (DN8),2.0 LPG(렌터카용),스타일,202204.0,2022,1520.0,68465.0,LPG(일반인 구입),오토,ORIGINAL,일반,2025-03-17 16:37:20.000 +09,경기,솔카,271보9485,0,1,1,0.0,64.0601,1,0,
39103203,현대,쏘나타 (DN8),2.0 LPG(렌터카용),스타일,202111.0,2022,1240.0,158024.0,LPG(일반인 구입),오토,ORIGINAL,일반,2025-03-17 16:37:19.000 +09,경기,솔카,232조9147,0,1,1,0.0,79.4167,1,0,
39246511,현대,YF 쏘나타,LPI 프리미어(장애인용),,201102.0,2011,279.0,217961.0,LPG(일반인 구입),오토,ORIGINAL,일반,2025-03-17 16:33:53.000 +09,충북,서청주자동차매매상사,22거6535,6,4,1,448.7281,389.9782,0,0,
39100550,현대,LF 쏘나타,2.0 스마트,(세부등급 없음),201506.0,2015,1350.0,8464.0,가솔린,오토,ORIGINAL,일반,2025-03-17 15:17:02.000 +09,경기,(주)유신모터스,22모4549,1,0,1,74.4837,0.0,0,0,
37280375,현대,YF 쏘나타,Y20 월드컵 스페셜 에디션,,201009.0,2010,450.0,125222.0,가솔린,오토,ORIGINAL,일반,2025-03-17 14:56:29.000 +09,충북,정모터스,57저2154,2,3,4,112.1468,109.53,0,0,
37309015,현대,LF 쏘나타,LPI 스마트,,201605.0,2017,880.0,165548.0,LPG(일반인 구입),오토,ORIGINAL,일반,2025-03-17 14:56:28.000 +09,충북,정모터스,54더5864,2,4,4,114.5699,327.817,1,0,
38683836,현대,쏘나타 하이브리드,2.0,스마트,201310.0,2014,880.0,78329.0,가솔린+전기,오토,ORIGINAL,일반,2025-03-17 14:05:57.000 +09,울산,보스모터스,50부1562,1,1,5,95.0078,70.0,0,0,
38678598,현대,쏘나타 더 브릴리언트,LPI 스마트,,201304.0,2013,390.0,182149.0,LPG(일반인 구입),오토,ORIGINAL,일반,2025-03-17 13:59:35.000 +09,대전,주)대동모터스,69노1720,0,1,5,0.0,38.5048,1,0,
39043628,현대,LF 쏘나타,2.0 스타일,스페셜,201608.0,2017,800.0,152382.0,가솔린,오토,ORIGINAL,일반,2025-03-17 13:15:25.000 +09,경기,슬기로운딜러생활,12거4583,3,0,0,344.1973,0.0,1,0,
39029033,현대,쏘나타 (DN8),2.0,인스퍼레이션,201906.0,2020,1800.0,133225.0,가솔린,오토,ORIGINAL,일반,2025-03-17 12:35:44.000 +09,경기,무결점 카모터스,68도3407,4,2,1,438.936,117.565,0,0,
39242637,현대,쏘나타 디 엣지(DN8),1.6 터보,익스클루시브,202502.0,2025,3100.0,360.0,가솔린,오토,ORIGINAL,일반,2025-03-17 12:10:14.000 +09,대전,최고자동차 매매상사,184모3092,0,0,1,0.0,0.0,0,0,
39111972,현대,쏘나타 (DN8),2.0 LPG(렌터카용),스마트,202109.0,2022,1650.0,92022.0,LPG(일반인 구입),오토,ORIGINAL,일반,2025-03-17 11:27:55.000 +09,광주,장군모터스,262러9491,0,0,2,0.0,0.0,1,0,
38912707,현대,쏘나타 뉴 라이즈,LPI 스타일,,201802.0,2018,1150.0,94202.0,LPG(일반인 구입),오토,ORIGINAL,일반,2025-03-17 11:27:55.000 +09,광주,장군모터스,238러8432,2,3,4,191.871,1014.538,1,0,
38944782,현대,쏘나타 (DN8),2.0 LPG(렌터카용),스마트,202109.0,2022,1650.0,92050.0,LPG(일반인 구입),오토,ORIGINAL,일반,2025-03-17 11:27:55.000 +09,광주,장군모터스,262러9415,1,0,2,85.7389,0.0,1,0,
38861338,현대,쏘나타 더 브릴리언트,LPI 스타일,,201307.0,2014,199.0,467327.0,LPG(일반인 구입),오토,ORIGINAL,일반,2025-03-17 11:26:50.000 +09,인천,무릉상사,26서4389,4,1,5,649.8145,52.3929,1,0,
38914292,현대,YF 쏘나타,LPI 프리미어,,200910.0,2010,229.0,352830.0,LPG(일반인 구입),오토,ORIGINAL,일반,2025-03-17 11:26:50.000 +09,인천,무릉상사,29더1640,6,7,5,729.2527,911.3353,0,0,
38971600,현대,YF 쏘나타,LPI 디럭스,,201107.0,2011,199.0,241010.0,LPG(일반인 구입),오토,ORIGINAL,일반,2025-03-17 11:26:31.000 +09,인천,무릉상사,15누7847,2,0,3,65.254,0.0,1,0,
39105517,현대,YF 쏘나타,LPI 프리미어,,201002.0,2010,229.0,236367.0,LPG(일반인 구입),오토,ORIGINAL,일반,2025-03-17 11:26:21.000 +09,인천,무릉상사,31조7712,1,3,1,113.0831,149.8979,0,0,
39124568,현대,YF 쏘나타,LPI 럭셔리,,201103.0,2011,179.0,547430.0,LPG(일반인 구입),오토,ORIGINAL,일반,2025-03-17 11:26:11.000 +09,인천,무릉상사,362너4386,1,0,3,28.587,0.0,1,0,
39182427,현대,쏘나타 하이브리드,2.0,프리미엄,201111.0,2012,329.0,266220.0,가솔린+전기,오토,ORIGINAL,일반,2025-03-17 11:26:10.000 +09,인천,무릉상사,42러0689,1,0,2,29.2108,0.0,1,0,
39246205,현대,NF 쏘나타,LPG N20 럭셔리,고급형,200701.0,2007,330.0,161524.0,LPG(일반인 구입),오토,ORIGINAL,일반,2025-03-17 10:50:41.000 +09,부산,,08무7777,6,4,1,449.3856,530.0236,0,0,
38759350,현대,쏘나타 뉴 라이즈,2.0 스마트,,201707.0,2018,990.0,159798.0,가솔린,오토,ORIGINAL,일반,2025-03-17 10:49:35.000 +09,대구,형제종합자동차상사,336무5452,0,1,2,0.0,119.3773,1,0,
38759350,현대,쏘나타 뉴 라이즈,2.0 스마트,,201707.0,2018,990.0,159798.0,가솔린,오토,ORIGINAL,일반,2025-03-17 10:49:35.000 +09,대구,형제종합자동차상사,336무5452,0,1,3,0.0,119.3773,1,0,
38718431,현대,쏘나타 (DN8),1.6 터보,인스퍼레이션,202306.0,2023,3000.0,15745.0,가솔린,오토,ORIGINAL,일반,2025-03-17 10:39:28.000 +09,경기,하이코르오토(주),228가5731,0,0,0,0.0,0.0,0,0,
38852807,현대,쏘나타 더 브릴리언트,LPI 택시형,모던,201309.0,2014,260.0,312083.0,LPG(일반인 구입),오토,ORIGINAL,일반,2025-03-17 10:38:22.000 +09,대구,지니모터스,46나5234,3,5,4,464.2025,315.0257,1,0,
38659611,현대,쏘나타 뉴 라이즈 하이브리드,스마트,,201708.0,2018,999.0,157518.0,가솔린+전기,오토,ORIGINAL,일반,2025-03-17 09:01:56.000 +09,광주,이슬모터스,197소4278,1,0,3,110.115,0.0,1,0,
38846090,현대,쏘나타 더 브릴리언트,LPI 모던,,201304.0,2013,570.0,103163.0,LPG(일반인 구입),오토,ORIGINAL,일반,2025-03-17 09:00:06.000 +09,울산,현대상사,35수7889,3,0,3,190.5303,0.0,0,0,
37897924,현대,YF 쏘나타,LPI 프리미어(장애인용),,201010.0,2011,390.0,161931.0,LPG(일반인 구입),오토,ORIGINAL,일반,2025-03-17 08:58:55.000 +09,대전,(주)마이카,34머5394,7,5,3,617.7563,498.2789,0,0,
38968534,현대,LF 쏘나타 하이브리드,2.0 HEV,모던,201503.0,2015,990.0,138056.0,가솔린+전기,오토,ORIGINAL,일반,2025-03-17 08:48:54.000 +09,경기,수성자동차,42두9041,2,0,3,84.328,0.0,0,0,
39088406,현대,YF 쏘나타,LPI 럭셔리,,201111.0,2012,390.0,103824.0,LPG(일반인 구입),오토,ORIGINAL,일반,2025-03-16 22:34:46.000 +09,경남,일등모터스,31보1216,2,2,2,79.4299,107.486,0,0,
39179295,현대,쏘나타 하이브리드 (DN8),프리미엄,패밀리,201910.0,2020,2280.0,28544.0,가솔린+전기,오토,ORIGINAL,일반,2025-03-16 19:46:22.000 +09,광주,(유)하남모터스,328보4357,0,0,0,0.0,0.0,0,0,
39241069,현대,YF 쏘나타,Y20 프리미어,고급형,200909.0,2010,360.0,130614.0,가솔린,오토,ORIGINAL,일반,2025-03-16 17:58:22.000 +09,전북,,63두5791,3,3,4,112.981,772.3898,1,0,
39020405,현대,NF 쏘나타 트랜스폼,LPG N20 프리미어,,200907.0,2010,499.0,82810.0,LPG(일반인 구입),오토,ORIGINAL,일반,2025-03-16 15:01:07.000 +09,울산,대경자동차매매상사,59거1246,2,1,2,61.834,57.9566,0,0,
38942026,현대,YF 쏘나타,Y20 프라임,블랙,201106.0,2011,549.0,140288.0,가솔린,오토,ORIGINAL,일반,2025-03-16 15:01:06.000 +09,울산,대경자동차매매상사,45도4201,11,3,4,493.6648,218.4338,0,0,
38030530,현대,LF 쏘나타,2.0 스마트,(세부등급 없음),201504.0,2015,1299.0,88075.0,가솔린,오토,ORIGINAL,일반,2025-03-16 15:01:06.000 +09,울산,대경자동차매매상사,55저5761,3,1,2,165.9296,64.808,0,0,
39063259,현대,쏘나타 뉴 라이즈,2.0 스마트 스페셜,,201902.0,2019,1549.0,61228.0,가솔린,오토,ORIGINAL,일반,2025-03-16 15:01:06.000 +09,울산,대경자동차매매상사,12서2346,3,1,4,135.1646,31.242,0,0,
39063869,현대,LF 쏘나타,LPI 프리미엄 스페셜,,201410.0,2015,1299.0,73590.0,LPG(일반인 구입),오토,ORIGINAL,일반,2025-03-16 15:01:05.000 +09,울산,대경자동차매매상사,53누5553,0,0,5,0.0,0.0,1,0,
37496116,현대,쏘나타 뉴 라이즈,LPI 스타일,,201705.0,2018,970.0,110171.0,LPG(일반인 구입),오토,ORIGINAL,일반,2025-03-16 13:11:35.000 +09,경기,고고모터스,333무5302,1,0,1,246.857,0.0,1,0,
38670009,현대,쏘나타 뉴 라이즈 하이브리드,2.0 플러그인 HEV,익스클루시브,201709.0,2018,1810.0,62715.0,가솔린+전기,오토,ORIGINAL,일반,2025-03-16 12:36:59.000 +09,경기,아인모터스,170버8726,0,0,2,0.0,0.0,1,0,
39128609,현대,쏘나타 뉴 라이즈,2.0 스타일,,201707.0,2018,1320.0,92831.0,가솔린,오토,ORIGINAL,일반,2025-03-16 09:44:52.000 +09,광주,(유)홍길동상사,61나9539,0,0,1,0.0,0.0,0,0,
39201090,현대,YF 쏘나타,Y20 프리미어,고급형,201004.0,2010,499.0,166412.0,가솔린,오토,ORIGINAL,일반,2025-03-16 09:00:22.000 +09,충남,가나모터스,24너3636,1,1,4,35.1802,95.524,0,0,
38546946,현대,쏘나타 하이브리드 (DN8),인스퍼레이션,,202103.0,2021,2600.0,60759.0,가솔린+전기,오토,ORIGINAL,일반,2025-03-15 20:28:04.000 +09,경기,(주)우리들모터스,164나6202,0,1,3,0.0,51.4806,1,0,
37460200,현대,쏘나타 더 브릴리언트,LPI 모던(장애인용),,201209.0,2013,690.0,71127.0,LPG(일반인 구입),오토,ORIGINAL,일반,2025-03-15 20:01:00.000 +09,인천,오토그린,28거7119,3,1,0,781.6488,173.8826,0,0,
39005295,현대,YF 쏘나타,LPI 디럭스,,201103.0,2011,350.0,129001.0,LPG(일반인 구입),오토,ORIGINAL,일반,2025-03-15 17:23:33.000 +09,부산,,61루1738,1,1,4,127.719,48.212,1,0,
38450659,현대,쏘나타 (DN8),2.0,프리미엄 패밀리,201908.0,2020,1480.0,97243.0,가솔린,오토,ORIGINAL,일반,2025-03-15 17:00:01.000 +09,경기,조은모터스,210버9548,0,0,3,0.0,0.0,1,0,
39241631,현대,NF 쏘나타 트랜스폼,LPG N20 럭셔리,,200908.0,2010,190.0,160417.0,LPG(일반인 구입),오토,ORIGINAL,일반,2025-03-15 16:53:07.000 +09,경기,오토돔,51모6085,1,1,2,58.329,27.852,0,0,
39241497,현대,쏘나타 더 브릴리언트,LPI 프리미엄,,201210.0,2013,480.0,142459.0,LPG(일반인 구입),오토,ORIGINAL,일반,2025-03-15 15:57:27.000 +09,전북,곤 모터스,23나9068,1,0,3,32.1418,0.0,0,0,
39176193,현대,쏘나타 뉴 라이즈,LPI 택시형,모던,201708.0,2018,550.0,239813.0,LPG(일반인 구입),오토,ORIGINAL,일반,2025-03-15 15:54:21.000 +09,경기,마스터카,179조6975,1,0,2,134.1453,0.0,1,0,
39241301,현대,NF 쏘나타 트랜스폼,LPG N20 프리미어,,200809.0,2009,279.0,213000.0,LPG(일반인 구입),오토,ORIGINAL,일반,2025-03-15 14:46:32.000 +09,광주,,20소4056,7,3,2,702.3702,457.6251,0,0,
39121077,현대,쏘나타 디 엣지(DN8),1.6 터보,익스클루시브,202307.0,2024,2900.0,10516.0,가솔린,오토,ORIGINAL,일반,2025-03-15 14:31:44.000 +09,경기,와이엠모터스,114거7439,1,0,0,101.3946,0.0,0,0,
39241224,현대,LF 쏘나타,2.0 스마트,(세부등급 없음),201507.0,2015,850.0,62026.0,가솔린,오토,ORIGINAL,일반,2025-03-15 14:22:00.000 +09,경남,바름모터스,65노5518,3,2,3,177.7242,230.6334,0,0,
38529713,현대,쏘나타 하이브리드 (DN8),프리미엄 플러스,,202109.0,2022,2390.0,67369.0,가솔린+전기,오토,ORIGINAL,일반,2025-03-15 13:38:54.000 +09,경남,골드모터스,297러1169,0,0,1,0.0,0.0,1,0,
39215924,현대,쏘나타 (DN8),2.0,프리미엄,201911.0,2020,1680.0,67766.0,가솔린,오토,ORIGINAL,일반,2025-03-15 12:50:14.000 +09,경기,세계자동차,240우6920,6,5,3,1104.9158,647.6909,0,0,
38638665,현대,LF 쏘나타,LPI 스마트,,201405.0,2015,520.0,149000.0,LPG(일반인 구입),오토,ORIGINAL,일반,2025-03-15 12:17:02.000 +09,대구,극동자동차상사,64주3024,2,7,3,379.584,727.1291,1,0,
39093143,현대,쏘나타 (DN8),2.0,모던,202203.0,2022,1890.0,69336.0,가솔린,오토,ORIGINAL,일반,2025-03-15 12:10:41.000 +09,광주,국가대표,223머2494,2,2,2,63.76,248.7629,1,0,
39199288,현대,쏘나타 (DN8),2.0,인스퍼레이션,201904.0,2020,2220.0,47000.0,가솔린,오토,ORIGINAL,일반,2025-03-15 11:14:31.000 +09,부산,,65조4269,1,1,1,32.397,129.4208,0,0,
39182915,현대,YF 쏘나타,LPI 디럭스,,201108.0,2012,170.0,355623.0,LPG(일반인 구입),오토,ORIGINAL,일반,2025-03-15 09:37:19.000 +09,광주,이슬모터스,02마2719,1,2,3,182.4018,216.6062,1,0,
38865811,현대,LF 쏘나타,LPI 택시형,스타일,201503.0,2015,370.0,253999.0,LPG(일반인 구입),오토,ORIGINAL,일반,2025-03-15 09:36:19.000 +09,부산,건강한중고차,171버7855,4,0,2,335.8309,0.0,1,0,
39240208,현대,쏘나타 뉴 라이즈,2.0 스마트 초이스,,201902.0,2019,1300.0,85850.0,가솔린,오토,ORIGINAL,일반,2025-03-14 21:44:19.000 +09,서울,,174로8402,1,0,2,65.6754,0.0,1,0,
38844438,현대,쏘나타 더 브릴리언트,LPI 스마트,,201404.0,2014,465.0,184175.0,LPG(일반인 구입),오토,ORIGINAL,일반,2025-03-14 19:44:24.000 +09,경남,넘버원모터스,127더8236,1,0,5,46.1018,0.0,1,0,
38645947,현대,쏘나타 더 브릴리언트,LPI 모던,,201312.0,2014,480.0,177895.0,LPG(일반인 구입),오토,ORIGINAL,일반,2025-03-14 17:37:04.000 +09,광주,(주)신성오토모빌,08도2734,3,3,5,185.2288,335.6916,1,0,
39239438,현대,쏘나타 뉴 라이즈,LPI 스타일,,201803.0,2018,1080.0,134409.0,LPG(일반인 구입),오토,ORIGINAL,일반,2025-03-14 17:30:56.000 +09,충북,충북자동차매매상사,190구3945,1,0,2,41.0907,0.0,1,0,
38879092,현대,LF 쏘나타,2.0 스마트,(세부등급 없음),201608.0,2016,790.0,156040.0,가솔린,오토,ORIGINAL,일반,2025-03-14 17:16:06.000 +09,충북,JCmotors,38어0534,2,2,2,281.717,147.283,0,0,
39132209,현대,LF 쏘나타,2.0 프리미엄,(세부등급 없음),201405.0,2015,900.0,155702.0,가솔린,오토,ORIGINAL,일반,2025-03-14 16:08:29.000 +09,대전,선명상사,43너8336,5,2,1,569.151,244.2259,0,0,
39005722,현대,쏘나타 더 브릴리언트,LPI 모던,,201310.0,2014,550.0,127238.0,LPG(일반인 구입),오토,ORIGINAL,일반,2025-03-14 16:02:52.000 +09,대전,주식회사 누리자동차,13우7995,6,2,2,536.0688,224.6634,0,0,
39005713,현대,쏘나타 더 브릴리언트,LPI 스마트,,201208.0,2013,350.0,167273.0,LPG(일반인 구입),오토,ORIGINAL,일반,2025-03-14 16:02:52.000 +09,대전,주식회사 누리자동차,20무2403,3,2,3,282.4383,186.5636,0,0,
38280505,현대,쏘나타 뉴 라이즈,2.0 스마트,,201710.0,2018,1455.0,53775.0,가솔린,오토,ORIGINAL,일반,2025-03-14 15:12:28.000 +09,대구,e모터스,31가1062,0,1,1,0.0,200.0,0,0,
38945231,현대,LF 쏘나타,2.0 스마트,(세부등급 없음),201407.0,2015,600.0,180152.0,가솔린,오토,ORIGINAL,일반,2025-03-14 12:57:45.000 +09,인천,조은자동차매매상사,07고2633,6,1,6,741.0903,25.0,1,0,
38155232,현대,쏘나타 하이브리드 (DN8),프리미엄 플러스,,202105.0,2022,1900.0,105007.0,가솔린+전기,오토,ORIGINAL,일반,2025-03-14 10:17:39.000 +09,경기,슬기로운딜러생활,347부6713,1,0,1,43.823,0.0,1,0,
38611791,현대,쏘나타 디 엣지(DN8),2.0 LPG,인스퍼레이션,202307.0,2024,2990.0,15090.0,LPG(일반인 구입),오토,ORIGINAL,일반,2025-03-14 09:34:48.000 +09,대전,(주)수정모터스,187가4197,2,0,0,500.856,0.0,0,0,
39181509,현대,쏘나타 뉴 라이즈,2.0 스마트,,201704.0,2018,1200.0,88900.0,가솔린,오토,ORIGINAL,일반,2025-03-14 09:28:12.000 +09,경기,,42서3010,1,1,0,481.651,212.4348,0,0,
39195301,현대,쏘나타 하이브리드 (DN8),스마트,,201909.0,2020,1440.0,137447.0,가솔린+전기,오토,ORIGINAL,일반,2025-03-14 08:50:37.000 +09,경남,디오오토갤러리,146라2171,1,0,1,42.182,0.0,0,0,
39191831,현대,YF 쏘나타,LPI 디럭스,,200912.0,2010,350.0,95305.0,LPG(일반인 구입),오토,ORIGINAL,일반,2025-03-14 08:43:38.000 +09,부산,신진상사,33무7268,7,3,2,460.6736,245.555,0,0,
38488556,현대,쏘나타 뉴 라이즈,LPI 택시형,모던,202102.0,2021,1030.0,129556.0,LPG(일반인 구입),오토,ORIGINAL,일반,2025-03-13 18:24:23.000 +09,경기,서울자동차매매상사,217도3168,2,0,1,454.0126,0.0,1,0,
39004480,현대,LF 쏘나타 하이브리드,2.0 HEV,모던,201601.0,2016,980.0,150000.0,가솔린+전기,오토,ORIGINAL,일반,2025-03-13 17:54:17.000 +09,대전,한강 모터스,28어0968,1,0,1,56.4403,0.0,0,0,
39156514,현대,YF 쏘나타,LPI 탑,,201005.0,2010,480.0,120000.0,LPG(일반인 구입),오토,ORIGINAL,일반,2025-03-13 17:44:46.000 +09,대전,주 삼일상사,50서6933,1,0,0,30.062,0.0,0,0,
38334990,현대,YF 쏘나타,LPI 프리미어,,200910.0,2010,370.0,112912.0,가솔린,오토,ORIGINAL,일반,2025-03-13 16:41:34.000 +09,대구,V-카모터스,62두7534,2,1,1,138.2889,139.73,0,0,
38988639,현대,쏘나타 더 브릴리언트,LPI 스타일,,201208.0,2013,315.0,251150.0,LPG(일반인 구입),오토,ORIGINAL,일반,2025-03-13 16:25:41.000 +09,대구,,07부6815,1,1,4,81.1759,227.6963,1,0,
38070251,현대,LF 쏘나타,1.7 디젤 스타일,,201510.0,2016,560.0,179025.0,디젤,오토,ORIGINAL,일반,2025-03-13 13:28:24.000 +09,서울,은창티에프(주),56부0695,1,1,1,119.9889,50.7541,0,0,
39176042,현대,LF 쏘나타,LPI 모던(장애인용),,201405.0,2015,1050.0,128386.0,LPG(일반인 구입),오토,ORIGINAL,일반,2025-03-13 13:17:00.000 +09,광주,파워자동차,13노7161,7,0,3,319.9706,0.0,0,0,
39215057,현대,LF 쏘나타,1.7 디젤 케어플러스,,201609.0,2017,840.0,121969.0,디젤,오토,ORIGINAL,일반,2025-03-13 12:59:01.000 +09,경기,주) 스마트자동차,21머0318,4,4,1,297.6531,429.8663,0,0,
38810851,현대,쏘나타 뉴 라이즈,2.0 프리미엄 스페셜,,201711.0,2018,1550.0,66192.0,가솔린,오토,ORIGINAL,일반,2025-03-13 11:33:47.000 +09,광주,(주)케이에스상사,124루2739,0,0,3,0.0,0.0,1,0,
39203476,현대,LF 쏘나타,2.0 스마트,(세부등급 없음),201505.0,2015,1020.0,97470.0,가솔린,오토,ORIGINAL,일반,2025-03-13 10:52:54.000 +09,경기,오토돔,58노9212,0,1,2,0.0,50.0,0,0,
39221971,현대,쏘나타 더 브릴리언트,CVVL 모던,,201304.0,2013,530.0,159587.0,가솔린,오토,ORIGINAL,일반,2025-03-13 10:36:17.000 +09,경기,형제자동차,66가3778,4,1,1,203.8647,0.0,0,0,
39073211,현대,YF 쏘나타,Y20 럭셔리,,201111.0,2012,319.0,159252.0,가솔린,오토,ORIGINAL,일반,2025-03-13 09:56:11.000 +09,경기,킹카,68버7993,3,2,8,328.4661,338.6026,0,0,
39220998,현대,NF 쏘나타,LPG N20 디럭스,고급형,200604.0,2006,130.0,262000.0,LPG(일반인 구입),오토,ORIGINAL,일반,2025-03-13 08:51:55.000 +09,부산,,45모6229,6,3,5,509.2227,192.2937,1,0,
38923841,현대,쏘나타 하이브리드 (DN8),프리미엄 플러스,,202201.0,2022,2480.0,30851.0,가솔린+전기,오토,ORIGINAL,일반,2025-03-13 01:26:07.000 +09,경기,(주)대기자동차,155구7211,0,0,1,0.0,0.0,0,0,
39218437,현대,뉴 EF 쏘나타,LPG 2.0 TXL,,200412.0,2004,1500.0,132175.0,LPG(일반인 구입),오토,ORIGINAL,일반,2025-03-12 18:00:38.000 +09,경기,,17버4890,6,2,2,566.3278,167.99,0,0,
38324407,현대,쏘나타 (DN8),1.6 터보,프리미엄 밀레니얼,202006.0,2020,2050.0,78797.0,가솔린,오토,ORIGINAL,일반,2025-03-12 17:01:24.000 +09,광주,행복모터스,345보9296,3,1,1,440.944,107.858,0,0,
39088283,현대,LF 쏘나타,2.0 프리미엄,스페셜,201601.0,2016,1150.0,134893.0,가솔린,오토,ORIGINAL,일반,2025-03-12 16:26:58.000 +09,충북,살카팔카,23서0304,1,2,1,178.4446,175.1475,0,0,
39072800,현대,쏘나타 뉴 라이즈,1.6 터보 스타일,,201707.0,2018,1099.0,101320.0,가솔린,오토,ORIGINAL,일반,2025-03-12 11:48:23.000 +09,부산,(주)뉴부산모터스,10오9211,5,2,4,726.0355,306.826,0,0,
38430502,현대,쏘나타 뉴 라이즈,LPI 프리미엄,,201704.0,2018,1190.0,143920.0,LPG(일반인 구입),오토,ORIGINAL,일반,2025-03-12 11:05:45.000 +09,광주,금상모터스,31저1292,0,0,5,0.0,0.0,0,0,
38862043,현대,LF 쏘나타,LPI 모던(장애인용),,201411.0,2015,870.0,177804.0,LPG(일반인 구입),오토,ORIGINAL,일반,2025-03-12 11:05:45.000 +09,광주,금상모터스,37머3437,2,1,5,160.8899,528.468,0,0,
39120846,현대,쏘나타 뉴 라이즈,LPI 프리미엄,,201803.0,2018,1049.0,184200.0,LPG(일반인 구입),오토,ORIGINAL,일반,2025-03-12 11:05:45.000 +09,광주,금상모터스,239무2912,0,1,2,0.0,98.565,1,0,
39194298,현대,NF 쏘나타 트랜스폼,N20 트랜스폼,기본형,200901.0,2009,290.0,150000.0,가솔린,오토,ORIGINAL,일반,2025-03-12 08:25:52.000 +09,경기,삼원자동차,67두1176,1,1,4,9.9,65.7086,0,0,
38980717,현대,쏘나타 디 엣지 하이브리드(DN8),프리미엄,,202307.0,2024,1810.0,20000.0,가솔린+전기,오토,ORIGINAL,렌트,2025-03-12 08:21:05.000 +09,울산,,156하9273,0,0,0,0.0,0.0,0,0,
39209497,현대,쏘나타 디 엣지(DN8),2.0,익스클루시브,202307.0,2024,2420.0,18000.0,가솔린,오토,ORIGINAL,렌트,2025-03-11 20:56:40.000 +09,경기,,195호8634,1,0,0,110.627,0.0,0,0,
38859541,현대,LF 쏘나타 하이브리드,2.0 HEV,프리미엄,201603.0,2016,950.0,100210.0,가솔린+전기,오토,ORIGINAL,일반,2025-03-11 16:01:22.000 +09,경기,슬기로운딜러생활,69노0739,3,2,5,1232.5919,2094.8492,0,0,
39207398,현대,쏘나타 뉴 라이즈 하이브리드,모던,,201709.0,2018,950.0,249081.0,가솔린+전기,오토,ORIGINAL,일반,2025-03-11 15:58:13.000 +09,경기,주식회사 씨피오토모티브,31다5650,0,1,0,0.0,152.7015,0,0,
36497502,현대,쏘나타 더 브릴리언트,LPI 프리미엄,,201308.0,2014,500.0,188662.0,LPG(일반인 구입),오토,ORIGINAL,일반,2025-03-11 15:30:20.000 +09,대전,주식회사김서방,27주3969,2,0,2,151.907,0.0,0,0,
39194855,현대,쏘나타 (DN8),2.0 LPG(렌터카용),스마트,202002.0,2020,1630.0,70541.0,LPG(일반인 구입),오토,ORIGINAL,일반,2025-03-11 13:01:31.000 +09,광주,오토랜드,281수8857,3,2,1,273.5127,94.741,1,0,
39195765,현대,쏘나타 더 브릴리언트,LPI 택시형,스타일,201401.0,2014,199.0,557380.0,LPG(일반인 구입),오토,ORIGINAL,일반,2025-03-10 15:14:37.000 +09,대전,메인모터스,104소4038,19,0,5,2329.21,0.0,1,0,
39189023,현대,쏘나타 더 브릴리언트,LPI 택시형,프리미엄,201302.0,2013,280.0,321892.0,LPG(일반인 구입),오토,ORIGINAL,일반,2025-03-09 19:28:33.000 +09,서울,,197도8927,4,0,2,426.7286,0.0,1,0,
38952922,현대,쏘나타 (DN8),2.0,프리미엄,201909.0,2020,1799.0,69561.0,가솔린,오토,ORIGINAL,일반,2025-03-08 18:56:29.000 +09,울산,대성 자동차 상사,323주5878,3,2,4,211.103,60.7048,1,0,
38763616,현대,LF 쏘나타,2.0 스마트,스페셜,201609.0,2017,1060.0,117032.0,가솔린,오토,ORIGINAL,일반,2025-03-06 16:56:38.000 +09,부산,준성상사,293오9410,1,2,5,35.0023,0.0,1,0,
39174605,현대,쏘나타 뉴 라이즈,2.0 스마트 스페셜,,201903.0,2019,1290.0,90259.0,가솔린,오토,ORIGINAL,일반,2025-03-06 16:46:15.000 +09,경남,창원모터스,223우7150,2,0,5,183.4794,0.0,1,0,
37037337,현대,쏘나타 (DN8),2.0 LPG(렌터카용),스마트,202008.0,2021,1690.0,35616.0,LPG(일반인 구입),오토,ORIGINAL,일반,2025-03-05 18:10:09.000 +09,대구,케이지 모터스,224나4619,0,0,1,0.0,0.0,1,0,
39160264,현대,쏘나타 (DN8),2.0,프리미엄 패밀리,201912.0,2020,1760.0,89697.0,가솔린,오토,ORIGINAL,일반,2025-03-05 16:16:55.000 +09,경기,(주)오토엠,116부2895,4,1,0,216.4267,52.669,0,0,
39150503,현대,쏘나타 뉴 라이즈,2.0 스마트,,201707.0,2018,1250.0,114286.0,가솔린,오토,ORIGINAL,일반,2025-03-05 15:15:26.000 +09,부산,스타모터스,36머7285,1,1,2,42.876,25.279,0,0,
39064615,현대,LF 쏘나타,LPI 모던,,201404.0,2015,700.0,120859.0,LPG(일반인 구입),오토,ORIGINAL,일반,2025-03-05 14:11:11.000 +09,경기,(주)좋은차,04저5987,3,1,2,170.9717,38.7724,1,0,
38750089,현대,쏘나타 하이브리드,2.0,프리미엄,201307.0,2014,500.0,188842.0,가솔린+전기,오토,ORIGINAL,일반,2025-03-05 14:10:54.000 +09,경기,(주)좋은차,18라3498,0,0,7,0.0,0.0,0,0,
37918715,현대,쏘나타 뉴 라이즈,LPI 스타일,,201810.0,2019,1290.0,102304.0,LPG(일반인 구입),오토,ORIGINAL,일반,2025-03-05 12:36:25.000 +09,울산,아빠모터스,391노4265,0,1,3,0.0,45.7619,1,0,
39068894,현대,LF 쏘나타,1.6 터보 스타일,,201510.0,2016,1230.0,53719.0,가솔린,오토,ORIGINAL,일반,2025-03-05 06:53:38.000 +09,경북,태양모터스,53라0887,5,0,2,244.816,0.0,0,0,
38619251,현대,쏘나타 하이브리드 (DN8),프리미엄,패밀리,202007.0,2021,1550.0,120310.0,가솔린+전기,오토,ORIGINAL,일반,2025-03-04 17:34:58.000 +09,경기,무결점카모터스,101저1260,5,0,1,763.6418,0.0,0,0,
38415529,현대,쏘나타 (DN8),2.0 LPG(렌터카용),스타일,201912.0,2020,1399.0,123833.0,LPG(일반인 구입),오토,ORIGINAL,일반,2025-03-02 17:03:15.000 +09,경기,우리들모터스,345라7700,0,0,1,0.0,0.0,1,0,
39145592,현대,쏘나타 하이브리드 (DN8),스마트,,202012.0,2021,1490.0,109795.0,가솔린+전기,오토,ORIGINAL,일반,2025-03-01 21:04:25.000 +09,경기,기능장중고차,222누7443,0,0,0,0.0,0.0,1,0,
38317946,현대,LF 쏘나타,2.0 프리미엄,(세부등급 없음),201404.0,2015,820.0,157012.0,가솔린,오토,ORIGINAL,일반,2025-02-28 17:52:01.000 +09,경남,우신자동차매매상사,55고2503,0,0,4,0.0,0.0,0,0,
38784625,현대,쏘나타 디 엣지(DN8),2.0 LPG(영업용),모빌리티,202407.0,2025,2430.0,8900.0,LPG(일반인 구입),오토,ORIGINAL,일반,2025-02-28 16:51:32.000 +09,대구,하나상사,384주3373,0,0,1,0.0,0.0,1,0,
39086476,현대,LF 쏘나타,2.0 스타일,스페셜,201601.0,2016,950.0,85769.0,가솔린,오토,ORIGINAL,일반,2025-02-28 13:30:20.000 +09,울산,신우모터스,223부9160,0,2,5,0.0,189.8698,1,0,
37865452,현대,LF 쏘나타,LPI 모던,,201405.0,2015,420.0,180910.0,LPG(일반인 구입),오토,ORIGINAL,일반,2025-02-27 07:42:39.000 +09,전북,곤 모터스,51버9172,6,4,4,1504.7706,1701.317,0,0,
39122102,현대,쏘나타 (DN8),2.0,프리미엄,201907.0,2020,1590.0,54400.0,가솔린,오토,ORIGINAL,일반,2025-02-26 14:40:53.000 +09,부산,모터풀,201거5039,0,0,2,0.0,0.0,1,0,
38962195,현대,LF 쏘나타,2.0 스마트,(세부등급 없음),201407.0,2015,1199.0,67737.0,가솔린,오토,ORIGINAL,일반,2025-02-24 09:27:24.000 +09,울산,중원모터스,51부7857,5,1,3,674.8173,107.6714,0,0,
39095331,현대,쏘나타 하이브리드 (DN8),프리미엄,패밀리,201909.0,2020,1790.0,146593.0,가솔린+전기,오토,ORIGINAL,일반,2025-02-21 19:21:15.000 +09,경기,제이에스오토,252러6271,1,0,5,80.0229,0.0,1,0,
38584938,현대,쏘나타 뉴 라이즈,LPI 택시형,스타일,201706.0,2018,599.0,226571.0,LPG(일반인 구입),오토,ORIGINAL,일반,2025-02-21 12:44:56.000 +09,경기,(주)애니카모터스,341루7412,2,0,1,160.1059,0.0,1,0,
39084769,현대,LF 쏘나타,1.6 터보 스마트,스페셜,201507.0,2016,920.0,105559.0,가솔린,오토,ORIGINAL,일반,2025-02-21 11:40:54.000 +09,경남,,48두4070,0,1,3,0.0,9.0,0,0,
39073115,현대,LF 쏘나타 하이브리드,2.0 HEV,프리미엄 스페셜,201611.0,2017,1360.0,140997.0,가솔린+전기,오토,ORIGINAL,일반,2025-02-19 11:00:38.000 +09,대전,메인모터스,55우0413,1,2,0,76.2998,335.9791,0,0,
39070883,현대,LF 쏘나타,LPI 스마트,,201608.0,2016,480.0,260000.0,LPG(일반인 구입),오토,ORIGINAL,일반,2025-02-19 06:56:47.000 +09,서울,시몬카,373노3493,3,1,1,406.0164,162.7198,1,0,
38990274,현대,쏘나타 (DN8),1.6 터보,프리미엄 플러스,202201.0,2022,2100.0,26141.0,가솔린,오토,ORIGINAL,일반,2025-02-14 17:08:49.000 +09,부산,smile,234마2447,2,1,0,249.0186,144.3082,0,0,
39033907,현대,쏘나타 (DN8),2.0 LPG(렌터카용),스마트,202105.0,2021,1480.0,82630.0,LPG(일반인 구입),오토,ORIGINAL,일반,2025-02-13 14:37:14.000 +09,경기,(주)지앤씨모터스,251가8370,1,0,1,105.667,0.0,1,0,
38703407,현대,쏘나타 더 브릴리언트,LPI 스마트,,201304.0,2013,490.0,199257.0,LPG(일반인 구입),오토,ORIGINAL,일반,2025-02-13 10:53:02.000 +09,전북,153,315보9293,1,2,9,201.304,97.8956,2,0,
38948615,현대,쏘나타 디 엣지(DN8),2.0 LPG(영업용),모빌리티,202408.0,2025,2390.0,15504.0,LPG(일반인 구입),오토,ORIGINAL,일반,2025-02-11 23:13:07.000 +09,대구,하나상사,235버6206,0,0,1,0.0,0.0,1,0,
39006081,현대,NF 쏘나타,LPG N20 디럭스,기본형,200709.0,2008,160.0,140000.0,LPG(일반인 구입),오토,ORIGINAL,일반,2025-02-09 21:50:39.000 +09,경남,,26루6314,5,2,1,197.7516,580.665,0,0,
38952708,현대,쏘나타 뉴 라이즈,2.0 터보 스마트,,201704.0,2018,1600.0,24660.0,가솔린,오토,ORIGINAL,일반,2025-02-07 18:04:10.000 +09,서울,,65무8056,1,1,1,180.117,120.142,0,0,
38621653,현대,쏘나타 (DN8),1.6 터보,인스퍼레이션,202008.0,2021,2640.0,37468.0,가솔린,오토,ORIGINAL,일반,2025-02-06 13:03:11.000 +09,전북,애플모터스,263다9777,0,1,1,0.0,106.9,0,0,
38916168,현대,쏘나타 뉴 라이즈,LPI 택시형,스타일,201810.0,2019,1090.0,84000.0,LPG(일반인 구입),오토,ORIGINAL,일반,2025-02-05 11:38:50.000 +09,부산,동원모터스,244무8837,0,0,1,0.0,0.0,1,0,
38954675,현대,LF 쏘나타 하이브리드,2.0 HEV,프리미엄 스페셜,201507.0,2016,1520.0,49000.0,가솔린+전기,오토,ORIGINAL,일반,2025-01-28 14:23:03.000 +09,전남,,11무3206,0,0,2,0.0,0.0,0,0,
38528229,현대,LF 쏘나타,LPI 프리미엄 스페셜,,201412.0,2015,1010.0,108854.0,LPG(일반인 구입),오토,ORIGINAL,일반,2025-01-23 15:07:38.000 +09,경기,다온모터스,57두7358,2,0,3,144.409,0.0,0,0,
38903538,현대,쏘나타 (DN8),2.0,프리미엄 플러스,202110.0,2022,2080.0,50220.0,가솔린,오토,ORIGINAL,일반,2025-01-20 10:38:06.000 +09,광주,(주)자연자동차,292주5862,0,0,2,0.0,0.0,1,0,
38560288,현대,쏘나타 뉴 라이즈,2.0 스마트,,201707.0,2018,1290.0,47000.0,가솔린,오토,ORIGINAL,일반,2024-11-18 17:20:49.000 +09,경기,삼원자동차,54나3037,1,0,4,588.352,0.0,0,0,
37996922,현대,LF 쏘나타,2.0 스마트,스페셜,201507.0,2015,860.0,81800.0,가솔린,오토,ORIGINAL,일반,2024-08-14 18:27:07.000 +09,대전,레몬모터스,11수3791,3,0,6,839.8948,0.0,0,0,
20163952,현대,YF 쏘나타,Y20 프리미어,최고급형,201006.0,2010,600.0,146000.0,가솔린,오토,ORIGINAL,일반,2021-01-06 16:15:53.000 +09,세종,,20우7257,6,3,5,638.4677,356.8538,0,0,
