Id,제조사,모델명,배지,세부 배지,연식,모델연도,가격,주행거리,연료,변속기,등록 상태,판매 유형,마지막 수정일,판매지역,판매처,차량번호,내차피해,타차가해,소유자변경이력,내차피해금액,타차가해금액,번호판변경이력,전체침수횟수,일부침수횟수
39276297,현대,아반떼 (CN7),2.0 N,,202205.0,2022,2490.0,16106.0,가솔린,수동,ORIGINAL,일반,2025-03-20 14:27:52.000 +09,대구,동대구자동차상사,322어3863,2,1,2,282.7069,136.4281,1,0,
39169400,현대,더 뉴 아반떼 (CN7),2.0 N,,202404.0,2024,3339.0,3381.0,가솔린,오토,ORIGINAL,일반,2025-03-20 14:27:51.000 +09,경기,(주)정모터스,215소9824,0,0,2,0.0,0.0,0,0,
39169377,현대,더 뉴 아반떼 (CN7),2.0 N,,202404.0,2024,3290.0,2579.0,가솔린,오토,ORIGINAL,일반,2025-03-20 14:27:51.000 +09,경기,(주)정모터스,215소9825,0,0,2,0.0,0.0,0,0,
39169352,현대,더 뉴 아반떼 (CN7),2.0 N,,202404.0,2024,3249.0,2610.0,가솔린,오토,ORIGINAL,일반,2025-03-20 14:27:51.000 +09,경기,(주)정모터스,215소9823,0,0,2,0.0,0.0,0,0,
39273472,현대,아반떼 MD,M16 GDI 스마트,,201209.0,2013,490.0,83312.0,가솔린,오토,ORIGINAL,일반,2025-03-20 14:27:37.000 +09,충북,(주)우리모터스,55너3365,0,0,2,0.0,0.0,0,0,
38987934,현대,아반떼 (CN7),1.6,모던,202006.0,2021,1920.0,18204.0,가솔린,오토,ORIGINAL,일반,2025-03-20 14:27:21.000 +09,경기,국제자동차매매상사,362루1760,0,1,1,0.0,82.576,0,0,
39266117,현대,더 뉴 아반떼 AD,1.6,스타일,201903.0,2019,1180.0,44248.0,가솔린,오토,ORIGINAL,일반,2025-03-20 14:27:16.000 +09,경기,(주)예스카,49나7966,3,0,0,254.743,0.0,0,0,
39220388,현대,더 뉴 아반떼 AD,1.6,스마트,201902.0,2019,1259.0,99125.0,가솔린,오토,ORIGINAL,일반,2025-03-20 14:27:14.000 +09,대구,소중한인연 M-ONE,240부8537,1,0,1,79.5506,0.0,1,0,
38309858,현대,아반떼 (CN7),1.6,인스퍼레이션,202006.0,2021,1790.0,67716.0,가솔린,오토,ORIGINAL,일반,2025-03-20 14:27:12.000 +09,서울,(주)비전 모터스,145서5267,2,0,2,270.2383,0.0,0,0,
39255428,현대,아반떼 AD,1.6 GDI 모던,(세부등급 없음),201610.0,2017,920.0,123846.0,가솔린,오토,ORIGINAL,일반,2025-03-20 14:27:12.000 +09,인천,오토플러스(주),69어0322,1,0,2,78.021,0.0,0,0,
39100090,현대,더 뉴 아반떼 (CN7),2.0 N,,202401.0,2024,3190.0,3696.0,가솔린,오토,ORIGINAL,일반,2025-03-20 14:27:12.000 +09,서울,주식회사 리버모터스,361누5838,0,0,0,0.0,0.0,0,0,
39099859,현대,아반떼 (CN7),1.6,모던,202102.0,2021,9999.0,68667.0,가솔린,오토,ORIGINAL,일반,2025-03-20 14:27:12.000 +09,충남,오토플러스(주),178허9591,0,0,0,0.0,0.0,0,0,
39149513,현대,더 뉴 아반떼 AD,1.6,스마트,201910.0,2020,1450.0,58325.0,가솔린,오토,ORIGINAL,일반,2025-03-20 14:27:12.000 +09,광주,오토플러스,140루6085,0,0,3,0.0,0.0,1,0,
37975805,현대,아반떼 AD,1.6 GDI 밸류 플러스,,201808.0,2018,1060.0,104356.0,가솔린,오토,ORIGINAL,일반,2025-03-20 14:27:12.000 +09,경기,프렌즈모터스,35두4624,5,5,1,396.7543,500.99,0,0,
37338904,현대,아반떼 MD,M16 GDI 럭셔리,,201206.0,2012,379.0,144683.0,가솔린,오토,ORIGINAL,일반,2025-03-20 14:27:12.000 +09,부산,박준표중고차,11오2547,2,1,1,586.24,54.465,1,0,
37379197,현대,아반떼 AD,1.6 GDI 스마트,(세부등급 없음),201510.0,2016,820.0,102112.0,가솔린,오토,ORIGINAL,일반,2025-03-20 14:27:12.000 +09,경기,(주)안산상사,27더5394,3,2,9,68.8413,175.3593,1,0,
39116300,현대,아반떼 AD,1.6 GDI 밸류 플러스,,201808.0,2018,1100.0,94866.0,가솔린,오토,ORIGINAL,일반,2025-03-20 14:27:12.000 +09,경기,국민플러스,14어7887,2,0,0,163.2759,0.0,0,0,
39036129,현대,아반떼 AD,1.6 GDI 모던,(세부등급 없음),201606.0,2016,950.0,109230.0,가솔린,오토,ORIGINAL,일반,2025-03-20 14:27:12.000 +09,경기,㈜오토핸즈,04부0620,1,1,2,77.0472,103.0,0,0,
39059640,현대,더 뉴 아반떼 AD,1.6,스마트,201907.0,2020,1070.0,123810.0,가솔린,오토,ORIGINAL,일반,2025-03-20 14:27:02.000 +09,경남,굿카,300소5762,4,1,3,426.836,129.491,1,0,
39033536,현대,아반떼 MD,M16 GDI 프리미어,,201009.0,2011,389.0,130366.0,가솔린,오토,ORIGINAL,일반,2025-03-20 14:27:02.000 +09,경기,(주)숨카직영점,57저2085,6,3,1,412.368,142.8758,0,0,
38711602,현대,아반떼 (CN7),1.6,모던,202109.0,2021,1830.0,8638.0,가솔린,오토,ORIGINAL,일반,2025-03-20 14:27:02.000 +09,경기,프로모터스,148우4767,0,0,1,0.0,0.0,1,0,
38445608,현대,아반떼 AD,1.6 GDI 밸류 플러스,,201801.0,2018,1195.0,68360.0,가솔린,오토,ORIGINAL,일반,2025-03-20 14:27:02.000 +09,대전,유화 자동차,07어6373,2,0,2,214.864,0.0,0,0,
38587215,현대,아반떼 (CN7),1.6,모던,202011.0,2021,1420.0,46304.0,가솔린,오토,ORIGINAL,일반,2025-03-20 14:27:02.000 +09,울산,극동모터스,142도3174,3,2,3,799.5568,490.8901,0,0,
38799625,현대,더 뉴 아반떼 하이브리드 (CN7),스마트,,202402.0,2024,2310.0,13585.0,가솔린+전기,오토,ORIGINAL,일반,2025-03-20 14:27:02.000 +09,서울,롯데렌탈주식회사,136조6867,0,0,0,0.0,0.0,1,0,
38260321,현대,더 뉴 아반떼,1.6 VGT 스마트,기본형,201503.0,2016,420.0,163536.0,디젤,오토,ORIGINAL,일반,2025-03-20 14:27:02.000 +09,부산,탑오토모터스,12오6938,4,1,1,685.1128,37.6298,0,0,
38077397,현대,더 뉴 아반떼,1.6 GDi 스마트,기본형,201401.0,2014,650.0,92319.0,가솔린,오토,ORIGINAL,일반,2025-03-20 14:27:02.000 +09,경기,오토피아,32모2289,2,2,3,168.7688,136.635,0,0,
39237247,현대,아반떼 하이브리드 (CN7),인스퍼레이션,,202103.0,2021,1950.0,80440.0,가솔린+전기,오토,ORIGINAL,일반,2025-03-20 14:27:02.000 +09,경기,DK모터스,353러9298,1,3,3,105.298,912.1,0,0,
38842891,현대,더 뉴 아반떼,1.6 GDi 스마트,기본형,201505.0,2015,550.0,116069.0,가솔린,오토,ORIGINAL,일반,2025-03-20 14:27:02.000 +09,인천,황소모터스,11소9275,2,1,1,158.3118,98.37,0,0,
39268602,현대,아반떼 AD,1.6 GDI 밸류 플러스,,201807.0,2018,1050.0,88100.0,가솔린,오토,ORIGINAL,일반,2025-03-20 14:27:02.000 +09,울산,어벤져스모터스,05누3756,2,1,2,340.5386,148.08,0,0,
39254674,현대,아반떼 (CN7),1.6,모던,202205.0,2023,1680.0,62841.0,가솔린,오토,ORIGINAL,일반,2025-03-20 14:27:02.000 +09,경기,sk렌터카,133고8812,0,0,0,0.0,0.0,1,0,
38320244,현대,더 뉴 아반떼,1.6 GDi 스마트,기본형,201408.0,2015,590.0,91688.0,가솔린,오토,ORIGINAL,일반,2025-03-20 14:27:02.000 +09,부산,그랜드상사,58노4623,6,2,0,336.4169,196.4968,0,0,
39115270,현대,더 뉴 아반떼 AD,1.6,스마트 초이스,201910.0,2020,1190.0,78613.0,가솔린,오토,ORIGINAL,일반,2025-03-20 14:27:02.000 +09,서울,오토플러스(주),113누8454,1,1,3,0.0,45.6641,1,0,
39139579,현대,아반떼 AD,1.6 터보 스포츠,익스트림 셀렉션,201701.0,2017,929.0,148695.0,가솔린,오토,ORIGINAL,일반,2025-03-20 14:27:02.000 +09,인천,주식회사 모터스퀘어,27마6496,2,0,1,218.4948,0.0,0,0,
39104685,현대,더 뉴 아반떼 (CN7),1.6,모던,202404.0,2024,2250.0,10405.0,가솔린,오토,ORIGINAL,일반,2025-03-20 14:27:02.000 +09,경기,(주)준모터스,131로6875,0,0,0,0.0,0.0,0,0,
39214000,현대,아반떼 AD,1.6 GDI 스타일,,201811.0,2019,1380.0,30191.0,가솔린,오토,ORIGINAL,일반,2025-03-20 14:26:52.000 +09,경남,그린모터스,49거5793,3,6,1,280.9649,342.6051,0,0,
38788194,현대,아반떼 AD,1.6 GDI 스타일,,201510.0,2016,689.0,95000.0,가솔린,수동,ORIGINAL,일반,2025-03-20 14:26:43.000 +09,충남,신천안자동차,32부0762,0,1,1,0.0,31.0098,0,0,
39174093,현대,아반떼 (CN7),1.6,인스퍼레이션,202209.0,2023,2199.0,37052.0,가솔린,오토,ORIGINAL,일반,2025-03-20 14:26:30.000 +09,경기,더나은모터스,100루1887,2,1,3,170.4336,0.0,0,0,
39204047,현대,아반떼 AD,1.6 GDI 밸류 플러스,,201612.0,2017,969.0,100428.0,가솔린,오토,ORIGINAL,일반,2025-03-20 14:26:30.000 +09,경기,더나은모터스,41너0172,0,1,2,0.0,8.0,0,0,
39026830,현대,아반떼 (CN7),1.6,모던,202102.0,2021,1699.0,53180.0,가솔린,오토,ORIGINAL,일반,2025-03-20 14:26:29.000 +09,경기,더나은모터스,309다2481,2,0,1,92.3578,0.0,1,0,
39123508,현대,아반떼 AD,1.6 GDI 밸류 플러스,,201704.0,2017,949.0,94915.0,가솔린,오토,ORIGINAL,일반,2025-03-20 14:26:29.000 +09,경기,더나은모터스,43가9264,3,1,1,236.834,731.24,0,0,
38090539,현대,더 뉴 아반떼,1.6 GDi 모던,기본형,201501.0,2015,699.0,129172.0,가솔린,오토,ORIGINAL,일반,2025-03-20 14:26:12.000 +09,경기,인하모터스,19버4691,2,2,1,116.2843,158.4519,0,0,
37881118,현대,아반떼 AD,1.6 터보 스포츠,(세부등급 없음),201607.0,2017,950.0,95536.0,가솔린,오토,ORIGINAL,일반,2025-03-20 14:26:12.000 +09,인천,(주)국민상사,50가0393,3,2,1,425.4827,76.8308,0,0,
39153098,현대,더 뉴 아반떼 (CN7),1.6,인스퍼레이션,202309.0,2024,2460.0,979.0,가솔린,오토,ORIGINAL,일반,2025-03-20 14:26:12.000 +09,충남,디에스오토 주식회사,213모5720,0,0,1,0.0,0.0,0,0,
39109737,현대,아반떼 (CN7),1.6,인스퍼레이션,202103.0,2021,2090.0,33795.0,가솔린,오토,ORIGINAL,일반,2025-03-20 14:26:12.000 +09,경기,오토플러스(주),112수6527,0,0,0,0.0,0.0,0,0,
39268030,현대,더 뉴 아반떼 AD,1.6,스마트,201811.0,2019,1420.0,61019.0,가솔린,오토,ORIGINAL,일반,2025-03-20 14:26:12.000 +09,경기,카운셀러,183머3248,0,0,2,0.0,0.0,1,0,
38983014,현대,아반떼 하이브리드 (CN7),모던,,202011.0,2021,1610.0,90855.0,가솔린+전기,오토,ORIGINAL,일반,2025-03-20 14:26:12.000 +09,서울,롯데렌탈주식회사,216러7036,2,1,0,216.2963,83.8023,1,0,
38976819,현대,아반떼 (CN7),1.6,인스퍼레이션,202104.0,2021,1767.0,71378.0,가솔린,오토,ORIGINAL,일반,2025-03-20 14:26:12.000 +09,부산,고고카,381보3547,0,3,1,0.0,2097.4572,0,0,
38942066,현대,아반떼 (CN7),1.6,인스퍼레이션,202201.0,2022,1950.0,51125.0,가솔린,오토,ORIGINAL,일반,2025-03-20 14:26:12.000 +09,경기,오토플러스(주),119루4264,1,0,3,123.2904,0.0,1,0,
38938476,현대,아반떼 (CN7),1.6 터보 N Line,인스퍼레이션,202105.0,2021,1799.0,56742.0,가솔린,오토,ORIGINAL,일반,2025-03-20 14:26:12.000 +09,충남,이든자동차,119우5471,4,1,3,467.2397,130.1936,1,0,
39208284,현대,아반떼 (CN7),1.6,인스퍼레이션,202012.0,2021,1640.0,74686.0,가솔린,오토,ORIGINAL,일반,2025-03-20 14:26:12.000 +09,전북,하나모터스,142라1227,1,0,1,374.652,0.0,1,0,
38658887,현대,아반떼 (CN7),1.6,모던,202012.0,2021,1390.0,104787.0,가솔린,오토,ORIGINAL,일반,2025-03-20 14:26:11.000 +09,부산,(주)아라모터스,155다5927,2,1,2,134.551,247.1219,1,0,
39033515,현대,아반떼 (CN7),1.6,인스퍼레이션,202201.0,2022,9999.0,9457.0,가솔린,오토,ORIGINAL,일반,2025-03-20 14:26:03.000 +09,경기,코리아모터스,212가5166,0,0,1,0.0,0.0,0,0,
39127906,현대,더 뉴 아반떼,1.6 GDi 모던,기본형,201506.0,2016,830.0,68217.0,가솔린,오토,ORIGINAL,일반,2025-03-20 14:26:03.000 +09,인천,용일상사,366주7422,1,0,4,0.0,0.0,1,0,
39129883,현대,더 뉴 아반떼 (CN7),1.6,인스퍼레이션,202401.0,2024,2570.0,13406.0,가솔린,오토,ORIGINAL,일반,2025-03-20 14:26:03.000 +09,경기,마니카,295구5458,0,0,1,0.0,0.0,0,0,
39258689,현대,아반떼 MD,M16 GDI 에비뉴,,201307.0,2014,400.0,221088.0,가솔린,오토,ORIGINAL,일반,2025-03-20 14:26:03.000 +09,경기,새마을모터스,43거6204,6,2,2,397.5135,133.4676,0,0,
39220933,현대,아반떼 (CN7),1.6,모던,202102.0,2021,1490.0,118226.0,가솔린,오토,ORIGINAL,일반,2025-03-20 14:26:03.000 +09,대전,청명자동차,130주6889,0,0,1,0.0,0.0,1,0,
39209876,현대,아반떼 (CN7),1.6,인스퍼레이션,202007.0,2021,1970.0,52808.0,가솔린,오토,ORIGINAL,일반,2025-03-20 14:26:03.000 +09,경기,(주)에스비즈,280어3851,0,0,1,0.0,0.0,0,0,
39133563,현대,아반떼 AD,1.6 GDI 스마트,(세부등급 없음),201608.0,2017,1090.0,77987.0,가솔린,오토,ORIGINAL,일반,2025-03-20 14:26:03.000 +09,대구,진오토모빌,60너0391,1,2,3,82.0,391.434,0,0,
38947417,현대,더 뉴 아반떼,1.6 GDi 스마트,기본형,201401.0,2014,600.0,69385.0,가솔린,오토,ORIGINAL,일반,2025-03-20 14:26:03.000 +09,인천,(주)카스갤러리,42오3447,3,2,1,163.411,173.625,0,0,
39131317,현대,아반떼 (CN7),1.6,모던,202110.0,2022,1770.0,11558.0,가솔린,오토,ORIGINAL,일반,2025-03-20 14:26:03.000 +09,경기,오토뱅크주식회사,283우2049,1,0,1,40.5369,0.0,1,0,
39192755,현대,아반떼 AD,1.6 GDI 밸류 플러스,,201702.0,2017,980.0,91670.0,가솔린,오토,ORIGINAL,일반,2025-03-20 14:26:03.000 +09,충북,로또자동차매매상사,43도1389,2,4,3,811.4452,1695.8579,0,0,
37453893,현대,아반떼 AD,1.6 GDI 밸류 플러스,,201706.0,2018,930.0,116411.0,가솔린,오토,ORIGINAL,일반,2025-03-20 14:26:03.000 +09,경기,기운 모터스,05무1258,3,1,1,265.1429,35.839,0,0,
39016638,현대,더 뉴 아반떼 AD,1.6,스타일,201811.0,2019,950.0,47852.0,가솔린,오토,ORIGINAL,일반,2025-03-20 14:26:03.000 +09,인천,주식회사 진모터스,11라2587,4,2,1,373.7493,85.0117,0,0,
38852136,현대,더 뉴 아반떼,1.6 GDi 스마트,기본형,201401.0,2014,720.0,89240.0,가솔린,오토,ORIGINAL,일반,2025-03-20 14:26:03.000 +09,서울,(주)마이마이카,40조1022,1,2,3,79.1568,114.295,0,0,
39041913,현대,아반떼 (CN7),1.6,인스퍼레이션,202101.0,2021,1840.0,42300.0,가솔린,오토,ORIGINAL,일반,2025-03-20 14:26:03.000 +09,경기,㈜오토핸즈,104하7892,0,0,0,0.0,0.0,0,0,
39051490,현대,아반떼 AD,1.6 GDI 모던,(세부등급 없음),201511.0,2016,930.0,93737.0,가솔린,오토,ORIGINAL,일반,2025-03-20 14:26:03.000 +09,부산,(주)강변모터스,48두0696,3,3,0,100.5044,636.405,0,0,
39045764,현대,더 뉴 아반떼 (CN7),1.6,스마트,202310.0,2024,2000.0,8068.0,가솔린,오토,ORIGINAL,렌트,2025-03-20 14:26:03.000 +09,서울,,152하8346,0,1,0,0.0,70.1409,0,0,
38830819,현대,아반떼 AD,1.6 GDI 모던,(세부등급 없음),201702.0,2017,1275.0,57842.0,가솔린,오토,ORIGINAL,일반,2025-03-20 14:26:03.000 +09,경기,백제모터스,03저1036,4,2,3,189.9918,185.8201,0,0,
38302060,현대,아반떼 MD,M16 GDI 스마트,,201307.0,2014,530.0,97643.0,가솔린,오토,ORIGINAL,일반,2025-03-20 14:25:53.000 +09,부산,신반여상사,35러2958,3,2,4,178.472,122.8419,0,0,
38968097,현대,아반떼 (CN7),1.6,스마트,202104.0,2021,1420.0,63172.0,가솔린,오토,ORIGINAL,일반,2025-03-20 14:25:53.000 +09,부산,신반여상사,301어4705,1,2,2,29.7184,67.9203,1,0,
37145671,현대,더 뉴 아반떼,1.6 VGT 스마트,기본형,201401.0,2014,600.0,187344.0,디젤,오토,ORIGINAL,일반,2025-03-20 14:25:31.000 +09,대구,엠 모터스,45루2819,4,1,3,170.3586,51.3863,0,0,
39214787,현대,아반떼 AD,1.6 GDI 모던,(세부등급 없음),201510.0,2016,1080.0,42141.0,가솔린,오토,ORIGINAL,일반,2025-03-20 14:25:19.000 +09,전북,네바퀴,35무0975,4,2,2,253.4665,136.7092,0,0,
39206866,현대,아반떼 (CN7),1.6,모던,202101.0,2021,1780.0,41495.0,가솔린,오토,ORIGINAL,일반,2025-03-20 14:25:17.000 +09,부산,에스케이모터스,113오3107,0,0,1,0.0,0.0,1,0,
39102910,현대,아반떼 (CN7),1.6,모던,202205.0,2023,1790.0,53661.0,가솔린,오토,ORIGINAL,일반,2025-03-20 14:25:17.000 +09,부산,에스케이모터스,273무4680,1,0,1,153.7359,0.0,0,0,
39247473,현대,더 뉴 아반떼 AD,1.6,스타일,201905.0,2019,1380.0,48569.0,가솔린,오토,ORIGINAL,일반,2025-03-20 14:25:17.000 +09,경기,스카이모터스,22라9135,1,2,0,55.465,146.745,0,0,
39016467,현대,아반떼 (CN7),1.6,인스퍼레이션,202302.0,2023,2390.0,10524.0,가솔린,오토,ORIGINAL,일반,2025-03-20 14:25:14.000 +09,부산,아피스오토,350가8111,0,0,1,0.0,0.0,0,0,
39084607,현대,더 뉴 아반떼,1.6 GDi 스타일,,201403.0,2014,570.0,77225.0,가솔린,오토,ORIGINAL,일반,2025-03-20 14:25:14.000 +09,부산,아피스오토,17누1490,5,3,3,324.4014,170.1955,0,0,
38642800,현대,아반떼 하이브리드 (CN7),모던,,202009.0,2021,1290.0,173949.0,가솔린+전기,오토,ORIGINAL,일반,2025-03-20 14:25:12.000 +09,대전,(주)하나모터스,374나9333,2,0,1,480.9119,0.0,1,0,
38634959,현대,더 뉴 아반떼 AD,1.6,스마트 초이스,201911.0,2020,1090.0,58447.0,가솔린,오토,ORIGINAL,일반,2025-03-20 14:25:12.000 +09,경남,성민대동모터스,244소7340,4,1,3,370.2532,35.6498,0,0,
39025925,현대,더 뉴 아반떼 AD,1.6,스마트,202003.0,2020,1120.0,54513.0,가솔린,오토,ORIGINAL,일반,2025-03-20 14:25:12.000 +09,인천,카카오토,120다7491,1,1,4,63.5752,106.628,1,0,
37877689,현대,더 뉴 아반떼,1.6 GDi 스마트,기본형,201412.0,2015,680.0,68423.0,가솔린,오토,ORIGINAL,일반,2025-03-20 14:25:12.000 +09,대전,서해모터스,33누3216,1,0,2,35.2913,0.0,0,0,
37455135,현대,아반떼 AD,1.6 GDI 스마트,(세부등급 없음),201606.0,2016,820.0,76507.0,가솔린,오토,ORIGINAL,일반,2025-03-20 14:25:12.000 +09,대구,대공모터스,18너0851,2,5,4,990.5738,2546.226,0,0,
38763607,현대,더 뉴 아반떼,1.6 LPi 스마트,,201504.0,2016,690.0,86203.0,LPG(일반인 구입),오토,ORIGINAL,일반,2025-03-20 14:25:12.000 +09,대구,루비노,23어1075,4,1,1,287.8273,75.0,0,0,
37267389,현대,더 뉴 아반떼,1.6 GDi 스타일,,201402.0,2014,529.0,98411.0,가솔린,오토,ORIGINAL,일반,2025-03-20 14:25:12.000 +09,경남,(주)Vmotors,57로2373,3,1,1,165.8317,39.9202,0,0,
39066919,현대,아반떼 (CN7),1.6,모던,202101.0,2021,1760.0,37428.0,가솔린,오토,ORIGINAL,일반,2025-03-20 14:25:12.000 +09,인천,신국제상사,100서7593,1,2,1,0.0,173.299,0,0,
39223234,현대,아반떼 AD,1.6 GDI 밸류 플러스,,201706.0,2018,1040.0,96296.0,가솔린,오토,ORIGINAL,일반,2025-03-20 14:25:12.000 +09,경기,차투차,199주2648,1,1,1,74.333,33.4885,1,0,
39202052,현대,아반떼 HD,1.6 VVT E16,밸류,200705.0,2007,350.0,122176.0,가솔린,오토,ORIGINAL,일반,2025-03-20 14:25:12.000 +09,광주,가람모터스,10서7179,2,1,2,78.598,42.1749,0,0,
38485976,현대,아반떼 AD,1.6 GDI 밸류 플러스,,201709.0,2018,1070.0,64052.0,가솔린,오토,ORIGINAL,일반,2025-03-20 14:25:12.000 +09,서울,탑 모터스,241로8367,2,1,2,133.5435,212.0,1,0,
38800666,현대,아반떼 AD,1.6 GDI 스마트,(세부등급 없음),201701.0,2017,790.0,133445.0,가솔린,오토,ORIGINAL,일반,2025-03-20 14:25:12.000 +09,경기,(주)유로모터스,49도5195,4,4,2,565.5055,687.8529,0,0,
39089984,현대,더 뉴 아반떼,1.6 GDi 모던,기본형,201409.0,2015,750.0,99431.0,가솔린,오토,ORIGINAL,일반,2025-03-20 14:25:12.000 +09,서울,에스에이치모터스,41도8821,0,0,0,0.0,0.0,0,0,
37825926,현대,아반떼 AD,1.6 GDI 스마트,(세부등급 없음),201608.0,2017,865.0,125182.0,가솔린,오토,ORIGINAL,일반,2025-03-20 14:25:07.000 +09,경남,세종모터스,32서0367,5,0,1,340.5577,0.0,0,0,
37629683,현대,아반떼 AD,1.6 LPI 스마트(렌터카),,201701.0,2017,945.0,117318.0,LPG(일반인 구입),오토,ORIGINAL,일반,2025-03-20 14:25:06.000 +09,경남,세종모터스,06모3619,1,1,1,95.1373,316.324,0,0,
37466117,현대,아반떼 AD,1.6 GDI 밸류 플러스,,201801.0,2018,885.0,159063.0,가솔린,오토,ORIGINAL,일반,2025-03-20 14:25:06.000 +09,경남,세종모터스,03버2608,1,1,2,475.259,35.787,0,0,
38521492,현대,아반떼 하이브리드 (CN7),모던,,202010.0,2021,1750.0,16465.0,가솔린+전기,오토,ORIGINAL,일반,2025-03-20 14:25:03.000 +09,대구,태풍자동차,314구7824,0,3,1,0.0,258.3002,1,0,
37816550,현대,아반떼 MD,M16 GDI 에비뉴,,201306.0,2014,499.0,181926.0,가솔린,오토,ORIGINAL,일반,2025-03-20 14:25:03.000 +09,경기,알차,27우5998,2,2,2,122.397,87.681,0,0,
38968835,현대,아반떼 (CN7),1.6,모던,202008.0,2021,1360.0,66802.0,가솔린,오토,ORIGINAL,일반,2025-03-20 14:25:03.000 +09,경기,해동자동차,299서5052,3,0,3,443.8949,0.0,0,0,
38662934,현대,아반떼 AD,1.6 GDI 밸류 플러스,,201712.0,2018,1190.0,69693.0,가솔린,오토,ORIGINAL,일반,2025-03-20 14:25:03.000 +09,경기,세븐모터스,10너3225,1,0,2,158.8773,0.0,0,0,
38642091,현대,아반떼 (CN7),1.6,모던,202004.0,2021,1190.0,157500.0,가솔린,오토,ORIGINAL,일반,2025-03-20 14:25:03.000 +09,대전,(주)하나모터스,230다5056,3,0,1,202.4326,0.0,1,0,
38810059,현대,아반떼 하이브리드 (CN7),모던,,202010.0,2021,2090.0,8335.0,가솔린+전기,오토,ORIGINAL,일반,2025-03-20 14:25:03.000 +09,인천,한진모터스,267더3189,0,0,2,0.0,0.0,1,0,
38791573,현대,아반떼 (CN7),1.6,인스퍼레이션,202302.0,2023,2030.0,40701.0,가솔린,오토,ORIGINAL,일반,2025-03-20 14:25:03.000 +09,서울,롯데렌탈주식회사,136조6805,0,0,0,0.0,0.0,1,0,
39204365,현대,아반떼 (CN7),1.6,인스퍼레이션,202005.0,2021,1850.0,52933.0,가솔린,오토,ORIGINAL,일반,2025-03-20 14:25:03.000 +09,인천,카프라자,162라2139,3,4,1,317.664,162.314,0,0,
39235175,현대,아반떼 (CN7),1.6,인스퍼레이션,202006.0,2021,1940.0,50779.0,가솔린,오토,ORIGINAL,일반,2025-03-20 14:25:03.000 +09,경남,(주)제이앤제이모터스,140주9188,1,0,1,95.097,0.0,0,0,
39272619,현대,더 뉴 아반떼,1.6 GDi 스마트,기본형,201508.0,2016,750.0,77025.0,가솔린,오토,ORIGINAL,일반,2025-03-20 14:25:03.000 +09,경기,오토스마일,11로4824,2,3,1,155.1927,294.742,0,0,
38928819,현대,더 뉴 아반떼,1.6 GDi 스타일,,201310.0,2014,499.0,87842.0,가솔린,오토,ORIGINAL,일반,2025-03-20 14:25:03.000 +09,광주,(주)케이에스상사,40보0230,8,4,7,676.5361,317.7986,1,0,
38214327,현대,아반떼 MD,M16 GDI 디럭스,,201110.0,2012,350.0,167225.0,가솔린,오토,ORIGINAL,일반,2025-03-20 14:25:03.000 +09,충북,대원모터스,182라4799,3,0,3,815.8874,0.0,1,0,
37797573,현대,아반떼 AD,1.6 GDI 스마트,(세부등급 없음),201604.0,2016,989.0,35793.0,가솔린,오토,ORIGINAL,일반,2025-03-20 14:25:03.000 +09,경기,k1car,246고3077,3,2,2,581.2276,1000.0,1,0,
38442123,현대,아반떼 (CN7),1.6,모던,202007.0,2021,1400.0,92612.0,가솔린,오토,ORIGINAL,일반,2025-03-20 14:25:03.000 +09,전북,우진모터스,280루7428,6,1,1,819.0793,26.0945,0,0,
38454737,현대,아반떼 (CN7),1.6,모던,202104.0,2021,1660.0,34242.0,가솔린,오토,ORIGINAL,일반,2025-03-20 14:25:03.000 +09,경기,타이거 오토몰,374마5726,1,1,2,516.3544,1199.2509,0,0,
39070922,현대,아반떼 MD,M16 GDI 탑,,201207.0,2012,630.0,88672.0,가솔린,오토,ORIGINAL,일반,2025-03-20 14:25:03.000 +09,서울,(주)조은오토,43무5801,2,4,5,95.071,355.216,0,0,
38773278,현대,아반떼 AD,1.6 GDI 스타일,,201607.0,2017,760.0,132223.0,가솔린,오토,ORIGINAL,일반,2025-03-20 14:25:03.000 +09,전북,우진모터스,162러5396,1,0,3,470.9811,0.0,1,0,
39216726,현대,아반떼 AD,1.6 GDI 밸류 플러스,,201702.0,2017,1050.0,81700.0,가솔린,오토,ORIGINAL,일반,2025-03-20 14:25:03.000 +09,울산,엠피크,09더5128,3,0,4,153.504,0.0,0,0,
39213311,현대,아반떼 (CN7),1.6,모던,202212.0,2023,1720.0,50215.0,가솔린,오토,ORIGINAL,일반,2025-03-20 14:25:02.000 +09,서울,(주)오토플래닛,193호8429,0,0,0,0.0,0.0,0,0,
38654555,현대,아반떼 AD,1.6 GDI 모던,(세부등급 없음),201509.0,2016,870.0,143410.0,가솔린,오토,ORIGINAL,일반,2025-03-20 14:25:01.000 +09,대전,(주)웅이자동차,08라0718,3,3,1,92.7478,121.7153,0,0,
38733959,현대,더 뉴 아반떼,1.6 GDi 모던,기본형,201411.0,2015,620.0,145089.0,가솔린,오토,ORIGINAL,일반,2025-03-20 14:25:01.000 +09,대전,(주)웅이자동차,41오4775,2,2,4,137.7038,81.309,0,0,
38927759,현대,아반떼 (CN7),1.6,모던,202202.0,2022,1790.0,47393.0,가솔린,오토,ORIGINAL,일반,2025-03-20 14:24:47.000 +09,대구,세종모터스/대표,121고4835,3,0,1,334.0226,0.0,1,0,
37690063,현대,아반떼 MD,M16 GDI 럭셔리,,201206.0,2012,399.0,151952.0,가솔린,오토,ORIGINAL,일반,2025-03-20 14:24:42.000 +09,충남,착한중고차,47나2765,3,2,1,75.5974,194.3169,0,0,
38963222,현대,아반떼 HD,1.6 VVT S16,프리미어,200810.0,2009,350.0,59400.0,가솔린,오토,ORIGINAL,일반,2025-03-20 14:24:38.000 +09,대전,명성자동차,25버8340,4,1,1,164.7358,57.2433,0,0,
38542857,현대,아반떼 (CN7),1.6,모던,202111.0,2022,1579.0,16062.0,가솔린,오토,ORIGINAL,일반,2025-03-20 14:24:34.000 +09,대구,주식회사청호,327어4741,1,1,1,259.9386,125.3653,0,0,
39237677,현대,아반떼 MD,M16 GDI 탑,,201012.0,2010,590.0,135741.0,가솔린,오토,ORIGINAL,일반,2025-03-20 14:24:32.000 +09,강원,철인모터스,49조1057,1,0,3,30.19,0.0,0,0,
39075125,현대,아반떼 (CN7),1.6,인스퍼레이션,202101.0,2021,3333.0,67283.0,가솔린,오토,ORIGINAL,일반,2025-03-20 14:24:11.000 +09,경기,(주) 이지오토,261나2078,0,3,2,0.0,141.304,1,0,
39075606,현대,더 뉴 아반떼,1.6 GDi 스마트,기본형,201502.0,2015,670.0,136095.0,가솔린,오토,ORIGINAL,일반,2025-03-20 14:24:11.000 +09,경기,오토스마일,20모3892,0,0,2,0.0,0.0,0,0,
39010101,현대,아반떼 AD,1.6 GDI 밸류 플러스,,201711.0,2018,1230.0,46369.0,가솔린,오토,ORIGINAL,일반,2025-03-20 14:24:11.000 +09,대구,큐모터스,02구7066,0,0,1,0.0,0.0,0,0,
39171234,현대,아반떼 (CN7),1.6,인스퍼레이션,202101.0,2021,1909.0,51975.0,가솔린,오토,ORIGINAL,일반,2025-03-20 14:24:11.000 +09,대구,달성자동차상사,309마8154,2,2,2,93.3469,124.9943,1,0,
38741836,현대,아반떼 (CN7),1.6,모던,202010.0,2021,1699.0,52696.0,가솔린,오토,ORIGINAL,일반,2025-03-20 14:24:11.000 +09,경기,바바모터스,292주5898,1,0,2,149.299,0.0,1,0,
38436006,현대,더 뉴 아반떼 AD,1.6,스마트,201909.0,2020,1199.0,112779.0,가솔린,오토,ORIGINAL,일반,2025-03-20 14:24:11.000 +09,광주,파랑새모터스,255다4087,0,0,2,0.0,0.0,1,0,
39081933,현대,아반떼 (CN7),1.6,인스퍼레이션,202006.0,2021,2100.0,54907.0,가솔린,오토,ORIGINAL,일반,2025-03-20 14:24:11.000 +09,광주,대오모터스,366루5006,0,0,1,0.0,0.0,0,0,
37614699,현대,아반떼 (CN7),1.6,인스퍼레이션,202107.0,2021,2030.0,26546.0,가솔린,오토,ORIGINAL,일반,2025-03-20 14:24:11.000 +09,대구,이루 AUTO,105조7550,1,1,2,154.01,176.4534,0,0,
38939998,현대,더 뉴 아반떼,1.6 GDi 프리미엄,기본형,201402.0,2014,730.0,118317.0,가솔린,오토,ORIGINAL,일반,2025-03-20 14:24:11.000 +09,부산,(주)강변모터스,14모7138,2,1,1,120.3568,112.6,0,0,
39224481,현대,아반떼 AD,1.6 GDI 모던,(세부등급 없음),201603.0,2016,979.0,125542.0,가솔린,오토,ORIGINAL,일반,2025-03-20 14:24:11.000 +09,대구,참좋은자동차,25오0217,0,0,0,0.0,0.0,0,0,
38921357,현대,아반떼 (CN7),1.6 LPi (렌터카),스마트,202104.0,2021,1690.0,36292.0,LPG(일반인 구입),오토,ORIGINAL,일반,2025-03-20 14:24:07.000 +09,부산,쏭카,184무9544,1,3,2,106.625,207.2762,1,0,
38213156,현대,아반떼 AD,1.6 GDI 스마트,스페셜,201511.0,2016,910.0,107139.0,가솔린,오토,ORIGINAL,일반,2025-03-20 14:24:02.000 +09,서울,피닉스모터스(주),30수0632,2,2,1,120.01,302.532,0,0,
38855531,현대,아반떼 (CN7),1.6,인스퍼레이션,202007.0,2021,1490.0,68390.0,가솔린,오토,ORIGINAL,일반,2025-03-20 14:24:02.000 +09,대구,랩스(REBS),275누6648,3,0,5,2458.6412,0.0,2,0,
38663565,현대,아반떼 AD,1.6 터보 스포츠,(세부등급 없음),201701.0,2017,1270.0,61433.0,가솔린,오토,ORIGINAL,일반,2025-03-20 14:24:02.000 +09,경기,차칸,09수0126,5,3,3,333.9178,486.527,0,0,
39056433,현대,아반떼 AD,1.6 GDI 프리미엄,,201603.0,2016,1149.0,133850.0,가솔린,오토,ORIGINAL,일반,2025-03-20 14:24:02.000 +09,대구,성원모터스,51부0586,0,0,2,0.0,0.0,0,0,
38650263,현대,아반떼 MD,M16 GDI 탑,,201104.0,2011,480.0,147897.0,가솔린,오토,ORIGINAL,일반,2025-03-20 14:24:02.000 +09,대전,서해모터스,41루7985,5,1,4,430.4187,94.145,1,0,
38562585,현대,더 뉴 아반떼 AD,1.6,스마트,201910.0,2020,1339.0,80335.0,가솔린,오토,ORIGINAL,일반,2025-03-20 14:24:02.000 +09,충남,(주)탑모터스,168머7378,0,1,2,0.0,71.9709,1,0,
38915805,현대,아반떼 AD,1.6 e-VGT 스마트,스페셜,201510.0,2016,760.0,137457.0,디젤,오토,ORIGINAL,일반,2025-03-20 14:24:02.000 +09,광주,주)타요,48버4865,3,0,7,159.3791,0.0,1,0,
37643829,현대,아반떼 AD,1.6 e-VGT 스마트,스페셜,201602.0,2016,810.0,114525.0,디젤,오토,ORIGINAL,일반,2025-03-20 14:24:02.000 +09,대구,산모터스,46저0916,7,2,3,555.8732,141.5472,0,0,
37124192,현대,아반떼 AD,1.6 GDI 스마트,(세부등급 없음),201703.0,2017,850.0,129736.0,가솔린,오토,ORIGINAL,일반,2025-03-20 14:24:02.000 +09,대전,형채와자동차,172라5578,1,0,2,56.4509,0.0,1,0,
38621623,현대,더 뉴 아반떼 (CN7),2.0 N,,202402.0,2024,3599.0,10649.0,가솔린,수동,ORIGINAL,일반,2025-03-20 14:24:02.000 +09,경기,수성자동차,327모6375,0,0,0,0.0,0.0,0,0,
37394619,현대,아반떼 AD,1.6 터보 스포츠,(세부등급 없음),201805.0,2018,1090.0,98840.0,가솔린,오토,ORIGINAL,일반,2025-03-20 14:24:02.000 +09,인천,정우모터스(주),36루2810,3,3,1,861.573,308.678,0,0,
39093024,현대,아반떼 (CN7),1.6,모던,202104.0,2021,1590.0,115840.0,가솔린,오토,ORIGINAL,일반,2025-03-20 14:24:02.000 +09,울산,그린모터스,377머1543,1,1,1,536.689,172.4784,0,0,
39238219,현대,더 뉴 아반떼 하이브리드 (CN7),인스퍼레이션,,202305.0,2024,2890.0,10298.0,가솔린+전기,오토,ORIGINAL,일반,2025-03-20 14:24:02.000 +09,경기,(주)준모터스,106어8846,0,0,1,0.0,0.0,0,0,
39168586,현대,더 뉴 아반떼,1.6 GDi 모던,기본형,201501.0,2015,670.0,97682.0,가솔린,오토,ORIGINAL,일반,2025-03-20 14:24:02.000 +09,광주,(주)신한자동차,34두3500,4,4,2,528.5001,602.8708,0,0,
39125731,현대,아반떼 (CN7),1.6,인스퍼레이션,202207.0,2023,2200.0,29603.0,가솔린,오토,ORIGINAL,일반,2025-03-20 14:24:02.000 +09,경기,(주)준모터스,146저8687,0,0,0,0.0,0.0,0,0,
39192078,현대,더 뉴 아반떼,1.6 GDi 스타일,,201405.0,2015,635.0,34559.0,가솔린,수동,ORIGINAL,일반,2025-03-20 14:24:02.000 +09,경기,(주)리본자동차,47오8737,0,0,1,0.0,0.0,0,0,
38612077,현대,아반떼 (CN7),1.6,모던,202205.0,2023,1750.0,14458.0,가솔린,오토,ORIGINAL,일반,2025-03-20 14:23:11.000 +09,경기,브로드카,165무7288,0,1,1,0.0,0.0,0,0,
38389701,현대,아반떼 MD,M16 GDI 스마트,,201304.0,2013,430.0,135788.0,가솔린,오토,ORIGINAL,일반,2025-03-20 14:23:11.000 +09,대전,해성모터스,47두4014,2,4,3,192.8651,395.904,1,0,0.0
39017841,현대,아반떼 (CN7),2.0 N,,202204.0,2022,2550.0,24911.0,가솔린,수동,ORIGINAL,일반,2025-03-20 14:23:11.000 +09,경남,(주)제이앤제이모터스,166가3422,1,0,4,58.3709,0.0,0,0,
39221047,현대,아반떼 (CN7),1.6,모던,202107.0,2021,3999.0,60062.0,가솔린,오토,ORIGINAL,일반,2025-03-20 14:23:11.000 +09,경기,(주)오토피아,162두3880,2,1,2,195.4969,45.3519,0,0,
39099496,현대,아반떼 AD,1.6 GDI 밸류 플러스,,201802.0,2018,1220.0,53368.0,가솔린,오토,ORIGINAL,일반,2025-03-20 14:23:11.000 +09,부산,진모터스,183구2373,1,0,3,44.4848,0.0,1,0,
39112158,현대,아반떼 (CN7),1.6,인스퍼레이션,202303.0,2023,2090.0,60076.0,가솔린,오토,ORIGINAL,일반,2025-03-20 14:23:11.000 +09,경기,페어플레이유니버스,279소6574,1,0,2,108.6787,0.0,1,0,
39200105,현대,아반떼 AD,1.6 GDI 밸류 플러스,,201707.0,2018,1199.0,64919.0,가솔린,오토,ORIGINAL,일반,2025-03-20 14:23:11.000 +09,서울,로얄모터스(주),374서3359,0,0,2,0.0,0.0,1,0,
39135402,현대,더 뉴 아반떼 AD,1.6,스마트,202003.0,2020,1500.0,46061.0,가솔린,오토,ORIGINAL,일반,2025-03-20 14:23:02.000 +09,서울,(주)자동차친구,271주9806,0,0,1,0.0,0.0,0,0,
38342827,현대,아반떼 AD,1.6 GDI 프리미엄,,201606.0,2016,1199.0,109686.0,가솔린,오토,ORIGINAL,일반,2025-03-20 14:23:02.000 +09,경기,기운 모터스,42서0457,3,1,3,340.881,187.342,0,0,
39176492,현대,아반떼 (CN7),1.6,모던,202012.0,2021,1390.0,61299.0,가솔린,오토,ORIGINAL,일반,2025-03-20 14:23:02.000 +09,경기,(주)탑모터스,143수5013,2,1,1,366.9563,0.0,0,0,
39245933,현대,아반떼 하이브리드 (CN7),인스퍼레이션,,202103.0,2021,2070.0,97582.0,가솔린+전기,오토,ORIGINAL,일반,2025-03-20 14:23:02.000 +09,대구,원.MOTORS,139러7019,2,0,0,286.1738,0.0,0,0,
39099990,현대,아반떼 MD,M16 GDI 럭셔리,,201207.0,2012,449.0,162894.0,가솔린,오토,ORIGINAL,일반,2025-03-20 14:23:02.000 +09,울산,대경자동차매매상사,54버2215,7,7,3,503.187,675.2274,0,0,
39249631,현대,아반떼 (CN7),1.6,스마트,202108.0,2021,1450.0,16099.0,가솔린,수동,ORIGINAL,일반,2025-03-20 14:23:02.000 +09,인천,오토플러스(주),253조6703,0,0,0,0.0,0.0,0,0,
39133542,현대,아반떼 (CN7),1.6,스마트,202102.0,2021,1350.0,78066.0,가솔린,오토,ORIGINAL,일반,2025-03-20 14:23:02.000 +09,광주,오토플러스,323모1485,0,0,1,0.0,0.0,1,0,
39153219,현대,더 뉴 아반떼 AD,1.6,스마트 초이스,201912.0,2020,1420.0,26626.0,가솔린,오토,ORIGINAL,일반,2025-03-20 14:23:02.000 +09,광주,오토플러스,157호1643,1,0,0,44.5802,0.0,0,0,
39162484,현대,아반떼 (CN7),1.6 LPi,인스퍼레이션,202302.0,2023,2290.0,38568.0,LPG(일반인 구입),오토,ORIGINAL,일반,2025-03-20 14:23:02.000 +09,경기,벧엘자동차2,128두6440,2,0,1,83.3659,0.0,0,0,
36895692,현대,아반떼 AD,1.6 GDI 스마트,스페셜,201511.0,2016,799.0,114981.0,가솔린,오토,ORIGINAL,일반,2025-03-20 14:23:02.000 +09,충남,오토리더 주식회사,66어5863,7,0,3,598.0384,0.0,0,0,
38807995,현대,아반떼 (CN7),1.6,인스퍼레이션,202010.0,2021,2090.0,26604.0,가솔린,오토,ORIGINAL,일반,2025-03-20 14:23:02.000 +09,대구,오토플러스(주),234러8456,0,1,3,0.0,64.4669,0,0,
39053049,현대,더 뉴 아반떼,1.6 GDi 스마트,기본형,201401.0,2014,680.0,126991.0,가솔린,오토,ORIGINAL,일반,2025-03-20 14:23:02.000 +09,대구,원.MOTORS,21소4645,3,1,6,153.2992,22.5388,0,0,
39044947,현대,아반떼 (CN7),1.6,모던,202006.0,2021,1490.0,69660.0,가솔린,오토,ORIGINAL,일반,2025-03-20 14:23:02.000 +09,경기,건모터스 풍동,276노5105,2,0,3,194.7273,0.0,1,0,
39156108,현대,더 뉴 아반떼 (CN7),1.6,모던,202411.0,2025,2232.0,2730.0,가솔린,오토,ORIGINAL,렌트,2025-03-20 14:23:02.000 +09,인천,,200허5035,0,0,0,0.0,0.0,0,0,
38838889,현대,아반떼 MD,M16 GDI 럭셔리,,201012.0,2011,439.0,122580.0,가솔린,오토,ORIGINAL,일반,2025-03-20 14:23:02.000 +09,대구,YG모터스,49우8766,1,0,1,35.927,0.0,0,0,
38818467,현대,아반떼 (CN7),1.6,스마트,202104.0,2021,1399.0,81410.0,가솔린,오토,ORIGINAL,일반,2025-03-20 14:23:02.000 +09,충남,행운자동차매매상사,234저5489,0,3,2,0.0,115.0132,1,0,
38140128,현대,아반떼 AD,1.6 LPI 스타일(렌터카),,201802.0,2018,880.0,107606.0,LPG(일반인 구입),오토,ORIGINAL,일반,2025-03-20 14:23:02.000 +09,인천,수모터스,106구3074,2,0,2,103.3731,0.0,1,0,
38881828,현대,아반떼 MD,M16 GDI 프리미어,,201104.0,2011,550.0,74232.0,가솔린,오토,ORIGINAL,일반,2025-03-20 14:23:02.000 +09,서울,카웨이,34소8175,1,1,2,167.147,60.11,0,0,
38465363,현대,아반떼 AD,1.6 GDI 모던,(세부등급 없음),201609.0,2017,1090.0,97503.0,가솔린,오토,ORIGINAL,일반,2025-03-20 14:23:02.000 +09,경기,달인중고차,08버0225,3,4,1,125.5469,125.274,0,0,
38476724,현대,더 뉴 아반떼 AD,1.6,스타일,201903.0,2019,1090.0,90657.0,가솔린,오토,ORIGINAL,일반,2025-03-20 14:23:02.000 +09,경기,한국자동차매매상사,322서1773,1,1,1,69.8328,98.755,1,0,
39140908,현대,아반떼 AD,1.6 GDI 밸류 플러스,,201701.0,2017,1150.0,52309.0,가솔린,오토,ORIGINAL,일반,2025-03-20 14:22:38.000 +09,경기,MK모터스,124주6860,4,3,4,170.6189,363.5714,1,0,
38680509,현대,아반떼 MD,M16 GDI 럭셔리,,201012.0,2011,390.0,100096.0,가솔린,오토,ORIGINAL,일반,2025-03-20 14:22:13.000 +09,울산,나래모터스,40더8728,3,5,1,816.0324,733.8567,0,0,
38626699,현대,아반떼 (CN7),1.6,모던,202009.0,2021,1750.0,23051.0,가솔린,오토,ORIGINAL,일반,2025-03-20 14:22:13.000 +09,인천,(주)카스갤러리,152도5513,1,0,2,135.1382,0.0,0,0,0.0
38565132,현대,더 뉴 아반떼 AD,1.6,스타일,201901.0,2019,1220.0,75512.0,가솔린,오토,ORIGINAL,일반,2025-03-20 14:22:13.000 +09,서울,인증차,36거9919,4,2,1,245.7157,138.5067,0,0,
39157584,현대,아반떼 AD,1.6 GDI 스마트,(세부등급 없음),201605.0,2017,790.0,130150.0,가솔린,오토,ORIGINAL,일반,2025-03-20 14:22:13.000 +09,경기,블루오토모터스,119로9310,1,1,6,89.7828,34.6308,1,0,
39150683,현대,아반떼 (CN7),2.0 N,,202207.0,2023,2450.0,47813.0,가솔린,수동,ORIGINAL,일반,2025-03-20 14:22:13.000 +09,경기,차칸,121두4778,3,1,1,147.52,30.927,0,0,
39137223,현대,더 뉴 아반떼 (CN7),1.6,모던,202304.0,2024,1850.0,10330.0,가솔린,오토,ORIGINAL,일반,2025-03-20 14:22:13.000 +09,서울,(주)오토플래닛,220호3212,0,0,0,0.0,0.0,0,0,
39124728,현대,아반떼 AD,1.6 GDI 밸류 플러스,,201803.0,2018,730.0,181169.0,가솔린,오토,ORIGINAL,일반,2025-03-20 14:22:13.000 +09,부산,쏭카,55도8872,1,3,1,353.3545,293.2123,0,0,
39109949,현대,더 뉴 아반떼 AD,1.6,스타일,201901.0,2019,1230.0,123017.0,가솔린,오토,ORIGINAL,일반,2025-03-20 14:22:13.000 +09,경북,GM모터스,224러4616,0,0,1,0.0,0.0,1,0,
39122303,현대,아반떼 (CN7),1.6,모던,202103.0,2021,2000.0,14650.0,가솔린,오토,ORIGINAL,일반,2025-03-20 14:22:13.000 +09,경기,(주)준모터스,169고3956,1,0,1,70.3349,0.0,0,0,
38960406,현대,아반떼 하이브리드 (CN7),모던,,202010.0,2021,2090.0,38769.0,가솔린+전기,오토,ORIGINAL,일반,2025-03-20 14:22:13.000 +09,경기,월드모터스,146우2184,0,2,1,0.0,74.5049,1,0,
38760347,현대,더 뉴 아반떼 (CN7),1.6,모던,202311.0,2024,2190.0,8054.0,가솔린,오토,ORIGINAL,일반,2025-03-20 14:22:13.000 +09,경기,코리아모터스,275버3651,0,1,1,0.0,62.9917,0,0,
38960606,현대,아반떼 MD,M16 GDI 럭셔리,,201105.0,2012,490.0,68369.0,가솔린,오토,ORIGINAL,일반,2025-03-20 14:22:13.000 +09,광주,(주)선경,36수2193,4,3,1,389.2842,545.164,0,0,
39062625,현대,아반떼 (CN7),1.6,인스퍼레이션,202101.0,2021,1990.0,44976.0,가솔린,오토,ORIGINAL,일반,2025-03-20 14:22:13.000 +09,충남,오토플러스(주),252로1898,1,1,2,44.4539,72.6499,1,0,
38972887,현대,아반떼 AD,1.6 GDI 밸류 플러스,,201803.0,2018,1199.0,25341.0,가솔린,오토,ORIGINAL,일반,2025-03-20 14:22:13.000 +09,서울,유씨에스오토,59소4526,2,0,0,228.981,0.0,0,0,
38966370,현대,아반떼 AD,1.6 GDI 모던,(세부등급 없음),201610.0,2017,870.0,108266.0,가솔린,오토,ORIGINAL,일반,2025-03-20 14:22:13.000 +09,경기,블루오토,35모0273,1,2,1,208.8119,188.9849,0,0,
39037143,현대,아반떼 AD,1.6 GDI 스마트,스페셜,201607.0,2017,839.0,132958.0,가솔린,오토,ORIGINAL,일반,2025-03-20 14:22:05.000 +09,부산,신호등모터스,10도0738,2,3,2,330.1731,242.15,0,0,
39263064,현대,아반떼 (CN7),1.6,스마트,202012.0,2021,1350.0,93330.0,가솔린,오토,ORIGINAL,일반,2025-03-20 14:22:03.000 +09,경기,해피카,283오9404,0,0,1,0.0,0.0,1,0,
39254294,현대,아반떼 (CN7),1.6,모던,202005.0,2021,1890.0,14772.0,가솔린,오토,ORIGINAL,일반,2025-03-20 14:22:03.000 +09,서울,주식회사 달모터스,134보5305,1,0,1,60.8632,0.0,0,0,
39243845,현대,아반떼 (CN7),1.6,모던,202208.0,2023,1980.0,31130.0,가솔린,오토,ORIGINAL,일반,2025-03-20 14:22:03.000 +09,대전,(주)뉴보석자동차,222러4657,0,0,2,0.0,0.0,1,0,
38925440,현대,아반떼 MD,M16 GDI 럭셔리,,201010.0,2011,420.0,100000.0,가솔린,오토,ORIGINAL,일반,2025-03-20 14:22:03.000 +09,경기,에스원모터스,32누9850,4,2,3,231.7492,178.4937,0,0,
38926956,현대,더 뉴 아반떼 (CN7),1.6,모던,202306.0,2024,4999.0,33782.0,가솔린,오토,ORIGINAL,일반,2025-03-20 14:22:03.000 +09,서울,(주)명성모터스,145조7663,0,0,1,0.0,0.0,0,0,
39136909,현대,더 뉴 아반떼 (CN7),1.6,모던,202309.0,2024,1990.0,10497.0,가솔린,오토,ORIGINAL,일반,2025-03-20 14:22:03.000 +09,대전,(주)CJ천지모터스,193루8336,3,1,2,1064.4399,40.7959,0,0,
39238971,현대,아반떼 (CN7),1.6,인스퍼레이션,202102.0,2021,1890.0,27849.0,가솔린,오토,ORIGINAL,일반,2025-03-20 14:22:03.000 +09,대전,(주)CJ천지모터스,151노9264,1,0,1,455.258,0.0,1,0,
38398077,현대,아반떼 (CN7),1.6,모던,202010.0,2021,1460.0,63225.0,가솔린,오토,ORIGINAL,일반,2025-03-20 14:22:03.000 +09,대구,위너모터스,349마8126,3,2,2,1367.9833,544.9835,0,0,
38123772,현대,아반떼 MD,M16 GDI 디럭스,,201207.0,2012,450.0,115380.0,가솔린,오토,ORIGINAL,일반,2025-03-20 14:22:03.000 +09,경기,주식회사 리드옥션,47수5131,5,1,1,259.014,61.648,0,0,
38035848,현대,더 뉴 아반떼,1.6 VGT 모던,기본형,201309.0,2014,600.0,92910.0,디젤,오토,ORIGINAL,일반,2025-03-20 14:22:03.000 +09,대구,선우모터스,43주6528,3,2,7,585.3904,275.8049,0,0,
37171625,현대,아반떼 AD,1.6 LPI 스타일(렌터카),,201707.0,2018,840.0,44398.0,LPG(일반인 구입),오토,ORIGINAL,일반,2025-03-20 14:22:03.000 +09,광주,(주)송송모터스,146러2011,1,5,3,314.012,2507.264,1,0,
35873781,현대,더 뉴 아반떼,1.6 GDi 스마트,기본형,201401.0,2014,399.0,177117.0,가솔린,오토,ORIGINAL,일반,2025-03-20 14:22:03.000 +09,인천,유너모터스(주),41버7935,2,0,2,268.4883,0.0,0,0,
38775368,현대,아반떼 (CN7),1.6,인스퍼레이션,202203.0,2022,1949.0,78830.0,가솔린,오토,ORIGINAL,일반,2025-03-20 14:22:03.000 +09,경기,(주)왕카,198조9363,0,0,1,0.0,0.0,1,0,
38716158,현대,아반떼 AD,1.6 GDI 프리미엄,,201603.0,2016,1120.0,106565.0,가솔린,오토,ORIGINAL,일반,2025-03-20 14:22:03.000 +09,대구,성원모터스,22저0422,2,2,3,81.9228,134.371,0,0,
39151166,현대,아반떼 HD,1.6 VVT S16,럭셔리 어드밴스팩,201004.0,2010,330.0,114448.0,가솔린,오토,ORIGINAL,일반,2025-03-20 14:22:03.000 +09,전북,중고차 파크,61더3262,4,6,1,394.767,738.7573,0,0,
38793791,현대,아반떼 AD,1.6 터보 스포츠,익스트림 셀렉션,201804.0,2018,1370.0,67878.0,가솔린,오토,ORIGINAL,일반,2025-03-20 14:22:03.000 +09,경기,일등자동차,06모6030,3,1,3,482.8684,275.4096,0,0,
39171278,현대,더 뉴 아반떼,1.6 GDi 프리미엄,기본형,201408.0,2015,720.0,94368.0,가솔린,오토,ORIGINAL,일반,2025-03-20 14:21:54.000 +09,광주,(주)피앤제이모터스,57너7470,5,5,5,381.5034,492.661,0,0,
39162990,현대,더 뉴 아반떼 AD,1.6,스타일,201904.0,2019,1280.0,52155.0,가솔린,오토,ORIGINAL,일반,2025-03-20 14:21:48.000 +09,서울,(주)아시아모터스,202구6315,1,2,2,208.3676,197.9852,1,0,
38951561,현대,아반떼 MD,M16 GDI 에비뉴,,201308.0,2014,399.0,189800.0,가솔린,오토,ORIGINAL,일반,2025-03-20 14:21:35.000 +09,대구,대박상사,349거6462,4,3,3,217.7681,86.604,1,0,
38889733,현대,더 뉴 아반떼 하이브리드 (CN7),인스퍼레이션,,202305.0,2024,3333.0,31600.0,가솔린+전기,오토,ORIGINAL,일반,2025-03-20 14:21:34.000 +09,대구,대박상사,141주1147,0,0,0,0.0,0.0,0,0,
39085320,현대,아반떼 하이브리드 (CN7),스마트,,202101.0,2021,1780.0,48110.0,가솔린+전기,오토,ORIGINAL,일반,2025-03-20 14:21:27.000 +09,부산,파트너모터스,265더5811,1,1,2,35.3669,17.148,1,0,
37064537,현대,아반떼 AD,1.6 터보 스포츠,(세부등급 없음),201612.0,2017,920.0,105609.0,가솔린,오토,ORIGINAL,일반,2025-03-20 14:21:11.000 +09,경기,윈윈 모터스,25소7995,2,1,1,149.248,91.1998,0,0,
39112081,현대,아반떼 (CN7),1.6,스마트,202106.0,2021,1550.0,35593.0,가솔린,오토,ORIGINAL,일반,2025-03-20 14:21:11.000 +09,경기,카운셀러,176부3550,1,0,1,59.6556,0.0,1,0,
38679648,현대,아반떼 AD,1.6 GDI 모던,(세부등급 없음),201601.0,2016,959.0,113889.0,가솔린,오토,ORIGINAL,일반,2025-03-20 14:21:11.000 +09,충남,헤이 모터스,49주0922,1,0,1,65.657,0.0,0,0,
38498138,현대,아반떼 AD,1.6 GDI 스마트,(세부등급 없음),201601.0,2016,930.0,94193.0,가솔린,오토,ORIGINAL,일반,2025-03-20 14:21:11.000 +09,경기,위드카,07서0791,4,2,1,244.6,190.353,0,0,
38567322,현대,아반떼 AD,1.6 LPI 스타일(렌터카),,201802.0,2018,740.0,106328.0,LPG(일반인 구입),오토,ORIGINAL,일반,2025-03-20 14:21:11.000 +09,전북,힐링모터스,374수7210,3,1,5,565.693,229.989,1,0,
38573352,현대,아반떼 (CN7),1.6,모던,202009.0,2021,1190.0,137242.0,가솔린,오토,ORIGINAL,일반,2025-03-20 14:21:11.000 +09,인천,타워모터스,239마3229,2,0,2,210.598,0.0,1,0,
38583519,현대,아반떼 AD,1.6 GDI 스마트,(세부등급 없음),201511.0,2016,833.0,109239.0,가솔린,오토,ORIGINAL,일반,2025-03-20 14:21:11.000 +09,충남,오토 월드,27오5031,2,0,7,110.4098,0.0,1,0,
38958520,현대,아반떼 AD,1.6 GDI 스마트,(세부등급 없음),201604.0,2016,723.0,123005.0,가솔린,오토,ORIGINAL,일반,2025-03-20 14:21:11.000 +09,충북,엑스포자동차매매단지,03오0978,6,5,2,851.4131,331.9407,0,0,
38392940,현대,아반떼 AD,1.6 터보 스포츠,(세부등급 없음),201606.0,2017,860.0,120364.0,가솔린,오토,ORIGINAL,일반,2025-03-20 14:21:11.000 +09,대구,드림모터스(주),52다0640,0,0,4,0.0,0.0,0,0,
37856582,현대,더 뉴 아반떼,1.6 VGT 스마트,기본형,201411.0,2015,420.0,133496.0,디젤,오토,ORIGINAL,일반,2025-03-20 14:21:11.000 +09,충남,(주)더카,19가6037,5,4,1,607.6131,379.0482,0,0,
39149545,현대,아반떼 (CN7),1.6,인스퍼레이션,202210.0,2023,2170.0,24588.0,가솔린,오토,ORIGINAL,일반,2025-03-20 14:21:11.000 +09,대구,엠케어모터스,165더5088,2,0,0,190.036,0.0,0,0,
39013502,현대,더 뉴 아반떼,1.6 VGT 스타일,,201507.0,2016,620.0,132943.0,디젤,오토,ORIGINAL,일반,2025-03-20 14:21:11.000 +09,경기,양주중고차오토스마일,11무1903,0,0,2,0.0,0.0,0,0,
38362415,현대,아반떼 하이브리드 (CN7),인스퍼레이션,,202011.0,2021,1450.0,159722.0,가솔린+전기,오토,ORIGINAL,일반,2025-03-20 14:21:11.000 +09,인천,(주)국민상사,252라8532,4,1,2,457.5735,278.1021,0,0,
39259918,현대,아반떼 (CN7),1.6,인스퍼레이션,202109.0,2022,2150.0,22051.0,가솔린,오토,ORIGINAL,일반,2025-03-20 14:21:11.000 +09,경기,오토플러스(주),341로7573,1,2,0,50.8931,64.8016,0,0,
39184323,현대,더 뉴 아반떼 하이브리드 (CN7),모던,,202305.0,2024,2180.0,43628.0,가솔린+전기,오토,ORIGINAL,일반,2025-03-20 14:21:11.000 +09,경기,(주)왕카,269우2245,0,0,1,0.0,0.0,1,0,
39237402,현대,아반떼 (CN7),1.6,인스퍼레이션,202301.0,2023,2300.0,17242.0,가솔린,오토,ORIGINAL,일반,2025-03-20 14:21:11.000 +09,서울,(주)산다모터스,203보5440,0,0,0,0.0,0.0,0,0,
39212893,현대,아반떼 (CN7),1.6,스마트,202005.0,2021,1490.0,44927.0,가솔린,오토,ORIGINAL,일반,2025-03-20 14:21:11.000 +09,경기,㈜오토핸즈,128호7751,1,0,0,45.82,0.0,0,0,
39206322,현대,아반떼 MD,M16 GDI 프리미어,,201110.0,2012,520.0,106000.0,가솔린,오토,ORIGINAL,일반,2025-03-20 14:21:11.000 +09,서울,새롬모터스,21조1606,3,1,4,232.1726,25.0998,0,0,
38975638,현대,아반떼 AD,1.6 GDI 스마트,(세부등급 없음),201605.0,2017,830.0,128494.0,가솔린,오토,ORIGINAL,일반,2025-03-20 14:21:08.000 +09,경기,다모아모터스,197부7781,1,0,4,43.8008,0.0,1,0,
38351700,현대,아반떼 (CN7),1.6,인스퍼레이션,202006.0,2021,2060.0,15572.0,가솔린,오토,ORIGINAL,일반,2025-03-20 14:21:04.000 +09,경기,케이탑인터내셔널,162보7768,0,0,1,0.0,0.0,0,0,
38326531,현대,아반떼 AD,1.6 e-VGT 스마트,(세부등급 없음),201808.0,2018,860.0,99255.0,디젤,오토,ORIGINAL,일반,2025-03-20 14:21:03.000 +09,인천,(주)타워모터스,248보3780,1,0,0,316.729,0.0,1,0,
37913972,현대,아반떼 AD,1.6 e-VGT 스마트,(세부등급 없음),201604.0,2016,790.0,103433.0,디젤,오토,ORIGINAL,일반,2025-03-20 14:21:03.000 +09,대전,카펀,223나5394,2,3,9,176.5799,166.3199,1,0,
38650225,현대,아반떼 (CN7),1.6,모던,202007.0,2021,1289.0,125141.0,가솔린,오토,ORIGINAL,일반,2025-03-20 14:21:03.000 +09,대전,주식회사 열린자동차,107버4566,2,0,1,75.7371,0.0,1,0,
38664476,현대,아반떼 (CN7),1.6,스마트,202010.0,2021,1590.0,28846.0,가솔린,오토,ORIGINAL,일반,2025-03-20 14:21:03.000 +09,경기,프로모터스,267더3194,1,0,2,134.5979,0.0,1,0,
38994737,현대,더 뉴 아반떼,1.6 GDi 스마트,기본형,201508.0,2016,670.0,102511.0,가솔린,오토,ORIGINAL,일반,2025-03-20 14:21:03.000 +09,부산,신아오토모빌,24가0908,2,2,4,217.9605,54.2169,0,0,
38572521,현대,더 뉴 아반떼 AD,1.6,스마트,201904.0,2019,1250.0,64057.0,가솔린,오토,ORIGINAL,일반,2025-03-20 14:21:03.000 +09,대구,카프렌즈모터스,154버6340,2,0,2,71.005,0.0,1,0,
38144373,현대,아반떼 AD,1.6 GDI 스마트,(세부등급 없음),201602.0,2016,1090.0,57254.0,가솔린,오토,ORIGINAL,일반,2025-03-20 14:21:03.000 +09,인천,(주)타워모터스,52로0127,1,1,7,46.3485,49.5421,0,0,
39041772,현대,아반떼 AD,1.6 GDI 스마트,(세부등급 없음),201608.0,2017,790.0,26957.0,가솔린,오토,ORIGINAL,일반,2025-03-20 14:21:03.000 +09,인천,유안모터스,59조0439,3,2,2,1197.2559,254.0961,0,0,
39108811,현대,아반떼 AD,1.6 LPI 스타일(렌터카),,201804.0,2018,748.0,150595.0,LPG(일반인 구입),오토,ORIGINAL,일반,2025-03-20 14:21:03.000 +09,충남,더조은자동차,241조5164,0,0,4,0.0,0.0,1,0,
38703951,현대,더 뉴 아반떼 (CN7),1.6,모던,202407.0,2024,0.0,17529.0,가솔린,오토,ORIGINAL,렌트,2025-03-20 14:21:03.000 +09,경기,(주)박차컴퍼니,127호2840,0,0,0,0.0,0.0,0,0,
37828815,현대,더 뉴 아반떼 AD,1.6,스마트,201905.0,2020,1290.0,56507.0,가솔린,오토,ORIGINAL,일반,2025-03-20 14:21:03.000 +09,부산,JM모터스,29수8828,5,3,1,515.9617,688.1516,0,0,
39178626,현대,아반떼 (CN7),1.6 터보 N Line,인스퍼레이션,202102.0,2021,2180.0,27715.0,가솔린,오토,ORIGINAL,일반,2025-03-20 14:21:03.000 +09,경기,백제모터스,235가1629,0,0,0,0.0,0.0,0,0,
39159837,현대,더 뉴 아반떼,1.6 GDi 모던,기본형,201402.0,2014,890.0,58261.0,가솔린,오토,ORIGINAL,일반,2025-03-20 14:21:03.000 +09,광주,오토플러스(주),17조5796,3,2,1,130.8258,295.544,0,0,
38979818,현대,아반떼 MD,M16 GDI 프리미어,,201104.0,2011,460.0,131837.0,가솔린,오토,ORIGINAL,일반,2025-03-20 14:21:03.000 +09,전북,스마일모터스,54로6992,7,4,1,536.5457,193.352,0,0,
38963566,현대,아반떼 (CN7),1.6,인스퍼레이션,202004.0,2021,1950.0,41459.0,가솔린,오토,ORIGINAL,일반,2025-03-20 14:21:03.000 +09,충남,하이모터스,174서1913,1,0,1,63.9483,0.0,0,0,
38852427,현대,아반떼 (CN7),1.6,스마트,202101.0,2021,1410.0,50738.0,가솔린,오토,ORIGINAL,일반,2025-03-20 14:20:56.000 +09,부산,JJ모터스,145누3550,4,0,2,471.7676,0.0,1,0,
39113350,현대,아반떼 HD,1.6 VVT S16,럭셔리,200701.0,2007,320.0,64667.0,가솔린,오토,ORIGINAL,일반,2025-03-20 14:20:54.000 +09,대전,(주)감동모터스,11러9914,1,0,2,25.5698,0.0,0,0,
39176936,현대,아반떼 MD,M16 GDI 프리미어,,201202.0,2012,520.0,106008.0,가솔린,오토,ORIGINAL,일반,2025-03-20 14:20:54.000 +09,대전,(주)감동모터스,66조8590,1,1,3,49.817,35.2,0,0,
38812748,현대,아반떼 (CN7),1.6,모던,202005.0,2021,1710.0,37694.0,가솔린,오토,ORIGINAL,일반,2025-03-20 14:20:44.000 +09,대구,타요모터스,310로9991,0,1,0,0.0,157.8273,0,0,
39276495,현대,아반떼 (CN7),1.6,모던,202301.0,2023,1950.0,42318.0,가솔린,오토,ORIGINAL,일반,2025-03-20 14:20:44.000 +09,전남,JC모터스,392조3425,0,1,2,0.0,86.076,0,0,
39149736,현대,더 뉴 아반떼 하이브리드 (CN7),인스퍼레이션,,202306.0,2024,2840.0,37994.0,가솔린+전기,오토,ORIGINAL,일반,2025-03-20 14:20:42.000 +09,충북,하나모터스,373어7947,0,0,1,0.0,0.0,0,0,
38133025,현대,아반떼 MD,M16 GDI 모던,,201211.0,2013,450.0,146227.0,가솔린,오토,ORIGINAL,일반,2025-03-20 14:20:41.000 +09,대구,세븐자동차상사,21오7497,4,3,0,204.2165,172.7771,0,0,
38813635,현대,아반떼 (CN7),1.6,모던,202209.0,2023,1860.0,54583.0,가솔린,오토,ORIGINAL,일반,2025-03-20 14:20:40.000 +09,대구,혜주자동차상사,139두6416,1,1,0,109.652,0.0,0,0,
39191934,현대,아반떼 (CN7),1.6,모던,202202.0,2022,1790.0,49091.0,가솔린,오토,ORIGINAL,일반,2025-03-20 14:20:25.000 +09,전북,강남모터스,225거5796,1,0,1,35.122,0.0,1,0,
39046652,현대,아반떼 AD,1.6 터보 스포츠,익스트림 셀렉션,201709.0,2018,990.0,117298.0,가솔린,오토,ORIGINAL,일반,2025-03-20 14:20:12.000 +09,대전,(주)정모터스,365나9331,3,0,6,253.7161,0.0,1,0,
39057212,현대,아반떼 AD,1.6 LPI 스마트(렌터카),,201801.0,2018,699.0,184511.0,LPG(일반인 구입),오토,ORIGINAL,일반,2025-03-20 14:20:11.000 +09,광주,금상모터스,100소3259,0,2,2,0.0,224.4501,1,0,
39163110,현대,아반떼 AD,1.6 GDI 밸류 플러스,,201712.0,2018,930.0,110294.0,가솔린,오토,ORIGINAL,일반,2025-03-20 14:20:11.000 +09,서울,필카,203고8193,1,0,4,41.7488,0.0,2,0,
36863165,현대,아반떼 MD,M16 GDI 스마트,,201306.0,2014,330.0,170632.0,가솔린,오토,ORIGINAL,일반,2025-03-20 14:20:11.000 +09,경기,오토돔 세종모터스,61거8417,4,0,2,456.9109,0.0,0,0,
38339732,현대,더 뉴 아반떼,1.6 GDi 스마트,기본형,201501.0,2015,750.0,89669.0,가솔린,오토,ORIGINAL,일반,2025-03-20 14:20:11.000 +09,울산,(주)나인모터스,53고9988,1,2,5,135.756,216.3344,0,0,
38735541,현대,아반떼 AD,1.6 GDI 밸류 플러스,,201809.0,2018,1130.0,36553.0,가솔린,오토,ORIGINAL,일반,2025-03-20 14:20:11.000 +09,경기,코리아모터스,69도5068,2,2,2,466.6659,278.695,0,0,
38996995,현대,더 뉴 아반떼,1.6 LPi 스마트,,201505.0,2016,530.0,126748.0,LPG(일반인 구입),오토,ORIGINAL,일반,2025-03-20 14:20:11.000 +09,부산,세븐,11소3774,5,3,2,517.3167,781.8694,0,0,
38981426,현대,아반떼 AD,1.6 GDI 모던,(세부등급 없음),201511.0,2016,850.0,85610.0,가솔린,오토,ORIGINAL,일반,2025-03-20 14:20:11.000 +09,광주,이슬모터스,26우0661,3,7,2,643.61,750.6619,0,0,
38683100,현대,아반떼 AD,1.6 GDI 스마트,(세부등급 없음),201608.0,2017,790.0,120500.0,가솔린,오토,ORIGINAL,일반,2025-03-20 14:20:10.000 +09,대전,(주)정모터스,48주0359,3,0,4,263.7654,0.0,0,0,
39252258,현대,아반떼 MD,M16 GDI 럭셔리,,201107.0,2012,390.0,105038.0,가솔린,오토,ORIGINAL,일반,2025-03-20 14:20:09.000 +09,대전,(주)정모터스,51저5666,1,1,2,113.265,23.523,0,0,
38558391,현대,아반떼 AD,1.6 GDI 밸류 플러스,,201708.0,2018,920.0,144292.0,가솔린,오토,ORIGINAL,일반,2025-03-20 14:20:09.000 +09,대전,(주)정모터스,28마4462,2,0,1,71.9046,0.0,0,0,
38431956,현대,아반떼 AD,1.6 GDI 밸류 플러스,,201612.0,2017,960.0,97559.0,가솔린,오토,ORIGINAL,일반,2025-03-20 14:20:08.000 +09,울산,에스다이렉트카,48소5888,2,0,1,89.9199,0.0,0,0,
38973210,현대,아반떼 MD,M16 GDI 럭셔리,,201207.0,2012,360.0,166119.0,가솔린,오토,ORIGINAL,일반,2025-03-20 14:20:08.000 +09,대전,(주)정모터스,23마1219,6,4,1,405.7571,486.8549,0,0,
39265795,현대,아반떼 MD,M16 GDI 프리미어,,201204.0,2012,470.0,154627.0,가솔린,오토,ORIGINAL,일반,2025-03-20 14:20:08.000 +09,대전,(주)정모터스,45머3972,4,0,1,278.7694,0.0,0,0,
38852181,현대,더 뉴 아반떼,1.6 VGT 스마트,기본형,201401.0,2014,520.0,138265.0,디젤,오토,ORIGINAL,일반,2025-03-20 14:20:08.000 +09,대전,(주)정모터스,48무9065,3,1,1,239.1342,30.1848,0,0,
39263402,현대,더 뉴 아반떼 하이브리드 (CN7),인스퍼레이션,,202408.0,2025,2979.0,4941.0,가솔린+전기,오토,ORIGINAL,일반,2025-03-20 14:20:06.000 +09,대전,제이더블유,107더7228,2,1,0,349.8706,102.9884,0,0,
38653839,현대,아반떼 (CN7),1.6,모던,202008.0,2021,1130.0,154360.0,가솔린,오토,ORIGINAL,일반,2025-03-20 14:20:05.000 +09,인천,(주)타워모터스,292주5830,0,0,1,0.0,0.0,1,0,
37722568,현대,아반떼 (CN7),1.6,모던,202007.0,2021,1499.0,36600.0,가솔린,오토,ORIGINAL,일반,2025-03-20 14:20:05.000 +09,경기,카오션,255가3202,4,5,2,135.7377,522.8761,1,0,
39161744,현대,아반떼 AD,1.6 GDI 밸류 플러스,,201705.0,2018,1070.0,90781.0,가솔린,오토,ORIGINAL,일반,2025-03-20 14:20:05.000 +09,경기,제이디모터스,50가9630,0,0,0,0.0,0.0,0,0,
38848736,현대,아반떼 (CN7),1.6,스마트,202008.0,2021,1109.0,113438.0,가솔린,오토,ORIGINAL,일반,2025-03-20 14:20:05.000 +09,경남,(주)이레모터스,122무1256,2,0,1,239.9468,0.0,1,0,
39132888,현대,더 뉴 아반떼 AD,1.6,스마트,202002.0,2020,1220.0,59461.0,가솔린,오토,ORIGINAL,일반,2025-03-20 14:20:05.000 +09,인천,(주)타워모터스,176부3556,1,0,1,34.283,0.0,1,0,
39019363,현대,아반떼 MD,M16 GDI 스마트,,201212.0,2013,490.0,81247.0,가솔린,오토,ORIGINAL,일반,2025-03-20 14:20:04.000 +09,경기,주식회사 건모터스,28루5889,3,3,1,230.858,182.654,0,0,
39122636,현대,아반떼 하이브리드 (CN7),모던,,202011.0,2021,1560.0,108614.0,가솔린+전기,오토,ORIGINAL,리스,2025-03-20 14:20:04.000 +09,서울,(주)오토플래닛,178허8062,0,0,0,0.0,0.0,0,0,
39182368,현대,더 뉴 아반떼,1.6 GDi 스마트,기본형,201409.0,2015,770.0,42093.0,가솔린,오토,ORIGINAL,일반,2025-03-20 14:20:04.000 +09,서울,(주)제이카모터스,38조6004,2,0,1,106.3527,0.0,0,0,
39244691,현대,아반떼 MD,M16 GDI 탑,,201106.0,2012,455.0,124698.0,가솔린,오토,ORIGINAL,일반,2025-03-20 14:20:04.000 +09,충남,(주)거상자동차,54로2667,4,1,3,176.5513,43.5238,0,0,
39240520,현대,아반떼 (CN7),1.6,모던,202101.0,2021,1510.0,83177.0,가솔린,오토,ORIGINAL,일반,2025-03-20 14:20:04.000 +09,경기,롯데렌탈주식회사,212마9800,1,0,0,0.0,0.0,1,0,
37800893,현대,아반떼 AD,1.6 GDI 스타일,,201608.0,2017,520.0,133340.0,가솔린,오토,ORIGINAL,일반,2025-03-20 14:20:04.000 +09,경기,중고차A팀,03소0444,2,3,2,309.1727,430.3852,0,0,
39256383,현대,아반떼 (CN7),1.6,모던,202105.0,2021,1780.0,44515.0,가솔린,오토,ORIGINAL,일반,2025-03-20 14:20:04.000 +09,경기,브라더모터스,205다8383,1,0,0,131.591,0.0,0,0,
38715793,현대,아반떼 (CN7),1.6,모던,202007.0,2021,1495.0,118462.0,가솔린,오토,ORIGINAL,일반,2025-03-20 14:20:04.000 +09,충남,(주)거상자동차,222서8294,2,2,1,136.1325,265.9211,1,0,
39168051,현대,아반떼 AD,1.6 GDI 스마트,(세부등급 없음),201605.0,2016,858.0,91945.0,가솔린,오토,ORIGINAL,일반,2025-03-20 14:20:04.000 +09,서울,원일자동차(주),06소0825,3,1,1,384.0564,160.0,0,0,
39231837,현대,더 뉴 아반떼,1.6 GDi 스마트,기본형,201501.0,2015,799.0,88204.0,가솔린,오토,ORIGINAL,일반,2025-03-20 14:20:04.000 +09,경기,위드카,253어2255,1,0,5,51.869,0.0,1,0,
39196162,현대,아반떼 (CN7),1.6,모던,202004.0,2021,1390.0,142172.0,가솔린,오토,ORIGINAL,일반,2025-03-20 14:20:04.000 +09,인천,(주)국민상사,304로4226,4,0,1,373.1011,0.0,0,0,
38877768,현대,아반떼 (CN7),1.6,모던,202112.0,2022,1950.0,6107.0,가솔린,오토,ORIGINAL,일반,2025-03-20 14:20:04.000 +09,경기,블루오토,362두7024,1,0,1,32.3169,0.0,0,0,
39043267,현대,아반떼 하이브리드,HDeII,기본형,201003.0,2010,380.0,148679.0,LPG+전기,오토,ORIGINAL,일반,2025-03-20 14:20:04.000 +09,경기,주식회사 씨피오토모티브,61구6556,1,0,1,23.443,0.0,0,0,
38527817,현대,아반떼 AD,1.6 GDI 밸류 플러스,,201801.0,2018,1020.0,108743.0,가솔린,오토,ORIGINAL,일반,2025-03-20 14:20:04.000 +09,서울,유진모터스,21가8037,3,3,2,343.4727,221.3092,0,0,
39215503,현대,아반떼 AD,1.6 GDI 밸류 플러스,,201612.0,2017,899.0,78857.0,가솔린,오토,ORIGINAL,일반,2025-03-20 14:20:04.000 +09,대구,SB모터스,27오2080,1,0,3,981.254,0.0,0,0,
39211097,현대,아반떼 (CN7),1.6,모던,202102.0,2021,1850.0,22023.0,가솔린,오토,ORIGINAL,일반,2025-03-20 14:20:04.000 +09,인천,오토그린,209우1438,0,3,2,0.0,285.1321,1,0,
39143585,현대,아반떼 MD,M16 GDI 스마트,,201301.0,2013,550.0,60274.0,가솔린,오토,ORIGINAL,일반,2025-03-20 14:20:01.000 +09,경기,제이디모터스,60다7827,0,0,0,0.0,0.0,0,0,
39243525,현대,아반떼 (CN7),1.6,인스퍼레이션,202011.0,2021,1790.0,39974.0,가솔린,오토,ORIGINAL,일반,2025-03-20 14:19:57.000 +09,경기,오토리카,158누1171,3,0,1,173.3899,0.0,1,0,
39243630,현대,아반떼 (CN7),1.6,모던,202211.0,2023,1970.0,22041.0,가솔린,오토,ORIGINAL,일반,2025-03-20 14:19:57.000 +09,경기,오토리카,117어7252,1,0,0,112.1642,0.0,0,0,
39060518,현대,더 뉴 아반떼,1.6 VGT 텐밀리언 리미티드,기본형,201506.0,2016,9999.0,196395.0,디젤,오토,ORIGINAL,일반,2025-03-20 14:19:48.000 +09,경기,오뚜기자동차,61버8784,5,8,2,546.8238,321.6604,0,0,
39068965,현대,아반떼 (CN7),1.6,인스퍼레이션,202104.0,2021,1960.0,29800.0,가솔린,오토,ORIGINAL,일반,2025-03-20 14:19:45.000 +09,경기,준모터스,181루3494,1,0,0,70.6748,0.0,0,0,
39262329,현대,아반떼 (CN7),1.6,인스퍼레이션,202205.0,2023,1999.0,58900.0,가솔린,오토,ORIGINAL,일반,2025-03-20 14:19:44.000 +09,경기,준모터스,157가5999,0,1,3,0.0,42.965,0,0,
39158698,현대,아반떼 (CN7),2.0 N,,202108.0,2021,2290.0,74875.0,가솔린,오토,ORIGINAL,일반,2025-03-20 14:19:38.000 +09,대구,나눔모터스,112누7580,1,0,2,61.0008,0.0,0,0,
39133155,현대,아반떼 (CN7),1.6,인스퍼레이션,202102.0,2021,2040.0,14702.0,가솔린,오토,ORIGINAL,일반,2025-03-20 14:19:34.000 +09,대구,원모터스,120버7174,2,0,0,106.7319,0.0,0,0,
39007341,현대,아반떼 AD,1.6 GDI 밸류 플러스,,201703.0,2017,940.0,117285.0,가솔린,오토,ORIGINAL,일반,2025-03-20 14:19:34.000 +09,대구,원모터스,58구5791,1,1,6,30.699,53.2369,0,0,
38612866,현대,아반떼 AD,1.6 GDI 밸류 플러스,,201804.0,2018,1140.0,72028.0,가솔린,오토,ORIGINAL,일반,2025-03-20 14:19:34.000 +09,대구,원모터스,01소1832,2,1,1,172.923,31.0186,0,0,
39258204,현대,아반떼 AD,1.6 GDI 밸류 플러스,,201807.0,2018,960.0,84824.0,가솔린,오토,ORIGINAL,일반,2025-03-20 14:19:21.000 +09,대전,주식회사차차차자동차,205마4204,2,4,3,175.2668,1937.1874,1,0,
39199527,현대,아반떼 MD,M16 GDI 럭셔리,,201101.0,2011,390.0,166144.0,가솔린,오토,ORIGINAL,일반,2025-03-20 14:19:13.000 +09,울산,나래모터스,183서2793,2,3,7,231.824,153.7021,1,0,
38911885,현대,아반떼 AD,1.6 e-VGT 스마트,(세부등급 없음),201510.0,2016,555.0,218702.0,디젤,오토,ORIGINAL,일반,2025-03-20 14:19:12.000 +09,충남,으랏차차,25수0240,7,3,1,478.7188,237.016,0,0,
38676232,현대,아반떼 AD,1.6 GDI 스타일,,201606.0,2017,849.0,89480.0,가솔린,오토,ORIGINAL,일반,2025-03-20 14:19:12.000 +09,경기,중고차마트,22누1676,2,1,5,65.826,49.8878,1,0,
37889343,현대,더 뉴 아반떼 AD,1.6,스타일,201812.0,2019,1090.0,88030.0,가솔린,오토,ORIGINAL,일반,2025-03-20 14:19:12.000 +09,대전,세종자동차,237우7876,1,2,1,45.084,150.0757,1,0,
39208204,현대,아반떼 AD,1.6 GDI 밸류 플러스,,201706.0,2018,1180.0,52634.0,가솔린,오토,ORIGINAL,일반,2025-03-20 14:19:12.000 +09,경기,(주)유로모터스,03부2505,0,0,2,0.0,0.0,0,0,
39206370,현대,아반떼 HD,1.6 VVT S16,프리미어,200909.0,2010,320.0,221733.0,가솔린,오토,ORIGINAL,일반,2025-03-20 14:19:12.000 +09,경기,라온모터스,19구1119,3,3,3,208.105,308.3268,0,0,
37662177,현대,아반떼 MD,M16 GDI 럭셔리,,201011.0,2011,370.0,154863.0,가솔린,오토,ORIGINAL,일반,2025-03-20 14:19:11.000 +09,대전,(주)이수오토,41버5492,2,0,1,326.398,0.0,0,0,
39244502,현대,더 뉴 아반떼,1.6 GDi 스마트,기본형,201410.0,2015,530.0,128708.0,가솔린,오토,ORIGINAL,일반,2025-03-20 14:19:04.000 +09,울산,호호모터스,26거5779,3,1,2,164.1629,17.8478,0,0,
39134066,현대,아반떼 (CN7),2.0 N,,202303.0,2023,2900.0,46237.0,가솔린,오토,ORIGINAL,일반,2025-03-20 14:19:03.000 +09,경기,(주)유로모터스,194다3369,0,0,0,0.0,0.0,0,0,
39166656,현대,아반떼 (CN7),1.6,모던,202209.0,2023,2030.0,26844.0,가솔린,오토,ORIGINAL,일반,2025-03-20 14:19:02.000 +09,경기,(주)준모터스,205로2755,0,0,0,0.0,0.0,0,0,
39250763,현대,더 뉴 아반떼 (CN7),1.6,모던,202410.0,2025,2230.0,483.0,가솔린,오토,ORIGINAL,일반,2025-03-20 14:19:02.000 +09,서울,대디모터스,201머9783,0,0,0,0.0,0.0,0,0,
39233657,현대,아반떼 하이브리드 (CN7),스마트,,202102.0,2021,1830.0,40336.0,가솔린+전기,오토,ORIGINAL,일반,2025-03-20 14:19:02.000 +09,부산,태성모터스,302수2362,0,0,1,0.0,0.0,1,0,
39232182,현대,아반떼 (CN7),1.6 LPi (렌터카),스마트,202009.0,2021,1450.0,80695.0,LPG(일반인 구입),오토,ORIGINAL,일반,2025-03-20 14:19:02.000 +09,대구,태풍자동차,125루7581,3,0,0,569.9671,0.0,1,0,
39139866,현대,아반떼 MD,M16 GDI 프리미어,,201110.0,2012,550.0,98825.0,가솔린,오토,ORIGINAL,일반,2025-03-20 14:19:02.000 +09,경기,주)엘케이모터스,64구6284,1,0,2,144.114,0.0,0,0,
39193320,현대,아반떼 AD,1.6 GDI 스마트,(세부등급 없음),201605.0,2017,799.0,137102.0,가솔린,오토,ORIGINAL,일반,2025-03-20 14:19:02.000 +09,서울,태광티에프,106조7538,0,3,3,0.0,652.9904,1,0,
38795107,현대,아반떼 하이브리드 (CN7),스마트,,202012.0,2021,1590.0,84658.0,가솔린+전기,오토,ORIGINAL,일반,2025-03-20 14:19:02.000 +09,경기,엠케이모터스,198라8652,1,0,1,130.836,0.0,1,0,
38799473,현대,아반떼 HD,1.6 VVT S16,럭셔리,200905.0,2009,370.0,83937.0,가솔린,오토,ORIGINAL,일반,2025-03-20 14:19:02.000 +09,충남,오토리더,43저1127,3,1,1,382.2222,74.28,0,0,
38747073,현대,더 뉴 아반떼 AD,1.6,스타일,201907.0,2019,1150.0,30123.0,가솔린,오토,ORIGINAL,일반,2025-03-20 14:19:02.000 +09,광주,(유)쌍둥이모터스,02부5925,1,1,1,629.9621,545.7,0,0,
39108424,현대,아반떼 HD,1.6 VVT S16,럭셔리,200911.0,2010,380.0,57632.0,가솔린,수동,ORIGINAL,일반,2025-03-20 14:19:02.000 +09,경기,(주)제이케이오토모빌,28로9820,2,0,3,78.1683,0.0,0,0,
38968085,현대,아반떼 AD,1.6 터보 스포츠,(세부등급 없음),201709.0,2018,1240.0,49604.0,가솔린,오토,ORIGINAL,일반,2025-03-20 14:19:02.000 +09,인천,자동차1번지,19어1391,6,0,1,317.7316,0.0,0,0,
38627453,현대,아반떼 AD,1.6 GDI 모던,(세부등급 없음),201604.0,2016,760.0,175360.0,가솔린,오토,ORIGINAL,일반,2025-03-20 14:19:02.000 +09,부산,엠제이모터스,48조0615,1,0,2,150.234,0.0,0,0,
37748871,현대,아반떼 MD,M16 GDI 럭셔리,,201105.0,2012,400.0,148712.0,가솔린,오토,ORIGINAL,일반,2025-03-20 14:19:02.000 +09,경기,우수상사,56우9192,4,2,2,362.9375,302.07,0,0,
38243301,현대,더 뉴 아반떼,1.6 GDi 스마트,기본형,201308.0,2014,390.0,174212.0,가솔린,오토,ORIGINAL,일반,2025-03-20 14:19:02.000 +09,부산,박준표중고차,24머7640,5,2,5,555.5335,178.1548,0,0,
37561152,현대,아반떼 MD,M16 GDI 럭셔리,,201103.0,2011,450.0,155907.0,가솔린,오토,ORIGINAL,일반,2025-03-20 14:18:56.000 +09,부산,효성상사,53버7634,1,2,3,95.9113,79.3493,0,0,0.0
37927575,현대,아반떼 MD,M16 GDI 프리미어,,201008.0,2011,450.0,118989.0,가솔린,오토,ORIGINAL,일반,2025-03-20 14:18:56.000 +09,부산,효성상사,30노5551,3,1,5,380.2626,39.7388,0,0,0.0
39182795,현대,아반떼 AD,1.6 GDI 밸류 플러스,,201707.0,2018,1020.0,84576.0,가솔린,오토,ORIGINAL,일반,2025-03-20 14:18:48.000 +09,대구,나래모터스,42러4015,2,2,3,337.0403,288.501,0,0,
39108442,현대,아반떼 AD,1.6 GDI 모던,(세부등급 없음),201511.0,2016,850.0,99752.0,가솔린,오토,ORIGINAL,일반,2025-03-20 14:18:21.000 +09,부산,(주)브로모터스,183서2740,2,1,2,164.1704,767.225,1,0,
39054740,현대,더 뉴 아반떼 (CN7),1.6,모던,202412.0,2025,2046.0,4300.0,가솔린,오토,ORIGINAL,렌트,2025-03-20 14:18:14.000 +09,인천,,220하8716,0,0,0,0.0,0.0,0,0,
38992187,현대,아반떼 MD,M16 GDI 스마트,,201301.0,2013,495.0,88609.0,가솔린,오토,ORIGINAL,일반,2025-03-20 14:18:14.000 +09,대구,뉴수성모터스,60서9183,3,3,2,205.6916,227.2396,0,0,
38976915,현대,더 뉴 아반떼,1.6 VGT 스타일,,201410.0,2015,520.0,104756.0,디젤,오토,ORIGINAL,일반,2025-03-20 14:18:14.000 +09,서울,(주)한경자동차,41오2427,2,1,1,105.8952,57.0223,0,0,
39187819,현대,아반떼 MD,M16 GDI 럭셔리,,201111.0,2012,470.0,81949.0,가솔린,오토,ORIGINAL,일반,2025-03-20 14:18:14.000 +09,경기,,68버7897,0,0,1,0.0,0.0,0,0,
39211394,현대,더 뉴 아반떼 AD,1.6,스타일,201904.0,2019,980.0,137939.0,가솔린,오토,ORIGINAL,일반,2025-03-20 14:18:14.000 +09,경기,코리아모터스,233무2374,0,0,2,0.0,0.0,1,0,
39099794,현대,아반떼 (CN7),1.6,인스퍼레이션,202006.0,2021,1599.0,132724.0,가솔린,오토,ORIGINAL,일반,2025-03-20 14:18:14.000 +09,경기,블루오토,113나7088,1,0,1,40.397,0.0,0,0,
37356942,현대,아반떼 MD,M16 GDI 럭셔리,,201204.0,2012,450.0,169998.0,가솔린,오토,ORIGINAL,일반,2025-03-20 14:18:14.000 +09,부산,이수모터스,55우7421,2,0,5,195.853,0.0,0,0,
39070453,현대,아반떼 (CN7),1.6,인스퍼레이션,202201.0,2022,2040.0,47930.0,가솔린,오토,ORIGINAL,일반,2025-03-20 14:18:04.000 +09,경기,오토플러스(주),142어4877,1,0,0,171.0346,0.0,0,0,
39161488,현대,아반떼 (CN7),1.6,모던,202107.0,2021,1885.0,10200.0,가솔린,오토,ORIGINAL,일반,2025-03-20 14:18:04.000 +09,인천,삼성자동차,162고6427,0,0,1,0.0,0.0,0,0,
37787854,현대,아반떼 AD,1.6 e-VGT 스마트,(세부등급 없음),201510.0,2016,730.0,132742.0,디젤,오토,ORIGINAL,일반,2025-03-20 14:18:04.000 +09,충남,동네사람들,155다5103,0,0,4,0.0,0.0,1,0,
37081732,현대,아반떼 MD,M16 GDI 탑,,201109.0,2012,392.0,188210.0,가솔린,오토,ORIGINAL,일반,2025-03-20 14:18:04.000 +09,전북,카몬,45어5219,2,2,3,404.0651,413.4,0,0,
39128809,현대,아반떼 (CN7),1.6 LPi (렌터카),스마트,202101.0,2021,1650.0,58165.0,LPG(일반인 구입),오토,ORIGINAL,일반,2025-03-20 14:18:04.000 +09,대전,굿모닝자동차상사,292고7146,0,1,1,0.0,63.6503,1,0,
39203587,현대,아반떼 MD,M16 GDI 에비뉴,,201302.0,2013,520.0,135910.0,가솔린,오토,ORIGINAL,일반,2025-03-20 14:18:04.000 +09,경북,패밀리모터스,35다1888,0,0,7,0.0,0.0,0,0,
39172699,현대,아반떼 (CN7),1.6,인스퍼레이션,202112.0,2022,2090.0,30552.0,가솔린,오토,ORIGINAL,일반,2025-03-20 14:18:04.000 +09,경기,오토플러스(주),234마4058,1,0,0,87.924,0.0,0,0,
39268197,현대,아반떼 하이브리드 (CN7),모던,,202201.0,2022,2110.0,56822.0,가솔린+전기,오토,ORIGINAL,일반,2025-03-20 14:18:04.000 +09,부산,오토플러스(주),177수8253,2,0,5,89.5923,0.0,0,0,
39130896,현대,아반떼 AD,1.6 터보 스포츠,(세부등급 없음),201701.0,2017,1150.0,83434.0,가솔린,오토,ORIGINAL,일반,2025-03-20 14:18:04.000 +09,경기,울트라모터스,21루9450,2,0,1,116.557,0.0,1,0,
39220985,현대,아반떼 MD,M16 GDI 에비뉴,,201305.0,2014,590.0,125273.0,가솔린,오토,ORIGINAL,일반,2025-03-20 14:18:04.000 +09,충남,디에스오토주식회사,54저4778,2,4,4,96.444,669.93,0,0,
39232319,현대,아반떼 (CN7),1.6,모던,202104.0,2021,1649.0,62832.0,가솔린,오토,ORIGINAL,일반,2025-03-20 14:18:04.000 +09,서울,주식회사 프로모터스,241오7220,0,1,2,0.0,0.0,1,0,
39186352,현대,아반떼 AD,1.6 LPI 스마트(렌터카),,201803.0,2018,1070.0,98850.0,LPG(일반인 구입),오토,ORIGINAL,일반,2025-03-20 14:18:04.000 +09,경기,코리아모터스,245누9880,2,1,4,108.0039,53.908,1,0,
39033615,현대,아반떼 AD,1.6 GDI 스마트,(세부등급 없음),201605.0,2017,779.0,143803.0,가솔린,오토,ORIGINAL,일반,2025-03-20 14:18:04.000 +09,서울,주식회사 프로모터스,186조7684,2,0,2,117.2496,0.0,1,0,
39193882,현대,아반떼 AD,1.6 GDI 스마트,(세부등급 없음),201605.0,2017,769.0,114368.0,가솔린,오토,ORIGINAL,일반,2025-03-20 14:18:04.000 +09,서울,주식회사 프로모터스,186조7614,3,2,3,257.286,97.5086,2,0,
38886450,현대,아반떼 AD,1.6 GDI 스마트,(세부등급 없음),201708.0,2018,960.0,62049.0,가솔린,오토,ORIGINAL,일반,2025-03-20 14:18:04.000 +09,대구,(주)카고고,39주8479,1,1,2,131.67,83.4294,0,0,
38799914,현대,아반떼 (CN7),1.6,인스퍼레이션,202007.0,2021,1450.0,81464.0,가솔린,오토,ORIGINAL,일반,2025-03-20 14:18:04.000 +09,대구,태백상사,320거8033,11,1,1,1883.414,0.0,0,0,
38811551,현대,더 뉴 아반떼 AD,1.6,스마트,201907.0,2020,1470.0,73909.0,가솔린,오토,ORIGINAL,일반,2025-03-20 14:18:04.000 +09,충북,(주)더챔,195로2036,0,0,3,0.0,0.0,1,0,
38636385,현대,아반떼 AD,1.6 GDI 스마트,(세부등급 없음),201702.0,2017,890.0,136647.0,가솔린,오토,ORIGINAL,일반,2025-03-20 14:18:04.000 +09,충남,국보자동차,55루3133,0,1,4,0.0,77.3033,0,0,
38917993,현대,아반떼 AD,1.6 터보 스포츠,(세부등급 없음),201707.0,2018,1380.0,45295.0,가솔린,오토,ORIGINAL,일반,2025-03-20 14:18:04.000 +09,인천,(주)카스갤러리,12다5734,2,1,1,192.076,69.566,0,0,0.0
38901374,현대,아반떼 MD,M16 GDI 스마트,,201301.0,2013,680.0,73585.0,가솔린,오토,ORIGINAL,일반,2025-03-20 14:18:04.000 +09,충북,(주)더챔,30누9950,1,0,1,67.7435,0.0,0,0,
39214744,현대,더 뉴 아반떼 AD,1.6 LPi,스마트(렌터카용),201810.0,2019,930.0,144615.0,LPG(일반인 구입),오토,ORIGINAL,일반,2025-03-20 14:17:34.000 +09,경기,SK모터스,339다3243,3,0,2,315.9311,0.0,1,0,
39027931,현대,더 뉴 아반떼 (CN7),1.6,모던 N Line,202405.0,2024,2470.0,2053.0,가솔린,오토,ORIGINAL,일반,2025-03-20 14:17:34.000 +09,경기,SK모터스,130로8460,0,0,0,0.0,0.0,0,0,
39128156,현대,아반떼 (CN7),1.6,인스퍼레이션,202007.0,2021,9999.0,53187.0,가솔린,오토,ORIGINAL,일반,2025-03-20 14:17:32.000 +09,부산,(주)하이엔드모터스,174보4686,1,1,0,49.553,47.2431,0,0,
39161834,현대,아반떼 AD,1.6 GDI 모던,(세부등급 없음),201602.0,2016,1000.0,102615.0,가솔린,오토,ORIGINAL,일반,2025-03-20 14:17:11.000 +09,경기,벧엘자동차,46로0343,0,0,5,0.0,0.0,0,0,
38347785,현대,아반떼 (CN7),1.6,모던,202107.0,2021,1730.0,19264.0,가솔린,오토,ORIGINAL,일반,2025-03-20 14:17:11.000 +09,대전,형채와자동차,125구3027,2,0,1,250.8626,0.0,1,0,
39212454,현대,아반떼 (CN7),2.0 N,,202206.0,2022,2999.0,28495.0,가솔린,오토,ORIGINAL,일반,2025-03-20 14:17:11.000 +09,서울,(주)준모터스,191조1111,0,0,1,0.0,0.0,0,0,
38997956,현대,더 뉴 아반떼 하이브리드 (CN7),모던,,202401.0,2024,2650.0,18173.0,가솔린+전기,오토,ORIGINAL,일반,2025-03-20 14:17:11.000 +09,경기,블루오토,250나1219,0,0,1,0.0,0.0,1,0,
38784447,현대,아반떼 AD,1.6 GDI 밸류 플러스,,201801.0,2018,965.0,111110.0,가솔린,오토,ORIGINAL,일반,2025-03-20 14:17:11.000 +09,대구,카뱅크모터스,336수9635,1,0,5,279.38,0.0,1,0,
38731478,현대,아반떼 AD,1.6 e-VGT 스마트,(세부등급 없음),201607.0,2017,660.0,155733.0,디젤,오토,ORIGINAL,일반,2025-03-20 14:17:11.000 +09,경기,중고차A팀,107수8951,3,2,2,362.0904,449.167,1,0,
38731105,현대,아반떼 (CN7),1.6,인스퍼레이션,202103.0,2021,1815.0,57615.0,가솔린,오토,ORIGINAL,일반,2025-03-20 14:17:11.000 +09,부산,세븐,208누9138,2,0,1,208.0029,0.0,1,0,
38874259,현대,아반떼 (CN7),1.6 LPi (장애인),모던,202107.0,2021,1390.0,32742.0,LPG(일반인 구입),오토,ORIGINAL,일반,2025-03-20 14:17:11.000 +09,전북,스마일모터스,306소8981,2,1,1,1340.541,408.926,0,0,
38463343,현대,아반떼 MD,M16 GDI 럭셔리,,201101.0,2011,450.0,98571.0,가솔린,오토,ORIGINAL,일반,2025-03-20 14:17:11.000 +09,충남,(주)태양모터스,47모9289,2,1,1,278.4423,33.404,0,0,
39124866,현대,아반떼 (CN7),1.6,스마트,202104.0,2021,1250.0,123662.0,가솔린,오토,ORIGINAL,일반,2025-03-20 14:17:11.000 +09,충북,(주)정일모터스,132노3528,1,5,2,54.2159,548.0571,1,0,
39190436,현대,아반떼 (CN7),1.6,모던,202108.0,2021,1460.0,58131.0,가솔린,오토,ORIGINAL,일반,2025-03-20 14:17:11.000 +09,서울,달모터스,251소8332,2,0,1,27.3029,0.0,1,0,
38971124,현대,아반떼 MD,M16 GDI 럭셔리,,201102.0,2011,399.0,112427.0,가솔린,오토,ORIGINAL,일반,2025-03-20 14:17:11.000 +09,충남,당근카,15가9018,6,1,3,355.5944,101.6452,0,0,
39196129,현대,아반떼 (CN7),1.6,스마트,202107.0,2021,1270.0,119128.0,가솔린,오토,ORIGINAL,일반,2025-03-20 14:17:11.000 +09,광주,해태자동차,209노8570,0,6,1,0.0,334.3367,1,0,
39255534,현대,아반떼 AD,1.6 GDI 모던,스페셜,201512.0,2016,1150.0,56559.0,가솔린,오토,ORIGINAL,일반,2025-03-20 14:17:11.000 +09,경기,주식회사 오토매치,28주0774,1,0,3,108.2248,0.0,0,0,
39251895,현대,더 뉴 아반떼,1.6 GDi 모던,기본형,201406.0,2015,750.0,54004.0,가솔린,오토,ORIGINAL,일반,2025-03-20 14:17:11.000 +09,부산,시그니처모터스,30도6328,3,1,0,156.4886,60.0038,0,0,
37662427,현대,더 뉴 아반떼,1.6 GDi 스마트,기본형,201401.0,2014,720.0,72937.0,가솔린,오토,ORIGINAL,일반,2025-03-20 14:17:11.000 +09,대전,주식회사 열린자동차,18모1026,2,1,2,169.6398,152.1418,0,0,
39167746,현대,아반떼 AD,1.6 LPI 스타일(렌터카),,201706.0,2018,740.0,109492.0,LPG(일반인 구입),오토,ORIGINAL,일반,2025-03-20 14:17:04.000 +09,경기,(주)유니앤모터스,112가7562,1,1,5,57.0238,51.287,1,0,
38738091,현대,아반떼 MD,M16 GDI 럭셔리,,201101.0,2011,450.0,77649.0,가솔린,오토,ORIGINAL,일반,2025-03-20 14:17:03.000 +09,인천,레드모터스,40무3466,6,4,3,627.3587,226.9043,0,0,
38636713,현대,더 뉴 아반떼 AD,1.6,스마트,201902.0,2019,1410.0,30689.0,가솔린,오토,ORIGINAL,일반,2025-03-20 14:17:03.000 +09,인천,레드모터스,106소7271,1,1,3,182.255,113.0933,1,0,
38465020,현대,더 뉴 아반떼,1.6 GDi 스마트,기본형,201403.0,2014,670.0,81200.0,가솔린,오토,ORIGINAL,일반,2025-03-20 14:17:03.000 +09,경기,(주)유로모터스,19주6886,1,1,3,70.135,50.7952,0,0,
37738016,현대,아반떼 MD,M16 GDI 럭셔리,,201101.0,2011,390.0,116281.0,가솔린,오토,ORIGINAL,일반,2025-03-20 14:17:03.000 +09,대전,(주)이수오토,34서3267,2,2,1,76.5131,79.102,0,0,
38928641,현대,아반떼 AD,1.6 GDI 프리미엄,,201709.0,2018,1070.0,63801.0,가솔린,오토,ORIGINAL,일반,2025-03-20 14:17:02.000 +09,서울,(주)하이오토코리아,32주2595,2,2,3,321.8019,429.1368,0,0,
38874682,현대,아반떼 AD,1.6 GDI 스마트,(세부등급 없음),201601.0,2016,1080.0,78523.0,가솔린,오토,ORIGINAL,일반,2025-03-20 14:17:02.000 +09,충북,주식회사 더챔,32노0882,1,0,3,133.0345,0.0,0,0,
38820697,현대,아반떼 AD,1.6 GDI 스마트,스페셜,201605.0,2016,820.0,148995.0,가솔린,오토,ORIGINAL,일반,2025-03-20 14:17:02.000 +09,서울,주)화성모터스,24소0986,3,1,7,311.1513,136.521,0,0,
38828365,현대,아반떼 MD,M16 GDI 럭셔리,,201011.0,2011,330.0,141573.0,가솔린,오토,ORIGINAL,일반,2025-03-20 14:17:02.000 +09,충남,에스오토,51다2796,2,3,5,271.3847,449.7237,0,0,
38722080,현대,아반떼 HD,1.6 VVT S16,파이브 밀리언,200904.0,2009,385.0,106761.0,가솔린,오토,ORIGINAL,일반,2025-03-20 14:17:02.000 +09,광주,광주중고차 153모터스,34부9717,1,2,3,155.059,115.003,0,0,
38717643,현대,아반떼 (CN7),1.6,인스퍼레이션,202004.0,2021,1890.0,57046.0,가솔린,오토,ORIGINAL,일반,2025-03-20 14:17:02.000 +09,울산,최강모터스,151거8220,3,0,1,543.1523,0.0,0,0,
38728023,현대,아반떼 (CN7),1.6,인스퍼레이션,202102.0,2021,1920.0,28342.0,가솔린,오토,ORIGINAL,일반,2025-03-20 14:17:02.000 +09,경기,아이원모터스,153오3136,1,0,4,612.4733,0.0,0,0,
38578928,현대,아반떼 (CN7),1.6 터보 N Line,인스퍼레이션,202102.0,2021,1790.0,53589.0,가솔린,오토,ORIGINAL,일반,2025-03-20 14:17:02.000 +09,경기,싸다니카,128고2319,3,0,1,854.7522,0.0,0,0,
38869989,현대,아반떼 (CN7),1.6,인스퍼레이션,202007.0,2021,1639.0,113816.0,가솔린,오토,ORIGINAL,일반,2025-03-20 14:17:02.000 +09,충남,헤이모터스,331더1521,2,0,1,130.6132,0.0,0,0,
38965902,현대,아반떼 AD,1.6 GDI 스마트,스페셜,201511.0,2016,899.0,108035.0,가솔린,오토,ORIGINAL,일반,2025-03-20 14:17:02.000 +09,부산,세븐,42구6981,6,0,3,470.8467,0.0,0,0,
39238269,현대,아반떼 (CN7),1.6,모던,202006.0,2021,1720.0,34504.0,가솔린,오토,ORIGINAL,일반,2025-03-20 14:17:02.000 +09,서울,(주)에어라인오토,229조5999,0,0,1,0.0,0.0,0,0,
39265879,현대,아반떼 AD,1.6 GDI 밸류 플러스,,201710.0,2018,9999.0,101822.0,가솔린,오토,ORIGINAL,일반,2025-03-20 14:17:02.000 +09,부산,신대상사,275두1387,1,0,3,78.4409,0.0,1,0,
39254575,현대,아반떼 (CN7),2.0 N,,202202.0,2022,2650.0,37044.0,가솔린,수동,ORIGINAL,일반,2025-03-20 14:17:02.000 +09,대구,올카모터스,116러6262,2,0,4,50.038,0.0,0,0,
39209007,현대,더 뉴 아반떼 AD,1.6,스마트,201905.0,2019,1300.0,103078.0,가솔린,오토,ORIGINAL,일반,2025-03-20 14:17:02.000 +09,충북,더챔,37루2063,2,2,3,271.6121,778.141,0,0,
39182700,현대,더 뉴 아반떼 (CN7),1.6,인스퍼레이션,202311.0,2024,2430.0,12396.0,가솔린,오토,ORIGINAL,일반,2025-03-20 14:17:02.000 +09,인천,케이 모터스,155누5232,1,0,1,0.0,0.0,0,0,
39176196,현대,더 뉴 아반떼 AD,1.6,스마트 초이스,201907.0,2020,1620.0,8415.0,가솔린,오토,ORIGINAL,일반,2025-03-20 14:17:02.000 +09,광주,주식회사 삼덕모터스,63부2210,0,0,1,0.0,0.0,0,0,
39255619,현대,아반떼 MD,M16 GDI 럭셔리,,201203.0,2012,395.0,112560.0,가솔린,오토,ORIGINAL,일반,2025-03-20 14:17:02.000 +09,부산,디에이치 모터스,292다6535,8,9,5,569.9477,754.6647,1,0,
38976290,현대,더 뉴 아반떼,1.6 GDi 스마트,기본형,201501.0,2015,550.0,154393.0,가솔린,오토,ORIGINAL,일반,2025-03-20 14:17:02.000 +09,대전,주식회사우리카,47부2302,2,1,2,633.169,146.566,0,0,
38532003,현대,아반떼 하이브리드 (CN7),스마트,,202105.0,2021,1599.0,78756.0,가솔린+전기,오토,ORIGINAL,일반,2025-03-20 14:17:00.000 +09,경기,홈카,209라4633,0,0,2,0.0,0.0,1,0,
38742579,현대,더 뉴 아반떼 AD,1.6,프리미엄,201904.0,2019,1550.0,40300.0,가솔린,오토,ORIGINAL,일반,2025-03-20 14:16:38.000 +09,전북,무지개모터스,35루7202,1,0,1,208.342,0.0,0,0,
36315320,현대,더 뉴 아반떼,1.6 GDi 모던,기본형,201410.0,2015,780.0,112500.0,가솔린,오토,ORIGINAL,일반,2025-03-20 14:16:38.000 +09,전북,무지개모터스,33수5569,5,0,3,219.423,0.0,0,0,
38784360,현대,아반떼 AD,1.6 GDI 스마트,(세부등급 없음),201603.0,2016,1250.0,60600.0,가솔린,오토,ORIGINAL,일반,2025-03-20 14:16:37.000 +09,전북,무지개모터스,360소2432,1,2,5,100.7123,1188.88,1,0,
38134765,현대,아반떼 하이브리드 (CN7),인스퍼레이션,,202009.0,2020,2040.0,66989.0,가솔린+전기,오토,ORIGINAL,일반,2025-03-20 14:16:36.000 +09,경기,파프리카모터스,292두9485,2,0,3,263.0239,0.0,0,0,
38901335,현대,아반떼 (CN7),1.6,모던,202301.0,2023,1920.0,32846.0,가솔린,오토,ORIGINAL,일반,2025-03-20 14:16:15.000 +09,광주,(주)케이자동차,331나5347,0,1,1,0.0,39.7469,0,0,
38902907,현대,아반떼 AD,1.6 LPI 스마트(렌터카),,201804.0,2018,1020.0,96553.0,LPG(일반인 구입),오토,ORIGINAL,일반,2025-03-20 14:16:15.000 +09,광주,(주)케이자동차,321머1547,0,0,3,0.0,0.0,1,0,
38850394,현대,더 뉴 아반떼,1.6 GDi 프리미엄,기본형,201310.0,2014,610.0,100380.0,가솔린,오토,ORIGINAL,일반,2025-03-20 14:16:10.000 +09,서울,케이앤드에스모터스,51오9397,2,6,1,394.9339,613.887,0,0,
39030171,현대,아반떼 (CN7),1.6,인스퍼레이션,202005.0,2021,1750.0,66543.0,가솔린,오토,ORIGINAL,일반,2025-03-20 14:16:10.000 +09,부산,오토플러스(주),395오6281,3,0,3,387.9717,0.0,0,0,
39205962,현대,아반떼 (CN7),1.6,인스퍼레이션,202009.0,2021,1990.0,39023.0,가솔린,오토,ORIGINAL,일반,2025-03-20 14:16:10.000 +09,경기,오토플러스(주),131누3464,1,1,1,59.7387,79.1998,1,0,
37486336,현대,더 뉴 아반떼 AD,1.6,스타일,201811.0,2019,990.0,121169.0,가솔린,오토,ORIGINAL,일반,2025-03-20 14:16:10.000 +09,충남,진명자동차,174오2203,1,9,3,42.689,891.5069,1,0,
38332059,현대,아반떼 AD,1.6 LPI 스타일(렌터카),,201703.0,2017,699.0,134107.0,LPG(일반인 구입),오토,ORIGINAL,일반,2025-03-20 14:16:10.000 +09,광주,(주)드림카마켓,226어7995,4,4,2,289.9219,215.615,1,0,
38862381,현대,아반떼 하이브리드 (CN7),모던,,202012.0,2021,1550.0,60107.0,가솔린+전기,오토,ORIGINAL,일반,2025-03-20 14:16:10.000 +09,부산,차파는최부장,208누9158,1,1,1,56.87,178.4724,1,0,
39122262,현대,더 뉴 아반떼 (CN7),1.6,인스퍼레이션,202306.0,2024,2370.0,24116.0,가솔린,오토,ORIGINAL,일반,2025-03-20 14:16:10.000 +09,경기,(주)좋은차,321부9142,0,0,1,0.0,0.0,0,0,
38843415,현대,아반떼 (CN7),1.6,인스퍼레이션,202305.0,2023,1970.0,60837.0,가솔린,오토,ORIGINAL,일반,2025-03-20 14:16:10.000 +09,서울,롯데렌탈주식회사,145가1746,0,0,0,0.0,0.0,1,0,
39178115,현대,더 뉴 아반떼,1.6 VGT 모던,기본형,201412.0,2015,620.0,101306.0,디젤,오토,ORIGINAL,일반,2025-03-20 14:16:10.000 +09,경기,도담자동차,63오1024,0,1,3,0.0,61.289,0,0,
37663814,현대,아반떼 AD,1.6 GDI 스타일,,201601.0,2016,1090.0,37146.0,가솔린,오토,ORIGINAL,일반,2025-03-20 14:16:06.000 +09,경기,신드롬모터스,10고0546,0,2,1,0.0,108.261,0,0,
37898339,현대,아반떼 MD,M16 GDI 프리미어,,201107.0,2012,490.0,133132.0,가솔린,오토,ORIGINAL,일반,2025-03-20 14:16:02.000 +09,대전,서해모터스,15조5612,2,0,3,107.4248,0.0,0,0,
38715863,현대,아반떼 MD,M16 GDI 프리미어,,201009.0,2011,530.0,40226.0,가솔린,오토,ORIGINAL,일반,2025-03-20 14:16:02.000 +09,대전,서해모터스,66구1228,5,1,1,469.6959,151.387,0,0,
38153900,현대,아반떼 MD,M16 GDI 프리미어,,201009.0,2011,450.0,173386.0,가솔린,오토,ORIGINAL,일반,2025-03-20 14:16:02.000 +09,충북,청주오토월드,45소2475,5,1,1,330.9134,57.297,0,0,
37473504,현대,더 뉴 아반떼 AD,1.6,스마트,201903.0,2019,1090.0,92682.0,가솔린,오토,ORIGINAL,일반,2025-03-20 14:16:02.000 +09,대구,신우모터스,390노7519,1,4,2,181.9594,515.187,1,0,
38573149,현대,아반떼 (CN7),1.6,인스퍼레이션,202107.0,2021,1790.0,42291.0,가솔린,오토,ORIGINAL,일반,2025-03-20 14:16:02.000 +09,광주,(유)쌍둥이모터스,244조4372,2,0,1,406.9717,0.0,1,0,
39233185,현대,아반떼 (CN7),1.6,인스퍼레이션,202007.0,2021,1700.0,70604.0,가솔린,오토,ORIGINAL,일반,2025-03-20 14:16:02.000 +09,서울,(주)오토플래닛,104허3976,1,0,0,99.6669,0.0,0,0,
39264769,현대,아반떼 하이브리드 (CN7),모던,,202102.0,2021,1780.0,65608.0,가솔린+전기,오토,ORIGINAL,일반,2025-03-20 14:16:02.000 +09,서울,(주)오토플래닛,152하1655,2,0,0,134.7783,0.0,0,0,
39155899,현대,아반떼 (CN7),1.6,모던,202012.0,2021,1675.0,76300.0,가솔린,오토,ORIGINAL,일반,2025-03-20 14:16:02.000 +09,대구,애플모터스,333거3988,1,0,3,89.7153,0.0,0,0,
39149988,현대,아반떼 AD,1.6 GDI 밸류 플러스,,201611.0,2017,685.0,200474.0,가솔린,오토,ORIGINAL,일반,2025-03-20 14:16:02.000 +09,경남,붕붕모터스,69마0192,2,1,0,398.2496,79.224,0,0,
39108817,현대,아반떼 (CN7),1.6,모던,202102.0,2021,1730.0,59524.0,가솔린,오토,ORIGINAL,일반,2025-03-20 14:16:02.000 +09,서울,주)오톰,248도5590,0,0,3,0.0,0.0,0,0,
39090449,현대,더 뉴 아반떼 (CN7),1.6 LPi,모던,202307.0,2024,2340.0,17318.0,LPG(일반인 구입),오토,ORIGINAL,일반,2025-03-20 14:16:02.000 +09,경기,(주)리드옥션,224무3975,0,0,1,0.0,0.0,0,0,
38935206,현대,아반떼 AD,1.6 GDI 모던,스페셜,201510.0,2016,990.0,93347.0,가솔린,오토,ORIGINAL,일반,2025-03-20 14:16:02.000 +09,인천,의리차차차,55루0531,1,0,3,26.0848,0.0,0,0,
39076276,현대,아반떼 (CN7),1.6 LPi (렌터카),스마트,202102.0,2021,1350.0,122898.0,LPG(일반인 구입),오토,ORIGINAL,일반,2025-03-20 14:16:02.000 +09,경기,두산모터스,256고5592,0,0,2,0.0,0.0,1,0,
39072071,현대,아반떼 AD,1.6 터보 스포츠,(세부등급 없음),201706.0,2018,979.0,106840.0,가솔린,오토,ORIGINAL,일반,2025-03-20 14:16:02.000 +09,경기,주식회사 지온,06고7294,4,0,1,361.6796,0.0,0,0,
38803901,현대,더 뉴 아반떼 (CN7),1.6,인스퍼레이션,202405.0,2024,2530.0,3070.0,가솔린,오토,ORIGINAL,일반,2025-03-20 14:16:02.000 +09,충남,강성자동차,116우5423,0,0,0,0.0,0.0,0,0,
38932076,현대,아반떼 AD,1.6 GDI 스마트,스페셜,201608.0,2017,920.0,129442.0,가솔린,오토,ORIGINAL,일반,2025-03-20 14:16:02.000 +09,충남,누리자동차,31부0465,0,2,3,0.0,267.1108,0,0,
39084658,현대,아반떼 (CN7),1.6,모던,202103.0,2021,1470.0,49538.0,가솔린,오토,ORIGINAL,일반,2025-03-20 14:16:02.000 +09,서울,주식회사 대운모터스,214러2859,1,2,2,132.9974,16.46,1,0,
39016625,현대,아반떼 (CN7),1.6,모던,202101.0,2021,1650.0,38404.0,가솔린,오토,ORIGINAL,일반,2025-03-20 14:16:02.000 +09,서울,롯데렌탈주식회사,216러7048,2,0,0,105.6448,0.0,1,0,
38881424,현대,더 뉴 아반떼 (CN7),1.6,모던 N Line,202409.0,2025,2630.0,6124.0,가솔린,오토,ORIGINAL,일반,2025-03-20 14:16:02.000 +09,광주,신한길모터스,241부1988,1,0,0,57.191,0.0,0,0,
39192810,현대,아반떼 AD,1.6 GDI 프리미엄,,201603.0,2016,1190.0,76881.0,가솔린,오토,ORIGINAL,일반,2025-03-20 14:16:02.000 +09,경기,(주)좋은차,12모0674,3,2,1,165.3206,212.4102,0,0,
39248651,현대,더 뉴 아반떼 AD,1.6,스타일,201811.0,2019,1250.0,53235.0,가솔린,오토,ORIGINAL,일반,2025-03-20 14:16:02.000 +09,경기,차톡,61서2112,5,4,2,414.5027,517.83,0,0,
39254395,현대,더 뉴 아반떼,1.6 GDi 텐밀리언 리미티드,기본형,201501.0,2015,990.0,73456.0,가솔린,오토,ORIGINAL,일반,2025-03-20 14:16:02.000 +09,대구,카즈모터스,16루2280,2,1,7,266.4328,42.035,0,0,
39243960,현대,아반떼 AD,1.6 GDI 밸류 플러스,,201808.0,2018,1080.0,99076.0,가솔린,오토,ORIGINAL,일반,2025-03-20 14:16:02.000 +09,서울,달모터스,202구6396,2,0,1,116.9699,0.0,1,0,
38396190,현대,더 뉴 아반떼 AD,1.6,스마트,201912.0,2020,1120.0,119327.0,가솔린,오토,ORIGINAL,일반,2025-03-20 14:16:02.000 +09,충북,드림카모터스,230루3456,2,0,3,142.5513,0.0,1,0,
37337463,현대,아반떼 AD,1.6 GDI 밸류 플러스,,201611.0,2017,699.0,105619.0,가솔린,오토,ORIGINAL,일반,2025-03-20 14:16:02.000 +09,경기,(주)영모터스,146루5160,2,1,3,56.23,86.765,1,0,
39148814,현대,아반떼 (CN7),1.6,인스퍼레이션,202102.0,2021,1950.0,51417.0,가솔린,오토,ORIGINAL,일반,2025-03-20 14:16:00.000 +09,부산,(주)신세계자동차,383노9142,0,0,1,0.0,0.0,1,0,
38879531,현대,아반떼 (CN7),1.6,모던,202007.0,2021,1330.0,118485.0,가솔린,오토,ORIGINAL,일반,2025-03-20 14:16:00.000 +09,부산,(주)신세계자동차,217소1042,0,4,1,0.0,337.3895,1,0,
38638753,현대,아반떼 (CN7),1.6,모던,202007.0,2021,1480.0,90377.0,가솔린,오토,ORIGINAL,일반,2025-03-20 14:15:59.000 +09,부산,(주)신세계자동차,217소1086,0,1,1,0.0,109.4416,1,0,
38576572,현대,아반떼 MD,M16 GDI 에비뉴,,201306.0,2014,450.0,177598.0,가솔린,오토,ORIGINAL,일반,2025-03-20 14:15:44.000 +09,대전,(주)로또자동차,57주9314,3,1,5,356.977,108.186,0,0,
38627952,현대,아반떼 하이브리드,HDeIII,기본형,200908.0,2010,430.0,158936.0,LPG+전기,오토,ORIGINAL,일반,2025-03-20 14:15:43.000 +09,대전,(주)로또자동차,12조7368,4,0,3,323.8568,0.0,0,0,
39033450,현대,아반떼 MD,M16 GDI 모던,,201301.0,2013,420.0,163460.0,가솔린,오토,ORIGINAL,일반,2025-03-20 14:15:32.000 +09,대구,우리모터스,35다1590,1,2,3,107.821,130.4275,0,0,
39222866,현대,아반떼 (CN7),2.0 N,,202211.0,2023,2890.0,30768.0,가솔린,오토,ORIGINAL,일반,2025-03-20 14:15:30.000 +09,경기,(주)예스카,113구2238,2,0,2,227.8284,0.0,0,0,
39215393,현대,아반떼 MD,M16 GDI 모던,,201212.0,2013,620.0,88766.0,가솔린,오토,ORIGINAL,일반,2025-03-20 14:15:25.000 +09,경기,(주)모던카,16로6353,1,0,0,37.2738,0.0,0,0,
39235039,현대,아반떼 (CN7),1.6,인스퍼레이션,202106.0,2021,2090.0,41128.0,가솔린,오토,ORIGINAL,일반,2025-03-20 14:15:24.000 +09,전남,가온모터스,163오3136,0,0,1,0.0,0.0,0,0,
38617983,현대,아반떼 AD,1.6 GDI 밸류 플러스,,201803.0,2018,780.0,180801.0,가솔린,오토,ORIGINAL,일반,2025-03-20 14:15:24.000 +09,부산,(주)우진오토모빌,159누6722,0,6,2,0.0,191.4634,1,0,
38317700,현대,더 뉴 아반떼,1.6 GDi 모던,기본형,201504.0,2015,699.0,107911.0,가솔린,오토,ORIGINAL,일반,2025-03-20 14:15:17.000 +09,대구,대풍모터스,66러7493,2,3,2,644.9529,372.8569,0,0,
38317758,현대,더 뉴 아반떼,1.6 VGT 모던,기본형,201407.0,2015,550.0,148850.0,디젤,오토,ORIGINAL,일반,2025-03-20 14:15:17.000 +09,대구,대풍모터스,59보2499,3,1,2,208.6965,49.2859,0,0,
38563247,현대,아반떼 AD,1.6 e-VGT 스마트,(세부등급 없음),201709.0,2018,790.0,128802.0,디젤,오토,ORIGINAL,일반,2025-03-20 14:15:13.000 +09,경기,세종오토,59머4417,3,3,3,108.2358,266.0428,0,0,
39189442,현대,아반떼 AD,1.6 GDI 밸류 플러스,,201702.0,2017,899.0,145046.0,가솔린,오토,ORIGINAL,일반,2025-03-20 14:15:13.000 +09,부산,부산자동차매매상사,02나2416,0,0,1,0.0,0.0,0,0,
39235490,현대,아반떼 MD,LPI M16 스마트,,201210.0,2013,420.0,154219.0,LPG(일반인 구입),오토,ORIGINAL,일반,2025-03-20 14:15:13.000 +09,경기,화이트모터스,26마0446,1,1,6,36.452,76.82,1,0,
39232924,현대,아반떼 (CN7),1.6,인스퍼레이션,202211.0,2023,9999.0,9533.0,가솔린,오토,ORIGINAL,일반,2025-03-20 14:15:13.000 +09,충남,오토플러스(주),288소4958,0,0,1,0.0,0.0,0,0,
38762170,현대,더 뉴 아반떼 AD,1.6,스마트,202001.0,2020,1140.0,102150.0,가솔린,오토,ORIGINAL,일반,2025-03-20 14:15:13.000 +09,대전,세종자동차,232나2047,1,0,1,38.6519,0.0,1,0,
39109706,현대,아반떼 (CN7),1.6,모던,202102.0,2021,9999.0,21046.0,가솔린,오토,ORIGINAL,일반,2025-03-20 14:15:13.000 +09,경기,오토플러스(주),372수8071,0,0,1,0.0,0.0,0,0,
38797087,현대,아반떼 (CN7),1.6,인스퍼레이션,202101.0,2021,2190.0,19042.0,가솔린,오토,ORIGINAL,일반,2025-03-20 14:15:13.000 +09,충북,더챔,258우2857,1,1,2,64.735,85.0406,0,0,
39182157,현대,아반떼 AD,1.6 GDI 프리미엄,,201601.0,2016,1150.0,75961.0,가솔린,오토,ORIGINAL,일반,2025-03-20 14:15:13.000 +09,인천,오토플러스(주),45머0611,2,1,1,202.7258,128.522,0,0,
38159807,현대,더 뉴 아반떼 AD,1.6,스마트,201911.0,2020,1500.0,68224.0,가솔린,오토,ORIGINAL,일반,2025-03-20 14:15:13.000 +09,광주,대오모터스,346고7921,1,0,1,62.181,0.0,0,0,
38583483,현대,아반떼 HD,1.6 VVT E16,디럭스,200711.0,2008,320.0,105806.0,가솔린,오토,ORIGINAL,일반,2025-03-20 14:15:13.000 +09,부산,신아오토모빌,42두5499,2,1,1,186.9506,414.4256,0,0,
38571147,현대,아반떼 HD,1.6 VVT S16,럭셔리,200906.0,2009,260.0,165376.0,가솔린,오토,ORIGINAL,일반,2025-03-20 14:15:13.000 +09,경기,오토돔,66두7630,5,1,1,375.7916,141.3358,0,0,
39167815,현대,아반떼 (CN7),1.6,스마트,202104.0,2021,1099.0,109581.0,가솔린,오토,ORIGINAL,일반,2025-03-20 14:15:13.000 +09,경기,(주)왕카,233다7436,0,6,2,0.0,1042.7704,1,0,
39121957,현대,아반떼 AD,1.6 터보 스포츠,익스트림 셀렉션,201709.0,2018,930.0,118765.0,가솔린,오토,ORIGINAL,일반,2025-03-20 14:15:13.000 +09,경기,(주)카마트몰,31마4223,8,3,6,695.5685,359.06,0,0,
38213912,현대,아반떼 AD,1.6 GDI 스마트,스페셜,201603.0,2016,1100.0,97929.0,가솔린,오토,ORIGINAL,일반,2025-03-20 14:15:06.000 +09,대구,원민모터스,67고0853,1,1,2,177.506,77.341,0,0,
38925039,현대,더 뉴 아반떼,1.6 GDi 모던,기본형,201507.0,2016,790.0,55350.0,가솔린,오토,ORIGINAL,일반,2025-03-20 14:15:04.000 +09,충북,(주)더챔,14어1894,2,0,1,282.0719,0.0,0,0,
38912430,현대,더 뉴 아반떼 AD,1.6 LPi,스마트(렌터카용),201905.0,2019,1130.0,95042.0,LPG(일반인 구입),오토,ORIGINAL,일반,2025-03-20 14:15:04.000 +09,부산,서원모터스,327서6616,0,0,2,0.0,0.0,1,0,
38877285,현대,아반떼 AD,1.6 GDI 밸류 플러스,,201809.0,2018,1120.0,91597.0,가솔린,오토,ORIGINAL,일반,2025-03-20 14:15:04.000 +09,경기,퍼스트 다이렉트 모터스,114더4196,2,0,1,257.3204,0.0,1,0,
36988535,현대,아반떼 HD,1.6 VVT E16,디럭스,200903.0,2009,270.0,114872.0,가솔린,오토,ORIGINAL,일반,2025-03-20 14:15:04.000 +09,대구,우리모터스,30루3524,3,5,4,356.0558,624.7343,0,0,
39217256,현대,아반떼 (CN7),1.6,모던,202006.0,2020,1450.0,102204.0,가솔린,오토,ORIGINAL,일반,2025-03-20 14:15:04.000 +09,강원,보배드림자동차,142구5442,2,0,1,395.5872,0.0,1,0,
39062476,현대,아반떼 (CN7),1.6,모던,202301.0,2023,1969.0,18150.0,가솔린,오토,ORIGINAL,일반,2025-03-20 14:15:04.000 +09,경기,에쓰아이모터스,149라6294,0,0,1,0.0,0.0,0,0,
39087511,현대,더 뉴 아반떼,1.6 GDi 스마트,기본형,201506.0,2016,730.0,89693.0,가솔린,오토,ORIGINAL,일반,2025-03-20 14:15:04.000 +09,충남,오토리더(주),14루1200,1,2,3,54.13,170.79,0,0,
38265542,현대,아반떼 (CN7),1.6 LPi (렌터카),스타일,202008.0,2021,1090.0,117508.0,LPG(일반인 구입),오토,ORIGINAL,일반,2025-03-20 14:15:04.000 +09,부산,지카(G카),181수2512,1,1,2,99.6337,55.9844,1,0,
38252594,현대,아반떼 MD,M16 GDI 프리미어,,201111.0,2012,559.0,96550.0,가솔린,오토,ORIGINAL,일반,2025-03-20 14:15:04.000 +09,대구,수성모터스,17구7171,2,2,5,208.285,101.883,1,0,
38826174,현대,아반떼 AD,1.6 터보 스포츠,(세부등급 없음),201707.0,2018,9999.0,63831.0,가솔린,수동,ORIGINAL,일반,2025-03-20 14:15:04.000 +09,경기,코리아모터스,17버7610,1,2,2,134.492,204.954,0,0,
38685050,현대,아반떼 (CN7),1.6 터보 N Line,스포츠,202106.0,2021,1699.0,45204.0,가솔린,오토,ORIGINAL,일반,2025-03-20 14:15:04.000 +09,경기,카오션,253부8558,1,0,1,110.305,0.0,1,0,
38976017,현대,아반떼 (CN7),1.6,인스퍼레이션,202112.0,2022,2100.0,39045.0,가솔린,오토,ORIGINAL,일반,2025-03-20 14:15:04.000 +09,경기,(주)카렉스코리아 김포지점,363버8556,0,1,0,0.0,100.0,0,0,
38773314,현대,아반떼 AD,1.6 GDI 스마트,(세부등급 없음),201703.0,2017,765.0,102124.0,가솔린,오토,ORIGINAL,일반,2025-03-20 14:15:04.000 +09,서울,뉴에버모터스,01러3534,4,1,1,575.237,70.0434,0,0,
39213964,현대,아반떼 AD,1.6 GDI 스마트,(세부등급 없음),201603.0,2016,1050.0,31266.0,가솔린,오토,ORIGINAL,일반,2025-03-20 14:15:04.000 +09,경기,지지카,52소0428,3,3,7,331.1838,766.588,0,0,
38644527,현대,아반떼 MD,M16 GDI 럭셔리,,201206.0,2012,370.0,135000.0,가솔린,오토,ORIGINAL,일반,2025-03-20 14:15:04.000 +09,인천,우정모터스,59노4749,3,2,3,279.8267,233.4244,0,0,
38883768,현대,아반떼 (CN7),1.6 터보 N Line,스포츠,202011.0,2021,1980.0,61335.0,가솔린,오토,ORIGINAL,일반,2025-03-20 14:15:04.000 +09,경기,차투차,117무7149,1,1,2,54.7249,37.1653,0,0,
39057496,현대,아반떼 MD,M16 GDI 프리미어,,201202.0,2012,500.0,82256.0,가솔린,오토,ORIGINAL,일반,2025-03-20 14:15:04.000 +09,서울,(주)강남세종모터스,28무3298,3,0,2,123.7245,0.0,0,0,
39152399,현대,아반떼 AD,1.6 터보 스포츠,오리지널,201709.0,2018,940.0,112342.0,가솔린,오토,ORIGINAL,일반,2025-03-20 14:15:04.000 +09,경남,히트모터스,399수4858,4,1,6,584.6158,48.029,1,0,
39172533,현대,더 뉴 아반떼 (CN7),2.0 N,,202401.0,2024,3250.0,4453.0,가솔린,오토,ORIGINAL,일반,2025-03-20 14:15:04.000 +09,경기,알차,361누5852,0,0,0,0.0,0.0,0,0,
39211707,현대,아반떼 AD,1.6 GDI 밸류 플러스,,201611.0,2017,720.0,96161.0,가솔린,오토,ORIGINAL,일반,2025-03-20 14:15:04.000 +09,경기,수성자동차,35로0180,3,5,1,113.8904,1028.2875,0,0,
39236033,현대,아반떼 하이브리드 (CN7),모던,,202103.0,2021,9999.0,60454.0,가솔린+전기,오토,ORIGINAL,일반,2025-03-20 14:15:03.000 +09,서울,(주)오토플래닛,126호5346,0,1,0,0.0,28.0,0,0,
39019322,현대,아반떼 하이브리드 (CN7),모던,,202011.0,2021,9999.0,108614.0,가솔린+전기,오토,ORIGINAL,일반,2025-03-20 14:15:03.000 +09,서울,(주)오토플래닛,178허8062,0,0,0,0.0,0.0,0,0,
39056625,현대,아반떼 (CN7),1.6,모던,202112.0,2022,1750.0,25179.0,가솔린,오토,ORIGINAL,일반,2025-03-20 14:15:00.000 +09,경기,(주)한성모터스,398주9079,1,0,0,63.9369,0.0,0,0,
37888500,현대,아반떼 HD,디젤 1.6 VGT S16,럭셔리,200803.0,2008,250.0,221075.0,디젤,오토,ORIGINAL,일반,2025-03-20 14:14:59.000 +09,경기,(주)한성모터스,14더8709,5,0,2,288.051,0.0,0,0,
38418682,현대,아반떼 MD,M16 GDI 모던,,201212.0,2013,390.0,219553.0,가솔린,오토,ORIGINAL,일반,2025-03-20 14:14:59.000 +09,경기,(주)한성모터스,13두5848,5,1,0,187.4581,26.313,0,0,
39147507,현대,아반떼 AD,1.6 GDI 모던,(세부등급 없음),201509.0,2016,1020.0,71527.0,가솔린,오토,ORIGINAL,일반,2025-03-20 14:14:51.000 +09,경남,바름모터스,27라0985,6,2,1,554.6255,255.3894,0,0,
39147518,현대,아반떼 AD,1.6 GDI 모던,(세부등급 없음),201602.0,2016,1120.0,56521.0,가솔린,오토,ORIGINAL,일반,2025-03-20 14:14:51.000 +09,경남,바름모터스,35서0620,3,2,3,473.1928,238.651,0,0,
39171160,현대,아반떼 (CN7),1.6,모던,202005.0,2021,1790.0,68824.0,가솔린,오토,ORIGINAL,일반,2025-03-20 14:14:31.000 +09,대구,강륜모터스,248무8655,0,0,0,0.0,0.0,0,0,
39220097,현대,더 뉴 아반떼 AD,1.6,스마트,201810.0,2019,1620.0,32906.0,가솔린,오토,ORIGINAL,일반,2025-03-20 14:14:31.000 +09,대구,강륜모터스,68저4203,0,0,1,0.0,0.0,0,0,
39268090,현대,아반떼 MD,M16 GDI 럭셔리,,201201.0,2012,590.0,60121.0,가솔린,오토,ORIGINAL,일반,2025-03-20 14:14:21.000 +09,부산,보석모터스,57주5856,4,0,0,353.934,0.0,0,0,
38740985,현대,아반떼 AD,1.6 GDI 스마트,스페셜,201602.0,2016,900.0,105821.0,가솔린,오토,ORIGINAL,일반,2025-03-20 14:14:17.000 +09,전북,우진모터스,69버0581,2,2,1,190.8464,94.535,0,0,
39064698,현대,아반떼 AD,1.6 GDI 밸류 플러스,,201705.0,2018,1230.0,65197.0,가솔린,오토,ORIGINAL,일반,2025-03-20 14:14:15.000 +09,대구,오토플러스(주),11나7029,3,0,1,93.2308,0.0,0,0,
39244331,현대,더 뉴 아반떼 AD,1.6,스마트 초이스,201912.0,2020,1420.0,63470.0,가솔린,오토,ORIGINAL,일반,2025-03-20 14:14:15.000 +09,대구,오토플러스(주),182누5149,0,0,3,0.0,0.0,0,0,
39238210,현대,아반떼 AD,1.6 GDI 스마트,(세부등급 없음),201703.0,2017,1230.0,42245.0,가솔린,오토,ORIGINAL,일반,2025-03-20 14:14:12.000 +09,경기,제이디모터스,68다7348,0,0,2,0.0,0.0,0,0,
39147339,현대,아반떼 AD,1.6 GDI 모던,스페셜,201612.0,2017,1140.0,87466.0,가솔린,오토,ORIGINAL,일반,2025-03-20 14:14:12.000 +09,경기,제이디모터스,08로3068,3,2,0,151.2329,75.126,0,0,
39273622,현대,아반떼 (CN7),1.6,모던,202011.0,2021,1750.0,82351.0,가솔린,오토,ORIGINAL,일반,2025-03-20 14:14:11.000 +09,경기,건모터스 풍동,329버2869,0,0,0,0.0,0.0,0,0,
39124146,현대,아반떼 AD,1.6 GDI 스마트,(세부등급 없음),201605.0,2017,879.0,122905.0,가솔린,오토,ORIGINAL,일반,2025-03-20 14:14:11.000 +09,서울,태광티에프,186조7615,2,0,2,79.5878,0.0,1,0,
39079409,현대,더 뉴 아반떼,1.6 GDi 스마트,기본형,201402.0,2014,630.0,41582.0,가솔린,오토,ORIGINAL,일반,2025-03-20 14:14:11.000 +09,인천,주식회사 진모터스,59너6622,1,0,1,47.504,0.0,0,0,
38945952,현대,아반떼 (CN7),1.6,모던,202106.0,2021,1750.0,51238.0,가솔린,오토,ORIGINAL,일반,2025-03-20 14:14:11.000 +09,충남,(주)한길자동차,152어5534,0,2,0,0.0,104.334,0,0,
39031876,현대,더 뉴 아반떼,1.6 GDi 스마트,기본형,201502.0,2015,670.0,106850.0,가솔린,오토,ORIGINAL,일반,2025-03-20 14:14:11.000 +09,경기,주)엘케이모터스,49저3544,1,1,1,107.2379,44.917,0,0,
38860029,현대,아반떼 하이브리드 (CN7),모던,,202012.0,2021,2180.0,22448.0,가솔린+전기,오토,ORIGINAL,일반,2025-03-20 14:14:11.000 +09,대구,ok차차차,191라7080,0,0,1,0.0,0.0,1,0,
39132460,현대,아반떼 (CN7),1.6,인스퍼레이션,202008.0,2021,1655.0,88208.0,가솔린,오토,ORIGINAL,일반,2025-03-20 14:14:11.000 +09,충남,(주)거상자동차,342버4517,1,1,3,373.696,183.1938,0,0,
38436254,현대,아반떼 (CN7),1.6,모던,202205.0,2023,1580.0,43961.0,가솔린,오토,ORIGINAL,일반,2025-03-20 14:14:11.000 +09,대구,드림모터스(주),306무2912,3,0,1,596.598,0.0,1,0,
38294753,현대,아반떼 HD,1.6 VVT S16,럭셔리,200906.0,2009,315.0,118598.0,가솔린,오토,ORIGINAL,일반,2025-03-20 14:14:11.000 +09,경남,양산오토타운,12부2551,6,2,3,289.0031,58.811,0,0,
38727554,현대,아반떼 (CN7),1.6,모던,202101.0,2021,2040.0,14340.0,가솔린,오토,ORIGINAL,일반,2025-03-20 14:14:11.000 +09,대전,(주) 차근모터스,101러1941,0,0,0,0.0,0.0,0,0,
38583874,현대,아반떼 MD,M16 GDI 에비뉴,,201304.0,2013,379.0,161939.0,가솔린,오토,ORIGINAL,일반,2025-03-20 14:14:03.000 +09,경기,복코모터스,32도5310,3,1,2,230.085,32.8648,0,0,
38350052,현대,아반떼 (CN7),1.6 LPi (렌터카),스마트,202103.0,2021,1570.0,65190.0,LPG(일반인 구입),오토,ORIGINAL,일반,2025-03-20 14:14:03.000 +09,경남,강남모터스,108주2431,4,0,1,296.2251,0.0,1,0,
38803684,현대,더 뉴 아반떼 (CN7),1.6,인스퍼레이션,202307.0,2024,2260.0,41025.0,가솔린,오토,ORIGINAL,일반,2025-03-20 14:14:02.000 +09,충남,예일자동차매매상사,206더8298,2,0,1,594.9061,0.0,0,0,
37689760,현대,아반떼 AD,1.6 GDI 밸류 플러스,,201704.0,2017,800.0,132628.0,가솔린,오토,ORIGINAL,일반,2025-03-20 14:14:02.000 +09,인천,엘오토모티브,185오6493,0,0,1,0.0,0.0,1,0,
39156250,현대,아반떼 (CN7),1.6,인스퍼레이션,202004.0,2021,1640.0,121044.0,가솔린,오토,ORIGINAL,일반,2025-03-20 14:14:02.000 +09,인천,와이비모터스,140모3100,3,1,1,290.0209,31.881,0,0,
39149712,현대,더 뉴 아반떼 (CN7),1.6,인스퍼레이션,202401.0,2024,5555.0,7176.0,가솔린,오토,ORIGINAL,일반,2025-03-20 14:14:02.000 +09,경기,(주)에스지엘,130서7656,0,0,0,0.0,0.0,0,0,
38670435,현대,아반떼 (CN7),1.6,인스퍼레이션,202112.0,2022,2130.0,23644.0,가솔린,오토,ORIGINAL,일반,2025-03-20 14:14:02.000 +09,경기,벧엘자동차 2,176어4042,1,0,1,58.2767,0.0,0,0,
39264603,현대,아반떼 (CN7),1.6,모던,202007.0,2021,1670.0,58589.0,가솔린,오토,ORIGINAL,일반,2025-03-20 14:14:02.000 +09,광주,주식회사 삼덕모터스,135오1548,0,1,1,0.0,40.8987,0,0,
38984528,현대,아반떼 하이브리드,HDeII,기본형,200910.0,2010,450.0,92708.0,LPG+전기,오토,ORIGINAL,일반,2025-03-20 14:14:02.000 +09,경기,코리아모터스,58어7549,1,2,3,39.806,114.8237,0,0,
39139531,현대,더 뉴 아반떼 (CN7),2.0 N,,202401.0,2024,3250.0,7341.0,가솔린,오토,ORIGINAL,리스,2025-03-20 14:14:02.000 +09,경기,(주)오토플래닛,361누5844,0,0,0,0.0,0.0,0,0,
38301191,현대,아반떼 MD,M16 GDI 탑,,201202.0,2012,599.0,78224.0,가솔린,오토,ORIGINAL,일반,2025-03-20 14:13:55.000 +09,부산,보석모터스,28주3117,5,2,2,271.1106,142.35,0,0,
38301220,현대,아반떼 (CN7),1.6,모던,202009.0,2021,1630.0,63620.0,가솔린,오토,ORIGINAL,일반,2025-03-20 14:13:55.000 +09,부산,보석모터스,112보9460,4,0,2,307.9281,0.0,1,0,
38779104,현대,아반떼 (CN7),1.6,모던,202109.0,2021,1739.0,49216.0,가솔린,오토,ORIGINAL,일반,2025-03-20 14:13:49.000 +09,대구,오토파크,396두7863,1,0,1,105.5909,0.0,1,0,
39231281,현대,아반떼 MD,M16 GDI 프리미어,,201112.0,2012,750.0,90923.0,가솔린,오토,ORIGINAL,일반,2025-03-20 14:13:42.000 +09,서울,주) 트리에이치오토,43도9266,0,0,1,0.0,0.0,0,0,
39231392,현대,아반떼 AD,1.6 터보 스포츠,(세부등급 없음),201605.0,2017,1450.0,61232.0,가솔린,오토,ORIGINAL,일반,2025-03-20 14:13:42.000 +09,서울,주) 트리에이치오토,20다0739,1,0,0,51.875,0.0,0,0,
38981092,현대,아반떼 (CN7),1.6,모던,202004.0,2021,1650.0,60300.0,가솔린,오토,ORIGINAL,일반,2025-03-20 14:13:13.000 +09,경기,(주)준모터스,137너2979,1,0,3,168.765,0.0,0,0,
38943812,현대,아반떼 (CN7),1.6,모던,202012.0,2021,1510.0,93788.0,가솔린,오토,ORIGINAL,일반,2025-03-20 14:13:13.000 +09,서울,롯데렌탈주식회사,349수3151,0,0,0,0.0,0.0,1,0,
38630785,현대,아반떼 (CN7),1.6,인스퍼레이션,202011.0,2021,1760.0,46105.0,가솔린,오토,ORIGINAL,일반,2025-03-20 14:13:13.000 +09,서울,(주)비전 모터스,261더3359,2,0,2,131.1813,0.0,1,0,
38595778,현대,더 뉴 아반떼,1.6 GDi 스마트,기본형,201504.0,2016,567.0,141459.0,가솔린,오토,ORIGINAL,일반,2025-03-20 14:13:13.000 +09,충남,진명자동차,11저7413,3,0,1,354.0237,0.0,0,0,
38567251,현대,더 뉴 아반떼 (CN7),1.6,모던,202309.0,2024,1959.0,12005.0,가솔린,오토,ORIGINAL,일반,2025-03-20 14:13:13.000 +09,대구,삼일자동차상사,209구8011,1,0,1,748.26,0.0,0,0,
38627294,현대,아반떼 AD,1.6 GDI 밸류 플러스,,201708.0,2018,1100.0,110271.0,가솔린,오토,ORIGINAL,일반,2025-03-20 14:13:13.000 +09,경기,세븐모터스,246어3078,5,0,5,250.2784,0.0,1,0,
38030720,현대,더 뉴 아반떼,1.6 GDi 스마트,기본형,201312.0,2014,379.0,185106.0,가솔린,오토,ORIGINAL,일반,2025-03-20 14:13:13.000 +09,부산,박준표중고차,20버8140,3,2,3,224.291,142.1105,0,0,
38991678,현대,더 뉴 아반떼 (CN7),1.6,스마트,202311.0,2024,1990.0,10203.0,가솔린,오토,ORIGINAL,일반,2025-03-20 14:13:13.000 +09,충남,유카,246버2267,0,0,1,0.0,0.0,0,0,
38868064,현대,아반떼 AD,1.6 e-VGT 스마트,스페셜,201603.0,2016,640.0,124206.0,디젤,오토,ORIGINAL,일반,2025-03-20 14:13:13.000 +09,경기,차모터스,65보0817,4,2,3,533.1735,473.1929,0,0,
38791099,현대,더 뉴 아반떼 하이브리드 (CN7),모던,,202409.0,2025,2980.0,2643.0,가솔린+전기,오토,ORIGINAL,일반,2025-03-20 14:13:13.000 +09,서울,킹모터스,283루5867,0,0,0,0.0,0.0,0,0,
39148627,현대,더 뉴 아반떼 (CN7),2.0 N,,202401.0,2024,2990.0,7105.0,가솔린,오토,ORIGINAL,일반,2025-03-20 14:13:13.000 +09,경기,(주)모던카,361누5839,0,0,0,0.0,0.0,0,0,
39255522,현대,아반떼 AD,1.6 GDI 밸류 플러스,,201703.0,2017,879.0,134493.0,가솔린,오토,ORIGINAL,일반,2025-03-20 14:13:13.000 +09,충남,왓더카,66도4142,2,2,1,272.541,202.359,0,0,
39263881,현대,더 뉴 아반떼 (CN7),1.6,스마트,202305.0,2024,1830.0,38789.0,가솔린,오토,ORIGINAL,일반,2025-03-20 14:13:13.000 +09,울산,(주)나인모터스,232루4159,1,0,1,325.2996,0.0,1,0,
39235383,현대,아반떼 AD,1.6 GDI 프리미엄,,201608.0,2017,1350.0,95951.0,가솔린,오토,ORIGINAL,일반,2025-03-20 14:13:13.000 +09,경기,카운셀러,59부0346,2,1,2,96.1716,42.69,0,0,
39031575,현대,더 뉴 아반떼,1.6 GDi 스마트,기본형,201503.0,2015,730.0,86421.0,가솔린,오토,ORIGINAL,일반,2025-03-20 14:13:03.000 +09,충남,오토리더(주),67마5100,3,4,3,59.4776,257.4697,0,0,
39143036,현대,아반떼 (CN7),1.6 터보 N Line,인스퍼레이션,202301.0,2023,2420.0,35165.0,가솔린,오토,ORIGINAL,일반,2025-03-20 14:13:03.000 +09,경기,(주)오토허브셀카,290수5666,1,0,1,61.9286,0.0,0,0,
39095138,현대,더 뉴 아반떼 하이브리드 (CN7),모던,,202305.0,2024,2200.0,45665.0,가솔린+전기,오토,ORIGINAL,일반,2025-03-20 14:13:03.000 +09,경기,(주)오토허브셀카,348어5584,0,0,1,0.0,0.0,1,0,
39191244,현대,아반떼 (CN7),1.6,모던,202103.0,2021,1850.0,52172.0,가솔린,오토,ORIGINAL,일반,2025-03-20 14:13:03.000 +09,경기,제일조은자동차,169보5426,0,0,1,0.0,0.0,1,0,
38986212,현대,아반떼 AD,1.6 GDI 모던,(세부등급 없음),201511.0,2016,770.0,86000.0,가솔린,오토,ORIGINAL,일반,2025-03-20 14:13:02.000 +09,충남,하이모터스,63라0508,4,0,2,759.5969,0.0,0,0,
38326451,현대,아반떼 (CN7),1.6 터보 N Line,스포츠,202011.0,2021,1540.0,86051.0,가솔린,오토,ORIGINAL,일반,2025-03-20 14:13:02.000 +09,부산,제이에이치 플러스,119도9770,3,0,1,288.4929,0.0,0,0,
38711836,현대,아반떼 (CN7),1.6,인스퍼레이션,202103.0,2021,2200.0,28011.0,가솔린,오토,ORIGINAL,일반,2025-03-20 14:13:02.000 +09,경기,퍼스트다이렉트모터스수원점,398노2658,0,0,2,0.0,0.0,0,0,
38726344,현대,아반떼,1.8 GLS DLX,,199604.0,1996,390.0,123997.0,가솔린,오토,ORIGINAL,일반,2025-03-20 14:13:02.000 +09,서울,(주)카스토어,13소6686,1,2,1,165.92,669.8723,1,0,
39161992,현대,아반떼 하이브리드 (CN7),모던,,202106.0,2021,1790.0,61568.0,가솔린+전기,오토,ORIGINAL,일반,2025-03-20 14:13:02.000 +09,경기,sk렌터카,272머3943,0,0,0,0.0,0.0,1,0,
39153885,현대,아반떼 (CN7),1.6,모던,202005.0,2021,1700.0,54460.0,가솔린,오토,ORIGINAL,일반,2025-03-20 14:13:02.000 +09,경기,(주)유로모터스,162노6132,1,2,1,86.358,365.0428,1,0,
39150497,현대,아반떼 AD,1.6 e-VGT 스마트,(세부등급 없음),201701.0,2017,780.0,138502.0,디젤,오토,ORIGINAL,일반,2025-03-20 14:13:02.000 +09,경기,이지모터스,319마8960,1,2,10,178.4169,209.8045,1,0,
39150212,현대,아반떼 MD,M16 GDI 모던,,201305.0,2014,500.0,167253.0,가솔린,오토,ORIGINAL,일반,2025-03-20 14:13:02.000 +09,광주,푸른모터스,20러2435,5,2,3,373.59,277.439,0,0,
39123331,현대,더 뉴 아반떼,1.6 GDi 모던,기본형,201309.0,2014,550.0,106815.0,가솔린,오토,ORIGINAL,일반,2025-03-20 14:13:02.000 +09,전북,카마트,64로1658,3,0,1,530.4649,0.0,0,0,
39127831,현대,아반떼 AD,1.6 GDI 스마트,(세부등급 없음),201510.0,2016,730.0,98443.0,가솔린,오토,ORIGINAL,일반,2025-03-20 14:13:02.000 +09,대구,한결모터스,103러8401,2,2,5,293.8616,78.8,1,0,
38817951,현대,아반떼 (CN7),1.6 LPi,스타일,202009.0,2021,1140.0,118292.0,LPG(일반인 구입),오토,ORIGINAL,일반,2025-03-20 14:13:02.000 +09,인천,조이모터스,238서4394,1,1,1,81.973,78.8463,1,0,
39058203,현대,아반떼 AD,1.6 GDI 밸류 플러스,,201703.0,2017,1050.0,72810.0,가솔린,오토,ORIGINAL,일반,2025-03-20 14:13:02.000 +09,서울,주)위메카,02노8171,3,3,3,195.8841,180.114,0,0,
39178916,현대,아반떼 (CN7),1.6,인스퍼레이션,202301.0,2023,2150.0,33495.0,가솔린,오토,ORIGINAL,일반,2025-03-20 14:13:02.000 +09,경기,(주)고물상,103소3343,4,2,1,483.3702,142.7634,0,0,
38873585,현대,아반떼 AD,1.6 GDI 모던,(세부등급 없음),201512.0,2016,799.0,47735.0,가솔린,오토,ORIGINAL,일반,2025-03-20 14:13:02.000 +09,대구,프로모터스,35러0314,3,1,4,726.005,32.809,0,0,
39274453,현대,아반떼 MD,M16 GDI 프리미어,,201010.0,2011,550.0,96002.0,가솔린,오토,ORIGINAL,일반,2025-03-20 14:13:02.000 +09,울산,YM모터스,32로8896,6,3,1,256.1326,146.93,0,0,
38330264,현대,아반떼 MD,M16 GDI 럭셔리,,201204.0,2012,430.0,82758.0,가솔린,오토,ORIGINAL,일반,2025-03-20 14:12:51.000 +09,경기,경기자동차매매상사,68고2773,3,1,4,283.4092,48.1688,0,0,
39208693,현대,아반떼 AD,1.6 GDI 밸류 플러스,,201801.0,2018,1330.0,54000.0,가솔린,오토,ORIGINAL,일반,2025-03-20 14:12:51.000 +09,대전,뉴 윤모터스 (주),60누4079,1,0,0,67.391,0.0,0,0,
39145969,현대,아반떼 AD,1.6 GDI 밸류 플러스,,201804.0,2018,1360.0,56850.0,가솔린,오토,ORIGINAL,일반,2025-03-20 14:12:51.000 +09,대전,뉴 윤모터스 (주),03러2016,0,0,2,0.0,0.0,0,0,
39234333,현대,아반떼 AD,1.6 GDI 밸류 플러스,,201803.0,2018,1330.0,57400.0,가솔린,오토,ORIGINAL,일반,2025-03-20 14:12:51.000 +09,대전,뉴 윤모터스 (주),65러2189,1,2,0,44.6518,134.3631,0,0,
39198303,현대,아반떼 AD,1.6 GDI 밸류 플러스,,201809.0,2018,1360.0,43550.0,가솔린,오토,ORIGINAL,일반,2025-03-20 14:12:51.000 +09,대전,뉴 윤모터스 (주),20나4103,0,0,2,0.0,0.0,0,0,
39231146,현대,아반떼 AD,1.6 GDI 밸류 플러스,,201806.0,2018,1360.0,42320.0,가솔린,오토,ORIGINAL,일반,2025-03-20 14:12:50.000 +09,대전,뉴 윤모터스 (주),32나2033,0,0,0,0.0,0.0,0,0,
39176139,현대,아반떼 HD,1.6 VVT S16,프리미어,200908.0,2009,350.0,78107.0,가솔린,오토,ORIGINAL,일반,2025-03-20 14:12:26.000 +09,서울,(주)산돌이엔씨,38누7787,2,2,1,205.1676,201.2776,0,0,
38529597,현대,뉴 아반떼 XD,1.6 VVT 디럭스,기본형,200601.0,2006,180.0,88652.0,가솔린,오토,ORIGINAL,일반,2025-03-20 14:12:26.000 +09,서울,(주)산돌이엔씨,04너7210,3,4,0,118.0447,435.7559,0,0,
39251439,현대,아반떼 (CN7),1.6,모던,202301.0,2023,2090.0,10512.0,가솔린,오토,ORIGINAL,일반,2025-03-20 14:12:24.000 +09,부산,카톡모터스,290가6563,0,0,0,0.0,0.0,0,0,
39265372,현대,아반떼 (CN7),1.6,모던,202102.0,2021,1730.0,63642.0,가솔린,오토,ORIGINAL,일반,2025-03-20 14:12:24.000 +09,부산,카톡모터스,353소4043,1,0,1,50.3419,0.0,1,0,
39190170,현대,더 뉴 아반떼 AD,1.6,스마트,202003.0,2020,9999.0,87516.0,가솔린,오토,ORIGINAL,일반,2025-03-20 14:12:10.000 +09,경기,(주)우리집자동차,263누6611,0,0,0,0.0,0.0,0,0,
39173318,현대,아반떼 MD,M16 GDI 럭셔리,,201010.0,2011,420.0,82935.0,가솔린,오토,ORIGINAL,일반,2025-03-20 14:12:10.000 +09,서울,케이앤드에스모터스,18라2993,1,0,3,27.32,0.0,0,0,
39142580,현대,아반떼 (CN7),1.6,인스퍼레이션,202006.0,2021,1820.0,78709.0,가솔린,오토,ORIGINAL,일반,2025-03-20 14:12:10.000 +09,광주,오토플러스(주),172서3508,1,0,3,101.1074,0.0,0,0,
39152826,현대,아반떼 AD,1.6 터보 스포츠,(세부등급 없음),201807.0,2018,1390.0,61523.0,가솔린,오토,ORIGINAL,일반,2025-03-20 14:12:10.000 +09,대구,신명가모터스,20모5174,0,0,2,0.0,0.0,0,0,
39227285,현대,아반떼 (CN7),2.0 N,,202205.0,2022,2420.0,48879.0,가솔린,오토,ORIGINAL,일반,2025-03-20 14:12:10.000 +09,경기,(주)비비드카,372모7190,2,0,1,965.8548,0.0,0,0,
39065456,현대,더 뉴 아반떼,1.6 GDi 모던,기본형,201310.0,2014,690.0,97365.0,가솔린,오토,ORIGINAL,일반,2025-03-20 14:12:10.000 +09,경기,쏘니모터스,58더9613,2,1,6,70.9458,106.5703,0,0,
38337686,현대,아반떼 AD,1.6 GDI 스마트,스페셜,201605.0,2017,1120.0,42356.0,가솔린,오토,ORIGINAL,일반,2025-03-20 14:12:10.000 +09,서울,(주)한경자동차,10주0783,1,1,0,173.9706,0.0,0,0,
38928058,현대,아반떼 (CN7),1.6,모던,202011.0,2021,1420.0,122076.0,가솔린,오토,ORIGINAL,일반,2025-03-20 14:12:10.000 +09,경기,(주)안산상사,338저4347,1,1,1,101.2474,31.354,1,0,
38936011,현대,아반떼 AD,1.6 GDI 스마트,스페셜,201604.0,2016,860.0,81829.0,가솔린,오토,ORIGINAL,일반,2025-03-20 14:12:10.000 +09,경기,에스제이모터스,53소0968,6,4,1,991.429,372.3711,0,0,
38714858,현대,아반떼 (CN7),1.6,모던,202301.0,2023,1780.0,36860.0,가솔린,오토,ORIGINAL,일반,2025-03-20 14:12:10.000 +09,울산,DK모터스,291고1487,4,3,3,600.5474,190.1771,0,0,
38888563,현대,더 뉴 아반떼,1.6 GDi 스마트,기본형,201311.0,2014,540.0,135141.0,가솔린,오토,ORIGINAL,일반,2025-03-20 14:12:10.000 +09,대전,비앤비모터스,63오4509,5,4,2,455.7639,276.322,0,0,
38856656,현대,아반떼 MD,M16 GDI 프리미어,,201102.0,2011,520.0,68941.0,가솔린,오토,ORIGINAL,일반,2025-03-20 14:12:10.000 +09,경기,제로모터스,59러6244,4,0,1,203.3974,0.0,0,0,
38768261,현대,아반떼 MD,M16 GDI 프리미엄,,201210.0,2013,490.0,127187.0,가솔린,오토,ORIGINAL,일반,2025-03-20 14:12:10.000 +09,경기,솔카,36고3659,4,4,2,266.8596,249.3526,0,0,
38812300,현대,아반떼 (CN7),1.6,모던,202211.0,2023,2050.0,15220.0,가솔린,오토,ORIGINAL,일반,2025-03-20 14:12:03.000 +09,경기,베스트자동차,176러8697,0,1,1,0.0,57.202,0,0,
38946869,현대,더 뉴 아반떼 AD,1.6,스마트,201911.0,2020,1270.0,44531.0,가솔린,오토,ORIGINAL,일반,2025-03-20 14:12:02.000 +09,경기,㈜오토핸즈,128하5049,0,1,0,0.0,189.0,0,0,
39144270,현대,아반떼 HD,1.6 VVT S16,럭셔리,200812.0,2009,380.0,74000.0,가솔린,오토,ORIGINAL,일반,2025-03-20 14:12:02.000 +09,제주,제니스오토,60모2124,1,1,1,25.011,54.728,0,0,
39154289,현대,아반떼 (CN7),1.6,인스퍼레이션,202102.0,2021,1520.0,140937.0,가솔린,오토,ORIGINAL,일반,2025-03-20 14:12:02.000 +09,부산,오토플러스(주),167어6578,0,0,0,0.0,0.0,0,0,
39137700,현대,아반떼 MD,M16 GDI 럭셔리,,201106.0,2012,400.0,54653.0,가솔린,오토,ORIGINAL,일반,2025-03-20 14:12:02.000 +09,경기,레인보우,37보1273,3,2,3,263.411,74.7,0,0,
39231727,현대,더 뉴 아반떼,1.6 GDi 스마트,기본형,201403.0,2014,750.0,72719.0,가솔린,오토,ORIGINAL,일반,2025-03-20 14:12:02.000 +09,서울,주식회사 오톰,37고5265,1,0,1,85.29,0.0,0,0,
39225602,현대,아반떼 (CN7),1.6,스마트,202006.0,2021,9123.0,110131.0,가솔린,오토,ORIGINAL,일반,2025-03-20 14:12:02.000 +09,경기,카운셀러,283오9464,0,0,3,0.0,0.0,3,0,
39200380,현대,아반떼 (CN7),1.6 LPi (렌터카),스마트,202101.0,2021,1360.0,73750.0,LPG(일반인 구입),오토,ORIGINAL,일반,2025-03-20 14:12:02.000 +09,대구,케이지 모터스,169저2913,2,1,1,279.2456,23.8349,2,0,
38906582,현대,아반떼 MD,M16 GDI 프리미어,,201111.0,2012,680.0,34074.0,가솔린,오토,ORIGINAL,일반,2025-03-20 14:12:02.000 +09,서울,주)153모터스,19러6658,3,1,0,97.646,24.472,0,0,
39109163,현대,아반떼 AD,1.6 GDI 밸류 플러스,,201804.0,2018,1390.0,30417.0,가솔린,오토,ORIGINAL,일반,2025-03-20 14:12:02.000 +09,충북,주식회사 더챔,56너7287,2,1,1,945.16,160.022,0,0,
39094496,현대,더 뉴 아반떼,1.6 GDi 스마트,기본형,201309.0,2014,430.0,159025.0,가솔린,오토,ORIGINAL,일반,2025-03-20 14:12:02.000 +09,경기,해피카,19모8400,1,1,4,121.109,94.5474,0,0,
39073359,현대,아반떼 (CN7),1.6,인스퍼레이션,202008.0,2021,1890.0,58978.0,가솔린,오토,ORIGINAL,일반,2025-03-20 14:12:02.000 +09,경기,유카,169고2372,1,1,4,166.8657,19.1454,0,0,
38539664,현대,아반떼 (CN7),1.6,모던,202103.0,2021,1790.0,43060.0,가솔린,오토,ORIGINAL,일반,2025-03-20 14:12:02.000 +09,경기,(주)에스비즈,179소2507,0,1,1,0.0,122.8,0,0,
38492937,현대,아반떼 AD,1.6 GDI 프리미엄,,201510.0,2016,899.0,186174.0,가솔린,오토,ORIGINAL,일반,2025-03-20 14:12:02.000 +09,경기,(주)영모터스,21무0871,2,0,2,221.7669,0.0,0,0,
38175539,현대,아반떼 (CN7),1.6,모던,202007.0,2021,1490.0,64473.0,가솔린,오토,ORIGINAL,일반,2025-03-20 14:12:02.000 +09,경기,(주)오토빌리지,390서6612,2,1,2,322.4331,67.6303,1,0,
38656582,현대,더 뉴 아반떼,1.6 LPi 모던,,201505.0,2016,799.0,101888.0,LPG(일반인 구입),오토,ORIGINAL,일반,2025-03-20 14:12:02.000 +09,충남,헤이모터스,11루2227,2,1,3,133.3121,108.166,0,0,
38543843,현대,아반떼 (CN7),1.6,인스퍼레이션,202108.0,2021,1590.0,48011.0,가솔린,오토,ORIGINAL,일반,2025-03-20 14:12:02.000 +09,경기,선인모터스,183너2074,3,0,1,956.1876,0.0,0,0,
39191129,현대,아반떼 (CN7),1.6,모던,202008.0,2021,1590.0,76401.0,가솔린,오토,ORIGINAL,일반,2025-03-20 14:12:02.000 +09,경기,위드카,234누5281,1,3,1,148.5768,234.4016,1,0,
39210583,현대,더 뉴 아반떼,1.6 GDi 모던,기본형,201401.0,2014,580.0,160659.0,가솔린,오토,ORIGINAL,일반,2025-03-20 14:11:56.000 +09,부산,(주)더마니카,69수8417,1,0,4,36.615,0.0,0,0,
39211871,현대,아반떼 (CN7),1.6,모던,202005.0,2021,1760.0,54030.0,가솔린,오토,ORIGINAL,일반,2025-03-20 14:11:55.000 +09,경기,주식회사 카오토,149더4162,0,0,0,0.0,0.0,0,0,
39103383,현대,더 뉴 아반떼 (CN7),2.0 N,,202405.0,2024,3140.0,5935.0,가솔린,오토,ORIGINAL,일반,2025-03-20 14:11:54.000 +09,경기,수원해동자동차,325보5243,0,0,0,0.0,0.0,0,0,
37274100,현대,아반떼 MD,M16 GDI 프리미어,,201101.0,2011,580.0,116182.0,가솔린,오토,ORIGINAL,일반,2025-03-20 14:11:50.000 +09,충북,대신모터스,30가9555,4,1,4,347.5403,23.439,0,0,
37065447,현대,아반떼 MD,M16 GDI 럭셔리,,201107.0,2012,390.0,141539.0,가솔린,오토,ORIGINAL,일반,2025-03-20 14:11:43.000 +09,대전,안흥자동차,26무4051,2,1,5,477.8904,57.669,1,0,
39074087,현대,아반떼 (CN7),1.6,모던,202209.0,2023,1990.0,25567.0,가솔린,오토,ORIGINAL,일반,2025-03-20 14:11:38.000 +09,경기,(주)대기자동차,179더6620,1,0,0,79.0354,0.0,0,0,
39099091,현대,아반떼 AD,1.6 터보 스포츠,(세부등급 없음),201605.0,2017,970.0,136624.0,가솔린,오토,ORIGINAL,일반,2025-03-20 14:11:31.000 +09,경기,해동자동차,24소0807,1,0,5,88.4228,0.0,0,0,
38803208,현대,더 뉴 아반떼,1.6 LPi 스마트,,201310.0,2014,650.0,104314.0,LPG(일반인 구입),오토,ORIGINAL,일반,2025-03-20 14:11:22.000 +09,부산,이수모터스,34루0367,3,2,5,359.3308,650.205,1,0,
39276930,현대,아반떼 AD,1.6 GDI 밸류 플러스,,201703.0,2017,749.0,106519.0,가솔린,오토,ORIGINAL,일반,2025-03-20 14:11:22.000 +09,서울,(주)윤카,13수6357,7,4,4,1509.6656,428.7641,0,0,
38586666,현대,아반떼 (CN7),1.6,모던,202007.0,2021,1550.0,52895.0,가솔린,오토,ORIGINAL,일반,2025-03-20 14:11:14.000 +09,서울,(주)은혜자동차,125도8844,3,0,2,282.53,0.0,1,0,
38098117,현대,더 뉴 아반떼 AD,1.6,스마트,201912.0,2020,1450.0,15899.0,가솔린,오토,ORIGINAL,일반,2025-03-20 14:11:11.000 +09,인천,한진모터스,248무8873,1,0,3,44.8748,0.0,1,0,
39222340,현대,더 뉴 아반떼 (CN7),1.6,모던,202407.0,2024,2150.0,1187.0,가솔린,오토,ORIGINAL,일반,2025-03-20 14:11:11.000 +09,부산,오토플러스(주),117서6761,0,0,1,0.0,0.0,1,0,
39173593,현대,아반떼 AD,1.6 GDI 밸류 플러스,,201710.0,2018,1120.0,88827.0,가솔린,오토,ORIGINAL,일반,2025-03-20 14:11:11.000 +09,경기,벧엘자동차2,65누6538,1,0,2,104.014,0.0,0,0,
38880497,현대,더 뉴 아반떼 AD,1.6,스마트,201903.0,2019,1280.0,51946.0,가솔린,오토,ORIGINAL,일반,2025-03-20 14:11:11.000 +09,대전,서해모터스,347거5622,0,0,2,0.0,0.0,1,0,
38870803,현대,더 뉴 아반떼,1.6 VGT 모던,기본형,201308.0,2014,499.0,131700.0,디젤,오토,ORIGINAL,일반,2025-03-20 14:11:11.000 +09,경기,스피드자동차,56소3975,7,1,3,729.2285,51.271,0,0,
39163730,현대,아반떼 (CN7),1.6 LPi (렌터카),스타일,202101.0,2021,1490.0,46103.0,LPG(일반인 구입),오토,ORIGINAL,일반,2025-03-20 14:11:11.000 +09,경기,카운셀러,398수9685,2,0,1,103.6159,0.0,1,0,
39149452,현대,뉴 아반떼 XD,1.5 VVT GL,고급형,200502.0,2005,140.0,120275.0,가솔린,오토,ORIGINAL,일반,2025-03-20 14:11:11.000 +09,대구,S 오토모빌,21러3812,1,0,4,42.4067,0.0,0,0,
39112112,현대,아반떼 (CN7),1.6,모던,202004.0,2021,1320.0,110310.0,가솔린,오토,ORIGINAL,일반,2025-03-20 14:11:11.000 +09,경기,㈜오토핸즈,150하9278,1,1,0,97.7152,24.8279,0,0,
38699883,현대,더 뉴 아반떼 AD,1.6,스타일,201901.0,2019,1290.0,57185.0,가솔린,오토,ORIGINAL,일반,2025-03-20 14:11:07.000 +09,대구,경성모터스,182가7522,1,0,2,37.388,0.0,1,0,
39204087,현대,더 뉴 아반떼,1.6 GDi 스마트,기본형,201502.0,2015,699.0,79138.0,가솔린,오토,ORIGINAL,일반,2025-03-20 14:11:04.000 +09,인천,카카오토,15조7906,1,2,2,3.42,420.3845,0,0,
38473851,현대,아반떼 AD,1.6 GDI 스마트,(세부등급 없음),201603.0,2016,869.0,125868.0,가솔린,오토,ORIGINAL,일반,2025-03-20 14:11:04.000 +09,대구,뉴팔공모터스,62소0552,5,3,1,307.0731,641.05,0,0,
38487227,현대,아반떼 AD,1.6 GDI 프리미엄,,201602.0,2016,950.0,108284.0,가솔린,오토,ORIGINAL,일반,2025-03-20 14:11:04.000 +09,전북,행운모터스,05고0795,1,1,4,141.6309,126.435,0,0,
39073261,현대,아반떼 (CN7),1.6,인스퍼레이션,202105.0,2021,2090.0,37920.0,가솔린,오토,ORIGINAL,일반,2025-03-20 14:11:04.000 +09,경기,명문자동차,142노5281,0,0,1,0.0,0.0,0,0,
39179605,현대,더 뉴 아반떼 (CN7),1.6,모던,202401.0,2024,2150.0,24887.0,가솔린,오토,ORIGINAL,일반,2025-03-20 14:11:04.000 +09,경기,명문자동차,238보2709,0,0,0,0.0,0.0,0,0,
38701541,현대,아반떼 하이브리드 (CN7),모던,,202010.0,2021,1980.0,34377.0,가솔린+전기,오토,ORIGINAL,일반,2025-03-20 14:11:04.000 +09,경기,프로모터스,119머6638,0,0,1,0.0,0.0,1,0,
38856982,현대,더 뉴 아반떼 (CN7),2.0 N,,202310.0,2024,3140.0,31871.0,가솔린,오토,ORIGINAL,일반,2025-03-20 14:11:04.000 +09,경기,솔카,316가7371,2,0,0,531.1823,0.0,0,0,
39248433,현대,아반떼 (CN7),1.6,모던,202007.0,2021,1750.0,28695.0,가솔린,오토,ORIGINAL,일반,2025-03-20 14:11:03.000 +09,경기,(주)스마트모터스,175러3784,0,0,0,0.0,0.0,0,0,
38574257,현대,아반떼 MD,M16 GDI 모던,,201306.0,2014,600.0,107112.0,가솔린,오토,ORIGINAL,일반,2025-03-20 14:11:03.000 +09,서울,(주)대진자동차,64수8972,4,1,1,175.9035,60.413,0,0,
39156208,현대,아반떼 AD,1.6 LPI 스타일(렌터카),,201604.0,2016,670.0,132694.0,LPG(일반인 구입),오토,ORIGINAL,일반,2025-03-20 14:11:03.000 +09,충남,하이오토,145가9043,3,1,3,141.2655,42.469,1,0,
39112237,현대,더 뉴 아반떼 (CN7),2.0 N,,202405.0,2024,3290.0,5329.0,가솔린,수동,ORIGINAL,일반,2025-03-20 14:11:03.000 +09,경기,월드모터스,162루1022,0,0,0,0.0,0.0,0,0,
38931342,현대,아반떼 HD,1.6 VVT S16,럭셔리,200905.0,2009,450.0,61045.0,가솔린,오토,ORIGINAL,일반,2025-03-20 14:11:03.000 +09,대구,대구모터스,24서8149,2,2,1,97.84,187.588,0,0,
38821491,현대,아반떼 (CN7),1.6,모던,202207.0,2023,1799.0,44916.0,가솔린,오토,ORIGINAL,일반,2025-03-20 14:11:03.000 +09,대구,다나자동차,306구1351,2,0,0,387.8482,0.0,0,0,
38859374,현대,더 뉴 아반떼 하이브리드 (CN7),인스퍼레이션 N Line,,202501.0,2025,3320.0,15.0,가솔린+전기,오토,ORIGINAL,일반,2025-03-20 14:11:03.000 +09,서울,(주)예스오토,231노8529,0,0,0,0.0,0.0,0,0,
39164487,현대,아반떼 MD,M16 GDI 탑,,201204.0,2012,249.0,119000.0,가솔린,오토,ORIGINAL,일반,2025-03-20 14:11:03.000 +09,경기,(주)고르고모터스,18보5942,5,2,3,738.8945,58.835,0,0,
39248533,현대,더 뉴 아반떼,1.6 LPi 모던,,201311.0,2014,690.0,110427.0,LPG(일반인 구입),오토,ORIGINAL,일반,2025-03-20 14:11:03.000 +09,대전,(주)카인드카,46우9485,1,1,2,22.8,100.0642,0,0,
39246650,현대,아반떼 하이브리드 (CN7),인스퍼레이션,,202209.0,2023,2430.0,35663.0,가솔린+전기,오토,ORIGINAL,일반,2025-03-20 14:11:03.000 +09,충남,오토플러스(주),362머8058,0,0,1,0.0,0.0,1,0,
39174765,현대,아반떼 MD,M16 GDI 럭셔리,,201207.0,2012,450.0,106200.0,가솔린,오토,ORIGINAL,일반,2025-03-20 14:10:46.000 +09,대구,캡틴카모터스,27오1268,5,1,2,289.7844,122.985,0,0,
38735594,현대,더 뉴 아반떼,1.6 GDi 스마트,기본형,201407.0,2014,750.0,57887.0,가솔린,오토,ORIGINAL,일반,2025-03-20 14:10:27.000 +09,광주,(주)기쁨모터스,32부5189,4,1,1,284.7976,39.3,0,0,
37870903,현대,아반떼 MD,M16 GDI 럭셔리,,201101.0,2011,570.0,95188.0,가솔린,오토,ORIGINAL,일반,2025-03-20 14:10:27.000 +09,광주,(주)기쁨모터스,61어6902,3,2,3,84.666,108.0936,0,0,
38726816,현대,아반떼 MD,M16 GDI 럭셔리,,201210.0,2013,380.0,131000.0,가솔린,오토,ORIGINAL,일반,2025-03-20 14:10:14.000 +09,충남,동네사람들,31부8669,1,1,6,51.5599,50.6619,0,0,
38739392,현대,아반떼 AD,1.6 GDI 밸류 플러스,,201704.0,2018,780.0,123096.0,가솔린,오토,ORIGINAL,일반,2025-03-20 14:10:14.000 +09,충남,달인상사,363수8834,2,2,2,218.241,481.4763,1,0,
38390881,현대,아반떼 AD,1.6 GDI 모던,(세부등급 없음),201608.0,2017,1180.0,49032.0,가솔린,오토,ORIGINAL,일반,2025-03-20 14:10:14.000 +09,대구,비젼모터스,40조0411,1,0,1,39.8528,0.0,0,0,
37422138,현대,아반떼 MD,M16 GDI 블루세이버,,201107.0,2012,580.0,56546.0,가솔린,오토,ORIGINAL,일반,2025-03-20 14:10:14.000 +09,서울,탑 모터스,54너8744,6,1,1,409.616,36.18,0,0,
39202759,현대,아반떼 (CN7),1.6,모던,202009.0,2021,1360.0,78348.0,가솔린,오토,ORIGINAL,일반,2025-03-20 14:10:14.000 +09,경기,블루오토,309보8456,2,0,3,108.5253,0.0,1,0,
38847808,현대,아반떼 AD,1.6 GDI 밸류 플러스,,201803.0,2018,890.0,103985.0,가솔린,오토,ORIGINAL,일반,2025-03-20 14:10:14.000 +09,경기,(주)카체인지,34부8120,1,1,1,661.2743,45.759,0,0,
39126822,현대,아반떼 하이브리드 (CN7),인스퍼레이션,,202203.0,2023,2190.0,68701.0,가솔린+전기,오토,ORIGINAL,일반,2025-03-20 14:10:14.000 +09,서울,(주)마이원카,355다6575,0,0,0,0.0,0.0,0,0,
39000020,현대,더 뉴 아반떼 AD,1.6,스마트,201906.0,2020,1130.0,137017.0,가솔린,오토,ORIGINAL,일반,2025-03-20 14:10:14.000 +09,대전,안모터스,225구7946,0,0,2,0.0,0.0,1,0,
38918390,현대,더 뉴 아반떼 AD,1.6,스타일,202001.0,2020,1320.0,52751.0,가솔린,오토,ORIGINAL,일반,2025-03-20 14:10:05.000 +09,경기,주식회사 나인모터스,123보9480,1,1,1,121.898,65.437,0,0,
38811456,현대,아반떼 AD,1.6 GDI 스타일,,201612.0,2017,920.0,62245.0,가솔린,오토,ORIGINAL,일반,2025-03-20 14:10:05.000 +09,경기,주식회사 나인모터스,394루1768,2,2,3,169.368,291.1704,1,0,
39109271,현대,아반떼 AD,1.6 GDI 스마트,(세부등급 없음),201602.0,2016,990.0,96671.0,가솔린,오토,ORIGINAL,일반,2025-03-20 14:10:05.000 +09,경기,주식회사 나인모터스,18저0503,3,0,3,309.78,0.0,0,0,
39130707,현대,아반떼 MD,M16 GDI 럭셔리,,201103.0,2011,369.0,142387.0,가솔린,오토,ORIGINAL,일반,2025-03-20 14:10:05.000 +09,대구,수성모터스,63모8062,4,3,4,566.908,126.7598,0,0,
38927810,현대,더 뉴 아반떼 AD,1.6,스타일,201908.0,2019,1320.0,82624.0,가솔린,오토,ORIGINAL,일반,2025-03-20 14:10:05.000 +09,경기,주식회사 나인모터스,40무4617,3,4,1,63.119,341.638,0,0,
37605218,현대,아반떼 MD,M16 GDI 스마트,,201302.0,2013,640.0,112486.0,가솔린,오토,ORIGINAL,일반,2025-03-20 14:10:05.000 +09,경기,주식회사 나인모터스,60조9342,2,2,1,38.9625,63.0924,0,0,
38404959,현대,아반떼 하이브리드 (CN7),모던,,202012.0,2021,1790.0,69824.0,가솔린+전기,오토,ORIGINAL,일반,2025-03-20 14:10:04.000 +09,경기,프로모터스,216라1307,0,0,1,0.0,0.0,1,0,
38596166,현대,아반떼 하이브리드 (CN7),모던,,202011.0,2021,9999.0,102111.0,가솔린+전기,오토,ORIGINAL,일반,2025-03-20 14:10:04.000 +09,인천,(주)에스에이치모터스,267더3116,1,1,2,30.322,102.6473,1,0,
38596166,현대,아반떼 하이브리드 (CN7),모던,,202011.0,2021,9999.0,102111.0,가솔린+전기,오토,ORIGINAL,일반,2025-03-20 14:10:04.000 +09,인천,(주)에스에이치모터스,267더3116,1,1,3,30.322,102.6473,1,0,
38596133,현대,아반떼 하이브리드 (CN7),모던,,202011.0,2021,9999.0,81732.0,가솔린+전기,오토,ORIGINAL,일반,2025-03-20 14:10:04.000 +09,인천,(주)에스에이치모터스,267더3163,2,0,2,251.4836,0.0,1,0,
38916433,현대,아반떼 (CN7),1.6 LPi,모던,202109.0,2021,1590.0,64865.0,LPG(일반인 구입),오토,ORIGINAL,일반,2025-03-20 14:10:04.000 +09,대구,가람 모터스,241어8936,2,1,1,288.596,205.676,1,0,
38781540,현대,아반떼 하이브리드 (CN7),인스퍼레이션,,202104.0,2021,2510.0,14079.0,가솔린+전기,오토,ORIGINAL,일반,2025-03-20 14:10:04.000 +09,경기,백제모터스,286부9961,0,0,1,0.0,0.0,0,0,
38985887,현대,아반떼 (CN7),1.6,스마트,202007.0,2021,9999.0,93203.0,가솔린,오토,ORIGINAL,일반,2025-03-20 14:10:04.000 +09,부산,더 좋은차,186루1050,6,6,4,398.0492,780.3601,1,0,
37939660,현대,더 뉴 아반떼 (CN7),1.6,인스퍼레이션,202312.0,2024,2450.0,2887.0,가솔린,오토,ORIGINAL,일반,2025-03-20 14:10:04.000 +09,부산,강남  모터스,374누5885,2,1,0,234.9288,92.094,0,0,
37620029,현대,아반떼 AD,1.6 e-VGT 스타일,,201510.0,2016,535.0,221532.0,디젤,오토,ORIGINAL,일반,2025-03-20 14:10:04.000 +09,경기,풀카,31머4841,0,1,5,0.0,50.4743,1,0,
36903186,현대,아반떼 쿠페,2.0 GDi 프리미엄,기본형,201305.0,2014,555.0,140551.0,가솔린,오토,ORIGINAL,일반,2025-03-20 14:10:04.000 +09,충남,으랏차차,22로1715,5,1,6,229.9588,40.9606,0,0,
35903886,현대,아반떼 AD,1.6 GDI 스마트,(세부등급 없음),201606.0,2017,920.0,111744.0,가솔린,오토,ORIGINAL,일반,2025-03-20 14:10:04.000 +09,경기,주)김포오토파크,32가0746,2,2,1,207.224,146.97,0,0,
38449423,현대,아반떼 (CN7),1.6 LPi,스마트,202005.0,2021,1650.0,62588.0,LPG(일반인 구입),오토,ORIGINAL,일반,2025-03-20 14:10:04.000 +09,경기,유일오토,262가8102,5,1,0,488.624,189.964,0,0,
38666993,현대,아반떼 (CN7),1.6,인스퍼레이션,202211.0,2023,1990.0,26272.0,가솔린,오토,ORIGINAL,일반,2025-03-20 14:10:04.000 +09,울산,주식회사 두바이카,333루4141,1,1,1,139.36,462.279,0,0,
39254743,현대,아반떼 하이브리드 (CN7),인스퍼레이션,,202207.0,2023,2550.0,36195.0,가솔린+전기,오토,ORIGINAL,일반,2025-03-20 14:10:04.000 +09,서울,(주)애플카,109머3182,0,0,0,0.0,0.0,0,0,
39153845,현대,아반떼 (CN7),1.6,모던,202012.0,2021,1680.0,88000.0,가솔린,오토,ORIGINAL,일반,2025-03-20 14:10:04.000 +09,경기,카운셀러,267부2082,0,0,2,0.0,0.0,1,0,
39205791,현대,아반떼 AD,1.6 GDI 스마트,(세부등급 없음),201607.0,2017,949.0,92079.0,가솔린,오토,ORIGINAL,일반,2025-03-20 14:10:04.000 +09,충남,건희모터스,18서0309,2,1,3,91.1593,64.2058,0,0,
39178977,현대,더 뉴 아반떼 (CN7),1.6,인스퍼레이션,202311.0,2024,2390.0,20992.0,가솔린,오토,ORIGINAL,일반,2025-03-20 14:10:04.000 +09,경기,마니카,397라2860,0,0,1,0.0,0.0,0,0,
39215474,현대,아반떼 (CN7),1.6,인스퍼레이션,202004.0,2021,2150.0,30554.0,가솔린,오토,ORIGINAL,일반,2025-03-20 14:10:04.000 +09,대전,주식회사엘씨,106버1110,1,0,2,50.2831,0.0,0,0,
39256668,현대,아반떼 MD,M16 GDI 프리미어,,201204.0,2012,470.0,133925.0,가솔린,오토,ORIGINAL,일반,2025-03-20 14:10:04.000 +09,전북,스마일모터스,60서8637,3,3,1,360.6113,360.1078,0,0,
38933461,현대,아반떼 HD,1.6 VVT S16,럭셔리,201007.0,2010,299.0,163089.0,가솔린,오토,ORIGINAL,일반,2025-03-20 14:10:01.000 +09,대구,대풍모터스,17오5592,4,3,6,616.6158,445.669,0,0,
39244149,현대,아반떼 AD,1.6 GDI 모던,(세부등급 없음),201602.0,2016,1260.0,55453.0,가솔린,오토,ORIGINAL,일반,2025-03-20 14:09:46.000 +09,부산,(주) 하이브모터스,31도0574,1,0,1,124.377,0.0,0,0,
39214289,현대,아반떼 AD,1.6 GDI 모던,(세부등급 없음),201603.0,2016,999.0,117406.0,가솔린,오토,ORIGINAL,일반,2025-03-20 14:09:30.000 +09,대전,(주)김서방모터스,29모0755,2,2,2,30.76,285.5869,0,0,
39155211,현대,아반떼 AD,1.6 GDI 스마트,스페셜,201603.0,2016,930.0,108560.0,가솔린,오토,ORIGINAL,일반,2025-03-20 14:09:17.000 +09,대전,(주)뉴신용자동차,50노0192,3,1,0,399.8939,47.909,0,0,
39175947,현대,더 뉴 아반떼 AD,1.6,스마트 초이스,201906.0,2020,1270.0,64313.0,가솔린,오토,ORIGINAL,일반,2025-03-20 14:09:14.000 +09,경남,희망모터스,08나1280,5,0,6,446.6437,0.0,0,0,
38477454,현대,아반떼 AD,1.6 GDI 스마트,스페셜,201512.0,2016,790.0,54300.0,가솔린,오토,ORIGINAL,일반,2025-03-20 14:09:11.000 +09,울산,R모터스,292두7076,11,5,3,845.7283,358.8116,1,0,
38417597,현대,아반떼 AD,1.6 GDI 프리미엄,,201509.0,2016,949.0,93066.0,가솔린,오토,ORIGINAL,일반,2025-03-20 14:09:11.000 +09,부산,제이엠모터스,68나0999,4,1,4,384.2894,202.9666,0,0,
38374668,현대,아반떼 AD,1.6 터보 스포츠,(세부등급 없음),201712.0,2018,920.0,75786.0,가솔린,수동,ORIGINAL,일반,2025-03-20 14:09:11.000 +09,서울,(주)프라임 모터스,18두4596,3,3,2,821.619,361.4909,0,0,
38330120,현대,더 뉴 아반떼,1.6 GDi 스마트,기본형,201507.0,2016,750.0,74710.0,가솔린,오토,ORIGINAL,일반,2025-03-20 14:09:11.000 +09,대전,안모터스,11서6489,5,5,1,243.125,433.9871,0,0,
38557570,현대,아반떼 (CN7),1.6,모던,202007.0,2021,1190.0,167913.0,가솔린,오토,ORIGINAL,일반,2025-03-20 14:09:11.000 +09,대전,(주)하나모터스,374나9318,4,4,1,262.7421,301.9433,1,0,
38534923,현대,아반떼 AD,1.6 GDI 모던,(세부등급 없음),201602.0,2016,1050.0,94355.0,가솔린,오토,ORIGINAL,일반,2025-03-20 14:09:11.000 +09,충북,(주)더챔,46로0847,5,1,4,447.8923,187.001,0,0,
38313458,현대,아반떼 MD,M16 GDI 럭셔리,,201201.0,2012,469.0,106038.0,가솔린,오토,ORIGINAL,일반,2025-03-20 14:09:11.000 +09,충남,천마상사,43오6917,2,1,1,141.696,126.9463,0,0,
39263391,현대,아반떼 (CN7),1.6,모던,202103.0,2021,2000.0,89407.0,가솔린,오토,ORIGINAL,일반,2025-03-20 14:09:11.000 +09,경기,카리브모터스,269노6902,0,0,1,0.0,0.0,1,0,
39264160,현대,아반떼 AD,1.6 GDI 프리미엄,,201709.0,2018,1150.0,109412.0,가솔린,오토,ORIGINAL,일반,2025-03-20 14:09:11.000 +09,경북,애니카상사,36버2214,0,0,3,0.0,0.0,0,0,
39196089,현대,아반떼 (CN7),1.6,모던,202110.0,2022,1450.0,18018.0,가솔린,오토,ORIGINAL,일반,2025-03-20 14:09:11.000 +09,경기,슬기로운 딜러생활,143두4869,3,1,1,1313.116,169.238,1,0,
39190317,현대,더 뉴 아반떼,1.6 GDi 스마트,기본형,201403.0,2014,750.0,78115.0,가솔린,오토,ORIGINAL,일반,2025-03-20 14:09:11.000 +09,서울,에스에이치모터스,22무6683,3,2,1,167.3237,96.5708,0,0,
39173215,현대,아반떼 MD,M16 GDI 럭셔리,,201103.0,2011,530.0,92736.0,가솔린,오토,ORIGINAL,일반,2025-03-20 14:09:11.000 +09,대전,서해모터스,50라4081,0,1,0,0.0,42.264,0,0,
39132605,현대,아반떼 AD,1.6 GDI 밸류 플러스,,201802.0,2018,1350.0,24963.0,가솔린,오토,ORIGINAL,일반,2025-03-20 14:09:11.000 +09,경기,(주)준모터스,43구5328,2,1,2,104.1779,121.955,0,0,
38874495,현대,아반떼 AD,1.6 e-VGT 스마트,스페셜,201701.0,2017,730.0,116468.0,디젤,오토,ORIGINAL,일반,2025-03-20 14:09:11.000 +09,대구,리치모터스,34머0181,4,2,1,285.4475,197.1686,0,0,
38820910,현대,아반떼 (CN7),1.6 터보 N Line,인스퍼레이션,202211.0,2023,9999.0,21209.0,가솔린,오토,ORIGINAL,일반,2025-03-20 14:09:11.000 +09,서울,오토플러스(주),284로3436,1,0,1,60.7569,0.0,0,0,
38776041,현대,아반떼 MD,M16 GDI 럭셔리,,201205.0,2012,530.0,117893.0,가솔린,오토,ORIGINAL,일반,2025-03-20 14:09:11.000 +09,충북,(주)더챔,58마7093,2,1,3,164.6738,55.5788,0,0,
39114112,현대,아반떼 AD,1.6 GDI 밸류 플러스,,201712.0,2018,900.0,122952.0,가솔린,오토,ORIGINAL,일반,2025-03-20 14:09:11.000 +09,경북,패밀리모터스,181주1039,3,0,4,308.9817,0.0,1,0,
39057400,현대,아반떼 (CN7),2.0 N,,202204.0,2022,2400.0,64747.0,가솔린,오토,ORIGINAL,일반,2025-03-20 14:09:11.000 +09,경기,벧엘자동차2,395다7345,1,0,3,50.5358,0.0,0,0,
39029892,현대,아반떼 AD,1.6 GDI 스마트,(세부등급 없음),201601.0,2016,950.0,29531.0,가솔린,오토,ORIGINAL,일반,2025-03-20 14:09:11.000 +09,대구,k모터스,32머0952,2,5,0,590.559,766.3,0,0,
39122212,현대,더 뉴 아반떼 (CN7),2.0 N,,202311.0,2024,3350.0,10594.0,가솔린,오토,ORIGINAL,일반,2025-03-20 14:09:11.000 +09,인천,오토플러스(주),166나7985,0,0,0,0.0,0.0,0,0,
39173436,현대,아반떼 AD,1.6 GDI 스타일,,201604.0,2016,650.0,125671.0,가솔린,오토,ORIGINAL,일반,2025-03-20 14:09:11.000 +09,부산,부경모터스,59소0907,3,2,0,167.2152,87.3769,0,0,
39163696,현대,아반떼 MD,M16 GDI 모던,,201212.0,2013,450.0,132000.0,가솔린,오토,ORIGINAL,일반,2025-03-20 14:09:11.000 +09,대구,시원모터스,45두4238,3,1,4,418.9824,55.8493,0,0,
39273459,현대,아반떼 (CN7),1.6,모던,202012.0,2021,1850.0,23237.0,가솔린,오토,ORIGINAL,일반,2025-03-20 14:09:06.000 +09,광주,조이갤러리,326거2392,0,0,2,0.0,0.0,0,0,
39159119,현대,아반떼 (CN7),1.6,인스퍼레이션,202201.0,2022,1650.0,72816.0,가솔린,오토,ORIGINAL,일반,2025-03-20 14:09:04.000 +09,경기,인연모터스,183저4504,1,0,1,510.309,0.0,0,0,
39185358,현대,아반떼 AD,1.6 GDI 밸류 플러스,,201611.0,2017,890.0,114796.0,가솔린,오토,ORIGINAL,일반,2025-03-20 14:09:04.000 +09,대구,번영모터스,63더1787,0,0,1,0.0,0.0,0,0,
39260940,현대,아반떼 AD,1.6 GDI 스타일,,201702.0,2017,820.0,102659.0,가솔린,오토,ORIGINAL,일반,2025-03-20 14:09:03.000 +09,대구,새봄모터스,02두6591,5,4,3,275.3877,192.1533,0,0,
38795515,현대,아반떼 (CN7),1.6,모던,202011.0,2021,1410.0,99908.0,가솔린,오토,ORIGINAL,일반,2025-03-20 14:09:03.000 +09,경기,카리브 모터스,130더8922,0,0,1,0.0,0.0,1,0,
39111350,현대,더 뉴 아반떼 하이브리드 (CN7),모던,,202305.0,2024,2240.0,45954.0,가솔린+전기,오토,ORIGINAL,일반,2025-03-20 14:09:03.000 +09,경기,(주)왕카,137우9485,0,0,1,0.0,0.0,1,0,
39091046,현대,아반떼 AD,1.6 GDI 스타일,,201708.0,2018,970.0,83427.0,가솔린,오토,ORIGINAL,일반,2025-03-20 14:09:03.000 +09,경기,중고차A팀,153누7677,3,2,3,257.8585,107.6302,1,0,
39138929,현대,아반떼 AD,1.6 GDI 밸류 플러스,,201805.0,2018,1290.0,54849.0,가솔린,오토,ORIGINAL,일반,2025-03-20 14:09:03.000 +09,충남,ONE모터스,03부8173,1,0,1,21.3229,0.0,0,0,
39139714,현대,아반떼 (CN7),1.6,모던,202007.0,2021,1250.0,112545.0,가솔린,오토,ORIGINAL,일반,2025-03-20 14:09:03.000 +09,인천,주식회사 투게더카,192더4999,1,1,2,1.158,60.6799,1,0,
39150243,현대,더 뉴 아반떼 (CN7),1.6,스마트,202307.0,2024,1650.0,24725.0,가솔린,오토,ORIGINAL,일반,2025-03-20 14:09:03.000 +09,부산,오토플러스(주),133어6571,0,0,1,0.0,0.0,1,0,
38402390,현대,아반떼 MD,M16 GDI 럭셔리,,201012.0,2011,460.0,74298.0,가솔린,오토,ORIGINAL,일반,2025-03-20 14:09:03.000 +09,서울,더쿨모터스,28무9327,3,1,2,248.7435,78.459,0,0,
39222791,현대,아반떼 (CN7),1.6,인스퍼레이션,202212.0,2023,2090.0,36549.0,가솔린,오토,ORIGINAL,일반,2025-03-20 14:09:03.000 +09,충남,조이모터스,198부6063,0,0,1,0.0,0.0,0,0,
39225450,현대,아반떼 (CN7),1.6 LPi (렌터카),스타일,202102.0,2021,1550.0,37514.0,LPG(일반인 구입),오토,ORIGINAL,일반,2025-03-20 14:09:03.000 +09,경기,카운셀러,183머3202,1,0,1,64.4029,0.0,1,0,
39197570,현대,아반떼 AD,1.6 GDI 모던,(세부등급 없음),201708.0,2018,830.0,122932.0,가솔린,오토,ORIGINAL,일반,2025-03-20 14:09:03.000 +09,경기,케이탑인터내셔널,59버5187,9,3,2,888.8925,254.0295,0,0,
39267840,현대,아반떼 MD,M16 GDI 프리미엄,,201303.0,2013,620.0,107086.0,가솔린,오토,ORIGINAL,일반,2025-03-20 14:09:03.000 +09,서울,제이스모터스,37머7205,3,4,1,247.2229,141.9128,0,0,
39132102,현대,더 뉴 아반떼 AD,1.6,프리미엄,201810.0,2019,1270.0,4693.0,가솔린,오토,ORIGINAL,일반,2025-03-20 14:09:03.000 +09,서울,인증중고차 주식회사,19보4827,2,0,2,904.8365,0.0,0,0,
39031635,현대,아반떼 (CN7),1.6,인스퍼레이션,202101.0,2021,1920.0,47225.0,가솔린,오토,ORIGINAL,일반,2025-03-20 14:09:03.000 +09,충남,우정상사,109도8839,1,0,1,226.589,0.0,0,0,
39221484,현대,아반떼 (CN7),1.6,모던,202207.0,2023,512.0,65289.0,가솔린,오토,ORIGINAL,렌트,2025-03-20 14:09:03.000 +09,경기,오토허브셀카,167호2569,0,0,0,0.0,0.0,0,0,
38335645,현대,아반떼 AD,1.6 GDI 밸류 플러스,,201709.0,2018,1110.0,61405.0,가솔린,오토,ORIGINAL,일반,2025-03-20 14:08:56.000 +09,대구,진보자동차상사,34거5601,2,6,1,43.146,858.474,0,0,
39183066,현대,아반떼 AD,1.6 GDI 밸류 플러스,,201804.0,2018,870.0,141598.0,가솔린,오토,ORIGINAL,일반,2025-03-20 14:08:50.000 +09,경기,제이디모터스,28서8384,2,1,4,144.6139,79.3212,0,0,
38571612,현대,아반떼 HD,1.6 VVT S16,럭셔리,200801.0,2008,250.0,107891.0,가솔린,오토,ORIGINAL,일반,2025-03-20 14:08:33.000 +09,전북,강남모터스,09노8969,5,1,3,451.9205,83.6455,0,0,
38332828,현대,더 뉴 아반떼,1.6 GDi 모던,기본형,201405.0,2014,820.0,70952.0,가솔린,오토,ORIGINAL,일반,2025-03-20 14:08:30.000 +09,전남,으라차차모터스,38두1336,1,1,7,379.4374,164.7294,0,0,
39103985,현대,아반떼 MD,M16 GDI 럭셔리,,201205.0,2012,530.0,174772.0,가솔린,오토,ORIGINAL,일반,2025-03-20 14:08:30.000 +09,전남,으라차차모터스,20두9492,1,0,5,24.863,0.0,0,0,
39127672,현대,아반떼 (CN7),1.6,모던,202004.0,2021,1850.0,27077.0,가솔린,오토,ORIGINAL,일반,2025-03-20 14:08:30.000 +09,광주,(주)케이원모터스,105부8480,0,1,3,0.0,75.248,0,0,
38882245,현대,아반떼 HD,1.6 VVT S16,럭셔리,201010.0,2010,440.0,35871.0,가솔린,오토,ORIGINAL,일반,2025-03-20 14:08:28.000 +09,대전,(주)이수오토,43거9746,4,1,1,152.5066,32.133,0,0,
37749894,현대,아반떼 AD,1.6 GDI 밸류 플러스,,201709.0,2018,1150.0,45280.0,가솔린,오토,ORIGINAL,일반,2025-03-20 14:08:15.000 +09,경기,GM카마트,64모3072,0,0,2,0.0,0.0,0,0,
38691881,현대,더 뉴 아반떼,1.6 GDi 스타일,,201410.0,2015,640.0,77575.0,가솔린,오토,ORIGINAL,일반,2025-03-20 14:08:15.000 +09,경기,GM카마트,33수5576,1,3,2,97.1,258.0617,0,0,
37758463,현대,아반떼 MD,M16 GDI 모던,,201210.0,2013,590.0,110452.0,가솔린,오토,ORIGINAL,일반,2025-03-20 14:08:14.000 +09,경기,GM카마트,23마9313,1,2,3,117.739,119.372,0,0,
37825067,현대,아반떼 AD,1.6 GDI 스타일,,201806.0,2018,930.0,77777.0,가솔린,오토,ORIGINAL,일반,2025-03-20 14:08:14.000 +09,경기,GM카마트,257오3146,2,0,1,39.6144,0.0,1,0,
38055012,현대,아반떼 (CN7),1.6,인스퍼레이션,202106.0,2021,2020.0,56073.0,가솔린,오토,ORIGINAL,일반,2025-03-20 14:08:11.000 +09,대구,명성모터스,142모7239,0,0,3,0.0,0.0,0,0,
38163511,현대,아반떼 AD,1.6 e-VGT 스마트,(세부등급 없음),201510.0,2016,800.0,92024.0,디젤,오토,ORIGINAL,일반,2025-03-20 14:08:11.000 +09,경기,스카이모터스,08부0390,3,0,1,457.0382,0.0,0,0,
37870633,현대,아반떼 (CN7),1.6 LPi (렌터카),스마트,202205.0,2023,1570.0,72561.0,LPG(일반인 구입),오토,ORIGINAL,일반,2025-03-20 14:08:11.000 +09,경기,알차,130모9722,2,3,1,114.7185,330.0377,1,0,
36890374,현대,아반떼 MD,M16 GDI 럭셔리,,201109.0,2012,435.0,101215.0,가솔린,오토,ORIGINAL,일반,2025-03-20 14:08:11.000 +09,경남,오케이오토,35어8409,2,0,4,562.4797,0.0,0,0,
38882358,현대,더 뉴 아반떼 AD,1.6,스마트,201912.0,2020,1190.0,78417.0,가솔린,오토,ORIGINAL,일반,2025-03-20 14:08:11.000 +09,부산,(주)강변모터스,132누2658,3,1,2,163.4497,101.8049,1,0,
38823738,현대,아반떼 (CN7),1.6,모던,202104.0,2021,1790.0,57999.0,가솔린,오토,ORIGINAL,일반,2025-03-20 14:08:11.000 +09,대구,ok차차차,228노4310,0,0,1,0.0,0.0,1,0,
39210680,현대,아반떼 AD,1.6 GDI 스마트,(세부등급 없음),201606.0,2017,890.0,131374.0,가솔린,오토,ORIGINAL,일반,2025-03-20 14:08:11.000 +09,경북,애니카상사,04도0272,1,0,4,30.026,0.0,0,0,
39198650,현대,아반떼 MD,M16 GDI 럭셔리,,201102.0,2011,299.0,149194.0,가솔린,오토,ORIGINAL,일반,2025-03-20 14:08:11.000 +09,대전,(주)바이킹오토,41두1768,1,0,5,470.9524,0.0,0,0,
38485338,현대,아반떼 하이브리드 (CN7),모던,,202011.0,2021,1670.0,90722.0,가솔린+전기,오토,ORIGINAL,일반,2025-03-20 14:08:11.000 +09,경기,레인보우,267더3185,0,0,2,0.0,0.0,1,0,
38389186,현대,아반떼 AD,1.6 e-VGT 스마트,스페셜,201610.0,2017,700.0,163562.0,디젤,오토,ORIGINAL,일반,2025-03-20 14:08:11.000 +09,경기,우수상사,32나0365,3,0,2,142.085,0.0,0,0,
39196095,현대,아반떼 (CN7),1.6 LPi (렌터카),스마트,202101.0,2021,1450.0,57539.0,LPG(일반인 구입),오토,ORIGINAL,일반,2025-03-20 14:08:11.000 +09,대구,당근모터스,199로6066,4,1,1,268.932,97.8464,1,0,
39053035,현대,아반떼 AD,1.6 GDI 스타일,,201603.0,2016,1140.0,40839.0,가솔린,오토,ORIGINAL,일반,2025-03-20 14:08:11.000 +09,서울,(주)예스오토,06보0478,2,0,0,111.9708,0.0,0,0,
39266218,현대,아반떼 MD,M16 GDI 에비뉴,,201304.0,2014,600.0,89521.0,가솔린,오토,ORIGINAL,일반,2025-03-20 14:08:11.000 +09,대구,신삼성자동차상사,45수8386,3,2,0,322.1334,276.4868,0,0,
39176768,현대,아반떼 (CN7),1.6 LPi (렌터카),모던,202206.0,2023,1859.0,36342.0,LPG(일반인 구입),오토,ORIGINAL,일반,2025-03-20 14:08:03.000 +09,경기,(주)무한모터스,217루5218,1,0,1,0.0,0.0,1,0,
39223793,현대,아반떼 (CN7),2.0 N,,202212.0,2022,2700.0,44749.0,가솔린,오토,ORIGINAL,일반,2025-03-20 14:08:02.000 +09,서울,(주)애플카,144가9123,0,0,0,0.0,0.0,0,0,
39193088,현대,아반떼 (CN7),1.6 LPi (렌터카),스타일,202101.0,2021,1650.0,13409.0,LPG(일반인 구입),오토,ORIGINAL,일반,2025-03-20 14:08:02.000 +09,경기,카운셀러,176부3584,0,0,1,0.0,0.0,1,0,
39192685,현대,아반떼 (CN7),1.6,스마트,202007.0,2021,960.0,78967.0,가솔린,오토,ORIGINAL,일반,2025-03-20 14:08:02.000 +09,광주,(주)케이투모터스,154나7718,9,7,3,1482.9033,699.4396,1,0,
39178303,현대,아반떼 (CN7),1.6 LPi (렌터카),스마트,202101.0,2021,1225.0,88696.0,LPG(일반인 구입),오토,ORIGINAL,일반,2025-03-20 14:08:02.000 +09,대구,성실모터스,196라7869,3,0,1,533.5959,0.0,1,0,
39033128,현대,더 뉴 아반떼 (CN7),1.6,모던,202308.0,2024,2010.0,27101.0,가솔린,오토,ORIGINAL,일반,2025-03-20 14:08:02.000 +09,경기,오토플러스(주),258너5453,0,0,1,0.0,0.0,1,0,
38998592,현대,아반떼 (CN7),1.6,인스퍼레이션,202006.0,2021,1520.0,85417.0,가솔린,오토,ORIGINAL,일반,2025-03-20 14:08:02.000 +09,경기,디케이(DK)모터스,383버2018,5,3,5,311.6909,118.616,0,0,
38072995,현대,아반떼 MD,M16 GDI 프리미어,,201107.0,2012,420.0,158256.0,가솔린,오토,ORIGINAL,일반,2025-03-20 14:08:02.000 +09,광주,쌍둥이모터스,69마4813,5,3,4,536.6266,141.7437,0,0,
36671004,현대,아반떼 MD,M16 GDI 프리미어,,201201.0,2012,475.0,128000.0,가솔린,오토,ORIGINAL,일반,2025-03-20 14:08:02.000 +09,부산,부경모터스,198두4738,4,1,1,407.049,117.376,1,0,
39252052,현대,아반떼 (CN7),1.6,인스퍼레이션,202011.0,2021,1399.0,138948.0,가솔린,오토,ORIGINAL,일반,2025-03-20 14:08:02.000 +09,부산,(주)브로모터스,257라1982,6,1,0,452.0611,40.3509,0,0,
39099054,현대,아반떼 (CN7),2.0 N,,202109.0,2022,2340.0,51697.0,가솔린,수동,ORIGINAL,일반,2025-03-20 14:08:02.000 +09,경남,마이카3,214도4979,0,0,2,0.0,0.0,1,0,
38985009,현대,더 뉴 아반떼,1.6 GDi 스마트,기본형,201308.0,2014,680.0,71731.0,가솔린,오토,ORIGINAL,일반,2025-03-20 14:08:01.000 +09,대전,(주)카인드카,25버5574,2,2,2,137.7136,160.8221,0,0,
39270836,현대,더 뉴 아반떼,1.6 GDi 스마트,기본형,201402.0,2014,640.0,95426.0,가솔린,오토,ORIGINAL,일반,2025-03-20 14:08:00.000 +09,대전,(주)카인드카,51수8730,1,1,3,85.201,29.601,0,0,
38720989,현대,아반떼 (CN7),1.6,인스퍼레이션,202007.0,2021,1650.0,57311.0,가솔린,오토,ORIGINAL,일반,2025-03-20 14:07:40.000 +09,대전,(주)강철,119우4767,1,0,3,162.7992,0.0,1,0,
39222852,현대,아반떼 AD,1.6 e-VGT 스마트,스페셜,201601.0,2016,850.0,103676.0,디젤,오토,ORIGINAL,일반,2025-03-20 14:07:40.000 +09,대전,(주)강철,48러0905,3,3,2,135.7747,361.7337,0,0,
39179070,현대,더 뉴 아반떼 (CN7),2.0 N,,202404.0,2024,3080.0,2067.0,가솔린,오토,ORIGINAL,일반,2025-03-20 14:07:20.000 +09,경기,유일상사,215소9848,0,0,2,0.0,0.0,0,0,
39239844,현대,더 뉴 아반떼 (CN7),2.0 N,,202404.0,2024,3120.0,1481.0,가솔린,오토,ORIGINAL,일반,2025-03-20 14:07:20.000 +09,경기,유일상사,253소1058,0,0,2,0.0,0.0,0,0,
39239849,현대,더 뉴 아반떼 (CN7),2.0 N,,202404.0,2024,3150.0,1577.0,가솔린,오토,ORIGINAL,일반,2025-03-20 14:07:20.000 +09,경기,유일상사,253소1056,0,0,2,0.0,0.0,0,0,
39255824,현대,더 뉴 아반떼 (CN7),2.0 N,,202404.0,2024,3290.0,3300.0,가솔린,오토,ORIGINAL,일반,2025-03-20 14:07:20.000 +09,경기,유일상사,215소9826,0,0,0,0.0,0.0,0,0,
39141492,현대,더 뉴 아반떼 (CN7),2.0 N,,202404.0,2024,3120.0,1725.0,가솔린,오토,ORIGINAL,일반,2025-03-20 14:07:20.000 +09,경기,유일상사,253소1053,0,0,0,0.0,0.0,0,0,
39090562,현대,아반떼 AD,1.6 GDI 모던,스페셜,201511.0,2016,990.0,66968.0,가솔린,오토,ORIGINAL,일반,2025-03-20 14:07:20.000 +09,경기,유일상사,53라0718,3,0,2,368.785,0.0,0,0,
38686526,현대,더 뉴 아반떼,1.6 GDi 스마트,기본형,201506.0,2016,662.0,88464.0,가솔린,오토,ORIGINAL,일반,2025-03-20 14:07:13.000 +09,경기,백제모터스,13머9577,2,1,1,316.6729,41.384,0,0,
39002031,현대,더 뉴 아반떼,1.6 VGT 모던,기본형,201505.0,2015,573.0,145547.0,디젤,오토,ORIGINAL,일반,2025-03-20 14:07:13.000 +09,충북,엑스포자동차매매단지,11우9388,7,0,4,517.7453,0.0,0,0,
38958378,현대,더 뉴 아반떼 (CN7),1.6,인스퍼레이션,202312.0,2024,1650.0,54728.0,가솔린,오토,ORIGINAL,일반,2025-03-20 14:07:13.000 +09,인천,오토플러스(주)중앙특판지점,284나6199,3,3,2,177.3849,237.68,1,0,
39263907,현대,아반떼 하이브리드 (CN7),인스퍼레이션,,202303.0,2023,2520.0,22489.0,가솔린+전기,오토,ORIGINAL,일반,2025-03-20 14:07:13.000 +09,충남,진명자동차,193조7786,2,0,0,81.009,0.0,0,0,
38475717,현대,아반떼 AD,1.6 GDI 스마트,(세부등급 없음),201610.0,2017,650.0,166975.0,가솔린,오토,ORIGINAL,일반,2025-03-20 14:07:03.000 +09,부산,부산중고차(주),170너2892,2,2,7,39.964,546.2449,1,0,
38625148,현대,더 뉴 아반떼,1.6 VGT 모던,기본형,201405.0,2014,520.0,128098.0,디젤,오토,ORIGINAL,일반,2025-03-20 14:07:03.000 +09,경기,(주) 카체인지,35두9019,0,0,4,0.0,0.0,0,0,
38734367,현대,더 뉴 아반떼 (CN7),1.6,인스퍼레이션,202401.0,2024,2570.0,10187.0,가솔린,오토,ORIGINAL,일반,2025-03-20 14:07:03.000 +09,서울,(주)프리오토,226가8206,0,0,0,0.0,0.0,0,0,
39245213,현대,아반떼 (CN7),1.6,스마트,202106.0,2021,1580.0,34301.0,가솔린,오토,ORIGINAL,일반,2025-03-20 14:07:03.000 +09,서울,하이마이카부사장,127무6478,0,0,1,0.0,0.0,1,0,
39238804,현대,아반떼 (CN7),1.6,모던,202109.0,2021,1339.0,86160.0,가솔린,오토,ORIGINAL,일반,2025-03-20 14:07:03.000 +09,경북,제일상사,125루7501,1,0,1,35.8869,0.0,1,0,
38283848,현대,아반떼 (CN7),1.6,모던,202205.0,2023,1378.0,18000.0,가솔린,오토,ORIGINAL,렌트,2025-03-20 14:07:02.000 +09,인천,,172호1190,0,0,0,0.0,0.0,0,0,
38213174,현대,더 뉴 아반떼,1.6 VGT 스마트,기본형,201312.0,2014,460.0,171766.0,디젤,오토,ORIGINAL,일반,2025-03-20 14:07:02.000 +09,경기,세븐모터스,03버2413,4,3,5,287.3975,521.945,1,0,
38275672,현대,아반떼 AD,1.6 GDI 밸류 플러스,,201711.0,2018,790.0,46689.0,가솔린,오토,ORIGINAL,일반,2025-03-20 14:07:02.000 +09,경기,오토플랜,54다6188,3,0,2,372.8977,0.0,0,0,
37965559,현대,아반떼 MD,M16 GDI 모던,,201212.0,2013,540.0,139595.0,가솔린,오토,ORIGINAL,일반,2025-03-20 14:07:02.000 +09,부산,신아오토모빌,57로3639,2,2,3,103.739,114.455,0,0,
37781869,현대,아반떼 (CN7),2.0 N,,202109.0,2022,2459.0,29307.0,가솔린,수동,ORIGINAL,일반,2025-03-20 14:07:02.000 +09,부산,윤프로모터스,219서9941,0,0,6,0.0,0.0,1,0,
37601686,현대,아반떼 XD,1.5 DOHC 디럭스,기본형,200106.0,2001,490.0,88338.0,가솔린,수동,ORIGINAL,일반,2025-03-20 14:07:02.000 +09,경기,무결점 카모터스,47모0851,2,1,3,307.469,62.204,1,0,
38214623,현대,아반떼 MD,M16 GDI 럭셔리,,201101.0,2011,400.0,91849.0,가솔린,오토,ORIGINAL,일반,2025-03-20 14:07:02.000 +09,경기,스카이모터스,42오5497,3,3,2,202.838,127.532,0,0,
38409124,현대,아반떼 AD,1.6 GDI 밸류 플러스,,201804.0,2018,833.0,66070.0,가솔린,오토,ORIGINAL,일반,2025-03-20 14:07:02.000 +09,경남,아라모터스,31러5258,1,0,1,311.349,0.0,0,0,
39047903,현대,더 뉴 아반떼 AD,1.6,스타일,201810.0,2019,1150.0,80663.0,가솔린,오토,ORIGINAL,일반,2025-03-20 14:07:02.000 +09,인천,주식회사 시우자동차2,295저6042,1,4,2,56.4714,391.6293,1,0,
38713963,현대,더 뉴 아반떼 (CN7),1.6,모던,202410.0,2025,1635.0,710.0,가솔린,오토,ORIGINAL,렌트,2025-03-20 14:07:02.000 +09,경기,블루오토,224호8962,0,0,0,0.0,0.0,0,0,
38685565,현대,아반떼 AD,1.6 GDI 스마트,(세부등급 없음),201509.0,2016,730.0,79599.0,가솔린,오토,ORIGINAL,일반,2025-03-20 14:07:02.000 +09,경기,에스제이자동차매매상,27러2761,3,2,3,224.203,152.728,1,0,
38475978,현대,아반떼 MD,M16 GDI 프리미어,,201110.0,2012,750.0,113607.0,가솔린,오토,ORIGINAL,일반,2025-03-20 14:07:02.000 +09,대구,성원모터스,156저9473,4,4,2,131.313,244.5409,1,0,
38644542,현대,아반떼 AD,1.6 GDI 모던,스페셜,201608.0,2017,850.0,150246.0,가솔린,오토,ORIGINAL,일반,2025-03-20 14:07:02.000 +09,경기,오토돔 세종모터스,03머0268,1,2,5,42.7868,115.4573,0,0,
38976429,현대,아반떼 AD,1.6 GDI 스마트,(세부등급 없음),201512.0,2016,640.0,145122.0,가솔린,오토,ORIGINAL,일반,2025-03-20 14:07:02.000 +09,인천,정우모터스(주),31구1863,3,0,3,522.2766,0.0,1,0,
38859246,현대,아반떼 MD,M16 GDI 탑,,201011.0,2011,445.0,104233.0,가솔린,오토,ORIGINAL,일반,2025-03-20 14:07:02.000 +09,대구,중고차갤러리,61보1680,2,0,1,505.1546,0.0,0,0,
38875873,현대,더 뉴 아반떼 (CN7),1.6,스마트,202304.0,2024,1850.0,13641.0,가솔린,오토,ORIGINAL,일반,2025-03-20 14:07:02.000 +09,인천,주식회사 써니카,248무5449,2,0,1,139.7068,0.0,1,0,
38853604,현대,아반떼 MD,M16 GDI 프리미어,,201105.0,2012,450.0,146262.0,가솔린,오토,ORIGINAL,일반,2025-03-20 14:07:02.000 +09,전북,스마일모터스,60보7832,4,2,5,414.8156,119.0793,0,0,
38943459,현대,더 뉴 아반떼,1.6 GDi 스마트,기본형,201309.0,2014,599.0,108406.0,가솔린,오토,ORIGINAL,일반,2025-03-20 14:07:02.000 +09,서울,인증차,49머7607,2,0,1,124.949,0.0,0,0,
38401183,현대,아반떼 MD,M16 GDI 프리미어,,201012.0,2011,390.0,175953.0,가솔린,오토,ORIGINAL,일반,2025-03-20 14:07:00.000 +09,대전,금성모터스,18두5447,2,0,3,126.2196,0.0,0,0,
39184320,현대,아반떼 HD,1.6 VVT S16,럭셔리,200901.0,2009,250.0,184166.0,가솔린,오토,ORIGINAL,일반,2025-03-20 14:07:00.000 +09,대전,금성모터스,37오5412,3,0,1,213.5649,0.0,0,0,
37968599,현대,아반떼 HD,1.6 VVT S16,럭셔리,201001.0,2010,290.0,132761.0,가솔린,오토,ORIGINAL,일반,2025-03-20 14:07:00.000 +09,대전,금성모터스,29두8689,3,2,1,220.27,403.735,0,0,
37593814,현대,아반떼 HD,1.6 VVT S16,럭셔리,201003.0,2010,300.0,155469.0,가솔린,오토,ORIGINAL,일반,2025-03-20 14:06:54.000 +09,경남,(주)제일모터스,56조8312,0,2,7,0.0,158.049,0,0,
37903458,현대,아반떼 AD,1.6 GDI 모던,스페셜,201606.0,2017,1000.0,80446.0,가솔린,오토,ORIGINAL,일반,2025-03-20 14:06:54.000 +09,경남,(주)제일모터스,51수0836,2,2,0,79.3028,253.5455,0,0,
38709534,현대,더 뉴 아반떼,1.6 GDi 모던,기본형,201502.0,2015,900.0,49248.0,가솔린,오토,ORIGINAL,일반,2025-03-20 14:06:54.000 +09,경남,(주)제일모터스,18조3610,0,1,3,0.0,60.1998,0,0,
38500960,현대,아반떼 MD,M16 GDI 프리미어,,201010.0,2011,379.0,100719.0,가솔린,오토,ORIGINAL,일반,2025-03-20 14:06:47.000 +09,서울,(주)윤카,22더7424,5,1,3,407.3503,37.76,0,0,
38911770,현대,아반떼 AD,1.6 GDI 스마트,(세부등급 없음),201607.0,2017,820.0,84357.0,가솔린,오토,ORIGINAL,일반,2025-03-20 14:06:42.000 +09,부산,(주)우진오토모빌,59노0478,4,0,3,240.9058,0.0,0,0,
39122242,현대,아반떼 (CN7),1.6,인스퍼레이션,202006.0,2021,1930.0,39204.0,가솔린,오토,ORIGINAL,일반,2025-03-20 14:06:32.000 +09,울산,국민자동차매매상사,126조1982,1,0,1,195.8,0.0,0,0,
39122252,현대,더 뉴 아반떼,1.6 GDi 스마트,기본형,201402.0,2014,660.0,100073.0,가솔린,오토,ORIGINAL,일반,2025-03-20 14:06:32.000 +09,울산,국민자동차매매상사,35모1482,3,3,4,516.8389,183.9593,1,0,
39008390,현대,아반떼 MD,M16 GDI 럭셔리,,201106.0,2012,370.0,180636.0,가솔린,오토,ORIGINAL,일반,2025-03-20 14:06:31.000 +09,울산,국민자동차매매상사,45도4451,3,6,1,463.3957,333.5759,0,0,
39180600,현대,아반떼 (CN7),1.6,인스퍼레이션,202012.0,2021,1950.0,40387.0,가솔린,오토,ORIGINAL,일반,2025-03-20 14:06:31.000 +09,울산,국민자동차매매상사,319라9344,1,0,1,65.0314,0.0,0,0,
39191915,현대,아반떼 MD,M16 GDI 스마트,,201302.0,2013,630.0,77573.0,가솔린,오토,ORIGINAL,일반,2025-03-20 14:06:31.000 +09,울산,국민자동차매매상사,42머9147,1,0,1,111.884,0.0,0,0,
39223530,현대,아반떼 AD,1.6 GDI 스마트,(세부등급 없음),201606.0,2017,1230.0,45570.0,가솔린,오토,ORIGINAL,일반,2025-03-20 14:06:14.000 +09,경기,믿음모터스,05구0849,1,3,1,73.7969,196.4687,0,0,
38976800,현대,아반떼 (CN7),1.6,인스퍼레이션,202209.0,2023,2050.0,47290.0,가솔린,오토,ORIGINAL,일반,2025-03-20 14:06:11.000 +09,대전,태양자동차(주),236라7066,0,0,1,0.0,0.0,1,0,
35066923,현대,아반떼 (CN7),1.6,모던,202012.0,2021,1540.0,21037.0,가솔린,오토,ORIGINAL,일반,2025-03-20 14:06:11.000 +09,경기,최강모터스,276서9863,1,1,1,242.15,68.714,0,0,
39128171,현대,아반떼 MD,M16 GDI 스마트,,201211.0,2013,520.0,118594.0,가솔린,오토,ORIGINAL,일반,2025-03-20 14:06:11.000 +09,대구,경북자동차상사,54고9816,1,1,1,42.5,120.6892,0,0,
38713074,현대,아반떼 AD,1.6 GDI 밸류 플러스,,201806.0,2018,980.0,103761.0,가솔린,오토,ORIGINAL,일반,2025-03-20 14:06:11.000 +09,인천,수모터스,258라4547,0,2,2,0.0,570.1521,1,0,
38053021,현대,더 뉴 아반떼,1.6 GDi 모던,기본형,201401.0,2014,540.0,140214.0,가솔린,오토,ORIGINAL,일반,2025-03-20 14:06:11.000 +09,대구,산모터스,14저5012,5,1,4,448.8989,78.56,0,0,
38434114,현대,더 뉴 아반떼 AD,1.6,스마트,201901.0,2019,1530.0,63842.0,가솔린,오토,ORIGINAL,일반,2025-03-20 14:06:11.000 +09,충남,헤이모터스,18로8359,1,1,0,350.6498,567.676,0,0,
39171915,현대,아반떼 MD,M16 GDI 럭셔리,,201106.0,2012,309.0,109065.0,가솔린,오토,ORIGINAL,일반,2025-03-20 14:06:11.000 +09,경기,애니원모터스,57부3634,8,3,1,526.5516,475.5666,0,0,
39196420,현대,아반떼 (CN7),1.6,모던,202106.0,2021,1780.0,48937.0,가솔린,오토,ORIGINAL,일반,2025-03-20 14:06:11.000 +09,경기,㈜오토핸즈,141호6718,0,0,0,0.0,0.0,0,0,
39120710,현대,아반떼 AD,1.6 GDI 밸류 플러스,,201708.0,2018,1089.0,55856.0,가솔린,오토,ORIGINAL,일반,2025-03-20 14:06:11.000 +09,경남,바로카매매상사,46너5404,0,0,3,0.0,0.0,0,0,
38037311,현대,아반떼 MD,M16 GDI 에비뉴,,201303.0,2013,550.0,73746.0,가솔린,오토,ORIGINAL,일반,2025-03-20 14:06:11.000 +09,경남,퍼펙트카,47가8318,6,5,3,646.3244,389.3199,0,0,
38484305,현대,더 뉴 아반떼,1.6 GDi 스타일,,201503.0,2015,4999.0,81791.0,가솔린,오토,ORIGINAL,일반,2025-03-20 14:06:10.000 +09,광주,오케이모터스,64버7418,2,2,3,106.3499,164.1591,0,0,
39223143,현대,아반떼 (CN7),1.6,스마트,202203.0,2022,1720.0,37574.0,가솔린,오토,ORIGINAL,일반,2025-03-20 14:06:09.000 +09,광주,(주)거성모터스,325거1594,1,0,0,42.269,0.0,0,0,
39253987,현대,아반떼 (CN7),1.6 LPi,스마트,202108.0,2021,1370.0,110164.0,LPG(일반인 구입),오토,ORIGINAL,일반,2025-03-20 14:06:09.000 +09,광주,(주)거성모터스,104두4723,1,2,1,63.148,237.802,0,0,
38699175,현대,아반떼 하이브리드 (CN7),모던,,202012.0,2021,1999.0,28398.0,가솔린+전기,오토,ORIGINAL,일반,2025-03-20 14:06:03.000 +09,경기,한국자동차매매상사,363가3222,1,1,2,63.2889,26.3795,1,0,
38816764,현대,아반떼 AD,1.6 GDI 밸류 플러스,,201807.0,2018,1249.0,29558.0,가솔린,오토,ORIGINAL,일반,2025-03-20 14:06:03.000 +09,경기,(주) GEON,05거2967,2,2,2,288.69,90.8879,0,0,
38661507,현대,더 뉴 아반떼,1.6 GDi 모던,기본형,201409.0,2015,799.0,65853.0,가솔린,오토,ORIGINAL,일반,2025-03-20 14:06:03.000 +09,경기,153모터스,58더1698,3,0,3,349.1254,0.0,0,0,
38426269,현대,아반떼 AD,1.6 GDI 밸류 플러스,,201808.0,2018,1190.0,53774.0,가솔린,오토,ORIGINAL,일반,2025-03-20 14:06:03.000 +09,경기,한국자동차매매상사,216라1385,1,2,1,249.502,378.0799,1,0,
38333709,현대,아반떼 AD,1.6 GDI 밸류 플러스,,201709.0,2018,749.0,170472.0,가솔린,오토,ORIGINAL,일반,2025-03-20 14:06:03.000 +09,경기,한국자동차매매상사,116누5274,2,1,5,342.1631,35.7588,1,0,
38379527,현대,더 뉴 아반떼 AD,1.6 LPi,스마트(렌터카용),201906.0,2020,1250.0,77362.0,LPG(일반인 구입),오토,ORIGINAL,일반,2025-03-20 14:06:03.000 +09,경기,한국자동차매매상사,162고5624,0,0,1,0.0,0.0,1,0,
37794291,현대,아반떼 (CN7),1.6,인스퍼레이션,202105.0,2021,1670.0,34250.0,가솔린,오토,ORIGINAL,일반,2025-03-20 14:06:03.000 +09,충남,뉴천안모터스,383너6803,1,0,3,0.0,0.0,0,0,
38786933,현대,아반떼 MD,M16 GDI 에비뉴,,201304.0,2014,799.0,35257.0,가솔린,오토,ORIGINAL,일반,2025-03-20 14:06:03.000 +09,경기,153모터스,14주2532,1,0,1,37.4199,0.0,0,0,
37626483,현대,아반떼 (CN7),1.6,모던,202005.0,2021,1550.0,84605.0,가솔린,오토,ORIGINAL,일반,2025-03-20 14:06:03.000 +09,경기,한국자동차매매상사,215가8261,0,0,1,0.0,0.0,1,0,
37868947,현대,아반떼 (CN7),1.6,모던,202109.0,2022,1580.0,52515.0,가솔린,오토,ORIGINAL,일반,2025-03-20 14:06:03.000 +09,경기,한국자동차매매상사,211더2464,2,2,2,181.4977,140.3077,1,0,
39194448,현대,더 뉴 아반떼,1.6 GDi 프리미엄,기본형,201312.0,2014,970.0,53942.0,가솔린,오토,ORIGINAL,일반,2025-03-20 14:06:03.000 +09,경기,153모터스,46우9649,0,0,2,0.0,0.0,0,0,
39260307,현대,아반떼 AD,1.6 GDI 스마트,스페셜,201511.0,2016,790.0,89093.0,가솔린,오토,ORIGINAL,일반,2025-03-20 14:06:03.000 +09,부산,수 모터스,25무0613,4,2,5,199.6613,309.9159,0,0,
39232187,현대,아반떼 MD,M16 GDI 럭셔리,,201106.0,2012,495.0,121361.0,가솔린,오토,ORIGINAL,일반,2025-03-20 14:06:03.000 +09,전북,행운모터스,41부2550,5,0,1,405.9127,0.0,0,0,
39108781,현대,아반떼 (CN7),1.6,인스퍼레이션,202110.0,2022,1919.0,49357.0,가솔린,오토,ORIGINAL,일반,2025-03-20 14:06:03.000 +09,경기,(주) GEON,184조9128,2,0,0,174.3859,0.0,0,0,
38746366,현대,더 뉴 아반떼 AD,1.6,스타일,201904.0,2019,1090.0,58563.0,가솔린,오토,ORIGINAL,일반,2025-03-20 14:06:02.000 +09,경기,현용모터스,56마3312,3,1,4,1272.1646,300.9184,0,0,
39260196,현대,아반떼 MD,M16 GDI 스마트,,201301.0,2013,560.0,71897.0,가솔린,오토,ORIGINAL,일반,2025-03-20 14:06:02.000 +09,부산,수 모터스,62구3343,0,3,3,0.0,126.2535,0,0,
38668612,현대,아반떼 (CN7),1.6,모던,202108.0,2021,1720.0,15561.0,가솔린,오토,ORIGINAL,일반,2025-03-20 14:06:02.000 +09,서울,비전 모터스,157거3369,1,1,0,130.8501,43.9398,0,0,
38597194,현대,아반떼 AD,1.6 GDI 스마트,(세부등급 없음),201604.0,2016,950.0,109460.0,가솔린,오토,ORIGINAL,일반,2025-03-20 14:06:02.000 +09,대구,성원모터스,116도3903,0,1,4,0.0,36.6408,1,0,
38566721,현대,아반떼 하이브리드 (CN7),모던,,202009.0,2021,1390.0,151198.0,가솔린+전기,오토,ORIGINAL,일반,2025-03-20 14:06:02.000 +09,대전,(주)하나모터스,374나9358,0,0,1,0.0,0.0,1,0,
38556100,현대,아반떼 (CN7),1.6,모던,202112.0,2022,1820.0,9525.0,가솔린,오토,ORIGINAL,일반,2025-03-20 14:06:02.000 +09,대전,(주)하나모터스,175루6639,0,2,2,0.0,266.2638,1,0,
37530444,현대,더 뉴 아반떼,1.6 GDi 스마트,기본형,201402.0,2014,550.0,144747.0,가솔린,오토,ORIGINAL,일반,2025-03-20 14:06:02.000 +09,대전,형채와자동차,14거8719,2,1,0,256.6192,70.6238,0,0,
38384080,현대,더 뉴 아반떼,1.6 GDi 프리미엄,기본형,201309.0,2014,650.0,89987.0,가솔린,오토,ORIGINAL,일반,2025-03-20 14:06:02.000 +09,부산,힘찬모터스,40모7746,4,2,3,568.8057,115.4948,0,0,
37683217,현대,아반떼 HD,1.6 VVT S16,럭셔리,200802.0,2008,250.0,144604.0,가솔린,오토,ORIGINAL,일반,2025-03-20 14:06:02.000 +09,울산,202호 윤모터스,53주6639,8,2,1,647.6597,179.176,0,0,
38262362,현대,아반떼 (CN7),2.0 N,,202204.0,2022,2740.0,10536.0,가솔린,오토,ORIGINAL,일반,2025-03-20 14:06:02.000 +09,경기,유일모터스,212가3480,1,0,3,155.23,0.0,0,0,
38641361,현대,더 뉴 아반떼,1.6 GDi 스마트,기본형,201407.0,2015,660.0,89922.0,가솔린,오토,ORIGINAL,일반,2025-03-20 14:06:02.000 +09,부산,스타모터스,22다1341,5,1,2,555.1416,82.5232,0,0,
39031368,현대,더 뉴 아반떼,1.6 GDi 스마트,기본형,201310.0,2014,420.0,104284.0,가솔린,오토,ORIGINAL,일반,2025-03-20 14:06:02.000 +09,경기,(주)뉴카카,69오7047,10,2,1,740.04,80.601,0,0,
39016050,현대,더 뉴 아반떼,1.6 GDi 스마트,기본형,201310.0,2014,380.0,137446.0,가솔린,오토,ORIGINAL,일반,2025-03-20 14:06:02.000 +09,대전,(주)중사모터스,43누6428,1,0,1,487.2668,0.0,0,0,
38846596,현대,아반떼 하이브리드 (CN7),모던,,202011.0,2021,1690.0,88157.0,가솔린+전기,오토,ORIGINAL,일반,2025-03-20 14:06:02.000 +09,경기,올뉴카,113소6752,0,1,3,0.0,62.2799,1,0,
38834450,현대,아반떼 (CN7),1.6,모던,202012.0,2021,1740.0,16591.0,가솔린,오토,ORIGINAL,일반,2025-03-20 14:06:02.000 +09,경기,에이원모터스,244부9208,0,2,1,0.0,125.04,1,0,
38820419,현대,아반떼 하이브리드 (CN7),모던,,202204.0,2023,1920.0,60217.0,가솔린+전기,오토,ORIGINAL,일반,2025-03-20 14:06:02.000 +09,서울,롯데렌탈주식회사,238어7309,0,0,0,0.0,0.0,1,0,
39105442,현대,아반떼 AD,1.6 터보 스포츠,(세부등급 없음),201607.0,2017,850.0,101863.0,가솔린,오토,ORIGINAL,일반,2025-03-20 14:06:02.000 +09,경기,카리브 모터스,21어0338,6,2,2,680.143,967.6972,0,0,
39193509,현대,더 뉴 아반떼 AD,1.6,스마트 초이스,201911.0,2020,1320.0,54928.0,가솔린,오토,ORIGINAL,일반,2025-03-20 14:06:02.000 +09,경기,해피카,163조2837,0,0,1,0.0,0.0,0,0,
39182858,현대,아반떼 MD,M16 GDI 모던,,201208.0,2013,490.0,136080.0,가솔린,오토,ORIGINAL,일반,2025-03-20 14:06:02.000 +09,대전,(주)마이카,30우9329,5,5,1,371.9786,975.0869,0,0,
39234478,현대,아반떼 AD,1.6 GDI 스마트,(세부등급 없음),201709.0,2018,950.0,57737.0,가솔린,오토,ORIGINAL,일반,2025-03-20 14:06:02.000 +09,광주,이음오토,07로2706,5,3,4,594.7083,603.0434,0,0,
39276869,현대,아반떼 AD,1.6 GDI 스마트,(세부등급 없음),201702.0,2017,970.0,111292.0,가솔린,오토,ORIGINAL,일반,2025-03-20 14:05:58.000 +09,경기,해피온카,54러4230,2,0,0,67.9668,0.0,0,0,
37991335,현대,더 뉴 아반떼 AD,1.6,프리미엄,201810.0,2019,1200.0,97022.0,가솔린,오토,ORIGINAL,일반,2025-03-20 14:05:53.000 +09,경기,유일오토,122소9060,3,0,3,433.609,0.0,1,0,
39069096,현대,아반떼 (CN7),1.6,인스퍼레이션,202006.0,2021,1600.0,120363.0,가솔린,오토,ORIGINAL,일반,2025-03-20 14:05:53.000 +09,경기,유일오토,275거8878,5,4,0,1215.8298,597.8141,0,0,
39233521,현대,아반떼 MD,M16 GDI 럭셔리,,201009.0,2011,399.0,92553.0,가솔린,오토,ORIGINAL,일반,2025-03-20 14:05:34.000 +09,대구,엠월드서대구중고차,56무1972,5,2,2,240.2715,75.458,0,0,
39258843,현대,더 뉴 아반떼 (CN7),1.6,모던,202305.0,2024,1990.0,49115.0,가솔린,오토,ORIGINAL,일반,2025-03-20 14:05:30.000 +09,부산,SK자동차매매상사,197오8723,0,0,1,0.0,0.0,1,0,
39219192,현대,아반떼 하이브리드 (CN7),모던,,202206.0,2023,2130.0,53870.0,가솔린+전기,오토,ORIGINAL,일반,2025-03-20 14:05:30.000 +09,부산,SK자동차매매상사,220소1731,0,0,1,0.0,0.0,1,0,
39193678,현대,더 뉴 아반떼,1.6 GDi 스마트,기본형,201401.0,2014,550.0,115525.0,가솔린,오토,ORIGINAL,일반,2025-03-20 14:05:26.000 +09,경남,울트라모터스,62라6072,2,0,3,138.775,0.0,0,0,
38608335,현대,아반떼 (CN7),1.6 터보 N Line,인스퍼레이션,202211.0,2023,2400.0,886.0,가솔린,오토,ORIGINAL,일반,2025-03-20 14:05:26.000 +09,경남,울트라모터스,145다6763,0,1,1,0.0,0.0,0,0,
38680689,현대,아반떼 MD,M16 GDI 럭셔리,,201012.0,2011,500.0,119142.0,가솔린,오토,ORIGINAL,일반,2025-03-20 14:05:21.000 +09,부산,(주)우진오토모빌,32오7942,2,1,5,121.5999,181.3684,0,0,
39099469,현대,더 뉴 아반떼 (CN7),1.6,모던,202306.0,2024,2250.0,3481.0,가솔린,오토,ORIGINAL,일반,2025-03-20 14:05:18.000 +09,대구,e모터스,106보9304,0,0,1,0.0,0.0,0,0,
38377098,현대,더 뉴 아반떼 (CN7),1.6,모던,202403.0,2024,2190.0,6524.0,가솔린,오토,ORIGINAL,일반,2025-03-20 14:05:18.000 +09,대구,e모터스,356루1761,0,0,1,0.0,0.0,0,0,
39099793,현대,아반떼 (CN7),1.6 LPi,인스퍼레이션,202302.0,2023,2170.0,30062.0,LPG(일반인 구입),오토,ORIGINAL,일반,2025-03-20 14:05:17.000 +09,광주,(주)거성모터스,232머3364,0,0,0,0.0,0.0,0,0,
39067048,현대,아반떼 AD,1.6 GDI 밸류 플러스,,201609.0,2017,920.0,103214.0,가솔린,오토,ORIGINAL,일반,2025-03-20 14:05:17.000 +09,경기,주식회사 나인모터스,36고3764,0,3,4,0.0,480.6527,0,0,
38494513,현대,더 뉴 아반떼 (CN7),1.6 LPi (장애인),모던,202403.0,2024,2170.0,8863.0,LPG(일반인 구입),오토,ORIGINAL,일반,2025-03-20 14:05:16.000 +09,광주,(주)거성모터스,132머5706,0,0,0,0.0,0.0,0,0,
38581575,현대,아반떼 하이브리드 (CN7),모던,,202102.0,2021,1789.0,82573.0,가솔린+전기,오토,ORIGINAL,일반,2025-03-20 14:05:15.000 +09,광주,(주)거성모터스,244조4337,1,0,1,28.5049,0.0,1,0,
39247794,현대,아반떼 AD,1.6 GDI 프리미엄,,201708.0,2018,990.0,133280.0,가솔린,오토,ORIGINAL,일반,2025-03-20 14:05:13.000 +09,대구,카컴퍼니,02구5582,3,1,1,277.0256,84.0893,0,0,
38974967,현대,아반떼 AD,1.6 GDI 밸류 플러스,,201610.0,2017,720.0,152259.0,가솔린,오토,ORIGINAL,일반,2025-03-20 14:05:13.000 +09,경기,코리아모터스,28마0301,4,3,1,230.5683,185.134,0,0,
39071032,현대,더 뉴 아반떼,1.6 GDi 모던,기본형,201505.0,2016,880.0,91710.0,가솔린,오토,ORIGINAL,일반,2025-03-20 14:05:13.000 +09,인천,원스탑모터스 주식회사,11두2952,0,0,2,0.0,0.0,0,0,
39001469,현대,아반떼 (CN7),1.6 터보 N Line,인스퍼레이션,202101.0,2021,1940.0,42084.0,가솔린,오토,ORIGINAL,일반,2025-03-20 14:05:13.000 +09,대구,청구모터스,107우9433,1,0,2,57.0235,0.0,1,0,
38684991,현대,아반떼 AD,1.6 GDI 밸류 플러스,,201808.0,2018,1030.0,62153.0,가솔린,오토,ORIGINAL,일반,2025-03-20 14:05:11.000 +09,전북,우진모터스,131러7783,2,0,4,253.6463,0.0,1,0,
38523692,현대,아반떼 AD,1.6 GDI 밸류 플러스,,201612.0,2017,1130.0,52832.0,가솔린,오토,ORIGINAL,일반,2025-03-20 14:05:11.000 +09,부산,신박한모터스,18오1212,2,2,1,97.069,115.2603,0,0,
39200717,현대,아반떼 AD,1.6 터보 스포츠,익스트림 셀렉션,201706.0,2018,3333.0,47711.0,가솔린,오토,ORIGINAL,일반,2025-03-20 14:05:04.000 +09,서울,(주)산다모터스,39너7225,1,0,2,45.2614,0.0,0,0,
37630961,현대,아반떼 AD,1.6 GDI 모던,(세부등급 없음),201602.0,2016,880.0,124227.0,가솔린,오토,ORIGINAL,일반,2025-03-20 14:05:04.000 +09,대구,영남자동차상사,62우2564,4,3,6,192.581,156.6928,0,0,
38474804,현대,아반떼 AD,1.6 GDI 밸류 플러스,,201801.0,2018,1110.0,63034.0,가솔린,오토,ORIGINAL,일반,2025-03-20 14:05:04.000 +09,경기,뉴코리아모터스,06러9306,2,2,1,193.866,120.5394,0,0,
38598268,현대,아반떼 (CN7),1.6,스마트,202104.0,2021,1199.0,75020.0,가솔린,오토,ORIGINAL,일반,2025-03-20 14:05:04.000 +09,경기,카오션,234저5459,2,3,1,444.9968,431.813,1,0,
39037991,현대,아반떼 AD,1.6 GDI 밸류 플러스,,201612.0,2017,1029.0,74638.0,가솔린,오토,ORIGINAL,일반,2025-03-20 14:05:04.000 +09,경기,넘버원모터스,18오1471,0,2,0,0.0,190.6771,0,0,
38910326,현대,더 뉴 아반떼 (CN7),1.6,인스퍼레이션,202304.0,2024,2150.0,26065.0,가솔린,오토,ORIGINAL,일반,2025-03-20 14:05:04.000 +09,경기,코리아모터스,139서2702,1,0,0,480.51,0.0,0,0,
37747697,현대,아반떼 MD,M16 GDI 프리미어,,201201.0,2012,510.0,106854.0,가솔린,오토,ORIGINAL,일반,2025-03-20 14:05:03.000 +09,경기,오토허브,51우3108,3,1,3,141.1268,27.015,0,0,
39231913,현대,더 뉴 아반떼 하이브리드 (CN7),모던,,202305.0,2024,2150.0,43308.0,가솔린+전기,오토,ORIGINAL,일반,2025-03-20 14:05:03.000 +09,경기,(주)왕카,269우2252,2,0,1,91.5199,0.0,1,0,
39194775,현대,더 뉴 아반떼 (CN7),1.6,모던,202407.0,2024,2130.0,1101.0,가솔린,오토,ORIGINAL,일반,2025-03-20 14:05:03.000 +09,광주,(주)오토플러스,317루2515,0,0,1,0.0,0.0,1,0,
39173777,현대,아반떼 AD,1.6 GDI 스마트,(세부등급 없음),201601.0,2016,750.0,122399.0,가솔린,오토,ORIGINAL,일반,2025-03-20 14:05:03.000 +09,전북,우리,02노0582,1,0,3,141.514,0.0,0,0,
39051572,현대,아반떼 (CN7),1.6,모던,202201.0,2022,1449.0,128541.0,가솔린,오토,ORIGINAL,일반,2025-03-20 14:05:03.000 +09,부산,퍼스트모터스,321버2017,1,0,1,268.6164,0.0,1,0,
39065175,현대,아반떼 (CN7),1.6,모던,202201.0,2022,1549.0,34348.0,가솔린,오토,ORIGINAL,일반,2025-03-20 14:05:03.000 +09,대구,신우모터스,175어9701,0,2,1,0.0,85.9439,1,0,
39016115,현대,더 뉴 아반떼 AD,1.6,스마트 초이스,201910.0,2020,1490.0,42846.0,가솔린,오토,ORIGINAL,일반,2025-03-20 14:05:03.000 +09,경기,마니카,369어3025,0,0,0,0.0,0.0,0,0,
38996498,현대,아반떼 AD,1.6 GDI 밸류 플러스,,201803.0,2018,980.0,90298.0,가솔린,오토,ORIGINAL,일반,2025-03-20 14:05:03.000 +09,인천,수모터스,358무6214,5,0,2,703.4971,0.0,1,0,
38972232,현대,아반떼 AD,1.6 GDI 모던,(세부등급 없음),201510.0,2016,779.0,127001.0,가솔린,오토,ORIGINAL,일반,2025-03-20 14:05:03.000 +09,경기,우송모터스,45주8974,4,1,0,252.4488,225.236,0,0,
39122981,현대,더 뉴 아반떼 AD,1.6,스타일,201812.0,2019,1050.0,112410.0,가솔린,오토,ORIGINAL,일반,2025-03-20 14:05:03.000 +09,경기,(주)뉴카카,169주1016,2,1,2,193.2015,251.8462,1,0,
39113724,현대,아반떼 MD,M16 GDI 스마트,,201211.0,2013,460.0,136471.0,가솔린,오토,ORIGINAL,일반,2025-03-20 14:05:03.000 +09,경기,마니카,20로9272,4,5,8,457.1358,484.9172,0,0,
39262868,현대,아반떼 (CN7),1.6,인스퍼레이션,202101.0,2021,2040.0,36513.0,가솔린,오토,ORIGINAL,일반,2025-03-20 14:05:03.000 +09,대구,JS2 모터스,297더8800,2,0,0,262.507,0.0,0,0,
39256561,현대,아반떼 (CN7),1.6,스마트,202202.0,2022,1100.0,121699.0,가솔린,오토,ORIGINAL,일반,2025-03-20 14:05:03.000 +09,대전,신카,212고8181,4,1,1,737.6437,54.4229,1,0,
39263794,현대,아반떼 (CN7),1.6,모던,202102.0,2021,1900.0,36884.0,가솔린,오토,ORIGINAL,일반,2025-03-20 14:05:03.000 +09,경기,오토플러스(주),389누6622,0,0,0,0.0,0.0,0,0,
39111320,현대,아반떼 AD,1.6 GDI 스마트,(세부등급 없음),201512.0,2016,899.0,89977.0,가솔린,오토,ORIGINAL,일반,2025-03-20 14:05:03.000 +09,충남,왓더카,13너0986,2,0,2,363.4413,0.0,0,0,
39073740,현대,더 뉴 아반떼 (CN7),1.6,모던,202305.0,2024,2080.0,36132.0,가솔린,오토,ORIGINAL,일반,2025-03-20 14:04:59.000 +09,광주,(주)한라자동차,239무2964,1,3,1,32.6089,128.9838,1,0,
39270131,현대,아반떼 AD,1.6 터보 스포츠,익스트림 셀렉션,201802.0,2018,1260.0,132973.0,가솔린,오토,ORIGINAL,일반,2025-03-20 14:04:57.000 +09,경기,(주)더킹모터스,15주2104,2,0,3,101.5797,0.0,0,0,
39093811,현대,더 뉴 아반떼 하이브리드 (CN7),모던,,202305.0,2024,2655.0,47365.0,가솔린+전기,오토,ORIGINAL,일반,2025-03-20 14:04:54.000 +09,광주,골드모터스,359수9619,0,1,2,0.0,12.0,1,0,
38527185,현대,더 뉴 아반떼 AD,1.6,스타일,201810.0,2018,1270.0,53255.0,가솔린,오토,ORIGINAL,일반,2025-03-20 14:04:51.000 +09,경남,준 모터스,220도9776,2,0,2,157.349,0.0,1,0,
39224125,현대,아반떼 AD,1.6 GDI 밸류 플러스,,201706.0,2018,1220.0,69829.0,가솔린,오토,ORIGINAL,일반,2025-03-20 14:04:50.000 +09,대구,명카 모터스,47구9106,1,1,3,46.2908,52.395,0,0,
38359611,현대,아반떼 AD,1.6 GDI 스마트,(세부등급 없음),201709.0,2018,870.0,116920.0,가솔린,오토,ORIGINAL,일반,2025-03-20 14:04:49.000 +09,대구,금강산자동차상사,154수4154,1,1,4,58.182,106.0578,1,0,
36206795,현대,더 뉴 아반떼 AD,1.6 LPi,스마트(렌터카용),202004.0,2020,1190.0,66210.0,LPG(일반인 구입),오토,ORIGINAL,일반,2025-03-20 14:04:46.000 +09,울산,더블유오토222호,196두4899,1,0,2,121.9948,0.0,1,0,
39271025,현대,아반떼 MD,M16 GDI 탑,,201203.0,2012,630.0,126895.0,가솔린,오토,ORIGINAL,일반,2025-03-20 14:04:19.000 +09,대전,신카 모터스,45마8694,2,1,2,291.3556,214.619,0,0,
39154932,현대,아반떼 (CN7),1.6,인스퍼레이션,202302.0,2023,2200.0,28673.0,가솔린,오토,ORIGINAL,일반,2025-03-20 14:04:11.000 +09,경기,도담자동차,109로3599,0,1,0,0.0,72.1638,0,0,
38535092,현대,아반떼 MD,M16 GDI 럭셔리,,201101.0,2011,450.0,135223.0,가솔린,오토,ORIGINAL,일반,2025-03-20 14:04:11.000 +09,대구,우진종합자동차상사,49노5433,1,0,3,48.486,0.0,0,0,
38425838,현대,아반떼 AD,1.6 e-VGT 스마트,(세부등급 없음),201512.0,2015,770.0,95339.0,디젤,오토,ORIGINAL,일반,2025-03-20 14:04:11.000 +09,경기,중고차마트,29주0662,2,1,3,353.946,117.31,0,0,
38851798,현대,더 뉴 아반떼,1.6 VGT 스마트,기본형,201401.0,2014,700.0,81545.0,디젤,오토,ORIGINAL,일반,2025-03-20 14:04:11.000 +09,전남,선진모터스,20모2967,5,3,1,718.8375,332.0353,0,0,
39081436,현대,아반떼 (CN7),1.6,인스퍼레이션,202009.0,2021,1720.0,78591.0,가솔린,오토,ORIGINAL,일반,2025-03-20 14:04:11.000 +09,부산,오토플러스(주),170러3699,2,1,1,271.9707,145.0,0,0,
38694719,현대,아반떼 AD,1.6 LPI 스마트(렌터카),,201607.0,2017,950.0,100046.0,LPG(일반인 구입),오토,ORIGINAL,일반,2025-03-20 14:04:11.000 +09,경기,선진모터스,09더0562,3,2,2,244.4636,185.3137,0,0,
38651404,현대,더 뉴 아반떼 (CN7),1.6,모던,202411.0,2025,2399.0,31.0,가솔린,오토,ORIGINAL,일반,2025-03-20 14:04:02.000 +09,경기,베스트자동차,345구1375,0,0,0,0.0,0.0,0,0,
38086057,현대,아반떼 MD,M16 GDI 스마트,,201211.0,2013,300.0,164963.0,가솔린,오토,ORIGINAL,일반,2025-03-20 14:04:02.000 +09,경기,찐모터스,22무2990,4,3,4,549.0453,456.5758,0,0,
37545624,현대,아반떼 (CN7),1.6,스마트,202005.0,2021,1259.0,75165.0,가솔린,오토,ORIGINAL,일반,2025-03-20 14:04:02.000 +09,경기,카오션,152구9624,2,4,2,412.314,754.8097,1,0,
38395436,현대,아반떼 AD,1.6 GDI 스타일,,201605.0,2016,730.0,113184.0,가솔린,오토,ORIGINAL,일반,2025-03-20 14:04:02.000 +09,인천,착한중고차,43라0704,2,0,3,183.0093,0.0,0,0,
38159310,현대,아반떼 AD,1.6 LPI 스타일(렌터카),,201701.0,2017,660.0,178372.0,LPG(일반인 구입),오토,ORIGINAL,일반,2025-03-20 14:04:02.000 +09,경기,인정모터스,241로7506,1,6,4,129.751,477.4553,1,0,
38052630,현대,아반떼 MD,M16 GDI 프리미엄,,201209.0,2013,550.0,94987.0,가솔린,오토,ORIGINAL,일반,2025-03-20 14:04:02.000 +09,충북,대신모터스,37너3005,3,4,5,239.1153,251.7137,0,0,
37968044,현대,아반떼 AD,1.6 GDI 스마트,(세부등급 없음),201611.0,2017,880.0,113200.0,가솔린,오토,ORIGINAL,일반,2025-03-20 14:04:02.000 +09,충북,대원모터스,340고3086,0,0,3,0.0,0.0,1,0,
38569540,현대,아반떼 MD,M16 GDI 디럭스,,201103.0,2011,420.0,112949.0,가솔린,오토,ORIGINAL,일반,2025-03-20 14:04:02.000 +09,서울,(주)프라임 모터스,41보5298,3,3,7,136.3856,108.2268,1,0,
38249369,현대,아반떼 MD,M16 GDI 럭셔리,,201106.0,2011,350.0,195898.0,가솔린,오토,ORIGINAL,일반,2025-03-20 14:04:02.000 +09,서울,(주)케이비국민차,23다7271,1,1,3,37.4715,90.145,0,0,
38213896,현대,아반떼 MD,M16 GDI 프리미어,,201011.0,2011,550.0,141337.0,가솔린,오토,ORIGINAL,일반,2025-03-20 14:04:02.000 +09,광주,가람모터스,67조9456,4,1,7,339.0729,27.85,0,0,
38957632,현대,더 뉴 아반떼,1.6 GDi 스마트,기본형,201312.0,2014,670.0,101026.0,가솔린,오토,ORIGINAL,일반,2025-03-20 14:04:02.000 +09,서울,영 모터스,135모8152,1,1,3,87.592,42.91,1,0,
38776835,현대,아반떼 (CN7),1.6,모던,202007.0,2021,1199.0,125607.0,가솔린,오토,ORIGINAL,일반,2025-03-20 14:04:02.000 +09,대구,당근모터스,139구7946,1,3,1,75.9686,919.95,1,0,
38929046,현대,더 뉴 아반떼 (CN7),1.6,인스퍼레이션 N Line,202407.0,2024,2590.0,12985.0,가솔린,오토,ORIGINAL,일반,2025-03-20 14:04:02.000 +09,부산,오토플러스(주),197저3740,0,0,0,0.0,0.0,0,0,
39178242,현대,아반떼 MD,M16 GDI 럭셔리,,201112.0,2012,630.0,15099.0,가솔린,오토,ORIGINAL,일반,2025-03-20 14:04:02.000 +09,서울,주)153모터스,34저5227,2,1,1,142.7498,55.6169,0,0,
39167821,현대,더 뉴 아반떼 AD,1.6,스마트 초이스,202003.0,2020,1100.0,64565.0,가솔린,오토,ORIGINAL,일반,2025-03-20 14:04:02.000 +09,인천,뉴AK모터스,134두6373,1,0,1,631.4731,0.0,0,0,
39168126,현대,아반떼 하이브리드 (CN7),모던,,202009.0,2021,9999.0,149957.0,가솔린+전기,오토,ORIGINAL,일반,2025-03-20 14:04:02.000 +09,경기,스마일자동차,264버1250,0,0,3,0.0,0.0,1,0,
38830799,현대,아반떼 (CN7),1.6,모던,202104.0,2021,1299.0,107701.0,가솔린,오토,ORIGINAL,일반,2025-03-20 14:04:02.000 +09,대구,자동차명가,309오3779,1,1,1,98.5845,75.9628,1,0,
39111409,현대,아반떼 (CN7),1.6,모던,202011.0,2021,1619.0,41338.0,가솔린,오토,ORIGINAL,일반,2025-03-20 14:04:02.000 +09,충남,왓더카,278가6558,1,1,1,367.661,375.24,0,0,
39041662,현대,아반떼 HD,1.6 VVT E16,디럭스,200906.0,2009,330.0,114169.0,가솔린,오토,ORIGINAL,일반,2025-03-20 14:04:02.000 +09,서울,오톰,58두9053,0,0,5,0.0,0.0,0,0,
39238178,현대,아반떼 (CN7),1.6,모던,202108.0,2021,1649.0,57281.0,가솔린,오토,ORIGINAL,일반,2025-03-20 14:04:02.000 +09,충남,건희모터스,181모5751,1,0,1,167.205,0.0,1,0,
39264612,현대,아반떼 AD,1.6 GDI 밸류 플러스,,201711.0,2018,1170.0,29023.0,가솔린,오토,ORIGINAL,일반,2025-03-20 14:04:02.000 +09,경남,승리모터스(주식),53가7273,3,2,1,335.6385,246.9777,0,0,
39243929,현대,아반떼 MD,M16 GDI 탑,,201108.0,2012,585.0,110000.0,가솔린,오토,ORIGINAL,일반,2025-03-20 14:04:02.000 +09,충남,헤이모터스,28누3455,3,1,4,238.829,20.0,0,0,
39165299,현대,아반떼 MD,M16 GDI 모던,,201212.0,2013,420.0,160180.0,가솔린,오토,ORIGINAL,일반,2025-03-20 14:04:00.000 +09,대구,동영자동차상사,15구8982,2,1,3,191.03,130.4,0,0,
38861073,현대,아반떼 (CN7),1.6,모던,202011.0,2021,1590.0,84966.0,가솔린,오토,ORIGINAL,일반,2025-03-20 14:03:55.000 +09,서울,제로제로세븐모터스,215모3251,1,0,2,128.8514,0.0,1,0,
38208446,현대,아반떼 MD,M16 GDI 스마트,,201212.0,2013,450.0,161734.0,가솔린,오토,ORIGINAL,일반,2025-03-20 14:03:55.000 +09,전북,카카오토샵,186누8398,0,0,1,0.0,0.0,1,0,
39244284,현대,아반떼 AD,1.6 GDI 스마트,스페셜,201611.0,2017,1180.0,58549.0,가솔린,오토,ORIGINAL,일반,2025-03-20 14:03:54.000 +09,충북,나이스모터스,43우0260,0,0,1,0.0,0.0,0,0,
37854239,현대,아반떼 AD,1.6 GDI 스마트,(세부등급 없음),201608.0,2017,850.0,137779.0,가솔린,오토,ORIGINAL,일반,2025-03-20 14:03:54.000 +09,충북,나이스모터스,396부9146,1,3,7,65.549,438.7897,1,0,
39193632,현대,아반떼 AD,1.6 GDI 스마트,(세부등급 없음),201805.0,2018,1150.0,54989.0,가솔린,오토,ORIGINAL,일반,2025-03-20 14:03:52.000 +09,경기,(주)다온모터스,370라6947,0,0,3,0.0,0.0,1,0,
38711975,현대,아반떼 (CN7),1.6 LPi (렌터카),스타일,202011.0,2021,1439.0,62419.0,LPG(일반인 구입),오토,ORIGINAL,일반,2025-03-20 14:03:47.000 +09,대구,EUROMOTORS,182가7592,0,0,1,0.0,0.0,1,0,
38205947,현대,아반떼 AD,1.6 GDI 스마트,(세부등급 없음),201611.0,2016,1170.0,63330.0,가솔린,오토,ORIGINAL,일반,2025-03-20 14:03:43.000 +09,경남,M모터스프라자 준모터스,33노0368,2,0,8,97.6888,0.0,0,0,
38909458,현대,아반떼 (CN7),1.6,모던,202108.0,2021,1750.0,87938.0,가솔린,오토,ORIGINAL,일반,2025-03-20 14:03:37.000 +09,대전,드림디오토,120거8215,0,0,1,0.0,0.0,1,0,0.0
39100686,현대,더 뉴 아반떼 AD,1.6,스마트,201812.0,2019,1190.0,91279.0,가솔린,오토,ORIGINAL,일반,2025-03-20 14:03:32.000 +09,대구,하늘모터스,03호4504,0,0,1,0.0,0.0,1,0,
39244769,현대,더 뉴 아반떼 (CN7),1.6,모던,202307.0,2024,2220.0,3948.0,가솔린,오토,ORIGINAL,일반,2025-03-20 14:03:25.000 +09,광주,(주)진흥자동차,362머8087,0,0,1,0.0,0.0,1,0,
38936528,현대,더 뉴 아반떼,1.6 GDi 스마트,기본형,201407.0,2015,695.0,67767.0,가솔린,오토,ORIGINAL,일반,2025-03-20 14:03:16.000 +09,대구,빛나는 자동차,38누1522,3,1,2,400.0436,31.918,0,0,
39034345,현대,아반떼 (CN7),1.6,인스퍼레이션,202211.0,2023,2240.0,16713.0,가솔린,오토,ORIGINAL,일반,2025-03-20 14:03:13.000 +09,서울,(주)자동차친구,197부2038,0,0,0,0.0,0.0,0,0,
38742154,현대,아반떼 HD,1.6 VVT S16,럭셔리,201003.0,2010,320.0,103729.0,가솔린,오토,ORIGINAL,일반,2025-03-20 14:03:13.000 +09,인천,(주)홍차,13로4294,4,1,5,326.1682,43.899,0,0,
38285613,현대,더 뉴 아반떼,1.6 VGT 모던,기본형,201405.0,2014,620.0,101687.0,디젤,오토,ORIGINAL,일반,2025-03-20 14:03:13.000 +09,경남,승리모터스(주),40모5716,2,3,6,363.978,427.856,0,0,
38360488,현대,더 뉴 아반떼 AD,1.6,스마트 초이스,201907.0,2020,1280.0,74900.0,가솔린,오토,ORIGINAL,일반,2025-03-20 14:03:13.000 +09,대전,하나모터스,125구3012,1,0,1,256.354,0.0,1,0,
38971534,현대,아반떼 (CN7),1.6,인스퍼레이션,202008.0,2021,1699.0,8652.0,가솔린,오토,ORIGINAL,일반,2025-03-20 14:03:13.000 +09,인천,(주)제이파크,260머9642,4,3,1,450.687,341.9237,0,0,
37648782,현대,아반떼 MD,M16 GDI 럭셔리,,201103.0,2011,360.0,180677.0,가솔린,오토,ORIGINAL,일반,2025-03-20 14:03:13.000 +09,대전,주식회사 중사모터스,57더9576,4,2,0,320.863,179.448,0,0,
37916141,현대,아반떼 AD,1.6 GDI 밸류 플러스,,201702.0,2017,1099.0,88123.0,가솔린,오토,ORIGINAL,일반,2025-03-20 14:03:13.000 +09,부산,카프로,12나8900,3,2,4,215.2604,62.7179,0,0,
37627204,현대,아반떼 (CN7),1.6,모던,202007.0,2021,1550.0,75885.0,가솔린,오토,ORIGINAL,일반,2025-03-20 14:03:13.000 +09,경기,엠케이모터스,183거4155,1,2,1,120.578,148.9476,1,0,
39204332,현대,아반떼 MD,M16 GDI 프리미어,,201105.0,2012,450.0,167090.0,가솔린,오토,ORIGINAL,일반,2025-03-20 14:03:05.000 +09,부산,YB모터스,59루7349,0,1,3,0.0,96.0725,0,0,
39235846,현대,더 뉴 아반떼 AD,1.6,스마트,201903.0,2019,1189.0,94429.0,가솔린,오토,ORIGINAL,일반,2025-03-20 14:03:05.000 +09,대구,지현모터스,19거7931,1,1,1,124.2639,0.0,0,0,
39069357,현대,더 뉴 아반떼 (CN7),1.6,모던,202305.0,2024,2150.0,14144.0,가솔린,오토,ORIGINAL,일반,2025-03-20 14:03:05.000 +09,경기,로또모터스,342버9335,5,1,0,665.6085,147.5074,0,0,
39238192,현대,더 뉴 아반떼 (CN7),2.0 N,,202411.0,2024,3250.0,5164.0,가솔린,수동,ORIGINAL,일반,2025-03-20 14:03:05.000 +09,경기,카마존,143러2738,0,0,0,0.0,0.0,0,0,
39140124,현대,아반떼 (CN7),2.0 N,,202203.0,2022,2490.0,88646.0,가솔린,오토,ORIGINAL,일반,2025-03-20 14:03:04.000 +09,대구,M월드 찰떡모터스,275노9941,1,0,2,69.169,0.0,1,0,
39127060,현대,더 뉴 아반떼 AD,1.6,스타일,201905.0,2019,1430.0,64231.0,가솔린,오토,ORIGINAL,일반,2025-03-20 14:03:04.000 +09,인천,탁월한 선택,261나2001,2,0,1,115.0942,0.0,1,0,
39109616,현대,더 뉴 아반떼 (CN7),1.6,인스퍼레이션 N Line,202407.0,2024,2520.0,16872.0,가솔린,오토,ORIGINAL,일반,2025-03-20 14:03:04.000 +09,경기,오토플러스(주),334다9775,1,0,2,0.0,0.0,0,0,
39113353,현대,더 뉴 아반떼,1.6 GDi 스타일,,201405.0,2014,510.0,141910.0,가솔린,오토,ORIGINAL,일반,2025-03-20 14:03:04.000 +09,경기,이든자동차,42버6451,1,2,1,215.2282,202.4919,0,0,
39158609,현대,아반떼 (CN7),1.6,모던,202204.0,2023,1890.0,44596.0,가솔린,오토,ORIGINAL,일반,2025-03-20 14:03:04.000 +09,서울,(주)제이카모터스,173노8409,0,0,0,0.0,0.0,0,0,
39269368,현대,아반떼 AD,1.6 GDI 스마트,(세부등급 없음),201807.0,2018,990.0,100915.0,가솔린,오토,ORIGINAL,일반,2025-03-20 14:03:04.000 +09,인천,한결모터스,314조5191,0,0,4,0.0,0.0,1,0,
39269217,현대,더 뉴 아반떼 (CN7),2.0 N,,202404.0,2024,3060.0,2372.0,가솔린,오토,ORIGINAL,일반,2025-03-20 14:03:04.000 +09,인천,(주)에이엠지모터스,253소1051,0,0,0,0.0,0.0,0,0,
39237648,현대,더 뉴 아반떼,1.6 GDi 모던,기본형,201509.0,2016,620.0,120221.0,가솔린,오토,ORIGINAL,일반,2025-03-20 14:03:04.000 +09,경기,세종오토,47두0565,4,3,1,507.2979,504.512,0,0,
38988695,현대,더 뉴 아반떼 (CN7),1.6,인스퍼레이션,202306.0,2024,2270.0,12833.0,가솔린,오토,ORIGINAL,일반,2025-03-20 14:03:04.000 +09,대전,태양자동차(주),226우4614,0,4,1,0.0,1110.5139,1,0,
38991735,현대,더 뉴 아반떼,1.6 VGT 프리미엄,기본형,201312.0,2014,550.0,100228.0,디젤,오토,ORIGINAL,일반,2025-03-20 14:03:04.000 +09,경기,제로모터스,16모1699,3,1,3,118.7007,79.6409,0,0,
39174195,현대,아반떼 AD,1.6 GDI 밸류 플러스,,201610.0,2017,920.0,81290.0,가솔린,오토,ORIGINAL,일반,2025-03-20 14:03:04.000 +09,경기,위카모빌리티,50우0472,5,4,0,664.5458,488.1678,0,0,
39158790,현대,더 뉴 아반떼 (CN7),2.0 N,,202401.0,2024,3300.0,6520.0,가솔린,오토,ORIGINAL,일반,2025-03-20 14:03:04.000 +09,인천,오토플러스(주),361누5851,0,0,0,0.0,0.0,0,0,
38912915,현대,아반떼 (CN7),1.6,인스퍼레이션,202106.0,2021,1780.0,42527.0,가솔린,오토,ORIGINAL,일반,2025-03-20 14:03:04.000 +09,서울,(주)하이오토코리아,254부1891,2,1,1,176.379,0.0,0,0,
39114714,현대,아반떼 AD,1.6 터보 스포츠,오리지널,201711.0,2018,1120.0,117267.0,가솔린,오토,ORIGINAL,일반,2025-03-20 14:03:04.000 +09,충남,(주)유카 천안지점,62러2765,0,0,2,0.0,0.0,0,0,
38530023,현대,아반떼 AD,1.6 GDI 밸류 플러스,,201710.0,2018,860.0,147818.0,가솔린,오토,ORIGINAL,일반,2025-03-20 14:03:04.000 +09,부산,엠제이모터스,08로8482,2,0,3,385.243,0.0,0,0,
38808775,현대,아반떼 AD,1.6 GDI 밸류 플러스,,201801.0,2018,680.0,140564.0,가솔린,오토,ORIGINAL,일반,2025-03-20 14:03:04.000 +09,경기,유일오토,308도7186,4,0,1,597.4464,0.0,1,0,
38415337,현대,아반떼 하이브리드 (CN7),스마트,,202106.0,2021,1899.0,59515.0,가솔린+전기,오토,ORIGINAL,일반,2025-03-20 14:03:04.000 +09,경기,주식회사 씨피오토모티브,134러7808,0,1,1,0.0,26.0279,0,0,
38098038,현대,아반떼 MD,M16 GDI 럭셔리,,201011.0,2011,350.0,116591.0,가솔린,오토,ORIGINAL,일반,2025-03-20 14:03:04.000 +09,부산,(주)하이엔드모터스,42거2952,8,4,3,498.9819,320.8563,0,0,
38139523,현대,아반떼 (CN7),1.6,인스퍼레이션,202009.0,2021,1700.0,44262.0,가솔린,오토,ORIGINAL,일반,2025-03-20 14:03:04.000 +09,경기,코리아모터스,379라5302,1,1,2,42.0649,95.1212,0,0,
38541507,현대,아반떼 하이브리드 (CN7),모던,,202011.0,2021,1799.0,84686.0,가솔린+전기,오토,ORIGINAL,일반,2025-03-20 14:03:04.000 +09,대구,위너모터스,267더3181,1,1,2,115.72,91.0,1,0,
38422358,현대,아반떼 AD,1.6 GDI 모던,(세부등급 없음),201510.0,2016,990.0,44831.0,가솔린,오토,ORIGINAL,일반,2025-03-20 14:02:57.000 +09,경기,무지개자동차,16부2130,3,0,3,204.793,0.0,0,0,
39190500,현대,아반떼 AD,1.6 GDI 모던,(세부등급 없음),201704.0,2018,820.0,163550.0,가솔린,오토,ORIGINAL,일반,2025-03-20 14:02:51.000 +09,경기,와이엠모터스,150너9322,2,2,3,415.202,192.4021,1,0,
39093854,현대,아반떼 AD,1.6 GDI 스마트,(세부등급 없음),201510.0,2016,999.0,71522.0,가솔린,오토,ORIGINAL,일반,2025-03-20 14:02:44.000 +09,경기,제이씨모터스,29루0965,0,0,0,0.0,0.0,0,0,
39015233,현대,아반떼 MD,M16 GDI 프리미어,,201107.0,2012,590.0,88004.0,가솔린,오토,ORIGINAL,일반,2025-03-20 14:02:37.000 +09,전북,유한회사카마트모터스,37가1703,2,2,3,281.1101,110.8822,0,0,
38974215,현대,아반떼 AD,1.6 GDI 밸류 플러스,,201611.0,2016,1090.0,77693.0,가솔린,오토,ORIGINAL,일반,2025-03-20 14:02:37.000 +09,전북,유한회사카마트모터스,08고0248,2,1,3,154.9751,77.0,0,0,
39267584,현대,더 뉴 아반떼,1.6 GDi 스마트,기본형,201409.0,2015,440.0,179994.0,가솔린,오토,ORIGINAL,일반,2025-03-20 14:02:27.000 +09,대전,M 월드,66마1803,7,4,2,578.881,762.965,0,0,
39273433,현대,아반떼 MD,M16 GDI 탑,,201101.0,2011,350.0,182943.0,가솔린,오토,ORIGINAL,일반,2025-03-20 14:02:12.000 +09,충북,(주)우리모터스,25노1455,4,3,6,735.5726,278.703,1,0,
36927701,현대,아반떼 MD,M16 GDI 럭셔리,,201110.0,2012,350.0,160277.0,가솔린,오토,ORIGINAL,일반,2025-03-20 14:02:12.000 +09,부산,봉카,35로4331,9,6,1,764.7127,1213.1196,0,0,
38956200,현대,아반떼 (CN7),1.6,스마트,202104.0,2021,1199.0,92163.0,가솔린,오토,ORIGINAL,일반,2025-03-20 14:02:12.000 +09,대구,상주모터스,256어6294,2,4,2,247.65,428.1161,1,0,
39118235,현대,더 뉴 아반떼,1.6 GDi 스마트,기본형,201501.0,2015,590.0,108689.0,가솔린,오토,ORIGINAL,일반,2025-03-20 14:02:07.000 +09,경기,차차모터스,49어7025,4,1,3,415.0317,115.7879,1,0,
39231721,현대,아반떼 (CN7),1.6,모던,202109.0,2022,1670.0,42435.0,가솔린,오토,ORIGINAL,일반,2025-03-20 14:02:04.000 +09,인천,(주)엔젤모터스,384노7562,3,0,1,413.8799,0.0,0,0,
39210076,현대,아반떼 (CN7),1.6,모던,202107.0,2021,1770.0,24141.0,가솔린,오토,ORIGINAL,일반,2025-03-20 14:02:04.000 +09,인천,(주)엔젤모터스,392러6832,1,1,0,57.4219,185.3368,0,0,
39010872,현대,아반떼 (CN7),1.6,인스퍼레이션,202101.0,2021,1960.0,61896.0,가솔린,오토,ORIGINAL,일반,2025-03-20 14:02:04.000 +09,광주,춘자네중고차,197라7898,0,0,1,0.0,0.0,1,0,
39015937,현대,아반떼 (CN7),1.6,인스퍼레이션,202010.0,2021,2060.0,38883.0,가솔린,오토,ORIGINAL,일반,2025-03-20 14:02:04.000 +09,광주,춘자네중고차,114도9774,1,0,0,133.9317,0.0,0,0,
38765276,현대,더 뉴 아반떼,1.6 GDi 스마트,기본형,201402.0,2014,570.0,147726.0,가솔린,오토,ORIGINAL,일반,2025-03-20 14:02:03.000 +09,경남,제이원 오토,24루9908,2,2,1,185.076,285.89,0,0,
38931995,현대,아반떼 (CN7),1.6,모던,202012.0,2021,1580.0,82682.0,가솔린,오토,ORIGINAL,일반,2025-03-20 14:02:03.000 +09,대전,(주)케이제이모터스,338수1506,1,2,1,35.46,660.0,0,0,
39086982,현대,더 뉴 아반떼 AD,1.6,스마트,201810.0,2019,1189.0,59731.0,가솔린,오토,ORIGINAL,일반,2025-03-20 14:02:03.000 +09,대구,참좋은자동차,01더1807,2,1,2,331.0529,250.2831,0,0,
39141359,현대,더 뉴 아반떼 (CN7),1.6,모던,202407.0,2024,2130.0,1386.0,가솔린,오토,ORIGINAL,일반,2025-03-20 14:02:03.000 +09,인천,오토플러스(주),148머1736,0,0,1,0.0,0.0,1,0,
38859336,현대,아반떼 AD,1.6 GDI 스마트,(세부등급 없음),201605.0,2017,760.0,120836.0,가솔린,오토,ORIGINAL,일반,2025-03-20 14:02:03.000 +09,충북,주)영 모터스,172루1868,2,0,3,693.8539,0.0,1,0,
39081688,현대,더 뉴 아반떼 (CN7),1.6,인스퍼레이션,202404.0,2024,2620.0,709.0,가솔린,오토,ORIGINAL,일반,2025-03-20 14:02:03.000 +09,경기,(주)에스비즈,354서7414,0,0,0,0.0,0.0,0,0,
37702544,현대,아반떼 MD,M16 GDI 럭셔리,,201104.0,2011,330.0,182670.0,가솔린,오토,ORIGINAL,일반,2025-03-20 14:02:03.000 +09,부산,봉카,55로8365,0,0,8,0.0,0.0,0,0,
38696643,현대,아반떼 (CN7),1.6,인스퍼레이션,202008.0,2021,1750.0,23314.0,가솔린,오토,ORIGINAL,일반,2025-03-20 14:02:03.000 +09,인천,주식회사 시우자동차3,147머9788,1,1,1,122.759,50.291,0,0,
38608675,현대,아반떼 MD,M16 GDI 프리미어,,201201.0,2012,499.0,82361.0,가솔린,오토,ORIGINAL,일반,2025-03-20 14:02:03.000 +09,대구,그차는내차,41구1541,4,0,5,231.9853,0.0,1,0,
39264060,현대,아반떼 (CN7),1.6,스마트,202106.0,2021,1650.0,25247.0,가솔린,오토,ORIGINAL,일반,2025-03-20 14:02:03.000 +09,경기,sk렌터카,133고8832,0,0,0,0.0,0.0,1,0,
39248482,현대,아반떼 (CN7),1.6 터보 N Line,인스퍼레이션,202303.0,2023,2370.0,40256.0,가솔린,오토,ORIGINAL,일반,2025-03-20 14:02:03.000 +09,충남,(주)유카 천안지점,290수1507,1,0,0,102.299,0.0,0,0,
39092193,현대,더 뉴 아반떼 AD,1.6,스마트,202002.0,2020,1500.0,15445.0,가솔린,오토,ORIGINAL,일반,2025-03-20 14:02:03.000 +09,부산,오토플러스(주),302수2363,0,0,1,0.0,0.0,1,0,
39191099,현대,아반떼 (CN7),1.6,인스퍼레이션,202101.0,2021,2150.0,21330.0,가솔린,오토,ORIGINAL,일반,2025-03-20 14:02:03.000 +09,대구,엠케어모터스,345서3310,0,0,1,0.0,0.0,0,0,
39063714,현대,아반떼 (CN7),1.6,인스퍼레이션,202103.0,2021,2100.0,22776.0,가솔린,오토,ORIGINAL,일반,2025-03-20 14:02:01.000 +09,부산,신우모터스,238마2657,1,0,1,65.1469,0.0,1,0,
38690257,현대,아반떼 AD,1.6 GDI 스마트,(세부등급 없음),201702.0,2017,980.0,94033.0,가솔린,오토,ORIGINAL,일반,2025-03-20 14:02:01.000 +09,서울,주)화성모터스,305주8263,3,5,3,285.6567,385.2659,1,0,
38648899,현대,아반떼 하이브리드 (CN7),모던,,202105.0,2021,1890.0,52768.0,가솔린+전기,오토,ORIGINAL,일반,2025-03-20 14:01:51.000 +09,광주,누리카파크,270저3591,0,0,1,0.0,0.0,1,0,
38736786,현대,아반떼 HD,1.6 VVT S16,럭셔리,200901.0,2009,230.0,160365.0,가솔린,오토,ORIGINAL,일반,2025-03-20 14:01:48.000 +09,대구,누리자동차,12어6262,3,5,3,304.368,707.0118,0,0,
37609122,현대,아반떼 하이브리드 (CN7),스마트,,202103.0,2021,1499.0,120366.0,가솔린+전기,오토,ORIGINAL,일반,2025-03-20 14:01:41.000 +09,경기,더 뉴스타상사,294고3842,1,0,1,233.3158,0.0,1,0,
38019114,현대,아반떼 (CN7),2.0 N,,202205.0,2022,2840.0,7502.0,가솔린,오토,ORIGINAL,일반,2025-03-20 14:01:41.000 +09,경기,더 뉴스타상사,323모7168,0,0,2,0.0,0.0,0,0,
38421553,현대,아반떼 AD,1.6 GDI 밸류 플러스,,201711.0,2018,1260.0,39532.0,가솔린,오토,ORIGINAL,일반,2025-03-20 14:01:38.000 +09,부산,대경모터스,50서2875,2,1,0,113.2788,186.5723,0,0,
39127850,현대,아반떼 (CN7),1.6,인스퍼레이션,202106.0,2021,2120.0,39858.0,가솔린,오토,ORIGINAL,일반,2025-03-20 14:01:38.000 +09,부산,대경모터스,115누1131,2,0,0,217.1947,0.0,0,0,
39221585,현대,더 뉴 아반떼 AD,1.6,스타일,201812.0,2019,1430.0,53044.0,가솔린,오토,ORIGINAL,일반,2025-03-20 14:01:37.000 +09,부산,대경모터스,50보8892,1,3,3,85.2219,118.767,0,0,
37003475,현대,더 뉴 아반떼,1.6 GDi 스마트,기본형,201310.0,2014,720.0,60900.0,가솔린,오토,ORIGINAL,일반,2025-03-20 14:01:23.000 +09,대구,영모터스,28오4839,0,1,4,0.0,204.08,0,0,
39260527,현대,아반떼 AD,1.6 GDI 스타일,,201710.0,2018,829.0,103408.0,가솔린,오토,ORIGINAL,일반,2025-03-20 14:01:20.000 +09,경기,제이원모터스,152구2363,1,0,1,36.2444,0.0,1,0,
38983978,현대,아반떼 AD,1.6 GDI 밸류 플러스,,201610.0,2017,1090.0,61110.0,가솔린,오토,ORIGINAL,일반,2025-03-20 14:01:19.000 +09,경기,제이원모터스,02부1371,1,3,2,43.4864,152.7386,0,0,
38666745,현대,아반떼 AD,1.6 GDI 밸류 플러스,,201704.0,2017,1260.0,9467.0,가솔린,오토,ORIGINAL,일반,2025-03-20 14:01:19.000 +09,경기,제이원모터스,40다5838,1,0,1,89.1964,0.0,0,0,
39197753,현대,아반떼 AD,1.6 e-VGT 스마트,스페셜,201604.0,2016,870.0,111049.0,디젤,오토,ORIGINAL,일반,2025-03-20 14:01:18.000 +09,경기,제이원모터스,34보0793,1,1,2,278.8732,447.874,0,0,
38079580,현대,더 뉴 아반떼 AD,1.6,스마트,201905.0,2019,1040.0,128733.0,가솔린,오토,ORIGINAL,일반,2025-03-20 14:01:12.000 +09,충남,sb모터스,198수8101,1,1,2,35.7338,80.0953,1,0,
39250091,현대,더 뉴 아반떼 AD,1.6,스타일,201903.0,2019,1180.0,46365.0,가솔린,오토,ORIGINAL,일반,2025-03-20 14:01:03.000 +09,경기,(주)예스카,09너3011,5,2,2,391.5266,166.0027,0,0,
39254818,현대,아반떼 AD,1.6 GDI 밸류 플러스,,201610.0,2017,1039.0,81495.0,가솔린,오토,ORIGINAL,일반,2025-03-20 14:01:03.000 +09,서울,그린모터스,63주0454,4,2,1,190.8076,277.533,0,0,
39253689,현대,아반떼 MD,M16 GDI 스타일,,201310.0,2014,460.0,112385.0,가솔린,수동,ORIGINAL,일반,2025-03-20 14:01:03.000 +09,경기,신수원자동차,34어1945,1,0,0,143.68,0.0,0,0,
38853173,현대,아반떼 AD,1.6 GDI 스타일,,201603.0,2016,875.0,79498.0,가솔린,오토,ORIGINAL,일반,2025-03-20 14:01:03.000 +09,대구,애플모터스,13조0997,2,0,7,322.984,0.0,0,0,
37805365,현대,아반떼 (CN7),1.6,모던,202009.0,2021,1399.0,31639.0,가솔린,오토,ORIGINAL,일반,2025-03-20 14:01:03.000 +09,경기,카오션,164두3134,4,0,2,883.6555,0.0,0,0,
38484925,현대,아반떼 MD,M16 GDI 에비뉴,,201307.0,2014,669.0,61289.0,가솔린,오토,ORIGINAL,일반,2025-03-20 14:01:03.000 +09,충남,다온모터스,66서1801,3,2,2,270.859,242.168,0,0,
37589965,현대,아반떼 AD,1.6 GDI 스마트,스페셜,201603.0,2016,899.0,90365.0,가솔린,오토,ORIGINAL,일반,2025-03-20 14:01:03.000 +09,대구,(주)하나카즈,39어0829,3,0,4,203.5762,0.0,0,0,
38726176,현대,더 뉴 아반떼,1.6 GDi 스마트,기본형,201401.0,2014,739.0,85624.0,가솔린,오토,ORIGINAL,일반,2025-03-20 14:01:03.000 +09,경기,주식회사 킹카,39라6534,2,0,3,98.713,0.0,1,0,
38683582,현대,아반떼 (CN7),1.6 LPi (렌터카),스타일,202011.0,2021,1090.0,133448.0,LPG(일반인 구입),오토,ORIGINAL,일반,2025-03-20 14:01:03.000 +09,충남,sb모터스,179저4586,0,1,1,0.0,91.5291,1,0,
38746324,현대,아반떼 (CN7),1.6,인스퍼레이션,202112.0,2022,2090.0,32937.0,가솔린,오토,ORIGINAL,일반,2025-03-20 14:01:03.000 +09,경기,수원SKV1뉴스타,138무5541,1,0,2,69.388,0.0,1,0,
38805202,현대,아반떼 (CN7),1.6,인스퍼레이션,202101.0,2021,1960.0,39199.0,가솔린,오토,ORIGINAL,일반,2025-03-20 14:01:03.000 +09,대구,오토플러스(주),277누9022,2,0,1,181.1882,0.0,0,0,
38800919,현대,더 뉴 아반떼 (CN7),1.6,인스퍼레이션 N Line,202406.0,2024,2630.0,3143.0,가솔린,오토,ORIGINAL,일반,2025-03-20 14:01:03.000 +09,서울,주)아이오토스,248조9991,0,0,1,0.0,0.0,0,0,
38776838,현대,아반떼 MD,M16 GDI 탑,,201207.0,2012,640.0,112935.0,가솔린,오토,ORIGINAL,일반,2025-03-20 14:01:03.000 +09,전북,슈퍼카모터스,22누8311,4,1,3,295.998,83.6906,0,0,
38783851,현대,아반떼 하이브리드 (CN7),인스퍼레이션,,202110.0,2022,2270.0,52290.0,가솔린+전기,오토,ORIGINAL,일반,2025-03-20 14:01:03.000 +09,경기,세모카,145서1990,0,0,1,0.0,0.0,0,0,
39100831,현대,더 뉴 아반떼,1.6 GDi 스마트,기본형,201507.0,2016,650.0,58360.0,가솔린,오토,ORIGINAL,일반,2025-03-20 14:01:03.000 +09,경기,(주)하안자동차,53우9226,6,4,1,457.035,232.22,0,0,
39108342,현대,더 뉴 아반떼 AD,1.6,스마트,201810.0,2019,1160.0,94999.0,가솔린,오토,ORIGINAL,일반,2025-03-20 14:01:03.000 +09,경기,중고차A팀,168러7836,2,0,2,347.8173,0.0,1,0,
39232411,현대,아반떼 AD,1.6 GDI 밸류 플러스,,201708.0,2018,1050.0,104324.0,가솔린,오토,ORIGINAL,일반,2025-03-20 14:01:03.000 +09,충남,진명자동차,02머1540,1,0,3,56.2415,0.0,0,0,
39233992,현대,더 뉴 아반떼 (CN7),1.6,인스퍼레이션 N Line,202310.0,2024,2540.0,27933.0,가솔린,오토,ORIGINAL,일반,2025-03-20 14:01:03.000 +09,대구,(주) 모터스링크,175나9424,0,0,1,0.0,0.0,0,0,
39226248,현대,아반떼 하이브리드 (CN7),모던,,202011.0,2021,1370.0,100899.0,가솔린+전기,오토,ORIGINAL,일반,2025-03-20 14:01:03.000 +09,대전,제이더블유,279마5907,4,0,0,495.8154,0.0,1,0,
39213107,현대,아반떼 MD,M16 GDI 프리미어,,201207.0,2012,530.0,157725.0,가솔린,오토,ORIGINAL,일반,2025-03-20 14:01:03.000 +09,경남,신화모터스,19나5564,4,1,3,392.3888,155.1579,0,0,
39137476,현대,아반떼 AD,1.6 GDI 모던,(세부등급 없음),201510.0,2016,790.0,125894.0,가솔린,오토,ORIGINAL,일반,2025-03-20 14:01:03.000 +09,인천,주식회사 시우자동차2,65마0784,5,2,4,392.3778,255.086,0,0,
39119824,현대,아반떼 (CN7),1.6,모던,202103.0,2021,1690.0,34000.0,가솔린,오토,ORIGINAL,일반,2025-03-20 14:01:03.000 +09,충남,하이모터스,113로2770,3,2,2,241.2828,663.7598,1,0,
39266745,현대,아반떼 AD,1.6 터보 스포츠,(세부등급 없음),201610.0,2017,980.0,142784.0,가솔린,오토,ORIGINAL,일반,2025-03-20 14:01:03.000 +09,대구,상주모터스,222구6264,1,2,2,131.409,163.507,1,0,
39064152,현대,아반떼 (CN7),2.0 N,,202302.0,2023,2320.0,51712.0,가솔린,오토,ORIGINAL,일반,2025-03-20 14:01:03.000 +09,광주,주식회사삼덕모터스,149라6283,1,0,3,1260.8739,0.0,0,0,
39057027,현대,아반떼 (CN7),1.6,모던,202204.0,2023,1730.0,78312.0,가솔린,오토,ORIGINAL,일반,2025-03-20 14:01:03.000 +09,경기,(주)왕카,302루3341,1,0,3,10.501,0.0,1,0,
38629711,현대,더 뉴 아반떼 (CN7),1.6 LPi,모던,202407.0,2025,2470.0,12825.0,LPG(일반인 구입),오토,ORIGINAL,일반,2025-03-20 14:00:52.000 +09,대구,한진자동차상사,375고9573,0,0,0,0.0,0.0,0,0,
38855153,현대,더 뉴 아반떼 (CN7),1.6,모던,202404.0,2024,2380.0,8256.0,가솔린,오토,ORIGINAL,일반,2025-03-20 14:00:52.000 +09,대구,한진자동차상사,178수4081,1,0,0,46.7279,0.0,0,0,
38233795,현대,아반떼 AD,1.6 터보 스포츠,오리지널,201709.0,2018,850.0,131000.0,가솔린,오토,ORIGINAL,일반,2025-03-20 14:00:50.000 +09,대전,(주)중고차중대장,58두8175,4,3,3,316.5731,175.962,0,0,
39198115,현대,아반떼 MD,M16 GDI 럭셔리,,201110.0,2012,480.0,72618.0,가솔린,오토,ORIGINAL,일반,2025-03-20 14:00:48.000 +09,대구,제일모터스,58보1288,4,5,3,416.8626,668.502,0,0,
39198447,현대,아반떼 AD,1.6 GDI 모던,(세부등급 없음),201510.0,2016,1080.0,82984.0,가솔린,오토,ORIGINAL,일반,2025-03-20 14:00:48.000 +09,대구,제일모터스,05마0898,5,1,1,309.3731,24.69,0,0,
39085601,현대,더 뉴 아반떼,1.6 GDi 스마트,기본형,201506.0,2016,580.0,102512.0,가솔린,오토,ORIGINAL,일반,2025-03-20 14:00:47.000 +09,대구,제일모터스,45주1892,2,2,4,134.302,225.383,1,0,
38704782,현대,아반떼 AD,1.6 GDI 밸류 플러스,,201801.0,2018,1230.0,39815.0,가솔린,오토,ORIGINAL,일반,2025-03-20 14:00:47.000 +09,대구,제일모터스,61부4398,1,1,1,165.6169,29.8333,0,0,
38647107,현대,아반떼 MD,M16 GDI 럭셔리,,201010.0,2011,330.0,133506.0,가솔린,오토,ORIGINAL,일반,2025-03-20 14:00:47.000 +09,대구,제일모터스,30조8890,5,1,3,1108.5562,1400.0,0,0,
39093400,현대,아반떼 하이브리드 (CN7),인스퍼레이션,,202106.0,2021,2290.0,63947.0,가솔린+전기,오토,ORIGINAL,일반,2025-03-20 14:00:47.000 +09,대구,제일모터스,285누6660,0,0,0,0.0,0.0,0,0,
38832751,현대,더 뉴 아반떼 (CN7),1.6,모던,202401.0,2024,2180.0,22139.0,가솔린,오토,ORIGINAL,일반,2025-03-20 14:00:47.000 +09,경기,대성모터스,295구5459,0,0,2,0.0,0.0,0,0,
39049064,현대,아반떼 (CN7),1.6,모던,202101.0,2021,1850.0,35777.0,가솔린,오토,ORIGINAL,일반,2025-03-20 14:00:42.000 +09,대구,금강자동차상,297더8841,0,1,0,0.0,51.6869,0,0,
39276799,현대,아반떼 MD,M16 GDI 럭셔리,,201206.0,2012,1700.0,169451.0,가솔린,오토,ORIGINAL,일반,2025-03-20 14:00:39.000 +09,대전,드림디오토,54오2670,1,0,1,87.238,0.0,0,0,
38920294,현대,더 뉴 아반떼,1.6 GDi 모던,기본형,201411.0,2015,670.0,99000.0,가솔린,오토,ORIGINAL,일반,2025-03-20 14:00:35.000 +09,울산,뉴스카이모터스,68도5382,3,2,3,156.5895,175.4118,0,0,
38933950,현대,더 뉴 아반떼 AD,1.6,스마트,201812.0,2019,1190.0,86253.0,가솔린,오토,ORIGINAL,일반,2025-03-20 14:00:35.000 +09,부산,보석모터스,361무5468,1,0,5,61.848,0.0,1,0,
39112220,현대,아반떼 (CN7),1.6,모던,202301.0,2023,1890.0,15956.0,가솔린,오토,ORIGINAL,일반,2025-03-20 14:00:35.000 +09,부산,보석모터스,209노8569,0,1,2,0.0,78.3639,1,0,
39153108,현대,아반떼 AD,1.6 터보 스포츠,(세부등급 없음),201806.0,2018,1220.0,86480.0,가솔린,오토,ORIGINAL,일반,2025-03-20 14:00:28.000 +09,경남,Kcar양산지점,19마6889,1,0,2,40.3569,0.0,0,0,
37874807,현대,아반떼 하이브리드 (CN7),모던,,202107.0,2021,1770.0,81476.0,가솔린+전기,오토,ORIGINAL,일반,2025-03-20 14:00:21.000 +09,경기,경기모터스,245구3089,0,0,1,0.0,0.0,1,0,
38659450,현대,아반떼 MD,M16 GDI 에비뉴,,201302.0,2013,490.0,159087.0,가솔린,오토,ORIGINAL,일반,2025-03-20 14:00:21.000 +09,경기,경기상사,56두2857,2,0,0,25.153,0.0,0,0,
38351983,현대,아반떼 AD,1.6 GDI 스마트,(세부등급 없음),201611.0,2017,1080.0,69511.0,가솔린,오토,ORIGINAL,일반,2025-03-20 14:00:21.000 +09,광주,신한길모터스,398소7318,1,1,2,118.9,43.4919,1,0,
38985634,현대,더 뉴 아반떼 (CN7),1.6,인스퍼레이션,202409.0,2025,2570.0,960.0,가솔린,오토,ORIGINAL,일반,2025-03-20 14:00:21.000 +09,대구,신삼성자동차상사,317모1447,0,0,0,0.0,0.0,0,0,
39154837,현대,아반떼 MD,M16 GDI 럭셔리,,201107.0,2012,480.0,106404.0,가솔린,오토,ORIGINAL,일반,2025-03-20 14:00:21.000 +09,충북,(주)더챔,314가3205,7,5,5,508.9896,426.9109,1,0,
39249290,현대,더 뉴 아반떼,1.6 GDi 스마트,기본형,201411.0,2015,790.0,67711.0,가솔린,오토,ORIGINAL,일반,2025-03-20 14:00:21.000 +09,부산,해원상사,30노1930,2,2,1,100.4983,310.4438,0,0,
39253963,현대,아반떼 (CN7),1.6,모던,202102.0,2021,1430.0,77925.0,가솔린,오토,ORIGINAL,일반,2025-03-20 14:00:21.000 +09,서울,롯데렌탈주식회사,238나1229,0,0,0,0.0,0.0,1,0,
39235449,현대,아반떼 (CN7),1.6 LPi (렌터카),스마트,202005.0,2021,1530.0,74916.0,LPG(일반인 구입),오토,ORIGINAL,일반,2025-03-20 14:00:21.000 +09,대구,비젼모터스,219수8951,2,4,1,142.2629,203.859,1,0,
39191656,현대,아반떼 AD,1.6 GDI 모던,스페셜,201605.0,2016,890.0,138618.0,가솔린,오토,ORIGINAL,일반,2025-03-20 14:00:21.000 +09,인천,용일상사,52구0704,2,2,2,331.3741,204.8938,0,0,
38901379,현대,아반떼 MD,M16 GDI 럭셔리,,201201.0,2012,460.0,109585.0,가솔린,오토,ORIGINAL,일반,2025-03-20 14:00:21.000 +09,충남,미래자동차,48어5970,3,0,4,104.7331,0.0,0,0,
38860161,현대,아반떼 AD,1.6 터보 스포츠,익스트림 셀렉션,201701.0,2017,1250.0,77230.0,가솔린,오토,ORIGINAL,일반,2025-03-20 14:00:21.000 +09,경기,(주)신화모터스,245서9812,2,1,6,541.296,48.8509,1,0,
39228674,현대,더 뉴 아반떼,1.6 GDi 텐밀리언 리미티드,기본형,201411.0,2015,700.0,152377.0,가솔린,오토,ORIGINAL,일반,2025-03-20 14:00:21.000 +09,대구,새봄모터스,35우4538,0,1,3,0.0,33.892,0,0,
38720324,현대,아반떼 (CN7),1.6,인스퍼레이션,202011.0,2021,1800.0,28440.0,가솔린,오토,ORIGINAL,일반,2025-03-20 14:00:21.000 +09,서울,Kcar서초지점,310주3367,2,1,3,173.7088,63.751,0,0,
39018206,현대,아반떼 하이브리드 (CN7),인스퍼레이션,,202206.0,2023,2350.0,23688.0,가솔린+전기,오토,ORIGINAL,일반,2025-03-20 14:00:21.000 +09,서울,Kcar서초지점,323머8031,1,1,1,104.153,44.784,0,0,
38735222,현대,더 뉴 아반떼 (CN7),1.6,스마트,202307.0,2024,1700.0,27652.0,가솔린,오토,ORIGINAL,일반,2025-03-20 14:00:21.000 +09,부산,아피스오토,345저3516,0,4,2,0.0,641.3639,1,0,
39259001,현대,아반떼 (CN7),2.0 N,,202301.0,2023,3340.0,18588.0,가솔린,오토,ORIGINAL,일반,2025-03-20 14:00:20.000 +09,서울,Kcar서초지점,348수3998,0,0,0,0.0,0.0,0,0,
39250131,현대,아반떼 (CN7),1.6,인스퍼레이션,202104.0,2021,1950.0,44056.0,가솔린,오토,ORIGINAL,일반,2025-03-20 14:00:17.000 +09,서울,국도상사,367도4756,1,0,0,161.1827,0.0,0,0,
38702478,현대,아반떼 AD,1.6 GDI 밸류 플러스,,201809.0,2018,1130.0,94283.0,가솔린,오토,ORIGINAL,일반,2025-03-20 14:00:16.000 +09,전북,우진모터스,21러1871,1,0,0,28.5229,0.0,0,0,
39162049,현대,아반떼 AD,1.6 GDI 밸류 플러스,,201708.0,2018,1090.0,105145.0,가솔린,오토,ORIGINAL,일반,2025-03-20 14:00:16.000 +09,전북,우진모터스,42서1934,1,0,2,56.0071,0.0,0,0,
38494570,현대,아반떼 (CN7),1.6,모던,202011.0,2021,1199.0,63500.0,가솔린,오토,ORIGINAL,일반,2025-03-20 14:00:16.000 +09,경북,승진모터스,248보3710,1,1,2,231.3004,2800.0,1,0,
38910641,현대,아반떼 AD,1.6 GDI 밸류 플러스,,201802.0,2018,1080.0,105539.0,가솔린,오토,ORIGINAL,일반,2025-03-20 14:00:16.000 +09,전북,우진모터스,240조6179,2,0,2,160.2541,0.0,1,0,
39203902,현대,아반떼 AD,1.6 GDI 밸류 플러스,,201708.0,2018,1140.0,75642.0,가솔린,오토,ORIGINAL,일반,2025-03-20 14:00:16.000 +09,전북,우진모터스,14누4428,0,0,1,0.0,0.0,0,0,
38990061,현대,더 뉴 아반떼 AD,1.6,스마트,202001.0,2020,1270.0,104879.0,가솔린,오토,ORIGINAL,일반,2025-03-20 14:00:16.000 +09,전북,우진모터스,112두4869,1,1,2,102.336,84.813,0,0,
38917838,현대,아반떼 AD,1.6 GDI 모던,스페셜,201511.0,2016,1160.0,66457.0,가솔린,오토,ORIGINAL,일반,2025-03-20 14:00:16.000 +09,전북,우진모터스,64무1000,3,5,4,169.8664,188.2914,0,0,
39043324,현대,아반떼 (CN7),1.6,스마트,202104.0,2021,999.0,81600.0,가솔린,오토,ORIGINAL,일반,2025-03-20 14:00:15.000 +09,경북,승진모터스,256어6296,2,1,4,862.7619,83.34,1,0,
38381628,현대,아반떼 하이브리드 (CN7),인스퍼레이션,,202204.0,2023,2450.0,57411.0,가솔린+전기,오토,ORIGINAL,일반,2025-03-20 14:00:12.000 +09,광주,대오모터스,262주5837,0,0,1,0.0,0.0,1,0,
38189922,현대,아반떼 AD,1.6 GDI 스마트,(세부등급 없음),201710.0,2018,920.0,131800.0,가솔린,오토,ORIGINAL,일반,2025-03-20 14:00:12.000 +09,경기,티원모터스,23버6586,4,0,2,254.8924,0.0,0,0,
38621278,현대,아반떼 하이브리드 (CN7),인스퍼레이션,,202010.0,2021,1560.0,145689.0,가솔린+전기,오토,ORIGINAL,일반,2025-03-20 14:00:12.000 +09,인천,(주)국민상사,355주9031,4,1,3,754.9602,410.0,0,0,
38453385,현대,아반떼 AD,1.6 GDI 스마트,(세부등급 없음),201702.0,2017,920.0,123700.0,가솔린,오토,ORIGINAL,일반,2025-03-20 14:00:12.000 +09,충남,(주)지오모터스,07다2002,1,0,1,65.68,0.0,0,0,
38445692,현대,아반떼 (CN7),1.6,모던,202101.0,2021,1399.0,63526.0,가솔린,오토,ORIGINAL,일반,2025-03-20 14:00:12.000 +09,대구,신우모터스,131라7094,0,0,1,0.0,0.0,1,0,
38437259,현대,아반떼 (CN7),1.6,모던,202012.0,2021,1540.0,91507.0,가솔린,오토,ORIGINAL,일반,2025-03-20 14:00:12.000 +09,대전,(주)하나모터스,110무9447,1,0,2,409.248,0.0,1,0,
38836803,현대,아반떼 하이브리드 (CN7),모던,,202012.0,2021,1390.0,149577.0,가솔린+전기,오토,ORIGINAL,일반,2025-03-20 14:00:12.000 +09,대구,진모터스,265루5237,3,0,2,221.1601,0.0,1,0,
37685255,현대,더 뉴 아반떼 (CN7),1.6,모던,202310.0,2024,2399.0,2863.0,가솔린,오토,ORIGINAL,일반,2025-03-20 14:00:12.000 +09,광주,대오모터스,178머4120,0,0,0,0.0,0.0,0,0,
38775563,현대,더 뉴 아반떼,1.6 GDi 스마트,기본형,201408.0,2015,670.0,100096.0,가솔린,오토,ORIGINAL,일반,2025-03-20 14:00:12.000 +09,경기,패밀리모터스,42고6129,2,1,2,198.9049,38.3673,0,0,
38766189,현대,아반떼 AD,1.6 GDI 프리미엄,,201802.0,2018,9999.0,94634.0,가솔린,오토,ORIGINAL,일반,2025-03-20 14:00:12.000 +09,울산,보스모터스,49구7144,2,0,1,166.5835,0.0,0,0,
39178518,현대,아반떼 AD,1.6 GDI 스마트,(세부등급 없음),201605.0,2017,849.0,115050.0,가솔린,오토,ORIGINAL,일반,2025-03-20 14:00:12.000 +09,서울,태광티에프,186조7653,0,0,2,0.0,0.0,1,0,
39249432,현대,아반떼 MD,M16 GDI 에비뉴,,201303.0,2013,499.0,105259.0,가솔린,오토,ORIGINAL,일반,2025-03-20 14:00:12.000 +09,부산,(주)스마트모터스,03누0918,4,3,4,366.5498,626.1924,1,0,
39015429,현대,아반떼 (CN7),1.6,스마트,202104.0,2021,1189.0,85836.0,가솔린,오토,ORIGINAL,일반,2025-03-20 14:00:11.000 +09,경기,(주)왕카,219어9687,0,0,2,0.0,0.0,1,0,
38907407,현대,아반떼 (CN7),1.6,모던,202010.0,2021,1790.0,18025.0,가솔린,오토,ORIGINAL,일반,2025-03-20 14:00:11.000 +09,충남,하이모터스,167소2577,1,0,1,110.4637,0.0,0,0,
38870983,현대,아반떼 (CN7),1.6,인스퍼레이션,202107.0,2021,2090.0,43683.0,가솔린,오토,ORIGINAL,일반,2025-03-20 14:00:11.000 +09,부산,OS모터스(주),301우1212,1,1,1,186.895,115.9296,0,0,
38870962,현대,아반떼 AD,1.6 GDI 밸류 플러스,,201706.0,2018,1330.0,24064.0,가솔린,오토,ORIGINAL,일반,2025-03-20 14:00:11.000 +09,부산,OS모터스(주),23구4382,1,1,1,81.037,39.9156,0,0,
39167965,현대,아반떼 (CN7),1.6,스마트,202104.0,2021,979.0,96975.0,가솔린,오토,ORIGINAL,일반,2025-03-20 14:00:11.000 +09,경기,(주)왕카,213노3517,1,2,2,80.4299,68.3813,1,0,
39157757,현대,아반떼 (CN7),1.6,스마트,202107.0,2021,1159.0,85810.0,가솔린,오토,ORIGINAL,일반,2025-03-20 14:00:11.000 +09,경기,(주)왕카,125루7586,5,11,2,573.7893,2030.2401,1,0,
39056201,현대,아반떼 AD,1.6 GDI 스마트,(세부등급 없음),201509.0,2016,930.0,106668.0,가솔린,오토,ORIGINAL,일반,2025-03-20 14:00:11.000 +09,부산,OS모터스(주),23루0267,2,1,2,92.2135,58.959,0,0,
39263730,현대,아반떼 MD,M16 GDI 럭셔리,,201202.0,2012,350.0,147087.0,가솔린,오토,ORIGINAL,일반,2025-03-20 14:00:11.000 +09,부산,진성모터스,63누5329,3,2,5,608.9254,311.108,0,0,
39194569,현대,아반떼 AD,1.6 GDI 밸류 플러스,,201806.0,2018,1280.0,84585.0,가솔린,오토,ORIGINAL,일반,2025-03-20 14:00:11.000 +09,부산,OS모터스(주),39서1720,1,1,1,47.6305,66.3558,0,0,
39194598,현대,아반떼 AD,1.6 GDI 밸류 플러스,,201808.0,2018,1230.0,70653.0,가솔린,오토,ORIGINAL,일반,2025-03-20 14:00:11.000 +09,부산,OS모터스(주),142오9414,1,0,3,187.3648,0.0,1,0,
39124648,현대,아반떼 (CN7),1.6,인스퍼레이션,202208.0,2023,2150.0,20600.0,가솔린,오토,ORIGINAL,일반,2025-03-20 14:00:11.000 +09,충남,하이모터스,245보4310,1,0,1,306.9512,0.0,0,0,
39057703,현대,아반떼 HD,1.6 VVT S16,프리미어,200902.0,2009,399.0,136395.0,가솔린,오토,ORIGINAL,일반,2025-03-20 14:00:11.000 +09,경북,보배자동차매매상사,38도7071,4,7,7,463.0459,512.5208,0,0,
39016944,현대,아반떼 AD,1.6 GDI 스마트,(세부등급 없음),201608.0,2017,1280.0,44341.0,가솔린,오토,ORIGINAL,일반,2025-03-20 14:00:11.000 +09,부산,OS모터스(주),64어0494,1,1,1,58.6517,70.5573,0,0,
39033151,현대,아반떼 (CN7),1.6,모던,202101.0,2021,1499.0,69145.0,가솔린,오토,ORIGINAL,일반,2025-03-20 14:00:05.000 +09,경기,(주)엠모터스,144보1370,1,1,1,53.1324,248.062,1,0,
38876810,현대,아반떼 AD,1.6 GDI 밸류 플러스,,201612.0,2017,990.0,88674.0,가솔린,오토,ORIGINAL,일반,2025-03-20 13:59:45.000 +09,대구,뉴 태성모터스,49루1134,1,0,4,282.698,0.0,1,0,
38898073,현대,아반떼 HD,1.6 VVT S16,프리미어,200705.0,2007,320.0,81071.0,가솔린,오토,ORIGINAL,일반,2025-03-20 13:59:21.000 +09,부산,JM모터스,09구6978,4,0,3,254.383,0.0,0,0,
38655483,현대,아반떼 HD,1.6 VVT S16,엘레강스 스페셜,200607.0,2007,260.0,153906.0,가솔린,오토,ORIGINAL,일반,2025-03-20 13:59:12.000 +09,대전,서해모터스,305라1260,3,3,3,251.5461,152.801,1,0,
38563229,현대,더 뉴 아반떼,1.6 VGT 모던,기본형,201412.0,2015,440.0,180786.0,디젤,오토,ORIGINAL,일반,2025-03-20 13:59:12.000 +09,경기,나무모터스,07누8463,3,2,4,369.109,139.4441,1,0,
38751509,현대,아반떼 AD,1.6 GDI 밸류 플러스,,201705.0,2018,1090.0,37175.0,가솔린,오토,ORIGINAL,일반,2025-03-20 13:59:12.000 +09,경기,믿음모터스,01머5382,2,2,1,235.5434,138.3312,0,0,
38286676,현대,아반떼 MD,M16 GDI 럭셔리,,201202.0,2012,660.0,79291.0,가솔린,오토,ORIGINAL,일반,2025-03-20 13:59:12.000 +09,대전,서해모터스,57오8103,1,1,4,146.3074,66.596,0,0,
38939065,현대,더 뉴 아반떼,1.6 GDi 모던,기본형,201311.0,2014,599.0,108342.0,가솔린,오토,ORIGINAL,일반,2025-03-20 13:59:12.000 +09,충남,누리자동차,37라1793,2,3,3,248.16,416.0,0,0,
38869143,현대,아반떼 (CN7),1.6,스마트,202104.0,2021,1295.0,92792.0,가솔린,오토,ORIGINAL,일반,2025-03-20 13:59:12.000 +09,대구,kb모터스,205나3871,0,3,2,0.0,109.7157,1,0,
38765991,현대,아반떼 (CN7),1.6 LPi (렌터카),스타일,202107.0,2021,1295.0,78840.0,LPG(일반인 구입),오토,ORIGINAL,일반,2025-03-20 13:59:12.000 +09,대구,kb모터스,102오8709,0,0,1,0.0,0.0,1,0,
37197193,현대,아반떼 MD,M16 GDI 럭셔리,,201104.0,2011,450.0,86430.0,가솔린,오토,ORIGINAL,일반,2025-03-20 13:59:12.000 +09,경기,세븐모터스,38조4097,4,2,5,489.1147,367.8831,0,0,
38885849,현대,아반떼 AD,1.6 GDI 밸류 플러스,,201805.0,2018,1299.0,50639.0,가솔린,오토,ORIGINAL,일반,2025-03-20 13:59:12.000 +09,대구,일신자동차상사,200도1665,1,0,3,37.049,0.0,1,0,
38703480,현대,아반떼 (CN7),1.6,모던,202011.0,2021,1690.0,67526.0,가솔린,오토,ORIGINAL,일반,2025-03-20 13:59:12.000 +09,충남,이안모터스,168로1213,1,0,1,96.9796,0.0,1,0,
39089521,현대,아반떼 AD,1.6 GDI 밸류 플러스,,201804.0,2018,1180.0,87605.0,가솔린,오토,ORIGINAL,일반,2025-03-20 13:59:12.000 +09,경기,디에스모터스,10주9250,1,0,3,53.8494,0.0,0,0,
38596538,현대,더 뉴 아반떼,1.6 GDi 스마트,기본형,201501.0,2015,590.0,129607.0,가솔린,오토,ORIGINAL,일반,2025-03-20 13:59:11.000 +09,경기,세광모터스,15더5719,1,0,3,69.6268,0.0,0,0,
38951645,현대,아반떼 AD,1.6 GDI 모던,스페셜,201601.0,2016,970.0,118486.0,가솔린,오토,ORIGINAL,일반,2025-03-20 13:59:04.000 +09,경기,창대모터스,51러0652,1,0,3,88.057,0.0,0,0,
38803017,현대,아반떼 (CN7),1.6,모던,202210.0,2023,1999.0,27861.0,가솔린,오토,ORIGINAL,일반,2025-03-20 13:59:04.000 +09,경기,베스트자동차,189누8349,0,0,2,0.0,0.0,1,0,
38543449,현대,아반떼 AD,1.6 GDI 스마트,(세부등급 없음),201602.0,2016,1170.0,41138.0,가솔린,오토,ORIGINAL,일반,2025-03-20 13:59:04.000 +09,서울,(주)마이원카,01모0488,1,0,1,78.784,0.0,0,0,
38809470,현대,아반떼 (CN7),1.6,인스퍼레이션,202212.0,2023,2090.0,32779.0,가솔린,오토,ORIGINAL,일반,2025-03-20 13:59:03.000 +09,대구,오토플러스(주),347가6519,0,0,0,0.0,0.0,0,0,
38770611,현대,아반떼 AD,1.6 GDI 밸류 플러스,,201711.0,2018,1020.0,113754.0,가솔린,오토,ORIGINAL,일반,2025-03-20 13:59:03.000 +09,대구,수모터스,158도2462,1,0,3,38.6998,0.0,1,0,
39140961,현대,아반떼 (CN7),1.6,인스퍼레이션,202103.0,2021,2090.0,23354.0,가솔린,오토,ORIGINAL,일반,2025-03-20 13:59:03.000 +09,경기,(주)준모터스,145보9420,0,0,3,0.0,0.0,0,0,
39178155,현대,아반떼 AD,1.6 GDI 스마트,(세부등급 없음),201511.0,2016,890.0,89720.0,가솔린,오토,ORIGINAL,일반,2025-03-20 13:59:03.000 +09,경기,라인모터스,67수0797,5,3,3,501.5453,209.183,0,0,
39027597,현대,아반떼 (CN7),1.6,스마트,202104.0,2021,1190.0,109505.0,가솔린,오토,ORIGINAL,일반,2025-03-20 13:59:03.000 +09,서울,마루상사,198고6536,1,8,2,60.1973,659.0968,1,0,
39020536,현대,아반떼 MD,M16 GDI 럭셔리,,201012.0,2011,488.0,73051.0,가솔린,오토,ORIGINAL,일반,2025-03-20 13:59:03.000 +09,광주,위드카겔러리,36저8486,4,1,3,172.1542,42.3156,0,0,
39260870,현대,아반떼 (CN7),1.6,모던,202011.0,2021,1290.0,53000.0,가솔린,오토,ORIGINAL,일반,2025-03-20 13:59:03.000 +09,대전,메인모터스,239다5892,2,0,1,1025.3932,0.0,1,0,
39056258,현대,아반떼 (CN7),1.6 터보 N Line,인스퍼레이션,202011.0,2021,1590.0,82776.0,가솔린,오토,ORIGINAL,일반,2025-03-20 13:59:03.000 +09,대구,대원모터스,116고1668,3,0,1,1583.5267,0.0,0,0,
39014143,현대,아반떼 하이브리드 (CN7),스마트,,202012.0,2021,9999.0,100677.0,가솔린+전기,오토,ORIGINAL,일반,2025-03-20 13:59:03.000 +09,인천,주식회사 시우자동차2,122고4887,0,0,1,0.0,0.0,1,0,
38351848,현대,아반떼 AD,1.6 GDI 모던,스페셜,201510.0,2016,750.0,166384.0,가솔린,오토,ORIGINAL,일반,2025-03-20 13:59:03.000 +09,광주,신한길모터스,25로3803,4,5,2,801.75,280.585,0,0,
39259825,현대,아반떼 (CN7),1.6,스마트,202101.0,2021,1350.0,57070.0,가솔린,오토,ORIGINAL,일반,2025-03-20 13:59:03.000 +09,대전,뉴마도모터스,120라7096,0,1,1,0.0,39.0972,1,0,
39178261,현대,아반떼 (CN7),1.6,인스퍼레이션,202109.0,2021,2090.0,13373.0,가솔린,오토,ORIGINAL,일반,2025-03-20 13:59:03.000 +09,부산,모차본점,250두8055,1,1,1,109.4868,103.2505,1,0,
36933542,현대,아반떼 AD,1.6 GDI 밸류 플러스,,201803.0,2018,850.0,20920.0,가솔린,오토,ORIGINAL,일반,2025-03-20 13:59:03.000 +09,부산,정진엠티에스,33러1307,2,1,3,715.7895,15.0,0,0,
37045289,현대,아반떼 MD,M16 GDI 럭셔리,,201012.0,2011,455.0,28284.0,가솔린,오토,ORIGINAL,일반,2025-03-20 13:59:03.000 +09,경남,양산오토타운,34수9139,10,10,3,695.6386,1097.4904,0,0,
38731823,현대,아반떼 (CN7),1.6,인스퍼레이션,202103.0,2021,1970.0,33758.0,가솔린,오토,ORIGINAL,일반,2025-03-20 13:59:03.000 +09,충남,강성자동차,168주2720,2,0,1,287.1041,0.0,0,0,
38871025,현대,아반떼 AD,1.6 GDI 밸류 플러스,,201808.0,2018,1235.0,51129.0,가솔린,오토,ORIGINAL,일반,2025-03-20 13:58:59.000 +09,부산,디에이치 모터스,10오3167,3,1,1,200.2258,34.393,0,0,
38901509,현대,아반떼 AD,1.6 GDI 밸류 플러스,,201707.0,2018,1225.0,43162.0,가솔린,오토,ORIGINAL,일반,2025-03-20 13:58:59.000 +09,부산,디에이치 모터스,48다1755,1,0,5,27.2113,0.0,0,0,
38555906,현대,더 뉴 아반떼 AD,1.6,스마트,201906.0,2020,1170.0,29664.0,가솔린,오토,ORIGINAL,일반,2025-03-20 13:58:56.000 +09,경기,제이원모터스,54수9056,2,2,1,398.1908,1420.5155,0,0,
38630981,현대,아반떼 AD,1.6 GDI 밸류 플러스,,201801.0,2018,835.0,170656.0,가솔린,오토,ORIGINAL,일반,2025-03-20 13:58:55.000 +09,전북,태양 모터스,159누6741,0,0,3,0.0,0.0,2,0,
38577781,현대,아반떼 AD,1.6 e-VGT 스마트,스페셜,201601.0,2016,665.0,165345.0,디젤,오토,ORIGINAL,일반,2025-03-20 13:58:55.000 +09,전북,태양 모터스,62서0747,3,3,2,218.065,523.381,0,0,
38907339,현대,아반떼 AD,1.6 GDI 밸류 플러스,,201711.0,2018,840.0,100777.0,가솔린,오토,ORIGINAL,일반,2025-03-20 13:58:53.000 +09,경기,(주)청구모터스,51나5051,1,1,1,138.3032,112.8797,0,0,
38939985,현대,아반떼 MD,M16 GDI 탑,,201109.0,2012,580.0,141592.0,가솔린,오토,ORIGINAL,일반,2025-03-20 13:58:51.000 +09,대구,다온모터스,334머1416,3,3,9,824.238,600.9655,1,0,
38681857,현대,아반떼 MD,M16 GDI 스마트,,201308.0,2014,630.0,50459.0,가솔린,오토,ORIGINAL,일반,2025-03-20 13:58:44.000 +09,전북,AUTO SHOP,26러2228,1,2,2,76.0401,102.7803,0,0,
38673621,현대,아반떼 하이브리드 (CN7),모던,,202201.0,2022,1990.0,65579.0,가솔린+전기,오토,ORIGINAL,일반,2025-03-20 13:58:40.000 +09,경기,대한자동차,158나2153,0,1,1,0.0,63.9,1,0,
37669614,현대,아반떼 MD,M16 GDI 스마트,,201303.0,2013,599.0,75000.0,가솔린,오토,ORIGINAL,일반,2025-03-20 13:58:23.000 +09,전북,은혜모터스,35부2388,3,1,0,242.8078,28.375,0,0,
39216548,현대,더 뉴 아반떼,1.6 VGT 스마트,기본형,201503.0,2015,590.0,105441.0,디젤,오토,ORIGINAL,일반,2025-03-20 13:58:11.000 +09,부산,스마일 모터스,52버3931,0,0,3,0.0,0.0,1,0,
39264001,현대,더 뉴 아반떼 하이브리드 (CN7),스마트,,202306.0,2024,2230.0,49854.0,가솔린+전기,오토,ORIGINAL,일반,2025-03-20 13:58:11.000 +09,경기,한성자동차 용인중고차,257구2907,0,0,0,0.0,0.0,1,0,
39075688,현대,더 뉴 아반떼 (CN7),2.0 N,,202401.0,2024,3200.0,6938.0,가솔린,오토,ORIGINAL,일반,2025-03-20 13:58:11.000 +09,경기,알차,361누5847,0,0,0,0.0,0.0,0,0,
39028561,현대,아반떼 (CN7),2.0 N,,202201.0,2022,2590.0,23028.0,가솔린,오토,ORIGINAL,일반,2025-03-20 13:58:11.000 +09,부산,(주)건우모터스,161러2919,2,1,0,277.6911,116.0973,0,0,
39056885,현대,아반떼 (CN7),1.6,모던,202104.0,2021,9999.0,46096.0,가솔린,오토,ORIGINAL,일반,2025-03-20 13:58:11.000 +09,대구,자동차명가,275마4928,0,0,1,0.0,0.0,1,0,
39210016,현대,아반떼 (CN7),1.6,인스퍼레이션,202202.0,2022,2090.0,37099.0,가솔린,오토,ORIGINAL,일반,2025-03-20 13:58:11.000 +09,서울,아이오토스,158라6232,0,0,1,0.0,0.0,0,0,
39202803,현대,아반떼 (CN7),1.6,모던,202101.0,2021,1780.0,35880.0,가솔린,오토,ORIGINAL,일반,2025-03-20 13:58:11.000 +09,대전,주식회사우리카,243도4963,0,0,1,0.0,0.0,1,0,
37432821,현대,아반떼 AD,1.6 e-VGT 스마트,(세부등급 없음),201602.0,2016,619.0,138647.0,디젤,오토,ORIGINAL,일반,2025-03-20 13:58:11.000 +09,광주,해태자동차,127무3916,4,0,5,338.7633,0.0,1,0,
39236041,현대,아반떼 (CN7),1.6,모던,202209.0,2023,1790.0,16833.0,가솔린,오토,ORIGINAL,일반,2025-03-20 13:58:02.000 +09,경기,㈜오토핸즈,172허3816,0,0,0,0.0,0.0,0,0,
39194671,현대,더 뉴 아반떼 AD,1.6,스타일,201906.0,2019,1120.0,20500.0,가솔린,오토,ORIGINAL,일반,2025-03-20 13:58:02.000 +09,경기,착한자동차,64도5622,5,4,1,1551.947,1967.668,0,0,
39220970,현대,아반떼 AD,1.6 GDI 밸류 플러스,,201702.0,2017,1050.0,98839.0,가솔린,오토,ORIGINAL,일반,2025-03-20 13:58:02.000 +09,서울,태광티에프,10모7379,2,2,2,95.3759,336.5527,0,0,
39213432,현대,아반떼 (CN7),1.6 LPi,스타일,202011.0,2021,1290.0,103070.0,LPG(일반인 구입),오토,ORIGINAL,일반,2025-03-20 13:58:02.000 +09,경기,프로모터스,112구2264,1,0,2,81.712,0.0,1,0,
39194709,현대,아반떼 AD,1.6 GDI 스마트,(세부등급 없음),201606.0,2017,1270.0,43938.0,가솔린,오토,ORIGINAL,일반,2025-03-20 13:58:02.000 +09,경기,프로모터스,28모0789,0,0,0,0.0,0.0,0,0,
38387778,현대,아반떼 HD,1.6 VVT S16,프리미어,200810.0,2009,320.0,123419.0,가솔린,오토,ORIGINAL,일반,2025-03-20 13:58:02.000 +09,부산,탑오토모터스,30서9165,2,1,1,213.86,32.096,0,0,
37690921,현대,아반떼 (CN7),1.6 LPi (렌터카),스타일,202007.0,2021,1350.0,77077.0,LPG(일반인 구입),오토,ORIGINAL,일반,2025-03-20 13:58:02.000 +09,경기,카운셀러,151머5812,0,0,2,0.0,0.0,1,0,
37195482,현대,아반떼 (CN7),1.6,모던,202106.0,2021,1420.0,83401.0,가솔린,오토,ORIGINAL,일반,2025-03-20 13:58:02.000 +09,대전,주식회사엘씨,140루6028,1,1,1,166.077,270.1159,1,0,
38174242,현대,아반떼 AD,1.6 GDI 모던,(세부등급 없음),201510.0,2016,1050.0,97421.0,가솔린,오토,ORIGINAL,일반,2025-03-20 13:58:02.000 +09,대구,원.MOTORS,17무7594,4,3,6,140.5519,466.9747,0,0,
38221474,현대,더 뉴 아반떼,1.6 VGT 모던,기본형,201309.0,2014,619.0,127676.0,디젤,오토,ORIGINAL,일반,2025-03-20 13:58:02.000 +09,충남,에스카,50부2925,2,2,6,117.7138,62.105,0,0,
39096782,현대,아반떼 (CN7),1.6,스마트,202006.0,2021,1290.0,74431.0,가솔린,오토,ORIGINAL,일반,2025-03-20 13:58:02.000 +09,대전,코파츠자동차,231소3295,0,0,2,0.0,0.0,1,0,
39071921,현대,아반떼 MD,M16 GDI 스마트,,201301.0,2013,590.0,117994.0,가솔린,오토,ORIGINAL,일반,2025-03-20 13:58:02.000 +09,경기,백제모터스,30버5110,2,0,8,113.6938,0.0,0,0,
38948359,현대,아반떼 AD,1.6 GDI 스마트,(세부등급 없음),201602.0,2016,9999.0,26213.0,가솔린,오토,ORIGINAL,일반,2025-03-20 13:58:02.000 +09,경기,(주)준모터스,41저0865,0,0,1,0.0,0.0,0,0,
38861042,현대,아반떼 (CN7),1.6,인스퍼레이션,202008.0,2021,1990.0,30795.0,가솔린,오토,ORIGINAL,일반,2025-03-20 13:58:02.000 +09,충남,이안모터스,200너3654,2,0,2,177.369,0.0,1,0,
38869247,현대,더 뉴 아반떼,1.6 VGT 스마트,기본형,201506.0,2016,680.0,148577.0,디젤,오토,ORIGINAL,일반,2025-03-20 13:58:02.000 +09,대구,정모터스,39우9052,2,0,3,91.3579,0.0,1,0,
38772983,현대,아반떼 (CN7),1.6,모던,202011.0,2021,1599.0,68244.0,가솔린,오토,ORIGINAL,일반,2025-03-20 13:58:02.000 +09,충남,CAR유모터스,222누7457,3,0,2,367.8726,0.0,1,0,
38732278,현대,아반떼 AD,1.6 GDI 스마트,(세부등급 없음),201510.0,2016,889.0,113154.0,가솔린,오토,ORIGINAL,일반,2025-03-20 13:58:02.000 +09,충남,(주)쿨모터스,24마0542,4,2,2,214.6678,226.0628,0,0,
38747831,현대,아반떼 (CN7),1.6,모던,202101.0,2021,1499.0,55666.0,가솔린,오토,ORIGINAL,일반,2025-03-20 13:58:02.000 +09,전북,은혜모터스,184무7939,3,2,2,328.0749,159.4124,1,0,
38720046,현대,아반떼 (CN7),1.6,모던,202006.0,2021,1490.0,36538.0,가솔린,오토,ORIGINAL,일반,2025-03-20 13:58:02.000 +09,부산,W모터스,240무3760,2,2,1,634.4494,937.3929,0,0,
38539910,현대,아반떼 하이브리드 (CN7),모던,,202011.0,2021,1200.0,140478.0,가솔린+전기,오토,ORIGINAL,일반,2025-03-20 13:58:02.000 +09,인천,(주)에스에이치모터스,267더3150,0,0,2,0.0,0.0,1,0,
39254026,현대,아반떼 (CN7),1.6,모던,202101.0,2021,1650.0,49911.0,가솔린,오토,ORIGINAL,일반,2025-03-20 13:57:41.000 +09,경기,(주)고물상,142마4919,1,0,2,68.073,0.0,1,0,
38531032,현대,아반떼 하이브리드 (CN7),모던,,202009.0,2021,1290.0,170875.0,가솔린+전기,오토,ORIGINAL,일반,2025-03-20 13:57:11.000 +09,대전,(주)하나모터스,230다5083,1,2,1,84.8947,365.4933,1,0,
39075662,현대,더 뉴 아반떼 (CN7),2.0 N,,202401.0,2024,3250.0,6429.0,가솔린,오토,ORIGINAL,일반,2025-03-20 13:57:11.000 +09,경기,알차,361누5845,0,0,0,0.0,0.0,0,0,
38967286,현대,아반떼 AD,1.6 LPI 스타일(렌터카),,201808.0,2018,849.0,130309.0,LPG(일반인 구입),오토,ORIGINAL,일반,2025-03-20 13:57:11.000 +09,충남,(주)오토월드,252서9879,1,0,4,19.609,0.0,1,0,
38936231,현대,아반떼 (CN7),1.6,인스퍼레이션,202204.0,2023,2130.0,34968.0,가솔린,오토,ORIGINAL,일반,2025-03-20 13:57:11.000 +09,대구,참조은 모터스,230무6202,1,1,1,101.4949,70.9612,0,0,
38764304,현대,더 뉴 아반떼 (CN7),1.6,인스퍼레이션,202408.0,2025,2590.0,2459.0,가솔린,오토,ORIGINAL,일반,2025-03-20 13:57:11.000 +09,경기,월드모터스,177서2771,0,0,0,0.0,0.0,0,0,
38498162,현대,아반떼 하이브리드 (CN7),모던,,202010.0,2021,2050.0,33141.0,가솔린+전기,오토,ORIGINAL,일반,2025-03-20 13:57:11.000 +09,경기,무결점카모터스,253주2743,1,1,1,0.0,89.6448,1,0,
39257184,현대,아반떼 (CN7),1.6,스마트,202010.0,2021,1150.0,71836.0,가솔린,CVT,ORIGINAL,일반,2025-03-20 13:57:11.000 +09,충남,가나모터스,398수9608,1,1,0,94.8932,167.6059,1,0,
39258040,현대,아반떼 MD,LPI M16 모던,,201210.0,2013,399.0,173749.0,LPG(일반인 구입),오토,ORIGINAL,일반,2025-03-20 13:57:11.000 +09,인천,조이모터스,29나2250,5,2,4,359.1686,163.6726,0,0,
39183557,현대,아반떼 (CN7),1.6,스마트,202104.0,2021,1220.0,93019.0,가솔린,오토,ORIGINAL,일반,2025-03-20 13:57:11.000 +09,경기,유일모터스,246소6682,4,1,4,241.5172,46.9518,1,0,
39112959,현대,더 뉴 아반떼 AD,1.6,스마트 초이스,201909.0,2020,1339.0,28762.0,가솔린,오토,ORIGINAL,일반,2025-03-20 13:57:09.000 +09,부산,(주)에이스타모터스,354머4884,1,0,2,288.449,0.0,0,0,
39020376,현대,더 뉴 아반떼 AD,1.6,스마트,201811.0,2019,1080.0,94085.0,가솔린,오토,ORIGINAL,일반,2025-03-20 13:57:07.000 +09,부산,더베스트모터스,09소3422,3,2,1,392.8798,103.7049,0,0,
38787832,현대,더 뉴 아반떼 AD,1.6,스마트 초이스,201912.0,2020,1140.0,79173.0,가솔린,오토,ORIGINAL,일반,2025-03-20 13:57:02.000 +09,경기,자마이카,114더4124,2,1,1,203.269,39.6194,1,0,
38558040,현대,아반떼 (CN7),2.0 N,,202302.0,2023,2800.0,16737.0,가솔린,오토,ORIGINAL,일반,2025-03-20 13:57:02.000 +09,경기,일산풍동오토갤러리,133두8792,0,0,3,0.0,0.0,0,0,
38652887,현대,아반떼 (CN7),1.6,모던,202006.0,2021,1699.0,52067.0,가솔린,오토,ORIGINAL,일반,2025-03-20 13:57:02.000 +09,경기,금화모터스,260누8213,1,1,3,48.235,33.9229,1,0,
38369720,현대,아반떼 MD,M16 GDI 럭셔리,,201111.0,2012,470.0,95290.0,가솔린,오토,ORIGINAL,일반,2025-03-20 13:57:02.000 +09,전북,신세계모터스,59마9069,5,2,1,418.533,125.318,1,0,
37798392,현대,아반떼 MD,M16 GDI 럭셔리,,201010.0,2011,359.0,92821.0,가솔린,오토,ORIGINAL,일반,2025-03-20 13:57:02.000 +09,전북,서울모터스,33누1879,6,1,1,618.4461,50.8173,0,0,
38917832,현대,더 뉴 아반떼 AD,1.6 LPi,스마트(렌터카용),202003.0,2020,950.0,127613.0,LPG(일반인 구입),오토,ORIGINAL,일반,2025-03-20 13:57:02.000 +09,전북,카마트,291라9366,1,3,2,0.0,379.464,1,0,
39150338,현대,아반떼 AD,1.6 GDI 밸류 플러스,,201611.0,2017,970.0,91407.0,가솔린,오토,ORIGINAL,일반,2025-03-20 13:57:02.000 +09,인천,카몽,41주4333,1,5,2,40.5493,740.592,0,0,
39113173,현대,아반떼 (CN7),1.6,모던,202011.0,2021,1400.0,88774.0,가솔린,오토,ORIGINAL,일반,2025-03-20 13:57:02.000 +09,경기,신화모터스,237소6627,1,0,1,242.041,0.0,1,0,
39140068,현대,아반떼 하이브리드 (CN7),모던,,202206.0,2023,1880.0,63057.0,가솔린+전기,오토,ORIGINAL,일반,2025-03-20 13:57:02.000 +09,대전,주식회사우리카,248고6351,1,0,1,0.0,0.0,1,0,
39127089,현대,아반떼 AD,1.6 GDI 스마트,(세부등급 없음),201606.0,2016,890.0,55349.0,가솔린,오토,ORIGINAL,일반,2025-03-20 13:57:02.000 +09,인천,JP모터스,57도0801,3,1,3,318.2351,0.0,0,0,
39109275,현대,아반떼 하이브리드,HDeIII,기본형,201009.0,2011,290.0,153072.0,LPG+전기,오토,ORIGINAL,일반,2025-03-20 13:57:02.000 +09,충남,기쁜중고차,14노3907,10,6,6,2653.4957,460.6108,1,0,
39082779,현대,더 뉴 아반떼 (CN7),1.6,인스퍼레이션,202402.0,2024,2490.0,7640.0,가솔린,오토,ORIGINAL,일반,2025-03-20 13:57:02.000 +09,경기,의정부중고차매매상사,214오6383,0,0,0,0.0,0.0,0,0,
38994735,현대,아반떼 AD,1.6 GDI 밸류 플러스,,201804.0,2018,1020.0,67810.0,가솔린,오토,ORIGINAL,일반,2025-03-20 13:57:02.000 +09,경기,천마상사,52두2392,2,3,2,90.84,475.7785,0,0,
38930437,현대,더 뉴 아반떼 (CN7),1.6 LPi (렌터카),모던,202404.0,2024,1930.0,32202.0,LPG(일반인 구입),오토,ORIGINAL,일반,2025-03-20 13:57:02.000 +09,경기,㈜오토핸즈,200하3242,0,0,0,0.0,0.0,0,0,
38856942,현대,더 뉴 아반떼 (CN7),1.6,모던,202311.0,2024,2170.0,10216.0,가솔린,오토,ORIGINAL,일반,2025-03-20 13:57:02.000 +09,부산,(주)에이비씨모터스,320노1046,0,1,2,0.0,99.97,0,0,
39077384,현대,아반떼 AD,1.6 GDI 스타일,,201602.0,2016,719.0,137236.0,가솔린,오토,ORIGINAL,일반,2025-03-20 13:57:02.000 +09,충남,진명자동차,06보4756,0,0,4,0.0,0.0,1,0,
39192580,현대,아반떼 AD,1.6 GDI 프리미엄,,201511.0,2016,779.0,229258.0,가솔린,오토,ORIGINAL,일반,2025-03-20 13:57:02.000 +09,대구,그차는내차,31부0628,2,2,4,273.835,427.5125,0,0,
39276052,현대,아반떼 (CN7),1.6,모던,202104.0,2021,1430.0,97168.0,가솔린,오토,ORIGINAL,일반,2025-03-20 13:57:01.000 +09,대전,(주)이카,354러7648,1,0,1,279.7478,0.0,1,0,
39276735,현대,아반떼 MD,M16 GDI 스마트,,201304.0,2013,500.0,48472.0,가솔린,오토,ORIGINAL,일반,2025-03-20 13:56:52.000 +09,경기,카카오토,57주6857,2,1,0,233.6995,52.801,0,0,
39103296,현대,아반떼 AD,1.6 터보 스포츠,(세부등급 없음),201803.0,2018,885.0,149671.0,가솔린,오토,ORIGINAL,일반,2025-03-20 13:56:40.000 +09,대구,정인모터스,10무7262,2,2,2,122.692,82.9697,0,0,
38187873,현대,아반떼 (CN7),1.6 LPi (렌터카),스타일,202008.0,2021,1120.0,93867.0,LPG(일반인 구입),오토,ORIGINAL,일반,2025-03-20 13:56:37.000 +09,경기,믿음모터스,129부8597,1,0,1,65.9013,0.0,1,0,
38580392,현대,아반떼 하이브리드 (CN7),모던,,202107.0,2021,1780.0,42985.0,가솔린+전기,오토,ORIGINAL,일반,2025-03-20 13:56:37.000 +09,경기,믿음모터스,204우9452,1,0,1,92.879,0.0,1,0,
38819548,현대,아반떼 (CN7),1.6,모던,202012.0,2021,1670.0,85470.0,가솔린,오토,ORIGINAL,일반,2025-03-20 13:56:31.000 +09,대구,SM모터스,290루5872,1,1,1,42.8779,81.203,1,0,
38756062,현대,아반떼 MD,M16 GDI 프리미어,,201111.0,2012,480.0,143632.0,가솔린,오토,ORIGINAL,일반,2025-03-20 13:56:28.000 +09,전북,뉴소나무상사,25부6638,0,1,6,0.0,61.383,0,0,
38676827,현대,아반떼 MD,M16 GDI 에비뉴,,201306.0,2014,450.0,115947.0,가솔린,오토,ORIGINAL,일반,2025-03-20 13:56:11.000 +09,인천,카스갤러리,42오1873,7,2,1,637.4896,160.996,0,0,
38502840,현대,아반떼 하이브리드 (CN7),모던,,202009.0,2021,1970.0,11834.0,가솔린+전기,오토,ORIGINAL,일반,2025-03-20 13:56:11.000 +09,인천,조이모터스,122보7605,1,1,1,306.497,41.1764,1,0,
39258355,현대,더 뉴 아반떼,1.6 GDi 프리미엄,기본형,201403.0,2014,670.0,155878.0,가솔린,오토,ORIGINAL,일반,2025-03-20 13:56:11.000 +09,광주,에스원모터스,47가7456,5,2,5,272.4208,66.94,0,0,
39220663,현대,아반떼 MD,1.8 수출형,,201312.0,2013,530.0,140193.0,가솔린,오토,ORIGINAL,일반,2025-03-20 13:56:11.000 +09,서울,주)오토리안,371고3845,0,1,0,0.0,45.546,0,0,
39155848,현대,아반떼 (CN7),1.6 터보 N Line,스포츠,202108.0,2021,1570.0,19134.0,가솔린,수동,ORIGINAL,일반,2025-03-20 13:56:11.000 +09,경기,코리아모터스,359수9662,0,0,2,0.0,0.0,1,0,
39072943,현대,아반떼 AD,1.6 e-VGT 스마트,스페셜,201509.0,2016,899.0,90435.0,디젤,오토,ORIGINAL,일반,2025-03-20 13:56:11.000 +09,경기,자마이카,33다0828,1,0,1,63.14,0.0,0,0,
39003584,현대,더 뉴 아반떼 (CN7),2.0 N,,202412.0,2025,2701.0,2400.0,가솔린,오토,ORIGINAL,리스,2025-03-20 13:56:11.000 +09,서울,,219라3048,0,0,0,0.0,0.0,0,0,
39225660,현대,아반떼 (CN7),1.6,모던,202206.0,2023,2090.0,28796.0,가솔린,오토,ORIGINAL,일반,2025-03-20 13:56:11.000 +09,경기,㈜오토핸즈,169하9711,0,0,0,0.0,0.0,0,0,
38445402,현대,아반떼 (CN7),1.6,인스퍼레이션,202012.0,2021,2000.0,51859.0,가솔린,오토,ORIGINAL,일반,2025-03-20 13:56:11.000 +09,경기,오토피아,156가5094,1,0,1,107.4469,0.0,0,0,
38490178,현대,아반떼 HD,1.6 VVT S16,럭셔리,201002.0,2010,330.0,92798.0,가솔린,오토,ORIGINAL,일반,2025-03-20 13:56:03.000 +09,부산,카뱅모터스,48무3311,1,3,1,64.9988,1250.244,0,0,
37459796,현대,더 뉴 아반떼,1.6 VGT 스마트,기본형,201401.0,2014,430.0,165830.0,디젤,오토,ORIGINAL,일반,2025-03-20 13:56:02.000 +09,광주,(주)에이프로,26보4534,6,2,4,298.1228,568.3828,0,0,
39226476,현대,아반떼 (CN7),1.6,인스퍼레이션,202104.0,2021,1910.0,34031.0,가솔린,오토,ORIGINAL,일반,2025-03-20 13:56:02.000 +09,경기,지오모터스,109주2650,2,0,2,160.1603,0.0,1,0,
38968401,현대,아반떼 AD,1.6 GDI 스타일,,201606.0,2017,830.0,147508.0,가솔린,오토,ORIGINAL,일반,2025-03-20 13:56:02.000 +09,전북,미라클,316머2341,1,3,4,146.683,676.62,1,0,
38931524,현대,아반떼 AD,1.6 GDI 스타일,,201604.0,2016,659.0,129392.0,가솔린,오토,ORIGINAL,일반,2025-03-20 13:56:02.000 +09,부산,스타엠 주식회사,247수2300,1,0,2,41.7483,0.0,1,0,
39132760,현대,아반떼 AD,1.6 GDI 밸류 플러스,,201610.0,2017,1020.0,64917.0,가솔린,오토,ORIGINAL,일반,2025-03-20 13:56:02.000 +09,경기,(주)준모터스,66저0488,3,0,1,172.487,0.0,0,0,
39225250,현대,아반떼 MD,M16 GDI 모던,,201210.0,2013,420.0,158034.0,가솔린,오토,ORIGINAL,일반,2025-03-20 13:56:02.000 +09,인천,착한중고차,31모2996,3,4,3,213.7289,958.623,0,0,
39221937,현대,아반떼 (CN7),1.6,인스퍼레이션,202207.0,2023,2159.0,40173.0,가솔린,오토,ORIGINAL,일반,2025-03-20 13:56:02.000 +09,대전,(주)해승모터스,144로9248,1,0,0,0.0,0.0,0,0,
39216717,현대,더 뉴 아반떼 AD,1.6 LPi,스타일(렌터카용),201910.0,2020,880.0,127265.0,LPG(일반인 구입),오토,ORIGINAL,일반,2025-03-20 13:56:02.000 +09,대전,안모터스,267우5344,4,1,1,228.3124,81.3034,1,0,
39217029,현대,아반떼 AD,1.6 e-VGT 프리미엄,,201606.0,2016,730.0,134666.0,디젤,오토,ORIGINAL,일반,2025-03-20 13:56:02.000 +09,충남,으랏차차모터스,23주0141,5,3,2,609.4583,116.1546,0,0,
39211785,현대,아반떼 MD,M16 GDI 프리미어,,201112.0,2012,350.0,158686.0,가솔린,오토,ORIGINAL,일반,2025-03-20 13:56:02.000 +09,서울,(주)한경자동차,20어4019,5,3,2,678.8134,137.4329,0,0,
39212612,현대,더 뉴 아반떼 (CN7),1.6,인스퍼레이션,202404.0,2024,2040.0,5747.0,가솔린,오토,ORIGINAL,일반,2025-03-20 13:56:02.000 +09,경기,㈜오토핸즈,250어9714,1,0,0,0.0,0.0,0,0,
39183891,현대,더 뉴 아반떼,1.6 GDi 스마트,기본형,201403.0,2014,699.0,72443.0,가솔린,오토,ORIGINAL,일반,2025-03-20 13:56:02.000 +09,충남,디에스오토 주식회사,26서5117,0,1,2,0.0,102.84,0,0,
39240395,현대,아반떼 하이브리드 (CN7),모던,,202207.0,2023,1920.0,75362.0,가솔린+전기,오토,ORIGINAL,일반,2025-03-20 13:56:02.000 +09,경기,롯데렌탈주식회사,248머6641,0,0,0,0.0,0.0,1,0,
38619813,현대,아반떼 HD,1.6 VVT S16,럭셔리,200901.0,2009,375.0,70952.0,가솔린,오토,ORIGINAL,일반,2025-03-20 13:56:02.000 +09,경남,신부경모터스,15거8418,1,2,2,54.69,31.795,0,0,
38401789,현대,아반떼 AD,1.6 e-VGT 스마트,(세부등급 없음),201707.0,2018,830.0,130904.0,디젤,오토,ORIGINAL,일반,2025-03-20 13:56:02.000 +09,경기,해피카,55우5089,0,1,3,0.0,76.2819,0,0,
38238150,현대,아반떼 AD,1.6 GDI 모던,(세부등급 없음),201702.0,2017,990.0,85958.0,가솔린,오토,ORIGINAL,일반,2025-03-20 13:56:02.000 +09,경기,(주)영모터스,07오7134,2,3,2,410.5978,338.5938,0,0,
38158176,현대,아반떼 (CN7),1.6 LPi (렌터카),스타일,202007.0,2021,1199.0,80712.0,LPG(일반인 구입),오토,ORIGINAL,일반,2025-03-20 13:56:02.000 +09,경기,차차모터스,387고7992,2,0,1,330.6282,0.0,1,0,
38059071,현대,아반떼 (CN7),1.6,모던,202005.0,2021,1620.0,45854.0,가솔린,오토,ORIGINAL,일반,2025-03-20 13:56:02.000 +09,경기,MK모터스,251어9507,2,1,3,255.236,127.7,0,0,
38260676,현대,아반떼 MD,M16 GDI 블루세이버,,201109.0,2012,550.0,70590.0,가솔린,오토,ORIGINAL,일반,2025-03-20 13:56:02.000 +09,전남,JC모터스,20라1006,3,0,1,235.3283,0.0,0,0,
39268556,현대,더 뉴 아반떼 (CN7),1.6,인스퍼레이션,202404.0,2024,2490.0,1097.0,가솔린,오토,ORIGINAL,일반,2025-03-20 13:56:01.000 +09,인천,케이 모터스,372러8461,0,1,0,0.0,68.044,0,0,
39040576,현대,아반떼 MD,M16 GDI 에비뉴,,201305.0,2014,360.0,99699.0,가솔린,오토,ORIGINAL,일반,2025-03-20 13:55:54.000 +09,경북,나무,24무5639,2,2,3,1520.46,1695.0,0,0,
38774843,현대,아반떼 AD,1.6 GDI 모던,(세부등급 없음),201607.0,2017,695.0,194734.0,가솔린,오토,ORIGINAL,일반,2025-03-20 13:55:47.000 +09,대전,나성모터스,62우0478,3,0,1,209.9501,0.0,0,0,
39151367,현대,아반떼 MD,M16 GDI 프리미어,,201009.0,2011,499.0,151827.0,가솔린,오토,ORIGINAL,일반,2025-03-20 13:55:35.000 +09,대구,동영자동차,58어4036,1,2,1,28.61,120.4586,0,0,
39217476,현대,더 뉴 아반떼,1.6 GDi 스타일,,201504.0,2015,550.0,73784.0,가솔린,수동,ORIGINAL,일반,2025-03-20 13:55:25.000 +09,울산,R모터스,11고5157,0,1,3,0.0,109.9,0,0,
38734164,현대,더 뉴 아반떼 AD,1.6,스마트 초이스,201912.0,2020,1350.0,68729.0,가솔린,오토,ORIGINAL,일반,2025-03-20 13:55:12.000 +09,서울,에스에이치모터스,160너7858,3,0,1,239.7422,0.0,0,0,
38230317,현대,더 뉴 아반떼 (CN7),1.6,인스퍼레이션,202305.0,2024,2550.0,6057.0,가솔린,오토,ORIGINAL,일반,2025-03-20 13:55:12.000 +09,경기,(주)에스비즈,202버3826,0,0,0,0.0,0.0,0,0,
38248739,현대,아반떼 (CN7),1.6 LPi,모던,202212.0,2022,1890.0,33224.0,LPG(일반인 구입),오토,ORIGINAL,일반,2025-03-20 13:55:12.000 +09,서울,주)오토리안,394라4557,0,0,1,0.0,0.0,0,0,
39243200,현대,아반떼 (CN7),2.0 N,,202206.0,2023,2750.0,40733.0,가솔린,오토,ORIGINAL,일반,2025-03-20 13:55:12.000 +09,전북,(주)유카,323소4043,0,0,3,0.0,0.0,0,0,
39186716,현대,아반떼 (CN7),1.6,모던,202102.0,2021,1650.0,54128.0,가솔린,오토,ORIGINAL,일반,2025-03-20 13:55:12.000 +09,경기,롯데렌탈주식회사,212마9868,0,0,0,0.0,0.0,1,0,
39134362,현대,아반떼 (CN7),1.6,인스퍼레이션,202101.0,2021,1699.0,66858.0,가솔린,오토,ORIGINAL,일반,2025-03-20 13:55:12.000 +09,서울,(주)한마음모터스,351러3539,1,0,1,369.932,0.0,0,0,
38674810,현대,아반떼 (CN7),1.6,스마트,202104.0,2021,1200.0,101976.0,가솔린,오토,ORIGINAL,일반,2025-03-20 13:55:12.000 +09,경기,에스클래스,342주1757,1,5,2,43.663,1135.4221,1,0,
38996256,현대,아반떼 (CN7),2.0 N,,202305.0,2023,2460.0,7664.0,가솔린,오토,ORIGINAL,일반,2025-03-20 13:55:12.000 +09,경기,주식회사코리아오토카,261오6295,2,0,1,862.1051,0.0,0,0,
38885547,현대,더 뉴 아반떼 AD,1.6 디젤,스타일,201905.0,2019,999.0,192719.0,디젤,오토,ORIGINAL,일반,2025-03-20 13:55:12.000 +09,경기,알차,329더8079,0,0,1,0.0,0.0,1,0,
39083310,현대,아반떼 AD,1.6 GDI 스마트,스페셜,201601.0,2016,1000.0,102560.0,가솔린,오토,ORIGINAL,일반,2025-03-20 13:55:12.000 +09,서울,프라임모터스,11버0899,3,2,1,145.9622,61.1192,0,0,
39249362,현대,아반떼 (CN7),1.6,모던,202105.0,2021,1820.0,16381.0,가솔린,오토,ORIGINAL,일반,2025-03-20 13:55:12.000 +09,경기,카운셀러,279마5943,0,0,3,0.0,0.0,1,0,
36174163,현대,아반떼 HD,1.6 VVT E16,디럭스,201001.0,2010,280.0,106977.0,가솔린,오토,ORIGINAL,일반,2025-03-20 13:55:12.000 +09,부산,탑오토모터스,33무7776,1,0,3,122.5938,0.0,0,0,
38203552,현대,아반떼 AD,1.6 GDI 모던,(세부등급 없음),201509.0,2016,900.0,126684.0,가솔린,오토,ORIGINAL,일반,2025-03-20 13:55:11.000 +09,부산,아피스오토,06나0688,3,1,2,196.7959,98.0028,0,0,
39045282,현대,아반떼 AD,1.6 GDI 밸류 플러스,,201711.0,2018,1030.0,96000.0,가솔린,오토,ORIGINAL,일반,2025-03-20 13:55:07.000 +09,부산,일화상사,32모7760,4,0,1,232.7506,0.0,0,0,
39087077,현대,더 뉴 아반떼 AD,1.6,스마트,201910.0,2020,1280.0,68000.0,가솔린,오토,ORIGINAL,일반,2025-03-20 13:55:07.000 +09,부산,일화상사,195루8374,0,4,2,0.0,551.3939,1,0,
38311473,현대,더 뉴 아반떼 AD,1.6,스마트,201907.0,2020,1299.0,83000.0,가솔린,오토,ORIGINAL,일반,2025-03-20 13:55:06.000 +09,부산,일화상사,105주3394,0,1,1,0.0,141.3,1,0,
37934876,현대,더 뉴 아반떼,1.6 GDi 스마트,기본형,201412.0,2015,650.0,48295.0,가솔린,오토,ORIGINAL,일반,2025-03-20 13:55:03.000 +09,경남,BB모터스,42마1621,2,2,4,460.9126,373.6999,0,0,
37905022,현대,더 뉴 아반떼,1.6 LPi 스마트,,201508.0,2016,770.0,90135.0,LPG(일반인 구입),오토,ORIGINAL,일반,2025-03-20 13:55:03.000 +09,광주,금상모터스,69누0641,3,2,5,357.6069,169.853,0,0,
37770034,현대,아반떼 HD,1.6 VVT S16,럭셔리 어드밴스팩,200908.0,2010,299.0,105107.0,가솔린,오토,ORIGINAL,일반,2025-03-20 13:55:03.000 +09,경기,홈카,38서5903,5,2,4,384.3986,194.28,0,0,
37692536,현대,아반떼 AD,1.6 GDI 모던,스페셜,201510.0,2016,940.0,26358.0,가솔린,오토,ORIGINAL,일반,2025-03-20 13:55:03.000 +09,대구,메인모터스,35무0563,5,4,2,707.7231,617.8983,0,0,
36467623,현대,아반떼 MD,M16 GDI 프리미어,,201206.0,2012,560.0,87070.0,가솔린,오토,ORIGINAL,일반,2025-03-20 13:55:03.000 +09,서울,그린모터스,48주3908,3,1,2,148.2023,36.2198,0,0,
38388374,현대,아반떼 AD,1.6 GDI 밸류 플러스,,201704.0,2017,1199.0,51464.0,가솔린,오토,ORIGINAL,일반,2025-03-20 13:55:03.000 +09,대구,다나자동차,20서7216,4,4,1,220.018,412.6827,0,0,
38000233,현대,아반떼 (CN7),1.6 터보 N Line,스포츠,202106.0,2021,1890.0,51946.0,가솔린,오토,ORIGINAL,일반,2025-03-20 13:55:03.000 +09,인천,한진모터스,107서2678,1,1,5,84.0609,139.473,0,0,
38939470,현대,아반떼 AD,1.6 GDI 밸류 플러스,,201712.0,2018,1020.0,113288.0,가솔린,오토,ORIGINAL,일반,2025-03-20 13:55:03.000 +09,경남,강남모터스,50보7072,1,1,1,109.0543,300.0,0,0,
38837145,현대,더 뉴 아반떼 AD,1.6 LPi,스마트(렌터카용),201906.0,2020,1060.0,109445.0,LPG(일반인 구입),오토,ORIGINAL,일반,2025-03-20 13:55:03.000 +09,부산,태성모터스,253부8513,1,2,2,95.8173,168.8328,1,0,
38857648,현대,아반떼 (CN7),1.6,모던,202301.0,2023,1652.0,35252.0,가솔린,오토,ORIGINAL,렌트,2025-03-20 13:55:03.000 +09,경기,블루오토,193호9024,0,0,0,0.0,0.0,0,0,
38813673,현대,아반떼 AD,1.6 터보 스포츠,(세부등급 없음),201803.0,2018,945.0,103730.0,가솔린,오토,ORIGINAL,일반,2025-03-20 13:55:03.000 +09,대구,킹모터스,01보4541,3,0,3,247.8878,0.0,0,0,
39108241,현대,아반떼 AD,1.6 터보 스포츠,(세부등급 없음),201710.0,2018,1355.0,74217.0,가솔린,오토,ORIGINAL,일반,2025-03-20 13:55:03.000 +09,충남,헤이모터스,60보2090,1,1,2,211.7445,82.7566,0,0,
39084963,현대,더 뉴 아반떼 AD,1.6,스마트 초이스,201910.0,2020,1220.0,83112.0,가솔린,오토,ORIGINAL,일반,2025-03-20 13:55:03.000 +09,경남,김해)로드카21,208너9364,2,0,1,179.0251,0.0,1,0,
39048936,현대,아반떼 AD,1.6 GDI 밸류 플러스,,201611.0,2017,749.0,161502.0,가솔린,오토,ORIGINAL,일반,2025-03-20 13:55:03.000 +09,대구,삼성종합자동차상사,67도4235,2,3,3,403.0687,859.8394,0,0,
39105629,현대,아반떼 (CN7),1.6,인스퍼레이션,202103.0,2021,2230.0,32239.0,가솔린,오토,ORIGINAL,일반,2025-03-20 13:55:03.000 +09,경기,벧엘자동차 2,276두2976,0,0,1,0.0,0.0,0,0,
39245767,현대,더 뉴 아반떼 (CN7),2.0 N,,202401.0,2024,3300.0,5986.0,가솔린,오토,ORIGINAL,일반,2025-03-20 13:55:03.000 +09,부산,오토플러스(주),361누5886,0,0,0,0.0,0.0,0,0,
39209625,현대,아반떼 MD,M16 GDI 스마트,,201210.0,2013,540.0,128748.0,가솔린,오토,ORIGINAL,일반,2025-03-20 13:55:03.000 +09,경기,코리아모터스,31부8970,4,3,3,354.4567,363.4561,0,0,
39268120,현대,아반떼 (CN7),1.6,모던,202012.0,2021,1640.0,23220.0,가솔린,오토,ORIGINAL,일반,2025-03-20 13:55:03.000 +09,경기,위드카,382모3825,1,1,0,0.0,0.0,0,0,
39169864,현대,더 뉴 아반떼 (CN7),1.6,인스퍼레이션,202402.0,2024,2560.0,19008.0,가솔린,오토,ORIGINAL,일반,2025-03-20 13:55:03.000 +09,서울,(주)아이오토마스터,220오9638,0,0,0,0.0,0.0,0,0,
38411375,현대,아반떼 MD,M16 GDI 에비뉴,,201307.0,2014,480.0,110829.0,가솔린,오토,ORIGINAL,일반,2025-03-20 13:54:51.000 +09,대전,(주)하입카즈,54부8068,6,5,3,845.0654,670.393,0,0,
38126377,현대,아반떼 MD,M16 GDI 프리미어,,201106.0,2012,650.0,96592.0,가솔린,오토,ORIGINAL,일반,2025-03-20 13:54:51.000 +09,대전,(주)하입카즈,53버3501,2,0,1,119.6315,0.0,0,0,
38332869,현대,아반떼 AD,1.6 GDI 밸류 플러스,,201702.0,2017,900.0,117139.0,가솔린,오토,ORIGINAL,일반,2025-03-20 13:54:43.000 +09,대구,우리모터스,69로2729,2,2,2,344.7637,70.283,0,0,
39251378,현대,아반떼 (CN7),1.6,모던,202004.0,2021,1990.0,18000.0,가솔린,CVT,ORIGINAL,일반,2025-03-20 13:54:25.000 +09,경기,카메이트,161고8988,0,0,0,0.0,0.0,0,0,
39065581,현대,더 뉴 아반떼,1.6 GDi 스마트,기본형,201403.0,2014,650.0,87259.0,가솔린,오토,ORIGINAL,일반,2025-03-20 13:54:16.000 +09,경기,세광모터스,66저5960,1,1,7,81.38,63.293,0,0,
37867471,현대,아반떼 AD,1.6 e-VGT 스타일,,201509.0,2016,650.0,86406.0,디젤,오토,ORIGINAL,일반,2025-03-20 13:54:12.000 +09,부산,마이카,46서3462,1,1,1,141.3628,163.79,0,0,
38618282,현대,아반떼 하이브리드 (CN7),모던,,202107.0,2021,1699.0,66089.0,가솔린+전기,오토,ORIGINAL,일반,2025-03-20 13:54:12.000 +09,충남,다온모터스,316우1228,1,0,1,87.195,0.0,1,0,
39124345,현대,더 뉴 아반떼 (CN7),1.6,모던,202404.0,2024,2270.0,3131.0,가솔린,오토,ORIGINAL,일반,2025-03-20 13:54:12.000 +09,서울,주식회사 나우모터스,231나1254,1,0,0,48.074,0.0,0,0,0.0
39131085,현대,아반떼 MD,M16 GDI 디럭스,,201010.0,2011,440.0,58852.0,가솔린,오토,ORIGINAL,일반,2025-03-20 13:54:12.000 +09,인천,패밀리카,54수7495,1,1,3,46.537,45.669,0,0,
39266144,현대,아반떼 AD,1.6 GDI 스마트,(세부등급 없음),201605.0,2017,799.0,143045.0,가솔린,오토,ORIGINAL,일반,2025-03-20 13:54:12.000 +09,서울,주식회사 프로모터스,216무5673,0,0,3,0.0,0.0,1,0,
39018357,현대,아반떼 MD,M16 GDI 럭셔리,,201106.0,2012,590.0,45158.0,가솔린,오토,ORIGINAL,일반,2025-03-20 13:54:12.000 +09,경기,풍년자동차,62두9985,4,1,3,270.4482,167.8566,0,0,
39190511,현대,아반떼 (CN7),2.0 N,,202305.0,2023,2800.0,11749.0,가솔린,수동,ORIGINAL,일반,2025-03-20 13:54:12.000 +09,서울,(주) 대디모터스,178조1132,0,0,5,0.0,0.0,0,0,
38885210,현대,아반떼 MD,M16 GDI 프리미어,,201201.0,2012,550.0,70454.0,가솔린,오토,ORIGINAL,일반,2025-03-20 13:54:04.000 +09,충북,더챔,33저5442,2,0,3,458.7817,0.0,0,0,
39261015,현대,더 뉴 아반떼,1.6 GDi 모던,기본형,201502.0,2015,840.0,58435.0,가솔린,오토,ORIGINAL,일반,2025-03-20 13:54:03.000 +09,울산,태성모터스,36누3995,3,2,1,251.5934,90.282,0,0,
38426156,현대,아반떼 AD,1.6 GDI 밸류 플러스,,201710.0,2018,920.0,82514.0,가솔린,오토,ORIGINAL,일반,2025-03-20 13:54:03.000 +09,경기,윈윈 모터스,52라5728,3,0,1,272.5058,0.0,0,0,
38023963,현대,아반떼 (CN7),1.6,모던,202201.0,2022,1630.0,90148.0,가솔린,오토,ORIGINAL,일반,2025-03-20 13:54:03.000 +09,서울,마루자동차,206두5527,1,0,1,241.8029,0.0,1,0,
38250000,현대,아반떼 HD,1.6 VVT X16,프리미어,200702.0,2007,290.0,105054.0,가솔린,오토,ORIGINAL,일반,2025-03-20 13:54:03.000 +09,경기,하나모터스,09두5071,2,0,4,145.597,0.0,0,0,
38185129,현대,더 뉴 아반떼,1.6 GDi 모던,기본형,201509.0,2016,690.0,111656.0,가솔린,오토,ORIGINAL,일반,2025-03-20 13:54:03.000 +09,충남,(주)강성자동차,29다0520,0,1,1,0.0,198.6598,0,0,
38736829,현대,아반떼 MD,M16 GDI 에비뉴,,201308.0,2014,490.0,83374.0,가솔린,오토,ORIGINAL,일반,2025-03-20 13:54:03.000 +09,경기,카카오토,63보8127,5,3,3,774.9225,169.2968,0,0,
38597045,현대,아반떼 (CN7),1.6,모던,202007.0,2021,1440.0,108272.0,가솔린,오토,ORIGINAL,일반,2025-03-20 13:54:03.000 +09,대전,서해모터스,129보2826,2,1,1,151.1824,173.592,1,0,
39211846,현대,아반떼 하이브리드 (CN7),모던,,202107.0,2021,1830.0,78794.0,가솔린+전기,오토,ORIGINAL,일반,2025-03-20 13:54:03.000 +09,경기,타타모터스,154버7085,0,0,1,0.0,0.0,1,0,
39135650,현대,아반떼 (CN7),2.0 N,,202207.0,2023,2820.0,29253.0,가솔린,오토,ORIGINAL,일반,2025-03-20 13:54:03.000 +09,서울,(주)나우모터스,246보9299,1,0,1,59.1836,0.0,0,0,
39129147,현대,아반떼 (CN7),1.6 LPi (렌터카),스마트,202105.0,2021,1550.0,71183.0,LPG(일반인 구입),오토,ORIGINAL,일반,2025-03-20 13:54:03.000 +09,대구,태풍자동차,199로6084,0,0,1,0.0,0.0,1,0,
39123718,현대,더 뉴 아반떼 (CN7),1.6,인스퍼레이션,202404.0,2024,2370.0,13904.0,가솔린,오토,ORIGINAL,일반,2025-03-20 13:54:03.000 +09,경기,(주)준모터스,159저6978,1,0,1,58.953,0.0,0,0,
39041781,현대,아반떼 AD,1.6 GDI 스마트,(세부등급 없음),201605.0,2016,790.0,62460.0,가솔린,오토,ORIGINAL,일반,2025-03-20 13:54:03.000 +09,인천,유안모터스,40마0598,2,2,2,228.325,152.174,0,0,
39071947,현대,아반떼 AD,1.6 GDI 스마트,(세부등급 없음),201601.0,2016,870.0,118139.0,가솔린,오토,ORIGINAL,일반,2025-03-20 13:54:03.000 +09,대전,(주)케이제이모터스,54너0944,3,1,3,192.332,179.3919,0,0,
39066444,현대,아반떼 HD,1.6 VVT X16,럭셔리 블랙,200912.0,2010,350.0,121178.0,가솔린,오토,ORIGINAL,일반,2025-03-20 13:54:03.000 +09,울산,DK모터스,391우3639,5,4,5,836.5358,2033.6571,1,0,
39069247,현대,아반떼 AD,1.6 GDI 모던,스페셜,201510.0,2016,700.0,143328.0,가솔린,오토,ORIGINAL,일반,2025-03-20 13:54:03.000 +09,경기,(주)알차이노베이션,32서1587,3,2,5,387.1706,247.4877,0,0,
38977657,현대,아반떼 (CN7),1.6,인스퍼레이션,202006.0,2021,1850.0,40594.0,가솔린,오토,ORIGINAL,일반,2025-03-20 13:54:03.000 +09,경기,주식회사 오토엠,350부3445,3,0,0,399.5029,0.0,0,0,
38987369,현대,아반떼 AD,1.6 GDI 스마트,(세부등급 없음),201608.0,2017,775.0,92278.0,가솔린,오토,ORIGINAL,일반,2025-03-20 13:54:03.000 +09,충남,달인상사,66오0461,5,3,0,365.6418,127.9376,0,0,
38918726,현대,아반떼 HD,1.6 VVT S16,프리미어,200611.0,2007,270.0,131323.0,가솔린,오토,ORIGINAL,일반,2025-03-20 13:54:03.000 +09,경기,오토스마일,08주7567,8,4,2,678.5006,161.3432,0,0,
38836447,현대,아반떼 (CN7),1.6,모던,202101.0,2021,1390.0,87358.0,가솔린,오토,ORIGINAL,일반,2025-03-20 13:54:03.000 +09,경기,(주)티엠씨모터스,247구7263,3,0,1,649.2093,0.0,1,0,
38220054,현대,아반떼 (CN7),1.6 LPi (렌터카),스타일,202008.0,2021,1130.0,117613.0,LPG(일반인 구입),오토,ORIGINAL,일반,2025-03-20 13:53:39.000 +09,경남,(주)도전,141러9442,0,0,1,0.0,0.0,1,0,
37910347,현대,아반떼 HD,1.6 VVT S16,럭셔리,201004.0,2010,290.0,114384.0,가솔린,오토,ORIGINAL,일반,2025-03-20 13:53:39.000 +09,경남,(주)도전,69로6891,5,1,7,357.0946,198.619,0,0,
37330513,현대,아반떼 HD,1.6 VVT S16,럭셔리,200806.0,2008,280.0,105123.0,가솔린,오토,ORIGINAL,일반,2025-03-20 13:53:39.000 +09,경남,(주)도전,68서4294,3,1,3,121.0,87.75,0,0,
39134973,현대,아반떼 (CN7),1.6,스마트,202104.0,2021,1190.0,120959.0,가솔린,오토,ORIGINAL,일반,2025-03-20 13:53:38.000 +09,경남,(주)도전,213노3597,0,3,2,0.0,230.6602,1,0,
39197401,현대,더 뉴 아반떼 AD,1.6 LPi,스마트,201903.0,2019,1060.0,115244.0,LPG(일반인 구입),오토,ORIGINAL,일반,2025-03-20 13:53:38.000 +09,경남,(주)도전,254모4092,0,1,2,0.0,0.0,1,0,
39049079,현대,아반떼 (CN7),1.6 LPi (렌터카),스마트,202101.0,2021,1250.0,113998.0,LPG(일반인 구입),오토,ORIGINAL,일반,2025-03-20 13:53:38.000 +09,경남,(주)도전,289무1377,1,0,1,286.857,0.0,1,0,
38675903,현대,아반떼 (CN7),1.6 LPi (장애인),모던,202007.0,2021,1670.0,49826.0,LPG(일반인 구입),오토,ORIGINAL,일반,2025-03-20 13:53:33.000 +09,울산,명품모터스,157더8203,1,1,1,63.7729,32.6,0,0,
39189855,현대,더 뉴 아반떼,1.6 GDi 모던,기본형,201406.0,2014,650.0,102783.0,가솔린,오토,ORIGINAL,일반,2025-03-20 13:53:30.000 +09,부산,그랜드상사,58노4311,2,1,1,52.127,26.0158,0,0,
38579835,현대,더 뉴 아반떼,1.6 GDi 모던,기본형,201309.0,2014,699.0,99654.0,가솔린,오토,ORIGINAL,일반,2025-03-20 13:53:19.000 +09,부산,수한모터스,49버8231,1,0,2,81.7788,0.0,0,0,
38649971,현대,더 뉴 아반떼 AD,1.6,스마트,201906.0,2020,1170.0,114085.0,가솔린,오토,ORIGINAL,일반,2025-03-20 13:53:14.000 +09,전북,유정모터스,197도9733,0,0,2,0.0,0.0,1,0,
38333419,현대,아반떼 AD,1.6 GDI 스마트,스페셜,201511.0,2016,949.0,100000.0,가솔린,오토,ORIGINAL,일반,2025-03-20 13:53:11.000 +09,경남,꿀벌카,37마3022,3,1,2,279.1708,42.278,0,0,
36697905,현대,아반떼 MD,M16 GDI 럭셔리,,201106.0,2012,430.0,188344.0,가솔린,오토,ORIGINAL,일반,2025-03-20 13:53:11.000 +09,경기,중고차A팀,43부7729,2,2,4,305.8002,273.0818,1,0,
38493444,현대,아반떼 하이브리드 (CN7),모던,,202009.0,2021,1270.0,165675.0,가솔린+전기,오토,ORIGINAL,일반,2025-03-20 13:53:11.000 +09,대구,태풍자동차,193두7902,2,0,1,218.073,0.0,1,0,
38333635,현대,아반떼 MD,M16 GDI 모던,,201209.0,2013,550.0,92965.0,가솔린,오토,ORIGINAL,일반,2025-03-20 13:53:11.000 +09,인천,패밀리카,30도4228,4,2,1,452.3624,175.5394,0,0,
38315263,현대,아반떼 쿠페,2.0 GDi 프리미엄,기본형,201309.0,2014,430.0,163750.0,가솔린,오토,ORIGINAL,일반,2025-03-20 13:53:11.000 +09,경남,(주)Vmotors,67루7610,5,2,1,340.4286,148.199,0,0,
38098143,현대,아반떼 AD,1.6 GDI 밸류 플러스,,201711.0,2018,1080.0,66017.0,가솔린,오토,ORIGINAL,일반,2025-03-20 13:53:11.000 +09,대전,(주)케이제이모터스,327두2909,2,4,3,143.4949,442.7291,1,0,
39192057,현대,더 뉴 아반떼 AD,1.6 디젤,스마트,201904.0,2019,990.0,115877.0,디젤,오토,ORIGINAL,일반,2025-03-20 13:53:11.000 +09,대구,메인모터스,317루2507,4,1,1,211.2526,40.3069,1,0,
39259307,현대,아반떼 (CN7),1.6,인스퍼레이션,202010.0,2021,1850.0,30580.0,가솔린,오토,ORIGINAL,일반,2025-03-20 13:53:11.000 +09,인천,오토플러스(주),349두6239,3,1,9,262.041,157.0254,0,0,
38909082,현대,더 뉴 아반떼 (CN7),1.6,모던,202410.0,2025,2290.0,383.0,가솔린,오토,ORIGINAL,일반,2025-03-20 13:53:10.000 +09,부산,미르모터스,375부8387,0,0,0,0.0,0.0,0,0,
38824869,현대,아반떼 AD,1.6 GDI 밸류 플러스,,201712.0,2018,699.0,80489.0,가솔린,오토,ORIGINAL,일반,2025-03-20 13:53:05.000 +09,대구,차차차상사,52주1232,4,4,4,1529.6717,343.8266,0,0,
39242282,현대,더 뉴 아반떼 AD,1.6,스마트,202001.0,2020,980.0,131521.0,가솔린,오토,ORIGINAL,일반,2025-03-20 13:53:05.000 +09,대구,부길이자동차상사,250라5342,3,2,1,1012.6642,227.4647,0,0,
38097073,현대,아반떼 AD,1.6 GDI 모던,(세부등급 없음),201511.0,2016,1050.0,75321.0,가솔린,오토,ORIGINAL,일반,2025-03-20 13:53:02.000 +09,부산,해원상사,68수0461,1,0,0,27.3,0.0,0,0,
39086451,현대,아반떼 (CN7),1.6 LPi,스타일,202101.0,2021,1099.0,43819.0,LPG(일반인 구입),오토,ORIGINAL,일반,2025-03-20 13:53:02.000 +09,경기,경기자동차앤카앤톡,398수9672,1,0,0,227.673,0.0,1,0,
39090795,현대,아반떼 MD,M16 GDI 프리미엄,,201306.0,2014,649.0,127746.0,가솔린,오토,ORIGINAL,일반,2025-03-20 13:53:02.000 +09,서울,미래카월드,67러5871,0,1,2,0.0,31.875,0,0,
38687193,현대,아반떼 (CN7),1.6,인스퍼레이션,202011.0,2021,1750.0,105709.0,가솔린,오토,ORIGINAL,일반,2025-03-20 13:53:02.000 +09,충북,(주)더챔,113라2241,1,0,2,144.227,0.0,1,0,
38684174,현대,아반떼 (CN7),1.6 LPi,스타일,202010.0,2021,1250.0,88372.0,LPG(일반인 구입),오토,ORIGINAL,일반,2025-03-20 13:53:02.000 +09,인천,세원자동차,110무9448,5,0,3,699.581,0.0,1,0,
38742946,현대,아반떼 MD,M16 GDI 디럭스,,201206.0,2012,390.0,148888.0,가솔린,수동,ORIGINAL,일반,2025-03-20 13:53:02.000 +09,서울,프라임모터스,57보7766,3,1,1,147.377,55.372,0,0,
37979773,현대,더 뉴 아반떼,1.6 GDi 스마트,기본형,201508.0,2016,720.0,48125.0,가솔린,오토,ORIGINAL,일반,2025-03-20 13:53:02.000 +09,경기,윈윈 모터스,43나0689,3,2,1,378.1305,180.149,0,0,
39035677,현대,아반떼 (CN7),1.6,인스퍼레이션,202010.0,2021,1650.0,86285.0,가솔린,오토,ORIGINAL,일반,2025-03-20 13:53:02.000 +09,경기,비전모터스,164거9730,1,2,4,1435.2504,413.463,0,0,
38539574,현대,아반떼 MD,M16 GDI 럭셔리,,201101.0,2011,420.0,94693.0,가솔린,오토,ORIGINAL,일반,2025-03-20 13:53:02.000 +09,광주,고고모터스,22보6793,4,2,3,320.9775,264.4899,0,0,
39205254,현대,아반떼 AD,1.6 GDI 밸류 플러스,,201809.0,2018,1150.0,89599.0,가솔린,오토,ORIGINAL,일반,2025-03-20 13:53:02.000 +09,부산,대박모터스,49서2838,2,2,1,111.348,592.946,0,0,
39246654,현대,더 뉴 아반떼 AD,1.6,스타일,201901.0,2019,940.0,119486.0,가솔린,오토,ORIGINAL,일반,2025-03-20 13:53:02.000 +09,경기,(주)뉴카카,208가6774,1,1,3,25.444,109.8063,1,0,
38762409,현대,아반떼 AD,1.6 GDI 밸류 플러스,,201805.0,2018,1140.0,84390.0,가솔린,오토,ORIGINAL,일반,2025-03-20 13:53:02.000 +09,경기,국민플러스,07라1282,1,1,1,70.491,62.118,0,0,
39258529,현대,아반떼 (CN7),1.6,스마트,202007.0,2021,1020.0,124788.0,가솔린,오토,ORIGINAL,일반,2025-03-20 13:53:02.000 +09,경기,㈜오토핸즈,178허5343,6,2,0,408.1757,103.0258,0,0,
38482835,현대,아반떼 AD,1.6 GDI 밸류 플러스,,201705.0,2017,770.0,175726.0,가솔린,오토,ORIGINAL,일반,2025-03-20 13:52:56.000 +09,대구,글로벌모터스,340주4171,0,0,2,0.0,0.0,1,0,
39224482,현대,더 뉴 아반떼 AD,1.6,스마트,202002.0,2020,1400.0,78069.0,가솔린,오토,ORIGINAL,일반,2025-03-20 13:52:29.000 +09,경기,뉴월드모터스,154버7059,0,0,1,0.0,0.0,1,0,
39264161,현대,아반떼 하이브리드 (CN7),모던,,202107.0,2021,1830.0,57479.0,가솔린+전기,오토,ORIGINAL,일반,2025-03-20 13:52:10.000 +09,부산,태성모터스,353소4051,2,1,1,140.8933,135.3198,1,0,
39238811,현대,더 뉴 아반떼 AD,1.6,스마트,201912.0,2020,9999.0,50931.0,가솔린,오토,ORIGINAL,일반,2025-03-20 13:52:10.000 +09,충남,CAR유모터스,126나2990,2,0,1,241.4296,0.0,1,0,
39257440,현대,아반떼 AD,1.6 GDI 밸류 플러스,,201805.0,2018,1350.0,37240.0,가솔린,오토,ORIGINAL,일반,2025-03-20 13:52:10.000 +09,서울,에스에이치모터스,16무5059,4,0,1,325.1138,0.0,0,0,
38442842,현대,아반떼 AD,1.6 터보 스포츠,익스트림 셀렉션,201608.0,2017,890.0,141237.0,가솔린,오토,ORIGINAL,일반,2025-03-20 13:52:10.000 +09,경기,다둥이차,343누3326,4,1,3,209.6026,33.7286,1,0,
38773966,현대,아반떼 (CN7),2.0 N,,202110.0,2022,2880.0,19440.0,가솔린,수동,ORIGINAL,일반,2025-03-20 13:52:10.000 +09,서울,주)아이오토스,368오3774,0,0,0,0.0,0.0,0,0,
38712738,현대,아반떼 AD,1.6 GDI 밸류 플러스,,201801.0,2018,1090.0,71193.0,가솔린,오토,ORIGINAL,일반,2025-03-20 13:52:10.000 +09,서울,(주)SH모터스,24서8750,1,1,2,138.877,213.064,0,0,
38685738,현대,아반떼 MD,M16 GDI 블루세이버,,201106.0,2012,423.0,178657.0,가솔린,오토,ORIGINAL,일반,2025-03-20 13:52:10.000 +09,충북,엑스포자동차매매단지,59다9358,3,3,2,304.0462,385.7733,0,0,
39218660,현대,아반떼 AD,1.6 GDI 밸류 플러스,,201807.0,2018,1060.0,82669.0,가솔린,오토,ORIGINAL,일반,2025-03-20 13:52:10.000 +09,서울,유씨에스오토,210고4833,2,1,2,237.035,55.789,1,0,
39198384,현대,더 뉴 아반떼 (CN7),1.6,인스퍼레이션 N Line,202411.0,2025,2590.0,5088.0,가솔린,오토,ORIGINAL,일반,2025-03-20 13:52:10.000 +09,대구,sm모터스,266부7732,0,0,0,0.0,0.0,0,0,
38991301,현대,더 뉴 아반떼,1.6 GDi 스마트,기본형,201504.0,2015,650.0,95058.0,가솔린,오토,ORIGINAL,일반,2025-03-20 13:52:10.000 +09,충남,정한자동차,12저2684,4,1,2,276.39,24.9858,0,0,
38903460,현대,더 뉴 아반떼 AD,1.6,스마트,201908.0,2020,1295.0,72345.0,가솔린,오토,ORIGINAL,일반,2025-03-20 13:52:10.000 +09,충남,붕붕자동차,57라1630,2,2,2,111.3499,139.859,0,0,
38725370,현대,아반떼 MD,M16 GDI 모던,,201212.0,2013,575.0,75535.0,가솔린,오토,ORIGINAL,일반,2025-03-20 13:52:03.000 +09,부산,(주)동남모터스상사,14소9295,6,2,4,407.3715,97.2526,0,0,
38761633,현대,더 뉴 아반떼 AD,1.6 LPi,스마트(렌터카용),201906.0,2020,999.0,113214.0,LPG(일반인 구입),오토,ORIGINAL,일반,2025-03-20 13:52:03.000 +09,충남,쿨모터스,162수8913,1,1,3,199.4699,43.0,1,0,
39189629,현대,아반떼 MD,M16 GDI 프리미엄,,201306.0,2014,750.0,65173.0,가솔린,오토,ORIGINAL,일반,2025-03-20 13:52:02.000 +09,경기,(주)유레카,58어5601,2,0,3,64.2578,0.0,0,0,
39158124,현대,아반떼 AD,1.6 GDI 스마트,(세부등급 없음),201510.0,2016,1100.0,73573.0,가솔린,오토,ORIGINAL,일반,2025-03-20 13:52:02.000 +09,서울,(주)제이카모터스,67보5044,0,0,2,0.0,0.0,0,0,
39264730,현대,아반떼 (CN7),1.6,인스퍼레이션,202012.0,2021,2030.0,39263.0,가솔린,오토,ORIGINAL,일반,2025-03-20 13:52:02.000 +09,경기,(주)라온자동차,138서1125,0,0,2,0.0,0.0,0,0,
38658133,현대,아반떼 (CN7),1.6,스마트,202104.0,2021,1350.0,97967.0,가솔린,오토,ORIGINAL,일반,2025-03-20 13:52:02.000 +09,대구,KD모터스,130두7140,1,5,2,191.586,1155.9064,1,0,
38617926,현대,더 뉴 아반떼 (CN7),2.0 N,,202405.0,2024,3240.0,7247.0,가솔린,오토,ORIGINAL,일반,2025-03-20 13:52:02.000 +09,경기,일산풍동오토갤러리,203다5115,0,0,0,0.0,0.0,0,0,
38936695,현대,아반떼 (CN7),2.0 N,,202201.0,2022,1999.0,37011.0,가솔린,오토,ORIGINAL,일반,2025-03-20 13:52:02.000 +09,대구,이지훈모터스,345수8884,3,1,1,1334.2549,34.883,0,0,
38943701,현대,아반떼 (CN7),1.6,인스퍼레이션,202102.0,2021,1880.0,45189.0,가솔린,오토,ORIGINAL,일반,2025-03-20 13:52:02.000 +09,경기,차투차,127고4994,4,1,1,460.255,46.3827,0,0,
38931164,현대,아반떼 (CN7),1.6,모던,202012.0,2021,1399.0,69491.0,가솔린,오토,ORIGINAL,일반,2025-03-20 13:52:02.000 +09,부산,SK자동차매매상사,131고4866,1,1,1,262.7481,43.73,1,0,
38832857,현대,아반떼 (CN7),1.6,모던,202011.0,2021,1399.0,117336.0,가솔린,오토,ORIGINAL,일반,2025-03-20 13:52:02.000 +09,대구,제일자동차상사,231우6140,2,0,2,617.438,0.0,1,0,
38410567,현대,아반떼 MD,M16 GDI 럭셔리,,201112.0,2012,9999.0,78205.0,가솔린,오토,ORIGINAL,일반,2025-03-20 13:52:02.000 +09,서울,아이오토스,40수7285,3,0,1,129.4904,0.0,0,0,
37605813,현대,아반떼 MD,M16 GDI 프리미어,,201201.0,2012,420.0,161320.0,가솔린,오토,ORIGINAL,일반,2025-03-20 13:52:02.000 +09,경기,세븐모터스,28로4205,2,2,1,74.4539,199.6304,0,0,
37120902,현대,아반떼 (CN7),1.6 LPi,모던,202102.0,2021,1590.0,40097.0,LPG(일반인 구입),오토,ORIGINAL,일반,2025-03-20 13:52:02.000 +09,서울,주식회사 대운모터스,164주3533,4,2,1,347.7003,119.85,0,0,
38814378,현대,아반떼 (CN7),1.6,스마트,202104.0,2021,1350.0,98080.0,가솔린,오토,ORIGINAL,일반,2025-03-20 13:52:02.000 +09,경북,패밀리모터스,367로8345,3,5,2,163.2418,572.5779,1,0,
39066362,현대,더 뉴 아반떼 AD,1.6,스마트 초이스,202001.0,2020,1260.0,51571.0,가솔린,오토,ORIGINAL,일반,2025-03-20 13:52:02.000 +09,경기,㈜오토핸즈,145호7899,1,1,0,33.914,43.8549,0,0,
38858404,현대,아반떼 HD,1.6 VVT S16,럭셔리,200910.0,2010,380.0,65595.0,가솔린,오토,ORIGINAL,일반,2025-03-20 13:52:01.000 +09,경기,(주)유레카,22구8399,5,1,1,663.4645,29.0333,0,0,
38702749,현대,아반떼 MD,M16 GDI 탑,,201102.0,2011,570.0,71170.0,가솔린,오토,ORIGINAL,일반,2025-03-20 13:51:53.000 +09,경남,범모터스,46고6433,3,1,2,138.134,33.068,0,0,
38703017,현대,더 뉴 아반떼,1.6 GDi 모던,기본형,201401.0,2014,770.0,70530.0,가솔린,오토,ORIGINAL,일반,2025-03-20 13:51:53.000 +09,경남,범모터스,56주9308,2,2,2,191.163,101.9572,0,0,
39164740,현대,더 뉴 아반떼,1.6 GDi 스마트,기본형,201501.0,2015,650.0,124148.0,가솔린,오토,ORIGINAL,일반,2025-03-20 13:51:14.000 +09,경남,디오오토갤러리,21부6485,0,0,7,0.0,0.0,1,0,
39247334,현대,아반떼 AD,1.6 GDI 밸류 플러스,,201803.0,2018,1050.0,124068.0,가솔린,오토,ORIGINAL,일반,2025-03-20 13:51:13.000 +09,대구,MV모터스,22라9705,1,1,1,54.561,75.0,0,0,
39075705,현대,더 뉴 아반떼 AD,1.6,스타일,201904.0,2019,1499.0,9351.0,가솔린,오토,ORIGINAL,일반,2025-03-20 13:51:13.000 +09,경기,주식회사 신화모터스,01라3968,1,1,2,30.69,298.3118,0,0,
38894757,현대,아반떼 AD,1.6 GDI 스마트,(세부등급 없음),201605.0,2017,730.0,145058.0,가솔린,오토,ORIGINAL,일반,2025-03-20 13:51:13.000 +09,부산,YG모터스,52모0709,6,7,2,278.2869,351.8908,0,0,
37953290,현대,아반떼 MD,M16 GDI 블루세이버,,201109.0,2012,499.0,108583.0,가솔린,오토,ORIGINAL,일반,2025-03-20 13:51:13.000 +09,대구,성수자동차상사,46구4753,3,2,1,142.731,290.2158,0,0,
38739606,현대,아반떼 (CN7),1.6 터보 N Line,인스퍼레이션,202011.0,2021,1849.0,70382.0,가솔린,오토,ORIGINAL,일반,2025-03-20 13:51:13.000 +09,충남,CAR유모터스,237도3099,1,0,5,72.202,0.0,0,0,
38645157,현대,아반떼 AD,1.6 터보 스포츠,(세부등급 없음),201606.0,2017,990.0,177171.0,가솔린,수동,ORIGINAL,일반,2025-03-20 13:51:13.000 +09,대구,준모터스,18구0670,3,1,9,386.9795,40.23,0,0,
38845926,현대,아반떼 AD,1.6 GDI 모던,스페셜,201510.0,2016,1100.0,96754.0,가솔린,오토,ORIGINAL,일반,2025-03-20 13:51:13.000 +09,경기,차투차,38루0803,2,1,0,290.3418,699.514,0,0,
39053086,현대,아반떼 AD,1.6 GDI 밸류 플러스,,201705.0,2017,1029.0,46495.0,가솔린,오토,ORIGINAL,일반,2025-03-20 13:51:13.000 +09,대구,미남자동차,19로1183,0,2,1,0.0,206.876,0,0,
39117978,현대,아반떼 (CN7),2.0 N,,202107.0,2022,1890.0,74922.0,가솔린,오토,ORIGINAL,일반,2025-03-20 13:51:13.000 +09,서울,피스모터스,133구2361,5,1,3,735.3255,98.8131,0,0,
39255222,현대,아반떼 (CN7),2.0 N,,202204.0,2022,2750.0,29125.0,가솔린,오토,ORIGINAL,일반,2025-03-20 13:51:13.000 +09,경기,백제모터스,190가9871,0,0,0,0.0,0.0,0,0,
39257927,현대,아반떼 (CN7),1.6,모던,202006.0,2021,1850.0,46143.0,가솔린,오토,ORIGINAL,일반,2025-03-20 13:51:13.000 +09,경기,올카모터스,267모3055,1,0,1,28.0,0.0,0,0,
39181707,현대,아반떼 MD,M16 GDI 럭셔리,,201101.0,2011,460.0,93558.0,가솔린,오토,ORIGINAL,일반,2025-03-20 13:51:13.000 +09,부산,신대상사,40무3925,6,2,3,321.475,33.399,0,0,
37912863,현대,아반떼 (CN7),1.6 LPi (렌터카),스마트,202105.0,2021,1450.0,88380.0,LPG(일반인 구입),오토,ORIGINAL,일반,2025-03-20 13:51:11.000 +09,광주,행운자동차,152저8630,0,0,2,0.0,0.0,1,0,
39053739,현대,아반떼 (CN7),1.6,스마트,202104.0,2021,1330.0,87323.0,가솔린,오토,ORIGINAL,일반,2025-03-20 13:51:11.000 +09,광주,행운자동차,132노3516,1,2,2,109.3629,230.4733,1,0,
38870406,현대,아반떼 MD,M16 GDI 에비뉴,,201303.0,2013,630.0,69372.0,가솔린,오토,ORIGINAL,일반,2025-03-20 13:51:10.000 +09,광주,행운자동차,69로9508,2,0,0,502.5194,0.0,0,0,
38911562,현대,더 뉴 아반떼 AD,1.6,스마트,201910.0,2020,1170.0,71441.0,가솔린,오토,ORIGINAL,일반,2025-03-20 13:51:03.000 +09,경기,양주진모터스,215모3290,1,0,2,238.2008,0.0,1,0,
38460010,현대,아반떼 AD,1.6 GDI 밸류 플러스,,201709.0,2018,950.0,62000.0,가솔린,오토,ORIGINAL,일반,2025-03-20 13:51:03.000 +09,대구,시원모터스,04저9427,4,2,1,505.5272,172.283,0,0,
38069825,현대,아반떼 (CN7),1.6,모던,202104.0,2021,1720.0,19895.0,가솔린,오토,ORIGINAL,일반,2025-03-20 13:51:03.000 +09,충남, DS오토(주),143라2001,1,1,1,87.6699,13.0018,1,0,
39084232,현대,아반떼 AD,1.6 GDI 밸류 플러스,,201612.0,2017,1280.0,17659.0,가솔린,오토,ORIGINAL,일반,2025-03-20 13:51:03.000 +09,부산,(주) 하이브모터스,19로0180,1,0,0,69.711,0.0,0,0,
39064141,현대,아반떼 AD,1.6 GDI 스타일,,201510.0,2016,1020.0,64120.0,가솔린,오토,ORIGINAL,일반,2025-03-20 13:51:03.000 +09,경기,프로모터스,21무0899,0,0,2,0.0,0.0,0,0,
39037267,현대,더 뉴 아반떼 AD,1.6,스마트,201811.0,2019,1370.0,60499.0,가솔린,오토,ORIGINAL,일반,2025-03-20 13:51:03.000 +09,대전,(주)영진모터스,05버6860,4,1,0,367.4051,171.239,0,0,
39008934,현대,아반떼 AD,1.6 GDI 밸류 플러스,,201803.0,2018,1280.0,50672.0,가솔린,오토,ORIGINAL,일반,2025-03-20 13:51:03.000 +09,충남,진명자동차,04버2793,4,5,1,688.9839,710.502,0,0,
38443425,현대,아반떼 (CN7),1.6,모던,202205.0,2023,1999.0,21719.0,가솔린,오토,ORIGINAL,일반,2025-03-20 13:51:03.000 +09,충남,지에스카넷,106소2557,0,1,1,0.0,52.44,0,0,
36989801,현대,아반떼 MD,M16 GDI 스마트,,201209.0,2013,540.0,75789.0,가솔린,오토,ORIGINAL,일반,2025-03-20 13:51:03.000 +09,부산,탑오토모터스,15다6246,2,2,1,238.1887,2250.3429,0,0,
39150219,현대,아반떼 (CN7),1.6,인스퍼레이션,202104.0,2021,2090.0,34936.0,가솔린,오토,ORIGINAL,일반,2025-03-20 13:51:03.000 +09,서울,시원 모터스,152너4350,1,0,0,98.35,0.0,0,0,
39117756,현대,아반떼 하이브리드 (CN7),모던,,202202.0,2022,2140.0,31549.0,가솔린+전기,오토,ORIGINAL,일반,2025-03-20 13:51:03.000 +09,서울,뮤카(주) 가양지점,126너2019,0,0,1,0.0,0.0,1,0,
39257814,현대,더 뉴 아반떼,1.6 VGT 텐밀리언 리미티드,기본형,201412.0,2015,499.0,152761.0,디젤,오토,ORIGINAL,일반,2025-03-20 13:51:03.000 +09,서울,미소모터스,59두4080,4,2,3,364.1423,180.8688,1,0,
38524549,현대,아반떼 MD,M16 GDI 디럭스,,201102.0,2011,399.0,126308.0,가솔린,오토,ORIGINAL,일반,2025-03-20 13:50:39.000 +09,울산,최강모터스,25마5746,9,6,1,628.9125,368.5138,0,0,
39174287,현대,아반떼 AD,1.6 GDI 밸류 플러스,,201806.0,2018,1350.0,44961.0,가솔린,오토,ORIGINAL,일반,2025-03-20 13:50:24.000 +09,부산,신우모터스,07루8751,1,2,1,99.946,274.943,0,0,
39171515,현대,아반떼 (CN7),1.6,인스퍼레이션,202302.0,2023,2470.0,21562.0,가솔린,오토,ORIGINAL,일반,2025-03-20 13:50:19.000 +09,경기,엘모터스,279도4772,2,1,1,98.7295,101.8263,0,0,
38994022,현대,더 뉴 아반떼 (CN7),1.6 LPi (렌터카),스마트,202308.0,2024,2080.0,10746.0,LPG(일반인 구입),오토,ORIGINAL,일반,2025-03-20 13:50:19.000 +09,경기,엘모터스,193너2027,0,0,1,0.0,0.0,2,0,
39157572,현대,아반떼 (CN7),1.6 LPi (렌터카),스타일,202101.0,2021,1320.0,52675.0,LPG(일반인 구입),오토,ORIGINAL,일반,2025-03-20 13:50:11.000 +09,인천,한결모터스,398수9684,1,0,1,80.3926,0.0,1,0,
39167475,현대,더 뉴 아반떼 AD,1.6,스타일,201904.0,2019,1250.0,82547.0,가솔린,오토,ORIGINAL,일반,2025-03-20 13:50:11.000 +09,경기,에쓰아이모터스,198부5315,0,0,2,0.0,0.0,1,0,
39247823,현대,아반떼 (CN7),1.6 LPi (렌터카),스마트,202202.0,2022,1670.0,24959.0,LPG(일반인 구입),오토,ORIGINAL,일반,2025-03-20 13:50:11.000 +09,서울,오토플러스(주),157하9115,0,0,0,0.0,0.0,0,0,
38544843,현대,아반떼 (CN7),1.6,모던,202010.0,2021,1599.0,46602.0,가솔린,오토,ORIGINAL,일반,2025-03-20 13:50:11.000 +09,충남,다온모터스,220도9752,0,0,2,0.0,0.0,1,0,
39204820,현대,아반떼 MD,M16 GDI 블루세이버,,201107.0,2012,390.0,150115.0,가솔린,오토,ORIGINAL,일반,2025-03-20 13:50:11.000 +09,전북,카카오토샵,43두7678,7,7,1,531.1223,623.6896,0,0,
39178127,현대,더 뉴 아반떼 (CN7),1.6,인스퍼레이션,202404.0,2024,2590.0,15526.0,가솔린,오토,ORIGINAL,일반,2025-03-20 13:50:11.000 +09,충남,오토플러스(주),210루5125,0,0,1,0.0,0.0,0,0,
39173267,현대,더 뉴 아반떼 (CN7),2.0 N,,202401.0,2024,3180.0,7098.0,가솔린,오토,ORIGINAL,일반,2025-03-20 13:50:11.000 +09,경기,㈜오토핸즈,361누5841,0,0,0,0.0,0.0,0,0,
38608351,현대,아반떼 MD,M16 GDI 에비뉴,,201308.0,2014,570.0,152790.0,가솔린,오토,ORIGINAL,일반,2025-03-20 13:50:11.000 +09,대구,팬더모터스,68저2477,2,0,3,97.949,0.0,0,0,
39040371,현대,아반떼 (CN7),1.6,인스퍼레이션,202201.0,2022,1690.0,53598.0,가솔린,오토,ORIGINAL,일반,2025-03-20 13:50:11.000 +09,경기,㈜오토핸즈,172고3120,4,4,2,560.833,311.685,0,0,
38993885,현대,더 뉴 아반떼,1.6 VGT 스마트,기본형,201311.0,2014,11111.0,149314.0,디젤,오토,ORIGINAL,일반,2025-03-20 13:50:11.000 +09,인천,신대진자동차,15저5137,0,2,1,0.0,104.7293,0,0,
39216473,현대,더 뉴 아반떼 AD,1.6,스마트 초이스,202003.0,2020,1020.0,121217.0,가솔린,오토,ORIGINAL,일반,2025-03-20 13:50:11.000 +09,인천,한결모터스,193구3012,0,0,2,0.0,0.0,1,0,
39196556,현대,아반떼 AD,1.6 GDI 모던,(세부등급 없음),201509.0,2016,899.0,100158.0,가솔린,오토,ORIGINAL,일반,2025-03-20 13:50:11.000 +09,부산,(주)아하 에이전트,02두0497,3,2,3,803.9548,578.272,0,0,
39263466,현대,아반떼 MD,M16 GDI 모던,,201209.0,2013,490.0,116710.0,가솔린,오토,ORIGINAL,일반,2025-03-20 13:50:11.000 +09,부산,(주)오토라인모터스,19러4279,2,2,0,187.6096,118.7308,0,0,
39175040,현대,아반떼 AD,1.6 GDI 스타일,,201510.0,2016,760.0,127312.0,가솔린,오토,ORIGINAL,일반,2025-03-20 13:50:06.000 +09,경기,(주)오토룩2,68가0539,4,2,0,231.3541,427.2033,0,0,
39178973,현대,아반떼 MD,M16 GDI 모던,,201301.0,2013,590.0,128144.0,가솔린,오토,ORIGINAL,일반,2025-03-20 13:50:05.000 +09,대구,mv모터스,46소6490,3,0,4,153.0716,0.0,0,0,
38609889,현대,아반떼 AD,1.6 GDI 밸류 플러스,,201801.0,2018,770.0,160931.0,가솔린,오토,ORIGINAL,일반,2025-03-20 13:50:05.000 +09,대구,번영모터스,159누6774,2,2,3,142.6853,1701.8769,2,0,
39086874,현대,아반떼 AD,1.6 GDI 밸류 플러스,,201704.0,2018,849.0,111911.0,가솔린,오토,ORIGINAL,일반,2025-03-20 13:50:04.000 +09,부산,고고카,04루6653,2,0,4,243.4957,0.0,0,0,
39018073,현대,아반떼 (CN7),1.6,인스퍼레이션,202110.0,2022,2170.0,8329.0,가솔린,오토,ORIGINAL,일반,2025-03-20 13:50:04.000 +09,경기,㈜비비드카,171수4129,0,0,1,0.0,0.0,0,0,
39001074,현대,아반떼 AD,1.6 GDI 밸류 플러스,,201706.0,2018,820.0,136020.0,가솔린,오토,ORIGINAL,일반,2025-03-20 13:50:04.000 +09,부산,마이카2,39서5543,3,4,3,303.7881,232.143,0,0,
39149746,현대,아반떼 AD,1.6 GDI 모던,(세부등급 없음),201708.0,2018,1099.0,81843.0,가솔린,오토,ORIGINAL,일반,2025-03-20 13:50:04.000 +09,대구,(주)유카 대구지점,64고8320,3,0,1,243.764,0.0,0,0,
38274640,현대,더 뉴 아반떼 AD,1.6,스마트,201908.0,2020,1030.0,84346.0,가솔린,오토,ORIGINAL,일반,2025-03-20 13:50:04.000 +09,경기,스피드모터스,30거5771,3,0,4,599.2126,0.0,0,0,
38756621,현대,아반떼 MD,M16 GDI 럭셔리,,201202.0,2012,490.0,92965.0,가솔린,오토,ORIGINAL,일반,2025-03-20 13:50:04.000 +09,광주,(주)기쁨모터스,35머1200,3,1,2,446.1803,15.4488,0,0,
38922880,현대,아반떼 AD,1.6 GDI 밸류 플러스,,201612.0,2017,740.0,174410.0,가솔린,오토,ORIGINAL,일반,2025-03-20 13:50:04.000 +09,서울,주)대진자동차 대표,26노0133,2,0,0,281.9053,0.0,0,0,
38890108,현대,아반떼 AD,1.6 GDI 밸류 플러스,,201705.0,2018,970.0,74807.0,가솔린,오토,ORIGINAL,일반,2025-03-20 13:50:04.000 +09,경기,에스원 모터스,46주9077,5,3,1,578.4601,426.4756,0,0,
38751956,현대,아반떼 (CN7),1.6,모던,202009.0,2021,1490.0,125789.0,가솔린,오토,ORIGINAL,일반,2025-03-20 13:50:04.000 +09,대구,AUTOCAR,136저1331,1,0,1,123.5366,0.0,0,0,
38707656,현대,더 뉴 아반떼 (CN7),1.6,모던,202402.0,2024,2150.0,6800.0,가솔린,오토,ORIGINAL,렌트,2025-03-20 13:50:04.000 +09,인천,,220하1453,0,0,0,0.0,0.0,0,0,
38613250,현대,아반떼 AD,1.6 터보 스포츠,익스트림 셀렉션,201609.0,2017,895.0,99749.0,가솔린,오토,ORIGINAL,일반,2025-03-20 13:50:04.000 +09,부산,(주)더 뉴 서비스,25라0202,4,1,9,953.7781,360.4675,0,0,
38117760,현대,아반떼 AD,1.6 터보 스포츠,(세부등급 없음),201702.0,2017,1230.0,29456.0,가솔린,수동,ORIGINAL,일반,2025-03-20 13:50:04.000 +09,부산,(주)차앤문모터스,10부6449,1,0,4,135.52,0.0,0,0,
39074321,현대,더 뉴 아반떼,1.6 GDi 스마트,기본형,201507.0,2016,650.0,107179.0,가솔린,오토,ORIGINAL,일반,2025-03-20 13:50:04.000 +09,부산,아이러브카,22조5758,1,1,2,40.5873,108.1868,0,0,
39010665,현대,아반떼 AD,1.6 GDI 스마트,(세부등급 없음),201606.0,2016,1020.0,36484.0,가솔린,오토,ORIGINAL,일반,2025-03-20 13:50:04.000 +09,인천,정우모터스,05오0704,2,1,1,99.7319,136.37,0,0,
39131580,현대,아반떼 (CN7),1.6,모던,202009.0,2021,1650.0,71835.0,가솔린,오토,ORIGINAL,일반,2025-03-20 13:50:04.000 +09,경기,알차,185가2673,1,1,0,33.9549,76.1915,0,0,
39266917,현대,아반떼 하이브리드 (CN7),모던,,202201.0,2022,1670.0,122636.0,가솔린+전기,오토,ORIGINAL,일반,2025-03-20 13:50:04.000 +09,대전,주식회사우리카,130주6841,3,0,1,366.8549,0.0,1,0,
39260289,현대,아반떼 (CN7),1.6,인스퍼레이션,202006.0,2021,2000.0,34502.0,가솔린,오토,ORIGINAL,일반,2025-03-20 13:49:51.000 +09,경기,와이엠 모터스,294서3363,2,0,0,96.2898,0.0,0,0,
39228976,현대,더 뉴 아반떼 AD,1.6,스타일,201904.0,2019,1190.0,73518.0,가솔린,오토,ORIGINAL,일반,2025-03-20 13:49:50.000 +09,경기,와이엠 모터스,45소5734,1,0,1,127.15,0.0,0,0,
39190595,현대,더 뉴 아반떼 (CN7),1.6,스마트,202401.0,2024,2020.0,3874.0,가솔린,오토,ORIGINAL,일반,2025-03-20 13:49:49.000 +09,경기,와이엠 모터스,226가8294,0,0,1,0.0,0.0,0,0,
39144420,현대,더 뉴 아반떼 AD,1.6,스타일,201908.0,2020,1340.0,22842.0,가솔린,오토,ORIGINAL,일반,2025-03-20 13:49:49.000 +09,경기,와이엠 모터스,158나6236,0,0,2,0.0,0.0,1,0,
38451832,현대,아반떼 AD,1.6 GDI 밸류 플러스,,201705.0,2018,1090.0,85477.0,가솔린,오토,ORIGINAL,일반,2025-03-20 13:49:48.000 +09,경기,SO모터스,24다9017,2,1,1,138.6967,76.039,0,0,
39167841,현대,더 뉴 아반떼,1.6 GDi 스마트,기본형,201501.0,2015,830.0,80084.0,가솔린,오토,ORIGINAL,일반,2025-03-20 13:49:27.000 +09,대구,청구모터스,60도9378,2,2,2,196.167,130.9083,0,0,
39159838,현대,아반떼 MD,M16 GDI 프리미어,,201201.0,2012,450.0,109686.0,가솔린,오토,ORIGINAL,일반,2025-03-20 13:49:16.000 +09,경기,오토플랜,20더1788,1,1,2,93.9719,70.225,0,0,
37975303,현대,아반떼 MD,M16 GDI 스타일,,201210.0,2013,370.0,129125.0,가솔린,오토,ORIGINAL,일반,2025-03-20 13:49:11.000 +09,부산,지카(G카),62라9273,5,5,2,237.2747,335.5442,0,0,
39234855,현대,아반떼 (CN7),1.6,모던,202102.0,2021,1680.0,31134.0,가솔린,오토,ORIGINAL,일반,2025-03-20 13:49:11.000 +09,서울,자동차친구,344노5926,1,0,2,74.175,0.0,1,0,
39212373,현대,아반떼 MD,M16 GDI 탑,,201103.0,2011,450.0,103316.0,가솔린,오토,ORIGINAL,일반,2025-03-20 13:49:11.000 +09,울산,DK모터스,47우7014,3,2,3,248.2065,56.598,0,0,
39204645,현대,아반떼 (CN7),1.6,스마트,202102.0,2021,1290.0,83711.0,가솔린,오토,ORIGINAL,일반,2025-03-20 13:49:11.000 +09,경기,㈜오토핸즈,104허8591,0,0,0,0.0,0.0,0,0,
38984887,현대,아반떼 MD,M16 GDI 프리미어,,201105.0,2012,500.0,157927.0,가솔린,오토,ORIGINAL,일반,2025-03-20 13:49:11.000 +09,부산,J&B모터스,13저9410,6,5,2,563.923,505.2747,0,0,
38939714,현대,아반떼 AD,1.6 GDI 밸류 플러스,,201801.0,2018,740.0,141745.0,가솔린,오토,ORIGINAL,일반,2025-03-20 13:49:11.000 +09,부산,(주)더마니카,01저4269,4,3,2,460.5151,300.683,0,0,
39057332,현대,더 뉴 아반떼 (CN7),1.6,모던,202305.0,2024,2100.0,37001.0,가솔린,오토,ORIGINAL,일반,2025-03-20 13:49:04.000 +09,부산,신반여상사,231너7898,0,1,1,0.0,41.6569,1,0,
39170142,현대,더 뉴 아반떼 AD,1.6,스마트,201901.0,2019,1330.0,54491.0,가솔린,오토,ORIGINAL,일반,2025-03-20 13:49:04.000 +09,부산,신반여상사,113오3155,1,0,1,74.8585,0.0,1,0,
38881511,현대,아반떼 AD,1.6 GDI 모던,스페셜,201604.0,2016,790.0,108271.0,가솔린,오토,ORIGINAL,일반,2025-03-20 13:49:03.000 +09,서울,(주)새롬모터스,37모0785,4,5,1,511.756,504.584,0,0,
38447987,현대,아반떼 하이브리드 (CN7),모던,,202009.0,2021,1290.0,161152.0,가솔린+전기,오토,ORIGINAL,일반,2025-03-20 13:49:03.000 +09,대전,(주) 서희디오토,374나9398,0,0,1,0.0,0.0,1,0,
39205175,현대,아반떼 AD,1.6 터보 스포츠,(세부등급 없음),201706.0,2018,820.0,140318.0,가솔린,오토,ORIGINAL,일반,2025-03-20 13:49:03.000 +09,경기,와이엠모터스,17다8166,4,2,1,558.8442,131.6928,0,0,
38321624,현대,아반떼 AD,1.6 GDI 모던,스페셜,201603.0,2016,920.0,98963.0,가솔린,오토,ORIGINAL,일반,2025-03-20 13:49:03.000 +09,경기,주)예스모터스,28로0850,3,2,1,349.44,233.8833,0,0,
39084681,현대,아반떼 AD,1.6 GDI 스마트,(세부등급 없음),201605.0,2017,760.0,124830.0,가솔린,오토,ORIGINAL,일반,2025-03-20 13:49:03.000 +09,부산,오토플러스(주),112라2947,1,0,5,63.718,0.0,1,0,
39201038,현대,아반떼 AD,1.6 GDI 스마트,(세부등급 없음),201702.0,2017,1200.0,25900.0,가솔린,오토,ORIGINAL,일반,2025-03-20 13:49:03.000 +09,서울,(주)라인자동차,36라8652,2,0,0,128.8309,0.0,0,0,
38927134,현대,더 뉴 아반떼 AD,1.6,스마트,201910.0,2020,1370.0,38338.0,가솔린,오토,ORIGINAL,일반,2025-03-20 13:49:03.000 +09,경기,차투차,295도1409,2,0,1,162.9101,0.0,0,0,
37953217,현대,아반떼 MD,M16 GDI 럭셔리,,201105.0,2012,379.0,157067.0,가솔린,오토,ORIGINAL,일반,2025-03-20 13:49:03.000 +09,경남,사랑모터스,23거5477,3,2,3,292.68,70.0,0,0,
38615276,현대,아반떼 AD,1.6 GDI 모던,스페셜,201612.0,2017,930.0,91918.0,가솔린,오토,ORIGINAL,일반,2025-03-20 13:49:03.000 +09,부산,친절한모터스,24루0313,2,2,0,426.798,149.433,0,0,
39033070,현대,아반떼 (CN7),1.6,모던,202105.0,2021,1550.0,89172.0,가솔린,오토,ORIGINAL,일반,2025-03-20 13:49:03.000 +09,대구,자동차명가,222누7448,1,0,1,77.007,0.0,1,0,
39257023,현대,더 뉴 아반떼 AD,1.6,스마트,201902.0,2019,1350.0,85269.0,가솔린,오토,ORIGINAL,일반,2025-03-20 13:49:03.000 +09,경기,프로모터스,269노6927,0,0,1,0.0,0.0,1,0,
39244534,현대,아반떼 AD,1.6 GDI 밸류 플러스,,201802.0,2018,1030.0,100294.0,가솔린,오토,ORIGINAL,일반,2025-03-20 13:49:03.000 +09,경기,Feel Car,10거3308,1,1,2,27.924,39.1987,0,0,
38992808,현대,더 뉴 아반떼 하이브리드 (CN7),인스퍼레이션,,202306.0,2024,2690.0,50660.0,가솔린+전기,오토,ORIGINAL,일반,2025-03-20 13:49:03.000 +09,경기,벧엘자동차2,372라6987,0,0,0,0.0,0.0,0,0,
38740717,현대,아반떼 MD,M16 GDI 프리미어,,201201.0,2012,520.0,160714.0,가솔린,오토,ORIGINAL,일반,2025-03-20 13:48:46.000 +09,경기,(주)대기자동차,16너9277,3,2,5,379.3752,100.6129,0,0,
37673103,현대,아반떼 MD,M16 GDI 블루세이버,,201204.0,2012,480.0,160459.0,가솔린,오토,ORIGINAL,일반,2025-03-20 13:48:43.000 +09,부산,(주)더카모터스,66라5998,2,1,3,72.6946,240.5164,0,0,
38773750,현대,아반떼 MD,M16 GDI 럭셔리,,201108.0,2012,460.0,137377.0,가솔린,오토,ORIGINAL,일반,2025-03-20 13:48:37.000 +09,전북,선모터스,37마2092,2,2,6,81.6713,113.9238,0,0,
38592339,현대,아반떼 쿠페,2.0 GDi 프리미엄,기본형,201306.0,2014,470.0,91111.0,가솔린,오토,ORIGINAL,일반,2025-03-20 13:48:31.000 +09,경기,신수원자동차 ,30로9265,2,0,5,397.5431,0.0,0,0,
38991566,현대,아반떼 (CN7),2.0 N,,202205.0,2022,2089.0,40396.0,가솔린,오토,ORIGINAL,일반,2025-03-20 13:48:11.000 +09,부산,베리카,196가7599,3,1,6,1158.3005,96.7294,0,0,0.0
38898863,현대,아반떼 (CN7),1.6,모던,202008.0,2021,1420.0,37240.0,가솔린,오토,ORIGINAL,일반,2025-03-20 13:48:11.000 +09,경기,카리브모터스,338저4371,1,0,1,335.137,0.0,1,0,
39143209,현대,더 뉴 아반떼 AD,1.6,스타일,201904.0,2019,1190.0,56299.0,가솔린,오토,ORIGINAL,일반,2025-03-20 13:48:11.000 +09,인천,주식회사 시우자동차2,02노7724,0,3,5,0.0,108.8454,0,0,
39151417,현대,아반떼 (CN7),1.6,모던,202007.0,2021,1450.0,64596.0,가솔린,오토,ORIGINAL,일반,2025-03-20 13:48:11.000 +09,서울,(주)넥스트오토,245구3052,2,0,4,211.1133,0.0,1,0,
37061639,현대,아반떼 MD,M16 GDI 프리미어,,201012.0,2011,450.0,112076.0,가솔린,오토,ORIGINAL,일반,2025-03-20 13:48:11.000 +09,부산,탑오토모터스,18도6123,1,3,3,131.8963,211.2354,0,0,
37445012,현대,더 뉴 아반떼,1.6 GDi 스마트,기본형,201410.0,2015,590.0,96782.0,가솔린,오토,ORIGINAL,일반,2025-03-20 13:48:11.000 +09,부산,현우자동차,66모2189,3,2,1,312.5433,641.0878,0,0,
39124193,현대,아반떼 AD,1.6 GDI 스마트,(세부등급 없음),201605.0,2017,999.0,91140.0,가솔린,오토,ORIGINAL,일반,2025-03-20 13:48:11.000 +09,서울,태광티에프,186조7634,0,1,2,0.0,70.3069,1,0,
38731565,현대,아반떼 (CN7),1.6,모던,202004.0,2021,1599.0,75969.0,가솔린,오토,ORIGINAL,일반,2025-03-20 13:48:11.000 +09,전북,한마음모터스,325우6904,4,0,1,314.7702,0.0,0,0,
39158841,현대,아반떼 AD,1.6 GDI 밸류 플러스,,201611.0,2017,880.0,121178.0,가솔린,오토,ORIGINAL,일반,2025-03-20 13:48:11.000 +09,대전,형채와자동차,41소0213,2,0,3,61.619,0.0,0,0,
39136393,현대,아반떼 (CN7),1.6,인스퍼레이션,202102.0,2021,2130.0,25120.0,가솔린,오토,ORIGINAL,일반,2025-03-20 13:48:11.000 +09,인천,케이 모터스,207노4375,0,0,1,0.0,0.0,1,0,
39216161,현대,아반떼 (CN7),1.6,모던,202201.0,2022,1820.0,37323.0,가솔린,오토,ORIGINAL,일반,2025-03-20 13:48:11.000 +09,서울,(주)아이오토스,109나5461,1,2,2,46.33,771.541,0,0,
39177480,현대,아반떼 AD,1.6 GDI 밸류 플러스,,201803.0,2018,1140.0,64846.0,가솔린,오토,ORIGINAL,일반,2025-03-20 13:48:11.000 +09,인천,뉴AK모터스자동차매매상사,191보3657,2,0,2,158.8828,0.0,1,0,
39231880,현대,아반떼 MD,M16 GDI 프리미어,,201112.0,2012,390.0,148950.0,가솔린,오토,ORIGINAL,일반,2025-03-20 13:48:03.000 +09,경남,(주)이레모터스,48더5533,4,1,5,284.0843,38.455,0,0,
38915501,현대,아반떼 AD,1.6 GDI 스마트,(세부등급 없음),201601.0,2016,960.0,48580.0,가솔린,오토,ORIGINAL,일반,2025-03-20 13:48:03.000 +09,경남,울트라모터스,52저0165,2,2,1,543.803,694.752,0,0,
39100072,현대,더 뉴 아반떼 AD,1.6,스마트 초이스,201910.0,2020,1470.0,42331.0,가솔린,오토,ORIGINAL,일반,2025-03-20 13:48:03.000 +09,경기,(주)유로모터스,104주1097,0,0,0,0.0,0.0,0,0,
38275441,현대,아반떼 AD,1.6 GDI 프리미엄,,201606.0,2017,1029.0,96299.0,가솔린,오토,ORIGINAL,일반,2025-03-20 13:48:03.000 +09,인천,(주)모터바겐,06두0473,3,0,7,139.3713,0.0,0,0,
38657653,현대,아반떼 MD,M16 GDI 스마트,,201210.0,2013,999.0,77342.0,가솔린,오토,ORIGINAL,일반,2025-03-20 13:48:03.000 +09,서울,(주)대디모터스,31모2492,5,1,4,353.7565,537.182,0,0,
38700039,현대,아반떼 (CN7),1.6,스마트,202104.0,2021,1099.0,82278.0,가솔린,오토,ORIGINAL,일반,2025-03-20 13:48:03.000 +09,경기,카오션,342주1748,3,3,1,605.0229,165.6328,1,0,
38410386,현대,더 뉴 아반떼 AD,1.6 디젤,스마트,201905.0,2019,1450.0,42319.0,디젤,오토,ORIGINAL,일반,2025-03-20 13:48:02.000 +09,경기,코리아모터스,52로4053,0,0,1,0.0,0.0,0,0,
38302540,현대,아반떼 AD,1.6 GDI 밸류 플러스,,201704.0,2018,1150.0,37904.0,가솔린,오토,ORIGINAL,일반,2025-03-20 13:48:02.000 +09,경기,드림모터스,46거1671,3,0,1,698.2238,0.0,0,0,
38406819,현대,더 뉴 아반떼,1.6 LPi 스타일,,201502.0,2015,420.0,157798.0,LPG(일반인 구입),오토,ORIGINAL,일반,2025-03-20 13:48:02.000 +09,인천,(주)강인,173가3472,1,0,4,49.926,0.0,1,0,
38447967,현대,아반떼 하이브리드 (CN7),모던,,202009.0,2021,1199.0,162288.0,가솔린+전기,오토,ORIGINAL,일반,2025-03-20 13:48:02.000 +09,대전,(주) 서희디오토,374나9340,1,2,1,419.555,183.4869,1,0,
38386111,현대,아반떼 (CN7),1.6,모던,202104.0,2021,1810.0,18378.0,가솔린,오토,ORIGINAL,일반,2025-03-20 13:48:02.000 +09,경기,에스아이모터스,184너3652,1,0,1,65.058,0.0,0,0,
38323958,현대,아반떼 AD,1.6 GDI 스마트,스페셜,201606.0,2017,890.0,132840.0,가솔린,오토,ORIGINAL,일반,2025-03-20 13:48:02.000 +09,부산,호야오토모빌,34라0311,4,1,1,289.1687,62.0,0,0,
39063710,현대,아반떼 (CN7),1.6,스마트,202104.0,2021,1650.0,99271.0,가솔린,오토,ORIGINAL,일반,2025-03-20 13:48:02.000 +09,충남,미래자동차,367로8398,2,3,1,82.5495,216.8828,1,0,
39253595,현대,더 뉴 아반떼 AD,1.6,스마트,201910.0,2020,1480.0,50121.0,가솔린,오토,ORIGINAL,일반,2025-03-20 13:48:02.000 +09,서울,엘림오토갤러리대표,339더3977,0,0,0,0.0,0.0,0,0,
38859146,현대,더 뉴 아반떼 AD,1.6,스타일,201811.0,2019,1320.0,71395.0,가솔린,오토,ORIGINAL,일반,2025-03-20 13:48:02.000 +09,서울,(주)자동차친구,194루6707,0,0,3,0.0,0.0,1,0,
38509553,현대,아반떼 AD,1.6 GDI 모던,(세부등급 없음),201510.0,2016,9999.0,109148.0,가솔린,오토,ORIGINAL,일반,2025-03-20 13:48:02.000 +09,경기,양주중고차오토스마일,45다0967,1,1,1,0.0,25.706,0,0,
38748368,현대,아반떼 MD,M16 GDI 럭셔리,,201103.0,2011,560.0,58080.0,가솔린,오토,ORIGINAL,일반,2025-03-20 13:48:02.000 +09,대전,서해모터스,46서7106,2,0,3,174.949,0.0,0,0,
38609600,현대,아반떼 MD,M16 GDI 프리미어,,201010.0,2011,530.0,53734.0,가솔린,오토,ORIGINAL,일반,2025-03-20 13:48:02.000 +09,부산,진모터스,32주8241,8,6,2,641.4341,505.3926,0,0,
38679530,현대,아반떼 하이브리드 (CN7),모던,,202010.0,2021,1280.0,166160.0,가솔린+전기,오토,ORIGINAL,일반,2025-03-20 13:48:02.000 +09,대구,자동차명가,182가7500,1,1,1,85.628,221.29,1,0,
39159995,현대,아반떼 하이브리드 (CN7),모던,,202201.0,2022,1980.0,37512.0,가솔린+전기,오토,ORIGINAL,일반,2025-03-20 13:48:02.000 +09,대전,카카오토월드(주),151서5981,0,0,0,0.0,0.0,0,0,
39121719,현대,아반떼 AD,1.6 GDI 밸류 플러스,,201808.0,2018,9999.0,58156.0,가솔린,오토,ORIGINAL,일반,2025-03-20 13:48:02.000 +09,경기,벧엘자동차2,116러8658,6,2,2,606.0214,75.3458,1,0,
39128675,현대,아반떼 AD,1.6 GDI 밸류 플러스,,201807.0,2018,820.0,107038.0,가솔린,오토,ORIGINAL,일반,2025-03-20 13:48:02.000 +09,서울,아시아모터스,128오2262,2,1,2,146.1052,42.8279,1,0,
38518702,현대,아반떼 MD,M16 GDI 럭셔리,,201203.0,2012,450.0,69235.0,가솔린,오토,ORIGINAL,일반,2025-03-20 13:47:59.000 +09,경기,유레카자동차매매상사,19노2176,4,1,2,289.568,40.376,0,0,
38331142,현대,아반떼 (CN7),1.6,스마트,202006.0,2021,1450.0,88456.0,가솔린,오토,ORIGINAL,일반,2025-03-20 13:47:58.000 +09,충남,아산골드자동차매매상사,128서7685,1,4,4,230.375,508.3069,1,0,
39014232,현대,아반떼 AD,1.6 GDI 밸류 플러스,,201612.0,2017,970.0,105705.0,가솔린,오토,ORIGINAL,일반,2025-03-20 13:47:56.000 +09,충북,95모터스,29라4021,1,0,1,43.5038,0.0,0,0,
39053044,현대,아반떼 AD,1.6 GDI 밸류 플러스,,201701.0,2017,970.0,116399.0,가솔린,오토,ORIGINAL,일반,2025-03-20 13:47:56.000 +09,충북,95모터스,40저5807,3,0,1,187.5592,0.0,0,0,
39053400,현대,아반떼 AD,1.6 GDI 스타일,,201802.0,2018,900.0,106373.0,가솔린,오토,ORIGINAL,일반,2025-03-20 13:47:56.000 +09,충북,95모터스,111조8443,0,1,2,0.0,135.37,1,0,
39018587,현대,아반떼 AD,1.6 GDI 모던,(세부등급 없음),201603.0,2016,970.0,122564.0,가솔린,오토,ORIGINAL,일반,2025-03-20 13:47:55.000 +09,충북,95모터스,23고0530,4,2,1,575.9977,151.05,0,0,
39089765,현대,아반떼 AD,1.6 GDI 프리미엄,,201602.0,2016,1230.0,81369.0,가솔린,오토,ORIGINAL,일반,2025-03-20 13:47:52.000 +09,전북,세진모터스,09로0246,2,0,4,110.0944,0.0,0,0,
39232205,현대,아반떼 MD,M16 GDI 럭셔리,,201009.0,2011,569.0,67947.0,가솔린,오토,ORIGINAL,일반,2025-03-20 13:47:52.000 +09,광주,진흥자동차,28저5092,4,1,3,202.9589,62.3908,0,0,
39248341,현대,아반떼 AD,1.6 GDI 스마트,(세부등급 없음),201605.0,2017,870.0,135449.0,가솔린,오토,ORIGINAL,일반,2025-03-20 13:47:52.000 +09,전북,세진모터스,09부0739,5,2,6,383.8519,215.5722,0,0,
39042067,현대,아반떼 (CN7),1.6,스마트,202106.0,2021,1390.0,30832.0,가솔린,수동,ORIGINAL,일반,2025-03-20 13:47:46.000 +09,부산,주 조은모터스,231거9824,0,0,1,0.0,0.0,1,0,
39090988,현대,더 뉴 아반떼 하이브리드 (CN7),모던,,202305.0,2024,2200.0,44986.0,가솔린+전기,오토,ORIGINAL,일반,2025-03-20 13:47:35.000 +09,경기,(주)오토허브셀카,348어5510,0,0,1,0.0,0.0,1,0,
39276556,현대,아반떼 AD,1.6 GDI 프리미엄,,201609.0,2017,1400.0,96462.0,가솔린,오토,ORIGINAL,일반,2025-03-20 13:47:31.000 +09,경기,신원자동차매매상사,42거0278,3,1,1,242.5585,95.0078,0,0,
37941457,현대,아반떼 HD,1.6 VVT E16,디럭스,201007.0,2010,430.0,15335.0,가솔린,오토,ORIGINAL,일반,2025-03-20 13:47:28.000 +09,서울,(주)엘비모터스,64주6105,2,1,1,156.866,32.6918,0,0,
39144628,현대,아반떼 AD,1.6 GDI 밸류 플러스,,201708.0,2018,770.0,133380.0,가솔린,오토,ORIGINAL,일반,2025-03-20 13:47:24.000 +09,경기,중앙A+,124루1890,13,7,3,951.5554,658.5005,1,0,
38694906,현대,아반떼 (CN7),1.6,인스퍼레이션,202203.0,2023,1980.0,43488.0,가솔린,오토,ORIGINAL,일반,2025-03-20 13:47:12.000 +09,인천,케이모터스,393두2981,2,2,2,105.4638,186.4103,0,0,
38735086,현대,아반떼 MD,M16 GDI 탑,,201010.0,2011,450.0,139734.0,가솔린,오토,ORIGINAL,일반,2025-03-20 13:47:12.000 +09,대전,(주)홈카,58소8647,3,0,7,164.3832,0.0,0,0,
38960333,현대,아반떼 MD,M16 GDI 럭셔리,,201109.0,2012,450.0,108993.0,가솔린,오토,ORIGINAL,일반,2025-03-20 13:47:12.000 +09,인천,왕성자동차매매상사,47누7228,4,3,1,196.957,223.385,0,0,
38792386,현대,아반떼 MD,M16 GDI 럭셔리,,201106.0,2012,450.0,104743.0,가솔린,오토,ORIGINAL,일반,2025-03-20 13:47:12.000 +09,서울,오톰자동차,186구4816,2,0,3,90.61,0.0,1,0,
39220611,현대,아반떼 (CN7),1.6,모던,202101.0,2021,1690.0,59274.0,가솔린,오토,ORIGINAL,일반,2025-03-20 13:47:12.000 +09,충북,(주)이조은모터스,237우7851,2,3,2,116.4393,661.0758,2,0,
39220605,현대,아반떼 (CN7),1.6,스마트,202012.0,2021,1310.0,69677.0,가솔린,오토,ORIGINAL,일반,2025-03-20 13:47:12.000 +09,경기,카리브 모터스,269노6943,0,2,1,0.0,0.0,1,0,
39161824,현대,아반떼 AD,1.6 GDI 모던,(세부등급 없음),201601.0,2016,950.0,119655.0,가솔린,오토,ORIGINAL,일반,2025-03-20 13:47:12.000 +09,경기,벧엘자동차,27어0876,1,1,1,60.724,37.17,0,0,
39118108,현대,아반떼 AD,1.6 GDI 스마트,(세부등급 없음),201710.0,2018,740.0,197568.0,가솔린,오토,ORIGINAL,일반,2025-03-20 13:47:12.000 +09,경기,중고차A팀,09어1091,4,3,2,216.9829,1045.22,0,0,
39085158,현대,아반떼 AD,1.6 GDI 스타일,,201510.0,2016,580.0,161179.0,가솔린,수동,ORIGINAL,일반,2025-03-20 13:47:12.000 +09,경기,애니원모터스,20너0708,4,3,4,302.6693,452.084,0,0,
39204424,현대,아반떼 (CN7),1.6,인스퍼레이션,202112.0,2022,1760.0,79738.0,가솔린,오토,ORIGINAL,일반,2025-03-20 13:47:03.000 +09,부산,카톡모터스,320로5990,2,0,0,319.6819,0.0,0,0,
39210049,현대,아반떼 AD,1.6 GDI 모던,(세부등급 없음),201509.0,2016,870.0,105179.0,가솔린,오토,ORIGINAL,일반,2025-03-20 13:47:03.000 +09,서울,주식회사피스모터스,47다0591,3,2,2,194.1983,229.9147,0,0,
39075443,현대,더 뉴 아반떼,1.6 LPi 모던,,201507.0,2016,770.0,112168.0,LPG(일반인 구입),오토,ORIGINAL,일반,2025-03-20 13:47:02.000 +09,대구,다사 모터스,11구3428,0,1,1,0.0,68.7064,0,0,
38683106,현대,아반떼 하이브리드 (CN7),인스퍼레이션,,202103.0,2021,2299.0,69579.0,가솔린+전기,오토,ORIGINAL,일반,2025-03-20 13:47:02.000 +09,부산,윤프로모터스,270너6024,1,1,4,118.3999,86.7302,0,0,
38473875,현대,더 뉴 아반떼,1.6 GDi 모던,기본형,201404.0,2014,690.0,124661.0,가솔린,오토,ORIGINAL,일반,2025-03-20 13:47:02.000 +09,부산,W모터스,30도8406,3,1,3,268.1918,70.5308,0,0,
38407756,현대,아반떼 MD,M16 GDI 프리미어,,201010.0,2011,380.0,213846.0,가솔린,오토,ORIGINAL,일반,2025-03-20 13:47:02.000 +09,경남,마린모터스,38너9580,1,3,4,232.848,591.8906,0,0,
37882752,현대,더 뉴 아반떼,1.6 GDi 모던,기본형,201409.0,2015,790.0,69381.0,가솔린,오토,ORIGINAL,일반,2025-03-20 13:47:02.000 +09,경기,인정모터스,388서8287,2,1,8,193.5,25.0,1,0,
38168792,현대,아반떼 (CN7),1.6 LPi (렌터카),스타일,202007.0,2021,1370.0,55484.0,LPG(일반인 구입),오토,ORIGINAL,일반,2025-03-20 13:47:02.000 +09,경기,엠케이모터스,387고7972,1,0,2,33.6609,0.0,1,0,
38750959,현대,아반떼 (CN7),1.6 터보 N Line,인스퍼레이션,202201.0,2022,2280.0,19159.0,가솔린,오토,ORIGINAL,일반,2025-03-20 13:47:02.000 +09,서울,더좋은카,320루5000,2,2,1,335.3806,512.3729,0,0,
39190034,현대,아반떼 (CN7),1.6,인스퍼레이션,202008.0,2021,1600.0,35765.0,가솔린,오토,ORIGINAL,일반,2025-03-20 13:47:02.000 +09,서울,(주)태양모터스,179마3351,0,2,1,0.0,1337.4758,1,0,
39270832,현대,아반떼 AD,1.6 GDI 밸류 플러스,,201808.0,2018,1150.0,109538.0,가솔린,오토,ORIGINAL,일반,2025-03-20 13:47:02.000 +09,대구,SK모터스,48도6250,2,0,2,100.962,0.0,0,0,
39025317,현대,더 뉴 아반떼 AD,1.6,스마트,201905.0,2019,1169.0,91668.0,가솔린,오토,ORIGINAL,일반,2025-03-20 13:47:02.000 +09,인천,이레카,252보5482,0,0,4,0.0,0.0,1,0,
39232362,현대,더 뉴 아반떼 (CN7),1.6,모던,202309.0,2024,2180.0,24656.0,가솔린,오토,ORIGINAL,일반,2025-03-20 13:47:02.000 +09,경기,(주)준모터스,143구3167,0,0,2,0.0,0.0,0,0,
39248130,현대,아반떼 AD,1.6 GDI 밸류 플러스,,201701.0,2017,1040.0,96363.0,가솔린,오토,ORIGINAL,일반,2025-03-20 13:47:02.000 +09,대구,에스오토,04어7132,1,0,2,24.6254,0.0,0,0,
39269255,현대,더 뉴 아반떼 (CN7),2.0 N,,202401.0,2024,3599.0,6365.0,가솔린,오토,ORIGINAL,일반,2025-03-20 13:47:02.000 +09,경기,(주)모던카,361누5848,0,0,1,0.0,0.0,0,0,
39223745,현대,더 뉴 아반떼 AD,1.6,스마트,201901.0,2019,1100.0,95055.0,가솔린,오토,ORIGINAL,일반,2025-03-20 13:47:02.000 +09,울산,케이비모터스,57구6256,2,2,2,349.1926,215.5721,0,0,
38661636,현대,아반떼 (CN7),1.6,인스퍼레이션,202111.0,2022,1940.0,32644.0,가솔린,오토,ORIGINAL,일반,2025-03-20 13:46:47.000 +09,충북,(주)신세계자동차,139오3804,3,0,1,163.1659,0.0,0,0,
36908137,현대,아반떼 AD,1.6 GDI 스마트,스페셜,201609.0,2017,970.0,65090.0,가솔린,오토,ORIGINAL,일반,2025-03-20 13:46:28.000 +09,경기,천일상사,283너3593,2,1,3,228.483,136.5388,1,0,
39063623,현대,아반떼 AD,1.6 GDI 밸류 플러스,,201808.0,2018,1350.0,14737.0,가솔린,오토,ORIGINAL,일반,2025-03-20 13:46:28.000 +09,부산,창진모터스,03마2804,1,1,1,82.506,105.0,0,0,
38776180,현대,아반떼 (CN7),1.6,모던,202007.0,2021,1525.0,80833.0,가솔린,오토,ORIGINAL,일반,2025-03-20 13:46:10.000 +09,충남,365자동차,230노5301,0,0,2,0.0,0.0,1,0,
39040383,현대,더 뉴 아반떼 AD,1.6,스타일,201811.0,2019,1300.0,122885.0,가솔린,오토,ORIGINAL,일반,2025-03-20 13:46:10.000 +09,경기,차투차,53부8292,4,1,2,203.1487,53.122,0,0,
39060896,현대,더 뉴 아반떼,1.6 GDi 모던,기본형,201506.0,2016,790.0,80081.0,가솔린,오토,ORIGINAL,일반,2025-03-20 13:46:10.000 +09,대전,(주)해승모터스,20루9803,5,1,0,164.9019,36.42,0,0,
39195835,현대,아반떼 (CN7),1.6,스마트,202009.0,2021,1450.0,68949.0,가솔린,오토,ORIGINAL,일반,2025-03-20 13:46:10.000 +09,충남,천안모터스,252두2331,1,0,1,175.4479,0.0,1,0,
39177709,현대,아반떼 하이브리드 (CN7),스마트,,202102.0,2021,1350.0,140781.0,가솔린+전기,오토,ORIGINAL,일반,2025-03-20 13:46:10.000 +09,경기,카리브모터스,154버7083,1,0,1,245.5581,0.0,1,0,
39221201,현대,더 뉴 아반떼 (CN7),1.6,인스퍼레이션,202304.0,2024,2390.0,43781.0,가솔린,오토,ORIGINAL,일반,2025-03-20 13:46:10.000 +09,경기,수원SKV1뉴스타,293보6886,0,0,2,0.0,0.0,1,0,
39210881,현대,아반떼 AD,1.6 GDI 모던,(세부등급 없음),201701.0,2017,1160.0,84795.0,가솔린,오토,ORIGINAL,일반,2025-03-20 13:46:10.000 +09,대구,오토플러스(주),06가7814,0,0,1,0.0,0.0,0,0,
39165821,현대,더 뉴 아반떼 (CN7),2.0 N,,202401.0,2024,3250.0,6974.0,가솔린,오토,ORIGINAL,일반,2025-03-20 13:46:10.000 +09,경기,알차,361누5888,0,0,0,0.0,0.0,0,0,
38766394,현대,아반떼 AD,1.6 GDI 스마트,(세부등급 없음),201510.0,2016,870.0,117559.0,가솔린,오토,ORIGINAL,일반,2025-03-20 13:46:10.000 +09,충남,디에스오토(주),64가6012,2,0,5,148.4964,0.0,0,0,
39257432,현대,아반떼 AD,1.6 GDI 스마트,(세부등급 없음),201605.0,2017,849.0,105161.0,가솔린,오토,ORIGINAL,일반,2025-03-20 13:46:10.000 +09,서울,주식회사 프로모터스,216무5684,0,0,3,0.0,0.0,1,0,
38933886,현대,아반떼 (CN7),2.0 N,,202306.0,2023,2850.0,9239.0,가솔린,오토,ORIGINAL,일반,2025-03-20 13:46:02.000 +09,경기,월드모터스,340우9362,0,0,0,0.0,0.0,0,0,
39084273,현대,더 뉴 아반떼 AD,1.6 LPi,스마트,202001.0,2020,1030.0,103000.0,LPG(일반인 구입),오토,ORIGINAL,일반,2025-03-20 13:46:02.000 +09,경기,럭키모터스,266더9611,2,1,3,334.7899,202.76,0,0,
38457493,현대,더 뉴 아반떼 (CN7),1.6,인스퍼레이션,202305.0,2024,1999.0,14844.0,가솔린,오토,ORIGINAL,일반,2025-03-20 13:46:02.000 +09,부산,세븐,129도3204,2,0,1,51.949,0.0,0,0,
38271446,현대,아반떼 MD,LPI M16 스마트,,201309.0,2014,590.0,136115.0,LPG(일반인 구입),오토,ORIGINAL,일반,2025-03-20 13:46:02.000 +09,인천,써니카,32도9026,0,1,2,0.0,7.0,0,0,
38411875,현대,아반떼 HD,1.6 VVT E16,디럭스,200912.0,2010,300.0,48799.0,가솔린,오토,ORIGINAL,일반,2025-03-20 13:46:02.000 +09,경기,우수상사,51로7687,8,2,3,654.1974,245.6253,1,0,
38187316,현대,더 뉴 아반떼,1.6 VGT 스마트,기본형,201402.0,2014,399.0,288461.0,디젤,오토,ORIGINAL,일반,2025-03-20 13:46:02.000 +09,대구,동영자동차,13도9401,8,3,1,1152.2334,784.2696,0,0,
38095751,현대,아반떼 (CN7),1.6,모던,202007.0,2021,1499.0,71557.0,가솔린,오토,ORIGINAL,일반,2025-03-20 13:46:02.000 +09,경기,카운셀러,236루7552,4,0,1,366.4389,0.0,1,0,
39160316,현대,아반떼 쿠페,2.0 GDi 프리미엄,기본형,201304.0,2014,649.0,82226.0,가솔린,오토,ORIGINAL,일반,2025-03-20 13:46:02.000 +09,경기,(주)빅보스모터스,28노4230,2,2,2,103.7397,174.894,0,0,
39166144,현대,아반떼 하이브리드 (CN7),모던,,202010.0,2021,1690.0,80645.0,가솔린+전기,오토,ORIGINAL,일반,2025-03-20 13:46:02.000 +09,대구,제일자동차상사,374다5714,1,0,2,270.0878,0.0,1,0,
39274512,현대,아반떼 AD,1.6 GDI 밸류 플러스,,201803.0,2018,1190.0,39215.0,가솔린,오토,ORIGINAL,일반,2025-03-20 13:46:02.000 +09,서울,에이스모터스,161소8221,0,0,3,0.0,0.0,1,0,
39269107,현대,더 뉴 아반떼 AD,1.6,스마트,201811.0,2019,1550.0,38614.0,가솔린,오토,ORIGINAL,일반,2025-03-20 13:46:02.000 +09,경북,GM모터스,233우4692,1,1,1,47.7379,92.2631,1,0,
39248321,현대,아반떼 (CN7),1.6,인스퍼레이션,202010.0,2021,2050.0,35812.0,가솔린,오토,ORIGINAL,일반,2025-03-20 13:46:02.000 +09,대전,서해모터스,386도8715,0,0,0,0.0,0.0,0,0,
38975063,현대,아반떼 MD,M16 GDI 스마트,,201210.0,2013,385.0,95620.0,가솔린,오토,ORIGINAL,일반,2025-03-20 13:46:02.000 +09,경기,용인중고차매매상사,16저6653,3,2,1,553.642,132.065,0,0,
38876083,현대,아반떼 AD,1.6 GDI 밸류 플러스,,201705.0,2018,1090.0,56277.0,가솔린,오토,ORIGINAL,일반,2025-03-20 13:46:02.000 +09,인천,에이치투모터스,04모4146,2,0,2,117.898,0.0,0,0,
39008472,현대,아반떼 AD,1.6 GDI 모던,스페셜,201611.0,2017,980.0,90852.0,가솔린,오토,ORIGINAL,일반,2025-03-20 13:46:02.000 +09,대구,라온모터스,58서0153,2,0,2,94.2006,0.0,0,0,
39158557,현대,더 뉴 아반떼 AD,1.6,스타일,201908.0,2019,1310.0,81111.0,가솔린,오토,ORIGINAL,일반,2025-03-20 13:46:02.000 +09,광주,오토플러스,06오7830,2,0,1,128.1557,0.0,0,0,
38695709,현대,더 뉴 아반떼,1.6 GDi 스마트,기본형,201311.0,2014,520.0,156766.0,가솔린,오토,ORIGINAL,일반,2025-03-20 13:46:02.000 +09,울산,에스오토,31우2397,6,2,1,384.527,324.185,0,0,
39086255,현대,아반떼 (CN7),1.6 LPi (렌터카),스마트,202109.0,2021,1520.0,76222.0,LPG(일반인 구입),오토,ORIGINAL,일반,2025-03-20 13:46:02.000 +09,부산,(주)천일모터스,339더5601,1,0,1,133.7839,0.0,1,0,
39057952,현대,더 뉴 아반떼 AD,1.6,스마트,201905.0,2020,1340.0,79531.0,가솔린,오토,ORIGINAL,일반,2025-03-20 13:46:02.000 +09,대전,세종자동차,123두3156,1,1,1,53.5919,48.4193,1,0,
39223291,현대,아반떼 (CN7),1.6,모던,202009.0,2021,1699.0,80939.0,가솔린,오토,ORIGINAL,일반,2025-03-20 13:45:49.000 +09,대구,드림카,374노3402,1,1,1,41.1288,46.6949,0,0,
39246798,현대,아반떼 AD,1.6 GDI 모던,스페셜,201702.0,2017,999.0,90742.0,가솔린,오토,ORIGINAL,일반,2025-03-20 13:45:49.000 +09,대구,드림카,26조9005,1,1,1,385.1227,102.4012,0,0,
37944064,현대,더 뉴 아반떼 (CN7),2.0 N,,202309.0,2024,2799.0,16530.0,가솔린,수동,ORIGINAL,일반,2025-03-20 13:45:38.000 +09,경기,(주)정이모터스,152두3702,0,0,2,0.0,0.0,1,0,
39151936,현대,아반떼 AD,1.6 GDI 스마트,(세부등급 없음),201601.0,2016,980.0,79755.0,가솔린,오토,ORIGINAL,일반,2025-03-20 13:45:38.000 +09,경기,(주)정이모터스,11버0149,3,3,2,119.5852,173.9883,0,0,
39247889,현대,아반떼 (CN7),1.6,인스퍼레이션,202005.0,2021,1740.0,98837.0,가솔린,오토,ORIGINAL,일반,2025-03-20 13:45:38.000 +09,경기,(주)정이모터스,306두2191,2,0,0,125.591,0.0,0,0,
39258901,현대,아반떼 (CN7),1.6,인스퍼레이션,202107.0,2021,1720.0,104206.0,가솔린,오토,ORIGINAL,일반,2025-03-20 13:45:37.000 +09,경기,(주)정이모터스,268소2419,5,0,0,348.7616,0.0,0,0,
39214796,현대,아반떼 (CN7),1.6,인스퍼레이션,202203.0,2023,2150.0,36602.0,가솔린,오토,ORIGINAL,일반,2025-03-20 13:45:37.000 +09,경기,(주)정이모터스,157수6509,0,1,0,0.0,120.19,0,0,
39192446,현대,더 뉴 아반떼 AD,1.6,스마트,201911.0,2020,1320.0,87176.0,가솔린,오토,ORIGINAL,일반,2025-03-20 13:45:37.000 +09,경기,(주)정이모터스,313나8551,11,8,2,1081.984,1082.897,1,0,
36218777,현대,아반떼 (CN7),1.6,모던,202202.0,2022,1890.0,55649.0,가솔린,오토,ORIGINAL,일반,2025-03-20 13:45:23.000 +09,부산,(주)유카오토,150누2727,0,0,1,0.0,0.0,1,0,
38506268,현대,아반떼 AD,1.6 GDI 밸류 플러스,,201703.0,2017,740.0,152237.0,가솔린,오토,ORIGINAL,일반,2025-03-20 13:45:22.000 +09,대구,진경문모터스,27러2711,3,3,1,317.3634,299.355,0,0,
38092112,현대,아반떼 AD,1.6 GDI 스마트,(세부등급 없음),201604.0,2016,940.0,92927.0,가솔린,오토,ORIGINAL,일반,2025-03-20 13:45:22.000 +09,대구,진경문모터스,308나6124,3,0,3,114.4481,0.0,1,0,
38209322,현대,아반떼 (CN7),1.6 터보 N Line,인스퍼레이션,202011.0,2021,1990.0,51883.0,가솔린,오토,ORIGINAL,일반,2025-03-20 13:45:22.000 +09,대구,진경문모터스,135너4523,2,2,3,152.4062,209.5286,0,0,
39154912,현대,아반떼 (CN7),1.6 LPi (렌터카),스타일,202106.0,2021,1190.0,100863.0,LPG(일반인 구입),오토,ORIGINAL,일반,2025-03-20 13:45:22.000 +09,대구,진경문모터스,265버1479,0,0,2,0.0,0.0,1,0,
38827849,현대,아반떼 AD,1.6 GDI 모던,(세부등급 없음),201701.0,2017,1390.0,6508.0,가솔린,오토,ORIGINAL,일반,2025-03-20 13:45:21.000 +09,부산,스카이서비스,06나1545,2,1,1,64.3573,54.2003,0,0,
38385973,현대,아반떼 (CN7),1.6,모던,202006.0,2021,1690.0,48850.0,가솔린,오토,ORIGINAL,일반,2025-03-20 13:45:21.000 +09,대구,진경문모터스,260루1105,1,1,1,49.5499,37.8831,1,0,
39189569,현대,아반떼 (CN7),1.6,모던,202102.0,2021,1890.0,40886.0,가솔린,오토,ORIGINAL,일반,2025-03-20 13:45:11.000 +09,충남,ONE모터스,346더5623,0,0,1,0.0,0.0,0,0,
39124390,현대,아반떼 AD,1.6 GDI 밸류 플러스,,201712.0,2018,1310.0,42504.0,가솔린,오토,ORIGINAL,일반,2025-03-20 13:45:11.000 +09,서울,뉴에버모터스,05루9469,1,0,0,54.7971,0.0,0,0,
39249145,현대,더 뉴 아반떼 AD,1.6,스마트 초이스,201907.0,2020,1198.0,115004.0,가솔린,오토,ORIGINAL,일반,2025-03-20 13:45:11.000 +09,충남,신용모터스,283가6584,0,0,3,0.0,0.0,1,0,
39093549,현대,아반떼 (CN7),1.6 LPi,스마트,202004.0,2021,1650.0,56417.0,LPG(일반인 구입),오토,ORIGINAL,일반,2025-03-20 13:45:11.000 +09,광주,신한길모터스,378머6489,0,0,3,0.0,0.0,0,0,
38682572,현대,더 뉴 아반떼 AD,1.6,스타일,201810.0,2019,1299.0,58231.0,가솔린,오토,ORIGINAL,일반,2025-03-20 13:45:11.000 +09,충남,국보자동차,36수1662,3,3,1,249.6613,167.379,0,0,
38098075,현대,아반떼 (CN7),1.6,인스퍼레이션,202006.0,2021,1680.0,81048.0,가솔린,오토,ORIGINAL,일반,2025-03-20 13:45:11.000 +09,인천,(주)에이엠지모터스,139누7560,3,4,3,724.2428,496.6749,0,0,
39064735,현대,아반떼 (CN7),1.6 LPi (렌터카),스타일,202101.0,2021,1480.0,24565.0,LPG(일반인 구입),오토,ORIGINAL,일반,2025-03-20 13:45:11.000 +09,인천,(주)케이엠모터스,261더2556,0,0,1,0.0,0.0,1,0,
39184311,현대,아반떼 MD,LPI M16 스마트,,201311.0,2014,550.0,139007.0,LPG(일반인 구입),오토,ORIGINAL,일반,2025-03-20 13:45:11.000 +09,전남,바른모터스,100고8805,2,2,5,162.3261,299.8459,1,0,
39038006,현대,아반떼 AD,1.6 GDI 밸류 플러스,,201701.0,2017,1190.0,39230.0,가솔린,오토,ORIGINAL,일반,2025-03-20 13:45:11.000 +09,전북,대유모터스,21구1037,2,1,1,207.4798,139.8032,0,0,
38958426,현대,더 뉴 아반떼,1.6 VGT 스마트,기본형,201403.0,2014,450.0,124915.0,디젤,오토,ORIGINAL,일반,2025-03-20 13:45:11.000 +09,대구,경북자동차상사,68러3857,4,3,5,668.3379,144.7312,0,0,
38604703,현대,아반떼 (CN7),1.6,인스퍼레이션,202012.0,2021,1680.0,27204.0,가솔린,오토,ORIGINAL,일반,2025-03-20 13:45:11.000 +09,경기,오토플랜,135서2728,3,2,1,1351.6823,329.635,0,0,
38031249,현대,아반떼 (CN7),2.0 N,,202203.0,2022,2700.0,41281.0,가솔린,오토,ORIGINAL,일반,2025-03-20 13:45:11.000 +09,경기,코리아모터스,315저7645,1,0,1,83.9975,0.0,1,0,
37315627,현대,더 뉴 아반떼 AD,1.6 LPi,스타일(렌터카용),201908.0,2020,8989.0,66586.0,LPG(일반인 구입),오토,ORIGINAL,일반,2025-03-20 13:45:11.000 +09,경기,프로모터스,182보1307,0,0,2,0.0,0.0,1,0,
39254064,현대,더 뉴 아반떼 AD,1.6,스타일,201903.0,2019,1550.0,20758.0,가솔린,오토,ORIGINAL,일반,2025-03-20 13:45:09.000 +09,대구,대박모터스,03수4355,0,0,0,0.0,0.0,0,0,
38216684,현대,아반떼 MD,M16 GDI 에비뉴,,201307.0,2014,590.0,116046.0,가솔린,오토,ORIGINAL,일반,2025-03-20 13:45:03.000 +09,대구,미소자동차상사,20고4362,3,5,5,292.1018,684.626,0,0,
38776829,현대,아반떼 (CN7),1.6,인스퍼레이션,202201.0,2022,2059.0,39832.0,가솔린,오토,ORIGINAL,일반,2025-03-20 13:45:03.000 +09,경기,(주)빅보스모터스,169더3354,0,0,0,0.0,0.0,0,0,
38721619,현대,아반떼 AD,1.6 GDI 밸류 플러스,,201806.0,2018,990.0,131081.0,가솔린,오토,ORIGINAL,일반,2025-03-20 13:45:03.000 +09,서울,(주)JK AUTO,24가9653,0,0,1,0.0,0.0,0,0,
39268587,현대,더 뉴 아반떼,1.6 GDi 스마트,기본형,201412.0,2015,650.0,89000.0,가솔린,오토,ORIGINAL,일반,2025-03-20 13:45:03.000 +09,대구,세명자동차,35모1577,3,2,4,223.7668,150.028,2,0,
38416755,현대,아반떼 MD,M16 GDI 럭셔리,,201206.0,2012,499.0,98164.0,가솔린,오토,ORIGINAL,일반,2025-03-20 13:45:03.000 +09,충남,국보자동차매매상사,33고0113,1,3,3,29.332,167.356,1,0,
37644722,현대,아반떼 MD,M16 GDI 탑,,201010.0,2011,420.0,183548.0,가솔린,오토,ORIGINAL,일반,2025-03-20 13:45:03.000 +09,인천,뉴정우모터스,22더7988,10,3,7,743.9501,184.7315,0,0,
38428511,현대,더 뉴 아반떼 AD,1.6,스마트 초이스,201909.0,2020,1130.0,88802.0,가솔린,오토,ORIGINAL,일반,2025-03-20 13:45:03.000 +09,경기,차차모터스,110무9488,3,0,3,459.9149,0.0,1,0,
38797489,현대,더 뉴 아반떼 AD,1.6,스마트,201909.0,2020,1320.0,84777.0,가솔린,오토,ORIGINAL,일반,2025-03-20 13:45:03.000 +09,경기,대한모터스매매상사,285오1342,1,0,1,32.3096,0.0,0,0,
38986527,현대,아반떼 MD,M16 GDI 스마트,,201211.0,2013,370.0,170179.0,가솔린,오토,ORIGINAL,일반,2025-03-20 13:45:03.000 +09,서울,주식회사 달모터스,60주1534,2,2,4,207.3366,285.185,0,0,
38937135,현대,아반떼 MD,M16 GDI 프리미어,,201010.0,2011,9999.0,138328.0,가솔린,오토,ORIGINAL,일반,2025-03-20 13:45:03.000 +09,인천,뉴정우모터스,31수5144,3,0,3,298.5992,0.0,0,0,
38870729,현대,더 뉴 아반떼 AD,1.6,스마트,201912.0,2020,1490.0,38669.0,가솔린,오토,ORIGINAL,일반,2025-03-20 13:45:03.000 +09,대구,제일모터스&중고차,323가1675,0,0,1,0.0,0.0,1,0,
38558396,현대,아반떼 (CN7),1.6,모던,202101.0,2021,1590.0,55158.0,가솔린,오토,ORIGINAL,일반,2025-03-20 13:45:03.000 +09,경기,레인보우,266소2489,0,0,1,0.0,0.0,1,0,
39075660,현대,아반떼 MD,M16 GDI 럭셔리,,201103.0,2011,370.0,85677.0,가솔린,오토,ORIGINAL,일반,2025-03-20 13:45:03.000 +09,인천,인천중고차,60다1393,6,6,4,459.512,583.3546,0,0,
39266926,현대,아반떼 AD,1.6 GDI 밸류 플러스,,201708.0,2018,980.0,122954.0,가솔린,오토,ORIGINAL,일반,2025-03-20 13:45:03.000 +09,서울,비전 모터스,249가1691,3,0,3,128.1731,0.0,1,0,
39256245,현대,아반떼 (CN7),1.6,모던,202107.0,2021,1277.0,109232.0,가솔린,오토,ORIGINAL,일반,2025-03-20 13:45:03.000 +09,대전,세븐카,153서9177,0,0,1,0.0,0.0,1,0,
39233697,현대,아반떼 AD,1.6 GDI 밸류 플러스,,201804.0,2018,1050.0,103738.0,가솔린,오토,ORIGINAL,일반,2025-03-20 13:45:03.000 +09,경기,에스제이모터스,13누3318,3,2,1,150.594,120.3632,0,0,
39175823,현대,아반떼 (CN7),1.6,모던,202006.0,2021,1400.0,81911.0,가솔린,오토,ORIGINAL,일반,2025-03-20 13:45:03.000 +09,경기,울트라모터스,149다5997,1,0,1,5.72,0.0,0,0,
38155102,현대,아반떼 AD,1.6 터보 스포츠,(세부등급 없음),201707.0,2018,1360.0,53892.0,가솔린,오토,ORIGINAL,일반,2025-03-20 13:44:58.000 +09,경기,주식회사 리본자동차,276고6372,0,0,3,0.0,0.0,1,0,
39251214,현대,아반떼 (CN7),2.0 N,,202109.0,2022,2450.0,26000.0,가솔린,수동,ORIGINAL,일반,2025-03-20 13:44:38.000 +09,서울,,188노1955,0,0,2,0.0,0.0,1,0,
39244815,현대,아반떼 AD,2.0 CVVT 프리미엄,,201611.0,2017,1335.0,71408.0,가솔린,오토,ORIGINAL,일반,2025-03-20 13:44:35.000 +09,경남,오케이오토,40모0280,1,1,3,32.1418,48.5788,0,0,
38951660,현대,더 뉴 아반떼,1.6 LPi 스타일,,201407.0,2014,440.0,100763.0,LPG(일반인 구입),오토,ORIGINAL,일반,2025-03-20 13:44:31.000 +09,경기,마이카스,43더7703,1,0,2,197.1127,0.0,0,0,
39240741,현대,더 뉴 아반떼,1.6 GDi 스타일,,201408.0,2015,550.0,117850.0,가솔린,오토,ORIGINAL,일반,2025-03-20 13:44:30.000 +09,경기,마이카스,61수9196,3,2,1,174.8048,81.2168,0,0,
38644608,현대,아반떼 MD,M16 GDI 프리미어,,201105.0,2012,400.0,159962.0,가솔린,오토,ORIGINAL,일반,2025-03-20 13:44:30.000 +09,경기,마이카스,15마6331,2,5,5,138.5868,666.6378,0,0,
38477003,현대,아반떼 MD,M16 GDI 모던,,201301.0,2013,490.0,130732.0,가솔린,오토,ORIGINAL,일반,2025-03-20 13:44:11.000 +09,부산,지카(G카),60다7920,11,5,5,698.8674,1366.8568,0,0,
38562862,현대,아반떼 (CN7),1.6,인스퍼레이션,202006.0,2021,1920.0,46546.0,가솔린,오토,ORIGINAL,일반,2025-03-20 13:44:11.000 +09,경기,(주)에스비즈,143노9330,0,0,0,0.0,0.0,0,0,
37615386,현대,아반떼 (CN7),1.6,인스퍼레이션,202006.0,2021,1750.0,54095.0,가솔린,오토,ORIGINAL,일반,2025-03-20 13:44:11.000 +09,광주,삼일모터스,326무2983,2,0,1,316.1063,0.0,0,0,
38649034,현대,아반떼 MD,M16 GDI 럭셔리,,201011.0,2011,420.0,122173.0,가솔린,오토,ORIGINAL,일반,2025-03-20 13:44:11.000 +09,대전,(주)이수오토,41버5765,1,0,1,62.5428,0.0,0,0,
38698654,현대,더 뉴 아반떼 AD,1.6 LPi,스타일(렌터카용),202001.0,2020,1200.0,57687.0,LPG(일반인 구입),오토,ORIGINAL,일반,2025-03-20 13:44:11.000 +09,대전,안모터스,232나2050,0,0,1,0.0,0.0,1,0,
39136574,현대,아반떼 AD,1.6 GDI 스마트,(세부등급 없음),201608.0,2017,970.0,89596.0,가솔린,오토,ORIGINAL,일반,2025-03-20 13:44:11.000 +09,대전,(주)케이제이모터스,123다8239,2,1,3,91.6045,26.915,1,0,
39265415,현대,더 뉴 아반떼 AD,1.6,스타일,201904.0,2019,1180.0,99464.0,가솔린,오토,ORIGINAL,일반,2025-03-20 13:44:11.000 +09,대전,카펀,212고8171,1,0,1,44.5104,0.0,1,0,
39243565,현대,아반떼 (CN7),1.6,모던,202104.0,2021,1630.0,47050.0,가솔린,오토,ORIGINAL,일반,2025-03-20 13:44:11.000 +09,서울,롯데렌탈주식회사,128오2241,2,0,0,191.9609,0.0,1,0,
39198065,현대,아반떼 (CN7),1.6,스마트,202008.0,2021,1270.0,33490.0,가솔린,오토,ORIGINAL,일반,2025-03-20 13:44:11.000 +09,경기,민성모터스,389다8112,4,2,0,977.8631,171.7389,0,0,
39080999,현대,더 뉴 아반떼 AD,1.6,스타일,201902.0,2019,1440.0,49810.0,가솔린,CVT,ORIGINAL,일반,2025-03-20 13:44:11.000 +09,대전,아성모터스,21수5120,1,3,1,50.163,148.483,0,0,
39153029,현대,더 뉴 아반떼 (CN7),1.6,인스퍼레이션,202312.0,2024,2470.0,9631.0,가솔린,오토,ORIGINAL,일반,2025-03-20 13:44:11.000 +09,경기,수원SKV1뉴스타,215구4712,0,0,1,0.0,0.0,0,0,
38973168,현대,더 뉴 아반떼 (CN7),1.6,인스퍼레이션,202501.0,2025,2012.0,1200.0,가솔린,오토,ORIGINAL,렌트,2025-03-20 13:44:02.000 +09,서울,,229호9891,0,0,0,0.0,0.0,0,0,
38914414,현대,아반떼 AD,1.6 e-VGT 프리미엄,,201601.0,2016,1050.0,91387.0,디젤,오토,ORIGINAL,일반,2025-03-20 13:44:02.000 +09,경기,(주)영모터스,11다8649,0,0,6,0.0,0.0,0,0,
38031752,현대,아반떼 HD,1.6 VVT S16,럭셔리,201004.0,2010,390.0,37023.0,가솔린,오토,ORIGINAL,일반,2025-03-20 13:44:02.000 +09,부산,힘찬모터스,33조8398,2,2,2,144.1089,196.682,0,0,
37542437,현대,아반떼 MD,M16 GDI 럭셔리,,201202.0,2012,390.0,132577.0,가솔린,오토,ORIGINAL,일반,2025-03-20 13:44:02.000 +09,충남,(주)비케이모터스,60러2472,4,1,2,505.0737,533.413,0,0,
36910076,현대,아반떼 MD,M16 GDI 럭셔리,,201111.0,2012,650.0,30986.0,가솔린,오토,ORIGINAL,일반,2025-03-20 13:44:02.000 +09,부산,카프로,12소6312,1,1,2,96.3248,41.019,0,0,
38785207,현대,아반떼 AD,1.6 GDI 스마트,(세부등급 없음),201703.0,2017,859.0,127758.0,가솔린,오토,ORIGINAL,일반,2025-03-20 13:44:02.000 +09,대구,삼일자동차상사,390조7506,0,0,5,0.0,0.0,1,0,
38791444,현대,더 뉴 아반떼 하이브리드 (CN7),스마트,,202308.0,2024,1990.0,42432.0,가솔린+전기,오토,ORIGINAL,일반,2025-03-20 13:44:02.000 +09,서울,롯데렌탈주식회사,136조6875,0,0,0,0.0,0.0,1,0,
38500829,현대,아반떼 AD,1.6 터보 스포츠,(세부등급 없음),201705.0,2018,890.0,122091.0,가솔린,수동,ORIGINAL,일반,2025-03-20 13:44:02.000 +09,부산,w모터스,04부1591,2,0,9,138.563,0.0,0,0,
38334875,현대,아반떼 AD,1.6 GDI 스마트,(세부등급 없음),201602.0,2016,920.0,113484.0,가솔린,오토,ORIGINAL,일반,2025-03-20 13:44:02.000 +09,경기,뉴한길모터스,281고5585,1,0,2,90.61,0.0,1,0,
38322638,현대,더 뉴 아반떼 (CN7),1.6 LPi,인스퍼레이션,202306.0,2024,2199.0,56213.0,LPG(일반인 구입),오토,ORIGINAL,일반,2025-03-20 13:44:02.000 +09,대구,대원모터스,203다9038,1,1,0,100.1564,76.3895,0,0,
38187525,현대,아반떼 (CN7),1.6 LPi,스타일,202106.0,2021,1059.0,103054.0,LPG(일반인 구입),오토,ORIGINAL,일반,2025-03-20 13:44:02.000 +09,경기,비전모터스,151너6108,2,0,2,129.6533,0.0,0,0,
38558024,현대,아반떼 AD,1.6 GDI 모던,(세부등급 없음),201511.0,2016,830.0,128154.0,가솔린,오토,ORIGINAL,일반,2025-03-20 13:44:02.000 +09,서울,명성모터스,33더0675,4,2,3,487.7355,197.7926,0,0,
39254287,현대,더 뉴 아반떼,1.6 GDi 모던,기본형,201405.0,2014,750.0,135093.0,가솔린,오토,ORIGINAL,일반,2025-03-20 13:44:02.000 +09,서울,주식회사 오톰,69주2985,0,0,5,0.0,0.0,0,0,
39198642,현대,아반떼 (CN7),2.0 N,,202207.0,2023,2700.0,45977.0,가솔린,오토,ORIGINAL,일반,2025-03-20 13:44:02.000 +09,서울,(주)산다모터스,377주2517,0,0,2,0.0,0.0,0,0,
39215805,현대,아반떼 (CN7),1.6,모던,202106.0,2021,1450.0,106117.0,가솔린,오토,ORIGINAL,일반,2025-03-20 13:44:02.000 +09,강원,보배드림자동차,205어4834,2,1,1,129.0825,60.5744,1,0,
39214038,현대,아반떼 (CN7),1.6,모던,202110.0,2022,1759.0,33695.0,가솔린,오토,ORIGINAL,일반,2025-03-20 13:44:02.000 +09,충남,왓더카,151어1559,0,3,1,0.0,233.0929,0,0,
39266348,현대,아반떼 (CN7),1.6,모던,202201.0,2022,1790.0,33686.0,가솔린,오토,ORIGINAL,일반,2025-03-20 13:44:02.000 +09,서울,필카,204마9155,2,0,1,235.4784,0.0,0,0,
39227865,현대,아반떼 AD,1.6 GDI 모던,(세부등급 없음),201705.0,2018,1130.0,100823.0,가솔린,오토,ORIGINAL,일반,2025-03-20 13:44:02.000 +09,대전,(주)영진모터스,381보6096,5,4,3,277.7336,302.5446,2,0,
39258688,현대,아반떼 AD,1.6 GDI 밸류 플러스,,201801.0,2018,1250.0,37062.0,가솔린,오토,ORIGINAL,일반,2025-03-20 13:44:02.000 +09,인천,오토플러스(주),06우2309,0,0,1,0.0,0.0,0,0,
39068226,현대,아반떼 MD,M16 GDI 에비뉴,,201302.0,2013,480.0,174212.0,가솔린,오토,ORIGINAL,일반,2025-03-20 13:44:02.000 +09,대구,메인모터스3,36주9845,3,3,4,371.4223,447.2905,0,0,
39235922,현대,아반떼 하이브리드 (CN7),인스퍼레이션,,202010.0,2021,2350.0,60584.0,가솔린+전기,오토,ORIGINAL,일반,2025-03-20 13:44:02.000 +09,경기,라온모터스,238저1919,1,0,1,79.012,0.0,0,0,
39269183,현대,아반떼 (CN7),1.6,스마트,202104.0,2021,1169.0,117177.0,가솔린,오토,ORIGINAL,일반,2025-03-20 13:43:52.000 +09,경기,(주)왕카,158누1151,0,7,1,0.0,580.0009,1,0,
38554101,현대,아반떼 AD,1.6 GDI 스타일,,201611.0,2017,850.0,62603.0,가솔린,오토,ORIGINAL,일반,2025-03-20 13:43:48.000 +09,경기,세종오토,07머0161,0,0,1,0.0,0.0,0,0,
38354993,현대,아반떼 (CN7),1.6,스마트,202112.0,2022,1290.0,126337.0,가솔린,오토,ORIGINAL,일반,2025-03-20 13:43:40.000 +09,대구,서민자동차,235더8034,1,0,1,156.4268,0.0,1,0,
39195484,현대,아반떼 AD,1.6 GDI 밸류 플러스,,201701.0,2017,1060.0,111406.0,가솔린,오토,ORIGINAL,일반,2025-03-20 13:43:35.000 +09,충북,기림자동차,38마8306,6,4,3,407.8378,171.007,0,0,
38479301,현대,아반떼 MD,M16 GDI 블루세이버,,201206.0,2012,440.0,111971.0,가솔린,오토,ORIGINAL,일반,2025-03-20 13:43:28.000 +09,경기,블루오토,62무9214,5,2,0,526.3397,78.639,0,0,
39256825,현대,더 뉴 아반떼,1.6 LPi 스타일,,201407.0,2014,290.0,268089.0,LPG(일반인 구입),오토,ORIGINAL,일반,2025-03-20 13:43:28.000 +09,경기,블루오토,296구7033,2,0,5,80.255,0.0,1,0,
39056722,현대,더 뉴 아반떼,1.6 GDi 모던,기본형,201310.0,2014,460.0,169535.0,가솔린,오토,ORIGINAL,일반,2025-03-20 13:43:13.000 +09,경기,오토모빌,53우3974,6,4,3,781.4475,382.3724,1,0,
39183616,현대,아반떼 (CN7),1.6,인스퍼레이션,202203.0,2023,2270.0,30767.0,가솔린,오토,ORIGINAL,일반,2025-03-20 13:43:13.000 +09,경기,벧엘자동차 2,190서5101,0,0,0,0.0,0.0,0,0,
39138395,현대,아반떼 (CN7),1.6,스마트,202105.0,2021,1170.0,105402.0,가솔린,오토,ORIGINAL,일반,2025-03-20 13:43:13.000 +09,부산,태성모터스,202가3405,1,10,2,70.1679,878.7519,1,0,
39214338,현대,아반떼 하이브리드 (CN7),모던,,202202.0,2022,1950.0,59232.0,가솔린+전기,오토,ORIGINAL,일반,2025-03-20 13:43:13.000 +09,경기,㈜오토핸즈,312오9447,0,1,1,0.0,360.1173,1,0,
39197771,현대,아반떼 하이브리드 (CN7),모던,,202112.0,2022,2070.0,30877.0,가솔린+전기,오토,ORIGINAL,일반,2025-03-20 13:43:13.000 +09,부산,오토플러스(주),272고9520,2,1,1,192.0229,38.0802,0,0,
37915954,현대,아반떼 (CN7),1.6 LPi (렌터카),스타일,202103.0,2021,1300.0,83207.0,LPG(일반인 구입),오토,ORIGINAL,일반,2025-03-20 13:43:13.000 +09,경기,에이원모터스,251로9360,0,1,1,0.0,37.2969,1,0,
37846846,현대,아반떼 HD,1.6 VVT E16,디럭스,200906.0,2009,330.0,106495.0,가솔린,오토,ORIGINAL,일반,2025-03-20 13:43:13.000 +09,경기,새마을모터스,38누5269,4,2,7,143.1294,220.34,0,0,
37776929,현대,아반떼 AD,1.6 터보 스포츠,익스트림 셀렉션,201709.0,2018,1530.0,39493.0,가솔린,오토,ORIGINAL,일반,2025-03-20 13:43:13.000 +09,서울,주)아이오토스,158너2930,1,0,2,76.9973,0.0,1,0,
38577520,현대,아반떼 하이브리드 (CN7),모던,,202105.0,2021,1950.0,45910.0,가솔린+전기,오토,ORIGINAL,일반,2025-03-20 13:43:13.000 +09,대구,한빛모터스,238마8260,0,0,1,0.0,0.0,1,0,
38577411,현대,아반떼 하이브리드 (CN7),모던,,202107.0,2021,1799.0,47750.0,가솔린+전기,오토,ORIGINAL,일반,2025-03-20 13:43:13.000 +09,대구,한빛모터스,238마8271,1,0,1,167.8532,0.0,1,0,
38399176,현대,아반떼 (CN7),1.6 LPi,스타일,202011.0,2021,1199.0,83714.0,LPG(일반인 구입),오토,ORIGINAL,일반,2025-03-20 13:43:13.000 +09,대구,신우모터스,110무9424,0,0,2,0.0,0.0,1,0,
38369029,현대,아반떼 AD,1.6 GDI 스마트,(세부등급 없음),201804.0,2018,1059.0,119816.0,가솔린,오토,ORIGINAL,일반,2025-03-20 13:43:13.000 +09,충남,(주)B.K모터스,147루1054,1,0,6,38.3061,0.0,1,0,
38346407,현대,아반떼 (CN7),1.6,인스퍼레이션,202006.0,2021,2050.0,49002.0,가솔린,오토,ORIGINAL,일반,2025-03-20 13:43:13.000 +09,대구,금강자동차상사,152저8642,0,0,3,0.0,0.0,1,0,
38958363,현대,더 뉴 아반떼,1.6 GDi 스마트,기본형,201504.0,2015,630.0,86489.0,가솔린,오토,ORIGINAL,일반,2025-03-20 13:43:13.000 +09,충남,티키타카모터스,59수4697,1,1,2,133.8564,47.0479,0,0,
38931624,현대,아반떼 MD,M16 GDI 럭셔리,,201203.0,2012,410.0,64195.0,가솔린,오토,ORIGINAL,일반,2025-03-20 13:43:13.000 +09,경기,(주)유신모터스,15러0417,5,4,3,473.737,248.5196,1,0,
39177671,현대,더 뉴 아반떼 AD,1.6,스타일,201901.0,2019,1150.0,101740.0,가솔린,오토,ORIGINAL,일반,2025-03-20 13:43:03.000 +09,경기,(주)카넷,59저6296,0,0,2,0.0,0.0,0,0,
38379997,현대,아반떼 (CN7),1.6,인스퍼레이션,202209.0,2023,2050.0,20169.0,가솔린,오토,ORIGINAL,일반,2025-03-20 13:43:03.000 +09,경기,주식회사 오토엠,160구3915,4,1,1,752.6219,52.9369,0,0,
38111357,현대,아반떼 AD,1.6 터보 스포츠,(세부등급 없음),201704.0,2017,895.0,90740.0,가솔린,오토,ORIGINAL,일반,2025-03-20 13:43:03.000 +09,경남,붕붕모터스,02어6602,3,1,2,454.0389,72.911,0,0,
39195453,현대,아반떼 AD,1.6 GDI 스마트,(세부등급 없음),201608.0,2017,1150.0,47323.0,가솔린,오토,ORIGINAL,일반,2025-03-20 13:43:03.000 +09,인천,오토플러스(주),116더3247,0,0,3,0.0,0.0,1,0,
38843271,현대,더 뉴 아반떼 (CN7),1.6,인스퍼레이션,202312.0,2024,2560.0,1128.0,가솔린,오토,ORIGINAL,일반,2025-03-20 13:43:03.000 +09,경기,마니카,199구2346,0,0,0,0.0,0.0,0,0,
38814224,현대,아반떼 AD,1.6 터보 스포츠,(세부등급 없음),201804.0,2018,1120.0,89826.0,가솔린,수동,ORIGINAL,일반,2025-03-20 13:43:03.000 +09,대구,모던모터스,57누3059,3,0,7,739.545,0.0,0,0,
39105322,현대,아반떼 AD,1.6 GDI 모던,(세부등급 없음),201510.0,2016,810.0,141734.0,가솔린,오토,ORIGINAL,일반,2025-03-20 13:43:03.000 +09,경기,라온모터스,01우0988,1,1,1,85.238,58.37,0,0,
39076722,현대,더 뉴 아반떼 AD,1.6,스타일,201810.0,2019,1280.0,71248.0,가솔린,오토,ORIGINAL,일반,2025-03-20 13:43:03.000 +09,인천,(주)시우자동차,02루9939,3,0,1,286.5059,0.0,0,0,
39062483,현대,아반떼 AD,1.6 GDI 모던,(세부등급 없음),201512.0,2016,1150.0,59513.0,가솔린,오토,ORIGINAL,일반,2025-03-20 13:43:03.000 +09,서울,(주)예스오토,48우0846,2,0,2,64.2984,0.0,0,0,
39170329,현대,아반떼 (CN7),1.6,모던,202012.0,2021,1680.0,87311.0,가솔린,오토,ORIGINAL,일반,2025-03-20 13:43:03.000 +09,대전,주식회사우리카,248고6391,0,0,1,0.0,0.0,1,0,
39140019,현대,더 뉴 아반떼 (CN7),1.6,모던,202311.0,2024,2090.0,14212.0,가솔린,오토,ORIGINAL,일반,2025-03-20 13:43:03.000 +09,경기,마니카,334루6687,5,0,0,339.9659,0.0,0,0,
38918439,현대,더 뉴 아반떼 AD,1.6,스타일,201812.0,2019,1259.0,62806.0,가솔린,오토,ORIGINAL,일반,2025-03-20 13:43:03.000 +09,경기,알차,69너6673,2,1,1,352.444,171.484,0,0,
38998896,현대,아반떼 (CN7),2.0 N,,202203.0,2022,2390.0,49967.0,가솔린,수동,ORIGINAL,일반,2025-03-20 13:43:03.000 +09,서울,에이스모터스,132마9108,1,0,0,88.1209,0.0,0,0,
38881704,현대,아반떼 (CN7),1.6,인스퍼레이션,202012.0,2021,1960.0,14682.0,가솔린,오토,ORIGINAL,일반,2025-03-20 13:43:03.000 +09,서울,(주)하이오토코리아,143주7568,1,1,0,138.782,30.34,0,0,
38971511,현대,아반떼 MD,M16 GDI 스마트,,201211.0,2013,640.0,143747.0,가솔린,오토,ORIGINAL,일반,2025-03-20 13:42:54.000 +09,경남,더케어모터스,23나9569,4,2,1,352.6072,141.6536,0,0,
39270564,현대,아반떼 AD,1.6 GDI 밸류 플러스,,201712.0,2018,1400.0,26053.0,가솔린,오토,ORIGINAL,일반,2025-03-20 13:42:29.000 +09,서울,(주)자동차친구,29모5862,0,1,1,0.0,50.9589,0,0,
39171759,현대,아반떼 AD,1.6 GDI 스마트,(세부등급 없음),201609.0,2017,890.0,74113.0,가솔린,오토,ORIGINAL,일반,2025-03-20 13:42:20.000 +09,부산,코리아모터스,02너0381,5,7,3,368.3316,1334.6154,0,0,
39193079,현대,아반떼 AD,1.6 GDI 밸류 플러스,,201712.0,2018,1090.0,85068.0,가솔린,오토,ORIGINAL,일반,2025-03-20 13:42:18.000 +09,충북,로또자동차매매상사,04러2163,1,0,1,0.0,0.0,0,0,
38943818,현대,더 뉴 아반떼 (CN7),1.6,모던,202307.0,2024,1890.0,39058.0,가솔린,오토,ORIGINAL,일반,2025-03-20 13:42:14.000 +09,서울,롯데렌탈주식회사,349수3174,0,0,0,0.0,0.0,1,0,
38927447,현대,더 뉴 아반떼,1.6 GDi 모던,기본형,201312.0,2014,670.0,82259.0,가솔린,오토,ORIGINAL,일반,2025-03-20 13:42:14.000 +09,광주,오토플러스(주),27구4747,2,1,2,116.1388,110.4,0,0,
39126953,현대,아반떼 (CN7),1.6,모던,202004.0,2021,1730.0,62898.0,가솔린,오토,ORIGINAL,일반,2025-03-20 13:42:14.000 +09,인천,코리아모터스,280버9539,0,0,1,0.0,0.0,1,0,
39243546,현대,아반떼 AD,1.6 GDI 밸류 플러스,,201711.0,2018,1300.0,43883.0,가솔린,오토,ORIGINAL,일반,2025-03-20 13:42:14.000 +09,경기,(주)스마트모터스,50모4162,1,0,0,54.5282,0.0,0,0,
39177659,현대,아반떼 (CN7),1.6,인스퍼레이션,202111.0,2022,1970.0,47190.0,가솔린,오토,ORIGINAL,일반,2025-03-20 13:42:14.000 +09,경기,(주)비비드카,190부8535,1,0,1,106.403,0.0,0,0,
39003154,현대,아반떼 MD,LPI M16 모던,,201305.0,2014,390.0,116879.0,LPG(일반인 구입),오토,ORIGINAL,일반,2025-03-20 13:42:14.000 +09,경기,카스토어,23소9085,5,5,6,1355.1642,1795.0373,0,0,
38913286,현대,아반떼 (CN7),1.6,모던,202012.0,2021,1160.0,127877.0,가솔린,오토,ORIGINAL,일반,2025-03-20 13:42:14.000 +09,부산,엠제이모터스,184모8851,1,0,2,212.7109,0.0,1,0,
38534378,현대,더 뉴 아반떼 (CN7),1.6,모던,202308.0,2024,2120.0,2784.0,가솔린,오토,ORIGINAL,일반,2025-03-20 13:42:14.000 +09,서울,(주)카웨이,257버2785,1,0,1,105.9663,0.0,0,0,
38579590,현대,아반떼 하이브리드 (CN7),인스퍼레이션,,202108.0,2021,2250.0,38005.0,가솔린+전기,오토,ORIGINAL,일반,2025-03-20 13:42:14.000 +09,경기,드림 모터스,369무7072,3,1,3,190.8663,79.406,1,0,
38320907,현대,아반떼 (CN7),1.6,모던,202105.0,2021,1530.0,82608.0,가솔린,오토,ORIGINAL,일반,2025-03-20 13:42:03.000 +09,경기,로또모터스,112보9412,1,0,2,41.395,0.0,1,0,
38347692,현대,더 뉴 아반떼,1.6 GDi 스마트,기본형,201308.0,2014,520.0,102558.0,가솔린,오토,ORIGINAL,일반,2025-03-20 13:42:03.000 +09,경기,주식회사 명진모터스,23부7111,3,3,2,339.4956,243.3776,0,0,
38386278,현대,아반떼 MD,M16 GDI 디럭스,,201203.0,2012,450.0,95740.0,가솔린,오토,ORIGINAL,일반,2025-03-20 13:42:03.000 +09,전남,JC모터스,37부9884,4,2,3,331.718,75.3242,0,0,
39181874,현대,아반떼 AD,1.6 GDI 밸류 플러스,,201802.0,2018,1050.0,97144.0,가솔린,오토,ORIGINAL,일반,2025-03-20 13:42:03.000 +09,서울,(주)라인자동차,47고2143,2,1,1,196.7905,81.765,0,0,
39268854,현대,아반떼 HD,1.6 VVT S16,럭셔리,201007.0,2010,290.0,92298.0,가솔린,오토,ORIGINAL,일반,2025-03-20 13:42:03.000 +09,광주,드림카마켓,35거2101,3,0,4,118.158,0.0,0,0,
39245961,현대,더 뉴 아반떼,1.6 GDi 프리미엄,기본형,201310.0,2014,670.0,62028.0,가솔린,오토,ORIGINAL,일반,2025-03-20 13:42:03.000 +09,서울,주식회사뉴에버모터스,56루1446,5,0,3,877.6493,0.0,0,0,
39260319,현대,아반떼 AD,1.6 GDI 밸류 플러스,,201609.0,2017,870.0,58393.0,가솔린,오토,ORIGINAL,일반,2025-03-20 13:42:03.000 +09,울산,준Car,62누0338,8,2,4,484.8086,127.387,0,0,
39035172,현대,아반떼 MD,M16 GDI 스타일,,201301.0,2013,360.0,191977.0,가솔린,오토,ORIGINAL,일반,2025-03-20 13:42:03.000 +09,부산,서원모터스,20러9991,1,0,0,70.6187,0.0,0,0,
38863344,현대,아반떼 (CN7),1.6,모던,202107.0,2021,1290.0,96568.0,가솔린,오토,ORIGINAL,일반,2025-03-20 13:42:03.000 +09,대전,코파츠자동차,232나2009,1,0,1,46.5243,0.0,1,0,
38863255,현대,아반떼 (CN7),1.6,인스퍼레이션,202004.0,2021,1799.0,32512.0,가솔린,오토,ORIGINAL,일반,2025-03-20 13:42:03.000 +09,부산,카플릭스2,222거3179,7,7,3,681.186,978.7287,0,0,
37034886,현대,아반떼 AD,1.6 GDI 스타일,,201511.0,2016,770.0,142057.0,가솔린,오토,ORIGINAL,일반,2025-03-20 13:42:03.000 +09,서울,서울오토벨,05너0353,4,2,1,356.4215,301.0124,0,0,
39227731,현대,아반떼 AD,1.6 GDI 프리미엄,,201610.0,2017,1180.0,60719.0,가솔린,오토,ORIGINAL,일반,2025-03-20 13:42:03.000 +09,전남,가온모터스,19저0357,1,2,3,380.2656,205.6759,0,0,
39197674,현대,아반떼 AD,1.6 GDI 밸류 플러스,,201803.0,2018,1240.0,57979.0,가솔린,오토,ORIGINAL,일반,2025-03-20 13:42:03.000 +09,경기,쏘니모터스,43서4836,3,1,3,152.4533,65.611,0,0,
38300445,현대,아반떼 MD,M16 GDI 럭셔리,,201104.0,2011,449.0,99249.0,가솔린,오토,ORIGINAL,일반,2025-03-20 13:42:03.000 +09,경기,바바모터스,49노9263,5,3,6,500.3539,123.5289,0,0,
37800777,현대,아반떼 AD,1.6 GDI 스타일,,201607.0,2017,730.0,116852.0,가솔린,오토,ORIGINAL,일반,2025-03-20 13:42:03.000 +09,충북,착한모터스,108너7741,5,3,5,165.5569,38.8419,1,0,
38793593,현대,아반떼 (CN7),1.6,모던,202006.0,2021,1399.0,51749.0,가솔린,오토,ORIGINAL,일반,2025-03-20 13:42:03.000 +09,대구,자동차명가,182가7572,1,3,1,677.2243,263.0071,1,0,
39276108,현대,아반떼 AD,1.6 터보 스포츠,익스트림 셀렉션,201710.0,2018,1190.0,130000.0,가솔린,오토,ORIGINAL,일반,2025-03-20 13:41:49.000 +09,광주,신미래모터스,50러8569,2,2,7,391.2238,462.2958,0,0,
38390386,현대,아반떼 (CN7),1.6,모던,202201.0,2022,1699.0,35498.0,가솔린,오토,ORIGINAL,일반,2025-03-20 13:41:49.000 +09,서울,드림카,239수9065,1,0,1,138.797,0.0,1,0,
38388049,현대,아반떼 (CN7),1.6,모던,202108.0,2021,1830.0,42495.0,가솔린,오토,ORIGINAL,일반,2025-03-20 13:41:49.000 +09,서울,드림카,143도4911,1,0,2,133.7081,0.0,1,0,
39192109,현대,아반떼 (CN7),1.6,인스퍼레이션,202102.0,2021,1950.0,63971.0,가솔린,오토,ORIGINAL,일반,2025-03-20 13:41:31.000 +09,대구,일품 모터스,167노8462,0,0,1,0.0,0.0,0,0,
38653914,현대,아반떼 AD,1.6 GDI 밸류 플러스,,201702.0,2017,790.0,115364.0,가솔린,오토,ORIGINAL,일반,2025-03-20 13:41:11.000 +09,인천,황소모터스,28조8487,6,5,3,685.2599,495.1299,0,0,
38623203,현대,아반떼 MD,M16 GDI 럭셔리,,201206.0,2012,450.0,92069.0,가솔린,오토,ORIGINAL,일반,2025-03-20 13:41:11.000 +09,충남,동네사람들,20서3581,3,4,1,261.405,173.7098,0,0,
38518160,현대,아반떼 AD,1.6 GDI 밸류 플러스,,201710.0,2018,1000.0,79418.0,가솔린,오토,ORIGINAL,일반,2025-03-20 13:41:11.000 +09,서울,(주)오토넷글로벌,154수5048,0,3,5,0.0,310.8769,1,0,
37369559,현대,아반떼 MD,M16 GDI 럭셔리,,201011.0,2011,499.0,61592.0,가솔린,오토,ORIGINAL,일반,2025-03-20 13:41:11.000 +09,대구,kb모터스,33모4023,1,0,2,118.332,0.0,0,0,
37870706,현대,아반떼 AD,1.6 LPI 스마트(렌터카),,201807.0,2018,930.0,84637.0,LPG(일반인 구입),오토,ORIGINAL,일반,2025-03-20 13:41:11.000 +09,경기,중고차A팀,19소3999,2,3,1,526.6774,400.5384,0,0,
38947900,현대,아반떼 MD,M16 GDI 프리미어,,201110.0,2012,360.0,86690.0,가솔린,오토,ORIGINAL,일반,2025-03-20 13:41:11.000 +09,인천,스카이모터스,24저1341,3,0,1,321.4902,0.0,0,0,
38911393,현대,아반떼 MD,M16 GDI 럭셔리,,201205.0,2012,420.0,113376.0,가솔린,오토,ORIGINAL,일반,2025-03-20 13:41:11.000 +09,광주,광주중고차 153모터스,40러2892,2,3,5,208.8828,142.8827,0,0,
39064945,현대,아반떼 AD,1.6 GDI 프리미엄,,201512.0,2016,850.0,108751.0,가솔린,오토,ORIGINAL,일반,2025-03-20 13:41:11.000 +09,대전,신카,39너0799,2,2,2,232.3578,188.396,0,0,
38892648,현대,아반떼 (CN7),1.6,인스퍼레이션,202006.0,2021,1940.0,21128.0,가솔린,오토,ORIGINAL,일반,2025-03-20 13:41:11.000 +09,경기,나무모터스,374두6266,1,0,1,205.7158,0.0,0,0,
38778097,현대,아반떼 AD,1.6 GDI 스마트,(세부등급 없음),201606.0,2017,1120.0,29217.0,가솔린,오토,ORIGINAL,일반,2025-03-20 13:41:11.000 +09,경기,오토스마일,17도0201,0,1,2,0.0,104.8728,0,0,
39110575,현대,더 뉴 아반떼 AD,1.6,스마트 초이스,201907.0,2020,1249.0,71588.0,가솔린,오토,ORIGINAL,일반,2025-03-20 13:41:11.000 +09,충남,(주)오토월드,10수5847,1,1,1,0.0,30.4194,0,0,
39238599,현대,아반떼 AD,1.6 GDI 밸류 플러스,,201707.0,2018,1050.0,92606.0,가솔린,오토,ORIGINAL,일반,2025-03-20 13:41:04.000 +09,경기,신성모터스,43우2386,2,1,1,45.5919,149.126,0,0,0.0
39090991,현대,아반떼 AD,1.6 GDI 밸류 플러스,,201707.0,2018,830.0,113290.0,가솔린,오토,ORIGINAL,일반,2025-03-20 13:41:02.000 +09,경기,중고차A팀,134다9152,2,0,5,483.22,0.0,1,0,
39082345,현대,아반떼 AD,1.6 GDI 밸류 플러스,,201801.0,2018,1190.0,60432.0,가솔린,오토,ORIGINAL,일반,2025-03-20 13:41:02.000 +09,인천,한진모터스,186로6963,3,0,1,138.8476,0.0,1,0,
39067262,현대,아반떼 AD,1.6 e-VGT 스마트,스페셜,201603.0,2016,830.0,118740.0,디젤,오토,ORIGINAL,일반,2025-03-20 13:41:02.000 +09,울산,뉴MJ모터스,28소0638,4,3,3,321.358,374.1,0,0,
38723637,현대,아반떼 하이브리드 (CN7),모던,,202009.0,2021,1270.0,160790.0,가솔린+전기,오토,ORIGINAL,일반,2025-03-20 13:41:02.000 +09,대구,태풍자동차,238마8216,3,1,1,230.864,29.3985,1,0,
38913568,현대,아반떼 MD,M16 GDI 럭셔리,,201104.0,2011,380.0,147730.0,가솔린,오토,ORIGINAL,일반,2025-03-20 13:41:02.000 +09,서울,오토스토리,17보4047,5,3,1,260.408,165.442,0,0,
38399520,현대,아반떼 MD,M16 GDI 럭셔리,,201101.0,2011,390.0,172238.0,가솔린,오토,ORIGINAL,일반,2025-03-20 13:41:02.000 +09,경기,오토스마일,48우3564,4,1,1,584.9545,30.2798,0,0,
37923680,현대,아반떼 MD,LPI M16 스타일,,201307.0,2014,369.0,206714.0,LPG(일반인 구입),오토,ORIGINAL,일반,2025-03-20 13:41:02.000 +09,부산,박준표중고차,28저0480,3,2,4,512.4312,520.896,1,0,
38674530,현대,아반떼 MD,M16 GDI 모던,,201305.0,2013,499.0,130724.0,가솔린,오토,ORIGINAL,일반,2025-03-20 13:41:02.000 +09,충남,건희모터스,48보1599,8,4,4,731.3061,354.839,0,0,
38578789,현대,아반떼 AD,1.6 LPI 스마트(렌터카),,201808.0,2018,1060.0,98161.0,LPG(일반인 구입),오토,ORIGINAL,일반,2025-03-20 13:41:02.000 +09,대구,원.MOTORS,323모6383,2,1,3,151.3908,56.3647,1,0,
38579176,현대,아반떼 AD,1.6 터보 스포츠,(세부등급 없음),201701.0,2017,899.0,71822.0,가솔린,수동,ORIGINAL,일반,2025-03-20 13:41:02.000 +09,충남,에스오토,33라1262,0,0,8,0.0,0.0,0,0,
38965984,현대,아반떼 AD,1.6 GDI 모던,스페셜,201510.0,2016,780.0,143409.0,가솔린,오토,ORIGINAL,일반,2025-03-20 13:41:02.000 +09,전북,MK상사,36다0891,7,3,3,862.1342,116.157,0,0,
38419409,현대,아반떼 (CN7),1.6,모던,202210.0,2023,1890.0,27688.0,가솔린,오토,ORIGINAL,일반,2025-03-20 13:41:02.000 +09,부산,신아오토모빌,185다2521,2,0,1,190.9607,0.0,0,0,
38852617,현대,아반떼 MD,M16 GDI 럭셔리,,201202.0,2012,550.0,15476.0,가솔린,오토,ORIGINAL,일반,2025-03-20 13:41:02.000 +09,경기,별모터스,33저5832,0,1,1,0.0,193.788,0,0,
39057409,현대,아반떼 (CN7),1.6,모던,202011.0,2021,1650.0,113696.0,가솔린,오토,ORIGINAL,일반,2025-03-20 13:41:02.000 +09,서울,CSM오토컴퍼니,395저9265,3,0,1,229.0725,0.0,0,0,
39059508,현대,아반떼 AD,1.6 GDI 스마트,(세부등급 없음),201605.0,2017,850.0,119012.0,가솔린,오토,ORIGINAL,일반,2025-03-20 13:41:02.000 +09,인천,(주)시우자동차,114가5843,0,0,4,0.0,0.0,1,0,
38851397,현대,아반떼 AD,1.6 GDI 스마트,(세부등급 없음),201509.0,2016,930.0,111585.0,가솔린,오토,ORIGINAL,일반,2025-03-20 13:41:02.000 +09,경기,선진모터스,54루4270,0,0,1,0.0,0.0,0,0,
38830490,현대,더 뉴 아반떼 (CN7),1.6,모던,202401.0,2024,2149.0,7102.0,가솔린,오토,ORIGINAL,일반,2025-03-20 13:41:02.000 +09,서울,오토리안,250나2817,0,0,1,0.0,0.0,0,0,
39088900,현대,더 뉴 아반떼 (CN7),2.0 N,,202401.0,2024,3220.0,6492.0,가솔린,수동,ORIGINAL,일반,2025-03-20 13:41:02.000 +09,충남,당근카,199로8412,2,1,0,119.971,105.518,0,0,
39241926,현대,아반떼 AD,1.6 GDI 스타일,,201805.0,2018,730.0,215800.0,가솔린,수동,ORIGINAL,일반,2025-03-20 13:41:02.000 +09,대전,벧엘자동차매매상사,51조1274,3,2,2,159.5528,111.358,1,0,
38945128,현대,아반떼 (CN7),1.6 LPi,모던,202103.0,2021,1550.0,117329.0,LPG(일반인 구입),오토,ORIGINAL,일반,2025-03-20 13:41:02.000 +09,대전,벧엘자동차매매상사,163두6329,3,0,2,469.0623,0.0,0,0,
39183999,현대,아반떼 MD,LPI M16 디럭스,,201202.0,2012,465.0,133742.0,LPG(일반인 구입),오토,ORIGINAL,일반,2025-03-20 13:41:02.000 +09,대구,이지훈모터스,25부5584,0,1,3,0.0,60.6,1,0,
39174590,현대,아반떼 AD,1.6 GDI 스마트,(세부등급 없음),201602.0,2016,750.0,139344.0,가솔린,오토,ORIGINAL,일반,2025-03-20 13:41:02.000 +09,대구,YB모터스,09보0214,2,1,1,319.8867,92.0,0,0,
39270458,현대,아반떼 AD,1.6 e-VGT 스마트,(세부등급 없음),201703.0,2017,790.0,109028.0,디젤,오토,ORIGINAL,일반,2025-03-20 13:41:02.000 +09,경기,카365,42라3632,1,1,1,128.119,78.827,0,0,
39265025,현대,아반떼 (CN7),2.0 N,,202303.0,2023,2900.0,8395.0,가솔린,오토,ORIGINAL,일반,2025-03-20 13:41:02.000 +09,경기,(주)준모터스,134다8220,0,0,1,0.0,0.0,0,0,
39248048,현대,아반떼 AD,1.6 GDI 밸류 플러스,,201712.0,2018,1350.0,44099.0,가솔린,오토,ORIGINAL,일반,2025-03-20 13:41:02.000 +09,서울,(주)마이원카,18어8318,1,0,2,22.73,0.0,0,0,
39243885,현대,아반떼 (CN7),1.6,모던,202111.0,2022,1599.0,78585.0,가솔린,오토,ORIGINAL,일반,2025-03-20 13:41:02.000 +09,충남,오토리더,361루7478,3,2,1,212.9749,257.85,0,0,
39235918,현대,더 뉴 아반떼 AD,1.6,스마트 초이스,201906.0,2020,1470.0,34204.0,가솔린,오토,ORIGINAL,일반,2025-03-20 13:41:02.000 +09,대전,(주)케이제이모터스,21부3744,2,1,1,88.285,50.9512,0,0,
39178818,현대,아반떼 하이브리드 (CN7),모던,,202104.0,2021,1690.0,81115.0,가솔린+전기,오토,ORIGINAL,일반,2025-03-20 13:41:02.000 +09,대전,YD모터스,153서9192,2,0,1,434.7766,0.0,1,0,
39133955,현대,더 뉴 아반떼,1.6 GDi 모던,기본형,201504.0,2015,800.0,75123.0,가솔린,오토,ORIGINAL,일반,2025-03-20 13:41:02.000 +09,서울,에스에이치모터스,19다7578,3,2,3,247.5276,376.8439,0,0,
39109207,현대,아반떼 AD,1.6 터보 스포츠,오리지널,201708.0,2018,950.0,123127.0,가솔린,오토,ORIGINAL,일반,2025-03-20 13:41:02.000 +09,서울,필카,203고8165,1,0,4,38.0961,0.0,2,0,
39222937,현대,더 뉴 아반떼 (CN7),1.6,스마트,202411.0,2025,1680.0,1606.0,가솔린,오토,ORIGINAL,일반,2025-03-20 13:41:02.000 +09,대전,주식회사우리카,173조7793,1,0,2,0.0,0.0,0,0,
39200782,현대,아반떼 (CN7),1.6,모던,202007.0,2021,1299.0,123568.0,가솔린,오토,ORIGINAL,일반,2025-03-20 13:41:02.000 +09,대구,당근모터스,234모7300,0,0,1,0.0,0.0,1,0,
39193451,현대,아반떼 (CN7),2.0 N,,202203.0,2022,2510.0,40228.0,가솔린,오토,ORIGINAL,일반,2025-03-20 13:41:02.000 +09,인천,오토플러스(주),157호6061,0,0,0,0.0,0.0,0,0,
39167521,현대,아반떼 (CN7),1.6 터보 N Line,스포츠,202102.0,2021,1649.0,64886.0,가솔린,오토,ORIGINAL,일반,2025-03-20 13:41:02.000 +09,경기,(주)카르메스오토,259노5102,1,0,1,149.9349,0.0,1,0,
39168134,현대,아반떼 AD,1.6 GDI 모던,(세부등급 없음),201603.0,2016,870.0,82867.0,가솔린,오토,ORIGINAL,일반,2025-03-20 13:41:02.000 +09,경기,Feel Car,05보0554,2,2,3,553.8648,226.744,0,0,
38286536,현대,아반떼 MD,M16 GDI 럭셔리,,201201.0,2012,390.0,153505.0,가솔린,오토,ORIGINAL,일반,2025-03-20 13:41:02.000 +09,부산,(주)로얄모터스,50루1492,2,1,6,61.5476,44.7098,1,0,
38343085,현대,아반떼 MD,M16 GDI 럭셔리,,201102.0,2011,560.0,66092.0,가솔린,오토,ORIGINAL,일반,2025-03-20 13:41:02.000 +09,대구,명품모터스,23오7908,2,4,1,183.8953,1068.035,0,0,
39073319,현대,아반떼 (CN7),1.6,스마트,202101.0,2021,1470.0,43668.0,가솔린,오토,ORIGINAL,일반,2025-03-20 13:41:02.000 +09,경기,구리중고차,180두4856,1,1,1,0.0,0.0,1,0,
39176397,현대,더 뉴 아반떼,1.6 LPi 스타일,,201509.0,2016,470.0,134629.0,LPG(일반인 구입),오토,ORIGINAL,일반,2025-03-20 13:41:00.000 +09,경기,엠에스모터스,195저1213,3,1,5,151.3377,51.9593,3,0,
38941111,현대,아반떼 AD,1.6 GDI 모던,(세부등급 없음),201608.0,2016,999.0,43741.0,가솔린,오토,ORIGINAL,일반,2025-03-20 13:40:56.000 +09,충남,화랑상사,21모0602,6,2,2,507.2498,193.9643,0,0,
39184308,현대,아반떼 MD,M16 GDI 럭셔리,,201009.0,2011,599.0,83687.0,가솔린,오토,ORIGINAL,일반,2025-03-20 13:40:55.000 +09,충남,화랑상사,18다5525,2,0,2,135.939,0.0,0,0,
39092913,현대,아반떼 AD,1.6 GDI 모던,스페셜,201701.0,2017,899.0,56938.0,가솔린,오토,ORIGINAL,일반,2025-03-20 13:40:55.000 +09,충남,화랑상사,35로6629,3,4,2,482.077,224.414,0,0,
38421848,현대,아반떼 MD,M16 GDI 모던,,201210.0,2013,490.0,171836.0,가솔린,오토,ORIGINAL,일반,2025-03-20 13:40:50.000 +09,대구,정모터스,49보5067,2,2,4,216.806,96.291,0,0,
39008876,현대,아반떼 MD,M16 GDI 럭셔리,,201207.0,2012,470.0,147664.0,가솔린,오토,ORIGINAL,일반,2025-03-20 13:40:43.000 +09,경기,브로드카,51보7845,3,2,1,157.4009,473.106,0,0,
39267814,현대,더 뉴 아반떼 AD,1.6,스마트,201811.0,2019,1270.0,89830.0,가솔린,오토,ORIGINAL,일반,2025-03-20 13:40:23.000 +09,대구,(주)히든모터스,29가4963,1,0,1,45.5213,0.0,0,0,
38751241,현대,아반떼 MD,M16 GDI 탑,,201011.0,2011,390.0,116447.0,가솔린,오토,ORIGINAL,일반,2025-03-20 13:40:21.000 +09,대구,한국자동차상사,16루9140,5,3,5,416.2316,348.2736,0,0,
39106294,현대,아반떼 AD,1.6 GDI 스마트,(세부등급 없음),201701.0,2017,970.0,93287.0,가솔린,오토,ORIGINAL,일반,2025-03-20 13:40:18.000 +09,경북,대명,18어5480,2,0,1,213.6298,0.0,0,0,
39126847,현대,아반떼 (CN7),1.6 터보 N Line,스포츠,202103.0,2021,2020.0,58570.0,가솔린,오토,ORIGINAL,일반,2025-03-20 13:40:13.000 +09,경기,(주)에스비즈,157거4911,1,0,3,45.929,0.0,0,0,
39067037,현대,더 뉴 아반떼 하이브리드 (CN7),인스퍼레이션,,202309.0,2024,2990.0,11754.0,가솔린+전기,오토,ORIGINAL,일반,2025-03-20 13:40:13.000 +09,경기,카카오토,115서1107,0,0,0,0.0,0.0,0,0,
37913722,현대,더 뉴 아반떼 AD,1.6 디젤,스마트,201904.0,2019,1099.0,82765.0,디젤,오토,ORIGINAL,일반,2025-03-20 13:40:13.000 +09,경기,(주)영모터스,227거9636,1,0,2,101.204,0.0,1,0,
38442858,현대,아반떼 MD,M16 GDI 스마트,,201212.0,2013,450.0,124819.0,가솔린,오토,ORIGINAL,일반,2025-03-20 13:40:13.000 +09,서울,화성모터스,58거5219,2,1,3,383.8439,106.023,0,0,
38337734,현대,아반떼 하이브리드 (CN7),모던,,202010.0,2021,1650.0,33713.0,가솔린+전기,오토,ORIGINAL,일반,2025-03-20 13:40:13.000 +09,대구,당근모터스,399버6112,2,4,1,487.4121,298.5568,1,0,
38446493,현대,아반떼 AD,1.6 GDI 밸류 플러스,,201707.0,2018,880.0,88707.0,가솔린,오토,ORIGINAL,일반,2025-03-20 13:40:13.000 +09,부산,신아오토모빌,325구4680,6,0,5,525.3181,0.0,1,0,
39253984,현대,아반떼 (CN7),1.6 LPi (렌터카),스타일,202102.0,2021,1370.0,40855.0,LPG(일반인 구입),오토,ORIGINAL,일반,2025-03-20 13:40:13.000 +09,경기,카리브모터스,269노6990,2,0,1,175.4852,0.0,1,0,
39202273,현대,더 뉴 아반떼 (CN7),1.6,인스퍼레이션,202312.0,2024,2530.0,9548.0,가솔린,오토,ORIGINAL,일반,2025-03-20 13:40:13.000 +09,경기,위드카,242부3631,0,0,0,0.0,0.0,0,0,
39177670,현대,아반떼 (CN7),1.6,스마트,202207.0,2023,1520.0,42750.0,가솔린,오토,ORIGINAL,일반,2025-03-20 13:40:13.000 +09,인천,우민모터스,209우1476,0,0,1,0.0,0.0,1,0,
39035119,현대,아반떼 하이브리드,HDeII,기본형,200910.0,2010,300.0,169302.0,LPG+전기,오토,ORIGINAL,일반,2025-03-20 13:40:11.000 +09,경기,힐링모터스,57모7718,0,1,6,0.0,99.0,0,0,
38814577,현대,더 뉴 아반떼,1.6 GDi 스마트,기본형,201310.0,2014,450.0,102927.0,가솔린,오토,ORIGINAL,일반,2025-03-20 13:40:05.000 +09,인천,굿카대표,12서5467,5,3,2,553.4138,535.471,0,0,
38613880,현대,아반떼 AD,1.6 GDI 밸류 플러스,,201705.0,2018,830.0,113135.0,가솔린,오토,ORIGINAL,일반,2025-03-20 13:40:05.000 +09,부산,건우모터스,65누4108,3,1,4,550.9967,68.5968,0,0,
38713400,현대,아반떼 MD,M16 GDI 프리미어,,201104.0,2011,450.0,74269.0,가솔린,오토,ORIGINAL,일반,2025-03-20 13:40:05.000 +09,인천,굿카대표,17수8973,3,2,3,372.185,93.411,0,0,
39201114,현대,아반떼 AD,1.6 터보 스포츠,(세부등급 없음),201608.0,2017,859.0,131392.0,가솔린,수동,ORIGINAL,일반,2025-03-20 13:40:05.000 +09,경기,공은모터스,46소0293,1,0,5,0.0,0.0,0,0,
39191518,현대,아반떼 AD,1.6 GDI 스마트,(세부등급 없음),201511.0,2016,940.0,102084.0,가솔린,오토,ORIGINAL,일반,2025-03-20 13:40:04.000 +09,경기,벧엘자동차2,28주0978,0,0,1,0.0,0.0,0,0,
39173046,현대,더 뉴 아반떼,1.6 LPi 스마트,,201409.0,2015,500.0,177147.0,LPG(일반인 구입),오토,ORIGINAL,일반,2025-03-20 13:40:04.000 +09,광주,(주)신한자동차,60도6814,4,3,2,253.2891,219.5133,1,0,
39174409,현대,아반떼 (CN7),2.0 N,,202109.0,2022,2380.0,62351.0,가솔린,오토,ORIGINAL,일반,2025-03-20 13:40:04.000 +09,인천,원스탑모터스 주식회사,282무6278,4,1,4,685.272,79.3849,0,0,
39169660,현대,더 뉴 아반떼,1.6 GDi 스타일,,201505.0,2015,890.0,19354.0,가솔린,오토,ORIGINAL,일반,2025-03-20 13:40:04.000 +09,경기,아이오토,58노9152,0,0,1,0.0,0.0,0,0,
38781551,현대,아반떼 AD,1.6 GDI 밸류 플러스,,201807.0,2018,1250.0,56790.0,가솔린,오토,ORIGINAL,일반,2025-03-20 13:40:04.000 +09,대구,한빛모터스,35도6345,0,0,5,0.0,0.0,0,0,
38425322,현대,아반떼 AD,1.6 GDI 밸류 플러스,,201612.0,2017,970.0,71734.0,가솔린,오토,ORIGINAL,일반,2025-03-20 13:40:04.000 +09,인천,달인자동차,37라3517,1,1,1,27.82,50.842,0,0,
38803948,현대,아반떼 (CN7),1.6,모던,202012.0,2021,1230.0,120485.0,가솔린,오토,ORIGINAL,일반,2025-03-20 13:40:04.000 +09,대구,극동자동차상사,184모8859,2,0,2,123.4819,0.0,1,0,
38623971,현대,아반떼 AD,1.6 GDI 모던,(세부등급 없음),201606.0,2017,1070.0,58402.0,가솔린,오토,ORIGINAL,일반,2025-03-20 13:40:04.000 +09,충남,국보자동차매매상사,69우0165,1,0,3,752.2,0.0,0,0,
38586434,현대,더 뉴 아반떼,1.6 GDi 프리미엄,기본형,201311.0,2014,750.0,71546.0,가솔린,오토,ORIGINAL,일반,2025-03-20 13:40:04.000 +09,충북,(주)더챔,13가2841,1,1,3,145.5399,80.7488,0,0,
39264793,현대,아반떼 AD,1.6 GDI 밸류 플러스,,201802.0,2018,1070.0,75485.0,가솔린,오토,ORIGINAL,일반,2025-03-20 13:40:04.000 +09,울산,뉴MJ모터스,36거6187,3,5,1,114.872,123.3999,0,0,
38935397,현대,아반떼 HD,1.6 VVT S16,월드컵 스페셜 에디션,201005.0,2010,530.0,50392.0,가솔린,오토,ORIGINAL,일반,2025-03-20 13:40:04.000 +09,대구,대구모터스,23더5583,1,0,1,43.93,0.0,0,0,
39264739,현대,더 뉴 아반떼 (CN7),1.6,인스퍼레이션,202305.0,2024,2470.0,7163.0,가솔린,오토,ORIGINAL,일반,2025-03-20 13:40:04.000 +09,경기,(주)준모터스,236저7048,1,0,0,45.2194,0.0,0,0,
38957803,현대,아반떼 MD,M16 GDI 스마트,,201210.0,2013,380.0,143720.0,가솔린,오토,ORIGINAL,일반,2025-03-20 13:40:04.000 +09,인천,오토플러스(주),22무2548,2,1,2,77.126,83.7154,0,0,
38874081,현대,더 뉴 아반떼,1.6 GDi 모던,기본형,201309.0,2014,620.0,74991.0,가솔린,오토,ORIGINAL,일반,2025-03-20 13:40:04.000 +09,인천,(주)시우자동차,61어5809,2,2,3,121.7573,138.4418,0,0,
38189793,현대,아반떼 AD,1.6 GDI 밸류 플러스,,201803.0,2018,1190.0,35296.0,가솔린,오토,ORIGINAL,일반,2025-03-20 13:39:28.000 +09,제주,아이모터스,39누7265,5,2,3,550.8392,128.1359,0,0,
38708689,현대,아반떼 (CN7),1.6,모던,202103.0,2021,1480.0,125884.0,가솔린,오토,ORIGINAL,일반,2025-03-20 13:39:28.000 +09,제주,아이모터스,143모8781,1,0,2,123.6022,0.0,1,0,
39017730,현대,아반떼 AD,1.6 GDI 모던,(세부등급 없음),201605.0,2017,780.0,156626.0,가솔린,오토,ORIGINAL,일반,2025-03-20 13:39:27.000 +09,제주,아이모터스,269라6997,6,7,7,1261.4427,753.5081,1,0,
38410085,현대,더 뉴 아반떼 AD,1.6,스타일,201810.0,2019,1250.0,40740.0,가솔린,오토,ORIGINAL,일반,2025-03-20 13:39:11.000 +09,경기,프로모터스,161어9744,0,0,2,0.0,0.0,1,0,
38940038,현대,아반떼 AD,1.6 터보 스포츠,(세부등급 없음),201608.0,2017,950.0,133800.0,가솔린,수동,ORIGINAL,일반,2025-03-20 13:39:11.000 +09,대구,카컴퍼니,321마7334,2,0,7,105.701,0.0,2,0,
39091413,현대,아반떼 (CN7),1.6,인스퍼레이션,202207.0,2023,2130.0,19769.0,가솔린,오토,ORIGINAL,일반,2025-03-20 13:39:11.000 +09,부산,오토플러스(주),338루6622,1,0,1,108.152,0.0,0,0,
39085323,현대,아반떼 MD,M16 GDI 프리미어,,201204.0,2012,490.0,65474.0,가솔린,오토,ORIGINAL,일반,2025-03-20 13:39:11.000 +09,부산,(주)강변모터스,68더8469,9,6,1,1010.6384,989.997,0,0,
37473339,현대,더 뉴 아반떼 (CN7),2.0 N,,202311.0,2024,3410.0,14470.0,가솔린,오토,ORIGINAL,일반,2025-03-20 13:39:11.000 +09,충남,당근카,156조8493,0,0,1,0.0,0.0,0,0,
39044481,현대,아반떼 (CN7),1.6,인스퍼레이션,202301.0,2023,2230.0,11926.0,가솔린,오토,ORIGINAL,일반,2025-03-20 13:39:11.000 +09,서울,(주)아이오토마스터,163루8437,1,0,2,70.1,0.0,0,0,
39154964,현대,아반떼 (CN7),1.6,인스퍼레이션,202101.0,2021,1820.0,88015.0,가솔린,오토,ORIGINAL,일반,2025-03-20 13:39:11.000 +09,대전,주식회사엘씨,138서3431,0,1,1,0.0,40.7999,1,0,
39124947,현대,아반떼 (CN7),2.0 N,,202204.0,2022,2600.0,25009.0,가솔린,수동,ORIGINAL,일반,2025-03-20 13:39:11.000 +09,경기,(주)카렉스코리아 김포지점,293거8820,0,0,4,0.0,0.0,0,0,
38589741,현대,아반떼 (CN7),1.6,인스퍼레이션,202004.0,2021,1899.0,59924.0,가솔린,오토,ORIGINAL,일반,2025-03-20 13:39:11.000 +09,서울,(주)하이오토,299오1340,1,0,4,105.5,0.0,0,0,
39184173,현대,아반떼 (CN7),1.6,인스퍼레이션,202007.0,2021,1850.0,73812.0,가솔린,오토,ORIGINAL,일반,2025-03-20 13:39:11.000 +09,대구,대구셀카중고차,208머3225,2,0,1,97.922,0.0,1,0,
39210731,현대,아반떼 (CN7),1.6,인스퍼레이션,202105.0,2021,2120.0,28899.0,가솔린,오토,ORIGINAL,일반,2025-03-20 13:39:11.000 +09,대구,MV모터스,146수8944,0,0,0,0.0,0.0,0,0,
39199840,현대,아반떼 하이브리드 (CN7),모던,,202011.0,2021,2030.0,39638.0,가솔린+전기,오토,ORIGINAL,일반,2025-03-20 13:39:11.000 +09,대구,팬더모터스,208머3207,0,0,2,0.0,0.0,1,0,
39231450,현대,아반떼 MD,M16 GDI 탑,,201010.0,2011,440.0,106629.0,가솔린,오토,ORIGINAL,일반,2025-03-20 13:39:11.000 +09,경기,가은모터스,14가1646,4,1,1,432.1086,334.141,0,0,
39257200,현대,아반떼 MD,M16 GDI 스마트,,201209.0,2013,520.0,144971.0,가솔린,오토,ORIGINAL,일반,2025-03-20 13:39:11.000 +09,서울,주식회사 아이오토스,56보3888,5,0,2,507.4229,0.0,0,0,
39256027,현대,아반떼 하이브리드 (CN7),스마트,,202212.0,2023,1750.0,66704.0,가솔린+전기,오토,ORIGINAL,일반,2025-03-20 13:39:11.000 +09,인천,(주)케이엠모터스,276두4697,1,1,1,61.7679,757.42,1,0,
39246866,현대,아반떼 AD,1.6 GDI 밸류 플러스,,201611.0,2017,1140.0,73885.0,가솔린,오토,ORIGINAL,일반,2025-03-20 13:39:11.000 +09,부산,카플릭스2,37모6276,3,2,0,156.946,223.313,0,0,
39149588,현대,아반떼 (CN7),1.6,모던,202301.0,2023,1990.0,3634.0,가솔린,오토,ORIGINAL,일반,2025-03-20 13:39:03.000 +09,대구,영모터스,120로2873,1,1,1,83.3563,92.2986,0,0,
38320152,현대,더 뉴 아반떼,1.6 GDi 스마트,기본형,201504.0,2016,720.0,47423.0,가솔린,오토,ORIGINAL,일반,2025-03-20 13:39:03.000 +09,서울,에스유즈드카,43더2397,4,1,1,170.5158,132.9898,0,0,
38195322,현대,아반떼 MD,M16 GDI 럭셔리,,201204.0,2012,390.0,187802.0,가솔린,오토,ORIGINAL,일반,2025-03-20 13:39:03.000 +09,경기,오토스마일,22서7449,5,1,2,195.4978,6.38,0,0,
37088806,현대,아반떼 MD,M16 GDI 프리미엄,,201210.0,2013,450.0,138645.0,가솔린,오토,ORIGINAL,일반,2025-03-20 13:39:03.000 +09,경기,블루오토,24나5188,1,0,2,214.359,0.0,0,0,
38189652,현대,아반떼 AD,1.6 터보 스포츠,익스트림 셀렉션,201804.0,2018,1590.0,63135.0,가솔린,오토,ORIGINAL,일반,2025-03-20 13:39:03.000 +09,경기,(주)카옥션,03소8401,1,1,1,123.151,50.916,0,0,
38937094,현대,더 뉴 아반떼 AD,1.6,스타일,201812.0,2019,1090.0,120543.0,가솔린,오토,ORIGINAL,일반,2025-03-20 13:39:03.000 +09,대구,성원모터스,55라4508,0,1,3,0.0,45.0,0,0,
38928345,현대,아반떼 (CN7),1.6,인스퍼레이션,202012.0,2021,1550.0,116509.0,가솔린,오토,ORIGINAL,일반,2025-03-20 13:39:03.000 +09,광주,광주중고차153모터,315보9284,1,1,3,151.8488,157.521,1,0,
39220041,현대,더 뉴 아반떼 (CN7),1.6,인스퍼레이션,202310.0,2024,2519.0,17606.0,가솔린,오토,ORIGINAL,일반,2025-03-20 13:39:03.000 +09,경기,빅보스모터스,295루7401,1,0,0,49.647,0.0,0,0,
39231896,현대,더 뉴 아반떼,1.6 GDi 스마트,기본형,201411.0,2015,650.0,112621.0,가솔린,오토,ORIGINAL,일반,2025-03-20 13:39:03.000 +09,대전,(주)중사모터스,57두4688,0,1,1,0.0,78.9831,0,0,
39213061,현대,아반떼 (CN7),1.6,인스퍼레이션,202006.0,2021,1970.0,38549.0,가솔린,오토,ORIGINAL,일반,2025-03-20 13:39:03.000 +09,경기,유로오토,141구7206,0,0,0,0.0,0.0,0,0,
39031167,현대,아반떼 (CN7),1.6,모던,202009.0,2021,1540.0,80351.0,가솔린,오토,ORIGINAL,일반,2025-03-20 13:39:03.000 +09,경기,대한자동차,179두1469,1,0,4,51.2492,0.0,0,0,
39174874,현대,아반떼 AD,1.6 GDI 밸류 플러스,,201705.0,2018,780.0,150133.0,가솔린,오토,ORIGINAL,일반,2025-03-20 13:39:03.000 +09,인천,범스카,01저9333,3,3,1,335.04,290.4991,0,0,
39178404,현대,아반떼 AD,1.6 GDI 밸류 플러스,,201801.0,2018,980.0,86849.0,가솔린,오토,ORIGINAL,일반,2025-03-20 13:39:03.000 +09,부산,(주)신세계 모터스,176루6871,1,1,3,63.2976,27.372,1,0,
37975616,현대,아반떼 AD,1.6 GDI 스마트,(세부등급 없음),201601.0,2016,1045.0,74665.0,가솔린,오토,ORIGINAL,일반,2025-03-20 13:39:01.000 +09,경남,붕붕모터스,369더3917,0,1,7,0.0,0.0,1,0,
39162305,현대,아반떼 AD,1.6 터보 스포츠,익스트림 셀렉션,201704.0,2018,1340.0,86209.0,가솔린,오토,ORIGINAL,일반,2025-03-20 13:38:26.000 +09,경기,좋은자동차,40다5823,1,0,3,64.046,0.0,0,0,
39255629,현대,아반떼 HD,1.6 VVT E16,디럭스,201001.0,2010,330.0,131363.0,가솔린,오토,ORIGINAL,일반,2025-03-20 13:38:18.000 +09,경기,(주)엠모터스,45거4598,1,5,8,52.08,257.3583,1,0,
38122601,현대,더 뉴 아반떼,1.6 VGT 스마트,기본형,201406.0,2014,600.0,103910.0,디젤,오토,ORIGINAL,일반,2025-03-20 13:38:11.000 +09,부산,신아오토모빌,43두9455,2,0,3,229.7211,0.0,0,0,
38088444,현대,아반떼 AD,1.6 GDI 모던,(세부등급 없음),201608.0,2017,980.0,92218.0,가솔린,오토,ORIGINAL,일반,2025-03-20 13:38:11.000 +09,경기,인정모터스,04버0804,2,3,1,276.8977,219.1423,0,0,
38995003,현대,아반떼 AD,1.6 GDI 모던,스페셜,201512.0,2016,950.0,82030.0,가솔린,오토,ORIGINAL,일반,2025-03-20 13:38:11.000 +09,대구,경북모터스,104마6542,2,2,4,66.7024,195.0353,1,0,
38958248,현대,아반떼 AD,1.6 GDI 모던,(세부등급 없음),201511.0,2016,930.0,81191.0,가솔린,오토,ORIGINAL,일반,2025-03-20 13:38:11.000 +09,광주,(주) 신한길모터스,21더0892,1,0,1,53.84,0.0,0,0,
38606209,현대,아반떼 (CN7),1.6,인스퍼레이션,202103.0,2021,1999.0,53963.0,가솔린,오토,ORIGINAL,일반,2025-03-20 13:38:11.000 +09,서울,(주)하이오토,377주9014,1,0,6,87.4131,0.0,0,0,
37981619,현대,아반떼 AD,1.6 GDI 스마트,(세부등급 없음),201604.0,2016,839.0,98643.0,가솔린,오토,ORIGINAL,일반,2025-03-20 13:38:11.000 +09,충남,다온모터스,39조0395,6,3,1,650.0838,134.9641,0,0,
38206785,현대,아반떼 AD,1.6 GDI 스마트,(세부등급 없음),201606.0,2016,770.0,107494.0,가솔린,오토,ORIGINAL,일반,2025-03-20 13:38:11.000 +09,광주,송원모터스,23저0723,3,1,0,135.3679,86.7599,0,0,
39181477,현대,아반떼 (CN7),1.6,인스퍼레이션,202008.0,2021,1990.0,49405.0,가솔린,오토,ORIGINAL,일반,2025-03-20 13:38:11.000 +09,경기,오토플러스(주),330모1498,1,0,0,101.8044,0.0,0,0,
39165173,현대,아반떼 MD,M16 GDI 프리미어,,201110.0,2012,999.0,136357.0,가솔린,오토,ORIGINAL,일반,2025-03-20 13:38:11.000 +09,부산,카몰,23러7483,7,7,4,654.9144,663.8676,0,0,
39261331,현대,아반떼 MD,M16 GDI 탑,,201203.0,2012,480.0,211000.0,가솔린,오토,ORIGINAL,일반,2025-03-20 13:38:11.000 +09,대구,지우모터스,24너4694,3,3,5,169.775,395.794,1,0,
39257377,현대,더 뉴 아반떼 AD,1.6,스타일,201810.0,2019,1080.0,115103.0,가솔린,오토,ORIGINAL,일반,2025-03-20 13:38:11.000 +09,경기,에이치모터스,369도6393,1,0,6,38.146,0.0,1,0,
39248946,현대,아반떼 AD,1.6 GDI 스마트,(세부등급 없음),201607.0,2017,1150.0,39825.0,가솔린,오토,ORIGINAL,일반,2025-03-20 13:38:11.000 +09,서울,(주)뉴카뱅크,19무0716,1,2,0,68.879,47.264,0,0,
39087456,현대,아반떼 AD,1.6 GDI 밸류 플러스,,201801.0,2018,950.0,102247.0,가솔린,오토,ORIGINAL,일반,2025-03-20 13:38:11.000 +09,경기,(주)뉴카카,293부9132,3,2,3,273.5399,52.4629,1,0,
39171438,현대,더 뉴 아반떼,1.6 GDi 스마트,기본형,201509.0,2016,690.0,39691.0,가솔린,오토,ORIGINAL,일반,2025-03-20 13:38:11.000 +09,경기,코리아모터스,37서5791,3,4,0,471.2037,240.4413,0,0,
39267450,현대,아반떼 AD,1.6 GDI 모던,스페셜,201511.0,2016,1070.0,59270.0,가솔린,오토,ORIGINAL,일반,2025-03-20 13:38:11.000 +09,전북,(유)한성월드대표,58마0315,2,1,2,616.6619,65.0,0,0,
37128527,현대,아반떼 MD,M16 GDI 프리미어,,201011.0,2011,620.0,48301.0,가솔린,오토,ORIGINAL,일반,2025-03-20 13:38:02.000 +09,전북,차차,20수5007,1,0,4,153.3855,0.0,0,0,
39166094,현대,아반떼 MD,M16 GDI 프리미어,,201101.0,2011,420.0,140076.0,가솔린,오토,ORIGINAL,일반,2025-03-20 13:38:02.000 +09,전북,유한회사 로고,15부7189,3,1,9,357.1791,77.847,0,0,
39160756,현대,아반떼 AD,1.6 GDI 모던,(세부등급 없음),201512.0,2016,1050.0,69997.0,가솔린,오토,ORIGINAL,일반,2025-03-20 13:38:02.000 +09,광주,신한길모터스,49부0922,3,1,1,198.6049,87.9868,0,0,
39156638,현대,아반떼 하이브리드 (CN7),스마트,,202112.0,2022,1240.0,122273.0,가솔린+전기,오토,ORIGINAL,일반,2025-03-20 13:38:02.000 +09,전북,효자상사,184마5918,2,1,1,132.9748,426.665,1,0,
39100101,현대,더 뉴 아반떼 AD,1.6,스타일,201912.0,2020,1400.0,32089.0,가솔린,오토,ORIGINAL,일반,2025-03-20 13:38:02.000 +09,경기,(주)유카,257보1021,0,0,1,0.0,0.0,0,0,
39060168,현대,더 뉴 아반떼 (CN7),1.6,모던,202405.0,2024,2180.0,8937.0,가솔린,오토,ORIGINAL,일반,2025-03-20 13:38:02.000 +09,부산,오토플러스(주),321버2010,0,0,1,0.0,0.0,1,0,
38988155,현대,더 뉴 아반떼 (CN7),1.6,인스퍼레이션,202312.0,2024,2270.0,9589.0,가솔린,오토,ORIGINAL,일반,2025-03-20 13:38:02.000 +09,충북,탑모터스,209너6996,0,0,1,0.0,0.0,0,0,
39116310,현대,아반떼 하이브리드 (CN7),인스퍼레이션,,202302.0,2023,2580.0,31403.0,가솔린+전기,오토,ORIGINAL,일반,2025-03-20 13:38:02.000 +09,경기,(주)유카,313모8712,0,0,1,0.0,0.0,0,0,
39114946,현대,아반떼 AD,1.6 GDI 모던,스페셜,201604.0,2016,950.0,135778.0,가솔린,오토,ORIGINAL,일반,2025-03-20 13:38:02.000 +09,대구,찰떡모터스,21로0387,2,1,3,113.3565,30.9538,0,0,
39026701,현대,더 뉴 아반떼 AD,1.6,스타일,201901.0,2019,1090.0,64755.0,가솔린,오토,ORIGINAL,일반,2025-03-20 13:38:02.000 +09,부산,신박한모터스,183거3244,2,2,3,283.3463,84.6471,1,0,
39022791,현대,더 뉴 아반떼 AD,1.6,스마트 초이스,201908.0,2020,1250.0,88965.0,가솔린,오토,ORIGINAL,일반,2025-03-20 13:38:02.000 +09,경북,포스카,43두4930,1,1,1,210.5899,127.6389,0,0,
38224095,현대,아반떼 MD,M16 GDI 럭셔리,,201205.0,2012,395.0,128163.0,가솔린,수동,ORIGINAL,일반,2025-03-20 13:38:02.000 +09,부산,톡카talk car,154모1612,5,2,4,193.0868,54.9364,1,0,
38728112,현대,아반떼 AD,1.6 GDI 밸류 플러스,,201612.0,2017,1150.0,44390.0,가솔린,오토,ORIGINAL,일반,2025-03-20 13:38:02.000 +09,경기,하나모터스,30버0274,5,8,1,408.749,1574.945,0,0,
38716023,현대,아반떼 AD,1.6 GDI 밸류 플러스,,201703.0,2017,1040.0,54300.0,가솔린,오토,ORIGINAL,일반,2025-03-20 13:38:02.000 +09,충북,라온모터스,59부8135,2,2,1,713.1872,152.54,0,0,
38675133,현대,더 뉴 아반떼,1.6 VGT 모던,기본형,201401.0,2014,490.0,167457.0,디젤,오토,ORIGINAL,일반,2025-03-20 13:38:02.000 +09,충북,정모터스,14나8028,4,2,8,399.2341,105.0,0,0,
38582791,현대,더 뉴 아반떼 AD,1.6,스타일,201810.0,2019,1060.0,120359.0,가솔린,오토,ORIGINAL,일반,2025-03-20 13:38:02.000 +09,광주,신한길모터스,127조3563,1,0,2,126.7255,0.0,1,0,
38609805,현대,아반떼 AD,1.6 GDI 스마트,스페셜,201510.0,2016,790.0,136147.0,가솔린,오토,ORIGINAL,일반,2025-03-20 13:38:02.000 +09,경기,바른딜러,13나0926,2,2,5,106.229,241.1696,0,0,
38715761,현대,아반떼 (CN7),1.6,모던,202206.0,2023,1790.0,22064.0,가솔린,오토,ORIGINAL,일반,2025-03-20 13:38:02.000 +09,서울,에이스모터스,246모2281,2,0,1,191.78,0.0,1,0,
38566069,현대,아반떼 AD,1.6 GDI 밸류 플러스,,201704.0,2018,915.0,126631.0,가솔린,오토,ORIGINAL,일반,2025-03-20 13:38:02.000 +09,충남,더카,43가9095,3,4,1,521.4504,317.244,0,0,
38967837,현대,아반떼 AD,1.6 GDI 스마트,(세부등급 없음),201605.0,2017,790.0,137067.0,가솔린,오토,ORIGINAL,일반,2025-03-20 13:38:02.000 +09,울산,정성자동차,106조7524,1,3,3,47.556,384.1448,1,0,
38938802,현대,아반떼 (CN7),1.6,인스퍼레이션,202006.0,2021,1840.0,59095.0,가솔린,오토,ORIGINAL,일반,2025-03-20 13:37:46.000 +09,경남,v모터스,103저3535,3,0,1,400.6812,0.0,0,0,
39160074,현대,더 뉴 아반떼,1.6 GDi 스마트,기본형,201401.0,2014,620.0,132000.0,가솔린,오토,ORIGINAL,일반,2025-03-20 13:37:43.000 +09,부산,(주)건우모터스,27수8690,5,1,4,345.6249,284.8918,0,0,
39035918,현대,더 뉴 아반떼,1.6 GDi 모던,기본형,201411.0,2015,720.0,111196.0,가솔린,오토,ORIGINAL,일반,2025-03-20 13:37:32.000 +09,광주,고고모터스 주식회사,45부6024,1,0,3,24.029,0.0,0,0,
38768541,현대,아반떼 AD,1.6 GDI 모던,(세부등급 없음),201601.0,2016,1080.0,74217.0,가솔린,오토,ORIGINAL,일반,2025-03-20 13:37:12.000 +09,경기,자마이카,34도0965,1,2,4,78.09,72.6338,0,0,
38580058,현대,아반떼 AD,1.6 GDI 스마트,스페셜,201510.0,2016,740.0,156078.0,가솔린,오토,ORIGINAL,일반,2025-03-20 13:37:12.000 +09,인천,(주)카스겔러리,350누7444,5,6,9,1182.052,560.9637,1,0,
38303220,현대,아반떼 (CN7),1.6,모던,202009.0,2021,1599.0,61763.0,가솔린,오토,ORIGINAL,일반,2025-03-20 13:37:12.000 +09,충남,CAR유모터스,365노5167,1,0,3,181.8031,0.0,1,0,
39067562,현대,아반떼 MD,M16 GDI 탑,,201102.0,2011,430.0,143472.0,가솔린,오토,ORIGINAL,일반,2025-03-20 13:37:12.000 +09,부산,에이스모터스,63구5904,4,6,5,289.0525,818.4485,0,0,
39243690,현대,아반떼 AD,1.6 e-VGT 스마트,스페셜,201801.0,2018,999.0,108696.0,디젤,오토,ORIGINAL,일반,2025-03-20 13:37:12.000 +09,부산,BB모터스,51무4485,1,0,3,219.028,0.0,0,0,
39259155,현대,아반떼 AD,1.6 GDI 스타일,,201603.0,2016,830.0,76879.0,가솔린,오토,ORIGINAL,일반,2025-03-20 13:37:12.000 +09,충남,디에스오토주식회사,48노4817,1,1,3,62.1101,80.0,1,0,
39232751,현대,더 뉴 아반떼,1.6 GDi 모던,기본형,201412.0,2015,745.0,115994.0,가솔린,오토,ORIGINAL,일반,2025-03-20 13:37:12.000 +09,대구,바른모터스,40모9743,2,0,2,75.0168,0.0,0,0,
39220535,현대,아반떼 하이브리드 (CN7),인스퍼레이션,,202010.0,2021,1659.0,140929.0,가솔린+전기,오토,ORIGINAL,일반,2025-03-20 13:37:12.000 +09,경기,(주)왕카,341오6225,1,0,1,129.04,0.0,0,0,
39036886,현대,더 뉴 아반떼 (CN7),1.6,모던,202304.0,2024,2222.0,15049.0,가솔린,오토,ORIGINAL,일반,2025-03-20 13:37:12.000 +09,서울,(주)나우모터스,230부8428,0,0,1,0.0,0.0,1,0,
38878456,현대,아반떼 (CN7),2.0 N,,202110.0,2022,2650.0,38540.0,가솔린,오토,ORIGINAL,일반,2025-03-20 13:37:12.000 +09,서울,(주)나우모터스,268고8784,0,0,2,0.0,0.0,0,0,
38087865,현대,더 뉴 아반떼 AD,1.6,스마트,201911.0,2020,1250.0,98111.0,가솔린,오토,ORIGINAL,일반,2025-03-20 13:37:12.000 +09,경북,중앙자동차매매상사,386나6180,1,0,2,34.898,0.0,1,0,
39023766,현대,아반떼 AD,1.6 터보 스포츠,오리지널,201802.0,2018,895.0,92507.0,가솔린,오토,ORIGINAL,일반,2025-03-20 13:37:12.000 +09,경기,백제모터스,10구5324,3,0,3,453.3926,0.0,0,0,
39062708,현대,더 뉴 아반떼 (CN7),1.6,인스퍼레이션,202303.0,2024,2100.0,19617.0,가솔린,오토,ORIGINAL,일반,2025-03-20 13:37:03.000 +09,경기,에스제이매매상사,178부5250,2,1,1,302.8833,56.0739,0,0,
38911470,현대,더 뉴 아반떼 AD,1.6,스마트 초이스,202001.0,2020,1419.0,17555.0,가솔린,오토,ORIGINAL,일반,2025-03-20 13:37:03.000 +09,경기,(주)빅보스모터스,129나7883,0,0,1,0.0,0.0,1,0,
38556581,현대,아반떼 (CN7),1.6 터보 N Line,인스퍼레이션,202102.0,2021,1700.0,62591.0,가솔린,오토,ORIGINAL,일반,2025-03-20 13:37:02.000 +09,인천,중원모터스,194누6056,2,1,2,275.5037,402.0207,0,0,
36853974,현대,아반떼 MD,M16 GDI 럭셔리,,201103.0,2011,490.0,81691.0,가솔린,오토,ORIGINAL,일반,2025-03-20 13:37:02.000 +09,전북,스마일모터스,24마7703,1,2,7,75.962,665.404,0,0,
38918531,현대,아반떼 AD,1.6 GDI 밸류 플러스,,201807.0,2018,1089.0,84858.0,가솔린,오토,ORIGINAL,일반,2025-03-20 13:37:02.000 +09,충남,누리자동차,365노4298,2,0,2,134.488,0.0,1,0,
38856358,현대,아반떼 (CN7),1.6,모던,202005.0,2021,1750.0,42538.0,가솔린,오토,ORIGINAL,일반,2025-03-20 13:37:02.000 +09,경기,하나모터스,168수5881,1,1,1,102.6007,112.0899,0,0,
37265661,현대,아반떼 AD,1.6 GDI 밸류 플러스,,201703.0,2017,820.0,100917.0,가솔린,오토,ORIGINAL,일반,2025-03-20 13:37:02.000 +09,충북,하나모터스,135너1247,4,0,1,452.962,0.0,1,0,
38343351,현대,아반떼 AD,1.6 GDI 스마트,(세부등급 없음),201512.0,2016,899.0,82487.0,가솔린,오토,ORIGINAL,일반,2025-03-20 13:37:02.000 +09,충남,디에스오토(주),03더0428,2,0,3,107.6249,0.0,0,0,
38143530,현대,더 뉴 아반떼,1.6 GDi 모던,기본형,201309.0,2014,580.0,158393.0,가솔린,오토,ORIGINAL,일반,2025-03-20 13:37:02.000 +09,경기,(주)비비드카,12모9187,2,1,0,134.0131,34.543,0,0,
38879720,현대,아반떼 AD,1.6 GDI 밸류 플러스,,201807.0,2018,1230.0,55458.0,가솔린,오토,ORIGINAL,일반,2025-03-20 13:37:02.000 +09,인천,왕성자동차매매상사,20부8351,1,1,4,56.956,160.0,0,0,
39066101,현대,아반떼 AD,1.6 터보 스포츠,(세부등급 없음),201609.0,2017,860.0,103921.0,가솔린,오토,ORIGINAL,일반,2025-03-20 13:37:02.000 +09,경기,나래모터스,01무0332,0,1,3,0.0,153.8215,0,0,
39054098,현대,더 뉴 아반떼,1.6 GDi 스마트,기본형,201404.0,2014,580.0,100905.0,가솔린,오토,ORIGINAL,일반,2025-03-20 13:37:02.000 +09,서울,(주)한길유씨에스,12무7973,3,2,5,120.6217,106.3098,1,0,
39033109,현대,더 뉴 아반떼 하이브리드 (CN7),모던,,202305.0,2024,2390.0,44089.0,가솔린+전기,오토,ORIGINAL,일반,2025-03-20 13:37:02.000 +09,인천,타워모터스,261더2579,0,0,1,0.0,0.0,1,0,
39215693,현대,아반떼 AD,1.6 터보 스포츠,(세부등급 없음),201702.0,2017,750.0,143385.0,가솔린,수동,ORIGINAL,일반,2025-03-20 13:37:02.000 +09,경기,고속,100더8101,6,2,5,655.8028,97.7,1,0,
39213692,현대,아반떼 (CN7),1.6,인스퍼레이션,202302.0,2023,2390.0,10380.0,가솔린,오토,ORIGINAL,일반,2025-03-20 13:37:02.000 +09,경기,(주)경기모터스,199부4371,0,0,1,0.0,0.0,0,0,
39194873,현대,아반떼 (CN7),1.6,인스퍼레이션,202007.0,2021,2000.0,62575.0,가솔린,오토,ORIGINAL,일반,2025-03-20 13:37:02.000 +09,서울,(주)수덕모터스,317루2573,0,0,1,0.0,0.0,1,0,
39177953,현대,더 뉴 아반떼 (CN7),2.0 N,,202401.0,2024,3230.0,7948.0,가솔린,오토,ORIGINAL,일반,2025-03-20 13:37:02.000 +09,광주,오토핸즈 광주직영점,361누5883,0,0,0,0.0,0.0,0,0,
39178884,현대,더 뉴 아반떼 AD,1.6,스마트,201810.0,2019,1200.0,114351.0,가솔린,오토,ORIGINAL,일반,2025-03-20 13:37:02.000 +09,경기,(주)비비드카,42머5214,3,0,0,421.4021,0.0,0,0,
39150245,현대,아반떼 HD,1.6 VVT S16,럭셔리 어드밴스팩,201004.0,2010,470.0,67771.0,가솔린,오토,ORIGINAL,일반,2025-03-20 13:37:02.000 +09,광주,푸른모터스,23버9573,4,1,3,309.6428,110.738,0,0,
39254251,현대,아반떼 (CN7),1.6,모던,202209.0,2023,1790.0,57641.0,가솔린,오토,ORIGINAL,일반,2025-03-20 13:37:02.000 +09,인천,(주)국민상사,391로1092,0,0,1,0.0,0.0,0,0,
39268951,현대,아반떼 하이브리드 (CN7),스마트,,202111.0,2022,1390.0,93344.0,가솔린+전기,오토,ORIGINAL,일반,2025-03-20 13:37:02.000 +09,서울,롯데렌탈주식회사,263모4073,1,0,0,194.3611,0.0,1,0,
39254472,현대,아반떼 AD,1.6 GDI 스마트,(세부등급 없음),201607.0,2017,950.0,46447.0,가솔린,오토,ORIGINAL,일반,2025-03-20 13:37:02.000 +09,대구,중고차갤러리,47저0834,6,2,2,675.1012,667.0953,0,0,
39246289,현대,아반떼 MD,M16 GDI 스마트,,201212.0,2013,520.0,121763.0,가솔린,오토,ORIGINAL,일반,2025-03-20 13:37:02.000 +09,충남,one모터스,18주1785,3,2,2,93.2778,74.0728,0,0,
39039218,현대,더 뉴 아반떼 (CN7),1.6,모던,202501.0,2025,2480.0,24.0,가솔린,오토,ORIGINAL,일반,2025-03-20 13:37:02.000 +09,서울,(주)UCS(더오토),367버2833,0,0,0,0.0,0.0,0,0,
39141018,현대,아반떼 (CN7),1.6,인스퍼레이션,202109.0,2021,2110.0,30753.0,가솔린,오토,ORIGINAL,일반,2025-03-20 13:37:02.000 +09,서울,시원 모터스,206나4741,1,1,0,95.515,411.357,0,0,
39046949,현대,아반떼 AD,1.6 터보 스포츠,(세부등급 없음),201610.0,2017,990.0,115553.0,가솔린,수동,ORIGINAL,일반,2025-03-20 13:36:49.000 +09,대구,제이에이치모터스,165구3111,1,0,6,380.0,0.0,1,0,
37790781,현대,아반떼 MD,M16 GDI 에비뉴,,201306.0,2014,398.0,133880.0,가솔린,오토,ORIGINAL,일반,2025-03-20 13:36:47.000 +09,부산,명진상사,06루0900,4,2,1,503.1023,605.84,1,0,
38780646,현대,아반떼 MD,M16 GDI 럭셔리,,201009.0,2011,398.0,132212.0,가솔린,오토,ORIGINAL,일반,2025-03-20 13:36:47.000 +09,부산,명진상사,19두2317,3,3,3,201.4925,110.1876,0,0,
39026884,현대,아반떼 MD,M16 GDI 모던,,201304.0,2014,700.0,72939.0,가솔린,오토,ORIGINAL,일반,2025-03-20 13:36:23.000 +09,광주,효모터스,31버2071,2,1,2,104.2343,82.893,0,0,
39148285,현대,아반떼 (CN7),1.6,모던,202006.0,2021,1720.0,65415.0,가솔린,오토,ORIGINAL,일반,2025-03-20 13:36:22.000 +09,경기,청학Emotors,293우4577,0,0,1,0.0,0.0,0,0,
39208919,현대,더 뉴 아반떼 (CN7),1.6,인스퍼레이션,202407.0,2025,2570.0,17444.0,가솔린,오토,ORIGINAL,일반,2025-03-20 13:36:18.000 +09,대전,(주)뉴하모니카,210보2087,0,0,1,0.0,0.0,0,0,
38195057,현대,더 뉴 아반떼 AD,1.6,스마트,202003.0,2020,1430.0,92586.0,가솔린,오토,ORIGINAL,일반,2025-03-20 13:36:18.000 +09,대전,(주)뉴하모니카,368무7080,1,0,1,48.816,0.0,0,0,
39190634,현대,아반떼 HD,1.6 VVT S16,럭셔리,200905.0,2009,330.0,118086.0,가솔린,오토,ORIGINAL,일반,2025-03-20 13:36:18.000 +09,대전,(주)뉴하모니카,33오8227,2,1,1,177.831,7.112,0,0,
36723233,현대,더 뉴 아반떼,1.6 GDi 스마트,기본형,201312.0,2014,720.0,73026.0,가솔린,오토,ORIGINAL,일반,2025-03-20 13:36:17.000 +09,대전,(주)뉴하모니카,29우1748,3,2,1,108.2794,121.0617,0,0,
36488125,현대,아반떼 MD,M16 GDI 탑,,201102.0,2011,680.0,63577.0,가솔린,오토,ORIGINAL,일반,2025-03-20 13:36:17.000 +09,대전,(주)뉴하모니카,19너2043,2,3,5,213.384,139.146,0,0,
38721075,현대,아반떼 AD,1.6 GDI 스마트,스페셜,201601.0,2016,1250.0,30524.0,가솔린,오토,ORIGINAL,일반,2025-03-20 13:36:17.000 +09,대전,(주)뉴하모니카,47저0331,3,4,1,302.8038,366.8133,0,0,
37404237,현대,아반떼 AD,1.6 GDI 스마트,스페셜,201604.0,2016,1090.0,76269.0,가솔린,오토,ORIGINAL,일반,2025-03-20 13:36:17.000 +09,대전,(주)뉴하모니카,11가0530,4,1,2,250.3987,171.16,0,0,
38387697,현대,더 뉴 아반떼 AD,1.6,스마트,201812.0,2019,1290.0,98675.0,가솔린,오토,ORIGINAL,일반,2025-03-20 13:36:16.000 +09,대전,(주)뉴하모니카,27버1901,1,1,6,11.442,160.1759,0,0,
39212358,현대,더 뉴 아반떼,1.6 GDi 스마트,기본형,201409.0,2015,399.0,112003.0,가솔린,오토,ORIGINAL,일반,2025-03-20 13:36:12.000 +09,부산,(주)제이제이모터스,22마1822,5,3,3,495.2717,342.0492,0,0,
39174039,현대,아반떼 (CN7),1.6,스마트,202105.0,2021,1400.0,88127.0,가솔린,오토,ORIGINAL,일반,2025-03-20 13:36:12.000 +09,서울,오토플러스(주),141호5111,0,0,0,0.0,0.0,0,0,
39100209,현대,아반떼 (CN7),1.6,인스퍼레이션,202302.0,2023,2329.0,20294.0,가솔린,오토,ORIGINAL,일반,2025-03-20 13:36:12.000 +09,경기,SI모터스,372너3541,0,0,1,0.0,0.0,1,0,
39157653,현대,아반떼 AD,1.6 GDI 스마트,(세부등급 없음),201510.0,2016,1090.0,15126.0,가솔린,오토,ORIGINAL,일반,2025-03-20 13:36:12.000 +09,인천,참좋은모터스,237수7249,2,1,2,157.2937,65.3708,1,0,
38872192,현대,더 뉴 아반떼 AD,1.6,프리미엄,201901.0,2019,1230.0,73991.0,가솔린,오토,ORIGINAL,일반,2025-03-20 13:36:12.000 +09,광주,(주)한라자동차,25가1413,6,2,2,560.8199,88.223,0,0,
38935868,현대,더 뉴 아반떼 (CN7),1.6 LPi (렌터카),모던,202312.0,2024,1920.0,42724.0,LPG(일반인 구입),오토,ORIGINAL,일반,2025-03-20 13:36:12.000 +09,광주,오토핸즈 광주직영점,180하1802,0,0,0,0.0,0.0,0,0,
38572931,현대,아반떼 HD,1.6 VVT S16,럭셔리,200906.0,2009,299.0,120000.0,가솔린,오토,ORIGINAL,일반,2025-03-20 13:36:11.000 +09,부산,광명상사,14고8676,2,3,2,102.8894,198.7852,0,0,
38780330,현대,아반떼 MD,M16 GDI 디럭스,,201203.0,2012,359.0,182000.0,가솔린,오토,ORIGINAL,일반,2025-03-20 13:36:11.000 +09,부산,광명상사,38조2746,1,3,2,100.5166,190.8734,0,0,
39139996,현대,아반떼 MD,M16 GDI 럭셔리,,201101.0,2011,580.0,58640.0,가솔린,오토,ORIGINAL,일반,2025-03-20 13:36:03.000 +09,부산,스타모터스,55주3032,4,2,1,484.0556,71.97,0,0,
39173048,현대,아반떼 MD,M16 GDI 디럭스,,201111.0,2012,350.0,207061.0,가솔린,오토,ORIGINAL,일반,2025-03-20 13:36:03.000 +09,전북,소나무자동차,48수1395,2,1,7,382.6383,246.1068,0,0,
39101017,현대,더 뉴 아반떼 AD,1.6 디젤,스마트,201810.0,2019,1250.0,75605.0,디젤,오토,ORIGINAL,일반,2025-03-20 13:36:03.000 +09,충남,(주)쿨모터스,30더3437,0,0,1,0.0,0.0,0,0,
39237990,현대,아반떼 AD,1.6 GDI 밸류 플러스,,201702.0,2017,970.0,77816.0,가솔린,오토,ORIGINAL,일반,2025-03-20 13:36:03.000 +09,경기,주식회사 킹카,31너5662,2,0,0,183.7024,0.0,0,0,
37472688,현대,더 뉴 아반떼 (CN7),1.6,인스퍼레이션,202303.0,2024,1880.0,13453.0,가솔린,오토,ORIGINAL,일반,2025-03-20 13:36:03.000 +09,부산,(주)더 뉴 서비스,146노4551,2,1,0,124.157,1321.325,0,0,
38711755,현대,아반떼 AD,1.6 GDI 모던,(세부등급 없음),201511.0,2016,1020.0,52759.0,가솔린,오토,ORIGINAL,일반,2025-03-20 13:36:03.000 +09,경기,마니카,19거0468,7,1,2,444.2071,32.824,0,0,
38794950,현대,아반떼 (CN7),1.6,모던,202012.0,2021,1199.0,131640.0,가솔린,오토,ORIGINAL,일반,2025-03-20 13:36:03.000 +09,부산,(주)오토멤버스,184모8878,1,0,2,38.025,0.0,1,0,
39058186,현대,아반떼 (CN7),1.6,스마트,202207.0,2023,1450.0,43431.0,가솔린,오토,ORIGINAL,일반,2025-03-20 13:36:03.000 +09,서울,(주)은혜자동차,175저9295,1,0,1,285.544,0.0,1,0,
38509102,현대,아반떼 HD,1.6 VVT S16,파이브 밀리언,200905.0,2009,260.0,194803.0,가솔린,오토,ORIGINAL,일반,2025-03-20 13:36:03.000 +09,울산,윤모터스,59주3752,3,5,8,235.9918,270.0043,0,0,
38795800,현대,더 뉴 아반떼,1.6 GDi 스마트,기본형,201508.0,2016,710.0,87264.0,가솔린,오토,ORIGINAL,일반,2025-03-20 13:36:03.000 +09,충남,DS오토주,11저4278,3,1,4,161.9945,32.1978,0,0,
38604487,현대,아반떼 (CN7),1.6,인스퍼레이션,202207.0,2023,1790.0,60229.0,가솔린,오토,ORIGINAL,일반,2025-03-20 13:36:03.000 +09,서울,비케이투모터스,240오9422,1,0,0,227.8454,0.0,0,0,
38231508,현대,아반떼 AD,1.6 GDI 스마트,(세부등급 없음),201706.0,2018,790.0,109054.0,가솔린,오토,ORIGINAL,일반,2025-03-20 13:36:03.000 +09,충북,로또자동차매매상사,317고7930,2,3,4,239.759,118.1472,1,0,
39199533,현대,아반떼 AD,1.6 e-VGT 스마트,스페셜,201707.0,2018,950.0,89462.0,디젤,오토,ORIGINAL,일반,2025-03-20 13:36:03.000 +09,경기,(주)영모터스,12너5162,2,0,4,249.5223,0.0,0,0,
39142306,현대,더 뉴 아반떼 (CN7),1.6,모던,202501.0,2025,2370.0,43.0,가솔린,오토,ORIGINAL,일반,2025-03-20 13:36:03.000 +09,대구,세명자동차,152다7406,0,0,1,0.0,0.0,1,0,
39248469,현대,더 뉴 아반떼 AD,1.6,스마트,201903.0,2019,1230.0,101120.0,가솔린,오토,ORIGINAL,일반,2025-03-20 13:36:03.000 +09,대구,드림카,117소3406,1,1,1,60.0,693.1,1,0,
39183299,현대,더 뉴 아반떼 AD,1.6,스마트,202003.0,2020,1139.0,102443.0,가솔린,오토,ORIGINAL,일반,2025-03-20 13:36:03.000 +09,경기,(주)빅보스모터스,291나4586,0,0,1,0.0,0.0,1,0,
39236455,현대,더 뉴 아반떼 (CN7),1.6,모던,202312.0,2024,2050.0,10083.0,가솔린,오토,ORIGINAL,일반,2025-03-20 13:36:03.000 +09,경기,(주)영모터스,108고3850,0,0,3,0.0,0.0,0,0,
39166825,현대,아반떼 AD,1.6 GDI 모던,스페셜,201510.0,2016,950.0,93000.0,가솔린,오토,ORIGINAL,일반,2025-03-20 13:36:03.000 +09,인천,의리차차차,55루0531,1,0,3,26.0848,0.0,0,0,
37405796,현대,아반떼 MD,M16 GDI 럭셔리,,201106.0,2012,498.0,150092.0,가솔린,오토,ORIGINAL,일반,2025-03-20 13:36:00.000 +09,경남,SK원카,41소5676,3,3,5,198.981,191.7438,0,0,
39231169,현대,아반떼 AD,1.6 GDI 밸류 플러스,,201805.0,2018,850.0,140963.0,가솔린,오토,ORIGINAL,일반,2025-03-20 13:36:00.000 +09,전북,유성모터스,13도1680,1,1,4,132.63,113.16,0,0,
39177381,현대,아반떼 AD,1.6 GDI 모던,(세부등급 없음),201609.0,2017,870.0,141417.0,가솔린,오토,ORIGINAL,일반,2025-03-20 13:36:00.000 +09,전북,유성모터스,46러0482,3,0,2,331.921,0.0,0,0,
38409161,현대,아반떼 (CN7),1.6,인스퍼레이션,202101.0,2021,1998.0,42257.0,가솔린,오토,ORIGINAL,일반,2025-03-20 13:35:59.000 +09,경남,SK원카,144나3858,2,2,2,128.0281,94.338,1,0,
36935434,현대,아반떼 AD,1.6 GDI 밸류 플러스,,201803.0,2018,1148.0,65202.0,가솔린,오토,ORIGINAL,일반,2025-03-20 13:35:59.000 +09,경남,SK원카,60나8658,3,4,5,428.321,832.5982,0,0,
38059478,현대,아반떼 MD,M16 GDI 럭셔리,,201009.0,2011,498.0,117421.0,가솔린,오토,ORIGINAL,일반,2025-03-20 13:35:58.000 +09,경남,SK원카,37노8138,8,4,5,415.557,632.8424,0,0,
38274018,현대,아반떼 AD,1.6 GDI 밸류 플러스,,201808.0,2018,1148.0,93652.0,가솔린,오토,ORIGINAL,일반,2025-03-20 13:35:58.000 +09,경남,SK원카,334러4362,4,2,5,188.2893,110.2448,1,0,
38957001,현대,아반떼 AD,1.6 GDI 밸류 플러스,,201709.0,2018,1199.0,50125.0,가솔린,오토,ORIGINAL,일반,2025-03-20 13:35:13.000 +09,대구,남일모터스,29누5101,0,1,1,0.0,70.0,0,0,
39192013,현대,아반떼 MD,M16 GDI 프리미엄,,201209.0,2013,599.0,120647.0,가솔린,오토,ORIGINAL,일반,2025-03-20 13:35:09.000 +09,경기,일등자동차,37러3949,0,0,2,0.0,0.0,0,0,
38657953,현대,더 뉴 아반떼,1.6 GDi 모던,기본형,201406.0,2015,685.0,87767.0,가솔린,오토,ORIGINAL,일반,2025-03-20 13:35:09.000 +09,경남,붕붕모터스,62주1067,3,1,1,141.5428,163.636,0,0,
39098275,현대,아반떼 AD,1.6 터보 스포츠,익스트림 셀렉션,201611.0,2017,1090.0,91000.0,가솔린,오토,ORIGINAL,일반,2025-03-20 13:35:09.000 +09,대구,대구모터스,18루0340,3,1,2,475.8907,61.733,0,0,
39118796,현대,아반떼 AD,1.6 GDI 프리미엄,,201709.0,2018,1450.0,32055.0,가솔린,오토,ORIGINAL,일반,2025-03-20 13:35:09.000 +09,충북,(주)더챔,16거1542,1,1,1,116.848,35.4443,0,0,
38911875,현대,더 뉴 아반떼,1.6 GDi 스마트,기본형,201405.0,2014,580.0,167461.0,가솔린,오토,ORIGINAL,일반,2025-03-20 13:35:09.000 +09,대전,(주)중사모터스,38두1443,1,0,4,131.742,0.0,0,0,
38975068,현대,아반떼 MD,M16 GDI 프리미어,,201102.0,2011,390.0,142236.0,가솔린,오토,ORIGINAL,일반,2025-03-20 13:35:03.000 +09,경기,중고차마트,67누8376,4,3,4,311.9899,249.5904,0,0,
38250651,현대,아반떼 AD,1.6 GDI 프리미엄,,201510.0,2016,920.0,131282.0,가솔린,오토,ORIGINAL,일반,2025-03-20 13:35:03.000 +09,경기,에스클래스,30어5044,2,0,6,201.781,0.0,0,0,
38037107,현대,아반떼 MD,LPI M16 프리미어,,201203.0,2012,415.0,201604.0,LPG(일반인 구입),오토,ORIGINAL,일반,2025-03-20 13:35:03.000 +09,경남,붕붕모터스,28나8325,6,4,4,930.7191,374.61,0,0,
37593249,현대,아반떼 MD,M16 GDI 프리미어,,201206.0,2012,409.0,202095.0,가솔린,오토,ORIGINAL,일반,2025-03-20 13:35:03.000 +09,경남,넘버원모터스,19소1598,2,0,4,196.329,0.0,0,0,
39221501,현대,아반떼 (CN7),1.6,모던,202205.0,2023,1899.0,36655.0,가솔린,오토,ORIGINAL,일반,2025-03-20 13:35:03.000 +09,경기,카모아,267부2097,0,0,2,0.0,0.0,1,0,
39260653,현대,아반떼 (CN7),1.6,인스퍼레이션,202010.0,2021,1930.0,73197.0,가솔린,오토,ORIGINAL,일반,2025-03-20 13:35:03.000 +09,경기,벧엘자동차 2,153루9239,0,0,0,0.0,0.0,0,0,
39074563,현대,아반떼 (CN7),1.6 터보 N Line,모던,202303.0,2023,2000.0,22559.0,가솔린,오토,ORIGINAL,일반,2025-03-20 13:35:03.000 +09,경기,(주)오토베이,160러5308,1,0,0,0.0,0.0,0,0,
39039215,현대,더 뉴 아반떼 (CN7),1.6,모던,202311.0,2024,2328.0,18513.0,가솔린,오토,ORIGINAL,렌트,2025-03-20 13:35:03.000 +09,서울,,193호2627,0,0,0,0.0,0.0,0,0,
39035877,현대,더 뉴 아반떼,1.6 VGT 모던,기본형,201506.0,2016,550.0,156301.0,디젤,오토,ORIGINAL,일반,2025-03-20 13:35:03.000 +09,광주,고고모터스 주식회사,51가2750,2,1,5,440.6672,140.7456,1,0,
39177873,현대,더 뉴 아반떼 AD,1.6,스타일,201904.0,2019,1370.0,82095.0,가솔린,오토,ORIGINAL,일반,2025-03-20 13:35:03.000 +09,대구,MV모터스,57서7036,1,0,2,45.455,0.0,0,0,
37898952,현대,더 뉴 아반떼,1.6 GDi 모던,기본형,201309.0,2014,750.0,88179.0,가솔린,오토,ORIGINAL,일반,2025-03-20 13:35:03.000 +09,경기,(주)예스카,33수7232,3,2,5,132.4864,289.5949,0,0,
39219886,현대,아반떼 하이브리드 (CN7),모던,,202009.0,2021,2100.0,47205.0,가솔린+전기,오토,ORIGINAL,일반,2025-03-20 13:35:03.000 +09,서울,(주) 비전모터스,178조3583,0,0,3,0.0,0.0,0,0,
39167589,현대,더 뉴 아반떼,1.6 VGT 모던,기본형,201503.0,2015,750.0,109206.0,디젤,오토,ORIGINAL,일반,2025-03-20 13:35:03.000 +09,대구,비모터스,43무3362,3,2,4,214.5343,181.4491,0,0,
39159824,현대,아반떼 HD,1.6 VVT S16,프리미어,200701.0,2007,199.0,186910.0,가솔린,오토,ORIGINAL,일반,2025-03-20 13:35:03.000 +09,경남,(주)오토정,11마7166,2,3,3,158.6235,125.6286,0,0,
38766144,현대,아반떼 AD,1.6 GDI 밸류 플러스,,201611.0,2017,750.0,114630.0,가솔린,오토,ORIGINAL,일반,2025-03-20 13:35:03.000 +09,경기,오토플랜,255도3069,6,2,3,1652.1764,366.2431,1,0,
38782708,현대,아반떼 AD,1.6 GDI 모던,(세부등급 없음),201705.0,2018,950.0,109307.0,가솔린,오토,ORIGINAL,일반,2025-03-20 13:35:03.000 +09,경북,대잠중고자동차매매상사,52서9927,2,5,1,971.286,594.538,0,0,
38801540,현대,더 뉴 아반떼,1.6 GDi 모던,기본형,201501.0,2015,680.0,54391.0,가솔린,오토,ORIGINAL,일반,2025-03-20 13:35:03.000 +09,부산,(주)하이엔드모터스,22부8672,7,5,1,596.7301,549.5782,0,0,
39148072,현대,아반떼 (CN7),1.6,스마트,202103.0,2021,1460.0,15202.0,가솔린,오토,ORIGINAL,일반,2025-03-20 13:35:03.000 +09,서울,롯데렌탈주식회사,216러7063,0,0,0,0.0,0.0,1,0,
38978105,현대,아반떼 (CN7),1.6,모던,202103.0,2021,1220.0,107243.0,가솔린,오토,ORIGINAL,일반,2025-03-20 13:35:03.000 +09,부산,오토플러스(주),231거9805,1,0,1,353.1568,0.0,1,0,
39212609,현대,더 뉴 아반떼,1.6 GDi 모던,기본형,201310.0,2014,590.0,133098.0,가솔린,오토,ORIGINAL,일반,2025-03-20 13:35:03.000 +09,경기,명문자동차,13조6965,3,3,3,117.8969,179.6007,0,0,
39170148,현대,아반떼 AD,1.6 터보 스포츠,(세부등급 없음),201606.0,2017,1190.0,30904.0,가솔린,수동,ORIGINAL,일반,2025-03-20 13:35:00.000 +09,부산,(주)라희모터스,53서0330,2,2,0,480.8508,903.01,0,0,
38882979,현대,아반떼 MD,M16 GDI 디럭스,,201207.0,2012,380.0,166059.0,가솔린,오토,ORIGINAL,일반,2025-03-20 13:34:47.000 +09,서울,서울 오토벨,38루7696,3,1,2,237.0825,169.256,0,0,
39214945,현대,아반떼 (CN7),1.6 LPi (렌터카),스타일,202012.0,2021,1230.0,66174.0,LPG(일반인 구입),오토,ORIGINAL,일반,2025-03-20 13:34:39.000 +09,광주,금상모터스,141조5953,1,1,1,152.982,139.9409,1,0,
39044893,현대,더 뉴 아반떼,1.6 LPi 스타일,,201408.0,2015,495.0,144261.0,LPG(일반인 구입),오토,ORIGINAL,일반,2025-03-20 13:34:37.000 +09,광주,금상모터스,259주5041,1,0,4,83.165,0.0,1,0,
36101590,현대,아반떼 MD,LPI M16 프리미어,,201111.0,2012,530.0,156824.0,LPG(일반인 구입),오토,ORIGINAL,일반,2025-03-20 13:34:37.000 +09,광주,금상모터스,15주7226,1,2,2,65.4088,445.6224,0,0,
38877984,현대,아반떼 MD,M16 GDI 럭셔리,,201104.0,2011,399.0,113371.0,가솔린,오토,ORIGINAL,일반,2025-03-20 13:34:29.000 +09,대구,대공모터스,49오3072,3,1,3,279.27,94.5,0,0,
39162881,현대,아반떼 하이브리드,HDeI,이지팩,201004.0,2010,353.0,143951.0,LPG+전기,오토,ORIGINAL,일반,2025-03-20 13:34:11.000 +09,충북,엑스포자동차매매단지,67가2661,1,2,6,56.832,186.566,0,0,
39128144,현대,아반떼 (CN7),1.6,인스퍼레이션,202012.0,2021,1830.0,59336.0,가솔린,오토,ORIGINAL,일반,2025-03-20 13:34:11.000 +09,서울,오토넷글로벌,274조7549,3,0,3,263.5798,0.0,0,0,
39132935,현대,아반떼 (CN7),1.6,인스퍼레이션,202010.0,2021,1999.0,38671.0,가솔린,오토,ORIGINAL,일반,2025-03-20 13:34:11.000 +09,서울,엘림오토갤러리대표,294저1905,0,0,1,0.0,0.0,0,0,0.0
39109877,현대,더 뉴 아반떼 하이브리드 (CN7),모던,,202305.0,2024,2050.0,46073.0,가솔린+전기,오토,ORIGINAL,일반,2025-03-20 13:34:11.000 +09,서울,(주)하나카모터스,359수9627,0,1,2,0.0,314.6819,1,0,
39200115,현대,아반떼 (CN7),1.6,모던,202101.0,2021,1930.0,18090.0,가솔린,오토,ORIGINAL,일반,2025-03-20 13:34:11.000 +09,인천,뉴AK모터스,278모6341,2,0,1,174.3792,0.0,0,0,
39178082,현대,아반떼 AD,1.6 GDI 밸류 플러스,,201708.0,2018,970.0,85522.0,가솔린,오토,ORIGINAL,일반,2025-03-20 13:34:11.000 +09,경기,중고차A팀,64구3296,3,3,3,1451.5743,1452.8886,0,0,
39052445,현대,아반떼 AD,1.6 GDI 밸류 플러스,,201702.0,2017,1030.0,64969.0,가솔린,오토,ORIGINAL,일반,2025-03-20 13:34:11.000 +09,대구,고려자동차,55루3141,3,0,3,278.075,0.0,0,0,
39015428,현대,아반떼 (CN7),1.6,모던,202101.0,2021,1550.0,71977.0,가솔린,오토,ORIGINAL,일반,2025-03-20 13:34:11.000 +09,서울,롯데렌탈주식회사,216러7080,0,0,0,0.0,0.0,1,0,
38579589,현대,아반떼 AD,1.6 GDI 스마트,(세부등급 없음),201606.0,2017,989.0,83611.0,가솔린,오토,ORIGINAL,일반,2025-03-20 13:34:11.000 +09,충남,(주)B.K모터스,62버0701,1,0,5,119.5304,0.0,0,0,
38958209,현대,아반떼 AD,1.6 e-VGT 스마트,(세부등급 없음),201712.0,2018,950.0,74669.0,디젤,오토,ORIGINAL,일반,2025-03-20 13:34:11.000 +09,전북,중고차 파크,392저6046,1,1,3,100.0241,0.0,1,0,
39253454,현대,더 뉴 아반떼 하이브리드 (CN7),인스퍼레이션,,202410.0,2025,3130.0,4307.0,가솔린+전기,오토,ORIGINAL,일반,2025-03-20 13:34:11.000 +09,서울,에스에이치 모터스,397모1472,0,0,0,0.0,0.0,0,0,
39236956,현대,아반떼 (CN7),1.6,인스퍼레이션,202208.0,2023,1950.0,44993.0,가솔린,오토,ORIGINAL,일반,2025-03-20 13:34:11.000 +09,인천,주식회사 제이파크,244고8058,1,1,1,38.1702,841.9,1,0,
39268875,현대,아반떼 (CN7),1.6,인스퍼레이션,202005.0,2021,1499.0,136979.0,가솔린,오토,ORIGINAL,일반,2025-03-20 13:34:09.000 +09,경기,(주)뉴카카,379노6734,1,0,3,189.034,0.0,0,0,
37320482,현대,아반떼 MD,M16 GDI 스마트,,201301.0,2013,599.0,69363.0,가솔린,오토,ORIGINAL,일반,2025-03-20 13:34:02.000 +09,경기,카라모터스,22마7312,2,3,2,141.74,175.833,0,0,
39097439,현대,아반떼 MD,M16 GDI 스마트,,201210.0,2013,550.0,71900.0,가솔린,오토,ORIGINAL,일반,2025-03-20 13:34:02.000 +09,대구,M1모터스,67다1172,2,2,3,107.6151,176.9367,0,0,
38607597,현대,더 뉴 아반떼 AD,1.6,스마트 초이스,201912.0,2020,7777.0,59427.0,가솔린,오토,ORIGINAL,일반,2025-03-20 13:34:02.000 +09,경기,대흥자동차상사,111무9672,1,0,3,37.0,0.0,1,0,
38911563,현대,더 뉴 아반떼,1.6 GDi 모던,기본형,201508.0,2016,760.0,117106.0,가솔린,오토,ORIGINAL,일반,2025-03-20 13:34:02.000 +09,울산,(주)두바이카,38부2986,5,1,2,341.4149,84.1538,0,0,
38914537,현대,아반떼 AD,1.6 GDI 밸류 플러스,,201802.0,2018,830.0,107784.0,가솔린,오토,ORIGINAL,일반,2025-03-20 13:34:02.000 +09,대구,JJ모터스,152부5931,1,0,5,164.924,0.0,1,0,
38867840,현대,아반떼 (CN7),1.6,모던,202007.0,2021,1520.0,76239.0,가솔린,오토,ORIGINAL,일반,2025-03-20 13:34:02.000 +09,경기,카운셀러,243루7645,0,1,2,0.0,163.25,1,0,
38927120,현대,더 뉴 아반떼,1.6 GDi 모던,기본형,201501.0,2015,830.0,28470.0,가솔린,오토,ORIGINAL,일반,2025-03-20 13:34:02.000 +09,경기,드림모터스,59부3456,2,0,1,245.7158,0.0,0,0,
38855210,현대,더 뉴 아반떼 AD,1.6,스마트,201901.0,2019,1430.0,30330.0,가솔린,오토,ORIGINAL,일반,2025-03-20 13:34:02.000 +09,인천,한진모터스,243더1562,0,0,3,0.0,0.0,1,0,
38839067,현대,아반떼 (CN7),1.6,인스퍼레이션,202302.0,2023,2020.0,28816.0,가솔린,오토,ORIGINAL,일반,2025-03-20 13:34:02.000 +09,인천,코카스모터스,226가6555,0,0,1,0.0,0.0,1,0,
38668436,현대,아반떼 HD,1.6 VVT S16,럭셔리,201009.0,2010,340.0,134988.0,가솔린,오토,ORIGINAL,일반,2025-03-20 13:34:02.000 +09,경기,(주)대성모터스,20머6957,5,3,6,370.9748,432.0045,0,0,
39250874,현대,아반떼 MD,M16 GDI 프리미어,,201110.0,2012,520.0,106747.0,가솔린,오토,ORIGINAL,일반,2025-03-20 13:34:02.000 +09,서울,새롬모터스,21조1606,3,1,4,232.1726,25.0998,0,0,
39181197,현대,아반떼 AD,1.6 GDI 스마트,스페셜,201606.0,2016,920.0,94699.0,가솔린,오토,ORIGINAL,일반,2025-03-20 13:34:02.000 +09,대구,엠월드-빛나는자동차,09어0899,2,0,2,299.431,0.0,0,0,
39180080,현대,아반떼 AD,1.6 GDI 모던,스페셜,201603.0,2016,990.0,109464.0,가솔린,오토,ORIGINAL,일반,2025-03-20 13:33:59.000 +09,울산,픽플러스카,29모0851,1,0,0,48.917,0.0,0,0,
38737340,현대,아반떼 (CN7),1.6 LPi,모던,202007.0,2021,1730.0,73841.0,LPG(일반인 구입),오토,ORIGINAL,일반,2025-03-20 13:33:59.000 +09,울산,픽플러스카,224두6293,1,0,2,81.5319,0.0,0,0,
39199962,현대,아반떼 (CN7),1.6,모던,202110.0,2022,1690.0,46539.0,가솔린,오토,ORIGINAL,일반,2025-03-20 13:33:48.000 +09,부산,하이엔드중고사업부,159머9815,1,0,0,85.1126,0.0,0,0,
39177190,현대,아반떼 (CN7),1.6,모던,202102.0,2021,1570.0,67413.0,가솔린,오토,ORIGINAL,일반,2025-03-20 13:33:47.000 +09,부산,하이엔드중고사업부,363러2705,2,2,2,169.7411,209.4413,0,0,
38970685,현대,더 뉴 아반떼,1.6 VGT 스마트,기본형,201410.0,2015,390.0,200197.0,디젤,오토,ORIGINAL,일반,2025-03-20 13:33:47.000 +09,부산,하이엔드중고사업부,17누6954,1,1,3,70.3123,426.769,0,0,
38352992,현대,더 뉴 아반떼,1.6 GDi 스마트,기본형,201403.0,2014,690.0,66767.0,가솔린,오토,ORIGINAL,일반,2025-03-20 13:33:38.000 +09,울산,픽플러스카,46루1009,1,3,1,145.7949,148.666,0,0,
38042993,현대,더 뉴 아반떼,1.6 GDi 모던,기본형,201411.0,2015,720.0,96796.0,가솔린,오토,ORIGINAL,일반,2025-03-20 13:33:31.000 +09,광주,(주)에이프로,54보8326,1,1,1,93.3233,30.825,0,0,
39113051,현대,아반떼 AD,1.6 GDI 밸류 플러스,,201706.0,2018,1230.0,42034.0,가솔린,오토,ORIGINAL,일반,2025-03-20 13:33:31.000 +09,광주,(주)에이프로,31주6608,2,2,2,101.158,51.761,0,0,
39257847,현대,아반떼 AD,1.6 LPI 스타일(렌터카),,201705.0,2018,799.0,118373.0,LPG(일반인 구입),오토,ORIGINAL,일반,2025-03-20 13:33:31.000 +09,광주,(주)에이프로,128저2901,2,0,4,94.4147,0.0,1,0,
37199495,현대,아반떼 MD,M16 GDI 디럭스,,201010.0,2011,300.0,226369.0,가솔린,오토,ORIGINAL,일반,2025-03-20 13:33:24.000 +09,대구,새부림자동차상사,27오6848,3,1,0,589.439,18.5,0,0,
39059112,현대,아반떼 MD,M16 GDI 블루세이버,,201203.0,2012,440.0,101385.0,가솔린,오토,ORIGINAL,일반,2025-03-20 13:33:24.000 +09,대구,새부림자동차상사,50오8811,0,1,1,0.0,53.097,0,0,
38006009,현대,아반떼 AD,1.6 GDI 밸류 플러스,,201702.0,2017,999.0,59437.0,가솔린,오토,ORIGINAL,일반,2025-03-20 13:33:22.000 +09,울산,픽플러스카,22누1201,0,2,3,0.0,65.1276,0,0,
39275742,현대,아반떼 (CN7),1.6,모던,202012.0,2021,1750.0,44674.0,가솔린,오토,ORIGINAL,일반,2025-03-20 13:33:18.000 +09,대구,조은모터스,274루1105,0,2,1,0.0,390.5864,1,0,
39008578,현대,더 뉴 아반떼 AD,1.6,스마트,201909.0,2020,1530.0,16916.0,가솔린,오토,ORIGINAL,일반,2025-03-20 13:33:16.000 +09,부산,(주) 신강변모터스,276노7713,0,0,1,0.0,0.0,1,0,
39212581,현대,아반떼 AD,1.6 GDI 밸류 플러스,,201706.0,2018,1000.0,84224.0,가솔린,오토,ORIGINAL,일반,2025-03-20 13:33:15.000 +09,대구,새봄모터스,146도6454,0,0,4,0.0,0.0,2,0,
39142878,현대,아반떼 MD,M16 GDI 럭셔리,,201109.0,2012,449.0,198083.0,가솔린,오토,ORIGINAL,일반,2025-03-20 13:33:13.000 +09,대구,성은 모터스,41버4300,3,1,5,121.6593,258.5772,0,0,
39183650,현대,아반떼 AD,1.6 GDI 모던,스페셜,201607.0,2017,830.0,101880.0,가솔린,오토,ORIGINAL,일반,2025-03-20 13:33:11.000 +09,부산,오성모터스,20버0201,4,3,3,844.9548,1293.8793,0,0,
39247031,현대,아반떼 AD,1.6 GDI 프리미엄,,201509.0,2016,870.0,146916.0,가솔린,오토,ORIGINAL,일반,2025-03-20 13:33:11.000 +09,경기,(주)비비드카,38보4974,1,0,4,146.8199,0.0,0,0,
39089447,현대,아반떼 하이브리드 (CN7),인스퍼레이션,,202210.0,2023,2450.0,34267.0,가솔린+전기,오토,ORIGINAL,일반,2025-03-20 13:33:11.000 +09,경기,준모터스,159누4378,0,0,3,0.0,0.0,0,0,
39073784,현대,아반떼 하이브리드 (CN7),인스퍼레이션,,202207.0,2023,2320.0,35143.0,가솔린+전기,오토,ORIGINAL,일반,2025-03-20 13:33:11.000 +09,부산,한진자동차상사,209너8568,3,1,1,427.9681,87.1084,0,0,
39236919,현대,더 뉴 아반떼,1.6 GDi 스마트,기본형,201501.0,2015,590.0,123205.0,가솔린,오토,ORIGINAL,일반,2025-03-20 13:33:11.000 +09,경기,월드모터스,56버3023,3,2,5,191.9257,65.5787,0,0,
38892926,현대,아반떼 (CN7),1.6,인스퍼레이션,202212.0,2023,2350.0,9265.0,가솔린,오토,ORIGINAL,일반,2025-03-20 13:33:11.000 +09,대구,대구셀카중고차,215모3213,0,0,2,0.0,0.0,1,0,
38586329,현대,아반떼 (CN7),1.6,인스퍼레이션,202211.0,2023,2280.0,9043.0,가솔린,오토,ORIGINAL,일반,2025-03-20 13:33:11.000 +09,경기,(주)에스비즈,197저9347,0,0,0,0.0,0.0,0,0,
38354698,현대,아반떼 AD,1.6 GDI 밸류 플러스,,201710.0,2018,780.0,91689.0,가솔린,오토,ORIGINAL,일반,2025-03-20 13:33:11.000 +09,인천,수모터스,235수3932,2,5,2,400.4777,938.8356,1,0,
39267342,현대,아반떼 AD,1.6 터보 스포츠,익스트림 셀렉션,201607.0,2017,1590.0,54857.0,가솔린,오토,ORIGINAL,일반,2025-03-20 13:33:03.000 +09,부산,아이앤지 모터스,263부3437,0,0,1,0.0,0.0,1,0,
38222048,현대,아반떼 AD,1.6 GDI 밸류 플러스,,201701.0,2017,1099.0,48154.0,가솔린,오토,ORIGINAL,일반,2025-03-20 13:33:03.000 +09,부산,신아오토모빌,25부3727,1,2,2,51.6078,141.1308,0,0,
38570356,현대,더 뉴 아반떼 AD,1.6,스마트 초이스,201907.0,2020,1490.0,32740.0,가솔린,오토,ORIGINAL,일반,2025-03-20 13:33:03.000 +09,경기,신한앤쌍용(주),171도8156,0,1,1,0.0,49.0952,1,0,
38274929,현대,아반떼 하이브리드 (CN7),인스퍼레이션,,202303.0,2023,2599.0,21859.0,가솔린+전기,오토,ORIGINAL,일반,2025-03-20 13:33:03.000 +09,서울,주)뉴K스페이스,162구9550,0,0,1,0.0,0.0,0,0,
38736450,현대,더 뉴 아반떼,1.6 GDi 스마트,기본형,201509.0,2016,650.0,66746.0,가솔린,오토,ORIGINAL,일반,2025-03-20 13:33:03.000 +09,경기,(주)알차이노베이션,42가0654,6,4,0,476.6303,177.0344,0,0,
38687392,현대,아반떼 MD,M16 GDI 럭셔리,,201112.0,2012,380.0,149334.0,가솔린,오토,ORIGINAL,일반,2025-03-20 13:33:03.000 +09,경기,주식회사 리드옥션,38어5075,6,3,1,1246.4405,177.678,0,0,
38664781,현대,아반떼 AD,1.6 GDI 스타일,,201604.0,2016,779.0,86879.0,가솔린,오토,ORIGINAL,일반,2025-03-20 13:33:03.000 +09,부산,제이엠모터스,19모0548,5,2,1,339.3054,163.6789,0,0,
38633125,현대,더 뉴 아반떼,1.6 GDi 스마트,기본형,201502.0,2015,650.0,50126.0,가솔린,오토,ORIGINAL,일반,2025-03-20 13:33:03.000 +09,경기,레인보우,45서9128,4,3,1,589.6728,1302.3049,0,0,
38622802,현대,아반떼 AD,1.6 GDI 밸류 플러스,,201705.0,2018,950.0,91184.0,가솔린,오토,ORIGINAL,일반,2025-03-20 13:33:03.000 +09,경기,양주중고차에이원오토,137라3064,2,7,5,142.837,1102.8222,1,0,
38375431,현대,아반떼 (CN7),1.6 터보 N Line,인스퍼레이션,202105.0,2021,1990.0,45169.0,가솔린,오토,ORIGINAL,일반,2025-03-20 13:33:03.000 +09,경기,(주)경보모터스,253로9968,2,0,3,104.7514,0.0,0,0,
38140295,현대,아반떼 (CN7),1.6,모던,202007.0,2021,1270.0,72818.0,가솔린,오토,ORIGINAL,일반,2025-03-20 13:33:03.000 +09,경기,차투차,125도8893,1,0,0,49.808,0.0,1,0,
37749140,현대,더 뉴 아반떼 (CN7),1.6,모던,202405.0,2024,2460.0,100.0,가솔린,오토,ORIGINAL,렌트,2025-03-20 13:33:03.000 +09,전북,,220하5819,0,0,0,0.0,0.0,0,0,
38979617,현대,아반떼 (CN7),1.6,인스퍼레이션,202103.0,2021,2080.0,39240.0,가솔린,오토,ORIGINAL,일반,2025-03-20 13:33:03.000 +09,경기,벧엘자동차2,153다5076,1,0,0,0.0,0.0,0,0,
38879322,현대,아반떼 AD,1.6 GDI 밸류 플러스,,201801.0,2018,990.0,99251.0,가솔린,오토,ORIGINAL,일반,2025-03-20 13:33:03.000 +09,경북,패밀리모터스,46더7572,2,1,2,192.6855,133.3423,0,0,
38876743,현대,아반떼 (CN7),1.6,모던,202208.0,2023,1999.0,15459.0,가솔린,오토,ORIGINAL,일반,2025-03-20 13:33:03.000 +09,서울,인증차,212수8263,0,1,1,0.0,0.0,0,0,
38891669,현대,아반떼 (CN7),1.6 LPi,모던,202107.0,2021,1780.0,50300.0,LPG(일반인 구입),오토,ORIGINAL,일반,2025-03-20 13:33:03.000 +09,광주,(주)기쁨모터스,252우9365,2,1,1,132.0555,141.8488,0,0,
39117817,현대,아반떼 MD,M16 GDI 럭셔리,,201204.0,2012,540.0,63554.0,가솔린,오토,ORIGINAL,일반,2025-03-20 13:33:03.000 +09,서울,애플카,41부9897,2,1,3,107.6536,368.945,0,0,
38992127,현대,아반떼 MD,M16 GDI 프리미어,,201201.0,2012,470.0,85920.0,가솔린,오토,ORIGINAL,일반,2025-03-20 13:33:03.000 +09,대구,번영모터스,22루9150,7,5,0,355.0795,948.7895,0,0,
39110793,현대,아반떼 (CN7),1.6,모던,202007.0,2021,1320.0,114482.0,가솔린,오토,ORIGINAL,일반,2025-03-20 13:33:03.000 +09,충남,남부자동차매매상사,396다8123,2,0,3,276.3481,0.0,1,0,
39164471,현대,아반떼 (CN7),1.6,인스퍼레이션,202212.0,2023,1997.0,49068.0,가솔린,오토,ORIGINAL,일반,2025-03-20 13:33:03.000 +09,인천,모터바겐,124서3434,0,0,0,0.0,0.0,0,0,
39203622,현대,아반떼 AD,1.6 GDI 밸류 플러스,,201712.0,2018,880.0,144397.0,가솔린,오토,ORIGINAL,일반,2025-03-20 13:33:03.000 +09,경북,패밀리모터스,319어3044,1,3,6,176.7438,121.0268,1,0,
39269045,현대,더 뉴 아반떼 (CN7),2.0 N,,202401.0,2024,3599.0,4561.0,가솔린,오토,ORIGINAL,일반,2025-03-20 13:33:03.000 +09,경기,(주)모던카,361누5850,0,0,1,0.0,0.0,0,0,
39039678,현대,아반떼 MD,LPI M16 스타일,,201305.0,2014,390.0,229972.0,LPG(일반인 구입),오토,ORIGINAL,일반,2025-03-20 13:32:53.000 +09,전북,미래모터스,17더0484,1,4,6,79.659,416.019,1,0,
39167781,현대,아반떼 AD,1.6 GDI 밸류 플러스,,201703.0,2017,1130.0,66410.0,가솔린,오토,ORIGINAL,일반,2025-03-20 13:32:53.000 +09,전북,미래모터스,65오1684,4,2,0,414.4313,160.3951,0,0,
39220155,현대,아반떼 MD,M16 GDI 프리미어,,201206.0,2012,590.0,109294.0,가솔린,오토,ORIGINAL,일반,2025-03-20 13:32:53.000 +09,전북,미래모터스,25모9423,5,5,2,287.104,841.708,0,0,
39214562,현대,아반떼 MD,M16 GDI 럭셔리,,201110.0,2012,300.0,207445.0,가솔린,오토,ORIGINAL,일반,2025-03-20 13:32:45.000 +09,경남,(주)v모터스,66어2522,3,2,1,195.5558,72.3905,0,0,
38940379,현대,아반떼 HD,1.6 VVT S16,럭셔리,200705.0,2007,240.0,196084.0,가솔린,오토,ORIGINAL,일반,2025-03-20 13:32:45.000 +09,경남,(주)v모터스,50무7413,2,1,2,166.727,46.744,0,0,
38685662,현대,아반떼 (CN7),1.6,스마트,202109.0,2021,1430.0,80156.0,가솔린,오토,ORIGINAL,일반,2025-03-20 13:32:42.000 +09,대전,서부상사,230다5097,0,0,1,0.0,0.0,1,0,
38633178,현대,더 뉴 아반떼,1.6 GDi 모던,기본형,201501.0,2015,580.0,135700.0,가솔린,오토,ORIGINAL,일반,2025-03-20 13:32:42.000 +09,대전,서부상사,05무5520,0,2,3,0.0,62.346,1,0,
39254703,현대,아반떼 AD,1.6 GDI 밸류 플러스,,201709.0,2018,780.0,65170.0,가솔린,오토,ORIGINAL,일반,2025-03-20 13:32:41.000 +09,대전,서부상사,02버7581,2,3,2,639.1233,2190.377,0,0,
38568931,현대,아반떼 MD,M16 GDI 럭셔리,,201204.0,2012,389.0,148645.0,가솔린,오토,ORIGINAL,일반,2025-03-20 13:32:20.000 +09,대구,대연모터스,20서8825,4,0,3,221.2444,0.0,0,0,
39245544,현대,아반떼 AD,1.6 터보 스포츠,(세부등급 없음),201707.0,2018,9999.0,91567.0,가솔린,수동,ORIGINAL,일반,2025-03-20 13:32:11.000 +09,인천,(주)누리모터스,04너5688,1,0,9,90.001,0.0,0,0,
38233959,현대,더 뉴 아반떼 (CN7),1.6,인스퍼레이션,202305.0,2024,2440.0,18135.0,가솔린,오토,ORIGINAL,일반,2025-03-20 13:32:11.000 +09,인천,카담파트너스,221서9847,2,0,1,377.1888,0.0,0,0,
37313654,현대,아반떼 (CN7),1.6,모던,202004.0,2021,1599.0,53945.0,가솔린,오토,ORIGINAL,일반,2025-03-20 13:32:11.000 +09,충남,(주)거상자동차,114가1043,4,1,4,494.7838,0.0,0,0,
39112674,현대,아반떼 MD,M16 GDI 디럭스,,201012.0,2010,510.0,58186.0,가솔린,오토,ORIGINAL,일반,2025-03-20 13:32:11.000 +09,강원,삼우자동차,60오6676,4,1,4,440.5957,44.276,0,0,
39193800,현대,아반떼 (CN7),1.6,인스퍼레이션,202207.0,2023,2170.0,36347.0,가솔린,오토,ORIGINAL,일반,2025-03-20 13:32:11.000 +09,전북,(주)유카 전주지점,238어9547,0,0,1,0.0,0.0,0,0,
39092179,현대,아반떼 (CN7),1.6 LPi (렌터카),스마트,202201.0,2022,1620.0,45114.0,LPG(일반인 구입),오토,ORIGINAL,일반,2025-03-20 13:32:11.000 +09,충남,천안모터스,117라5504,1,0,1,98.7519,0.0,1,0,
39064784,현대,아반떼 HD,1.6 VVT S16,탑,200901.0,2009,320.0,150975.0,가솔린,오토,ORIGINAL,일반,2025-03-20 13:32:11.000 +09,경기,주식회사 카핑,34고4732,4,0,1,198.9796,0.0,0,0,
39001195,현대,아반떼 AD,1.6 GDI 모던,스페셜,201510.0,2016,920.0,70604.0,가솔린,오토,ORIGINAL,일반,2025-03-20 13:32:11.000 +09,인천,더새로운,35라0940,1,2,1,270.935,222.2414,0,0,
39048409,현대,아반떼 AD,1.6 GDI 스마트,(세부등급 없음),201607.0,2017,1070.0,46413.0,가솔린,오토,ORIGINAL,일반,2025-03-20 13:32:11.000 +09,울산,(주)무룡인더스,64어0404,2,2,1,173.9778,216.295,0,0,
39057293,현대,더 뉴 아반떼 (CN7),1.6 LPi (렌터카),모던,202404.0,2024,1990.0,31429.0,LPG(일반인 구입),오토,ORIGINAL,일반,2025-03-20 13:32:11.000 +09,충남,오토플러스(주),198허7458,0,0,0,0.0,0.0,0,0,
38988998,현대,아반떼 MD,M16 GDI 럭셔리,,201103.0,2011,390.0,165363.0,가솔린,오토,ORIGINAL,일반,2025-03-20 13:32:11.000 +09,부산,(주)강변모터스,68고8571,5,0,1,229.4702,0.0,0,0,
39202762,현대,아반떼 (CN7),2.0 N,,202204.0,2022,9999.0,7663.0,가솔린,오토,ORIGINAL,일반,2025-03-20 13:32:11.000 +09,서울,주)아이오토스,373러6036,0,0,0,0.0,0.0,0,0,
39235103,현대,아반떼 AD,1.6 터보 스포츠,(세부등급 없음),201703.0,2017,999.0,119630.0,가솔린,오토,ORIGINAL,일반,2025-03-20 13:32:02.000 +09,경기,카리브 모터스,62너9212,0,2,2,0.0,178.641,0,0,
39258362,현대,아반떼 (CN7),1.6,인스퍼레이션,202106.0,2021,1940.0,48161.0,가솔린,오토,ORIGINAL,일반,2025-03-20 13:32:02.000 +09,인천,오토팰리스,265서5093,3,0,1,550.5711,0.0,0,0,
39223726,현대,더 뉴 아반떼 AD,1.6,스마트 초이스,202002.0,2020,1490.0,23678.0,가솔린,오토,ORIGINAL,일반,2025-03-20 13:32:02.000 +09,광주,오토플러스,184오1537,0,1,4,0.0,45.0407,0,0,
39222169,현대,아반떼 AD,1.6 GDI 밸류 플러스,,201712.0,2018,1100.0,53300.0,가솔린,오토,ORIGINAL,일반,2025-03-20 13:32:02.000 +09,광주,오토핸즈 광주직영점,50누8414,2,0,1,135.358,0.0,0,0,
38314118,현대,더 뉴 아반떼 (CN7),1.6,인스퍼레이션,202401.0,2024,2490.0,13498.0,가솔린,오토,ORIGINAL,일반,2025-03-20 13:32:02.000 +09,서울,(주)강남세종모터스,398거3171,0,0,0,0.0,0.0,0,0,
38847085,현대,아반떼 AD,1.6 GDI 모던,(세부등급 없음),201609.0,2017,990.0,113017.0,가솔린,오토,ORIGINAL,일반,2025-03-20 13:32:02.000 +09,인천,원스탑모터스 주식회사,16도0512,3,0,5,266.5987,0.0,0,0,
39168410,현대,아반떼 MD,M16 GDI 프리미어,,201201.0,2012,720.0,33182.0,가솔린,오토,ORIGINAL,일반,2025-03-20 13:32:02.000 +09,대구,일신자동차상사,40저3556,0,0,1,0.0,0.0,0,0,
39168645,현대,아반떼 (CN7),2.0 N,,202207.0,2023,2899.0,22927.0,가솔린,오토,ORIGINAL,일반,2025-03-20 13:32:02.000 +09,경기,진성자동차매매상사,320노2649,1,0,1,53.315,0.0,0,0,
38712295,현대,아반떼 (CN7),1.6 LPi,모던,202006.0,2021,1150.0,84859.0,LPG(일반인 구입),오토,ORIGINAL,일반,2025-03-20 13:32:02.000 +09,부산,(주)라임모터스,370루2543,1,0,3,1165.9,0.0,1,0,
38726306,현대,더 뉴 아반떼,1.6 GDi 스마트,기본형,201308.0,2014,540.0,108229.0,가솔린,오토,ORIGINAL,일반,2025-03-20 13:32:02.000 +09,인천,JP모터스,19서2879,3,1,7,147.9121,101.291,0,0,
38599616,현대,아반떼 MD,M16 GDI 프리미어,,201103.0,2011,450.0,148811.0,가솔린,오토,ORIGINAL,일반,2025-03-20 13:32:02.000 +09,인천,정우5호점 대표,46두2632,4,1,1,167.5174,47.662,0,0,
39018682,현대,더 뉴 아반떼 AD,1.6,스마트,201908.0,2020,9999.0,45087.0,가솔린,오토,ORIGINAL,일반,2025-03-20 13:32:02.000 +09,경기,코리아모터스,09버6830,2,0,1,187.5169,0.0,0,0,
38715850,현대,아반떼 MD,M16 GDI 프리미어,,201101.0,2011,550.0,81132.0,가솔린,오토,ORIGINAL,일반,2025-03-20 13:32:02.000 +09,충북,(주)더챔,50거7591,0,0,1,0.0,0.0,0,0,
38599604,현대,아반떼 MD,M16 GDI 럭셔리,,201203.0,2012,450.0,114598.0,가솔린,오토,ORIGINAL,일반,2025-03-20 13:32:02.000 +09,인천,정우5호점 대표,59우6903,2,0,3,231.9324,0.0,0,0,
38490203,현대,아반떼 AD,1.6 GDI 밸류 플러스,,201610.0,2017,1150.0,42209.0,가솔린,오토,ORIGINAL,일반,2025-03-20 13:32:02.000 +09,서울,탑 모터스,22로0170,0,1,1,0.0,188.78,0,0,
39192077,현대,아반떼 AD,1.6 GDI 밸류 플러스,,201612.0,2017,870.0,122233.0,가솔린,오토,ORIGINAL,일반,2025-03-20 13:31:57.000 +09,대구,신대신자동차상사,55보5213,3,0,3,156.2611,0.0,0,0,
38456893,현대,더 뉴 아반떼,1.6 GDi 스마트,기본형,201509.0,2016,820.0,63050.0,가솔린,오토,ORIGINAL,일반,2025-03-20 13:31:41.000 +09,대전,카프로미스,17다0679,0,1,1,0.0,50.2011,0,0,
38875739,현대,아반떼 (CN7),1.6,모던,202004.0,2021,1490.0,92869.0,가솔린,오토,ORIGINAL,일반,2025-03-20 13:31:36.000 +09,전북,우진모터스,335우7782,1,2,0,110.9393,58.4346,0,0,
38997533,현대,아반떼 AD,1.6 GDI 모던,(세부등급 없음),201605.0,2017,980.0,115872.0,가솔린,오토,ORIGINAL,일반,2025-03-20 13:31:36.000 +09,전북,우진모터스,56무0422,2,2,1,143.2884,155.857,0,0,
39191675,현대,아반떼 AD,1.6 GDI 밸류 플러스,,201706.0,2018,1230.0,67693.0,가솔린,오토,ORIGINAL,일반,2025-03-20 13:31:36.000 +09,전북,우진모터스,40나4002,1,0,0,61.9853,0.0,0,0,
39148468,현대,아반떼 AD,1.6 GDI 밸류 플러스,,201705.0,2018,1060.0,101060.0,가솔린,오토,ORIGINAL,일반,2025-03-20 13:31:36.000 +09,전북,우진모터스,04나2327,0,0,1,0.0,0.0,0,0,
39264416,현대,더 뉴 아반떼 AD,1.6,스마트,202003.0,2020,1430.0,64774.0,가솔린,오토,ORIGINAL,일반,2025-03-20 13:31:36.000 +09,전북,우진모터스,325서1768,1,0,1,0.0,0.0,0,0,
39049875,현대,아반떼 AD,1.6 GDI 밸류 플러스,,201808.0,2018,1090.0,98000.0,가솔린,오토,ORIGINAL,일반,2025-03-20 13:31:35.000 +09,경기,(주)더원중고차,29주1628,2,0,0,200.4496,0.0,0,0,
39133665,현대,아반떼 하이브리드 (CN7),스마트,,202107.0,2021,1580.0,67213.0,가솔린+전기,오토,ORIGINAL,일반,2025-03-20 13:31:31.000 +09,경기,설레아,212서1194,0,0,1,0.0,0.0,1,0,
38526018,현대,더 뉴 아반떼 (CN7),1.6,모던,202402.0,2024,2156.0,7241.0,가솔린,오토,ORIGINAL,렌트,2025-03-20 13:31:11.000 +09,경기,블루오토,224호1325,1,0,0,78.3064,0.0,0,0,
38305241,현대,더 뉴 아반떼 AD,1.6,스마트,202003.0,2020,1500.0,76261.0,가솔린,오토,ORIGINAL,일반,2025-03-20 13:31:11.000 +09,광주,대오모터스,174오3150,0,0,1,0.0,0.0,0,0,
38264206,현대,아반떼 (CN7),1.6,인스퍼레이션,202101.0,2021,1550.0,36963.0,가솔린,오토,ORIGINAL,일반,2025-03-20 13:31:11.000 +09,인천,우정모터스,270모7114,4,3,6,2725.8499,481.3055,1,0,
38186965,현대,아반떼 MD,LPI M16 스마트,,201210.0,2013,390.0,218855.0,LPG(일반인 구입),오토,ORIGINAL,일반,2025-03-20 13:31:11.000 +09,광주,금상모터스,26마0317,2,0,6,169.523,0.0,1,0,
39201823,현대,아반떼 (CN7),1.6,스마트,202102.0,2021,9999.0,113540.0,가솔린,오토,ORIGINAL,일반,2025-03-20 13:31:11.000 +09,경기,도이치코리아모터스,115조6121,0,1,2,0.0,43.1542,1,0,
39179290,현대,아반떼 (CN7),1.6,모던,202009.0,2021,1220.0,106090.0,가솔린,오토,ORIGINAL,일반,2025-03-20 13:31:11.000 +09,경남,최고모터스,254주2760,1,0,1,187.188,0.0,1,0,
39113844,현대,아반떼 AD,1.6 GDI 모던,스페셜,201510.0,2016,990.0,98634.0,가솔린,오토,ORIGINAL,일반,2025-03-20 13:31:11.000 +09,경기,명문자동차,24노4207,4,1,3,434.4169,64.0,0,0,
39271734,현대,아반떼 MD,M16 GDI 프리미어,,201010.0,2011,380.0,113433.0,가솔린,오토,ORIGINAL,일반,2025-03-20 13:31:11.000 +09,경기,(주)카베이,18우3124,4,0,3,530.8325,0.0,0,0,
39265400,현대,아반떼 MD,M16 GDI 스마트,,201302.0,2013,620.0,48062.0,가솔린,오토,ORIGINAL,일반,2025-03-20 13:31:11.000 +09,서울,(주)뉴카뱅크,13너5532,1,0,0,21.886,0.0,0,0,
38960913,현대,아반떼 AD,1.6 GDI 모던,스페셜,201609.0,2017,900.0,125999.0,가솔린,오토,ORIGINAL,일반,2025-03-20 13:31:11.000 +09,경기,㈜오토핸즈,54버0267,2,2,4,80.9866,131.26,0,0,
39181613,현대,아반떼 MD,M16 GDI 럭셔리,,201101.0,2011,399.0,148386.0,가솔린,오토,ORIGINAL,일반,2025-03-20 13:31:09.000 +09,대구,고고모터스,34수9821,6,1,2,241.4914,38.0288,0,0,
39152065,현대,더 뉴 아반떼,1.6 GDi 스마트,기본형,201504.0,2015,730.0,36281.0,가솔린,오토,ORIGINAL,일반,2025-03-20 13:31:09.000 +09,대구,고고모터스,43머7890,0,0,2,0.0,0.0,0,0,
38579192,현대,더 뉴 아반떼 (CN7),1.6,인스퍼레이션,202401.0,2024,2450.0,4588.0,가솔린,오토,ORIGINAL,일반,2025-03-20 13:31:03.000 +09,경기,주식회사 핀카,193부6192,1,0,1,74.5474,0.0,1,0,
38519108,현대,아반떼 (CN7),1.6,모던,202007.0,2021,1550.0,62042.0,가솔린,오토,ORIGINAL,일반,2025-03-20 13:31:02.000 +09,경기,이든자동차,125도8854,1,0,3,44.382,0.0,1,0,
38399852,현대,아반떼 (CN7),1.6,스마트,202007.0,2021,1080.0,110092.0,가솔린,오토,ORIGINAL,일반,2025-03-20 13:31:02.000 +09,경기,착한자동차,352너2759,3,4,3,374.5847,169.8731,1,0,
39074379,현대,더 뉴 아반떼 하이브리드 (CN7),모던,,202305.0,2024,2369.0,41012.0,가솔린+전기,오토,ORIGINAL,일반,2025-03-20 13:31:02.000 +09,부산,(주)오토멤버스,359수9688,1,1,2,9.178,0.0,1,0,
39085023,현대,아반떼 (CN7),1.6,인스퍼레이션,202303.0,2023,2050.0,15963.0,가솔린,오토,ORIGINAL,일반,2025-03-20 13:31:02.000 +09,인천,보배모터스,237무2137,1,0,1,289.9039,0.0,0,0,
39029538,현대,더 뉴 아반떼 (CN7),1.6,인스퍼레이션,202304.0,2024,2320.0,29552.0,가솔린,오토,ORIGINAL,일반,2025-03-20 13:31:02.000 +09,인천,오토플러스(주),154수8270,1,0,0,0.0,0.0,0,0,
38943199,현대,아반떼 MD,M16 GDI 모던,,201212.0,2013,500.0,91033.0,가솔린,오토,ORIGINAL,일반,2025-03-20 13:31:02.000 +09,인천,다올모터스,46주5356,2,1,3,110.8786,138.0,0,0,
38917990,현대,더 뉴 아반떼 (CN7),1.6,스마트,202304.0,2024,1850.0,20999.0,가솔린,오토,ORIGINAL,일반,2025-03-20 13:31:02.000 +09,인천,주식회사 써니카,195루8373,1,0,1,37.742,0.0,1,0,
38906591,현대,아반떼 (CN7),1.6,인스퍼레이션,202103.0,2021,2030.0,50707.0,가솔린,오토,ORIGINAL,일반,2025-03-20 13:31:02.000 +09,경기,(주)준모터스,397수8851,0,0,0,0.0,0.0,0,0,
38893278,현대,아반떼 AD,1.6 GDI 밸류 플러스,,201711.0,2018,950.0,122744.0,가솔린,오토,ORIGINAL,일반,2025-03-20 13:31:02.000 +09,충북,더챔,46더5159,4,2,1,484.9717,233.554,0,0,
39123138,현대,아반떼 (CN7),1.6 터보 N Line,인스퍼레이션,202109.0,2021,1790.0,57745.0,가솔린,오토,ORIGINAL,일반,2025-03-20 13:31:02.000 +09,서울,(주)넥스트오토,139모8857,3,2,0,297.979,194.0181,0,0,
38712957,현대,아반떼 AD,1.6 e-VGT 스마트,(세부등급 없음),201806.0,2018,810.0,112017.0,디젤,오토,ORIGINAL,일반,2025-03-20 13:31:02.000 +09,부산,진모터스,40모4763,2,1,4,206.1538,89.525,0,0,
38680297,현대,아반떼 (CN7),1.6,모던,202010.0,2021,1740.0,44986.0,가솔린,오토,ORIGINAL,일반,2025-03-20 13:31:02.000 +09,경기,(주)에스비즈,341로8388,1,0,1,79.3713,0.0,1,0,
38515258,현대,아반떼 (CN7),1.6 LPi,인스퍼레이션,202211.0,2023,2290.0,9112.0,LPG(일반인 구입),오토,ORIGINAL,일반,2025-03-20 13:31:02.000 +09,충남,유카,361주4157,0,0,0,0.0,0.0,0,0,
39040599,현대,아반떼 MD,M16 GDI 에비뉴,,201304.0,2014,550.0,91532.0,가솔린,오토,ORIGINAL,일반,2025-03-20 13:31:02.000 +09,경기,(주)에스비즈,57주6915,3,3,2,290.4444,239.3206,0,0,
39151358,현대,아반떼 (CN7),1.6,인스퍼레이션,202005.0,2021,9999.0,39446.0,가솔린,오토,ORIGINAL,일반,2025-03-20 13:31:02.000 +09,경기,유로오토,340서2550,1,0,1,43.4855,0.0,0,0,
39205678,현대,아반떼 (CN7),1.6,모던,202201.0,2022,1790.0,42459.0,가솔린,오토,ORIGINAL,일반,2025-03-20 13:31:02.000 +09,인천,(주)카스갤러리,204더4197,0,1,1,0.0,0.0,0,0,0.0
39198921,현대,아반떼 (CN7),1.6,인스퍼레이션,202103.0,2021,1920.0,34462.0,가솔린,오토,ORIGINAL,일반,2025-03-20 13:31:02.000 +09,대구,스타모터스,331조9159,3,2,0,198.931,129.3262,0,0,
39188798,현대,아반떼 (CN7),1.6,모던,202006.0,2021,1170.0,104226.0,가솔린,오토,ORIGINAL,일반,2025-03-20 13:31:02.000 +09,전북,탑 모터스,286머9639,2,1,5,771.9029,200.0,1,0,
38417576,현대,아반떼 (CN7),1.6 LPi (렌터카),스타일,202011.0,2021,1270.0,86614.0,LPG(일반인 구입),오토,ORIGINAL,일반,2025-03-20 13:31:01.000 +09,경기,이든자동차,110무9410,1,0,2,138.52,0.0,1,0,
39164338,현대,더 뉴 아반떼 (CN7),1.6,모던,202401.0,2024,2190.0,14784.0,가솔린,오토,ORIGINAL,일반,2025-03-20 13:30:38.000 +09,경기,주식회사 브로,113우2155,0,0,0,0.0,0.0,0,0,
39172353,현대,아반떼 (CN7),1.6,모던,202008.0,2021,1280.0,125706.0,가솔린,오토,ORIGINAL,일반,2025-03-20 13:30:38.000 +09,경기,주식회사 브로,380부7563,1,0,1,510.4399,0.0,1,0,
39266952,현대,아반떼 AD,1.6 GDI 모던,스페셜,201608.0,2017,1160.0,92181.0,가솔린,오토,ORIGINAL,일반,2025-03-20 13:30:37.000 +09,경기,주식회사 브로,55소0325,2,0,0,79.029,0.0,0,0,
39268540,현대,아반떼 AD,1.6 GDI 프리미엄,,201510.0,2016,1160.0,101040.0,가솔린,오토,ORIGINAL,일반,2025-03-20 13:30:37.000 +09,경기,주식회사 브로,45무0833,1,1,2,60.6218,68.5128,0,0,
39170184,현대,더 뉴 아반떼,1.6 GDi 프리미엄,기본형,201310.0,2014,750.0,79725.0,가솔린,오토,ORIGINAL,일반,2025-03-20 13:30:25.000 +09,경기,오토허브셀카,54거4333,2,2,2,115.8364,266.0002,0,0,
39255096,현대,더 뉴 아반떼 AD,1.6,스마트,201812.0,2019,1370.0,70190.0,가솔린,오토,ORIGINAL,일반,2025-03-20 13:30:17.000 +09,대구,남대구자동차상사,265버1473,0,0,1,0.0,0.0,1,0,
38657860,현대,아반떼 AD,1.6 GDI 스마트,(세부등급 없음),201609.0,2017,960.0,91066.0,가솔린,오토,ORIGINAL,일반,2025-03-20 13:30:17.000 +09,대구,남대구자동차상사,37나0471,4,1,1,298.8588,34.2428,0,0,
38375476,현대,아반떼 AD,1.6 GDI 프리미엄,,201604.0,2016,1120.0,124660.0,가솔린,오토,ORIGINAL,일반,2025-03-20 13:30:17.000 +09,대구,남대구자동차상사,48구0693,1,1,4,11.627,45.947,0,0,
38340497,현대,아반떼 AD,1.6 GDI 모던,스페셜,201606.0,2017,970.0,140045.0,가솔린,오토,ORIGINAL,일반,2025-03-20 13:30:16.000 +09,대구,남대구자동차상사,02거0466,0,1,1,0.0,38.967,0,0,
39266852,현대,더 뉴 아반떼,1.6 GDi 스타일,,201505.0,2016,780.0,29349.0,가솔린,오토,ORIGINAL,일반,2025-03-20 13:30:09.000 +09,대전,그린모터스,11어7117,0,1,1,0.0,66.7047,0,0,
38766659,현대,더 뉴 아반떼 (CN7),1.6,모던,202307.0,2024,2070.0,4151.0,가솔린,오토,ORIGINAL,일반,2025-03-20 13:30:09.000 +09,경기,(주)카마트몰,313다3241,0,0,1,0.0,0.0,0,0,
38976071,현대,더 뉴 아반떼 (CN7),1.6,인스퍼레이션,202309.0,2024,2430.0,21227.0,가솔린,오토,ORIGINAL,일반,2025-03-20 13:30:09.000 +09,경기,(주)카마트몰,171무3963,1,0,0,60.8334,0.0,0,0,
38983089,현대,아반떼 하이브리드 (CN7),인스퍼레이션,,202201.0,2022,2240.0,97979.0,가솔린+전기,오토,ORIGINAL,일반,2025-03-20 13:30:09.000 +09,경기,(주)카마트몰,335도5554,2,1,2,119.111,240.0,0,0,
38945851,현대,아반떼 (CN7),1.6 LPi (렌터카),스마트,202012.0,2021,1460.0,64974.0,LPG(일반인 구입),오토,ORIGINAL,일반,2025-03-20 13:30:09.000 +09,경기,(주)카마트몰,275구5695,1,0,1,38.2279,0.0,1,0,
38819944,현대,더 뉴 아반떼 (CN7),1.6,모던,202405.0,2024,2230.0,8002.0,가솔린,오토,ORIGINAL,일반,2025-03-20 13:30:09.000 +09,경기,(주)카마트몰,189소5075,0,1,1,0.0,41.3677,0,0,
39071938,현대,아반떼 하이브리드 (CN7),인스퍼레이션,,202110.0,2022,2050.0,50588.0,가솔린+전기,오토,ORIGINAL,일반,2025-03-20 13:30:09.000 +09,경기,(주)오토피아,300보8406,2,0,4,385.85,0.0,0,0,
39007415,현대,더 뉴 아반떼 (CN7),1.6,인스퍼레이션,202404.0,2024,2530.0,10512.0,가솔린,오토,ORIGINAL,일반,2025-03-20 13:30:09.000 +09,경기,(주)카마트몰,294주1776,1,0,0,0.0,0.0,0,0,
39177950,현대,아반떼 (CN7),2.0 N,,202201.0,2022,2700.0,63876.0,가솔린,오토,ORIGINAL,일반,2025-03-20 13:30:09.000 +09,경기,(주)오토피아,192누1913,0,0,4,0.0,0.0,0,0,
38904143,현대,더 뉴 아반떼 AD,1.6,스타일,201810.0,2019,1290.0,22707.0,가솔린,오토,ORIGINAL,일반,2025-03-20 13:30:09.000 +09,경기,(주)카마트몰,50서3902,1,0,1,228.2944,0.0,0,0,
38644068,현대,더 뉴 아반떼,1.6 VGT 모던,기본형,201506.0,2016,580.0,97804.0,디젤,오토,ORIGINAL,일반,2025-03-20 13:30:09.000 +09,서울,주식회사태양모터스,14저4556,7,1,0,596.076,104.8978,0,0,
39238103,현대,아반떼 AD,1.6 e-VGT 스마트,(세부등급 없음),201510.0,2016,595.0,137051.0,디젤,오토,ORIGINAL,일반,2025-03-20 13:30:09.000 +09,대전,(주)이카,47가2865,3,2,3,507.7914,135.6459,0,0,
38269934,현대,더 뉴 아반떼 하이브리드 (CN7),모던,,202312.0,2024,2750.0,13034.0,가솔린+전기,오토,ORIGINAL,일반,2025-03-20 13:30:09.000 +09,경기,(주)오토피아,376저1954,0,0,0,0.0,0.0,0,0,
38077880,현대,아반떼 하이브리드 (CN7),인스퍼레이션,,202202.0,2022,2490.0,43035.0,가솔린+전기,오토,ORIGINAL,일반,2025-03-20 13:30:09.000 +09,경기,(주)오토피아,163구5550,0,0,1,0.0,0.0,0,0,
38103383,현대,아반떼 하이브리드 (CN7),모던,,202012.0,2021,1940.0,38916.0,가솔린+전기,오토,ORIGINAL,일반,2025-03-20 13:30:09.000 +09,경기,(주)오토피아,115고8191,1,0,1,220.8929,0.0,0,0,
39249711,현대,아반떼 AD,1.6 GDI 밸류 플러스,,201801.0,2018,1280.0,62144.0,가솔린,오토,ORIGINAL,일반,2025-03-20 13:30:07.000 +09,부산,대진모터스,54루8741,1,0,2,48.112,0.0,0,0,
39134059,현대,더 뉴 아반떼,1.6 GDi 스마트,기본형,201409.0,2015,640.0,107419.0,가솔린,오토,ORIGINAL,일반,2025-03-20 13:30:03.000 +09,경기,무결점 카모터스,16조2579,3,1,1,113.0523,36.7409,0,0,
39273061,현대,더 뉴 아반떼 (CN7),1.6,모던 N Line,202404.0,2024,2390.0,4450.0,가솔린,오토,ORIGINAL,일반,2025-03-20 13:30:03.000 +09,경기,무결점 카모터스,342버7701,0,0,0,0.0,0.0,0,0,
39041349,현대,아반떼 (CN7),2.0 N,,202109.0,2022,2490.0,45696.0,가솔린,오토,ORIGINAL,일반,2025-03-20 13:29:53.000 +09,부산,(주)건우모터스,380보4377,2,0,1,97.4604,0.0,0,0,
39258389,현대,아반떼 (CN7),1.6,인스퍼레이션,202204.0,2023,2200.0,10173.0,가솔린,오토,ORIGINAL,일반,2025-03-20 13:29:47.000 +09,광주,예림모터스,119오6335,0,0,1,0.0,0.0,0,0,
39193638,현대,아반떼 MD,M16 GDI 스마트,,201308.0,2014,460.0,95591.0,가솔린,오토,ORIGINAL,일반,2025-03-20 13:29:28.000 +09,경남,S motors,24머7228,6,2,2,531.7466,140.876,0,0,
39194870,현대,아반떼 AD,1.6 GDI 밸류 플러스,,201802.0,2018,1040.0,55236.0,가솔린,오토,ORIGINAL,일반,2025-03-20 13:29:28.000 +09,경남,S motors,206너8636,1,0,0,62.717,0.0,1,0,
39055905,현대,아반떼 AD,1.6 GDI 밸류 플러스,,201707.0,2018,970.0,112036.0,가솔린,오토,ORIGINAL,일반,2025-03-20 13:29:27.000 +09,대전,선명상사,216주8341,0,0,4,0.0,0.0,1,0,
39146283,현대,아반떼 AD,1.6 GDI 스타일,,201605.0,2016,880.0,75827.0,가솔린,오토,ORIGINAL,일반,2025-03-20 13:29:27.000 +09,경남,S motors,11모0568,4,2,6,414.7249,139.4718,0,0,
39270439,현대,더 뉴 아반떼,1.6 GDi 스마트,기본형,201310.0,2014,630.0,85537.0,가솔린,오토,ORIGINAL,일반,2025-03-20 13:29:22.000 +09,경기,스마일자동차,18누7566,1,1,2,28.809,45.5328,0,0,
39194023,현대,아반떼 AD,1.6 GDI 스마트,(세부등급 없음),201603.0,2016,1150.0,57610.0,가솔린,오토,ORIGINAL,일반,2025-03-20 13:29:01.000 +09,부산,스타모터스,06도0966,0,1,1,0.0,53.7588,0,0,
38469474,현대,더 뉴 아반떼,1.6 VGT 스마트,기본형,201409.0,2015,469.0,146786.0,디젤,오토,ORIGINAL,일반,2025-03-20 13:28:46.000 +09,경기,풀카,22모2675,6,0,2,518.2717,0.0,0,0,
38796504,현대,더 뉴 아반떼 AD,1.6,스마트,201904.0,2019,1130.0,137000.0,가솔린,오토,ORIGINAL,일반,2025-03-20 13:28:45.000 +09,인천,스카이모터스,06로3201,1,0,1,55.56,0.0,0,0,
38820136,현대,더 뉴 아반떼 (CN7),1.6,모던,202403.0,2024,2250.0,3809.0,가솔린,오토,ORIGINAL,일반,2025-03-20 13:28:42.000 +09,서울,주식회사 피스모터스,205더4970,0,0,0,0.0,0.0,0,0,
38936261,현대,아반떼 (CN7),1.6,스마트,202302.0,2023,1690.0,56012.0,가솔린,오토,ORIGINAL,일반,2025-03-20 13:28:42.000 +09,대구,(주)에이엠홀딩스,107우9453,0,1,0,0.0,65.0523,1,0,
39032356,현대,더 뉴 아반떼 AD,1.6 LPi,스마트(렌터카용),202001.0,2020,1090.0,130127.0,LPG(일반인 구입),오토,ORIGINAL,일반,2025-03-20 13:28:42.000 +09,대구,(주)에이엠홀딩스,176부3558,1,2,0,232.6229,227.4513,1,0,
38812731,현대,아반떼 AD,1.6 GDI 밸류 플러스,,201706.0,2017,1030.0,62129.0,가솔린,오토,ORIGINAL,일반,2025-03-20 13:28:37.000 +09,경기,진모터스,07가6753,3,2,1,199.3586,135.398,0,0,
39141294,현대,아반떼 AD,1.6 GDI 스마트,(세부등급 없음),201608.0,2017,990.0,84954.0,가솔린,오토,ORIGINAL,일반,2025-03-20 13:28:37.000 +09,경기,진모터스,295머8081,2,1,4,85.3562,35.8369,1,0,
38761935,현대,아반떼 AD,1.6 LPI 스마트(렌터카),,201607.0,2017,800.0,154507.0,LPG(일반인 구입),오토,ORIGINAL,일반,2025-03-20 13:28:28.000 +09,전북,NEW익산모터스,179루5276,2,3,5,115.308,178.552,1,0,
39212421,현대,더 뉴 아반떼 AD,1.6,스타일,201907.0,2019,1325.0,49354.0,가솔린,오토,ORIGINAL,일반,2025-03-20 13:28:10.000 +09,광주,(주)으뜸모터스,33구6780,2,0,2,298.582,0.0,0,0,
39057847,현대,아반떼 AD,1.6 GDI 모던,스페셜,201601.0,2016,845.0,134454.0,가솔린,오토,ORIGINAL,일반,2025-03-20 13:28:02.000 +09,부산,동진모터스,45주0945,6,2,1,594.5219,54.7648,0,0,
37180824,현대,아반떼 AD,1.6 GDI 모던,스페셜,201605.0,2016,1350.0,34955.0,가솔린,오토,ORIGINAL,일반,2025-03-20 13:27:55.000 +09,대구,대일자동차상사,26누0905,0,0,3,0.0,0.0,0,0,
36902771,현대,아반떼 AD,1.6 GDI 모던,(세부등급 없음),201512.0,2016,1350.0,37346.0,가솔린,오토,ORIGINAL,일반,2025-03-20 13:27:55.000 +09,대구,대일자동차상사,34거0621,0,0,1,0.0,0.0,0,0,
37673349,현대,아반떼 MD,M16 GDI 럭셔리,,201010.0,2011,499.0,75701.0,가솔린,오토,ORIGINAL,일반,2025-03-20 13:27:43.000 +09,전북,(유)스카이,15거4870,3,0,2,136.07,0.0,0,0,
38387966,현대,아반떼 AD,1.6 GDI 밸류 플러스,,201612.0,2017,1069.0,42547.0,가솔린,오토,ORIGINAL,일반,2025-03-20 13:27:30.000 +09,대구,전국자동차매매상사,66라1732,2,0,0,93.26,0.0,0,0,
38996111,현대,아반떼 (CN7),2.0 N,,202207.0,2023,2390.0,33743.0,가솔린,수동,ORIGINAL,일반,2025-03-20 13:27:30.000 +09,경기,제네럴모터스,356두2112,5,2,0,676.5869,412.202,0,0,
38995609,현대,아반떼 AD,1.6 터보 스포츠,익스트림 셀렉션,201709.0,2018,1280.0,86044.0,가솔린,오토,ORIGINAL,일반,2025-03-20 13:27:25.000 +09,부산,건우모터스,34더6187,2,1,3,197.1091,57.007,0,0,
39154071,현대,아반떼 (CN7),2.0 N,,202203.0,2022,2690.0,64033.0,가솔린,수동,ORIGINAL,일반,2025-03-20 13:27:25.000 +09,부산,건우모터스,121고9612,2,0,0,160.8738,0.0,0,0,
38463497,현대,아반떼 MD,M16 GDI 프리미어,,201108.0,2012,450.0,104805.0,가솔린,오토,ORIGINAL,일반,2025-03-20 13:27:22.000 +09,대전,금평상사,59다5374,4,2,3,365.8471,195.3819,0,0,
37594524,현대,아반떼 MD,M16 GDI 럭셔리,,201102.0,2011,390.0,113090.0,가솔린,오토,ORIGINAL,일반,2025-03-20 13:27:22.000 +09,대전,금평상사,55너1983,4,0,2,114.9704,0.0,0,0,
35987117,현대,아반떼 HD,1.6 VVT E16,밸류,200812.0,2009,220.0,228664.0,가솔린,오토,ORIGINAL,일반,2025-03-20 13:27:22.000 +09,대전,금평상사,37오5047,2,0,1,117.867,0.0,0,0,
39216981,현대,더 뉴 아반떼,1.6 GDi 모던,기본형,201405.0,2015,619.0,108683.0,가솔린,오토,ORIGINAL,일반,2025-03-20 13:27:16.000 +09,충남,주식회사 리원,29노9035,3,3,1,360.2124,259.2373,0,0,
38989706,현대,아반떼 AD,1.6 GDI 밸류 플러스,,201701.0,2017,919.0,145590.0,가솔린,오토,ORIGINAL,일반,2025-03-20 13:27:16.000 +09,충남,주식회사 리원,17로4795,3,4,5,155.4292,350.6029,0,0,
39192936,현대,더 뉴 아반떼 (CN7),1.6,인스퍼레이션,202311.0,2024,1364.0,62489.0,가솔린,오토,ORIGINAL,렌트,2025-03-20 13:27:15.000 +09,경기,헬로모터스,196호4687,0,0,0,0.0,0.0,0,0,
38954052,현대,아반떼 하이브리드,HDeII,기본형,200908.0,2010,270.0,249190.0,LPG+전기,오토,ORIGINAL,일반,2025-03-20 13:27:05.000 +09,경기,한마음모터스 대표,13머8462,4,3,6,202.083,98.336,0,0,
39251086,현대,더 뉴 아반떼 AD,1.6 디젤,스마트,201901.0,2019,1250.0,87620.0,디젤,오토,ORIGINAL,일반,2025-03-20 13:27:05.000 +09,경기,한마음모터스 대표,38다2991,0,0,1,0.0,0.0,0,0,
39202993,현대,아반떼 AD,1.6 GDI 밸류 플러스,,201701.0,2017,930.0,102020.0,가솔린,오토,ORIGINAL,일반,2025-03-20 13:27:05.000 +09,경기,한마음모터스 대표,03거2106,0,0,3,0.0,0.0,0,0,
39182216,현대,아반떼 (CN7),1.6,인스퍼레이션,202112.0,2022,2049.0,26801.0,가솔린,오토,ORIGINAL,일반,2025-03-20 13:27:04.000 +09,서울,한마음모터스,259보7643,0,0,0,0.0,0.0,0,0,
39200160,현대,아반떼 (CN7),1.6,인스퍼레이션,202105.0,2021,1840.0,46895.0,가솔린,오토,ORIGINAL,일반,2025-03-20 13:27:04.000 +09,서울,한마음모터스,124조9397,3,3,3,336.8077,323.2722,0,0,
38733802,현대,아반떼 (CN7),1.6 LPi (렌터카),스타일,202102.0,2021,1120.0,124700.0,LPG(일반인 구입),오토,ORIGINAL,일반,2025-03-20 13:26:36.000 +09,경기,(주) 세종모터스,159어3970,0,0,1,0.0,0.0,1,0,
39037649,현대,아반떼 (CN7),1.6,모던,202304.0,2023,1890.0,9843.0,가솔린,CVT,ORIGINAL,일반,2025-03-20 13:26:34.000 +09,경기,스타오토넷,156하8494,0,0,0,0.0,0.0,0,0,
38838137,현대,아반떼 (CN7),1.6,스마트,202012.0,2021,1249.0,91679.0,가솔린,오토,ORIGINAL,일반,2025-03-20 13:26:16.000 +09,경기,so모터스,122수1549,1,2,1,112.2519,192.6727,1,0,
38962940,현대,더 뉴 아반떼 (CN7),1.6,모던,202305.0,2024,2000.0,13500.0,가솔린,오토,ORIGINAL,렌트,2025-03-20 13:26:03.000 +09,경기,,220호3813,0,0,0,0.0,0.0,0,0,
39242647,현대,아반떼 MD,LPI M16 프리미어,,201104.0,2011,550.0,129807.0,LPG(일반인 구입),오토,ORIGINAL,일반,2025-03-20 13:26:02.000 +09,대전,푸른모터스,38더6834,5,3,1,314.917,279.3893,0,0,
38622566,현대,더 뉴 아반떼,1.6 GDi 모던,기본형,201508.0,2016,789.0,76623.0,가솔린,오토,ORIGINAL,일반,2025-03-20 13:25:54.000 +09,충남,성광상사,11오1373,1,0,1,204.14,0.0,0,0,
39138159,현대,아반떼 AD,1.6 e-VGT 스마트,스페셜,201706.0,2018,990.0,111368.0,디젤,오토,ORIGINAL,일반,2025-03-20 13:25:51.000 +09,대전,MS모터스,21거1172,1,0,4,41.0,0.0,0,0,
39116097,현대,아반떼 AD,1.6 GDI 모던,스페셜,201510.0,2016,990.0,91162.0,가솔린,오토,ORIGINAL,일반,2025-03-20 13:25:50.000 +09,대전,MS모터스,57마0533,1,1,1,522.0145,210.5125,0,0,
38308478,현대,아반떼 AD,1.6 e-VGT 스마트,스페셜,201710.0,2018,880.0,113781.0,디젤,오토,ORIGINAL,일반,2025-03-20 13:25:49.000 +09,전북,미라클,27저9694,2,1,1,191.8693,78.7258,0,0,
38998726,현대,아반떼 MD,M16 GDI 스마트,,201307.0,2014,460.0,132753.0,가솔린,오토,ORIGINAL,일반,2025-03-20 13:25:48.000 +09,전북,미라클,124노2791,1,0,5,26.3603,0.0,2,0,
38499192,현대,아반떼 (CN7),1.6,모던,202109.0,2021,1730.0,77193.0,가솔린,오토,ORIGINAL,일반,2025-03-20 13:25:44.000 +09,충북,JC모터스,325수5661,0,0,2,0.0,0.0,1,0,
39213123,현대,아반떼 AD,1.6 GDI 밸류 플러스,,201806.0,2018,1190.0,82356.0,가솔린,오토,ORIGINAL,일반,2025-03-20 13:25:44.000 +09,충북,JC모터스,43더4414,1,0,3,103.656,0.0,1,0,
39100279,현대,아반떼 (CN7),1.6,모던,202005.0,2021,1680.0,40548.0,가솔린,오토,ORIGINAL,일반,2025-03-20 13:25:44.000 +09,충북,JC모터스,269두7882,2,0,0,208.9237,0.0,0,0,
38968653,현대,더 뉴 아반떼 (CN7),1.6,인스퍼레이션,202404.0,2024,2090.0,8381.0,가솔린,오토,ORIGINAL,일반,2025-03-20 13:25:31.000 +09,인천,드림오토상사,227너2082,2,0,2,272.7754,0.0,0,0,
38682489,현대,아반떼 (CN7),1.6,스마트,202104.0,2021,1330.0,80827.0,가솔린,오토,ORIGINAL,일반,2025-03-20 13:25:10.000 +09,대구,우정모터스,342주1746,2,5,2,61.6008,651.0912,1,0,
39138433,현대,아반떼 MD,M16 GDI 탑,,201102.0,2011,399.0,170164.0,가솔린,오토,ORIGINAL,일반,2025-03-20 13:25:03.000 +09,경기,(주)예스카,14노3666,0,0,4,0.0,0.0,0,0,
38731747,현대,아반떼 AD,1.6 GDI 스마트,(세부등급 없음),201610.0,2017,790.0,153316.0,가솔린,오토,ORIGINAL,일반,2025-03-20 13:25:01.000 +09,경남,오토마켓,256두7874,1,0,5,38.4996,0.0,1,0,
39257741,현대,더 뉴 아반떼 AD,1.6,스타일,201811.0,2019,1080.0,92428.0,가솔린,오토,ORIGINAL,일반,2025-03-20 13:25:00.000 +09,경남,오토마켓,21저2961,0,0,1,0.0,0.0,0,0,
39255358,현대,아반떼 (CN7),1.6,모던,202007.0,2021,1680.0,66466.0,가솔린,오토,ORIGINAL,일반,2025-03-20 13:25:00.000 +09,경남,오토마켓,174도5697,2,2,0,135.4,286.3954,0,0,
39154830,현대,더 뉴 아반떼 (CN7),1.6,모던,202401.0,2024,2773.0,23000.0,가솔린,오토,ORIGINAL,렌트,2025-03-20 13:24:55.000 +09,서울,,200호8814,0,0,0,0.0,0.0,0,0,
38054314,현대,더 뉴 아반떼 (CN7),1.6,모던,202305.0,2024,2438.0,23000.0,가솔린,오토,ORIGINAL,렌트,2025-03-20 13:24:53.000 +09,서울,,174호3680,0,0,0,0.0,0.0,0,0,
37304568,현대,아반떼 (CN7),1.6,모던,202301.0,2023,1995.0,24000.0,가솔린,오토,ORIGINAL,렌트,2025-03-20 13:24:49.000 +09,서울,,220호4514,0,0,0,0.0,0.0,0,0,
38109319,현대,더 뉴 아반떼 (CN7),1.6,모던,202404.0,2024,2037.0,4900.0,가솔린,오토,ORIGINAL,렌트,2025-03-20 13:24:47.000 +09,서울,,201호6765,0,1,0,0.0,0.0,0,0,
39036422,현대,더 뉴 아반떼 (CN7),1.6,모던,202308.0,2024,1564.0,8100.0,가솔린,오토,ORIGINAL,렌트,2025-03-20 13:24:47.000 +09,서울,,196호2406,0,0,0,0.0,0.0,0,0,
38953418,현대,더 뉴 아반떼,1.6 GDi 스마트,기본형,201311.0,2014,550.0,130222.0,가솔린,오토,ORIGINAL,일반,2025-03-20 13:24:37.000 +09,충남,남부자동차,53서6574,9,3,3,554.9222,464.784,0,0,
38422389,현대,아반떼 AD,1.6 GDI 밸류 플러스,,201706.0,2018,889.0,128621.0,가솔린,오토,ORIGINAL,일반,2025-03-20 13:24:25.000 +09,대구,월성 자동차상사,05다9362,0,0,1,0.0,0.0,0,0,
39111237,현대,아반떼 MD,M16 GDI 럭셔리,,201207.0,2012,420.0,166278.0,가솔린,오토,ORIGINAL,일반,2025-03-20 13:24:16.000 +09,부산,프로모터스,34조7659,3,2,8,1150.5774,349.5981,0,0,
38939637,현대,아반떼 AD,1.6 GDI 프리미엄,,201510.0,2016,940.0,64331.0,가솔린,오토,ORIGINAL,일반,2025-03-20 13:24:16.000 +09,부산,프로모터스,12마0679,1,1,3,475.7182,56.096,0,0,
38685864,현대,아반떼 MD,M16 GDI 럭셔리,,201010.0,2011,320.0,182050.0,가솔린,오토,ORIGINAL,일반,2025-03-20 13:24:09.000 +09,울산,호호모터스,40수1529,4,2,1,244.0327,149.8278,0,0,
39151940,현대,아반떼 (CN7),1.6,모던,202302.0,2023,1890.0,23855.0,가솔린,오토,ORIGINAL,일반,2025-03-20 13:24:09.000 +09,울산,호호모터스,129가5927,4,5,1,462.9514,643.3773,0,0,
39221139,현대,아반떼 (CN7),1.6,모던,202210.0,2023,1930.0,22974.0,가솔린,오토,ORIGINAL,일반,2025-03-20 13:23:49.000 +09,광주,조이갤러리,201모7380,1,1,3,208.436,36.3,0,0,
39258451,현대,아반떼 HD,1.6 VVT S16,럭셔리,200707.0,2007,320.0,77667.0,가솔린,오토,ORIGINAL,일반,2025-03-20 13:23:44.000 +09,경남,대웅모터스,18무7926,2,1,1,76.0318,31.21,0,0,
39225476,현대,더 뉴 아반떼 (CN7),1.6,인스퍼레이션,202304.0,2024,2380.0,27922.0,가솔린,오토,ORIGINAL,일반,2025-03-20 13:23:42.000 +09,광주,로또자동차,274거4835,0,0,0,0.0,0.0,0,0,
39213141,현대,아반떼 (CN7),1.6 터보 N Line,인스퍼레이션,202205.0,2023,2099.0,55012.0,가솔린,오토,ORIGINAL,일반,2025-03-20 13:23:28.000 +09,경남,(주)Vmotors,354무7880,2,2,1,138.8511,0.0,0,0,
39041423,현대,아반떼 MD,M16 GDI 탑,,201008.0,2011,380.0,185000.0,가솔린,오토,ORIGINAL,일반,2025-03-20 13:23:28.000 +09,경남,(주)Vmotors,18루3849,4,3,6,402.9639,300.7522,0,0,
38623966,현대,더 뉴 아반떼,1.6 GDi 모던,기본형,201503.0,2015,699.0,60506.0,가솔린,오토,ORIGINAL,일반,2025-03-20 13:23:28.000 +09,경남,(주)Vmotors,27보7873,4,0,2,375.6978,0.0,0,0,
38551580,현대,아반떼 MD,M16 GDI 럭셔리,,201203.0,2012,360.0,103000.0,가솔린,오토,ORIGINAL,일반,2025-03-20 13:23:28.000 +09,경남,(주)Vmotors,38조2874,4,1,3,753.3387,282.7178,0,0,
39093542,현대,아반떼 (CN7),1.6,모던,202104.0,2021,1549.0,72000.0,가솔린,오토,ORIGINAL,일반,2025-03-20 13:23:25.000 +09,전북,탑모터스,301어4791,1,2,2,93.7539,123.8239,1,0,
39267695,현대,더 뉴 아반떼 (CN7),1.6,인스퍼레이션,202412.0,2025,2550.0,7547.0,가솔린,오토,ORIGINAL,일반,2025-03-20 13:23:16.000 +09,부산,탑오토모터스,217서9237,0,1,0,0.0,0.0,0,0,
39165060,현대,아반떼 MD,M16 GDI 프리미어,,201106.0,2012,530.0,71853.0,가솔린,오토,ORIGINAL,일반,2025-03-20 13:23:16.000 +09,부산,탑오토모터스,37오7288,1,0,1,34.121,0.0,0,0,
38301242,현대,아반떼 HD,1.6 VVT S16,럭셔리,200812.0,2009,260.0,205430.0,가솔린,오토,ORIGINAL,일반,2025-03-20 13:23:15.000 +09,부산,탑오토모터스,22나6031,2,2,2,110.443,71.1854,0,0,
39243282,현대,아반떼 AD,1.6 GDI 밸류 플러스,,201808.0,2018,1350.0,56840.0,가솔린,오토,ORIGINAL,일반,2025-03-20 13:23:11.000 +09,대구,오토플러스(주),56더4579,2,0,2,135.6348,0.0,1,0,
39189509,현대,아반떼 AD,1.6 GDI 모던,스페셜,201601.0,2016,1260.0,57657.0,가솔린,오토,ORIGINAL,일반,2025-03-20 13:23:11.000 +09,대구,오토플러스(주),42머0819,3,1,3,211.6577,126.593,0,0,
38506404,현대,더 뉴 아반떼 AD,1.6,스마트,201908.0,2020,1199.0,99840.0,가솔린,오토,ORIGINAL,일반,2025-03-20 13:23:11.000 +09,경기,더뉴스마트주식회사,340머2335,1,0,1,0.0,0.0,1,0,
38817771,현대,더 뉴 아반떼 AD,1.6,스마트,201812.0,2019,1460.0,60975.0,가솔린,오토,ORIGINAL,일반,2025-03-20 13:23:10.000 +09,대구,오토플러스(주),51로4967,0,1,1,0.0,45.1833,0,0,
39108445,현대,아반떼 (CN7),1.6,인스퍼레이션,202010.0,2021,2150.0,31438.0,가솔린,오토,ORIGINAL,일반,2025-03-20 13:23:10.000 +09,대구,오토플러스(주),269고7913,2,0,1,103.8644,0.0,0,0,
39201601,현대,아반떼 (CN7),1.6,인스퍼레이션,202205.0,2023,2220.0,35002.0,가솔린,오토,ORIGINAL,일반,2025-03-20 13:23:10.000 +09,대구,오토플러스(주),108고6235,1,0,0,90.7886,0.0,0,0,
39243176,현대,아반떼 (CN7),2.0 N,,202108.0,2022,2580.0,48948.0,가솔린,오토,ORIGINAL,일반,2025-03-20 13:23:10.000 +09,대구,오토플러스(주),209부8413,1,0,1,50.7368,0.0,0,0,
39124499,현대,아반떼 MD,M16 GDI 럭셔리,,201010.0,2011,489.0,104400.0,가솔린,수동,ORIGINAL,일반,2025-03-20 13:23:08.000 +09,대구,제일모터스,15서6375,6,1,2,432.9247,175.2195,0,0,
39174426,현대,아반떼 (CN7),1.6,인스퍼레이션,202007.0,2021,2130.0,22297.0,가솔린,오토,ORIGINAL,일반,2025-03-20 13:23:08.000 +09,광주,로또자동차,306구4626,2,0,1,116.0989,0.0,0,0,
37999889,현대,아반떼 (CN7),1.6,인스퍼레이션,202103.0,2021,2070.0,26198.0,가솔린,오토,ORIGINAL,일반,2025-03-20 13:22:58.000 +09,대구,영수상사,268루2549,2,0,3,119.7747,0.0,0,0,
37518827,현대,아반떼 AD,1.6 GDI 스마트,(세부등급 없음),201603.0,2016,699.0,122985.0,가솔린,오토,ORIGINAL,일반,2025-03-20 13:22:21.000 +09,대전,주 비전모터스,08오0326,4,2,1,847.1465,576.6672,0,0,
38988590,현대,아반떼 AD,1.6 e-VGT 스마트,(세부등급 없음),201602.0,2016,890.0,132391.0,디젤,오토,ORIGINAL,일반,2025-03-20 13:22:12.000 +09,충북,센트럴모터스 ,31두2451,2,1,3,201.6618,51.407,1,0,
39086555,현대,아반떼 하이브리드 (CN7),인스퍼레이션,,202305.0,2023,2580.0,15506.0,가솔린+전기,오토,ORIGINAL,일반,2025-03-20 13:22:06.000 +09,부산,왓카,238마2647,1,0,1,120.567,0.0,1,0,
38402517,현대,아반떼 (CN7),1.6 LPi (렌터카),스마트,202007.0,2021,1250.0,129494.0,LPG(일반인 구입),오토,ORIGINAL,일반,2025-03-20 13:21:54.000 +09,전북,카마트,142누2510,0,1,1,0.0,0.0,1,0,
39260091,현대,아반떼 (CN7),1.6,모던,202103.0,2021,1550.0,77019.0,가솔린,오토,ORIGINAL,일반,2025-03-20 13:21:53.000 +09,전북,카마트,291라9352,1,3,1,154.879,220.4288,1,0,
39100414,현대,아반떼 AD,1.6 GDI 스타일,,201707.0,2018,899.0,16877.0,가솔린,수동,ORIGINAL,일반,2025-03-20 13:21:52.000 +09,경기,차오름모터스,10소5669,4,4,3,286.4156,486.1499,0,0,
38819006,현대,아반떼 (CN7),2.0 N,,202210.0,2022,2599.0,31699.0,가솔린,수동,ORIGINAL,일반,2025-03-20 13:21:51.000 +09,경기,차오름모터스,382다3263,0,1,3,0.0,39.8349,1,0,
38664751,현대,더 뉴 아반떼,1.6 GDi 스타일,,201408.0,2015,720.0,25499.0,가솔린,수동,ORIGINAL,일반,2025-03-20 13:21:51.000 +09,경기,차오름모터스,63마2641,0,2,5,0.0,377.4718,0,0,
38581141,현대,아반떼 (CN7),2.0 N,,202209.0,2023,2620.0,36566.0,가솔린,수동,ORIGINAL,일반,2025-03-20 13:21:51.000 +09,경기,차오름모터스,235서3348,1,0,4,40.116,0.0,0,0,
39025452,현대,더 뉴 아반떼,1.6 VGT 모던,기본형,201406.0,2015,620.0,125666.0,디젤,오토,ORIGINAL,일반,2025-03-20 13:21:51.000 +09,경기,차오름모터스,50마7530,1,3,3,109.674,94.146,0,0,
38769232,현대,더 뉴 아반떼 AD,1.6,스마트,201811.0,2019,1290.0,93399.0,가솔린,오토,ORIGINAL,일반,2025-03-20 13:21:51.000 +09,경기,(주)모터프라자,130수3251,1,0,2,61.9668,0.0,1,0,
38712778,현대,아반떼 (CN7),1.6,인스퍼레이션,202103.0,2021,1870.0,47260.0,가솔린,오토,ORIGINAL,일반,2025-03-20 13:21:36.000 +09,대구,오토플러스(주),195소5974,2,2,1,170.0884,43.4919,0,0,
39179130,현대,아반떼 (CN7),1.6,인스퍼레이션,202009.0,2021,1920.0,75464.0,가솔린,오토,ORIGINAL,일반,2025-03-20 13:21:36.000 +09,대구,오토플러스(주),341러8414,0,0,0,0.0,0.0,0,0,
39210823,현대,아반떼 (CN7),1.6,인스퍼레이션,202011.0,2021,1980.0,66612.0,가솔린,오토,ORIGINAL,일반,2025-03-20 13:21:35.000 +09,대구,오토플러스(주),395무1388,0,0,1,0.0,0.0,0,0,
39210795,현대,더 뉴 아반떼 AD,1.6,스타일,201812.0,2019,1180.0,83398.0,가솔린,오토,ORIGINAL,일반,2025-03-20 13:21:35.000 +09,대구,오토플러스(주),36어9897,1,1,2,69.5454,39.4933,0,0,
39221614,현대,아반떼 AD,1.6 GDI 밸류 플러스,,201808.0,2018,1180.0,90013.0,가솔린,오토,ORIGINAL,일반,2025-03-20 13:21:35.000 +09,대구,오토플러스(주),325우1258,0,0,3,0.0,0.0,1,0,
39201972,현대,아반떼 하이브리드 (CN7),모던,,202206.0,2023,1970.0,86324.0,가솔린+전기,오토,ORIGINAL,일반,2025-03-20 13:21:27.000 +09,경북,부릉부릉닷컴(주),127주5931,1,0,1,67.5784,0.0,1,0,
39244704,현대,아반떼 하이브리드 (CN7),모던,,202105.0,2021,2050.0,52090.0,가솔린+전기,오토,ORIGINAL,일반,2025-03-20 13:21:27.000 +09,경북,부릉부릉닷컴(주),152버4781,2,0,1,132.2714,0.0,1,0,
38081562,현대,더 뉴 아반떼 AD,1.6,스마트,201912.0,2020,1230.0,119655.0,가솔린,오토,ORIGINAL,일반,2025-03-20 13:21:27.000 +09,경북,부릉부릉닷컴(주),303수9672,1,0,1,35.5042,0.0,1,0,
39246692,현대,아반떼 (CN7),1.6,모던,202005.0,2021,1680.0,49845.0,가솔린,오토,ORIGINAL,일반,2025-03-20 13:21:27.000 +09,경북,부릉부릉닷컴(주),107버5259,1,0,1,71.9084,0.0,0,0,
38893680,현대,아반떼 (CN7),1.6,모던,202012.0,2021,1680.0,76620.0,가솔린,오토,ORIGINAL,일반,2025-03-20 13:21:27.000 +09,경북,부릉부릉닷컴(주),359구7092,0,0,1,0.0,0.0,1,0,
38252122,현대,더 뉴 아반떼 AD,1.6,스마트 초이스,201907.0,2020,1220.0,93672.0,가솔린,오토,ORIGINAL,일반,2025-03-20 13:21:26.000 +09,경북,부릉부릉닷컴(주),396라2078,3,1,2,185.7654,65.1933,1,0,
39132818,현대,아반떼 AD,1.6 GDI 밸류 플러스,,201709.0,2018,790.0,123935.0,가솔린,오토,ORIGINAL,일반,2025-03-20 13:21:17.000 +09,부산,제일모터스,09거6315,5,0,1,598.3979,0.0,0,0,
38640912,현대,더 뉴 아반떼 AD,1.6,스마트,201911.0,2020,1370.0,48101.0,가솔린,오토,ORIGINAL,일반,2025-03-20 13:21:16.000 +09,경기,하나모터스,264라6320,0,0,4,0.0,0.0,1,0,
38671766,현대,아반떼 AD,1.6 GDI 밸류 플러스,,201802.0,2018,780.0,155469.0,가솔린,오토,ORIGINAL,일반,2025-03-20 13:21:16.000 +09,부산,제일모터스,149거6533,1,0,2,39.123,0.0,2,0,
39029388,현대,더 뉴 아반떼 AD,1.6,스마트,201905.0,2019,1070.0,120345.0,가솔린,오토,ORIGINAL,일반,2025-03-20 13:21:16.000 +09,경기,하나모터스,164더8085,0,2,3,0.0,194.2653,1,0,
39254639,현대,아반떼 AD,1.6 e-VGT 스마트,스페셜,201702.0,2017,950.0,83213.0,디젤,오토,ORIGINAL,일반,2025-03-20 13:21:13.000 +09,부산,경영상사,28머0346,1,1,1,87.8,69.14,0,0,
36519321,현대,아반떼 AD,1.6 터보 스포츠,(세부등급 없음),201703.0,2017,1080.0,52369.0,가솔린,수동,ORIGINAL,일반,2025-03-20 13:21:12.000 +09,경기,고릴라모터스,153모4009,0,0,4,0.0,0.0,1,0,
39254508,현대,아반떼 (CN7),1.6,인스퍼레이션,202103.0,2021,1980.0,33061.0,가솔린,오토,ORIGINAL,일반,2025-03-20 13:21:03.000 +09,경남,점보모터스,332어2219,1,0,0,182.475,0.0,0,0,
39195243,현대,아반떼 AD,1.6 터보 스포츠,(세부등급 없음),201707.0,2018,990.0,87161.0,가솔린,수동,ORIGINAL,일반,2025-03-20 13:20:40.000 +09,경기,다모아모터스,07오8660,0,0,5,0.0,0.0,0,0,
38952841,현대,아반떼 AD,1.6 GDI 스마트,스페셜,201604.0,2016,850.0,145337.0,가솔린,오토,ORIGINAL,일반,2025-03-20 13:20:39.000 +09,대구,한길모터스,24로0913,5,3,2,287.0279,237.7901,0,0,
37922549,현대,올 뉴 아반떼,1.5 스페셜,,199809.0,1998,220.0,126000.0,가솔린,오토,ORIGINAL,일반,2025-03-20 13:20:28.000 +09,대구,스마트카,69라2659,0,1,2,0.0,44.8829,1,0,
38507800,현대,아반떼 AD,1.6 GDI 밸류 플러스,,201802.0,2018,1090.0,92611.0,가솔린,오토,ORIGINAL,일반,2025-03-20 13:20:26.000 +09,부산,(주)오영모터스,29모1537,4,1,2,226.3015,103.06,0,0,
39086228,현대,아반떼 MD,M16 GDI 디럭스,,201206.0,2012,370.0,141888.0,가솔린,오토,ORIGINAL,일반,2025-03-20 13:20:23.000 +09,부산,준이카,68저1760,9,4,4,459.5543,127.3798,1,0,
39160129,현대,아반떼 (CN7),1.6 LPi (렌터카),스마트,202105.0,2021,1270.0,103529.0,LPG(일반인 구입),오토,ORIGINAL,일반,2025-03-20 13:20:12.000 +09,경기,차다운차,386고1409,0,0,3,0.0,0.0,1,0,
39185195,현대,더 뉴 아반떼 AD,1.6,스마트,201811.0,2019,1370.0,80502.0,가솔린,오토,ORIGINAL,일반,2025-03-20 13:20:12.000 +09,경기,차다운차,10우3956,0,0,3,0.0,0.0,0,0,
39256912,현대,아반떼 (CN7),1.6,모던,202202.0,2022,1750.0,60068.0,가솔린,오토,ORIGINAL,일반,2025-03-20 13:19:33.000 +09,서울,삼진,119저9473,0,1,1,0.0,103.82,0,0,
38865719,현대,더 뉴 아반떼 AD,1.6,스마트,201911.0,2020,1230.0,109513.0,가솔린,오토,ORIGINAL,일반,2025-03-20 13:19:33.000 +09,대전,엔케이모터스주식회사,157조9320,3,0,1,356.4319,0.0,0,0,
38865745,현대,아반떼 AD,1.6 GDI 스타일,,201709.0,2018,830.0,143282.0,가솔린,오토,ORIGINAL,일반,2025-03-20 13:19:33.000 +09,대전,엔케이모터스주식회사,167구1526,1,1,4,8.377,210.0,1,0,
38911918,현대,더 뉴 아반떼,1.6 GDi 스마트,기본형,201504.0,2016,690.0,95934.0,가솔린,오토,ORIGINAL,일반,2025-03-20 13:19:33.000 +09,대전,엔케이모터스주식회사,51마1543,5,3,1,251.8048,401.29,0,0,
37330968,현대,더 뉴 아반떼 AD,1.6,프리미엄,201912.0,2020,1190.0,46405.0,가솔린,오토,ORIGINAL,일반,2025-03-20 13:19:27.000 +09,경남,남원모터스,126머6572,1,0,1,370.72,0.0,1,0,
38007862,현대,아반떼 MD,M16 GDI 스마트,,201210.0,2013,479.0,101711.0,가솔린,오토,ORIGINAL,일반,2025-03-20 13:19:15.000 +09,서울,주식회사 대운모터스,29수6337,2,0,2,78.5259,0.0,0,0,
37393920,현대,아반떼 AD,1.6 GDI 밸류 플러스,,201805.0,2018,899.0,145137.0,가솔린,오토,ORIGINAL,일반,2025-03-20 13:19:08.000 +09,전북,태양모터스,241버1395,2,8,2,284.7539,600.6761,1,0,
38175968,현대,더 뉴 아반떼 (CN7),1.6 LPi,인스퍼레이션,202408.0,2025,2740.0,631.0,LPG(일반인 구입),오토,ORIGINAL,일반,2025-03-20 13:19:08.000 +09,전북,태양모터스,370수2371,0,0,1,0.0,0.0,0,0,
39246822,현대,아반떼 AD,1.6 GDI 밸류 플러스,,201706.0,2018,1120.0,87234.0,가솔린,오토,ORIGINAL,일반,2025-03-20 13:19:02.000 +09,부산,차순이모터스,48노9395,0,2,4,0.0,198.5448,0,0,
38998072,현대,더 뉴 아반떼,1.6 GDi 스마트,기본형,201309.0,2014,619.0,98690.0,가솔린,오토,ORIGINAL,일반,2025-03-20 13:18:53.000 +09,대구,(주)하나카즈,12모7171,1,1,3,41.7098,225.3715,0,0,
39173021,현대,아반떼 MD,M16 GDI 모던,,201211.0,2013,499.0,139937.0,가솔린,오토,ORIGINAL,일반,2025-03-20 13:18:53.000 +09,대구,(주)하나카즈,67머1092,1,0,1,52.7403,0.0,0,0,
39231505,현대,아반떼 AD,1.6 GDI 밸류 플러스,,201610.0,2017,995.0,78105.0,가솔린,오토,ORIGINAL,일반,2025-03-20 13:18:53.000 +09,대구,(주)하나카즈,46수0203,1,1,1,82.5708,79.4302,0,0,
39076324,현대,아반떼 MD,M16 GDI 스마트,,201304.0,2013,625.0,70473.0,가솔린,오토,ORIGINAL,일반,2025-03-20 13:18:53.000 +09,대구,(주)하나카즈,28노8240,3,0,1,129.8678,0.0,0,0,
38968301,현대,아반떼 AD,1.6 GDI 스마트,(세부등급 없음),201512.0,2016,1099.0,42041.0,가솔린,오토,ORIGINAL,일반,2025-03-20 13:18:52.000 +09,대구,(주)하나카즈,67거0512,2,0,1,61.7712,0.0,0,0,
38826245,현대,더 뉴 아반떼,1.6 GDi 스마트,기본형,201308.0,2014,599.0,80410.0,가솔린,오토,ORIGINAL,일반,2025-03-20 13:18:52.000 +09,대구,(주)하나카즈,67루7535,4,0,2,495.5349,0.0,0,0,
37720946,현대,더 뉴 아반떼,1.6 GDi 스마트,기본형,201312.0,2014,575.0,87664.0,가솔린,오토,ORIGINAL,일반,2025-03-20 13:18:52.000 +09,대구,(주)하나카즈,29도2674,1,2,3,151.6,96.3764,1,0,
39193984,현대,아반떼 MD,M16 GDI 럭셔리,,201009.0,2011,455.0,112945.0,가솔린,오토,ORIGINAL,일반,2025-03-20 13:18:52.000 +09,대구,(주)하나카즈,24도5930,1,0,1,49.171,0.0,0,0,
39175488,현대,아반떼 HD,1.6 VVT S16,럭셔리,200801.0,2008,320.0,94942.0,가솔린,오토,ORIGINAL,일반,2025-03-20 13:18:52.000 +09,대구,(주)하나카즈,39루1748,1,2,0,43.4578,44.011,0,0,
38886689,현대,아반떼 AD,1.6 GDI 밸류 플러스,,201610.0,2017,770.0,103934.0,가솔린,오토,ORIGINAL,일반,2025-03-20 13:18:37.000 +09,대구,프로모터스,68조0159,4,2,5,1011.0663,259.3065,0,0,
39254731,현대,아반떼 하이브리드 (CN7),인스퍼레이션,,202101.0,2021,2150.0,89697.0,가솔린+전기,오토,ORIGINAL,일반,2025-03-20 13:18:29.000 +09,경기,카메이트,384고1447,0,0,1,0.0,0.0,0,0,
38113761,현대,아반떼 MD,M16 GDI 블루세이버,,201201.0,2012,480.0,140960.0,가솔린,오토,ORIGINAL,일반,2025-03-20 13:18:17.000 +09,대구,산모터스,51오7504,2,0,2,98.7023,0.0,0,0,
39146059,현대,더 뉴 아반떼,1.6 VGT 모던,기본형,201410.0,2015,650.0,168885.0,디젤,오토,ORIGINAL,일반,2025-03-20 13:18:14.000 +09,부산,(주)연제 모터스,37주1408,2,2,1,166.27,185.705,0,0,
39105611,현대,아반떼 HD,1.6 VVT S16,럭셔리,200803.0,2008,350.0,158000.0,가솔린,오토,ORIGINAL,일반,2025-03-20 13:18:14.000 +09,부산,(주)연제 모터스,23라2291,2,4,1,238.0554,137.2353,0,0,
38796546,현대,아반떼 (CN7),1.6,인스퍼레이션,202211.0,2023,2230.0,15943.0,가솔린,오토,ORIGINAL,일반,2025-03-20 13:18:08.000 +09,광주,(주)더불어모터스,386무6258,0,0,3,0.0,0.0,0,0,
38889393,현대,아반떼 MD,M16 GDI 모던,,201212.0,2013,653.0,72905.0,가솔린,오토,ORIGINAL,일반,2025-03-20 13:18:08.000 +09,광주,(주)더불어모터스,67가8704,1,1,1,33.29,35.63,0,0,
38590715,현대,아반떼 (CN7),1.6,스마트,202104.0,2021,1130.0,132993.0,가솔린,오토,ORIGINAL,일반,2025-03-20 13:18:07.000 +09,대전,대상자동차,342주1723,1,2,2,53.207,182.5763,1,0,
39211287,현대,아반떼 (CN7),1.6,모던,202104.0,2021,1470.0,86173.0,가솔린,오토,ORIGINAL,일반,2025-03-20 13:18:07.000 +09,대전,대상자동차,227오3952,1,0,1,620.0149,0.0,1,0,
39211142,현대,아반떼 (CN7),1.6 LPi (렌터카),스마트,202105.0,2021,1330.0,102961.0,LPG(일반인 구입),오토,ORIGINAL,일반,2025-03-20 13:18:07.000 +09,대전,대상자동차,386고1452,2,0,2,92.6468,0.0,1,0,
39058604,현대,아반떼 AD,1.6 LPI 스마트(렌터카),,201807.0,2018,890.0,114364.0,LPG(일반인 구입),오토,ORIGINAL,일반,2025-03-20 13:18:07.000 +09,대전,대상자동차,124다5051,2,1,2,77.9628,57.751,1,0,
38682200,현대,아반떼 MD,M16 GDI 럭셔리,,201009.0,2011,360.0,154900.0,가솔린,오토,ORIGINAL,일반,2025-03-20 13:18:03.000 +09,서울,피닉스모터스(주),68수4942,6,3,3,650.3275,341.9708,0,0,
38936923,현대,아반떼 (CN7),1.6,모던,202201.0,2022,1720.0,66575.0,가솔린,오토,ORIGINAL,일반,2025-03-20 13:18:02.000 +09,부산,주식회사 하나오토,154버4772,3,0,1,285.8844,0.0,1,0,
39155215,현대,더 뉴 아반떼,1.6 GDi 프리미엄,기본형,201311.0,2014,750.0,123938.0,가솔린,오토,ORIGINAL,일반,2025-03-20 13:18:02.000 +09,전북,(유)카카오토샵,43누6765,0,0,2,0.0,0.0,0,0,
38703675,현대,아반떼 MD,M16 GDI 럭셔리,,201112.0,2012,490.0,79153.0,가솔린,오토,ORIGINAL,일반,2025-03-20 13:18:01.000 +09,전북,(유)카카오토샵,43소8369,5,1,1,280.2703,67.103,0,0,
39234757,현대,아반떼 AD,1.6 GDI 스타일,,201801.0,2018,790.0,110000.0,가솔린,오토,ORIGINAL,일반,2025-03-20 13:17:59.000 +09,광주,신미래모터스,255라6366,1,0,1,165.7834,0.0,1,0,
39095491,현대,아반떼 MD,M16 GDI 럭셔리,,201107.0,2012,499.0,52339.0,가솔린,오토,ORIGINAL,일반,2025-03-20 13:17:47.000 +09,전북,태양모터스,49오4727,1,0,1,53.546,0.0,0,0,
39104639,현대,아반떼 (CN7),1.6,모던,202007.0,2021,1499.0,18703.0,가솔린,오토,ORIGINAL,일반,2025-03-20 13:17:21.000 +09,서울,(뉴)케이스페이스,238나1230,0,1,1,0.0,40.0,1,0,
39134106,현대,더 뉴 아반떼 AD,1.6,스타일,201901.0,2019,1340.0,66769.0,가솔린,오토,ORIGINAL,일반,2025-03-20 13:17:18.000 +09,경기,중부상사,122고4853,0,2,2,0.0,84.8638,1,0,
38546512,현대,아반떼 AD,1.6 GDI 스마트,(세부등급 없음),201601.0,2016,680.0,162174.0,가솔린,오토,ORIGINAL,일반,2025-03-20 13:17:18.000 +09,경기,중부상사,02노0745,4,3,2,417.5272,461.834,0,0,
39084757,현대,아반떼 (CN7),1.6,모던,202007.0,2021,1650.0,59658.0,가솔린,오토,ORIGINAL,일반,2025-03-20 13:17:18.000 +09,경기,중부상사,273라8702,0,0,1,0.0,0.0,1,0,
38991085,현대,아반떼 AD,1.6 GDI 밸류 플러스,,201808.0,2018,1330.0,21793.0,가솔린,오토,ORIGINAL,일반,2025-03-20 13:17:05.000 +09,서울,(주)자동차친구,68서3684,1,1,1,55.024,83.929,0,0,
39208690,현대,아반떼 AD,1.6 GDI 프리미엄,,201510.0,2016,1180.0,116559.0,가솔린,오토,ORIGINAL,일반,2025-03-20 13:17:02.000 +09,대구,카스토리,42도3042,3,0,4,202.7205,0.0,0,0,
38854120,현대,아반떼 (CN7),1.6 터보 N Line,인스퍼레이션,202301.0,2023,2350.0,43611.0,가솔린,오토,ORIGINAL,일반,2025-03-20 13:16:42.000 +09,경기,(주)무한모터스,150두8715,2,2,1,115.7129,133.794,0,0,
39238706,현대,더 뉴 아반떼 AD,1.6,스마트 초이스,201910.0,2020,1320.0,61404.0,가솔린,오토,ORIGINAL,일반,2025-03-20 13:16:17.000 +09,부산,NA MOTORS,351어7912,2,1,2,218.0909,42.6674,0,0,
37866666,현대,더 뉴 아반떼 하이브리드 (CN7),인스퍼레이션,,202312.0,2024,2890.0,6433.0,가솔린+전기,오토,ORIGINAL,일반,2025-03-20 13:16:17.000 +09,부산,NA MOTORS,306가3299,0,0,1,0.0,0.0,0,0,
38781086,현대,아반떼 MD,M16 GDI 프리미어,,201101.0,2011,380.0,194031.0,가솔린,오토,ORIGINAL,일반,2025-03-20 13:15:57.000 +09,전북,원모터스,13소4829,4,2,5,264.036,53.095,0,0,
37366860,현대,아반떼 AD,1.6 GDI 스타일,,201606.0,2017,860.0,83296.0,가솔린,오토,ORIGINAL,일반,2025-03-20 13:15:36.000 +09,경기,더뉴스마트주식회사,224도3016,1,0,3,53.505,0.0,1,0,
38240051,현대,아반떼 HD,1.6 VVT S16,럭셔리,200812.0,2009,239.0,79538.0,가솔린,오토,ORIGINAL,일반,2025-03-20 13:15:17.000 +09,대전,(주)도담모터스,12보8432,4,4,2,338.4594,233.743,0,0,
39036147,현대,더 뉴 아반떼 (CN7),1.6,모던,202410.0,2025,2290.0,7101.0,가솔린,오토,ORIGINAL,일반,2025-03-20 13:15:12.000 +09,대구,샛별자동차상사,253머9009,1,0,1,38.512,0.0,1,0,
39239969,현대,더 뉴 아반떼 (CN7),2.0 N,,202207.0,2023,2580.0,17551.0,가솔린,오토,ORIGINAL,일반,2025-03-20 13:15:07.000 +09,울산,(주)자동차마을아빠상사,160보1321,2,1,3,341.5204,147.3489,0,0,
39123463,현대,아반떼 AD,1.6 터보 스포츠,오리지널,201706.0,2018,970.0,131448.0,가솔린,수동,ORIGINAL,일반,2025-03-20 13:15:07.000 +09,울산,(주)자동차마을아빠상사,45다8296,1,0,1,92.7943,0.0,0,0,
39197042,현대,더 뉴 아반떼 AD,1.6,스타일,201904.0,2019,1180.0,69554.0,가솔린,오토,ORIGINAL,일반,2025-03-20 13:15:03.000 +09,부산,(주)차순이모터스,13노9417,1,0,1,155.68,0.0,0,0,
39179803,현대,아반떼 MD,M16 GDI 스타일,,201212.0,2013,390.0,156110.0,가솔린,오토,ORIGINAL,일반,2025-03-20 13:15:03.000 +09,경기,위드카,43고4233,2,3,5,169.1147,177.5126,0,0,
38931114,현대,더 뉴 아반떼,1.6 GDi 스마트,기본형,201312.0,2014,450.0,166271.0,가솔린,오토,ORIGINAL,일반,2025-03-20 13:14:45.000 +09,경기,주식회사 현대상사,45조2851,4,0,1,140.114,0.0,0,0,
39249697,현대,더 뉴 아반떼 AD,1.6,스마트,202001.0,2020,1370.0,68034.0,가솔린,오토,ORIGINAL,일반,2025-03-20 13:14:45.000 +09,경기,주식회사 현대상사,230무7817,2,0,3,176.588,0.0,0,0,
39018352,현대,아반떼 MD,M16 GDI 프리미어,,201109.0,2012,570.0,75354.0,가솔린,오토,ORIGINAL,일반,2025-03-20 13:14:30.000 +09,서울,마루자동차,69우6437,4,2,2,257.006,194.9978,0,0,
39257237,현대,아반떼 AD,1.6 GDI 밸류 플러스,,201610.0,2017,750.0,179551.0,가솔린,오토,ORIGINAL,일반,2025-03-20 13:14:13.000 +09,광주,드림카마켓,66우0371,2,0,1,138.1303,0.0,0,0,
38802786,현대,아반떼 MD,M16 GDI 프리미어,,201105.0,2011,490.0,48580.0,가솔린,오토,ORIGINAL,일반,2025-03-20 13:14:03.000 +09,울산,준파크,55거4674,7,4,3,510.2988,391.9856,0,0,
38836201,현대,아반떼 MD,M16 GDI 프리미어,,201202.0,2012,470.0,135069.0,가솔린,오토,ORIGINAL,일반,2025-03-20 13:14:01.000 +09,울산,에스다이렉트카,56나8582,1,1,6,33.632,78.3573,0,0,
39275908,현대,아반떼 MD,M16 GDI 에비뉴,,201308.0,2014,449.0,100893.0,가솔린,오토,ORIGINAL,일반,2025-03-20 13:13:55.000 +09,경기,클린오토,15모8892,3,0,0,253.703,0.0,0,0,
39175270,현대,아반떼 AD,1.6 e-VGT 스마트,(세부등급 없음),201604.0,2016,629.0,169341.0,디젤,오토,ORIGINAL,일반,2025-03-20 13:13:55.000 +09,경기,클린오토,68조0566,3,1,2,257.6396,108.5399,0,0,
39175209,현대,아반떼 AD,1.6 LPI 스타일(렌터카),,201603.0,2016,649.0,147772.0,LPG(일반인 구입),오토,ORIGINAL,일반,2025-03-20 13:13:54.000 +09,경기,클린오토,276거3140,0,2,6,0.0,771.5655,1,0,
39115073,현대,아반떼 AD,1.6 LPI 스마트(렌터카),,201703.0,2017,639.0,180181.0,LPG(일반인 구입),오토,ORIGINAL,일반,2025-03-20 13:13:53.000 +09,경기,클린오토,165보7851,2,0,5,83.0745,0.0,1,0,
39112814,현대,아반떼 (CN7),1.6,모던,202007.0,2021,1659.0,39619.0,가솔린,오토,ORIGINAL,일반,2025-03-20 13:13:43.000 +09,부산,뉴에스케이상사,302수2383,0,0,1,0.0,0.0,1,0,
39148608,현대,아반떼 (CN7),1.6,모던,202105.0,2021,1629.0,64300.0,가솔린,오토,ORIGINAL,일반,2025-03-20 13:13:42.000 +09,부산,뉴에스케이상사,125루7580,0,1,1,0.0,893.43,1,0,
38425855,현대,아반떼 (CN7),1.6,모던,202210.0,2023,1880.0,41309.0,가솔린,오토,ORIGINAL,일반,2025-03-20 13:13:42.000 +09,부산,뉴에스케이상사,388저9281,0,0,1,0.0,0.0,1,0,
39147656,현대,아반떼 AD,1.6 GDI 모던,(세부등급 없음),201512.0,2016,1098.0,46898.0,가솔린,오토,ORIGINAL,일반,2025-03-20 13:13:28.000 +09,경기,클린오토,19버0306,5,1,1,469.924,0.0,0,0,
39145799,현대,아반떼 MD,M16 GDI 럭셔리,,201108.0,2012,480.0,81848.0,가솔린,오토,ORIGINAL,일반,2025-03-20 13:13:17.000 +09,경남,우신자동차매매상사,43고5194,1,1,2,188.7303,470.9472,0,0,
39083458,현대,아반떼 AD,1.6 GDI 밸류 플러스,,201710.0,2018,1050.0,98240.0,가솔린,오토,ORIGINAL,일반,2025-03-20 13:13:02.000 +09,대구,ST모터스,380저2731,0,0,5,0.0,0.0,1,0,
39241380,현대,아반떼 (CN7),1.6,스마트,202103.0,2021,1300.0,78040.0,가솔린,오토,ORIGINAL,일반,2025-03-20 13:12:44.000 +09,울산,주)마이카페이지울산,149호6897,0,0,0,0.0,0.0,0,0,
39171383,현대,아반떼 (CN7),1.6,인스퍼레이션,202301.0,2023,2180.0,16048.0,가솔린,오토,ORIGINAL,일반,2025-03-20 13:12:42.000 +09,서울,(주)한마음모터스,255마7321,1,0,1,174.1908,0.0,0,0,
39083974,현대,아반떼 (CN7),1.6,모던,202010.0,2021,1550.0,71819.0,가솔린,오토,ORIGINAL,일반,2025-03-20 13:12:42.000 +09,서울,(주)한마음모터스,269저1921,2,0,2,289.2479,0.0,0,0,
39111063,현대,아반떼 (CN7),1.6,인스퍼레이션,202008.0,2021,1799.0,63147.0,가솔린,오토,ORIGINAL,일반,2025-03-20 13:12:42.000 +09,서울,(주)한마음모터스,135보3665,3,1,0,398.07,170.611,0,0,
39019244,현대,아반떼 (CN7),1.6,인스퍼레이션,202010.0,2021,1799.0,76057.0,가솔린,오토,ORIGINAL,일반,2025-03-20 13:12:42.000 +09,서울,(주)한마음모터스,105머4099,1,1,3,59.352,74.3159,0,0,
39084960,현대,아반떼 AD,1.6 GDI 스마트,(세부등급 없음),201606.0,2017,970.0,80126.0,가솔린,오토,ORIGINAL,일반,2025-03-20 13:12:33.000 +09,대전,(주)로또자동차,14구0801,6,4,4,398.3704,697.317,0,0,
38978329,현대,아반떼 AD,1.6 GDI 밸류 플러스,,201707.0,2018,1190.0,58150.0,가솔린,오토,ORIGINAL,일반,2025-03-20 13:12:23.000 +09,충북,명성자동차매매상사,61부8767,3,2,1,251.5355,229.778,0,0,
38267255,현대,아반떼 HD,1.6 VVT S16,월드컵 스페셜 에디션,201008.0,2010,350.0,115362.0,가솔린,오토,ORIGINAL,일반,2025-03-20 13:12:09.000 +09,대구,(주)비엔비모터스,49더5245,4,1,2,614.7539,34.5484,0,0,
37920877,현대,아반떼 AD,1.6 GDI 밸류 플러스,,201707.0,2018,1250.0,39663.0,가솔린,오토,ORIGINAL,일반,2025-03-20 13:12:09.000 +09,대구,(주)비엔비모터스,54마4284,2,3,1,91.7774,157.521,0,0,
38881940,현대,아반떼 (CN7),1.6,모던,202008.0,2021,1259.0,129422.0,가솔린,오토,ORIGINAL,일반,2025-03-20 13:12:03.000 +09,대구,길모터스,234모7338,0,0,1,0.0,0.0,1,0,
38711513,현대,아반떼 (CN7),1.6,모던,202007.0,2021,1299.0,135186.0,가솔린,오토,ORIGINAL,일반,2025-03-20 13:12:03.000 +09,대구,길모터스,139구7935,1,1,1,292.1701,135.483,1,0,
38830179,현대,아반떼 (CN7),1.6,모던,202007.0,2021,1249.0,136335.0,가솔린,오토,ORIGINAL,일반,2025-03-20 13:12:03.000 +09,대구,길모터스,139구7950,0,6,1,0.0,241.2827,1,0,
38700057,현대,아반떼 (CN7),1.6,모던,202007.0,2021,1279.0,131022.0,가솔린,오토,ORIGINAL,일반,2025-03-20 13:12:03.000 +09,대구,길모터스,139구7905,2,0,1,77.9956,0.0,1,0,
38840691,현대,아반떼 (CN7),1.6,모던,202004.0,2021,1199.0,112575.0,가솔린,오토,ORIGINAL,일반,2025-03-20 13:12:03.000 +09,대구,길모터스,234모7357,2,0,1,358.8714,0.0,1,0,
38095882,현대,더 뉴 아반떼,1.6 GDi 스마트,기본형,201406.0,2015,568.0,161358.0,가솔린,오토,ORIGINAL,일반,2025-03-20 13:12:03.000 +09,대구,길모터스,49거2577,2,4,3,326.2873,622.8972,1,0,
38772654,현대,아반떼 (CN7),1.6,모던,202008.0,2021,1230.0,123241.0,가솔린,오토,ORIGINAL,일반,2025-03-20 13:12:03.000 +09,대구,길모터스,234모7359,2,0,1,124.347,0.0,2,0,
39130862,현대,더 뉴 아반떼 AD,1.6 LPi,스마트(렌터카용),201908.0,2020,1250.0,52172.0,LPG(일반인 구입),오토,ORIGINAL,일반,2025-03-20 13:11:22.000 +09,충남,행운자동차매매상사,140너9379,0,0,2,0.0,0.0,1,0,
39062658,현대,아반떼 AD,1.6 GDI 밸류 플러스,,201809.0,2018,1250.0,73172.0,가솔린,오토,ORIGINAL,일반,2025-03-20 13:11:22.000 +09,충남,행운자동차매매상사,221우5381,0,0,2,0.0,0.0,1,0,
39244629,현대,아반떼 AD,1.6 GDI 밸류 플러스,,201803.0,2018,1250.0,38009.0,가솔린,오토,ORIGINAL,일반,2025-03-20 13:11:20.000 +09,광주,로또자동차,51조1292,1,0,2,91.6939,0.0,0,0,
38619059,현대,더 뉴 아반떼,1.6 GDi 모던,기본형,201409.0,2015,690.0,124295.0,가솔린,오토,ORIGINAL,일반,2025-03-20 13:11:20.000 +09,광주,로또자동차,63수9473,2,1,1,106.131,54.4,0,0,
38502014,현대,아반떼 AD,1.6 GDI 밸류 플러스,,201611.0,2017,980.0,124497.0,가솔린,오토,ORIGINAL,일반,2025-03-20 13:11:06.000 +09,경기,달인중고차,51조0180,2,1,1,64.8463,543.321,0,0,
38743953,현대,아반떼 MD,M16 GDI 럭셔리,,201207.0,2012,540.0,120338.0,가솔린,오토,ORIGINAL,일반,2025-03-20 13:11:06.000 +09,경기,달인중고차,19거6279,1,1,1,57.1503,76.794,0,0,
38406388,현대,아반떼 AD,1.6 GDI 모던,(세부등급 없음),201510.0,2016,980.0,118608.0,가솔린,오토,ORIGINAL,일반,2025-03-20 13:11:06.000 +09,경기,달인중고차,24노4042,0,0,1,0.0,0.0,0,0,
38490859,현대,아반떼 MD,M16 GDI 럭셔리,,201010.0,2011,580.0,86903.0,가솔린,오토,ORIGINAL,일반,2025-03-20 13:11:06.000 +09,경기,달인중고차,33도6133,2,0,1,53.3,0.0,0,0,
39139224,현대,아반떼 (CN7),1.6,인스퍼레이션,202009.0,2021,1960.0,38680.0,가솔린,오토,ORIGINAL,일반,2025-03-20 13:11:03.000 +09,부산,(주)오토라인모터스,371라1265,2,0,1,115.4708,0.0,0,0,
39046968,현대,더 뉴 아반떼,1.6 VGT 프리미엄,기본형,201408.0,2015,580.0,119903.0,디젤,오토,ORIGINAL,일반,2025-03-20 13:11:03.000 +09,부산,더 클래스 오토,07어4684,2,0,1,295.7581,0.0,1,0,
38524797,현대,아반떼 AD,1.6 GDI 프리미엄,,201801.0,2018,890.0,79293.0,가솔린,오토,ORIGINAL,일반,2025-03-20 13:11:03.000 +09,경기,열정모터스,07어6516,2,1,2,924.0821,714.6596,0,0,
38763851,현대,아반떼 (CN7),1.6,모던,202109.0,2022,1780.0,28242.0,가솔린,오토,ORIGINAL,일반,2025-03-20 13:10:59.000 +09,대구,위너모터스,323가1682,0,0,1,0.0,0.0,1,0,
39150719,현대,아반떼 AD,1.6 GDI 스타일,,201608.0,2017,799.0,117031.0,가솔린,오토,ORIGINAL,일반,2025-03-20 13:10:45.000 +09,대구,우주모터스,102너7719,0,0,2,0.0,0.0,1,0,
38988891,현대,아반떼 (CN7),1.6,모던,202101.0,2021,1669.0,25766.0,가솔린,오토,ORIGINAL,일반,2025-03-20 13:10:34.000 +09,부산,연합모터스,316도3006,0,1,1,0.0,496.029,1,0,
39116188,현대,아반떼 AD,1.6 GDI 모던,스페셜,201606.0,2017,999.0,118855.0,가솔린,오토,ORIGINAL,일반,2025-03-20 13:10:28.000 +09,부산,(주)우진오토모빌,34수1844,1,0,1,119.1203,0.0,0,0,
39185254,현대,아반떼 (CN7),1.6 LPi (렌터카),스마트,202011.0,2021,1290.0,126832.0,LPG(일반인 구입),오토,ORIGINAL,일반,2025-03-20 13:10:07.000 +09,대전,비앤비모터스,125루7560,0,1,1,0.0,73.4536,1,0,
39274245,현대,아반떼 (CN7),1.6 LPi (렌터카),스타일,202010.0,2021,1090.0,102400.0,LPG(일반인 구입),오토,ORIGINAL,일반,2025-03-20 13:10:05.000 +09,경기,주식회사 썬모터스 ,377루9076,1,0,2,85.0661,0.0,1,0,
39180044,현대,아반떼 MD,LPI M16 스마트,,201304.0,2013,390.0,176420.0,LPG(일반인 구입),오토,ORIGINAL,일반,2025-03-20 13:09:58.000 +09,대구,Sb모터스,38두8647,3,2,1,197.8443,255.2061,0,0,
37873826,현대,더 뉴 아반떼,1.6 GDi 스마트,기본형,201505.0,2016,599.0,159458.0,가솔린,오토,ORIGINAL,일반,2025-03-20 13:09:31.000 +09,전북,뉴 매일모터스,58노9317,2,1,1,233.1098,32.5897,0,0,
38632640,현대,더 뉴 아반떼 AD,1.6,스마트,201910.0,2020,1390.0,49839.0,가솔린,오토,ORIGINAL,일반,2025-03-20 13:09:29.000 +09,대전,하나모터스,107버4529,0,1,1,0.0,0.0,1,0,
38711909,현대,더 뉴 아반떼 AD,1.6,스타일,201812.0,2019,1350.0,25675.0,가솔린,오토,ORIGINAL,일반,2025-03-20 13:09:23.000 +09,대전,청담모터스,179러2859,1,0,2,53.775,0.0,1,0,
37058150,현대,아반떼 MD,M16 GDI 럭셔리,,201202.0,2012,595.0,68264.0,가솔린,오토,ORIGINAL,일반,2025-03-20 13:09:20.000 +09,대구,카뱅크모터스,23더7863,0,1,1,0.0,73.243,0,0,
38987498,현대,더 뉴 아반떼,1.6 GDi 스마트,기본형,201504.0,2016,550.0,62218.0,가솔린,오토,ORIGINAL,일반,2025-03-20 13:09:03.000 +09,충북,엠시티모터스,57두7828,4,1,2,234.7196,47.5885,0,0,
38885577,현대,아반떼 (CN7),1.6,인스퍼레이션,202011.0,2021,1950.0,26003.0,가솔린,오토,ORIGINAL,일반,2025-03-20 13:08:58.000 +09,대구,서구모터스,323가1673,1,1,1,101.2599,45.48,1,0,
39215362,현대,아반떼 (CN7),1.6,모던,202005.0,2021,1690.0,59111.0,가솔린,오토,ORIGINAL,일반,2025-03-20 13:08:26.000 +09,울산,오토샵모터스,340서2515,3,3,2,347.1603,185.0363,0,0,
39258449,현대,아반떼 MD,M16 GDI 럭셔리,,201104.0,2011,430.0,144025.0,가솔린,오토,ORIGINAL,일반,2025-03-20 13:08:25.000 +09,대전,즐거운자동차,22나4651,7,2,4,329.6581,215.7534,0,0,
38706440,현대,더 뉴 아반떼,1.6 GDi 모던,기본형,201503.0,2015,650.0,131676.0,가솔린,오토,ORIGINAL,일반,2025-03-20 13:08:25.000 +09,대전,즐거운자동차,58로2734,4,4,3,326.1185,256.3929,0,0,
39244599,현대,아반떼 AD,1.6 GDI 밸류 플러스,,201702.0,2017,1180.0,33724.0,가솔린,오토,ORIGINAL,일반,2025-03-20 13:08:21.000 +09,충북,구구모터스주식회사,42거6170,1,1,3,71.5094,165.5326,0,0,
38239137,현대,아반떼 MD,M16 GDI 프리미어,,201207.0,2012,490.0,121219.0,가솔린,오토,ORIGINAL,일반,2025-03-20 13:08:21.000 +09,충북,구구모터스주식회사,25부6900,3,3,1,279.375,238.433,0,0,
39268335,현대,아반떼 AD,1.6 GDI 밸류 플러스,,201612.0,2017,960.0,113681.0,가솔린,오토,ORIGINAL,일반,2025-03-20 13:08:15.000 +09,전북,우리모터스,45로8136,4,1,2,135.3627,178.391,0,0,
38568099,현대,아반떼 (CN7),1.6,모던,202004.0,2021,1190.0,181915.0,가솔린,오토,ORIGINAL,일반,2025-03-20 13:08:12.000 +09,대전,(주)하나모터스,374나9395,0,0,1,0.0,0.0,1,0,
38670010,현대,아반떼 (CN7),1.6,모던,202008.0,2021,1160.0,181914.0,가솔린,오토,ORIGINAL,일반,2025-03-20 13:08:12.000 +09,대전,(주)하나모터스,374나9353,7,0,1,684.6432,0.0,1,0,
38428702,현대,더 뉴 아반떼 AD,1.6,스마트,201810.0,2019,1050.0,103559.0,가솔린,오토,ORIGINAL,일반,2025-03-20 13:08:11.000 +09,대전,(주)하나모터스,349어8769,2,0,1,139.9966,0.0,1,0,
38468956,현대,아반떼 (CN7),1.6,모던,202006.0,2021,1540.0,108000.0,가솔린,오토,ORIGINAL,일반,2025-03-20 13:08:03.000 +09,경기,(주)명진모터스,341부3407,1,0,0,184.626,0.0,0,0,
39248565,현대,더 뉴 아반떼 AD,1.6,스마트,201810.0,2019,9999.0,56055.0,가솔린,오토,ORIGINAL,일반,2025-03-20 13:07:51.000 +09,대구,대상모터스,12도8323,4,4,1,214.714,117.394,0,0,
38548147,현대,아반떼 (CN7),1.6,인스퍼레이션,202112.0,2022,1950.0,32969.0,가솔린,오토,ORIGINAL,일반,2025-03-20 13:07:51.000 +09,대구,대상모터스,159가3437,1,1,6,67.9399,118.108,0,0,
38055629,현대,더 뉴 아반떼 AD,1.6,스마트,201902.0,2019,1350.0,60931.0,가솔린,오토,ORIGINAL,일반,2025-03-20 13:07:51.000 +09,대구,대상모터스,32두4499,1,0,1,128.9628,0.0,0,0,
37625166,현대,아반떼 MD,LPI M16 럭셔리,,201201.0,2012,390.0,146807.0,LPG(일반인 구입),오토,ORIGINAL,일반,2025-03-20 13:07:48.000 +09,경기,비전모터스,43러5961,9,4,3,612.0634,205.0343,1,0,
38011346,현대,아반떼 하이브리드 (CN7),인스퍼레이션,,202009.0,2021,1999.0,27667.0,가솔린+전기,오토,ORIGINAL,일반,2025-03-20 13:07:47.000 +09,경기,비전모터스,288모3063,5,0,4,2503.225,0.0,0,0,
38676662,현대,아반떼 MD,M16 GDI 럭셔리,,201108.0,2012,530.0,88316.0,가솔린,오토,ORIGINAL,일반,2025-03-20 13:07:42.000 +09,부산,롯데상사,34두1868,0,1,2,0.0,43.142,0,0,
38571284,현대,아반떼 AD,1.6 GDI 밸류 플러스,,201801.0,2018,1189.0,87690.0,가솔린,오토,ORIGINAL,일반,2025-03-20 13:07:42.000 +09,부산,롯데상사,192무7975,2,0,3,161.7476,0.0,1,0,
38687721,현대,더 뉴 아반떼,1.6 GDi 모던,기본형,201310.0,2014,739.0,97944.0,가솔린,오토,ORIGINAL,일반,2025-03-20 13:07:42.000 +09,부산,롯데상사,54구7587,0,2,4,0.0,128.29,0,0,
39113833,현대,아반떼 AD,1.6 GDI 밸류 플러스,,201809.0,2018,1299.0,31662.0,가솔린,오토,ORIGINAL,일반,2025-03-20 13:07:41.000 +09,부산,롯데상사,67누8029,1,0,1,42.636,0.0,0,0,
36931571,현대,아반떼 MD,M16 GDI 스마트,,201303.0,2013,600.0,84612.0,가솔린,오토,ORIGINAL,일반,2025-03-20 13:07:41.000 +09,부산,롯데상사,60거0687,3,4,5,213.3618,622.93,1,0,
39174256,현대,아반떼 MD,M16 GDI 에비뉴,,201302.0,2013,650.0,82450.0,가솔린,오토,ORIGINAL,일반,2025-03-20 13:07:41.000 +09,부산,롯데상사,35머9018,2,3,5,67.8803,273.2108,0,0,
38742138,현대,더 뉴 아반떼,1.6 GDi 모던,기본형,201408.0,2015,639.0,66550.0,가솔린,오토,ORIGINAL,일반,2025-03-20 13:07:30.000 +09,부산,더카모터스,58노4695,1,2,3,86.312,836.278,0,0,
39173967,현대,더 뉴 아반떼 AD,1.6,스마트,201902.0,2019,1200.0,98850.0,가솔린,오토,ORIGINAL,일반,2025-03-20 13:07:27.000 +09,경기,제이카모터스,175보3625,1,0,1,62.8189,0.0,1,0,
38716838,현대,더 뉴 아반떼,1.6 VGT 모던,기본형,201408.0,2015,550.0,115458.0,디젤,오토,ORIGINAL,일반,2025-03-20 13:07:09.000 +09,경기,국민중고차,59라1082,3,5,4,157.806,260.458,0,0,
39008219,현대,아반떼 AD,1.6 터보 스포츠,(세부등급 없음),201609.0,2017,1080.0,86341.0,가솔린,오토,ORIGINAL,일반,2025-03-20 13:07:05.000 +09,경기,(주)새롬모터스,10모0447,1,2,3,84.5408,111.8198,0,0,
38582304,현대,더 뉴 아반떼 AD,1.6,스마트,201906.0,2020,1170.0,29675.0,가솔린,오토,ORIGINAL,일반,2025-03-20 13:07:03.000 +09,경기,제이원모터스,54수9056,2,2,1,398.1908,1420.5155,0,0,
39042881,현대,아반떼 (CN7),1.6,모던,202005.0,2021,1239.0,90715.0,가솔린,오토,ORIGINAL,일반,2025-03-20 13:06:58.000 +09,인천,(주)지후모터스,258너5485,3,0,1,228.3459,0.0,1,0,
38248900,현대,아반떼 (CN7),1.6,인스퍼레이션,202204.0,2023,2110.0,48154.0,가솔린,오토,ORIGINAL,일반,2025-03-20 13:06:56.000 +09,경기,(주)유니앤모터스,121어2338,0,0,1,0.0,0.0,0,0,
38739449,현대,아반떼 (CN7),1.6,모던,202212.0,2023,2280.0,9888.0,가솔린,오토,ORIGINAL,일반,2025-03-20 13:06:56.000 +09,경기,(주)유니앤모터스,153구4773,0,0,1,0.0,0.0,0,0,
39127561,현대,아반떼 (CN7),1.6,인스퍼레이션,202109.0,2021,1980.0,46092.0,가솔린,오토,ORIGINAL,일반,2025-03-20 13:06:44.000 +09,경기,상승자동차,362너6824,0,1,0,0.0,72.5889,0,0,
38241700,현대,아반떼 AD,1.6 LPI 스타일(렌터카),,201611.0,2017,999.0,24645.0,LPG(일반인 구입),오토,ORIGINAL,일반,2025-03-20 13:06:36.000 +09,부산,해성모터스,63가2748,1,1,4,70.3366,87.8129,1,0,
37770656,현대,아반떼 (CN7),1.6,인스퍼레이션,202004.0,2021,1999.0,52393.0,가솔린,오토,ORIGINAL,일반,2025-03-20 13:06:25.000 +09,경남,(주)오토정,327무1373,0,1,2,0.0,48.8247,0,0,
38841424,현대,아반떼 AD,1.6 LPI 스마트(렌터카),,201803.0,2018,990.0,95442.0,LPG(일반인 구입),오토,ORIGINAL,일반,2025-03-20 13:06:21.000 +09,경기,라온모터스,291서4198,1,0,3,122.812,0.0,1,0,
39252781,현대,더 뉴 아반떼,1.6 VGT 모던,기본형,201404.0,2015,550.0,92500.0,디젤,오토,ORIGINAL,일반,2025-03-20 13:06:17.000 +09,경남,지성모터스,20우5736,1,0,0,140.672,0.0,0,0,
39152501,현대,더 뉴 아반떼,1.6 GDi 모던,기본형,201406.0,2014,630.0,85236.0,가솔린,오토,ORIGINAL,일반,2025-03-20 13:06:05.000 +09,경기,천마상사,59오5618,3,2,1,723.335,77.823,0,0,
39235216,현대,아반떼 AD,1.6 GDI 밸류 플러스,,201801.0,2018,1030.0,108153.0,가솔린,오토,ORIGINAL,일반,2025-03-20 13:06:05.000 +09,경기,천마상사,31모6532,1,1,0,29.919,69.0,0,0,
39245892,현대,아반떼 AD,1.6 GDI 스마트,(세부등급 없음),201602.0,2016,1090.0,67961.0,가솔린,오토,ORIGINAL,일반,2025-03-20 13:05:59.000 +09,경남,차차차모터스,49노0968,2,0,2,155.279,0.0,0,0,
39255655,현대,아반떼 AD,1.6 GDI 스마트,스페셜,201609.0,2017,950.0,121939.0,가솔린,오토,ORIGINAL,일반,2025-03-20 13:05:59.000 +09,경남,차차차모터스,65버0209,0,0,1,0.0,0.0,0,0,
39252187,현대,더 뉴 아반떼,1.6 LPi 스마트,,201401.0,2014,330.0,270000.0,LPG(일반인 구입),오토,ORIGINAL,일반,2025-03-20 13:05:57.000 +09,광주,이슬모터스,141모6510,3,4,4,520.529,294.934,1,0,
38683237,현대,아반떼 (CN7),1.6,인스퍼레이션,202004.0,2021,1940.0,29225.0,가솔린,오토,ORIGINAL,일반,2025-03-20 13:05:53.000 +09,대구,오토플러스(주),113더7487,2,0,0,205.5159,0.0,0,0,
39178417,현대,아반떼 AD,1.6 GDI 밸류 플러스,,201801.0,2018,1150.0,94675.0,가솔린,오토,ORIGINAL,일반,2025-03-20 13:05:53.000 +09,대구,오토플러스(주),32가5467,2,0,0,94.0308,0.0,0,0,
38182581,현대,아반떼 MD,M16 GDI 럭셔리,,201102.0,2011,420.0,93618.0,가솔린,오토,ORIGINAL,일반,2025-03-20 13:05:46.000 +09,대구,티케이상사,25서8920,2,4,2,158.667,364.665,0,0,
38845695,현대,아반떼 AD,1.6 GDI 밸류 플러스,,201611.0,2017,1090.0,93463.0,가솔린,오토,ORIGINAL,일반,2025-03-20 13:05:42.000 +09,전북,허니카모터스,23구0113,2,0,1,166.3223,0.0,0,0,
39025462,현대,아반떼 MD,M16 GDI 럭셔리,,201205.0,2012,460.0,88949.0,가솔린,오토,ORIGINAL,일반,2025-03-20 13:05:42.000 +09,전북,허니카모터스,47부3752,1,0,1,40.06,0.0,0,0,
39236059,현대,아반떼 AD,1.6 GDI 밸류 플러스,,201706.0,2018,865.0,112785.0,가솔린,오토,ORIGINAL,일반,2025-03-20 13:05:33.000 +09,경남,한강모터스,33러2155,1,3,0,74.4633,541.5271,0,0,
38573798,현대,아반떼 MD,M16 GDI 럭셔리,,201103.0,2011,320.0,142270.0,가솔린,오토,ORIGINAL,일반,2025-03-20 13:05:30.000 +09,경기,주식회사 현대상사,20라6411,2,0,2,165.9648,0.0,0,0,
39214684,현대,더 뉴 아반떼 (CN7),2.0 N,,202404.0,2024,3200.0,2005.0,가솔린,오토,ORIGINAL,일반,2025-03-20 13:05:22.000 +09,경기,다산다모터스,215소9849,0,0,1,0.0,0.0,0,0,
39161001,현대,더 뉴 아반떼 (CN7),2.0 N,,202401.0,2024,3400.0,3919.0,가솔린,오토,ORIGINAL,일반,2025-03-20 13:05:21.000 +09,경기,다산다모터스,361누5843,0,0,0,0.0,0.0,0,0,
38389177,현대,아반떼 하이브리드,HDeII,기본형,201106.0,2011,579.0,66231.0,LPG+전기,오토,ORIGINAL,일반,2025-03-20 13:05:12.000 +09,부산,(주)하나오토,15도8688,2,2,1,159.2458,111.1218,0,0,
37980760,현대,아반떼 MD,M16 GDI 에비뉴,,201302.0,2013,550.0,132255.0,가솔린,오토,ORIGINAL,일반,2025-03-20 13:05:03.000 +09,경기,차주름 자동차매매상사,14오3947,1,0,4,86.5673,0.0,0,0,
37569354,현대,아반떼 MD,M16 GDI 스마트,,201307.0,2014,550.0,121597.0,가솔린,오토,ORIGINAL,일반,2025-03-20 13:05:03.000 +09,경기,차주름 자동차매매상사,29무6082,6,0,1,213.175,0.0,0,0,
38301033,현대,아반떼 MD,M16 GDI 모던,,201210.0,2013,550.0,136749.0,가솔린,오토,ORIGINAL,일반,2025-03-20 13:05:03.000 +09,경기,차주름 자동차매매상사,18다8405,6,4,4,581.2673,415.6294,0,0,
39210114,현대,아반떼 (CN7),1.6,인스퍼레이션,202009.0,2021,1990.0,40218.0,가솔린,오토,ORIGINAL,일반,2025-03-20 13:05:03.000 +09,부산,프라임모터스,245버4513,0,0,2,0.0,0.0,0,0,
39139420,현대,아반떼 MD,M16 GDI 럭셔리,,201101.0,2011,450.0,79595.0,가솔린,오토,ORIGINAL,일반,2025-03-20 13:05:03.000 +09,경기,차주름 자동차매매상사,26거1097,4,1,5,435.173,480.0,0,0,
39128870,현대,아반떼 MD,M16 GDI 탑,,201203.0,2012,590.0,64597.0,가솔린,오토,ORIGINAL,일반,2025-03-20 13:05:03.000 +09,경기,차주름 자동차매매상사,19조8446,3,1,1,251.1804,48.734,0,0,
38941487,현대,더 뉴 아반떼,1.6 GDi 모던,기본형,201507.0,2016,690.0,93958.0,가솔린,오토,ORIGINAL,일반,2025-03-20 13:05:03.000 +09,경기,차주름 자동차매매상사,54보6134,2,0,1,60.2748,0.0,0,0,
39038986,현대,더 뉴 아반떼,1.6 GDi 스마트,기본형,201506.0,2016,690.0,125239.0,가솔린,오토,ORIGINAL,일반,2025-03-20 13:05:03.000 +09,경기,차주름 자동차매매상사,58노9453,0,0,2,0.0,0.0,0,0,
38952587,현대,아반떼 MD,M16 GDI 프리미어,,201202.0,2012,450.0,133389.0,가솔린,오토,ORIGINAL,일반,2025-03-20 13:04:48.000 +09,충남,가나상사,34저3462,4,2,6,382.7052,288.2934,0,0,
38586802,현대,아반떼 MD,M16 GDI 스마트,,201303.0,2013,460.0,162383.0,가솔린,오토,ORIGINAL,일반,2025-03-20 13:04:35.000 +09,경기,경기상사,69어1573,6,1,1,159.2288,130.0,0,0,
38810685,현대,더 뉴 아반떼 (CN7),1.6,인스퍼레이션,202401.0,2024,2330.0,20025.0,가솔린,오토,ORIGINAL,일반,2025-03-20 13:04:35.000 +09,경기,경기상사,315마7368,2,1,0,281.834,156.87,0,0,
39105090,현대,아반떼 AD,1.6 GDI 프리미엄,,201605.0,2016,1390.0,33282.0,가솔린,오토,ORIGINAL,일반,2025-03-20 13:04:18.000 +09,부산,푸른상사,24소0579,0,4,1,0.0,268.9781,0,0,
38794964,현대,아반떼 AD,1.6 GDI 밸류 플러스,,201702.0,2017,1320.0,22122.0,가솔린,오토,ORIGINAL,일반,2025-03-20 13:04:18.000 +09,부산,푸른상사,52가5375,1,0,1,25.3783,0.0,0,0,
37012793,현대,아반떼 AD,1.6 GDI 모던,(세부등급 없음),201512.0,2016,1230.0,48366.0,가솔린,오토,ORIGINAL,일반,2025-03-20 13:04:18.000 +09,부산,푸른상사,08주0932,3,1,3,282.388,700.852,0,0,
39111012,현대,아반떼 AD,1.6 GDI 스마트,스페셜,201512.0,2016,740.0,121945.0,가솔린,오토,ORIGINAL,일반,2025-03-20 13:04:08.000 +09,경기,착한자동차,51더0175,3,1,2,315.4477,20.0,0,0,
39042060,현대,아반떼 (CN7),1.6,인스퍼레이션,202103.0,2021,1599.0,16347.0,가솔린,오토,ORIGINAL,일반,2025-03-20 13:04:08.000 +09,충남,뉴천안모터스,391수2392,3,2,1,239.0754,329.5222,0,0,
38732859,현대,아반떼 AD,1.6 GDI 밸류 플러스,,201708.0,2018,810.0,158555.0,가솔린,오토,ORIGINAL,일반,2025-03-20 13:04:02.000 +09,경기,에이치모터스,03라1068,1,0,1,91.0918,0.0,0,0,
39270267,현대,아반떼 AD,1.6 GDI 스마트,스페셜,201802.0,2018,1140.0,79370.0,가솔린,오토,ORIGINAL,일반,2025-03-20 13:04:02.000 +09,경기,주식회사 나인모터스,48조2109,0,0,1,0.0,0.0,0,0,
39168096,현대,더 뉴 아반떼,1.6 GDi 모던,기본형,201311.0,2014,820.0,83482.0,가솔린,오토,ORIGINAL,일반,2025-03-20 13:04:00.000 +09,광주,(주)기쁨모터스,45조2325,3,1,2,191.6095,164.625,0,0,
39130403,현대,아반떼 MD,M16 GDI 럭셔리,,201203.0,2012,466.0,130000.0,가솔린,오토,ORIGINAL,일반,2025-03-20 13:03:57.000 +09,대구,경북자동차,38저2281,5,0,1,197.7719,0.0,0,0,
39224379,현대,아반떼 AD,1.6 터보 스포츠,(세부등급 없음),201707.0,2018,1200.0,93684.0,가솔린,오토,ORIGINAL,일반,2025-03-20 13:03:43.000 +09,울산,울산무한자동차상사,04가4586,1,1,3,53.1896,30.5687,0,0,
39112271,현대,더 뉴 아반떼 하이브리드 (CN7),인스퍼레이션,,202502.0,2025,3170.0,38.0,가솔린+전기,오토,ORIGINAL,일반,2025-03-20 13:03:41.000 +09,인천,현대상사,277가9189,0,0,0,0.0,0.0,0,0,
38937331,현대,더 뉴 아반떼,1.6 GDi 스마트,기본형,201310.0,2014,530.0,133400.0,가솔린,오토,ORIGINAL,일반,2025-03-20 13:03:31.000 +09,경기,(주)굿카,64무5263,2,4,4,42.6023,326.9085,0,0,
38767086,현대,아반떼 MD,M16 GDI 탑,,201207.0,2012,500.0,182329.0,가솔린,오토,ORIGINAL,일반,2025-03-20 13:03:30.000 +09,경기,(주)굿카,33구7957,7,3,2,387.6471,272.515,0,0,
39228498,현대,아반떼 (CN7),1.6,모던,202011.0,2021,1650.0,61553.0,가솔린,오토,ORIGINAL,일반,2025-03-20 13:03:30.000 +09,경기,(주)굿카,378로7597,1,1,0,485.91,180.85,0,0,
37395894,현대,아반떼 AD,1.6 GDI 모던,(세부등급 없음),201511.0,2016,790.0,69213.0,가솔린,오토,ORIGINAL,일반,2025-03-20 13:03:28.000 +09,경기,(주)굿카,66수0521,2,3,1,929.105,265.4284,0,0,
39147577,현대,아반떼 AD,1.6 GDI 스마트,스페셜,201603.0,2016,840.0,110264.0,가솔린,오토,ORIGINAL,일반,2025-03-20 13:03:27.000 +09,경남,중고차는 정대리,38구0601,4,2,8,693.9319,186.3163,0,0,
39268530,현대,아반떼 MD,M16 GDI 프리미어,,201102.0,2011,580.0,90610.0,가솔린,오토,ORIGINAL,일반,2025-03-20 13:03:27.000 +09,경남,중고차는 정대리,62어1549,3,3,2,230.788,141.5159,0,0,
39228476,현대,아반떼 (CN7),1.6,인스퍼레이션,202004.0,2021,1890.0,76612.0,가솔린,오토,ORIGINAL,일반,2025-03-20 13:03:27.000 +09,경기,(주)굿카,161머1781,2,1,0,432.9802,58.5788,0,0,
38865750,현대,더 뉴 아반떼 AD,1.6 디젤,스타일,201811.0,2019,980.0,93985.0,디젤,오토,ORIGINAL,일반,2025-03-20 13:03:26.000 +09,경남,중고차는 정대리,24도4267,0,1,3,0.0,85.4928,0,0,
39147523,현대,아반떼 AD,1.6 GDI 스마트,(세부등급 없음),201610.0,2017,980.0,91879.0,가솔린,오토,ORIGINAL,일반,2025-03-20 13:03:26.000 +09,경남,중고차는 정대리,25너0523,3,3,3,490.7925,217.1417,0,0,
39263575,현대,아반떼 (CN7),2.0 N,,202201.0,2023,2180.0,42000.0,가솔린,수동,ORIGINAL,일반,2025-03-20 13:03:25.000 +09,경기,,161서6016,3,0,3,1254.9436,0.0,0,0,
36547032,현대,아반떼 MD,M16 GDI 프리미어,,201208.0,2012,650.0,49274.0,가솔린,오토,ORIGINAL,일반,2025-03-20 13:03:24.000 +09,전북,은원모터스,43도7476,2,3,0,139.521,256.584,0,0,
37835801,현대,더 뉴 아반떼,1.6 GDi 모던,기본형,201309.0,2014,650.0,104190.0,가솔린,오토,ORIGINAL,일반,2025-03-20 13:03:23.000 +09,전북,은원모터스,249가4031,2,0,2,205.187,0.0,1,0,
39168521,현대,아반떼 HD,1.6 VVT S16,럭셔리,200803.0,2008,370.0,81275.0,가솔린,오토,ORIGINAL,일반,2025-03-20 13:03:23.000 +09,전북,은원모터스,31누9983,1,1,0,121.61,124.931,0,0,
37631992,현대,아반떼 MD,M16 GDI 모던,,201211.0,2013,440.0,156798.0,가솔린,오토,ORIGINAL,일반,2025-03-20 13:03:19.000 +09,대전,모터바겐,20가2510,3,0,3,172.9748,0.0,0,0,
39270748,현대,아반떼 (CN7),1.6,인스퍼레이션,202008.0,2021,1970.0,44929.0,가솔린,오토,ORIGINAL,일반,2025-03-20 13:03:10.000 +09,대구,고려자동차,148루2611,0,3,3,0.0,203.4933,1,0,
38309098,현대,아반떼 AD,1.6 터보 스포츠,(세부등급 없음),201804.0,2018,1450.0,68651.0,가솔린,오토,ORIGINAL,일반,2025-03-20 13:03:08.000 +09,경기,오토랜드,40라7375,5,0,6,607.3106,0.0,0,0,
38289541,현대,아반떼 하이브리드,HDeII,기본형,201002.0,2010,399.0,136393.0,LPG+전기,오토,ORIGINAL,일반,2025-03-20 13:02:18.000 +09,서울,가양모터스,32루5932,1,1,3,44.333,25.624,0,0,
38997748,현대,아반떼 AD,1.6 GDI 모던,(세부등급 없음),201601.0,2016,1099.0,17475.0,가솔린,오토,ORIGINAL,일반,2025-03-20 13:02:17.000 +09,서울,가양모터스,58버0687,4,0,1,198.5301,0.0,0,0,
39194435,현대,아반떼 AD,1.6 GDI 밸류 플러스,,201611.0,2017,990.0,91977.0,가솔린,오토,ORIGINAL,일반,2025-03-20 13:02:08.000 +09,울산,헤이오토,101마8987,2,2,8,81.1988,121.4907,1,0,
39136005,현대,더 뉴 아반떼 AD,1.6 LPi,스마트(렌터카용),201902.0,2019,1499.0,21947.0,LPG(일반인 구입),오토,ORIGINAL,일반,2025-03-20 13:02:02.000 +09,경기,(주)뉴카카,202나2960,1,1,1,115.3479,191.7927,1,0,
39238959,현대,아반떼 (CN7),1.6,스마트,202104.0,2021,1080.0,115932.0,가솔린,오토,ORIGINAL,일반,2025-03-20 13:01:49.000 +09,인천,(주)대한모터스,301어4741,0,3,2,0.0,206.553,1,0,
39187082,현대,아반떼 (CN7),1.6,스마트,202104.0,2021,1029.0,126991.0,가솔린,오토,ORIGINAL,일반,2025-03-20 13:01:48.000 +09,인천,(주)대한모터스,342주1733,2,6,2,338.3466,643.2793,1,0,
39242666,현대,더 뉴 아반떼,1.6 GDi 스타일,,201310.0,2014,550.0,59807.0,가솔린,오토,ORIGINAL,일반,2025-03-20 13:01:48.000 +09,인천,(주)대한모터스,12서5176,3,1,1,238.2578,55.058,0,0,
39007998,현대,아반떼 AD,1.6 GDI 스타일,,201711.0,2018,950.0,64243.0,가솔린,수동,ORIGINAL,일반,2025-03-20 13:01:44.000 +09,경기,카플러스,110보3602,0,0,4,0.0,0.0,1,0,
39237283,현대,아반떼 (CN7),1.6 LPi (렌터카),스타일,202008.0,2021,1070.0,102104.0,LPG(일반인 구입),오토,ORIGINAL,일반,2025-03-20 13:01:42.000 +09,서울,(주)하나카모터스,223무5462,0,1,2,0.0,54.3212,1,0,
38917782,현대,더 뉴 아반떼 (CN7),1.6,인스퍼레이션,202309.0,2024,2490.0,8192.0,가솔린,오토,ORIGINAL,일반,2025-03-20 13:01:38.000 +09,경기,(주)아이작,126저3745,0,0,0,0.0,0.0,0,0,
39253861,현대,아반떼 AD,1.6 GDI 모던,(세부등급 없음),201512.0,2016,990.0,81921.0,가솔린,오토,ORIGINAL,일반,2025-03-20 13:01:38.000 +09,경기,(주)아이작,52우0506,2,0,1,158.0807,0.0,0,0,
39214767,현대,아반떼 AD,1.6 GDI 밸류 플러스,,201612.0,2017,830.0,127728.0,가솔린,오토,ORIGINAL,일반,2025-03-20 13:01:32.000 +09,울산,황제모터스,01서0109,0,0,0,0.0,0.0,0,0,
39222607,현대,아반떼 HD,1.6 VVT S16,럭셔리,201008.0,2010,330.0,100000.0,가솔린,오토,ORIGINAL,일반,2025-03-20 13:01:28.000 +09,경기,의정부중고차k중고차,24다1964,1,0,3,93.5,0.0,0,0,
39011741,현대,아반떼 AD,1.6 GDI 프리미엄,,201611.0,2017,1190.0,84171.0,가솔린,오토,ORIGINAL,일반,2025-03-20 13:01:08.000 +09,서울,오토랜드,32다0247,3,1,4,188.7737,30.5548,0,0,
39153880,현대,아반떼 AD,1.6 GDI 밸류 플러스,,201703.0,2017,1180.0,46360.0,가솔린,오토,ORIGINAL,일반,2025-03-20 13:01:04.000 +09,부산,(주)하나오토,25너6094,0,0,1,0.0,0.0,0,0,
39120854,현대,더 뉴 아반떼 (CN7),1.6,모던,202404.0,2024,2180.0,18415.0,가솔린,오토,ORIGINAL,일반,2025-03-20 13:00:49.000 +09,부산,연산자동차,237구8725,0,0,0,0.0,0.0,0,0,
38781461,현대,아반떼 MD,M16 GDI 럭셔리,,201202.0,2012,520.0,118311.0,가솔린,오토,ORIGINAL,일반,2025-03-20 13:00:42.000 +09,전북,중앙모터스,49조4792,5,1,3,358.9407,59.2097,0,0,
38880030,현대,아반떼 AD,1.6 GDI 스마트,(세부등급 없음),201509.0,2016,1050.0,60840.0,가솔린,오토,ORIGINAL,일반,2025-03-20 13:00:38.000 +09,전남,JC모터스,60다0965,2,1,1,276.7604,49.8219,0,0,
38848581,현대,아반떼 HD,1.6 VVT S16,럭셔리,200904.0,2009,269.0,163863.0,가솔린,오토,ORIGINAL,일반,2025-03-20 13:00:34.000 +09,인천,제이모터스,17수3024,1,4,2,40.8324,334.075,0,0,
39042297,현대,아반떼 (CN7),1.6 터보 N Line,스포츠,202103.0,2021,1350.0,100297.0,가솔린,오토,ORIGINAL,일반,2025-03-20 13:00:27.000 +09,경기,이십일세기모터스,323거3950,6,1,0,764.8737,49.836,0,0,
39021943,현대,더 뉴 아반떼 AD,1.6,스마트,201902.0,2019,1399.0,59234.0,가솔린,오토,ORIGINAL,일반,2025-03-20 13:00:25.000 +09,광주,(주)워너비모터스,197라7879,1,0,1,131.96,0.0,1,0,
39241458,현대,아반떼 (CN7),1.6 LPi (렌터카),스마트,202102.0,2021,1550.0,61876.0,LPG(일반인 구입),오토,ORIGINAL,일반,2025-03-20 13:00:25.000 +09,광주,(주)워너비모터스,323모1441,1,0,1,62.3844,0.0,1,0,
39129873,현대,아반떼 (CN7),1.6 LPi (렌터카),스마트,202007.0,2021,1550.0,79016.0,LPG(일반인 구입),오토,ORIGINAL,일반,2025-03-20 13:00:25.000 +09,광주,(주)워너비모터스,239무2985,1,0,1,59.916,0.0,1,0,
39021705,현대,아반떼 (CN7),1.6,모던,202104.0,2021,1770.0,61489.0,가솔린,오토,ORIGINAL,일반,2025-03-20 13:00:25.000 +09,광주,(주)워너비모터스,152보7048,3,1,1,310.6145,39.3851,0,0,
38556230,현대,아반떼 (CN7),1.6,모던,202010.0,2021,1790.0,78958.0,가솔린,오토,ORIGINAL,일반,2025-03-20 13:00:19.000 +09,대구,에스제이(SJ)오토,281로3403,0,0,2,0.0,0.0,1,0,
39086092,현대,아반떼 AD,1.6 GDI 밸류 플러스,,201802.0,2018,1080.0,95291.0,가솔린,오토,ORIGINAL,일반,2025-03-20 13:00:17.000 +09,대구,국제모터스,368거4855,0,3,3,0.0,306.0556,1,0,
38598799,현대,아반떼 MD,M16 GDI 럭셔리,,201008.0,2011,420.0,124403.0,가솔린,오토,ORIGINAL,일반,2025-03-20 13:00:16.000 +09,대구,국제모터스,13다7203,1,2,0,183.4896,443.8657,0,0,
38486036,현대,아반떼 MD,M16 GDI 럭셔리,,201207.0,2012,520.0,96958.0,가솔린,오토,ORIGINAL,일반,2025-03-20 13:00:16.000 +09,경남,경인모터스,16가3832,3,0,1,80.8063,0.0,0,0,
39239155,현대,아반떼 AD,1.6 GDI 밸류 플러스,,201807.0,2018,1250.0,24311.0,가솔린,오토,ORIGINAL,일반,2025-03-20 13:00:14.000 +09,대구,현대안심샵,27루6086,0,0,1,0.0,0.0,0,0,
38819237,현대,더 뉴 아반떼 (CN7),1.6,인스퍼레이션,202310.0,2024,2480.0,5416.0,가솔린,오토,ORIGINAL,일반,2025-03-20 13:00:14.000 +09,대구,현대안심샵,208루5253,0,0,0,0.0,0.0,0,0,
39033718,현대,아반떼 AD,1.6 GDI 밸류 플러스,,201802.0,2018,940.0,63559.0,가솔린,오토,ORIGINAL,일반,2025-03-20 12:59:49.000 +09,경남,탑모터스,107거4747,0,1,3,0.0,103.152,1,0,
38592791,현대,아반떼 AD,1.6 GDI 모던,(세부등급 없음),201511.0,2016,840.0,90480.0,가솔린,오토,ORIGINAL,일반,2025-03-20 12:59:49.000 +09,경남,탑모터스,19러4814,3,2,3,511.9489,536.262,0,0,
38302292,현대,아반떼 MD,M16 GDI 럭셔리,,201104.0,2011,390.0,130668.0,가솔린,오토,ORIGINAL,일반,2025-03-20 12:59:49.000 +09,경남,탑모터스,34소8554,1,0,1,475.6858,0.0,0,0,
37617491,현대,아반떼 MD,M16 GDI 럭셔리,,201102.0,2011,390.0,149514.0,가솔린,오토,ORIGINAL,일반,2025-03-20 12:59:48.000 +09,경남,탑모터스,20노5274,6,5,1,498.5327,439.333,0,0,
37728698,현대,아반떼 MD,M16 GDI 프리미어,,201103.0,2011,390.0,162869.0,가솔린,오토,ORIGINAL,일반,2025-03-20 12:59:48.000 +09,경남,탑모터스,16수7003,8,3,1,817.8181,211.5278,0,0,
39163879,현대,아반떼 하이브리드,HDeI,이지팩,201105.0,2011,350.0,132262.0,LPG+전기,오토,ORIGINAL,일반,2025-03-20 12:59:46.000 +09,부산,유승모터스,53너1608,1,0,4,105.73,0.0,0,0,
38987253,현대,아반떼 (CN7),2.0 N,,202209.0,2023,2370.0,19426.0,가솔린,오토,ORIGINAL,일반,2025-03-20 12:59:28.000 +09,서울,(주)오토하이,296어3814,1,0,1,171.9,0.0,1,0,0.0
38624075,현대,아반떼 (CN7),1.6,인스퍼레이션,202109.0,2021,2060.0,33139.0,가솔린,오토,ORIGINAL,일반,2025-03-20 12:59:23.000 +09,부산,(주)오영모터스,237구6208,2,2,1,218.1349,232.0464,0,0,
39275158,현대,아반떼 MD,M16 GDI 럭셔리,,201101.0,2011,350.0,122000.0,가솔린,오토,ORIGINAL,일반,2025-03-20 12:59:19.000 +09,광주,하늘모터스,24소6453,4,2,5,357.9868,39.92,1,0,
38078131,현대,아반떼 하이브리드,HDeII,기본형,200909.0,2010,330.0,143505.0,LPG+전기,오토,ORIGINAL,일반,2025-03-20 12:59:15.000 +09,전북,차사랑모터스자동차매매상사,03부8555,1,2,6,51.1,147.841,1,0,
38954788,현대,아반떼 HD,1.6 VVT S16,럭셔리,200901.0,2009,280.0,109800.0,가솔린,오토,ORIGINAL,일반,2025-03-20 12:59:15.000 +09,충남,JOY 모터스권갑순,69수5389,5,6,5,234.0083,351.3318,0,0,
39259166,현대,아반떼 (CN7),1.6,모던,202104.0,2021,1190.0,105684.0,가솔린,오토,ORIGINAL,일반,2025-03-20 12:59:03.000 +09,대구,드림카,274루1179,0,0,1,0.0,0.0,1,0,
38873952,현대,아반떼 AD,1.6 GDI 스마트,(세부등급 없음),201701.0,2017,1190.0,58470.0,가솔린,오토,ORIGINAL,일반,2025-03-20 12:58:50.000 +09,울산,엠피크,27더4610,1,2,3,153.808,139.7429,0,0,
39093840,현대,아반떼 AD,1.6 GDI 밸류 플러스,,201612.0,2017,1050.0,59188.0,가솔린,오토,ORIGINAL,일반,2025-03-20 12:58:50.000 +09,울산,엠피크,28로0132,3,1,3,330.3621,93.4,0,0,
38820203,현대,더 뉴 아반떼 AD,1.6,스마트 초이스,201905.0,2020,1360.0,37276.0,가솔린,오토,ORIGINAL,일반,2025-03-20 12:58:49.000 +09,울산,엠피크,22로4682,1,0,1,78.8463,0.0,0,0,
39073377,현대,아반떼 AD,1.6 GDI 모던,(세부등급 없음),201510.0,2016,1040.0,82949.0,가솔린,오토,ORIGINAL,일반,2025-03-20 12:58:49.000 +09,울산,엠피크,11부0909,2,2,1,55.1218,68.0438,0,0,
38867655,현대,아반떼 MD,M16 GDI 에비뉴,,201309.0,2014,490.0,177358.0,가솔린,오토,ORIGINAL,일반,2025-03-20 12:58:44.000 +09,전북,대유모터스,64로1438,3,1,2,121.051,60.0278,0,0,
38760422,현대,아반떼 (CN7),1.6,인스퍼레이션,202011.0,2021,1840.0,75178.0,가솔린,오토,ORIGINAL,일반,2025-03-20 12:58:44.000 +09,울산,갑부자동차매매상사,128더2478,0,0,0,0.0,0.0,0,0,
38553498,현대,아반떼 AD,1.6 GDI 스마트,(세부등급 없음),201510.0,2016,850.0,74745.0,가솔린,오토,ORIGINAL,일반,2025-03-20 12:58:43.000 +09,전북,대유모터스,02주9624,1,2,6,186.502,54.9228,1,0,
37265161,현대,아반떼 HD,1.6 VVT S16,럭셔리,200706.0,2007,410.0,47964.0,가솔린,오토,ORIGINAL,일반,2025-03-20 12:58:41.000 +09,전북,차차,52너6275,1,0,1,65.0102,0.0,0,0,
38782061,현대,더 뉴 아반떼,1.6 VGT 모던,기본형,201506.0,2016,499.0,166467.0,디젤,오토,ORIGINAL,일반,2025-03-20 12:58:28.000 +09,서울,(주)티티카,380머5689,6,4,4,856.6379,958.056,1,0,
38877548,현대,아반떼 AD,1.6 GDI 스마트,(세부등급 없음),201709.0,2018,1050.0,105437.0,가솔린,오토,ORIGINAL,일반,2025-03-20 12:58:28.000 +09,서울,(주)티티카,61보2320,1,1,3,44.4539,204.5499,0,0,
39096400,현대,아반떼 (CN7),1.6,스마트,202010.0,2021,1720.0,16236.0,가솔린,오토,ORIGINAL,일반,2025-03-20 12:58:26.000 +09,광주,(유) 정도모터스,128어9632,0,0,5,0.0,0.0,0,0,
38832889,현대,아반떼 AD,1.6 GDI 모던,(세부등급 없음),201606.0,2016,850.0,161246.0,가솔린,오토,ORIGINAL,일반,2025-03-20 12:58:18.000 +09,전북,중고차파크,50고0749,1,0,1,85.617,0.0,0,0,
38851477,현대,더 뉴 아반떼,1.6 GDi 모던,기본형,201308.0,2014,690.0,124091.0,가솔린,오토,ORIGINAL,일반,2025-03-20 12:58:18.000 +09,전북,중고차파크,48모5535,2,2,1,197.392,114.4235,0,0,
38830561,현대,더 뉴 아반떼,1.6 GDi 스마트,기본형,201401.0,2014,559.0,87750.0,가솔린,오토,ORIGINAL,일반,2025-03-20 12:58:02.000 +09,경기,오토피아,47머8661,3,1,1,232.6917,46.1781,0,0,
39262675,현대,아반떼 AD,1.6 GDI 프리미엄,,201802.0,2018,1490.0,48599.0,가솔린,오토,ORIGINAL,일반,2025-03-20 12:58:02.000 +09,서울,(주)뉴행복드림카,15주2467,0,0,0,0.0,0.0,0,0,
39029142,현대,아반떼 AD,1.6 GDI 스마트,(세부등급 없음),201511.0,2016,1060.0,47739.0,가솔린,오토,ORIGINAL,일반,2025-03-20 12:57:50.000 +09,전북,굿데이모터스,32우0602,0,4,2,0.0,275.2465,0,0,
39028159,현대,아반떼 MD,M16 GDI 럭셔리,,201106.0,2012,580.0,82788.0,가솔린,오토,ORIGINAL,일반,2025-03-20 12:57:50.000 +09,전북,굿데이모터스,57루1132,5,1,1,155.2206,35.7503,0,0,
38789368,현대,더 뉴 아반떼,1.6 GDi 스마트,기본형,201409.0,2015,530.0,148020.0,가솔린,오토,ORIGINAL,일반,2025-03-20 12:57:39.000 +09,대전,온누리모터스,23나2829,3,0,1,291.6048,0.0,0,0,
39047016,현대,아반떼 MD,M16 GDI 럭셔리,,201204.0,2012,999.0,70277.0,가솔린,오토,ORIGINAL,일반,2025-03-20 12:57:17.000 +09,대전,(주)엠월드,31소1419,3,1,1,265.123,58.321,0,0,
39157500,현대,아반떼 MD,M16 GDI 에비뉴,,201306.0,2014,599.0,45493.0,가솔린,오토,ORIGINAL,일반,2025-03-20 12:57:11.000 +09,대구,제이모터스,13모8652,4,3,1,352.2238,314.0227,0,0,
39235157,현대,아반떼 MD,M16 GDI 럭셔리,,201011.0,2011,330.0,123453.0,가솔린,오토,ORIGINAL,일반,2025-03-20 12:57:04.000 +09,대전,(주)엠월드,59수1022,3,2,1,152.966,163.161,0,0,
39119380,현대,아반떼 AD,1.6 GDI 밸류 플러스,,201803.0,2018,1290.0,39310.0,가솔린,오토,ORIGINAL,일반,2025-03-20 12:56:33.000 +09,부산,한성상사,39누7266,1,1,1,0.0,263.0,0,0,
39011649,현대,아반떼 AD,1.6 GDI 밸류 플러스,,201701.0,2017,950.0,56474.0,가솔린,오토,ORIGINAL,일반,2025-03-20 12:56:25.000 +09,서울,(주)차파는누나,41보5942,3,1,0,408.3575,67.0379,0,0,
39236229,현대,아반떼 (CN7),1.6,인스퍼레이션,202207.0,2023,2000.0,44143.0,가솔린,오토,ORIGINAL,일반,2025-03-20 12:56:06.000 +09,대전,금성자동차,377수3158,2,0,1,199.3329,0.0,0,0,
39221920,현대,아반떼 MD,M16 GDI 럭셔리,,201107.0,2012,399.0,189501.0,가솔린,오토,ORIGINAL,일반,2025-03-20 12:55:40.000 +09,대구,거창한모터스,37가1643,2,4,2,68.6129,351.063,0,0,
38601402,현대,아반떼 MD,M16 GDI 탑,,201011.0,2011,410.0,150042.0,가솔린,오토,ORIGINAL,일반,2025-03-20 12:55:21.000 +09,부산,신진모터스,13어8052,4,2,1,153.0199,314.1567,0,0,
38604973,현대,아반떼 MD,M16 GDI 프리미어,,201010.0,2011,450.0,171554.0,가솔린,오토,ORIGINAL,일반,2025-03-20 12:55:21.000 +09,전북,대덕자동차매매상사,59저1873,0,1,1,0.0,181.959,0,0,
39264759,현대,아반떼 AD,1.6 GDI 모던,스페셜,201606.0,2017,940.0,121479.0,가솔린,오토,ORIGINAL,일반,2025-03-20 12:55:19.000 +09,경남,221호 오카모터스,68마0366,4,2,4,399.1427,122.2486,0,0,
39135960,현대,더 뉴 아반떼 AD,1.6 디젤,스마트,201905.0,2019,1470.0,42006.0,디젤,오토,ORIGINAL,일반,2025-03-20 12:55:03.000 +09,경기,(주)뉴카카,137우9414,1,1,1,44.522,178.086,1,0,
38895578,현대,아반떼 (CN7),1.6,모던,202102.0,2021,1670.0,62622.0,가솔린,오토,ORIGINAL,일반,2025-03-20 12:54:58.000 +09,대전,대동모터스,201우3051,0,2,3,0.0,88.5493,1,0,
39124658,현대,아반떼 (CN7),2.0 N,,202205.0,2022,2699.0,49356.0,가솔린,오토,ORIGINAL,일반,2025-03-20 12:54:48.000 +09,경기,울트라모터스,160버8761,1,0,0,72.508,0.0,0,0,
39164332,현대,아반떼 (CN7),2.0 N,,202205.0,2022,2699.0,49344.0,가솔린,오토,ORIGINAL,일반,2025-03-20 12:54:48.000 +09,경기,울트라모터스,129구8709,2,1,1,539.17,187.5539,1,0,
38916996,현대,아반떼 (CN7),2.0 N,,202204.0,2022,2650.0,33858.0,가솔린,오토,ORIGINAL,일반,2025-03-20 12:54:48.000 +09,경기,울트라모터스,170더7449,2,0,4,221.489,0.0,0,0,
39179576,현대,아반떼 (CN7),2.0 N,,202203.0,2022,2250.0,60961.0,가솔린,오토,ORIGINAL,일반,2025-03-20 12:54:41.000 +09,경기,코오롱모빌리티그룹,329버6169,0,0,1,0.0,0.0,1,0,
38805209,현대,아반떼 AD,1.6 GDI 밸류 플러스,,201610.0,2017,1080.0,77717.0,가솔린,오토,ORIGINAL,일반,2025-03-20 12:54:26.000 +09,울산,BMW자동차매매상사,38고0302,2,0,1,108.5265,0.0,0,0,
38873657,현대,아반떼 AD,1.6 e-VGT 스마트,(세부등급 없음),201510.0,2016,630.0,153351.0,디젤,오토,ORIGINAL,일반,2025-03-20 12:54:24.000 +09,충남,기쁜중고차,60오7109,4,0,4,127.8452,0.0,1,0,
39216457,현대,더 뉴 아반떼 (CN7),1.6,인스퍼레이션,202305.0,2024,2520.0,15468.0,가솔린,오토,ORIGINAL,일반,2025-03-20 12:54:17.000 +09,경기,하나오토,381머2303,0,0,0,0.0,0.0,0,0,
39207785,현대,아반떼 AD,1.6 GDI 스마트,(세부등급 없음),201606.0,2017,720.0,176569.0,가솔린,오토,ORIGINAL,일반,2025-03-20 12:54:04.000 +09,울산,창성자동차매매상사,28무0768,1,1,3,90.856,178.8364,0,0,
38123728,현대,더 뉴 아반떼,1.6 VGT 스마트,기본형,201406.0,2015,9999.0,102972.0,디젤,오토,ORIGINAL,일반,2025-03-20 12:54:03.000 +09,경남,MZ모터스,50소2418,6,6,3,375.7437,1433.4464,1,0,
39129676,현대,아반떼 MD,M16 GDI 럭셔리,,201101.0,2011,379.0,107260.0,가솔린,오토,ORIGINAL,일반,2025-03-20 12:53:52.000 +09,경기,씨에스모터스,66더9491,7,0,3,437.9451,0.0,0,0,
39251456,현대,아반떼 AD,1.6 GDI 밸류 플러스,,201805.0,2018,1390.0,22872.0,가솔린,오토,ORIGINAL,일반,2025-03-20 12:53:51.000 +09,경기,씨에스모터스,34부8709,1,1,1,42.419,0.0,0,0,
38646257,현대,더 뉴 아반떼 AD,1.6,스마트,201810.0,2019,1240.0,89240.0,가솔린,오토,ORIGINAL,일반,2025-03-20 12:53:51.000 +09,경기,씨에스모터스,29도4963,2,1,1,437.9819,78.3629,0,0,
38963546,현대,더 뉴 아반떼 (CN7),1.6,인스퍼레이션,202410.0,2025,2570.0,3643.0,가솔린,오토,ORIGINAL,일반,2025-03-20 12:53:51.000 +09,대전,(주)대전자동차,211로3566,0,0,0,0.0,0.0,0,0,
38742433,현대,아반떼 (CN7),2.0 N,,202206.0,2023,2560.0,17277.0,가솔린,오토,ORIGINAL,일반,2025-03-20 12:53:44.000 +09,부산,힘찬모터스,145두4883,1,1,3,180.561,104.368,0,0,
39062793,현대,아반떼 MD,M16 GDI 럭셔리,,201103.0,2011,390.0,129030.0,가솔린,오토,ORIGINAL,일반,2025-03-20 12:53:20.000 +09,부산,(주)강변모터스,53버7473,4,2,5,210.8791,121.3055,0,0,
38735160,현대,아반떼 MD,M16 GDI 에비뉴,,201308.0,2014,499.0,145728.0,가솔린,오토,ORIGINAL,일반,2025-03-20 12:53:11.000 +09,충남,천안모터스,22모6965,2,1,3,176.1545,28.926,0,0,
38464042,현대,아반떼 AD,1.6 GDI 모던,(세부등급 없음),201511.0,2016,1090.0,75020.0,가솔린,오토,ORIGINAL,일반,2025-03-20 12:53:04.000 +09,부산,W모터스,58마0416,3,2,3,185.6266,98.61,0,0,
38520176,현대,더 뉴 아반떼 AD,1.6,스타일,201810.0,2019,1090.0,92688.0,가솔린,오토,ORIGINAL,일반,2025-03-20 12:52:49.000 +09,충북,탑모터스,196어8953,0,0,3,0.0,0.0,1,0,
36918811,현대,아반떼 AD,1.6 GDI 밸류 플러스,,201709.0,2018,890.0,108957.0,가솔린,오토,ORIGINAL,일반,2025-03-20 12:52:49.000 +09,충북,탑모터스,59보5115,4,3,1,714.1772,183.2905,0,0,
38150291,현대,더 뉴 아반떼 (CN7),2.0 N,,202406.0,2024,3430.0,2938.0,가솔린,수동,ORIGINAL,일반,2025-03-20 12:52:14.000 +09,경기,힐링모터스,340고9541,0,0,0,0.0,0.0,0,0,
39145001,현대,아반떼 AD,1.6 e-VGT 스마트,(세부등급 없음),201711.0,2018,850.0,67000.0,디젤,오토,ORIGINAL,일반,2025-03-20 12:52:02.000 +09,서울,,206노3645,1,0,2,48.73,0.0,1,0,
39169878,현대,아반떼 MD,M16 GDI 에비뉴,,201306.0,2014,420.0,152562.0,가솔린,오토,ORIGINAL,일반,2025-03-20 12:52:00.000 +09,부산,스타모터스,58더2343,3,5,0,139.6975,174.6858,0,0,
39204831,현대,더 뉴 아반떼 (CN7),2.0 N,,202401.0,2024,3286.0,3822.0,가솔린,오토,ORIGINAL,일반,2025-03-20 12:51:35.000 +09,대구,오토핸즈 대구직영점,361누5835,0,0,0,0.0,0.0,0,0,
39265883,현대,아반떼 (CN7),1.6,모던,202204.0,2023,1750.0,30673.0,가솔린,오토,ORIGINAL,일반,2025-03-20 12:51:35.000 +09,대구,오토핸즈 대구직영점,229조8403,0,0,2,0.0,0.0,1,0,
39135503,현대,더 뉴 아반떼 (CN7),2.0 N,,202310.0,2023,2970.0,30738.0,가솔린,오토,ORIGINAL,일반,2025-03-20 12:51:34.000 +09,대구,오토핸즈 대구직영점,114라2240,0,0,1,0.0,0.0,0,0,
38894047,현대,더 뉴 아반떼,1.6 GDi 스마트,기본형,201410.0,2015,750.0,61594.0,가솔린,오토,ORIGINAL,일반,2025-03-20 12:51:34.000 +09,대구,오토핸즈 대구직영점,55누7728,3,1,1,145.1672,111.6763,0,0,
38983094,현대,더 뉴 아반떼 AD,1.6,스마트 초이스,201911.0,2020,1350.0,42357.0,가솔린,오토,ORIGINAL,일반,2025-03-20 12:51:34.000 +09,대구,오토핸즈 대구직영점,114버5563,0,0,1,0.0,0.0,0,0,
39244165,현대,아반떼 (CN7),1.6,모던,202211.0,2023,2220.0,11462.0,가솔린,오토,ORIGINAL,일반,2025-03-20 12:51:33.000 +09,대구,오토핸즈 대구직영점,287보6086,0,0,1,0.0,0.0,0,0,
39017009,현대,아반떼 AD,1.6 GDI 스마트,(세부등급 없음),201703.0,2017,990.0,65367.0,가솔린,오토,ORIGINAL,일반,2025-03-20 12:51:33.000 +09,대구,오토핸즈 대구직영점,18소6701,2,0,1,182.2793,0.0,0,0,
39080794,현대,아반떼 (CN7),1.6,모던,202106.0,2021,1730.0,36453.0,가솔린,오토,ORIGINAL,일반,2025-03-20 12:51:33.000 +09,대구,오토핸즈 대구직영점,180거7389,0,2,1,0.0,137.4456,0,0,
38894025,현대,아반떼 MD,M16 GDI 프리미어,,201207.0,2012,610.0,68807.0,가솔린,오토,ORIGINAL,일반,2025-03-20 12:51:33.000 +09,대구,오토핸즈 대구직영점,24오2709,3,2,1,158.7056,277.101,0,0,
38333125,현대,아반떼 AD,1.6 GDI 스타일,,201602.0,2016,799.0,90502.0,가솔린,오토,ORIGINAL,일반,2025-03-20 12:51:30.000 +09,전북,장동매매상사,126어8917,4,3,6,358.9812,551.2829,1,0,
38885434,현대,더 뉴 아반떼 AD,1.6,스마트,201905.0,2019,1099.0,117484.0,가솔린,오토,ORIGINAL,일반,2025-03-20 12:51:30.000 +09,전북,장동매매상사,160더7446,1,0,5,57.1025,0.0,1,0,
38454489,현대,더 뉴 아반떼 (CN7),1.6 LPi (장애인),모던,202310.0,2024,2201.0,15000.0,LPG(일반인 구입),오토,ORIGINAL,렌트,2025-03-20 12:51:17.000 +09,경기,(주)탑기어모터스,171하4542,1,0,0,80.8497,0.0,0,0,
39266668,현대,아반떼 (CN7),1.6,스마트,202101.0,2021,1190.0,98500.0,가솔린,오토,ORIGINAL,일반,2025-03-20 12:51:14.000 +09,경기,(주)탑기어모터스,108거7241,0,2,1,0.0,42.6047,1,0,
39259785,현대,더 뉴 아반떼 AD,1.6 LPi,스타일(렌터카용),201909.0,2020,890.0,90100.0,LPG(일반인 구입),오토,ORIGINAL,일반,2025-03-20 12:51:14.000 +09,경기,(주)탑기어모터스,122고9642,3,2,2,570.1903,253.7997,1,0,
38386311,현대,아반떼 AD,1.6 GDI 스마트,(세부등급 없음),201602.0,2016,950.0,92332.0,가솔린,오토,ORIGINAL,일반,2025-03-20 12:51:08.000 +09,서울,(주)애플카,24머0796,3,3,2,211.0239,420.9924,0,0,
39255098,현대,아반떼 (CN7),1.6,모던,202012.0,2021,1690.0,68182.0,가솔린,오토,ORIGINAL,일반,2025-03-20 12:51:02.000 +09,전북,백악관모터스,269무3905,0,0,1,0.0,0.0,1,0,
38900820,현대,더 뉴 아반떼,1.6 GDi 모던,기본형,201311.0,2014,590.0,135000.0,가솔린,오토,ORIGINAL,일반,2025-03-20 12:51:00.000 +09,전북,대한자동차,33모2250,4,2,2,412.6287,174.3845,0,0,
39189457,현대,더 뉴 아반떼 AD,1.6,스마트 초이스,201907.0,2020,1299.0,71826.0,가솔린,오토,ORIGINAL,일반,2025-03-20 12:51:00.000 +09,전북,대한자동차,243우5351,0,1,1,0.0,62.541,1,0,
38620925,현대,더 뉴 아반떼,1.6 GDi 스마트,기본형,201307.0,2014,670.0,76000.0,가솔린,오토,ORIGINAL,일반,2025-03-20 12:50:47.000 +09,대구,sb모터스 매매상사,18소2643,3,0,1,215.951,0.0,0,0,
39069642,현대,아반떼 AD,1.6 GDI 밸류 플러스,,201807.0,2018,1190.0,23605.0,가솔린,오토,ORIGINAL,일반,2025-03-20 12:50:46.000 +09,울산,다인모터스,22어2310,2,2,2,332.748,324.6331,0,0,
39096279,현대,아반떼 (CN7),1.6,인스퍼레이션,202303.0,2023,2190.0,26447.0,가솔린,오토,ORIGINAL,일반,2025-03-20 12:50:36.000 +09,경기,차여사,115라7821,2,1,2,294.8924,156.4523,0,0,
38896671,현대,아반떼 AD,1.6 터보 스포츠,(세부등급 없음),201810.0,2018,1270.0,55108.0,가솔린,수동,ORIGINAL,일반,2025-03-20 12:50:36.000 +09,경기,차여사,42다7841,1,2,4,562.4409,147.759,0,0,
37375689,현대,더 뉴 아반떼 AD,1.6,스마트,201904.0,2019,1200.0,71254.0,가솔린,오토,ORIGINAL,일반,2025-03-20 12:50:28.000 +09,경기,차차모터스,311저1959,3,0,1,210.903,0.0,1,0,
38613902,현대,더 뉴 아반떼,1.6 VGT 프리미엄,기본형,201405.0,2015,539.0,110000.0,디젤,오토,ORIGINAL,일반,2025-03-20 12:50:27.000 +09,경기,고려자동차,35거6943,4,3,1,423.1861,292.0293,0,0,
37091123,현대,아반떼 (CN7),1.6,모던,202010.0,2021,1480.0,97329.0,가솔린,오토,ORIGINAL,일반,2025-03-20 12:50:22.000 +09,경남,제이모터스,344나2044,1,0,2,73.0909,0.0,1,0,
39159628,현대,아반떼 (CN7),1.6,인스퍼레이션,202106.0,2021,2120.0,23206.0,가솔린,오토,ORIGINAL,일반,2025-03-20 12:50:14.000 +09,경남,주영모터스,252다2499,0,0,1,0.0,0.0,0,0,
38731626,현대,아반떼 AD,1.6 GDI 밸류 플러스,,201703.0,2017,880.0,140438.0,가솔린,오토,ORIGINAL,일반,2025-03-20 12:50:04.000 +09,경기,(주)티엠씨모터스,61오5075,0,2,3,0.0,105.274,0,0,
37969360,현대,더 뉴 아반떼,1.6 GDi 모던,기본형,201405.0,2014,750.0,105627.0,가솔린,오토,ORIGINAL,일반,2025-03-20 12:49:52.000 +09,울산,(주)무룡인더스,27다2527,2,1,3,94.748,38.784,0,0,
39154991,현대,아반떼 (CN7),2.0 N,,202202.0,2022,9999.0,24516.0,가솔린,오토,ORIGINAL,일반,2025-03-20 12:49:51.000 +09,울산,(주)무룡인더스,110루4277,1,0,4,43.264,0.0,0,0,
39251791,현대,아반떼 AD,1.6 GDI 밸류 플러스,,201610.0,2017,950.0,64100.0,가솔린,오토,ORIGINAL,일반,2025-03-20 12:49:51.000 +09,울산,(주)무룡인더스,306너5236,2,2,2,350.3444,241.8584,1,0,
39198669,현대,아반떼 MD,M16 GDI 럭셔리,,201204.0,2012,425.0,96000.0,가솔린,오토,ORIGINAL,일반,2025-03-20 12:49:06.000 +09,대전,충청상사,32도2607,6,4,3,421.0067,330.0955,0,0,
39138817,현대,아반떼 (CN7),1.6,모던,202012.0,2021,1760.0,22880.0,가솔린,오토,ORIGINAL,일반,2025-03-20 12:49:06.000 +09,부산,아하에이젼트,304고3817,0,0,3,0.0,0.0,0,0,
39148892,현대,아반떼 (CN7),1.6,모던,202012.0,2021,1760.0,22907.0,가솔린,오토,ORIGINAL,일반,2025-03-20 12:49:05.000 +09,부산,아하에이젼트,304고3817,0,0,3,0.0,0.0,0,0,
38825337,현대,더 뉴 아반떼,1.6 VGT 스타일,,201404.0,2014,580.0,77500.0,디젤,오토,ORIGINAL,일반,2025-03-20 12:49:05.000 +09,부산,아하에이젼트,31노3913,0,1,1,0.0,102.675,0,0,
39228808,현대,아반떼 AD,1.6 GDI 모던,스페셜,201608.0,2017,980.0,132584.0,가솔린,오토,ORIGINAL,일반,2025-03-20 12:48:18.000 +09,전북,강남모터스,40버0294,3,0,1,181.2153,0.0,0,0,
38782306,현대,아반떼 MD,M16 GDI 에비뉴,,201302.0,2013,570.0,113578.0,가솔린,오토,ORIGINAL,일반,2025-03-20 12:47:55.000 +09,부산,붕붕모터스,63두3153,7,2,1,417.8888,149.932,0,0,
39168949,현대,더 뉴 아반떼 (CN7),1.6,인스퍼레이션,202307.0,2024,2360.0,18076.0,가솔린,오토,ORIGINAL,일반,2025-03-20 12:47:36.000 +09,광주,123모터스,224부9375,0,0,1,0.0,0.0,0,0,
39201658,현대,더 뉴 아반떼 AD,1.6 LPi,스타일(렌터카용),201810.0,2019,1250.0,54527.0,LPG(일반인 구입),오토,ORIGINAL,일반,2025-03-20 12:47:35.000 +09,경기,카메이트,137모5603,0,0,2,0.0,0.0,1,0,
38729383,현대,아반떼 하이브리드 (CN7),인스퍼레이션,,202010.0,2021,1770.0,67934.0,가솔린+전기,오토,ORIGINAL,일반,2025-03-20 12:47:26.000 +09,대구,엔오토모빌,194조3614,2,0,1,1117.5466,0.0,1,0,
38509251,현대,더 뉴 아반떼,1.6 VGT 모던,기본형,201308.0,2014,530.0,126690.0,디젤,오토,ORIGINAL,일반,2025-03-20 12:47:25.000 +09,대구,엔오토모빌,50부2831,1,2,6,354.267,665.79,0,0,
39165357,현대,아반떼 (CN7),1.6,스마트,202104.0,2021,1450.0,85185.0,가솔린,오토,ORIGINAL,일반,2025-03-20 12:47:09.000 +09,충북,e-조은모터스,246소6614,0,2,2,0.0,190.379,1,0,
39073328,현대,아반떼 (CN7),1.6,인스퍼레이션,202007.0,2021,1910.0,60821.0,가솔린,오토,ORIGINAL,일반,2025-03-20 12:46:44.000 +09,대구,오토플러스(주),396구6297,1,0,2,167.3942,0.0,0,0,
38826908,현대,더 뉴 아반떼,1.6 GDi 모던,기본형,201401.0,2014,800.0,67165.0,가솔린,오토,ORIGINAL,일반,2025-03-20 12:46:44.000 +09,대구,오토플러스(주),20버8461,3,1,1,188.7355,57.4625,0,0,
39168983,현대,아반떼 AD,1.6 GDI 스타일,,201705.0,2018,650.0,124288.0,가솔린,수동,ORIGINAL,일반,2025-03-20 12:46:38.000 +09,경기,(주)스마트자동차,08오9406,0,0,0,0.0,0.0,0,0,
37157897,현대,더 뉴 아반떼,1.6 GDi 스마트,기본형,201503.0,2015,699.0,76025.0,가솔린,오토,ORIGINAL,일반,2025-03-20 12:45:56.000 +09,부산,오토파크모터스,35수2247,1,1,1,119.998,58.709,0,0,
39026279,현대,아반떼 AD,1.6 GDI 밸류 플러스,,201704.0,2018,1380.0,17426.0,가솔린,오토,ORIGINAL,일반,2025-03-20 12:45:43.000 +09,울산,조이카,43마1754,0,0,0,0.0,0.0,0,0,
39120019,현대,아반떼 하이브리드 (CN7),인스퍼레이션,,202207.0,2023,2480.0,37169.0,가솔린+전기,오토,ORIGINAL,일반,2025-03-20 12:45:42.000 +09,울산,조이카,173가6713,0,1,1,0.0,0.0,0,0,
39169463,현대,더 뉴 아반떼 AD,1.6,스마트 초이스,202003.0,2020,1520.0,38133.0,가솔린,오토,ORIGINAL,일반,2025-03-20 12:45:42.000 +09,울산,조이카,391노4234,0,0,1,0.0,0.0,1,0,
39231587,현대,아반떼 (CN7),2.0 N,,202109.0,2022,2790.0,34726.0,가솔린,오토,ORIGINAL,일반,2025-03-20 12:45:41.000 +09,서울,태성모터스,306더3976,0,0,1,0.0,0.0,0,0,
37527617,현대,아반떼 MD,M16 GDI 럭셔리,,201101.0,2011,410.0,99403.0,가솔린,오토,ORIGINAL,일반,2025-03-20 12:45:16.000 +09,대전,(주)이카,66보8630,3,4,2,287.6239,148.2848,0,0,
37815270,현대,아반떼 AD,1.6 GDI 모던,(세부등급 없음),201602.0,2016,749.0,149903.0,가솔린,오토,ORIGINAL,일반,2025-03-20 12:45:16.000 +09,충남,불모터스,27서0634,5,1,2,314.6819,35.6078,0,0,
38516049,현대,더 뉴 아반떼,1.6 GDi 스마트,기본형,201501.0,2015,720.0,88739.0,가솔린,오토,ORIGINAL,일반,2025-03-20 12:45:15.000 +09,대전,(주)이카,50로5120,0,0,1,0.0,0.0,0,0,
38687649,현대,더 뉴 아반떼,1.6 GDi 스마트,기본형,201403.0,2014,650.0,108660.0,가솔린,오토,ORIGINAL,일반,2025-03-20 12:45:15.000 +09,대전,(주)이카,14고4672,2,2,2,86.177,82.1,0,0,
39218142,현대,더 뉴 아반떼,1.6 GDi 모던,기본형,201510.0,2016,720.0,54393.0,가솔린,오토,ORIGINAL,일반,2025-03-20 12:45:15.000 +09,대전,(주)이카,40루0789,2,2,1,424.948,246.477,0,0,
38965601,현대,아반떼 AD,1.6 GDI 모던,(세부등급 없음),201602.0,2016,819.0,106663.0,가솔린,오토,ORIGINAL,일반,2025-03-20 12:45:13.000 +09,경기,세종오토,54보0117,3,1,1,461.6718,161.4564,0,0,
39102077,현대,더 뉴 아반떼 AD,1.6,스마트,201812.0,2019,1340.0,26514.0,가솔린,오토,ORIGINAL,일반,2025-03-20 12:45:10.000 +09,경남,주)V모터스,203보8528,2,1,2,238.1189,52.459,1,0,
39049906,현대,아반떼 AD,1.6 GDI 밸류 플러스,,201701.0,2017,895.0,101611.0,가솔린,오토,ORIGINAL,일반,2025-03-20 12:45:08.000 +09,대구,부성자동차상사,57로4740,3,4,4,399.6773,195.9168,0,0,
36039533,현대,아반떼 AD,1.6 터보 스포츠,(세부등급 없음),201707.0,2018,899.0,137351.0,가솔린,수동,ORIGINAL,일반,2025-03-20 12:45:04.000 +09,대구,SK모터스,08조9525,2,1,3,346.4148,3033.7464,0,0,
38909335,현대,아반떼 AD,1.6 GDI 스마트,(세부등급 없음),201603.0,2016,950.0,64905.0,가솔린,오토,ORIGINAL,일반,2025-03-20 12:44:50.000 +09,경기,오토허브 차다운차,10조0921,3,1,5,147.0123,44.977,0,0,
38473835,현대,아반떼 MD,M16 GDI 모던,,201212.0,2013,590.0,78050.0,가솔린,오토,ORIGINAL,일반,2025-03-20 12:44:43.000 +09,대구,청구상사,13거8290,4,1,2,153.4731,163.7213,0,0,
38722780,현대,더 뉴 아반떼 AD,1.6,스마트,201811.0,2019,1470.0,63816.0,가솔린,오토,ORIGINAL,일반,2025-03-20 12:44:43.000 +09,대구,청구상사,34수6957,1,0,3,44.3099,0.0,0,0,
38101523,현대,아반떼 MD,M16 GDI 스마트,,201212.0,2013,500.0,110908.0,가솔린,오토,ORIGINAL,일반,2025-03-20 12:44:24.000 +09,광주,스타오토모빌,41부1801,2,1,3,97.3216,22.7969,0,0,
38889148,현대,더 뉴 아반떼,1.6 GDi 모던,기본형,201407.0,2014,740.0,61856.0,가솔린,오토,ORIGINAL,일반,2025-03-20 12:44:16.000 +09,부산,(주)다온모터스,48모6398,2,3,3,82.3926,435.2895,0,0,
39018814,현대,아반떼 HD,1.6 VVT S16,프리미어,200702.0,2007,250.0,155372.0,가솔린,오토,ORIGINAL,일반,2025-03-20 12:43:56.000 +09,경기,유신모터스,10두4824,5,2,5,601.0664,67.1928,0,0,
39189694,현대,아반떼 AD,1.6 터보 스포츠,익스트림 셀렉션,201801.0,2018,1490.0,67533.0,가솔린,오토,ORIGINAL,일반,2025-03-20 12:43:52.000 +09,경기,(주)왕카,61도2285,2,0,1,223.1169,0.0,0,0,
37701499,현대,아반떼 MD,M16 GDI 럭셔리,,201204.0,2012,370.0,160475.0,가솔린,오토,ORIGINAL,일반,2025-03-20 12:43:26.000 +09,대전,(주)누리자동차,63마9018,4,3,0,258.0698,302.584,0,0,
38977622,현대,더 뉴 아반떼,1.6 GDi 스마트,기본형,201402.0,2014,620.0,92420.0,가솔린,오토,ORIGINAL,일반,2025-03-20 12:43:13.000 +09,대구,신대신자동차상사,47노7595,3,5,2,429.0974,413.493,0,0,
38866680,현대,더 뉴 아반떼,1.6 GDi 스타일,,201502.0,2015,595.0,108302.0,가솔린,오토,ORIGINAL,일반,2025-03-20 12:43:13.000 +09,대구,신대신자동차상사,49머5053,5,6,2,339.5661,312.697,0,0,
38902916,현대,아반떼 AD,1.6 GDI 밸류 플러스,,201705.0,2017,999.0,114175.0,가솔린,오토,ORIGINAL,일반,2025-03-20 12:43:13.000 +09,대구,신대신자동차상사,35모4044,7,4,1,588.3774,252.0479,0,0,
38986301,현대,아반떼 AD,1.6 GDI 밸류 플러스,,201711.0,2018,850.0,149620.0,가솔린,오토,ORIGINAL,일반,2025-03-20 12:43:05.000 +09,경기,스카이모터스,05노5345,1,0,1,74.9679,0.0,0,0,
39211933,현대,아반떼 (CN7),1.6,인스퍼레이션,202011.0,2021,1970.0,62345.0,가솔린,오토,ORIGINAL,일반,2025-03-20 12:42:55.000 +09,경기,로얄모터스,311부5967,0,0,2,0.0,0.0,0,0,
39038719,현대,더 뉴 아반떼 (CN7),1.6,스마트,202305.0,2024,1970.0,25419.0,가솔린,오토,ORIGINAL,일반,2025-03-20 12:42:54.000 +09,경기,로얄모터스,110더9667,0,0,2,0.0,0.0,0,0,
39198084,현대,아반떼 (CN7),1.6,인스퍼레이션,202006.0,2021,1950.0,74283.0,가솔린,오토,ORIGINAL,일반,2025-03-20 12:42:54.000 +09,경기,로얄모터스,138머9898,0,0,0,0.0,0.0,0,0,
39271313,현대,아반떼 (CN7),1.6,인스퍼레이션,202008.0,2021,1990.0,53987.0,가솔린,오토,ORIGINAL,일반,2025-03-20 12:42:53.000 +09,경기,로얄모터스,304주9870,0,1,0,0.0,74.8672,0,0,
38292614,현대,아반떼 (CN7),1.6,인스퍼레이션,202105.0,2021,2050.0,30811.0,가솔린,오토,ORIGINAL,일반,2025-03-20 12:42:44.000 +09,충북,정모터스,300다8101,3,0,1,160.5135,0.0,0,0,
37194469,현대,아반떼 MD,M16 GDI 스마트,,201210.0,2013,390.0,190069.0,가솔린,오토,ORIGINAL,일반,2025-03-20 12:42:44.000 +09,충북,정모터스,59도1249,4,2,1,250.5057,61.064,0,0,
37600957,현대,아반떼 MD,M16 GDI 프리미어,,201103.0,2011,650.0,78396.0,가솔린,오토,ORIGINAL,일반,2025-03-20 12:42:44.000 +09,충북,정모터스,51고6900,5,2,1,207.0958,113.8797,0,0,
38813282,현대,아반떼 MD,M16 GDI 블루세이버,,201110.0,2012,490.0,149069.0,가솔린,오토,ORIGINAL,일반,2025-03-20 12:42:35.000 +09,전북,뉴소나무상사,20부5893,1,0,3,62.3995,0.0,0,0,
39229206,현대,더 뉴 아반떼,1.6 GDi 모던,기본형,201409.0,2015,690.0,99082.0,가솔린,오토,ORIGINAL,일반,2025-03-20 12:42:33.000 +09,경기,명문자동차,50무1245,2,2,3,182.5274,319.6542,0,0,
38702368,현대,아반떼 AD,1.6 GDI 밸류 플러스,,201808.0,2018,1160.0,69545.0,가솔린,오토,ORIGINAL,일반,2025-03-20 12:42:22.000 +09,전북,창성모터스,146마9812,1,0,3,44.3134,0.0,1,0,
37212521,현대,아반떼 (CN7),1.6,모던,202004.0,2021,1820.0,35630.0,가솔린,오토,ORIGINAL,일반,2025-03-20 12:42:11.000 +09,부산,바론카,152다5160,1,0,1,33.1599,0.0,0,0,
38966705,현대,아반떼 AD,1.6 GDI 밸류 플러스,,201807.0,2018,1070.0,123282.0,가솔린,오토,ORIGINAL,일반,2025-03-20 12:42:11.000 +09,부산,바론카,152가2469,0,1,4,0.0,49.0419,1,0,
38952134,현대,더 뉴 아반떼 (CN7),1.6,인스퍼레이션,202309.0,2024,2460.0,39403.0,가솔린,오토,ORIGINAL,일반,2025-03-20 12:41:55.000 +09,대구,중앙상사,362더5690,0,0,1,0.0,0.0,0,0,
37998880,현대,아반떼 하이브리드 (CN7),인스퍼레이션,,202105.0,2021,2480.0,51746.0,가솔린+전기,오토,ORIGINAL,일반,2025-03-20 12:41:55.000 +09,대구,중앙상사,362주6601,0,0,2,0.0,0.0,1,0,
39203507,현대,아반떼 하이브리드 (CN7),모던,,202011.0,2021,1149.0,167982.0,가솔린+전기,오토,ORIGINAL,일반,2025-03-20 12:41:46.000 +09,부산,(주)퍼스트모터스,220소1791,0,0,1,0.0,0.0,1,0,
37906168,현대,아반떼 AD,1.6 GDI 모던,(세부등급 없음),201510.0,2016,990.0,75729.0,가솔린,오토,ORIGINAL,일반,2025-03-20 12:41:37.000 +09,경기,오토허브   굿카모터스,22거0572,3,0,1,162.0943,0.0,0,0,
38617993,현대,아반떼 AD,1.6 GDI 스마트,(세부등급 없음),201601.0,2016,990.0,81981.0,가솔린,오토,ORIGINAL,일반,2025-03-20 12:41:03.000 +09,충북,(주)이조은모터스,19러0903,7,4,6,937.4918,358.0036,0,0,
39171059,현대,아반떼 AD,1.6 GDI 모던,스페셜,201509.0,2016,980.0,87855.0,가솔린,오토,ORIGINAL,일반,2025-03-20 12:40:47.000 +09,부산, 해동상사,14서8064,5,1,0,431.1801,100.6038,0,0,
37094045,현대,아반떼 AD,1.6 GDI 스마트,(세부등급 없음),201602.0,2016,780.0,138941.0,가솔린,오토,ORIGINAL,일반,2025-03-20 12:40:47.000 +09,부산, 해동상사,39저0627,3,1,0,257.135,198.711,0,0,
38765952,현대,아반떼 (CN7),1.6,인스퍼레이션,202104.0,2021,1539.0,50601.0,가솔린,오토,ORIGINAL,일반,2025-03-20 12:40:41.000 +09,대구,당근 자동차상사,108버3543,3,3,2,1362.023,655.3002,0,0,
38853403,현대,아반떼 (CN7),1.6,모던,202011.0,2021,1269.0,55581.0,가솔린,오토,ORIGINAL,일반,2025-03-20 12:40:41.000 +09,대구,당근 자동차상사,144오9504,4,3,1,1084.0923,1471.1498,1,0,
38835370,현대,아반떼 MD,M16 GDI 프리미엄,,201304.0,2014,580.0,136609.0,가솔린,오토,ORIGINAL,일반,2025-03-20 12:40:24.000 +09,충북,제이엠모터스,25수5915,2,1,1,739.819,53.66,0,0,
38595310,현대,아반떼 AD,1.6 GDI 밸류 플러스,,201806.0,2018,1280.0,63870.0,가솔린,오토,ORIGINAL,일반,2025-03-20 12:40:24.000 +09,충북,제이엠모터스,174다6723,0,0,5,0.0,0.0,1,0,
39131953,현대,아반떼 AD,1.6 터보 스포츠,(세부등급 없음),201705.0,2018,990.0,123542.0,가솔린,수동,ORIGINAL,일반,2025-03-20 12:40:21.000 +09,경기,두드림자동차,61로4051,0,0,8,0.0,0.0,0,0,
38893306,현대,아반떼 MD,M16 GDI 럭셔리,,201210.0,2013,480.0,105648.0,가솔린,오토,ORIGINAL,일반,2025-03-20 12:40:17.000 +09,부산,정원모터스,30마6115,3,2,6,206.7626,98.443,0,0,
39249131,현대,더 뉴 아반떼 AD,1.6,스마트,201905.0,2020,1550.0,80919.0,가솔린,오토,ORIGINAL,일반,2025-03-20 12:40:14.000 +09,경남,제일모터스,18조1578,2,0,0,262.2799,0.0,0,0,
38986980,현대,더 뉴 아반떼,1.6 VGT 스마트,기본형,201311.0,2014,499.0,111064.0,디젤,오토,ORIGINAL,일반,2025-03-20 12:39:56.000 +09,광주,스마일모터스,66누7011,2,0,4,142.698,0.0,0,0,
38639029,현대,아반떼 AD,1.6 GDI 밸류 플러스,,201807.0,2018,1260.0,61675.0,가솔린,오토,ORIGINAL,일반,2025-03-20 12:39:53.000 +09,부산,도깨비모터스,29두8471,1,0,2,39.9944,0.0,0,0,
38868887,현대,아반떼 MD,M16 GDI 탑,,201203.0,2012,650.0,68530.0,가솔린,오토,ORIGINAL,일반,2025-03-20 12:39:53.000 +09,부산,도깨비모터스,67너4882,1,2,5,30.2058,215.1229,0,0,
38767780,현대,아반떼 MD,M16 GDI 럭셔리,,201204.0,2012,530.0,95783.0,가솔린,오토,ORIGINAL,일반,2025-03-20 12:39:53.000 +09,부산,도깨비모터스,35어2561,4,3,2,108.5024,391.2034,0,0,
39274987,현대,아반떼 (CN7),1.6 터보 N Line,스포츠,202105.0,2021,1970.0,52436.0,가솔린,오토,ORIGINAL,일반,2025-03-20 12:39:50.000 +09,대구,영모터스,151수3165,0,0,2,0.0,0.0,0,0,
39202556,현대,아반떼 AD,1.6 e-VGT 프리미엄,,201702.0,2017,890.0,137800.0,디젤,오토,ORIGINAL,일반,2025-03-20 12:39:43.000 +09,부산,(주)건우모터스,51버7069,4,2,4,320.3423,221.665,0,0,
39034709,현대,아반떼 (CN7),2.0 N,,202204.0,2022,2020.0,97835.0,가솔린,수동,ORIGINAL,일반,2025-03-20 12:39:43.000 +09,부산,(주)건우모터스,335러9233,1,1,0,405.5853,262.613,0,0,
38565123,현대,더 뉴 아반떼,1.6 GDi 텐밀리언 리미티드,기본형,201506.0,2016,950.0,74550.0,가솔린,오토,ORIGINAL,일반,2025-03-20 12:39:26.000 +09,대구,태성모터스,55서3466,2,0,5,117.484,0.0,0,0,
39239532,현대,아반떼 (CN7),1.6,모던,202103.0,2021,1739.0,45883.0,가솔린,오토,ORIGINAL,일반,2025-03-20 12:39:14.000 +09,경기,오토프라임,226더9873,0,0,1,0.0,0.0,1,0,
39205838,현대,아반떼 (CN7),1.6,모던,202012.0,2021,1589.0,47947.0,가솔린,오토,ORIGINAL,일반,2025-03-20 12:39:14.000 +09,경기,오토프라임,226소3356,1,1,2,166.5961,195.754,1,0,
39256139,현대,아반떼 (CN7),1.6,모던,202007.0,2021,1720.0,59850.0,가솔린,오토,ORIGINAL,일반,2025-03-20 12:39:03.000 +09,대구,에이스모터스,255주5086,3,1,1,263.957,42.982,0,0,
39118777,현대,아반떼 AD,1.6 GDI 밸류 플러스,,201610.0,2017,1230.0,11182.0,가솔린,오토,ORIGINAL,일반,2025-03-20 12:38:51.000 +09,울산,태성모터스,22오0239,2,1,2,81.7831,58.7068,0,0,
38911694,현대,아반떼 (CN7),2.0 N,,202109.0,2022,2550.0,43872.0,가솔린,오토,ORIGINAL,일반,2025-03-20 12:38:51.000 +09,울산,태성모터스,214다1084,2,0,2,297.3073,0.0,1,0,
39222601,현대,더 뉴 아반떼,1.6 GDi 스마트,기본형,201408.0,2015,780.0,87456.0,가솔린,오토,ORIGINAL,일반,2025-03-20 12:38:51.000 +09,울산,태성모터스,47노6674,2,2,3,110.758,300.553,0,0,
39213595,현대,더 뉴 아반떼 AD,1.6,스마트,201810.0,2019,960.0,154491.0,가솔린,오토,ORIGINAL,일반,2025-03-20 12:38:22.000 +09,서울,mn드림카,47도7162,0,0,1,0.0,0.0,0,0,
38263974,현대,아반떼 (CN7),1.6,인스퍼레이션,202104.0,2021,1890.0,58184.0,가솔린,오토,ORIGINAL,일반,2025-03-20 12:38:19.000 +09,대전,(주)웅이자동차,170러2890,1,1,1,135.1489,51.6369,0,0,
38870620,현대,아반떼 MD,M16 GDI 에비뉴,,201305.0,2014,570.0,120795.0,가솔린,오토,ORIGINAL,일반,2025-03-20 12:38:07.000 +09,전북,현대모터스,46고1103,6,1,2,302.663,141.22,0,0,
38588409,현대,아반떼 MD,M16 GDI 럭셔리,,201105.0,2011,400.0,147481.0,가솔린,오토,ORIGINAL,일반,2025-03-20 12:38:07.000 +09,전북,현대모터스,50루6261,1,1,5,90.423,38.514,1,0,
38468538,현대,아반떼 AD,1.6 GDI 밸류 플러스,,201808.0,2018,1300.0,71571.0,가솔린,오토,ORIGINAL,일반,2025-03-20 12:37:38.000 +09,부산,동원모터스상사,68주7715,1,1,1,32.733,0.0,0,0,
39012776,현대,아반떼 MD,M16 GDI 프리미어,,201103.0,2011,500.0,137641.0,가솔린,오토,ORIGINAL,일반,2025-03-20 12:37:30.000 +09,부산,(주) 형제모터스,31서7761,5,5,4,440.0963,604.645,0,0,
38518393,현대,아반떼 AD,1.6 GDI 스마트,스페셜,201602.0,2016,980.0,76706.0,가솔린,오토,ORIGINAL,일반,2025-03-20 12:37:19.000 +09,부산,건우모터스,21도0641,2,3,3,125.4653,280.0253,0,0,
39168548,현대,아반떼 (CN7),1.6,모던,202005.0,2021,1760.0,54021.0,가솔린,오토,ORIGINAL,일반,2025-03-20 12:36:49.000 +09,경기,주식회사 카오토,149더4162,0,0,0,0.0,0.0,0,0,
38625983,현대,아반떼 AD,1.6 GDI 모던,(세부등급 없음),201510.0,2016,1140.0,72907.0,가솔린,오토,ORIGINAL,일반,2025-03-20 12:36:47.000 +09,부산,더마니카동부산점,55라0963,0,1,1,0.0,25.5738,0,0,
38878389,현대,아반떼 (CN7),1.6,인스퍼레이션,202005.0,2021,1740.0,82618.0,가솔린,오토,ORIGINAL,일반,2025-03-20 12:36:40.000 +09,부산,스타모터스,258더3170,1,0,2,179.2,0.0,0,0,
39224562,현대,아반떼 (CN7),2.0 N,,202305.0,2023,2050.0,27700.0,가솔린,오토,ORIGINAL,일반,2025-03-20 12:36:37.000 +09,경기,유신모터스,191버3883,4,1,1,4391.3577,388.0784,0,0,
39210414,현대,아반떼 하이브리드 (CN7),모던,,202107.0,2021,1880.0,73956.0,가솔린+전기,오토,ORIGINAL,일반,2025-03-20 12:36:30.000 +09,대전,(주)뉴신용자동차,161우4790,0,0,1,0.0,0.0,1,0,
38946257,현대,아반떼 MD,M16 GDI 디럭스,,201009.0,2011,465.0,72326.0,가솔린,오토,ORIGINAL,일반,2025-03-20 12:36:27.000 +09,대구,애플모터스,67더3317,2,2,5,289.2617,607.4589,0,0,
38035124,현대,아반떼 (CN7),1.6 LPi (렌터카),스타일,202101.0,2021,1470.0,28844.0,LPG(일반인 구입),오토,ORIGINAL,일반,2025-03-20 12:35:50.000 +09,부산,로다 오토모빌,122모5401,2,0,1,99.0072,0.0,1,0,
38618154,현대,아반떼 AD,1.6 GDI 밸류 플러스,,201803.0,2018,750.0,182137.0,가솔린,오토,ORIGINAL,일반,2025-03-20 12:35:07.000 +09,경북,강현모터스,159누6747,1,4,1,208.2584,1981.9787,1,0,
39236859,현대,아반떼 AD,1.6 GDI 밸류 플러스,,201805.0,2018,895.0,115649.0,가솔린,오토,ORIGINAL,일반,2025-03-20 12:34:49.000 +09,대구,SM모터스,366더2390,0,0,2,0.0,0.0,1,0,
38643937,현대,아반떼 AD,1.6 GDI 스타일,,201702.0,2017,775.0,102779.0,가솔린,오토,ORIGINAL,일반,2025-03-20 12:34:49.000 +09,대구,SM모터스,229주7485,3,1,4,374.6354,427.0798,1,0,
39206439,현대,더 뉴 아반떼 AD,1.6,스마트,201902.0,2019,1155.0,92813.0,가솔린,오토,ORIGINAL,일반,2025-03-20 12:34:49.000 +09,대구,SM모터스,265버1425,3,0,1,208.8836,0.0,1,0,
39081825,현대,아반떼 MD,M16 GDI 프리미엄,,201306.0,2014,630.0,105732.0,가솔린,오토,ORIGINAL,일반,2025-03-20 12:34:38.000 +09,대구,오토마트,59부1280,3,3,3,391.4983,313.349,0,0,
39104362,현대,아반떼 AD,1.6 GDI 밸류 플러스,,201802.0,2018,820.0,179335.0,가솔린,오토,ORIGINAL,일반,2025-03-20 12:34:31.000 +09,대구,성서 자동차상사,03서9370,1,2,1,65.4358,266.0668,0,0,
39094113,현대,아반떼 MD,M16 GDI 럭셔리,,201104.0,2011,470.0,118515.0,가솔린,오토,ORIGINAL,일반,2025-03-20 12:34:03.000 +09,경기,엘모터스,14거3383,0,0,0,0.0,0.0,0,0,
39173335,현대,아반떼 (CN7),1.6,스마트,202009.0,2021,1770.0,19506.0,가솔린,오토,ORIGINAL,일반,2025-03-20 12:34:01.000 +09,충북,정일모터스,108너1071,2,0,1,72.791,0.0,1,0,
37595240,현대,아반떼 하이브리드 (CN7),인스퍼레이션,,202205.0,2023,2500.0,21126.0,가솔린+전기,오토,ORIGINAL,일반,2025-03-20 12:33:42.000 +09,울산,(주)나인모터스,325도6301,0,0,1,0.0,0.0,0,0,
39138584,현대,아반떼 MD,M16 GDI 럭셔리,,201206.0,2012,430.0,101854.0,가솔린,수동,ORIGINAL,일반,2025-03-20 12:33:41.000 +09,울산,(주)나인모터스,64더7295,2,1,1,54.2864,32.304,0,0,
39007737,현대,아반떼 AD,1.6 e-VGT 스마트,(세부등급 없음),201512.0,2016,830.0,99849.0,디젤,오토,ORIGINAL,일반,2025-03-20 12:33:41.000 +09,울산,(주)나인모터스,64더7844,2,2,1,185.881,223.718,0,0,
39115408,현대,더 뉴 아반떼,1.6 GDi 모던,기본형,201507.0,2016,850.0,96141.0,가솔린,오토,ORIGINAL,일반,2025-03-20 12:33:41.000 +09,울산,케이비모터스,57노5909,2,0,0,89.3543,0.0,0,0,
39163224,현대,더 뉴 아반떼 AD,1.6,스마트,201908.0,2020,1470.0,75077.0,가솔린,오토,ORIGINAL,일반,2025-03-20 12:33:40.000 +09,울산,(주)나인모터스,65보7655,1,3,1,225.1878,201.2005,0,0,
39171553,현대,아반떼 AD,1.6 GDI 밸류 플러스,,201808.0,2018,1120.0,110129.0,가솔린,오토,ORIGINAL,일반,2025-03-20 12:33:40.000 +09,울산,(주)나인모터스,58주9341,2,2,2,91.661,81.0622,0,0,
38627631,현대,아반떼 AD,1.6 GDI 스마트,(세부등급 없음),201509.0,2016,750.0,92600.0,가솔린,오토,ORIGINAL,일반,2025-03-20 12:32:38.000 +09,대전,(주)소망자동차,68나0917,2,1,2,185.888,0.0,0,0,
37936617,현대,아반떼 (CN7),1.6 LPi,스타일,202006.0,2021,1300.0,97082.0,LPG(일반인 구입),오토,ORIGINAL,일반,2025-03-20 12:32:37.000 +09,대구,행운모터스,212우3885,1,0,1,56.7874,0.0,1,0,
39177780,현대,아반떼 AD,1.6 GDI 밸류 플러스,,201805.0,2018,890.0,140429.0,가솔린,오토,ORIGINAL,일반,2025-03-20 12:32:37.000 +09,대구,행운모터스,244루2769,2,0,6,140.6662,0.0,1,0,
38699600,현대,아반떼 (CN7),1.6,스마트,202104.0,2021,1350.0,90923.0,가솔린,오토,ORIGINAL,일반,2025-03-20 12:32:37.000 +09,대구,행운모터스,367로8323,1,8,2,45.466,1002.9811,1,0,
37882014,현대,아반떼 AD,1.6 GDI 스마트,(세부등급 없음),201608.0,2017,790.0,143157.0,가솔린,오토,ORIGINAL,일반,2025-03-20 12:32:37.000 +09,대구,행운모터스,31더0473,2,3,2,252.3389,424.315,0,0,
38357728,현대,아반떼 MD,M16 GDI 스마트,,201211.0,2013,590.0,130656.0,가솔린,오토,ORIGINAL,일반,2025-03-20 12:32:31.000 +09,전북,탑 모터스,45서0845,2,1,4,95.5551,76.9,1,0,
39007282,현대,아반떼 AD,1.6 GDI 프리미엄,,201512.0,2016,1050.0,114248.0,가솔린,오토,ORIGINAL,일반,2025-03-20 12:32:31.000 +09,대구,은빛모터스,50우0789,2,0,7,233.613,0.0,0,0,
38539054,현대,아반떼 AD,1.6 GDI 밸류 플러스,,201702.0,2017,1095.0,89136.0,가솔린,오토,ORIGINAL,일반,2025-03-20 12:32:31.000 +09,대구,은빛모터스,16다2308,0,2,4,0.0,105.7743,0,0,
38924320,현대,아반떼 AD,1.6 GDI 밸류 플러스,,201804.0,2018,1295.0,45294.0,가솔린,오토,ORIGINAL,일반,2025-03-20 12:32:31.000 +09,대구,은빛모터스,290어7941,0,0,2,0.0,0.0,1,0,
37872163,현대,아반떼 HD,1.6 VVT E16,디럭스,201007.0,2010,199.0,161046.0,가솔린,수동,ORIGINAL,일반,2025-03-20 12:32:16.000 +09,대구,OK자동차상사,46무8325,0,2,3,0.0,241.5294,0,0,
39150244,현대,아반떼 (CN7),1.6,인스퍼레이션,202206.0,2023,2088.0,40085.0,가솔린,오토,ORIGINAL,일반,2025-03-20 12:32:14.000 +09,대구,(주)엠플러스,272루5065,0,0,1,0.0,0.0,1,0,
39157963,현대,아반떼 (CN7),1.6,모던,202102.0,2021,1788.0,81313.0,가솔린,오토,ORIGINAL,일반,2025-03-20 12:32:14.000 +09,대구,(주)엠플러스,223모8031,0,0,1,0.0,0.0,1,0,
39231817,현대,더 뉴 아반떼,1.6 GDi 모던,기본형,201411.0,2015,590.0,122362.0,가솔린,오토,ORIGINAL,일반,2025-03-20 12:31:59.000 +09,전북,세진모터스,37너2686,6,3,4,466.2512,414.524,0,0,
39037032,현대,더 뉴 아반떼,1.6 LPi 스타일,,201509.0,2016,529.0,148573.0,LPG(일반인 구입),오토,ORIGINAL,일반,2025-03-20 12:31:58.000 +09,전북,신원상사,127거4094,0,0,2,0.0,0.0,1,0,
38855533,현대,아반떼 (CN7),1.6,인스퍼레이션,202006.0,2021,1790.0,91499.0,가솔린,오토,ORIGINAL,일반,2025-03-20 12:31:54.000 +09,울산,케이비모터스,146저7888,2,1,2,97.393,39.8064,0,0,
38412876,현대,아반떼 AD,1.6 GDI 밸류 플러스,,201701.0,2017,1010.0,84615.0,가솔린,오토,ORIGINAL,일반,2025-03-20 12:31:46.000 +09,충남,가나모터스,57노6317,3,1,2,369.0451,867.0,0,0,
38580616,현대,아반떼 하이브리드 (CN7),모던,,202106.0,2021,2100.0,63201.0,가솔린+전기,오토,ORIGINAL,일반,2025-03-20 12:31:28.000 +09,광주,스타오토모빌(주),291오7010,1,0,1,133.924,0.0,0,0,
39224642,현대,아반떼 HD,1.6 VVT S16,럭셔리,201008.0,2010,290.0,146000.0,가솔린,오토,ORIGINAL,일반,2025-03-20 12:30:56.000 +09,경기,(주)월드모터스,17누5607,9,6,0,867.6659,587.6654,0,0,
39257450,현대,아반떼 AD,1.6 GDI 밸류 플러스,,201802.0,2018,1230.0,35503.0,가솔린,오토,ORIGINAL,일반,2025-03-20 12:30:50.000 +09,경기,카메이트,32마2692,0,0,1,0.0,0.0,0,0,
37723578,현대,아반떼 AD,1.6 GDI 밸류 플러스,,201705.0,2018,1080.0,105606.0,가솔린,오토,ORIGINAL,일반,2025-03-20 12:30:46.000 +09,대구,정모터스,07모4548,2,1,2,234.5529,23.0308,0,0,
39041074,현대,아반떼 하이브리드 (CN7),인스퍼레이션,,202103.0,2021,2470.0,50103.0,가솔린+전기,오토,ORIGINAL,일반,2025-03-20 12:30:41.000 +09,부산,마이카2,185누6074,1,0,0,0.0,0.0,0,0,
39179378,현대,더 뉴 아반떼 (CN7),1.6,모던,202401.0,2024,2190.0,15208.0,가솔린,오토,ORIGINAL,일반,2025-03-20 12:30:41.000 +09,부산,마이카2,221부9305,0,0,0,0.0,0.0,0,0,
39171781,현대,더 뉴 아반떼,1.6 GDi 모던,기본형,201504.0,2015,699.0,100250.0,가솔린,오토,ORIGINAL,일반,2025-03-20 12:30:25.000 +09,부산,롯데자동차,19보1227,2,1,3,164.9719,213.1504,0,0,
39149454,현대,더 뉴 아반떼 AD,1.6,스타일,201902.0,2019,950.0,77823.0,가솔린,오토,ORIGINAL,일반,2025-03-20 12:30:20.000 +09,경기,(주)셀렉트오토,149수4977,3,3,4,409.2613,311.578,1,0,
38800559,현대,아반떼 AD,1.6 GDI 밸류 플러스,,201703.0,2017,1160.0,68959.0,가솔린,오토,ORIGINAL,일반,2025-03-20 12:30:08.000 +09,부산,케이스타,27누7358,0,0,3,0.0,0.0,0,0,
37613672,현대,더 뉴 아반떼,1.6 GDi 모던,기본형,201310.0,2014,750.0,65627.0,가솔린,오토,ORIGINAL,일반,2025-03-20 12:30:07.000 +09,전북,차차,26더7248,1,1,1,37.2288,24.266,0,0,
39184610,현대,아반떼 HD,디젤 1.6 VGT S16,럭셔리,200712.0,2008,330.0,81158.0,디젤,오토,ORIGINAL,일반,2025-03-20 12:29:34.000 +09,인천,유민모터스,38너5318,1,0,2,19.884,0.0,0,0,
37489789,현대,아반떼 HD,1.6 VVT S16,럭셔리,200809.0,2008,300.0,45000.0,가솔린,오토,ORIGINAL,일반,2025-03-20 12:29:34.000 +09,서울,가온자동차,34부1315,3,3,7,198.813,624.093,0,0,
38992455,현대,더 뉴 아반떼 (CN7),1.6,인스퍼레이션,202308.0,2024,2320.0,34803.0,가솔린,오토,ORIGINAL,일반,2025-03-20 12:29:20.000 +09,대구,수모터스,208러5323,0,0,0,0.0,0.0,0,0,
39135671,현대,아반떼 (CN7),1.6,인스퍼레이션,202107.0,2021,2170.0,2671.0,가솔린,오토,ORIGINAL,일반,2025-03-20 12:29:20.000 +09,대구,수모터스,137모4843,1,1,1,51.82,123.8522,0,0,
39110062,현대,아반떼 AD,1.6 GDI 밸류 플러스,,201801.0,2018,1170.0,93768.0,가솔린,오토,ORIGINAL,일반,2025-03-20 12:29:06.000 +09,경기,에이원오토,38노8202,1,0,1,18.8919,0.0,0,0,
39246834,현대,더 뉴 아반떼 AD,1.6,스마트,201905.0,2019,1190.0,72115.0,가솔린,오토,ORIGINAL,일반,2025-03-20 12:28:54.000 +09,경기,(주)오케이모터스,183머3265,0,0,1,0.0,0.0,1,0,
39273668,현대,아반떼 MD,M16 GDI 프리미어,,201104.0,2011,475.0,126530.0,가솔린,오토,ORIGINAL,일반,2025-03-20 12:28:44.000 +09,전북,에코모터스,22나4695,1,1,4,60.573,29.55,0,0,
39263942,현대,더 뉴 아반떼 AD,1.6,스마트,202003.0,2020,1320.0,93206.0,가솔린,오토,ORIGINAL,일반,2025-03-20 12:28:44.000 +09,전북,에코모터스,275너7833,0,0,2,0.0,0.0,1,0,
38680614,현대,아반떼 MD,M16 GDI 럭셔리,,201011.0,2011,430.0,153834.0,가솔린,오토,ORIGINAL,일반,2025-03-20 12:28:43.000 +09,대구,새)우진상사,41소8025,2,0,2,81.295,0.0,0,0,
38530475,현대,더 뉴 아반떼,1.6 GDi 모던,기본형,201409.0,2015,840.0,39415.0,가솔린,오토,ORIGINAL,일반,2025-03-20 12:28:40.000 +09,대구,현대모터스,56로6665,1,0,1,59.5038,0.0,0,0,
38754897,현대,아반떼 AD,1.6 e-VGT 스마트,(세부등급 없음),201702.0,2017,860.0,93583.0,디젤,오토,ORIGINAL,일반,2025-03-20 12:28:30.000 +09,부산,(주)케이비모터스,137라3740,3,3,3,346.8096,274.825,1,0,
39112513,현대,더 뉴 아반떼 AD,1.6,스마트,201910.0,2020,1360.0,55000.0,가솔린,오토,ORIGINAL,일반,2025-03-20 12:28:30.000 +09,부산,(주)케이비모터스,334보5122,0,0,1,0.0,0.0,0,0,
39032531,현대,아반떼 (CN7),1.6,모던,202102.0,2021,1690.0,49812.0,가솔린,오토,ORIGINAL,일반,2025-03-20 12:28:29.000 +09,부산,(주)케이비모터스,215소8350,1,0,1,0.0,0.0,1,0,
39179353,현대,아반떼 하이브리드 (CN7),스마트,,202211.0,2023,1790.0,47648.0,가솔린+전기,오토,ORIGINAL,일반,2025-03-20 12:27:58.000 +09,경기,주)오케이모터스,283오9463,0,0,1,0.0,0.0,1,0,
39093244,현대,아반떼 MD,M16 GDI 프리미어,,201203.0,2012,420.0,165000.0,가솔린,오토,ORIGINAL,일반,2025-03-20 12:27:48.000 +09,대전,정한자동차,63누5765,6,2,7,368.2301,15.601,0,0,
38900669,현대,더 뉴 아반떼 (CN7),1.6,모던,202304.0,2024,2120.0,8926.0,가솔린,오토,ORIGINAL,일반,2025-03-20 12:27:33.000 +09,부산,(주)케이비모터스,282우8549,2,0,1,134.3249,0.0,0,0,
39149349,현대,아반떼 하이브리드 (CN7),인스퍼레이션,,202107.0,2021,2100.0,70803.0,가솔린+전기,오토,ORIGINAL,일반,2025-03-20 12:27:22.000 +09,경기,에스제이매매상사,196더9743,1,1,4,69.6108,67.0467,1,0,
39018534,현대,아반떼 AD,1.6 GDI 밸류 플러스,,201802.0,2018,890.0,144547.0,가솔린,오토,ORIGINAL,일반,2025-03-20 12:27:22.000 +09,경기,에스제이매매상사,05가4479,4,1,1,177.6501,138.9394,0,0,
39052418,현대,아반떼 AD,1.6 GDI 밸류 플러스,,201802.0,2018,1100.0,79623.0,가솔린,오토,ORIGINAL,일반,2025-03-20 12:27:17.000 +09,광주,(주)신한자동차,197라7876,1,0,1,0.0,0.0,1,0,
38543785,현대,아반떼 MD,M16 GDI 스마트,,201210.0,2013,449.0,152567.0,가솔린,오토,ORIGINAL,일반,2025-03-20 12:27:17.000 +09,광주,(주)신한자동차,47머2803,6,3,1,408.3172,294.8621,0,0,
38913666,현대,아반떼 (CN7),1.6,인스퍼레이션,202103.0,2021,2099.0,16012.0,가솔린,오토,ORIGINAL,일반,2025-03-20 12:27:05.000 +09,대구,남일모터스,189보9480,1,1,2,116.988,35.9389,0,0,
39127086,현대,아반떼 AD,1.6 터보 스포츠,(세부등급 없음),201703.0,2017,1160.0,99298.0,가솔린,오토,ORIGINAL,일반,2025-03-20 12:26:34.000 +09,경기,주식회사 더원오토,52가4080,2,1,5,0.0,42.9079,0,0,
38725326,현대,더 뉴 아반떼,1.6 GDi 모던,기본형,201308.0,2014,630.0,147663.0,가솔린,오토,ORIGINAL,일반,2025-03-20 12:26:29.000 +09,경기,착한자동차,62다8825,1,1,3,98.79,40.02,1,0,
38233688,현대,아반떼 하이브리드 (CN7),모던,,202106.0,2021,1470.0,146766.0,가솔린+전기,오토,ORIGINAL,일반,2025-03-20 12:26:29.000 +09,경기,착한자동차,123어8054,0,0,1,0.0,0.0,1,0,
39192050,현대,아반떼 (CN7),1.6,모던,202201.0,2022,1950.0,18966.0,가솔린,오토,ORIGINAL,일반,2025-03-20 12:26:29.000 +09,부산,대원모터스,317루2510,0,0,1,0.0,0.0,1,0,
39211774,현대,아반떼 (CN7),1.6,모던,202105.0,2021,1870.0,43213.0,가솔린,오토,ORIGINAL,일반,2025-03-20 12:26:29.000 +09,부산,대원모터스,112부9260,1,0,1,62.323,0.0,1,0,
38738560,현대,아반떼 HD,1.6 VVT S16,럭셔리,200612.0,2007,267.0,77772.0,가솔린,오토,ORIGINAL,일반,2025-03-20 12:26:17.000 +09,인천,주식회사 이삭모터스,10조3167,1,1,3,205.356,201.301,0,0,
38403808,현대,아반떼 AD,1.6 GDI 스마트,스페셜,201511.0,2016,900.0,101622.0,가솔린,오토,ORIGINAL,일반,2025-03-20 12:25:51.000 +09,경기,워너비카,45거0485,1,3,1,67.309,432.196,0,0,
38640089,현대,아반떼 (CN7),1.6,모던,202011.0,2021,1680.0,43687.0,가솔린,오토,ORIGINAL,일반,2025-03-20 12:25:51.000 +09,경기,워너비카,257어8761,0,1,2,0.0,34.0308,1,0,
38712476,현대,아반떼 하이브리드 (CN7),모던,,202010.0,2021,1980.0,37473.0,가솔린+전기,오토,ORIGINAL,일반,2025-03-20 12:25:50.000 +09,경기,워너비카,177가1053,1,0,2,53.069,0.0,1,0,
39054268,현대,아반떼 AD,1.6 GDI 밸류 플러스,,201802.0,2018,1350.0,57831.0,가솔린,오토,ORIGINAL,일반,2025-03-20 12:25:27.000 +09,대전,차근모터스(주),55다5433,2,1,0,97.646,51.9599,0,0,
38440774,현대,더 뉴 아반떼,1.6 GDi 모던,기본형,201311.0,2014,459.0,140749.0,가솔린,오토,ORIGINAL,일반,2025-03-20 12:25:03.000 +09,대구,누리자동차상사,12로5253,5,5,6,271.1263,582.9136,0,0,
39099558,현대,아반떼 (CN7),1.6,인스퍼레이션,202303.0,2023,2289.0,4465.0,가솔린,오토,ORIGINAL,일반,2025-03-20 12:25:03.000 +09,경기,(주)지온컴퍼니,333노8239,0,0,0,0.0,0.0,0,0,
39078984,현대,아반떼 MD,M16 GDI 스마트,,201211.0,2013,450.0,137762.0,가솔린,오토,ORIGINAL,일반,2025-03-20 12:24:56.000 +09,대전,서희디오토,27노5092,1,1,3,32.362,23.3118,0,0,
38913725,현대,아반떼 (CN7),1.6,모던,202107.0,2021,1380.0,107264.0,가솔린,오토,ORIGINAL,일반,2025-03-20 12:24:54.000 +09,강원,케이원 모터스,247주2543,1,0,2,77.836,0.0,1,0,
39217291,현대,아반떼 (CN7),1.6,스마트,202105.0,2021,1110.0,107677.0,가솔린,오토,ORIGINAL,일반,2025-03-20 12:24:44.000 +09,경기,디에이치모터스,225러6989,1,2,2,27.2929,908.5222,1,0,
39215759,현대,더 뉴 아반떼 AD,1.6,스마트,201903.0,2019,1190.0,74791.0,가솔린,오토,ORIGINAL,일반,2025-03-20 12:24:04.000 +09,경기,(주)오케이모터스,293모9588,0,1,2,0.0,48.5714,1,0,
39083740,현대,아반떼 MD,M16 GDI 럭셔리,,201107.0,2012,355.0,166657.0,가솔린,오토,ORIGINAL,일반,2025-03-20 12:23:56.000 +09,대구,대진자동차상사,51저5504,3,2,4,177.6524,64.2367,0,0,
39164217,현대,아반떼 AD,1.6 e-VGT 스마트,(세부등급 없음),201702.0,2017,799.0,191684.0,디젤,오토,ORIGINAL,일반,2025-03-20 12:23:55.000 +09,대구,대진자동차상사,162주3456,0,0,1,0.0,0.0,1,0,
38971524,현대,더 뉴 아반떼,1.6 GDi 모던,기본형,201311.0,2014,450.0,170103.0,가솔린,오토,ORIGINAL,일반,2025-03-20 12:23:54.000 +09,대구,우주모터스,62어7423,2,0,1,251.0401,0.0,0,0,
38512183,현대,아반떼 하이브리드,HDeIII,어드밴스팩,201002.0,2010,299.0,178620.0,LPG+전기,오토,ORIGINAL,일반,2025-03-20 12:23:42.000 +09,울산,제이모터스,12라1768,3,2,3,255.7809,107.593,0,0,
39231951,현대,아반떼 (CN7),1.6,인스퍼레이션,202009.0,2021,1990.0,54719.0,가솔린,오토,ORIGINAL,일반,2025-03-20 12:23:25.000 +09,울산,위드모터스,157저6109,0,0,1,0.0,0.0,0,0,
39001903,현대,아반떼 AD,1.6 GDI 밸류 플러스,,201707.0,2018,1140.0,78419.0,가솔린,오토,ORIGINAL,일반,2025-03-20 12:23:25.000 +09,울산,위드모터스,07무7137,2,1,3,153.7699,166.363,0,0,
38895761,현대,아반떼 AD,1.6 GDI 밸류 플러스,,201707.0,2018,1120.0,90474.0,가솔린,오토,ORIGINAL,일반,2025-03-20 12:23:25.000 +09,울산,위드모터스,32라1357,1,1,5,58.9669,27.847,0,0,
39216921,현대,더 뉴 아반떼,1.6 GDi 모던,기본형,201410.0,2015,930.0,66613.0,가솔린,오토,ORIGINAL,일반,2025-03-20 12:23:25.000 +09,울산,위드모터스,26버6733,1,0,1,29.501,0.0,0,0,
38935968,현대,더 뉴 아반떼 AD,1.6,스마트 초이스,201910.0,2020,1590.0,7627.0,가솔린,오토,ORIGINAL,일반,2025-03-20 12:23:24.000 +09,울산,위드모터스,272주9867,0,0,2,0.0,0.0,1,0,
39274927,현대,더 뉴 아반떼 AD,1.6,스마트 초이스,201912.0,2020,1199.0,85430.0,가솔린,오토,ORIGINAL,일반,2025-03-20 12:23:22.000 +09,경기,(주)왕카,145허7659,1,0,0,217.2887,0.0,0,0,
39275550,현대,아반떼 (CN7),1.6,스마트,202104.0,2021,1090.0,96427.0,가솔린,오토,ORIGINAL,일반,2025-03-20 12:23:22.000 +09,경기,(주)왕카,158누1150,2,1,1,444.4882,0.0,1,0,
39159055,현대,더 뉴 아반떼 AD,1.6,스마트 초이스,201912.0,2020,1299.0,75343.0,가솔린,오토,ORIGINAL,일반,2025-03-20 12:23:01.000 +09,대구,수윤지모터스,244주6642,2,0,3,70.8948,0.0,1,0,
39180678,현대,더 뉴 아반떼 하이브리드 (CN7),인스퍼레이션,,202501.0,2025,3399.0,107.0,가솔린+전기,오토,ORIGINAL,일반,2025-03-20 12:23:01.000 +09,대구,수윤지모터스,324두7081,0,0,0,0.0,0.0,0,0,
39048931,현대,아반떼 MD,M16 GDI 모던,,201209.0,2013,560.0,99521.0,가솔린,오토,ORIGINAL,일반,2025-03-20 12:21:59.000 +09,대구,스마일모터스,66주5998,7,6,3,563.8242,411.6019,0,0,
39164744,현대,더 뉴 아반떼,1.6 GDi 모던,기본형,201310.0,2014,650.0,116221.0,가솔린,오토,ORIGINAL,일반,2025-03-20 12:21:59.000 +09,대구,스마일모터스,42모7755,2,0,0,121.546,0.0,0,0,
37437917,현대,아반떼 MD,M16 GDI 프리미어,,201111.0,2012,530.0,114678.0,가솔린,오토,ORIGINAL,일반,2025-03-20 12:21:58.000 +09,경기,(주)오토커넥션,47고5238,6,2,1,338.1386,256.7926,0,0,
36245150,현대,아반떼 HD,1.6 VVT S16,럭셔리,200704.0,2007,290.0,157623.0,가솔린,오토,ORIGINAL,일반,2025-03-20 12:21:58.000 +09,경기,(주)오토커넥션,39주3117,2,1,2,66.816,88.115,0,0,
36245369,현대,아반떼 HD,1.6 VVT E16,디럭스,200907.0,2009,350.0,96511.0,가솔린,오토,ORIGINAL,일반,2025-03-20 12:21:58.000 +09,경기,(주)오토커넥션,10마9591,1,1,4,43.0,61.2548,0,0,
38214611,현대,아반떼 (CN7),1.6,모던,202011.0,2021,1470.0,120242.0,가솔린,오토,ORIGINAL,일반,2025-03-20 12:21:58.000 +09,경기,(주)오토커넥션,313수4834,0,0,1,0.0,0.0,1,0,
38938138,현대,아반떼 (CN7),1.6,모던,202008.0,2021,1720.0,41527.0,가솔린,오토,ORIGINAL,일반,2025-03-20 12:21:58.000 +09,경기,(주)오토커넥션,351너4360,0,0,1,0.0,0.0,1,0,
37515209,현대,아반떼 MD,M16 GDI 에비뉴,,201303.0,2013,570.0,156383.0,가솔린,오토,ORIGINAL,일반,2025-03-20 12:21:57.000 +09,경기,(주)오토커넥션,61거1531,3,3,2,142.3474,137.7189,0,0,
36220011,현대,아반떼 HD,1.6 VVT S16,엘레강스 스페셜,200901.0,2009,290.0,187302.0,가솔린,오토,ORIGINAL,일반,2025-03-20 12:21:57.000 +09,경기,(주)오토커넥션,15우3851,4,2,2,212.8636,102.165,0,0,
38374289,현대,아반떼 하이브리드 (CN7),인스퍼레이션,,202302.0,2023,2470.0,36476.0,가솔린+전기,오토,ORIGINAL,일반,2025-03-20 12:21:16.000 +09,경기,뉴코리아모터스,132서6091,0,0,1,0.0,0.0,1,0,
39215629,현대,더 뉴 아반떼 (CN7),1.6 LPi (렌터카),모던,202403.0,2024,2190.0,30951.0,LPG(일반인 구입),오토,ORIGINAL,일반,2025-03-20 12:21:12.000 +09,광주,광주중고차153모터,323모1409,1,1,1,111.7189,235.4829,1,0,
39195107,현대,아반떼 (CN7),1.6 LPi (장애인),모던,202212.0,2023,2099.0,18740.0,LPG(일반인 구입),오토,ORIGINAL,일반,2025-03-20 12:21:12.000 +09,광주,광주중고차153모터,312소1679,0,0,2,0.0,0.0,0,0,
39049833,현대,아반떼 MD,M16 GDI 프리미어,,201010.0,2011,429.0,98134.0,가솔린,오토,ORIGINAL,일반,2025-03-20 12:21:10.000 +09,경기,정원모터스,16마6854,2,0,2,102.611,0.0,0,0,
39097202,현대,아반떼 (CN7),1.6,모던,202009.0,2021,1599.0,57078.0,가솔린,오토,ORIGINAL,일반,2025-03-20 12:21:10.000 +09,대구,대풍모터스,267부2062,1,0,1,43.6217,0.0,1,0,
38500672,현대,아반떼 MD,M16 GDI 럭셔리,,201206.0,2012,379.0,157553.0,가솔린,오토,ORIGINAL,일반,2025-03-20 12:21:05.000 +09,대구,누리자동차상사,20라5151,6,3,4,386.6299,150.0162,1,0,
38701752,현대,아반떼 MD,M16 GDI 럭셔리,,201208.0,2012,299.0,185285.0,가솔린,오토,ORIGINAL,일반,2025-03-20 12:21:05.000 +09,대구,누리자동차상사,48어6554,2,4,4,621.797,211.7416,1,0,
38741217,현대,더 뉴 아반떼,1.6 GDi 텐밀리언 리미티드,기본형,201508.0,2016,820.0,42150.0,가솔린,오토,ORIGINAL,일반,2025-03-20 12:20:53.000 +09,부산,경영상사,11저1764,3,1,3,366.9253,30.0,0,0,
39073203,현대,아반떼 (CN7),1.6,인스퍼레이션,202004.0,2021,1720.0,96843.0,가솔린,오토,ORIGINAL,일반,2025-03-20 12:20:34.000 +09,대구,제일자동차상사,328가7310,4,2,1,367.807,206.872,0,0,
39124251,현대,아반떼 AD,1.6 GDI 밸류 플러스,,201704.0,2017,980.0,87796.0,가솔린,오토,ORIGINAL,일반,2025-03-20 12:20:34.000 +09,대구,제일자동차상사,69나6372,3,3,2,363.1727,370.7991,0,0,
39021226,현대,더 뉴 아반떼,1.6 GDi 모던,기본형,201507.0,2016,750.0,99471.0,가솔린,오토,ORIGINAL,일반,2025-03-20 12:20:32.000 +09,충남,천안모터스,35무8745,0,0,1,0.0,0.0,0,0,
38514119,현대,더 뉴 아반떼,1.6 GDi 스마트,기본형,201502.0,2015,790.0,56182.0,가솔린,오토,ORIGINAL,일반,2025-03-20 12:20:32.000 +09,충남,천안모터스,53수5237,2,1,1,168.2149,40.811,0,0,
39157080,현대,아반떼 MD,M16 GDI 스마트,,201303.0,2013,520.0,95000.0,가솔린,오토,ORIGINAL,일반,2025-03-20 12:20:30.000 +09,부산,정진MTS,24로1189,4,1,1,156.8197,90.0,0,0,
39168129,현대,아반떼 MD,M16 GDI 탑,,201111.0,2012,670.0,59437.0,가솔린,오토,ORIGINAL,일반,2025-03-20 12:20:16.000 +09,서울,하늘모터스,38로5566,0,1,1,0.0,60.354,0,0,
38952760,현대,아반떼 AD,1.6 GDI 밸류 플러스,,201703.0,2017,960.0,101635.0,가솔린,오토,ORIGINAL,일반,2025-03-20 12:20:16.000 +09,대전,전진오토,52서5018,4,0,2,246.6869,0.0,0,0,
39163512,현대,아반떼 AD,1.6 GDI 밸류 플러스,,201701.0,2017,980.0,113441.0,가솔린,오토,ORIGINAL,일반,2025-03-20 12:20:15.000 +09,대전,전진오토,56구2471,3,2,3,505.4523,414.7862,0,0,
38953097,현대,아반떼 (CN7),1.6,스마트,202104.0,2021,1220.0,105433.0,가솔린,오토,ORIGINAL,일반,2025-03-20 12:20:15.000 +09,대전,전진오토,225러6990,0,2,2,0.0,224.134,1,0,
37862425,현대,아반떼 (CN7),1.6,모던,202009.0,2021,1800.0,22884.0,가솔린,오토,ORIGINAL,일반,2025-03-20 12:19:42.000 +09,경남,강남모터스,356오1376,2,1,2,290.171,57.208,0,0,
38655261,현대,아반떼 AD,1.6 GDI 밸류 플러스,,201802.0,2018,1050.0,145794.0,가솔린,오토,ORIGINAL,일반,2025-03-20 12:19:42.000 +09,경남,강남모터스,369머3963,0,0,2,0.0,0.0,2,0,
38611404,현대,아반떼 MD,LPI M16 럭셔리,,201110.0,2012,390.0,202288.0,LPG(일반인 구입),오토,ORIGINAL,일반,2025-03-20 12:19:41.000 +09,경남,강남모터스,102나5339,2,1,5,50.066,31.1188,1,0,
37860227,현대,아반떼 (CN7),1.6,모던,202102.0,2021,1580.0,80302.0,가솔린,오토,ORIGINAL,일반,2025-03-20 12:19:41.000 +09,경남,강남모터스,266가1602,1,0,2,53.8419,0.0,1,0,
39106939,현대,더 뉴 아반떼,1.6 GDi 스마트,기본형,201310.0,2014,490.0,160570.0,가솔린,오토,ORIGINAL,일반,2025-03-20 12:19:28.000 +09,경기,명문자동차,63노3746,4,2,1,280.787,285.06,0,0,
38665782,현대,아반떼 하이브리드,HDeI,이지팩,201203.0,2012,430.0,169000.0,LPG+전기,오토,ORIGINAL,일반,2025-03-20 12:19:18.000 +09,전북,유한회사 기운 모터,67서3426,10,1,1,536.4587,36.696,0,0,
39034247,현대,아반떼 MD,M16 GDI 럭셔리,,201206.0,2012,450.0,111710.0,가솔린,오토,ORIGINAL,일반,2025-03-20 12:19:08.000 +09,부산,(주)모터풀,45어4976,0,0,4,0.0,0.0,1,0,
39052026,현대,아반떼 AD,1.6 GDI 모던,(세부등급 없음),201601.0,2016,1200.0,61016.0,가솔린,오토,ORIGINAL,일반,2025-03-20 12:18:31.000 +09,충북,신세계자동차,50서0944,1,1,1,67.0238,40.743,0,0,
39275718,현대,더 뉴 아반떼 AD,1.6,프리미엄,201811.0,2019,1190.0,126569.0,가솔린,오토,ORIGINAL,일반,2025-03-20 12:18:28.000 +09,대전,vip 모터스,173더8985,2,2,0,361.3983,200.508,1,0,
38402690,현대,더 뉴 아반떼,1.6 GDi 스마트,기본형,201501.0,2015,580.0,118667.0,가솔린,오토,ORIGINAL,일반,2025-03-20 12:18:13.000 +09,경북,운성motors,16보6841,5,5,2,212.078,446.0181,0,0,
39204193,현대,아반떼 (CN7),1.6,모던,202009.0,2021,1630.0,81464.0,가솔린,오토,ORIGINAL,일반,2025-03-20 12:18:05.000 +09,대전,주식회사비엠자동차,279마5929,0,0,0,0.0,0.0,1,0,
39006912,현대,더 뉴 아반떼 AD,1.6,스마트,201912.0,2020,1330.0,72327.0,가솔린,오토,ORIGINAL,일반,2025-03-20 12:18:04.000 +09,대전,주식회사비엠자동차,347거5616,3,0,2,260.9809,0.0,1,0,
39273998,현대,아반떼 AD,1.6 GDI 스마트,(세부등급 없음),201511.0,2016,759.0,146300.0,가솔린,오토,ORIGINAL,일반,2025-03-20 12:17:15.000 +09,대전,한강자동차,227가3261,2,1,3,174.9925,257.4077,1,0,
39002083,현대,아반떼 MD,M16 GDI 디럭스,,201203.0,2012,450.0,70135.0,가솔린,오토,ORIGINAL,일반,2025-03-20 12:16:47.000 +09,광주,케이원모터스,66루5042,3,2,5,140.1648,68.186,0,0,
39263346,현대,아반떼 MD,M16 GDI 프리미어,,201207.0,2012,480.0,102587.0,가솔린,오토,ORIGINAL,일반,2025-03-20 12:16:46.000 +09,광주,케이원모터스,38루7755,5,1,1,187.7354,29.7178,0,0,
38527132,현대,아반떼 (CN7),1.6,모던,202008.0,2021,1490.0,91792.0,가솔린,오토,ORIGINAL,일반,2025-03-20 12:16:03.000 +09,전북,은혜상사,255루3367,1,0,1,100.0106,0.0,1,0,
38416715,현대,아반떼 (CN7),1.6 LPi,스타일,202011.0,2021,1310.0,108337.0,LPG(일반인 구입),오토,ORIGINAL,일반,2025-03-20 12:16:03.000 +09,전북,은혜상사,110무9427,0,0,2,0.0,0.0,1,0,
38905775,현대,아반떼 (CN7),1.6,스마트,202104.0,2021,1490.0,71077.0,가솔린,오토,ORIGINAL,일반,2025-03-20 12:16:03.000 +09,전북,은혜상사,219어9623,1,5,4,35.0079,826.7722,1,0,
38903397,현대,아반떼 (CN7),1.6,모던,202105.0,2021,1640.0,82772.0,가솔린,오토,ORIGINAL,일반,2025-03-20 12:16:03.000 +09,전북,은혜상사,175두8692,0,0,2,0.0,0.0,1,0,
38816735,현대,더 뉴 아반떼 AD,1.6,스타일,201901.0,2019,920.0,129947.0,가솔린,오토,ORIGINAL,일반,2025-03-20 12:15:55.000 +09,경기,바른자동차,59모9189,5,1,1,478.3561,52.1254,0,0,
38853357,현대,아반떼 AD,1.6 GDI 밸류 플러스,,201801.0,2018,960.0,106415.0,가솔린,오토,ORIGINAL,일반,2025-03-20 12:15:45.000 +09,경기,신원자동차매매상사,264라6304,2,0,2,81.1303,0.0,2,0,
39094307,현대,아반떼 (CN7),1.6,인스퍼레이션,202301.0,2023,2240.0,11952.0,가솔린,오토,ORIGINAL,일반,2025-03-20 12:15:37.000 +09,서울,(주)자동차친구,204소2580,0,0,1,0.0,0.0,0,0,
38855912,현대,더 뉴 아반떼,1.6 GDi 스마트,기본형,201412.0,2014,600.0,91797.0,가솔린,오토,ORIGINAL,일반,2025-03-20 12:15:33.000 +09,대전,대운자동차상사,267수5630,0,0,4,0.0,0.0,0,0,
39215491,현대,아반떼 AD,1.6 GDI 스마트,(세부등급 없음),201712.0,2018,1159.0,34691.0,가솔린,오토,ORIGINAL,일반,2025-03-20 12:15:33.000 +09,대전,대운자동차상사,28주8640,1,2,1,96.255,131.7,0,0,
38323505,현대,아반떼 AD,1.6 GDI 밸류 플러스,,201808.0,2018,1200.0,85161.0,가솔린,오토,ORIGINAL,일반,2025-03-20 12:15:32.000 +09,전북,엘리트 모터스,62너1487,2,0,0,143.5828,0.0,0,0,
38855404,현대,더 뉴 아반떼 AD,1.6,스마트,201903.0,2019,1490.0,41154.0,가솔린,오토,ORIGINAL,일반,2025-03-20 12:15:32.000 +09,전북,엘리트 모터스,06더1399,1,0,1,79.89,0.0,0,0,
38358088,현대,아반떼 AD,1.6 GDI 밸류 플러스,,201807.0,2018,1200.0,97425.0,가솔린,오토,ORIGINAL,일반,2025-03-20 12:15:31.000 +09,전북,엘리트 모터스,16조4441,1,0,0,99.3349,0.0,0,0,
36642049,현대,아반떼 AD,1.6 GDI 스마트,(세부등급 없음),201512.0,2016,900.0,133060.0,가솔린,오토,ORIGINAL,일반,2025-03-20 12:15:31.000 +09,전북,엘리트 모터스,62러2741,0,1,2,0.0,194.826,1,0,
38392922,현대,아반떼 AD,1.6 GDI 스마트,(세부등급 없음),201702.0,2017,1200.0,89752.0,가솔린,오토,ORIGINAL,일반,2025-03-20 12:15:31.000 +09,전북,엘리트 모터스,36버3195,0,1,1,0.0,60.6342,0,0,
39074771,현대,더 뉴 아반떼 AD,1.6,스마트,201911.0,2020,1179.0,91000.0,가솔린,오토,ORIGINAL,일반,2025-03-20 12:15:29.000 +09,충남,제일자동차,162우7907,2,1,1,188.4059,252.92,0,0,
39138425,현대,아반떼 AD,1.6 터보 스포츠,(세부등급 없음),201609.0,2017,970.0,127055.0,가솔린,오토,ORIGINAL,일반,2025-03-20 12:15:27.000 +09,경기,세이프카,16구0406,1,0,0,46.496,0.0,0,0,
39166833,현대,더 뉴 아반떼,1.6 GDi 스마트,기본형,201507.0,2016,590.0,66761.0,가솔린,오토,ORIGINAL,일반,2025-03-20 12:15:04.000 +09,경기,윈모터스,11어5097,1,0,2,123.798,0.0,0,0,
39235985,현대,아반떼 AD,1.6 GDI 스마트,스페셜,201603.0,2016,750.0,128148.0,가솔린,오토,ORIGINAL,일반,2025-03-20 12:15:04.000 +09,경기,윈모터스,154고1662,2,2,4,83.6769,109.729,1,0,
38737589,현대,아반떼 (CN7),1.6,모던,202206.0,2023,2050.0,9820.0,가솔린,오토,ORIGINAL,일반,2025-03-20 12:14:54.000 +09,경남,승리모터스(주식),164라1422,1,0,1,36.9859,0.0,0,0,
39266935,현대,더 뉴 아반떼 AD,1.6,스마트,201901.0,2019,1300.0,63610.0,가솔린,오토,ORIGINAL,일반,2025-03-20 12:14:25.000 +09,경기,에이원오토,57어6731,2,0,2,243.489,0.0,0,0,
39090309,현대,아반떼 MD,LPI M16 럭셔리,,201105.0,2011,490.0,129575.0,LPG(일반인 구입),오토,ORIGINAL,일반,2025-03-20 12:14:15.000 +09,대전,스마트 자동차,25누8306,4,1,3,571.5226,77.048,0,0,
38586207,현대,아반떼 (CN7),1.6 LPi (렌터카),스마트,202103.0,2021,1590.0,67192.0,LPG(일반인 구입),오토,ORIGINAL,일반,2025-03-20 12:13:16.000 +09,울산,유신상사,360서6605,1,0,1,127.5999,0.0,1,0,
39010016,현대,아반떼 (CN7),1.6,모던,202210.0,2023,2030.0,27899.0,가솔린,오토,ORIGINAL,일반,2025-03-20 12:13:16.000 +09,울산,유신상사,117서5988,0,0,0,0.0,0.0,0,0,
39212973,현대,아반떼 (CN7),1.6,인스퍼레이션,202006.0,2021,2130.0,21767.0,가솔린,오토,ORIGINAL,일반,2025-03-20 12:13:15.000 +09,울산,유신상사,319로5928,0,0,0,0.0,0.0,0,0,
38586307,현대,아반떼 (CN7),1.6 LPi (렌터카),스마트,202102.0,2021,1650.0,70364.0,LPG(일반인 구입),오토,ORIGINAL,일반,2025-03-20 12:13:15.000 +09,울산,유신상사,360서6635,0,0,1,0.0,0.0,1,0,
38322759,현대,더 뉴 아반떼 AD,1.6,스마트,201810.0,2019,1290.0,65120.0,가솔린,오토,ORIGINAL,일반,2025-03-20 12:13:00.000 +09,부산,(주)비엔케이모터스,396무1366,0,0,1,0.0,0.0,1,0,
39063864,현대,아반떼 AD,1.6 e-VGT 스타일,,201511.0,2016,599.0,139479.0,디젤,오토,ORIGINAL,일반,2025-03-20 12:12:56.000 +09,대구,SB모터스,69더0953,11,9,5,1188.6167,689.2247,0,0,
38819575,현대,더 뉴 아반떼 AD,1.6,스마트,201910.0,2020,1290.0,69807.0,가솔린,오토,ORIGINAL,일반,2025-03-20 12:12:51.000 +09,경기,호원모터스주식회사,106노1958,0,0,4,0.0,0.0,1,0,
39180160,현대,아반떼 (CN7),1.6,모던,202301.0,2023,1870.0,28631.0,가솔린,오토,ORIGINAL,리스,2025-03-20 12:12:33.000 +09,경기,럭키모터스,180허7869,1,0,0,0.0,0.0,0,0,
39175214,현대,아반떼 (CN7),1.6,모던,202301.0,2023,1799.0,28631.0,가솔린,오토,ORIGINAL,일반,2025-03-20 12:12:33.000 +09,경기,럭키모터스,180허7869,1,0,0,0.0,0.0,0,0,
39160852,현대,더 뉴 아반떼,1.6 GDi 모던,기본형,201308.0,2014,735.0,123000.0,가솔린,오토,ORIGINAL,일반,2025-03-20 12:12:24.000 +09,대구,뉴광명자동차,31루1195,8,2,3,468.4174,116.672,0,0,
38401985,현대,아반떼 MD,M16 GDI 럭셔리,,201101.0,2011,430.0,121718.0,가솔린,오토,ORIGINAL,일반,2025-03-20 12:12:24.000 +09,대구,뉴광명자동차,35두2567,3,3,9,708.2648,430.7204,0,0,
38445435,현대,아반떼 (CN7),1.6,스마트,202007.0,2021,1340.0,58389.0,가솔린,오토,ORIGINAL,일반,2025-03-20 12:12:19.000 +09,경기,대한자동차,236루7557,1,0,1,204.2539,0.0,1,0,
39159235,현대,아반떼 (CN7),1.6,인스퍼레이션,202012.0,2021,1930.0,66618.0,가솔린,오토,ORIGINAL,일반,2025-03-20 12:12:04.000 +09,충북,기림모터스매매상사,262모3074,3,2,0,118.4919,145.167,0,0,
36982935,현대,아반떼 쿠페,2.0 GDi 프리미엄,기본형,201305.0,2014,570.0,119973.0,가솔린,오토,ORIGINAL,일반,2025-03-20 12:12:02.000 +09,대전,(주)오썸아우토,27저6253,2,1,2,171.935,136.2734,0,0,
39244772,현대,아반떼 MD,M16 GDI 프리미어,,201206.0,2012,570.0,106068.0,가솔린,오토,ORIGINAL,일반,2025-03-20 12:11:59.000 +09,울산,정성자동차,13어4277,3,0,2,127.5002,0.0,0,0,
39220045,현대,아반떼 AD,1.6 GDI 스마트,(세부등급 없음),201601.0,2016,1090.0,73536.0,가솔린,오토,ORIGINAL,일반,2025-03-20 12:11:52.000 +09,광주,(주)삼흥모터스,67저0528,1,1,1,0.0,0.0,0,0,
38247892,현대,아반떼 MD,M16 GDI 럭셔리,,201206.0,2012,560.0,86605.0,가솔린,오토,ORIGINAL,일반,2025-03-20 12:11:52.000 +09,광주,(주)삼흥모터스,34무4702,0,2,2,0.0,127.2598,0,0,
39140525,현대,아반떼 MD,M16 GDI 블루세이버,,201109.0,2012,379.0,134000.0,가솔린,오토,ORIGINAL,일반,2025-03-20 12:11:22.000 +09,부산,부산자동차매매단지,43두8831,5,3,5,369.466,155.768,0,0,
39246803,현대,더 뉴 아반떼 AD,1.6,스마트,201905.0,2019,1230.0,86139.0,가솔린,오토,ORIGINAL,일반,2025-03-20 12:11:10.000 +09,서울,현카,114버9580,2,0,1,86.5378,0.0,1,0,
39203018,현대,아반떼 AD,1.6 GDI 밸류 플러스,,201805.0,2018,1060.0,105000.0,가솔린,오토,ORIGINAL,일반,2025-03-20 12:10:45.000 +09,광주,바로모터스,150무9563,0,0,1,0.0,0.0,1,0,
39206594,현대,아반떼 AD,1.6 GDI 밸류 플러스,,201706.0,2018,1230.0,48610.0,가솔린,오토,ORIGINAL,일반,2025-03-20 12:10:27.000 +09,대전,하나자동차,16러7465,1,1,2,52.879,39.228,0,0,
38448378,현대,아반떼 MD,M16 GDI 프리미어,,201201.0,2012,630.0,105788.0,가솔린,오토,ORIGINAL,일반,2025-03-20 12:10:27.000 +09,대전,(주)안모터스,24러4390,0,0,4,0.0,0.0,0,0,
38434439,현대,아반떼 (CN7),1.6,모던,202007.0,2021,1340.0,100000.0,가솔린,오토,ORIGINAL,일반,2025-03-20 12:10:26.000 +09,대전,(주)전진오토월드,240수1592,0,0,1,0.0,0.0,1,0,
39241365,현대,아반떼 AD,1.6 GDI 스마트,(세부등급 없음),201609.0,2017,1050.0,78655.0,가솔린,오토,ORIGINAL,일반,2025-03-20 12:10:17.000 +09,대구,글로벌모터스,55도8933,0,0,4,0.0,0.0,1,0,
38923998,현대,아반떼 MD,M16 GDI 디럭스,,201107.0,2012,440.0,77096.0,가솔린,오토,ORIGINAL,일반,2025-03-20 12:10:13.000 +09,대구,에이치비모터스,28가1398,1,1,3,45.4723,171.041,0,0,
38466867,현대,아반떼 AD,1.6 GDI 밸류 플러스,,201611.0,2017,799.0,136315.0,가솔린,오토,ORIGINAL,일반,2025-03-20 12:10:05.000 +09,부산,차순이모터스,12루0230,0,3,1,0.0,769.3932,0,0,
38554045,현대,아반떼 (CN7),1.6,모던,202107.0,2021,1480.0,63723.0,가솔린,오토,ORIGINAL,일반,2025-03-20 12:09:54.000 +09,울산,어벤져스모터스,234로2610,2,0,2,271.1717,0.0,0,0,
38556568,현대,더 뉴 아반떼,1.6 GDi 모던,기본형,201408.0,2015,680.0,84824.0,가솔린,오토,ORIGINAL,일반,2025-03-20 12:09:44.000 +09,부산,(주)더 뉴 서비스,66고5423,1,1,2,177.52,34.8558,0,0,
39201570,현대,더 뉴 아반떼,1.6 GDi 스마트,기본형,201509.0,2016,780.0,63399.0,가솔린,오토,ORIGINAL,일반,2025-03-20 12:09:37.000 +09,경북,신안동EV친환경모터,11주2510,6,2,3,375.0091,279.912,0,0,
39096074,현대,아반떼 AD,1.6 GDI 모던,(세부등급 없음),201605.0,2016,1100.0,71457.0,가솔린,오토,ORIGINAL,일반,2025-03-20 12:09:09.000 +09,대전,(주)세종카,17더0771,2,1,2,57.8187,189.0,0,0,
39204175,현대,아반떼 AD,1.6 GDI 밸류 플러스,,201804.0,2018,1080.0,102542.0,가솔린,오토,ORIGINAL,일반,2025-03-20 12:09:09.000 +09,대전,(주)세종카,15서5937,1,0,2,61.172,0.0,0,0,
38977895,현대,아반떼 (CN7),1.6,모던,202302.0,2023,1820.0,22883.0,가솔린,오토,ORIGINAL,일반,2025-03-20 12:08:55.000 +09,경기,카카오토,193보2093,1,0,0,0.0,0.0,0,0,
37981709,현대,아반떼 MD,M16 GDI 럭셔리,,201009.0,2011,340.0,137760.0,가솔린,수동,ORIGINAL,일반,2025-03-20 12:08:30.000 +09,대구,한솔모터스,27오6069,3,0,2,125.2594,0.0,0,0,
39057007,현대,아반떼 MD,M16 GDI 탑,,201207.0,2012,570.0,76096.0,가솔린,오토,ORIGINAL,일반,2025-03-20 12:08:11.000 +09,부산,(주)로얄모터스,68거6680,1,2,2,69.6344,135.9024,0,0,
39264954,현대,아반떼 하이브리드 (CN7),모던,,202011.0,2021,1650.0,102135.0,가솔린+전기,오토,ORIGINAL,일반,2025-03-20 12:08:09.000 +09,서울,(주)현카,267더3116,1,1,2,30.322,102.6473,1,0,
39264954,현대,아반떼 하이브리드 (CN7),모던,,202011.0,2021,1650.0,102135.0,가솔린+전기,오토,ORIGINAL,일반,2025-03-20 12:08:09.000 +09,서울,(주)현카,267더3116,1,1,3,30.322,102.6473,1,0,
38464190,현대,아반떼 (CN7),1.6,인스퍼레이션,202006.0,2021,2030.0,48231.0,가솔린,오토,ORIGINAL,일반,2025-03-20 12:08:08.000 +09,대전,삼일상사,244나3045,1,0,2,28.8077,0.0,1,0,
39122983,현대,더 뉴 아반떼,1.6 VGT 스타일,,201410.0,2015,435.0,163122.0,디젤,오토,ORIGINAL,일반,2025-03-20 12:08:04.000 +09,대구,청구종합매매상사,25러6918,6,3,0,400.7794,233.407,0,0,
39225128,현대,아반떼 AD,1.6 GDI 밸류 플러스,,201709.0,2018,1190.0,66197.0,가솔린,오토,ORIGINAL,일반,2025-03-20 12:07:29.000 +09,경남,상화모터스,62가9846,2,0,1,159.0544,0.0,0,0,
39165182,현대,아반떼 AD,1.6 GDI 모던,(세부등급 없음),201607.0,2016,990.0,120543.0,가솔린,오토,ORIGINAL,일반,2025-03-20 12:07:29.000 +09,경남,상화모터스,08거0427,1,0,5,92.2882,0.0,0,0,
38947941,현대,더 뉴 아반떼 (CN7),2.0 N,,202311.0,2024,2850.0,34550.0,가솔린,오토,ORIGINAL,일반,2025-03-20 12:07:23.000 +09,경기,카스토어,141러6830,0,0,1,0.0,0.0,1,0,
38681413,현대,아반떼 AD,1.6 GDI 모던,스페셜,201602.0,2016,930.0,117351.0,가솔린,오토,ORIGINAL,일반,2025-03-20 12:07:10.000 +09,경기,카메이트,51노0876,0,0,5,0.0,0.0,0,0,
38396509,현대,더 뉴 아반떼,1.6 GDi 스마트,기본형,201508.0,2016,699.0,65425.0,가솔린,오토,ORIGINAL,일반,2025-03-20 12:06:51.000 +09,부산,(주) 더마니카,23가0659,1,1,1,26.8559,34.184,0,0,
38895499,현대,아반떼 HD,1.6 VVT S16,럭셔리,200802.0,2008,280.0,123591.0,가솔린,오토,ORIGINAL,일반,2025-03-20 12:06:47.000 +09,대전,드림디오토,50어6864,3,3,1,271.421,124.9,0,0,0.0
39035482,현대,아반떼 HD,1.6 VVT S16,럭셔리,200911.0,2010,230.0,176545.0,가솔린,오토,ORIGINAL,일반,2025-03-20 12:06:46.000 +09,대전,드림디오토,18다2466,1,1,4,83.384,64.43,0,0,0.0
38914404,현대,아반떼 MD,M16 GDI 럭셔리,,201206.0,2012,370.0,168108.0,가솔린,오토,ORIGINAL,일반,2025-03-20 12:06:45.000 +09,대전,드림디오토,25모9023,2,1,2,182.7203,135.59,0,0,0.0
39196622,현대,아반떼 MD,M16 GDI 스마트,,201209.0,2013,320.0,166571.0,가솔린,오토,ORIGINAL,일반,2025-03-20 12:06:45.000 +09,대전,드림디오토,13도5011,2,0,1,116.1567,0.0,0,0,0.0
39275225,현대,더 뉴 아반떼 (CN7),1.6,모던,202307.0,2024,2350.0,16408.0,가솔린,오토,ORIGINAL,렌트,2025-03-20 12:06:35.000 +09,서울,,103하2885,0,0,0,0.0,0.0,0,0,
38683956,현대,아반떼 (CN7),1.6 LPi,모던,202006.0,2021,1770.0,53811.0,LPG(일반인 구입),오토,ORIGINAL,일반,2025-03-20 12:06:33.000 +09,부산,카톡모터스,171소4112,0,0,1,0.0,0.0,0,0,
39215521,현대,아반떼 (CN7),1.6 터보 N Line,스포츠,202011.0,2021,1470.0,66873.0,가솔린,수동,ORIGINAL,일반,2025-03-20 12:06:31.000 +09,대구,JR 모터스,132오1545,1,0,5,213.0,0.0,0,0,
36294432,현대,아반떼 AD,1.6 GDI 스마트,(세부등급 없음),201608.0,2017,1090.0,66139.0,가솔린,오토,ORIGINAL,일반,2025-03-20 12:06:08.000 +09,전북,(주)은혜모터스,23버0313,5,4,3,306.8213,459.5051,0,0,
38891493,현대,아반떼 HD,1.6 VVT S16,럭셔리 어드밴스팩,201004.0,2010,280.0,231631.0,가솔린,오토,ORIGINAL,일반,2025-03-20 12:05:54.000 +09,대전,드림오토월드주식회사,26고1684,6,2,2,352.8976,64.673,0,0,
38645012,현대,아반떼 AD,1.6 GDI 밸류 플러스,,201610.0,2017,990.0,92364.0,가솔린,오토,ORIGINAL,일반,2025-03-20 12:05:37.000 +09,경북,동원상사ㅣ,366로1847,3,2,5,363.1104,515.0484,1,0,
38884132,현대,아반떼 MD,M16 GDI 프리미어,,201010.0,2011,999.0,199106.0,가솔린,오토,ORIGINAL,일반,2025-03-20 12:05:25.000 +09,대전,카카오토월드(주),69보6598,0,0,1,0.0,0.0,0,0,
38856063,현대,아반떼 MD,M16 GDI 럭셔리,,201109.0,2012,470.0,129793.0,가솔린,오토,ORIGINAL,일반,2025-03-20 12:05:25.000 +09,대전,카카오토월드(주),31노5514,2,0,1,134.4426,0.0,0,0,
38762588,현대,아반떼 MD,M16 GDI 프리미어,,201203.0,2012,580.0,98727.0,가솔린,오토,ORIGINAL,일반,2025-03-20 12:05:25.000 +09,대전,카카오토월드(주),45마8042,2,2,3,223.026,62.019,0,0,
39013270,현대,아반떼 MD,M16 GDI 럭셔리,,201104.0,2011,580.0,71892.0,가솔린,오토,ORIGINAL,일반,2025-03-20 12:05:23.000 +09,대전,카카오토월드(주),55구7400,1,0,2,210.5299,0.0,0,0,
38564662,현대,아반떼 AD,1.6 터보 스포츠,(세부등급 없음),201606.0,2017,830.0,114310.0,가솔린,수동,ORIGINAL,일반,2025-03-20 12:04:58.000 +09,부산,마이카,03어7277,4,2,6,334.9637,95.7098,1,0,
38082868,현대,더 뉴 아반떼 AD,1.6 LPi,스마트(렌터카용),202004.0,2020,1380.0,73029.0,LPG(일반인 구입),오토,ORIGINAL,일반,2025-03-20 12:04:57.000 +09,광주,대한민국,232러9212,0,0,2,0.0,0.0,1,0,
37491510,현대,아반떼 하이브리드 (CN7),모던,,202011.0,2021,1850.0,89729.0,가솔린+전기,오토,ORIGINAL,일반,2025-03-20 12:04:56.000 +09,광주,대한민국,362고9533,1,1,1,61.833,130.0009,1,0,
39239682,현대,아반떼 AD,1.6 GDI 밸류 플러스,,201709.0,2018,1150.0,87199.0,가솔린,오토,ORIGINAL,일반,2025-03-20 12:04:56.000 +09,광주,대한민국,52루3753,0,0,2,0.0,0.0,0,0,
39261440,현대,아반떼 MD,M16 GDI 스타일,,201211.0,2013,540.0,90568.0,가솔린,오토,ORIGINAL,일반,2025-03-20 12:04:44.000 +09,부산,JK MOTORS,14보4540,4,3,0,178.0705,163.3638,0,0,
39213786,현대,더 뉴 아반떼,1.6 VGT 스마트,기본형,201404.0,2014,430.0,158114.0,디젤,수동,ORIGINAL,일반,2025-03-20 12:04:44.000 +09,부산,JK MOTORS,67도3758,0,1,0,0.0,53.3233,0,0,
38706285,현대,아반떼 AD,1.6 e-VGT 스마트,(세부등급 없음),201510.0,2016,740.0,121515.0,디젤,오토,ORIGINAL,일반,2025-03-20 12:04:43.000 +09,부산,JK MOTORS,58더2314,4,1,1,307.2117,50.9539,0,0,
38188239,현대,아반떼 MD,M16 GDI 프리미어,,201206.0,2012,440.0,143830.0,가솔린,오토,ORIGINAL,일반,2025-03-20 12:04:43.000 +09,부산,JK MOTORS,28로8637,6,1,8,364.5754,43.136,0,0,
39150566,현대,아반떼 AD,1.6 GDI 스마트,(세부등급 없음),201509.0,2016,899.0,75447.0,가솔린,오토,ORIGINAL,일반,2025-03-20 12:04:16.000 +09,경기,비전모터스,20라0418,5,0,0,196.8746,0.0,0,0,
36325604,현대,아반떼 HD,1.6 VVT S16,럭셔리,200908.0,2009,440.0,48781.0,가솔린,오토,ORIGINAL,일반,2025-03-20 12:03:52.000 +09,전북,차차,16서9556,3,0,1,114.2296,0.0,0,0,
38545212,현대,더 뉴 아반떼,1.6 GDi 모던,기본형,201506.0,2016,870.0,56966.0,가솔린,오토,ORIGINAL,일반,2025-03-20 12:03:52.000 +09,광주,한국모터스,11저5182,3,0,3,128.9424,0.0,0,0,
37558857,현대,아반떼 HD,1.6 VVT S16,럭셔리,200804.0,2008,450.0,62145.0,가솔린,오토,ORIGINAL,일반,2025-03-20 12:03:52.000 +09,전북,차차,22주2066,0,2,1,0.0,124.66,0,0,
38331460,현대,더 뉴 아반떼,1.6 GDi 모던,기본형,201401.0,2014,850.0,50938.0,가솔린,오토,ORIGINAL,일반,2025-03-20 12:03:52.000 +09,광주,한국모터스,62라6193,0,1,3,0.0,40.0364,0,0,
37080663,현대,더 뉴 아반떼,1.6 GDi 모던,기본형,201311.0,2014,920.0,44543.0,가솔린,오토,ORIGINAL,일반,2025-03-20 12:03:52.000 +09,전북,차차,60너5306,1,0,1,15.0,0.0,0,0,
38499921,현대,더 뉴 아반떼,1.6 GDi 모던,기본형,201508.0,2016,870.0,58366.0,가솔린,오토,ORIGINAL,일반,2025-03-20 12:03:52.000 +09,광주,한국모터스,53누0345,3,1,2,192.7948,55.9893,0,0,
38831548,현대,아반떼 MD,M16 GDI 프리미어,,201205.0,2012,670.0,66970.0,가솔린,오토,ORIGINAL,일반,2025-03-20 12:03:52.000 +09,전북,차차,15소3823,2,0,3,119.4053,0.0,0,0,
39274287,현대,아반떼 AD,1.6 GDI 스마트,(세부등급 없음),201702.0,2017,890.0,142978.0,가솔린,오토,ORIGINAL,일반,2025-03-20 12:03:52.000 +09,경남,넘버원모터스,31러9133,0,0,3,0.0,0.0,0,0,
39130643,현대,아반떼 MD,M16 GDI 프리미어,,201102.0,2011,450.0,73338.0,가솔린,오토,ORIGINAL,일반,2025-03-20 12:03:44.000 +09,대전,에이원 모터스,48수2438,2,2,2,92.2557,83.4228,0,0,
38892032,현대,아반떼 MD,M16 GDI 럭셔리,,201202.0,2012,450.0,84076.0,가솔린,오토,ORIGINAL,일반,2025-03-20 12:03:41.000 +09,경기,중고차마트,49두5439,5,2,1,321.6466,69.385,0,0,
39032722,현대,아반떼 MD,M16 GDI 디럭스,,201206.0,2012,430.0,101660.0,가솔린,오토,ORIGINAL,일반,2025-03-20 12:03:41.000 +09,경기,중고차마트,63오5676,1,0,1,66.76,0.0,0,0,
38697386,현대,아반떼 MD,M16 GDI 럭셔리,,201110.0,2012,450.0,72957.0,가솔린,오토,ORIGINAL,일반,2025-03-20 12:03:41.000 +09,경기,중고차마트,34부6493,3,1,1,150.156,84.325,0,0,
38920373,현대,더 뉴 아반떼,1.6 GDi 모던,기본형,201412.0,2015,670.0,102423.0,가솔린,오토,ORIGINAL,일반,2025-03-20 12:03:32.000 +09,경북,인동자동차상사,16보6630,1,0,1,132.224,0.0,0,0,
39196373,현대,아반떼 MD,M16 GDI 럭셔리,,201306.0,2014,570.0,135959.0,가솔린,오토,ORIGINAL,일반,2025-03-20 12:03:31.000 +09,경북,인동자동차상사,57모1782,4,1,3,121.2716,51.288,0,0,
38691834,현대,아반떼 AD,1.6 터보 스포츠,(세부등급 없음),201607.0,2017,1390.0,69577.0,가솔린,오토,ORIGINAL,일반,2025-03-20 12:03:30.000 +09,대구,세화모터스,02마0144,1,0,1,74.453,0.0,0,0,
39232862,현대,아반떼 (CN7),1.6,모던,202208.0,2023,1290.0,36000.0,가솔린,오토,ORIGINAL,렌트,2025-03-20 12:03:10.000 +09,서울,,172하3511,0,0,0,0.0,0.0,0,0,
39204661,현대,더 뉴 아반떼 (CN7),1.6,인스퍼레이션,202307.0,2024,1427.0,18348.0,가솔린,오토,ORIGINAL,렌트,2025-03-20 12:03:09.000 +09,서울,,175호4064,1,0,0,33.6409,0.0,0,0,
39073336,현대,더 뉴 아반떼 (CN7),1.6,스마트,202406.0,2024,2592.0,7387.0,가솔린,오토,ORIGINAL,렌트,2025-03-20 12:03:09.000 +09,서울,,201호5802,0,1,0,0.0,71.98,0,0,
39235931,현대,더 뉴 아반떼 AD,1.6,스마트,201907.0,2020,1420.0,83331.0,가솔린,오토,ORIGINAL,리스,2025-03-20 12:03:06.000 +09,서울,,237러9264,1,1,3,48.752,45.6842,1,0,
39256047,현대,아반떼 (CN7),1.6,인스퍼레이션,202106.0,2021,1920.0,65537.0,가솔린,오토,ORIGINAL,일반,2025-03-20 12:03:05.000 +09,대구,주원모터스,135머1762,1,0,1,50.014,0.0,0,0,
38661346,현대,아반떼 (CN7),1.6,모던,202108.0,2021,1530.0,43222.0,가솔린,오토,ORIGINAL,일반,2025-03-20 12:03:05.000 +09,대구,주원모터스,173머5742,0,1,1,0.0,0.0,1,0,
38614815,현대,아반떼 (CN7),1.6,모던,202110.0,2022,1640.0,31867.0,가솔린,오토,ORIGINAL,일반,2025-03-20 12:03:05.000 +09,대구,주원모터스,173머5714,1,0,1,174.73,0.0,1,0,
38615359,현대,아반떼 (CN7),1.6,모던,202103.0,2021,1680.0,53447.0,가솔린,오토,ORIGINAL,일반,2025-03-20 12:03:05.000 +09,대구,주원모터스,240오4835,0,0,1,0.0,0.0,1,0,
39217783,현대,아반떼 AD,1.6 GDI 밸류 플러스,,201710.0,2018,1120.0,93432.0,가솔린,오토,ORIGINAL,일반,2025-03-20 12:03:04.000 +09,인천,레드모터스,07거7601,1,1,1,47.2934,67.3,0,0,
39207691,현대,더 뉴 아반떼,1.6 GDi 스마트,기본형,201508.0,2016,860.0,34097.0,가솔린,오토,ORIGINAL,일반,2025-03-20 12:03:04.000 +09,인천,레드모터스,55더7658,1,1,3,71.892,343.2,0,0,
39263918,현대,더 뉴 아반떼 (CN7),1.6,인스퍼레이션,202408.0,2025,2472.0,4600.0,가솔린,오토,ORIGINAL,렌트,2025-03-20 12:03:03.000 +09,서울,,224호6100,0,0,0,0.0,0.0,0,0,
37783593,현대,아반떼 MD,M16 GDI 럭셔리,,201009.0,2011,350.0,137894.0,가솔린,오토,ORIGINAL,일반,2025-03-20 12:02:57.000 +09,광주,(주)다일모터스,59무8458,0,3,4,0.0,263.4228,0,0,
39028815,현대,아반떼 (CN7),1.6,인스퍼레이션,202008.0,2021,2030.0,14020.0,가솔린,오토,ORIGINAL,일반,2025-03-20 12:02:26.000 +09,대전,이엘모터스,164조7798,0,0,1,0.0,0.0,0,0,
38659475,현대,아반떼 (CN7),2.0 N,,202110.0,2022,2360.0,66598.0,가솔린,오토,ORIGINAL,일반,2025-03-20 12:02:26.000 +09,대전,이엘모터스,162모1679,1,0,3,136.54,0.0,1,0,
38555029,현대,아반떼 (CN7),2.0 N,,202203.0,2022,2390.0,27009.0,가솔린,수동,ORIGINAL,일반,2025-03-20 12:02:26.000 +09,대전,이엘모터스,174도1622,1,1,1,201.942,191.891,0,0,
38978897,현대,아반떼 MD,M16 GDI 스마트,,201211.0,2013,390.0,117232.0,가솔린,오토,ORIGINAL,일반,2025-03-20 12:02:19.000 +09,울산,DK모터스,32어8013,1,0,7,59.4948,0.0,0,0,
38684916,현대,아반떼 AD,1.6 GDI 스마트,스페셜,201512.0,2016,709.0,159592.0,가솔린,오토,ORIGINAL,일반,2025-03-20 12:02:11.000 +09,경남,엠카,58구0108,4,1,5,536.4707,338.7179,1,0,
39239568,현대,아반떼 (CN7),1.6,인스퍼레이션,202106.0,2021,2030.0,35311.0,가솔린,오토,ORIGINAL,일반,2025-03-20 12:02:11.000 +09,경남,엠카,332더7275,0,0,1,0.0,0.0,0,0,
39259145,현대,아반떼 (CN7),1.6,인스퍼레이션,202106.0,2021,2030.0,35327.0,가솔린,오토,ORIGINAL,일반,2025-03-20 12:02:11.000 +09,경남,엠카,332더7275,0,0,1,0.0,0.0,0,0,
38940234,현대,아반떼 MD,M16 GDI 럭셔리,,201111.0,2012,449.0,134208.0,가솔린,오토,ORIGINAL,일반,2025-03-20 12:02:11.000 +09,경남,엠카,31보1372,5,4,8,423.8408,700.258,0,0,
38567435,현대,아반떼 MD,M16 GDI 탑,,201104.0,2011,530.0,107652.0,가솔린,오토,ORIGINAL,일반,2025-03-20 12:01:50.000 +09,대구,대구중고차,36도8561,3,2,5,126.7455,283.0418,0,0,
38554481,현대,아반떼 MD,M16 GDI 탑,,201101.0,2011,480.0,138145.0,가솔린,오토,ORIGINAL,일반,2025-03-20 12:01:49.000 +09,대구,대구중고차,15부7092,5,0,4,223.0299,0.0,0,0,
39066416,현대,아반떼 AD,1.6 GDI 밸류 플러스,,201804.0,2018,1130.0,87775.0,가솔린,오토,ORIGINAL,일반,2025-03-20 12:01:48.000 +09,울산,넘버원모터스,48모1352,1,0,4,59.796,0.0,0,0,
38915813,현대,아반떼 MD,M16 GDI 에비뉴,,201302.0,2013,600.0,107433.0,가솔린,오토,ORIGINAL,일반,2025-03-20 12:01:42.000 +09,강원,국제자동차,51로5782,1,0,4,26.943,0.0,0,0,
39258264,현대,아반떼 MD,M16 GDI 럭셔리,,201204.0,2012,499.0,108966.0,가솔린,오토,ORIGINAL,일반,2025-03-20 12:01:33.000 +09,대구,중고차365,61모8831,3,3,5,112.95,187.453,0,0,
38566552,현대,더 뉴 아반떼 AD,1.6 LPi,스마트(렌터카용),201909.0,2020,1230.0,69696.0,LPG(일반인 구입),오토,ORIGINAL,일반,2025-03-20 12:01:30.000 +09,경기,에이지모터스,125더5724,0,1,3,0.0,66.7209,1,0,
39116271,현대,아반떼 AD,1.6 GDI 밸류 플러스,,201808.0,2018,1190.0,95838.0,가솔린,오토,ORIGINAL,일반,2025-03-20 12:01:21.000 +09,충북,누리모터스,194수7442,3,0,3,289.1631,0.0,1,0,
38221237,현대,더 뉴 아반떼,1.6 GDi 모던,기본형,201401.0,2014,790.0,106578.0,가솔린,오토,ORIGINAL,일반,2025-03-20 12:01:21.000 +09,충북,누리모터스,62라6472,3,1,1,440.7636,166.024,0,0,
39156209,현대,아반떼 AD,1.6 GDI 밸류 플러스,,201807.0,2018,1250.0,87298.0,가솔린,오토,ORIGINAL,일반,2025-03-20 12:01:20.000 +09,충북,누리모터스,08로8981,8,6,1,633.2379,394.969,0,0,
39220955,현대,아반떼 AD,1.6 GDI 밸류 플러스,,201801.0,2018,1229.0,95904.0,가솔린,오토,ORIGINAL,일반,2025-03-20 12:01:20.000 +09,충북,누리모터스,53저7031,2,1,1,126.274,465.0,0,0,
39202252,현대,아반떼 HD,1.6 VVT E16,디럭스,200705.0,2007,330.0,13483.0,가솔린,오토,ORIGINAL,일반,2025-03-20 12:01:20.000 +09,서울,(주)라인오토,45무5040,2,1,0,181.016,35.485,0,0,
38292827,현대,아반떼 MD,M16 GDI 럭셔리,,201207.0,2012,399.0,152098.0,가솔린,오토,ORIGINAL,일반,2025-03-20 12:01:15.000 +09,대구,유니모터스,20다7364,2,1,4,132.1573,239.019,1,0,
38682561,현대,아반떼 MD,M16 GDI 럭셔리,,201207.0,2012,330.0,160968.0,가솔린,오토,ORIGINAL,일반,2025-03-20 12:01:15.000 +09,대구,유니모터스,69저5247,2,0,3,330.224,0.0,0,0,
38695184,현대,아반떼 AD,1.6 GDI 모던,(세부등급 없음),201603.0,2016,780.0,114894.0,가솔린,오토,ORIGINAL,일반,2025-03-20 12:01:11.000 +09,경남,대동모터스,54모0453,4,3,1,310.9031,77.5865,0,0,
38208471,현대,더 뉴 아반떼 AD,1.6,스마트,201905.0,2019,900.0,88460.0,가솔린,오토,ORIGINAL,일반,2025-03-20 12:01:11.000 +09,경남,대동모터스,36노7502,3,1,2,707.1743,155.627,1,0,
39117150,현대,아반떼 (CN7),2.0 N,,202205.0,2022,2500.0,51500.0,가솔린,오토,ORIGINAL,일반,2025-03-20 12:00:54.000 +09,경기,,103주5135,0,0,1,0.0,0.0,0,0,
37509984,현대,아반떼 HD,1.6 VVT S16,럭셔리,200802.0,2008,299.0,121701.0,가솔린,오토,ORIGINAL,일반,2025-03-20 12:00:40.000 +09,부산,마린모터스,67저8104,1,1,6,33.486,43.6,0,0,
38890273,현대,더 뉴 아반떼 AD,1.6,스타일,201810.0,2019,990.0,99291.0,가솔린,오토,ORIGINAL,일반,2025-03-20 12:00:32.000 +09,부산,에이스모터스,38누2951,5,3,2,802.0787,317.557,0,0,
38580372,현대,아반떼 MD,M16 GDI 에비뉴,,201308.0,2014,650.0,81489.0,가솔린,오토,ORIGINAL,일반,2025-03-20 12:00:26.000 +09,부산,(주)우진 오토모빌,59루6475,3,0,1,198.802,0.0,0,0,
39162423,현대,더 뉴 아반떼 AD,1.6,스마트 초이스,202001.0,2020,1270.0,72465.0,가솔린,오토,ORIGINAL,일반,2025-03-20 12:00:13.000 +09,경기,올카모터스,227러8516,0,1,2,0.0,713.6365,1,0,
39263762,현대,아반떼 AD,1.6 GDI 밸류 플러스,,201809.0,2018,1050.0,96976.0,가솔린,오토,ORIGINAL,일반,2025-03-20 12:00:11.000 +09,경남,장원모터스,311마8920,0,0,4,0.0,0.0,1,0,
39119705,현대,아반떼 MD,M16 GDI 모던,,201308.0,2014,600.0,135319.0,가솔린,오토,ORIGINAL,일반,2025-03-20 12:00:10.000 +09,경남,장원모터스,56보2272,2,1,1,94.9476,484.6128,0,0,
39053833,현대,더 뉴 아반떼 AD,1.6,스마트 초이스,201907.0,2020,1390.0,59162.0,가솔린,오토,ORIGINAL,일반,2025-03-20 12:00:10.000 +09,경남,장원모터스,29더3506,2,1,3,215.1509,87.8809,0,0,
39029967,현대,아반떼 AD,1.6 e-VGT 스마트,스페셜,201702.0,2017,990.0,93708.0,디젤,오토,ORIGINAL,일반,2025-03-20 12:00:10.000 +09,경남,장원모터스,33머5311,1,1,1,60.845,34.644,0,0,
39057545,현대,더 뉴 아반떼,1.6 VGT 모던,기본형,201411.0,2015,570.0,166907.0,디젤,오토,ORIGINAL,일반,2025-03-20 11:59:37.000 +09,대전,(주)바이킹오토,20오5932,0,0,2,0.0,0.0,0,0,
38894145,현대,아반떼 (CN7),1.6 터보 N Line,스포츠,202106.0,2021,2030.0,49404.0,가솔린,오토,ORIGINAL,일반,2025-03-20 11:59:37.000 +09,대전,(주)바이킹오토,129오8723,0,0,2,0.0,0.0,2,0,
38349449,현대,더 뉴 아반떼,1.6 GDi 스타일,,201502.0,2015,590.0,81000.0,가솔린,오토,ORIGINAL,일반,2025-03-20 11:59:36.000 +09,서울,대륙종합상사,12저9862,1,1,1,36.3336,23.5668,0,0,
39252817,현대,더 뉴 아반떼 AD,1.6,스마트 초이스,201912.0,2020,1140.0,127479.0,가솔린,오토,ORIGINAL,일반,2025-03-20 11:59:13.000 +09,부산,(주)뉴드림모터스 ,353소4053,0,0,1,0.0,0.0,1,0,0.0
39186518,현대,아반떼 하이브리드,HDeII,기본형,201005.0,2010,360.0,111558.0,LPG+전기,오토,ORIGINAL,일반,2025-03-20 11:59:12.000 +09,부산,(주)뉴드림모터스 ,37오1822,0,2,6,0.0,146.1508,0,0,
39199438,현대,더 뉴 아반떼,1.6 LPi 모던,,201408.0,2015,580.0,100034.0,LPG(일반인 구입),오토,ORIGINAL,일반,2025-03-20 11:59:12.000 +09,부산,(주)뉴드림모터스 ,28로1637,6,13,1,415.9551,1024.9711,0,0,
38492777,현대,아반떼 MD,M16 GDI 럭셔리,,201107.0,2012,365.0,151150.0,가솔린,오토,ORIGINAL,일반,2025-03-20 11:59:09.000 +09,경북,대우자동차상사,57조1136,1,2,6,14.17,402.0139,1,0,
39056305,현대,아반떼 (CN7),1.6,인스퍼레이션,202212.0,2023,1829.0,90831.0,가솔린,오토,ORIGINAL,일반,2025-03-20 11:59:03.000 +09,대구,카뱅크 모터스,307구8624,0,0,1,0.0,0.0,0,0,
39154360,현대,아반떼 AD,1.6 GDI 밸류 플러스,,201612.0,2017,1050.0,45669.0,가솔린,오토,ORIGINAL,일반,2025-03-20 11:58:45.000 +09,경기,(주)으뜸모터스,60부0139,4,1,0,238.035,128.463,0,0,
39154591,현대,아반떼 AD,1.6 GDI 밸류 플러스,,201701.0,2017,1180.0,73843.0,가솔린,오토,ORIGINAL,일반,2025-03-20 11:58:20.000 +09,서울,(주)뉴스카이오토,06무3547,4,1,0,211.1668,378.9,0,0,
39228110,현대,더 뉴 아반떼 AD,1.6,스마트 초이스,201903.0,2019,1190.0,98248.0,가솔린,오토,ORIGINAL,일반,2025-03-20 11:57:20.000 +09,대구,스마일 모터스,196라7808,1,0,1,36.0509,0.0,1,0,
39118119,현대,아반떼 (CN7),1.6,인스퍼레이션,202101.0,2021,2090.0,36368.0,가솔린,오토,ORIGINAL,일반,2025-03-20 11:57:02.000 +09,경기,탑라인모터스,182가7462,2,0,2,146.3309,0.0,0,0,
39270426,현대,아반떼 (CN7),1.6 터보 N Line,인스퍼레이션,202104.0,2021,1780.0,58007.0,가솔린,오토,ORIGINAL,일반,2025-03-20 11:57:02.000 +09,인천,원스탑모터스 주식회사,102더1558,1,0,2,230.2894,0.0,0,0,
38950126,현대,아반떼 AD,1.6 GDI 밸류 플러스,,201611.0,2017,1190.0,59140.0,가솔린,오토,ORIGINAL,일반,2025-03-20 11:56:48.000 +09,대구,다나자동차,45더1786,4,1,2,235.2629,42.194,1,0,
38998371,현대,아반떼 (CN7),1.6,스마트,202104.0,2021,1320.0,93081.0,가솔린,오토,ORIGINAL,일반,2025-03-20 11:56:43.000 +09,경남,사랑모터스,256어6291,1,2,2,31.39,110.3079,1,0,
39121814,현대,아반떼 (CN7),1.6,인스퍼레이션,202007.0,2021,2040.0,25825.0,가솔린,오토,ORIGINAL,일반,2025-03-20 11:56:40.000 +09,경기,(주)카마트몰,228나7742,2,0,0,167.673,0.0,0,0,
37218619,현대,더 뉴 아반떼,1.6 GDi 스마트,기본형,201310.0,2014,599.0,84545.0,가솔린,오토,ORIGINAL,일반,2025-03-20 11:56:29.000 +09,대구,누리자동차,24도0105,1,0,3,22.3278,0.0,1,0,
39236707,현대,아반떼 AD,1.6 GDI 밸류 플러스,,201705.0,2018,899.0,107291.0,가솔린,오토,ORIGINAL,일반,2025-03-20 11:56:29.000 +09,대구,누리자동차,03어7530,6,3,1,647.2525,201.5,0,0,
39172070,현대,아반떼 MD,M16 GDI 탑,,201204.0,2012,499.0,126439.0,가솔린,오토,ORIGINAL,일반,2025-03-20 11:56:29.000 +09,대구,누리자동차,37러1241,5,1,4,520.7597,37.2,0,0,
38727386,현대,아반떼 MD,M16 GDI 럭셔리,,201008.0,2011,449.0,59073.0,가솔린,오토,ORIGINAL,일반,2025-03-20 11:56:29.000 +09,대구,누리자동차,46두4639,3,6,2,186.922,396.349,0,0,
37452705,현대,아반떼 AD,1.6 GDI 모던,(세부등급 없음),201603.0,2016,1030.0,150644.0,가솔린,오토,ORIGINAL,일반,2025-03-20 11:56:23.000 +09,대구,태성모터스,69구0718,2,0,0,68.0758,0.0,0,0,
36917793,현대,더 뉴 아반떼,1.6 GDi 모던,기본형,201504.0,2015,1000.0,69410.0,가솔린,오토,ORIGINAL,일반,2025-03-20 11:56:22.000 +09,대구,태성모터스,68서2311,2,0,1,64.6811,0.0,0,0,
37216865,현대,아반떼 (CN7),1.6,인스퍼레이션,202005.0,2021,2150.0,67193.0,가솔린,오토,ORIGINAL,일반,2025-03-20 11:56:22.000 +09,대구,태성모터스,137너4544,0,0,0,0.0,0.0,0,0,
39092621,현대,아반떼 AD,1.6 GDI 스마트,스페셜,201603.0,2016,9999.0,95458.0,가솔린,오토,ORIGINAL,일반,2025-03-20 11:56:11.000 +09,강원,현수중고차,60구0945,1,1,1,212.6507,100.0,0,0,
38976855,현대,아반떼 MD,M16 GDI 프리미어,,201101.0,2011,490.0,116488.0,가솔린,오토,ORIGINAL,일반,2025-03-20 11:55:56.000 +09,울산,준파크모터스,17누7499,2,2,5,146.8109,212.7,0,0,
38715961,현대,아반떼 MD,LPI M16 모던,,201303.0,2013,599.0,60478.0,LPG(일반인 구입),오토,ORIGINAL,일반,2025-03-20 11:55:18.000 +09,광주,신미래모터스,27보4388,1,3,4,150.534,414.3359,0,0,
38750908,현대,아반떼 (CN7),1.6,인스퍼레이션,202009.0,2021,1789.0,78096.0,가솔린,오토,ORIGINAL,일반,2025-03-20 11:55:03.000 +09,대구,카뱅크 모터스,113라2278,1,0,2,101.7608,0.0,1,0,
39257405,현대,아반떼 AD,1.6 GDI 밸류 플러스,,201802.0,2018,999.0,137206.0,가솔린,오토,ORIGINAL,일반,2025-03-20 11:55:03.000 +09,충남,(주)비케이모터스,04고4787,1,0,4,51.2249,0.0,0,0,
39178372,현대,더 뉴 아반떼 AD,1.6,스마트,201901.0,2019,1350.0,66391.0,가솔린,오토,ORIGINAL,일반,2025-03-20 11:54:59.000 +09,경기,제이모터스,236수3916,1,0,1,59.398,0.0,1,0,
39067598,현대,아반떼 (CN7),1.6,인스퍼레이션,202303.0,2023,2260.0,20636.0,가솔린,오토,ORIGINAL,일반,2025-03-20 11:54:06.000 +09,광주,디에스모터스,133부6938,0,0,2,0.0,0.0,0,0,
38481026,현대,아반떼 MD,M16 GDI 탑,,201204.0,2012,655.0,93668.0,가솔린,오토,ORIGINAL,일반,2025-03-20 11:54:06.000 +09,광주,디에스모터스,47저2539,1,1,1,61.699,69.934,0,0,0.0
39083806,현대,더 뉴 아반떼 AD,1.6,스타일,201909.0,2019,1280.0,87119.0,가솔린,오토,ORIGINAL,일반,2025-03-20 11:54:02.000 +09,대구,대구오토 모터스,350모2238,3,2,1,392.725,291.114,0,0,
38969737,현대,아반떼 AD,1.6 GDI 밸류 플러스,,201704.0,2017,1070.0,96304.0,가솔린,오토,ORIGINAL,일반,2025-03-20 11:54:02.000 +09,대구,대구오토 모터스,142수4833,1,0,3,155.41,0.0,1,0,
39074072,현대,아반떼 AD,1.6 GDI 밸류 플러스,,201802.0,2018,900.0,114379.0,가솔린,오토,ORIGINAL,일반,2025-03-20 11:53:57.000 +09,경기,천마상사,247부1894,1,0,1,48.707,0.0,1,0,
39103101,현대,아반떼 (CN7),1.6,인스퍼레이션,202201.0,2022,1610.0,71844.0,가솔린,오토,ORIGINAL,일반,2025-03-20 11:53:41.000 +09,경남,바름모터스,171모3941,1,0,2,878.86,0.0,1,0,
39018698,현대,아반떼 MD,M16 GDI 럭셔리,,201107.0,2012,420.0,120537.0,가솔린,오토,ORIGINAL,일반,2025-03-20 11:53:37.000 +09,경남,새진영모터스,13보4246,1,0,1,33.76,0.0,0,0,
39261490,현대,아반떼 AD,1.6 터보 스포츠,(세부등급 없음),201803.0,2018,1050.0,106654.0,가솔린,오토,ORIGINAL,일반,2025-03-20 11:53:16.000 +09,부산,JCAR,349마2406,3,4,4,308.0625,63.2168,1,0,
38751064,현대,아반떼 (CN7),2.0 N,,202110.0,2022,9999.0,91639.0,가솔린,오토,ORIGINAL,일반,2025-03-20 11:53:16.000 +09,부산,JCAR,176저6958,2,2,3,217.241,127.296,0,0,
39005804,현대,더 뉴 아반떼,1.6 GDi 스마트,기본형,201404.0,2014,590.0,107073.0,가솔린,오토,ORIGINAL,일반,2025-03-20 11:52:39.000 +09,인천,,13저5576,1,1,2,27.537,104.4869,0,0,
38677476,현대,아반떼 AD,1.6 GDI 밸류 플러스,,201610.0,2017,1050.0,85432.0,가솔린,오토,ORIGINAL,일반,2025-03-20 11:52:36.000 +09,전북,(유)카스토리,60누0314,1,1,3,61.266,55.7859,0,0,
38871979,현대,아반떼 MD,M16 GDI 프리미어,,201206.0,2012,430.0,145000.0,가솔린,오토,ORIGINAL,일반,2025-03-20 11:52:31.000 +09,대전,보배자동차,20주9893,6,0,2,607.6729,0.0,0,0,
37554898,현대,아반떼 MD,LPI M16 럭셔리,,201207.0,2012,390.0,242000.0,LPG(일반인 구입),오토,ORIGINAL,일반,2025-03-20 11:52:31.000 +09,대전,보배자동차,38라8650,2,0,5,91.5442,0.0,1,0,
39091609,현대,아반떼 (CN7),1.6,모던,202011.0,2021,1680.0,46220.0,가솔린,오토,ORIGINAL,일반,2025-03-20 11:52:30.000 +09,서울,진카모터스,281수8845,2,0,0,251.6121,0.0,1,0,
37374866,현대,아반떼 AD,1.6 GDI 스마트,(세부등급 없음),201603.0,2016,650.0,162608.0,가솔린,오토,ORIGINAL,일반,2025-03-20 11:52:19.000 +09,대전,골드모터스,30소0589,6,1,1,517.4392,77.0,0,0,
39269273,현대,더 뉴 아반떼 AD,1.6,스마트 초이스,201812.0,2019,1040.0,64872.0,가솔린,오토,ORIGINAL,일반,2025-03-20 11:51:14.000 +09,충남,한빛중고차,46고5890,2,1,1,354.1908,169.4529,0,0,
39017022,현대,더 뉴 아반떼 AD,1.6 LPi,스마트(렌터카용),201903.0,2019,1250.0,59077.0,LPG(일반인 구입),오토,ORIGINAL,일반,2025-03-20 11:51:09.000 +09,경기,카플러스,279모9533,0,0,2,0.0,0.0,1,0,
39068975,현대,더 뉴 아반떼 하이브리드 (CN7),모던,,202209.0,2023,2896.0,44300.0,가솔린+전기,오토,ORIGINAL,렌트,2025-03-20 11:51:03.000 +09,서울,,126하9634,0,0,0,0.0,0.0,0,0,
39094770,현대,아반떼 (CN7),1.6,모던,202101.0,2021,1490.0,99654.0,가솔린,오토,ORIGINAL,일반,2025-03-20 11:50:44.000 +09,경남,스마일모터스,216서2754,0,0,1,0.0,0.0,1,0,
38717016,현대,아반떼 XD,1.5 DOHC GL,고급형,200203.0,2002,149.0,92069.0,가솔린,오토,ORIGINAL,일반,2025-03-20 11:50:32.000 +09,부산,J 모터스,부산30더3201,0,3,0,0.0,293.535,0,0,
38907683,현대,더 뉴 아반떼 AD,1.6,스마트,201811.0,2019,860.0,120774.0,가솔린,오토,ORIGINAL,일반,2025-03-20 11:50:20.000 +09,부산,행복한상사,195우5421,2,1,3,118.3919,485.8518,1,0,
39036633,현대,아반떼 AD,1.6 GDI 밸류 플러스,,201709.0,2018,1100.0,66830.0,가솔린,오토,ORIGINAL,일반,2025-03-20 11:50:19.000 +09,서울,(주)자동차친구,24더2192,0,2,1,0.0,144.1392,0,0,
38942867,현대,아반떼 AD,1.6 GDI 모던,스페셜,201608.0,2017,1190.0,74549.0,가솔린,오토,ORIGINAL,일반,2025-03-20 11:50:15.000 +09,대전,(주)보배자동차,28가0213,1,1,1,98.7744,88.9814,0,0,
39216611,현대,아반떼 AD,1.6 GDI 밸류 플러스,,201802.0,2018,1190.0,40926.0,가솔린,오토,ORIGINAL,일반,2025-03-20 11:50:15.000 +09,대전,(주)보배자동차,130거4007,0,0,2,0.0,0.0,1,0,
38664956,현대,아반떼 (CN7),1.6,모던,202305.0,2023,2050.0,16260.0,가솔린,오토,ORIGINAL,일반,2025-03-20 11:50:10.000 +09,대전,(주)하이카,184러2007,1,0,2,0.0,0.0,0,0,
38756321,현대,아반떼 (CN7),1.6,모던,202103.0,2021,1850.0,36232.0,가솔린,오토,ORIGINAL,일반,2025-03-20 11:50:10.000 +09,대전,(주)하이카,386무4657,0,0,1,0.0,0.0,1,0,
38560858,현대,아반떼 하이브리드 (CN7),모던,,202012.0,2021,2190.0,14057.0,가솔린+전기,오토,ORIGINAL,일반,2025-03-20 11:50:10.000 +09,대전,(주)하이카,135더2506,0,2,1,0.0,39.4548,1,0,
37820653,현대,아반떼 (CN7),1.6,모던,202106.0,2021,1450.0,115203.0,가솔린,오토,ORIGINAL,일반,2025-03-20 11:50:10.000 +09,대전,(주)하이카,211더2400,2,0,2,344.3996,0.0,1,0,
39249109,현대,아반떼 AD,1.6 GDI 밸류 플러스,,201802.0,2018,1200.0,54449.0,가솔린,오토,ORIGINAL,일반,2025-03-20 11:50:10.000 +09,경남,바름모터스,65러4139,3,0,1,280.7,0.0,0,0,
39263545,현대,아반떼 AD,1.6 GDI 프리미엄,,201806.0,2018,1350.0,57757.0,가솔린,오토,ORIGINAL,일반,2025-03-20 11:50:09.000 +09,경기,진모터스,25우6760,0,2,3,0.0,168.2849,0,0,
39263288,현대,아반떼 (CN7),2.0 N,,202205.0,2022,2650.0,60202.0,가솔린,오토,ORIGINAL,일반,2025-03-20 11:49:50.000 +09,경기,(주)케이원카,146저6916,0,0,4,0.0,0.0,0,0,
37079590,현대,아반떼 AD,1.6 GDI 스타일,,201603.0,2016,660.0,134000.0,가솔린,오토,ORIGINAL,일반,2025-03-20 11:49:43.000 +09,광주,하늘모터스,49조0548,1,0,0,51.851,0.0,0,0,
39204052,현대,아반떼 MD,LPI M16 스타일,,201209.0,2013,350.0,171000.0,LPG(일반인 구입),오토,ORIGINAL,일반,2025-03-20 11:49:43.000 +09,광주,하늘모터스,33두4739,6,0,4,414.2587,0.0,0,0,
38882870,현대,더 뉴 아반떼 AD,1.6,스마트 초이스,201905.0,2020,1430.0,60708.0,가솔린,오토,ORIGINAL,일반,2025-03-20 11:48:52.000 +09,울산,유에스모터스,67로6312,0,0,1,0.0,0.0,0,0,
38902862,현대,아반떼 (CN7),1.6,모던,202102.0,2021,2070.0,6190.0,가솔린,오토,ORIGINAL,일반,2025-03-20 11:48:52.000 +09,울산,유에스모터스,231부4249,0,0,1,0.0,0.0,0,0,
38460428,현대,아반떼 (CN7),1.6 LPi (렌터카),스타일,202006.0,2021,1280.0,86882.0,LPG(일반인 구입),오토,ORIGINAL,일반,2025-03-20 11:48:45.000 +09,전북,프렌즈모터스,311조5189,0,3,1,0.0,213.6222,2,0,
37649521,현대,아반떼 MD,M16 GDI 럭셔리,,201107.0,2012,550.0,66334.0,가솔린,오토,ORIGINAL,일반,2025-03-20 11:48:30.000 +09,전북,나이스모터스,69고2060,1,0,0,29.5376,0.0,0,0,
38506382,현대,아반떼 (CN7),1.6,스마트,202011.0,2021,1270.0,95459.0,가솔린,오토,ORIGINAL,일반,2025-03-20 11:48:30.000 +09,전북,나이스모터스,255루3399,1,0,1,447.8597,0.0,1,0,
39214520,현대,아반떼 (CN7),1.6,모던,202005.0,2021,1779.0,24680.0,가솔린,오토,ORIGINAL,일반,2025-03-20 11:48:03.000 +09,부산,(주)왓카,282다2417,0,0,1,0.0,0.0,0,0,
39267829,현대,아반떼 (CN7),2.0 N,,202205.0,2022,2890.0,35363.0,가솔린,오토,ORIGINAL,일반,2025-03-20 11:48:00.000 +09,경기,(주)롱탄,114우1411,0,0,5,0.0,0.0,1,0,
38870939,현대,아반떼 AD,1.6 GDI 모던,스페셜,201605.0,2017,780.0,136015.0,가솔린,오토,ORIGINAL,일반,2025-03-20 11:47:08.000 +09,부산,힘찬모터스,60모0547,2,1,2,303.659,53.5,0,0,
38989152,현대,아반떼 AD,1.6 GDI 밸류 플러스,,201702.0,2017,890.0,71847.0,가솔린,오토,ORIGINAL,일반,2025-03-20 11:47:07.000 +09,경기,삼우상사,07어0178,3,0,1,77.2638,0.0,0,0,
39092604,현대,아반떼 AD,1.6 GDI 밸류 플러스,,201806.0,2018,1070.0,62551.0,가솔린,오토,ORIGINAL,일반,2025-03-20 11:47:02.000 +09,강원,현수중고차,01거3953,1,0,1,46.2569,0.0,0,0,
38590684,현대,더 뉴 아반떼,1.6 VGT 모던,기본형,201404.0,2014,690.0,148115.0,디젤,오토,ORIGINAL,일반,2025-03-20 11:46:36.000 +09,대구,한길모터스,19저4425,4,3,4,227.4308,249.2888,0,0,
39222488,현대,더 뉴 아반떼,1.6 GDi 모던,기본형,201403.0,2014,599.0,126352.0,가솔린,오토,ORIGINAL,일반,2025-03-20 11:46:32.000 +09,대전,(주)힘찬,41러2289,6,2,3,499.2105,290.249,0,0,
39087214,현대,아반떼 (CN7),1.6,스마트,202103.0,2021,1530.0,10029.0,가솔린,오토,ORIGINAL,일반,2025-03-20 11:45:58.000 +09,대구,성서자동차상사,168러9433,1,1,1,128.5957,95.1656,0,0,
38339231,현대,아반떼 AD,1.6 GDI 스마트,(세부등급 없음),201602.0,2016,979.0,92502.0,가솔린,오토,ORIGINAL,일반,2025-03-20 11:45:49.000 +09,부산,마린모터스,25저0982,5,2,2,214.3556,74.788,0,0,
37592960,현대,아반떼 HD,1.6 VVT S16,럭셔리,200804.0,2008,350.0,102560.0,가솔린,오토,ORIGINAL,일반,2025-03-20 11:45:32.000 +09,경남,대호자동차매매상사,61러8507,2,0,1,68.6006,0.0,0,0,
37913755,현대,아반떼 MD,M16 GDI 프리미어,,201108.0,2012,390.0,160000.0,가솔린,오토,ORIGINAL,일반,2025-03-20 11:44:23.000 +09,경남,멀티모터스,61어2221,2,2,9,417.9816,72.928,1,0,
39226127,현대,아반떼 HD,1.6 VVT S16,럭셔리,200905.0,2009,210.0,198700.0,가솔린,오토,ORIGINAL,일반,2025-03-20 11:44:22.000 +09,전북,스마일모터스,19부7266,7,3,3,405.2819,125.6478,0,0,
39248737,현대,아반떼 (CN7),1.6,모던,202006.0,2021,1490.0,90286.0,가솔린,오토,ORIGINAL,일반,2025-03-20 11:42:54.000 +09,충북,대일모터스,144노6848,2,0,1,120.2329,0.0,1,0,
39015740,현대,아반떼 (CN7),1.6,인스퍼레이션,202006.0,2021,1880.0,85788.0,가솔린,오토,ORIGINAL,일반,2025-03-20 11:42:54.000 +09,충북,대일모터스,294구7019,3,2,4,187.194,273.457,0,0,
39022991,현대,아반떼 AD,1.6 GDI 밸류 플러스,,201707.0,2018,990.0,78069.0,가솔린,오토,ORIGINAL,일반,2025-03-20 11:42:38.000 +09,전북,뉴-매일모터스,27수2758,7,2,1,637.0204,251.5695,0,0,
39023729,현대,더 뉴 아반떼 AD,1.6,스타일,201904.0,2019,1250.0,8548.0,가솔린,오토,ORIGINAL,일반,2025-03-20 11:42:37.000 +09,충남,유진모터스,45너3285,4,1,3,214.4073,88.205,0,0,
39199301,현대,더 뉴 아반떼 AD,1.6,스마트,201906.0,2020,1180.0,100211.0,가솔린,오토,ORIGINAL,일반,2025-03-20 11:42:30.000 +09,대전,(주)도담모터스,221우5310,0,0,2,0.0,0.0,1,0,
39194425,현대,아반떼 하이브리드,HDeII,기본형,200909.0,2010,199.0,202733.0,LPG+전기,오토,ORIGINAL,일반,2025-03-20 11:42:30.000 +09,서울,(주)구루마,24나5019,3,2,14,265.1526,207.2221,1,0,
37999565,현대,아반떼 AD,1.6 GDI 밸류 플러스,,201705.0,2017,1000.0,35629.0,가솔린,오토,ORIGINAL,일반,2025-03-20 11:42:18.000 +09,경기,수원중고차,36라3833,1,0,2,42.522,0.0,0,0,
39177620,현대,아반떼 (CN7),2.0 N,,202109.0,2022,2680.0,48340.0,가솔린,오토,ORIGINAL,일반,2025-03-20 11:42:09.000 +09,경기,(주)왕카,384머3137,0,0,4,0.0,0.0,0,0,
39213335,현대,아반떼 AD,1.6 GDI 밸류 플러스,,201805.0,2018,970.0,111629.0,가솔린,오토,ORIGINAL,일반,2025-03-20 11:41:57.000 +09,경기,신원자동차매매상사,68조3098,1,0,1,19.0359,0.0,0,0,
39116631,현대,더 뉴 아반떼,1.6 GDi 모던,기본형,201310.0,2014,730.0,111343.0,가솔린,오토,ORIGINAL,일반,2025-03-20 11:41:43.000 +09,대구,행운모터스,26저4279,0,1,0,0.0,42.652,0,0,
39119234,현대,아반떼 하이브리드 (CN7),모던,,202101.0,2021,1830.0,78138.0,가솔린+전기,오토,ORIGINAL,일반,2025-03-20 11:41:25.000 +09,경기,(주)엠모터스,291나4574,0,0,1,0.0,0.0,1,0,
38115823,현대,아반떼 AD,1.6 GDI 밸류 플러스,,201701.0,2017,1069.0,58813.0,가솔린,오토,ORIGINAL,일반,2025-03-20 11:41:24.000 +09,경남,넘버원모터스,312누4145,4,0,3,283.432,0.0,1,0,
38288953,현대,아반떼 MD,M16 GDI 럭셔리,,201207.0,2012,560.0,47500.0,가솔린,오토,ORIGINAL,일반,2025-03-20 11:41:17.000 +09,대전,뉴신원자동차,15러1682,2,1,1,65.39,286.5,0,0,
39260095,현대,아반떼 MD,M16 GDI 프리미어,,201009.0,2011,460.0,230822.0,가솔린,오토,ORIGINAL,일반,2025-03-20 11:41:16.000 +09,대전,뉴신원자동차,67다8047,3,3,2,211.309,394.705,0,0,
39246291,현대,더 뉴 아반떼 AD,1.6,스타일,201903.0,2019,1420.0,36824.0,가솔린,오토,ORIGINAL,일반,2025-03-20 11:40:34.000 +09,부산,우정모터스,139노6004,0,2,2,0.0,105.0379,1,0,
39244142,현대,아반떼 AD,1.6 GDI 밸류 플러스,,201704.0,2018,1130.0,103850.0,가솔린,오토,ORIGINAL,일반,2025-03-20 11:40:05.000 +09,대전,(주)영진모터스,13부7274,3,0,1,202.7446,0.0,0,0,
38711941,현대,아반떼 AD,1.6 GDI 프리미엄,,201601.0,2016,1169.0,84553.0,가솔린,오토,ORIGINAL,일반,2025-03-20 11:40:05.000 +09,대전,(주)영진모터스,51주5965,3,1,2,397.3412,126.951,0,0,
38848446,현대,아반떼 AD,1.6 GDI 모던,(세부등급 없음),201511.0,2016,980.0,137625.0,가솔린,오토,ORIGINAL,일반,2025-03-20 11:40:05.000 +09,대전,(주)영진모터스,35머8364,3,0,1,142.1642,0.0,0,0,
39189653,현대,아반떼 AD,1.6 GDI 모던,(세부등급 없음),201607.0,2016,949.0,90645.0,가솔린,오토,ORIGINAL,일반,2025-03-20 11:39:34.000 +09,경기,(주)왕카,21어0508,4,2,3,433.6337,316.3603,0,0,
39193894,현대,아반떼 (CN7),2.0 N,,202109.0,2022,2595.0,38196.0,가솔린,오토,ORIGINAL,일반,2025-03-20 11:38:55.000 +09,부산,KB모터스,302어6346,1,0,1,100.783,0.0,0,0,
39255968,현대,더 뉴 아반떼 AD,1.6,스마트 초이스,202004.0,2020,1295.0,38667.0,가솔린,오토,ORIGINAL,일반,2025-03-20 11:38:55.000 +09,부산,KB모터스,269보5407,2,1,2,98.5938,154.9,1,0,
38172299,현대,더 뉴 아반떼,1.6 GDi 스마트,기본형,201412.0,2015,675.0,106873.0,가솔린,오토,ORIGINAL,일반,2025-03-20 11:38:53.000 +09,부산,(주) 삼삼공 모터스,22다3597,1,1,2,201.228,32.8202,0,0,
38773050,현대,더 뉴 아반떼,1.6 GDi 모던,기본형,201310.0,2014,630.0,142177.0,가솔린,오토,ORIGINAL,일반,2025-03-20 11:37:42.000 +09,전북,한마음모터스,18루8457,3,2,3,129.581,189.0572,0,0,
39219932,현대,더 뉴 아반떼,1.6 GDi 프리미엄,기본형,201412.0,2015,850.0,71690.0,가솔린,오토,ORIGINAL,일반,2025-03-20 11:37:05.000 +09,서울,신한자동차,68더3977,2,5,1,193.5321,475.6457,0,0,
39200443,현대,아반떼 MD,M16 GDI 프리미어,,201111.0,2012,550.0,76357.0,가솔린,오토,ORIGINAL,일반,2025-03-20 11:37:05.000 +09,서울,신한자동차,15주7958,1,1,1,30.733,36.75,0,0,
38326634,현대,아반떼 AD,1.6 GDI 밸류 플러스,,201804.0,2018,1290.0,39155.0,가솔린,오토,ORIGINAL,일반,2025-03-20 11:37:03.000 +09,서울,(주) 하이오토,175너2085,1,2,2,148.9574,423.3493,1,0,
38482294,현대,아반떼 MD,M16 GDI 탑,,201009.0,2011,420.0,120970.0,가솔린,오토,ORIGINAL,일반,2025-03-20 11:37:03.000 +09,서울,(주) 하이오토,50구9474,5,1,2,376.397,65.107,0,0,
38102316,현대,아반떼 하이브리드 (CN7),인스퍼레이션,,202107.0,2021,2450.0,15986.0,가솔린+전기,오토,ORIGINAL,일반,2025-03-20 11:37:03.000 +09,서울,(주) 하이오토,261러9209,0,0,1,0.0,0.0,0,0,
39190744,현대,더 뉴 아반떼,1.6 GDi 스마트,기본형,201407.0,2015,639.0,67240.0,가솔린,오토,ORIGINAL,일반,2025-03-20 11:37:03.000 +09,서울,(주) 하이오토,53소6641,2,1,1,190.444,244.495,0,0,
38312264,현대,아반떼 AD,1.6 GDI 스마트,(세부등급 없음),201510.0,2016,890.0,108709.0,가솔린,오토,ORIGINAL,일반,2025-03-20 11:36:29.000 +09,울산,아셀모터스,41러4786,4,1,2,223.6532,72.9119,0,0,
38955681,현대,아반떼 AD,1.6 GDI 모던,(세부등급 없음),201608.0,2017,890.0,75339.0,가솔린,오토,ORIGINAL,일반,2025-03-20 11:36:29.000 +09,울산,아셀모터스,37버0178,1,2,0,308.176,151.398,0,0,
38901906,현대,더 뉴 아반떼,1.6 GDi 모던,기본형,201404.0,2014,760.0,97399.0,가솔린,오토,ORIGINAL,일반,2025-03-20 11:36:29.000 +09,울산,아셀모터스,55고2859,2,1,1,221.0007,208.8506,0,0,
38656399,현대,더 뉴 아반떼,1.6 GDi 모던,기본형,201501.0,2015,760.0,55094.0,가솔린,오토,ORIGINAL,일반,2025-03-20 11:36:26.000 +09,경기,DK모터스,19버4678,3,3,2,295.2954,180.7156,0,0,
39009186,현대,아반떼 (CN7),1.6,인스퍼레이션,202210.0,2023,2250.0,16461.0,가솔린,오토,ORIGINAL,일반,2025-03-20 11:35:50.000 +09,부산,(주)하나오토,104어7248,0,0,1,0.0,0.0,0,0,
38029728,현대,아반떼 MD,LPI M16 스타일,,201303.0,2013,390.0,149762.0,LPG(일반인 구입),오토,ORIGINAL,일반,2025-03-20 11:34:41.000 +09,경기,승진자동차매매,06누2571,0,1,4,0.0,77.283,1,0,
39096552,현대,아반떼 AD,1.6 터보 스포츠,오리지널,201707.0,2018,1500.0,78200.0,가솔린,오토,ORIGINAL,일반,2025-03-20 11:33:52.000 +09,충남,,58도7313,3,1,1,627.6253,44.5581,1,0,
39193295,현대,아반떼 (CN7),1.6,인스퍼레이션,202007.0,2021,1390.0,175554.0,가솔린,오토,ORIGINAL,일반,2025-03-20 11:33:44.000 +09,전북,스마일모터스,232거7252,4,1,1,318.8541,0.0,0,0,
38775305,현대,더 뉴 아반떼 AD,1.6 LPi,스마트(렌터카용),201907.0,2020,1150.0,102967.0,LPG(일반인 구입),오토,ORIGINAL,일반,2025-03-20 11:32:55.000 +09,광주,신영자동차,228저2029,0,0,2,0.0,0.0,1,0,
38765448,현대,아반떼 (CN7),1.6 LPi (렌터카),스마트,202011.0,2021,1330.0,113314.0,LPG(일반인 구입),오토,ORIGINAL,일반,2025-03-20 11:32:55.000 +09,광주,신영자동차,248누2573,1,1,1,55.09,97.6405,1,0,
39001905,현대,아반떼 (CN7),1.6,모던,202011.0,2021,1650.0,39567.0,가솔린,오토,ORIGINAL,일반,2025-03-20 11:32:55.000 +09,광주,신영자동차,195머6586,1,1,3,313.4376,53.3426,1,0,
38753722,현대,아반떼 (CN7),1.6,모던,202008.0,2021,1599.0,78533.0,가솔린,오토,ORIGINAL,일반,2025-03-20 11:32:52.000 +09,대구,용마자동차상사,201러7761,5,0,2,512.9123,0.0,1,0,
38353378,현대,아반떼 MD,M16 GDI 럭셔리,,201106.0,2012,399.0,174534.0,가솔린,오토,ORIGINAL,일반,2025-03-20 11:32:52.000 +09,대구,용마자동차상사,63라5345,2,2,2,71.1902,109.4323,0,0,
39178334,현대,아반떼 AD,1.6 GDI 모던,스페셜,201601.0,2016,990.0,103250.0,가솔린,오토,ORIGINAL,일반,2025-03-20 11:32:27.000 +09,경기,레인보우,12고0562,4,2,3,314.103,154.217,0,0,
39180210,현대,아반떼 (CN7),1.6,모던,202103.0,2021,1690.0,42156.0,가솔린,오토,ORIGINAL,일반,2025-03-20 11:32:20.000 +09,대전,(주) 마이카,151노9217,3,1,2,162.9496,88.3081,1,0,
39136203,현대,아반떼 (CN7),1.6,모던,202007.0,2021,1690.0,32403.0,가솔린,오토,ORIGINAL,일반,2025-03-20 11:32:19.000 +09,대전,(주) 마이카,123러5396,1,0,0,31.8549,0.0,0,0,
38955722,현대,아반떼 (CN7),1.6,모던,202202.0,2022,1650.0,28154.0,가솔린,오토,ORIGINAL,일반,2025-03-20 11:32:19.000 +09,대전,(주) 마이카,217가3303,0,0,2,0.0,0.0,1,0,
39048230,현대,아반떼 (CN7),1.6,모던,202008.0,2021,1490.0,77534.0,가솔린,오토,ORIGINAL,일반,2025-03-20 11:32:13.000 +09,경기,기운모터스,199오3062,2,0,1,139.657,0.0,1,0,
39156047,현대,아반떼 (CN7),1.6 LPi (렌터카),스마트,202101.0,2021,7777.0,173000.0,LPG(일반인 구입),오토,ORIGINAL,일반,2025-03-20 11:31:44.000 +09,광주,푸른모터스,323모1494,2,0,1,141.5334,0.0,1,0,
39214284,현대,더 뉴 아반떼 하이브리드 (CN7),모던,,202305.0,2024,2450.0,43756.0,가솔린+전기,오토,ORIGINAL,일반,2025-03-20 11:31:18.000 +09,전남,이수자동차매매상사,359수9628,0,0,1,0.0,0.0,1,0,
37907047,현대,더 뉴 아반떼,1.6 VGT 스마트,기본형,201310.0,2014,530.0,85500.0,디젤,오토,ORIGINAL,일반,2025-03-20 11:31:17.000 +09,전남,이수자동차매매상사,35구3941,3,3,2,540.5178,729.887,0,0,
39266691,현대,더 뉴 아반떼 (CN7),1.6,인스퍼레이션,202401.0,2024,2570.0,12632.0,가솔린,오토,ORIGINAL,일반,2025-03-20 11:31:17.000 +09,전남,이수자동차매매상사,302조9907,0,0,0,0.0,0.0,0,0,
38902525,현대,아반떼 (CN7),1.6,모던,202011.0,2020,1630.0,69422.0,가솔린,오토,ORIGINAL,일반,2025-03-20 11:31:11.000 +09,경기,럭키상사,338저4312,1,0,1,70.9919,0.0,1,0,
38158274,현대,아반떼 AD,1.6 GDI 스마트,(세부등급 없음),201605.0,2017,880.0,98989.0,가솔린,오토,ORIGINAL,일반,2025-03-20 11:30:15.000 +09,광주,오토일일사,11다0481,0,1,2,0.0,9.408,0,0,
39220476,현대,아반떼 AD,1.6 GDI 프리미엄,,201511.0,2016,1150.0,61170.0,가솔린,오토,ORIGINAL,일반,2025-03-20 11:29:11.000 +09,전북,카마트,63보2644,0,1,3,0.0,46.8929,0,0,
38723600,현대,아반떼 MD,M16 GDI 럭셔리,,201101.0,2011,450.0,126196.0,가솔린,오토,ORIGINAL,일반,2025-03-20 11:29:11.000 +09,전북,카마트,24너9201,5,5,5,455.4703,322.589,0,0,
38939931,현대,더 뉴 아반떼,1.6 GDi 모던,기본형,201407.0,2014,690.0,98011.0,가솔린,오토,ORIGINAL,일반,2025-03-20 11:29:09.000 +09,대구,윤모터스,59보1760,3,0,4,149.0878,0.0,0,0,
39119216,현대,더 뉴 아반떼 AD,1.6 LPi,스타일(렌터카용),202002.0,2020,980.0,104717.0,LPG(일반인 구입),오토,ORIGINAL,일반,2025-03-20 11:28:13.000 +09,부산,카몰,307구5490,0,1,1,0.0,378.8,1,0,
39158853,현대,더 뉴 아반떼 AD,1.6 LPi,스마트(렌터카용),202002.0,2020,1030.0,143076.0,LPG(일반인 구입),오토,ORIGINAL,일반,2025-03-20 11:28:13.000 +09,부산,카몰,307구5481,2,0,2,207.5091,0.0,1,0,
39025431,현대,더 뉴 아반떼,1.6 GDi 스마트,기본형,201506.0,2016,699.0,84861.0,가솔린,오토,ORIGINAL,일반,2025-03-20 11:28:03.000 +09,경기,중고차마트,11도8673,1,1,1,112.1261,35.8418,0,0,
38923734,현대,아반떼 MD,M16 GDI 모던,,201212.0,2013,498.0,146322.0,가솔린,오토,ORIGINAL,일반,2025-03-20 11:27:54.000 +09,대구, 토이모터스,22노9313,2,0,4,283.4458,0.0,0,0,
38482578,현대,아반떼 AD,1.6 GDI 모던,(세부등급 없음),201509.0,2016,880.0,142000.0,가솔린,오토,ORIGINAL,일반,2025-03-20 11:27:49.000 +09,전북,럭셔리모터스,08다0725,6,1,1,295.5521,71.942,0,0,
39229424,현대,아반떼 MD,M16 GDI 럭셔리,,201206.0,2012,420.0,152000.0,가솔린,오토,ORIGINAL,일반,2025-03-20 11:27:49.000 +09,전북,럭셔리모터스,19소1821,1,1,6,84.549,48.0538,0,0,
38095339,현대,아반떼 MD,M16 GDI 럭셔리,,201111.0,2012,330.0,203000.0,가솔린,오토,ORIGINAL,일반,2025-03-20 11:27:49.000 +09,전북,럭셔리모터스,12수5671,4,1,0,421.9044,92.781,0,0,
38648233,현대,더 뉴 아반떼,1.6 GDi 스마트,기본형,201311.0,2014,599.0,62000.0,가솔린,오토,ORIGINAL,일반,2025-03-20 11:27:49.000 +09,전북,럭셔리모터스,33구6499,2,3,0,197.435,391.8842,0,0,
38683287,현대,더 뉴 아반떼 (CN7),1.6,인스퍼레이션,202312.0,2024,2360.0,16393.0,가솔린,오토,ORIGINAL,일반,2025-03-20 11:27:45.000 +09,경기,오토캐슬 스피드상사,166버3815,2,0,1,134.648,0.0,0,0,
39267981,현대,더 뉴 아반떼,1.6 GDi 텐밀리언 리미티드,기본형,201501.0,2015,870.0,78863.0,가솔린,오토,ORIGINAL,일반,2025-03-20 11:27:45.000 +09,경기,오토캐슬 스피드상사,125누5972,3,2,1,203.142,120.1698,1,0,
39153099,현대,아반떼 AD,1.6 GDI 모던,스페셜,201602.0,2016,960.0,66220.0,가솔린,오토,ORIGINAL,일반,2025-03-20 11:27:27.000 +09,부산,더 선 오토모빌,65도0723,2,1,0,338.7233,146.1953,0,0,
38944851,현대,더 뉴 아반떼,1.6 GDi 프리미엄,기본형,201311.0,2014,700.0,123295.0,가솔린,오토,ORIGINAL,일반,2025-03-20 11:27:27.000 +09,부산,더 선 오토모빌,33주8316,0,1,2,0.0,108.5472,0,0,
38791882,현대,더 뉴 아반떼 (CN7),1.6 LPi (장애인),모던,202307.0,2024,2360.0,7802.0,LPG(일반인 구입),오토,ORIGINAL,일반,2025-03-20 11:27:22.000 +09,경기,힐링모터스,197나7967,0,0,0,0.0,0.0,0,0,
39258858,현대,아반떼 MD,M16 GDI 탑,,201008.0,2011,320.0,183000.0,가솔린,오토,ORIGINAL,일반,2025-03-20 11:27:10.000 +09,경기,호원모터스,68노4585,3,0,2,132.3126,0.0,0,0,
39200654,현대,더 뉴 아반떼,1.6 GDi 모던,기본형,201403.0,2014,9999.0,34816.0,가솔린,오토,ORIGINAL,일반,2025-03-20 11:26:23.000 +09,경기,(주)우리들모터스,55나6053,1,0,1,91.617,0.0,0,0,
38665475,현대,더 뉴 아반떼 AD,1.6 LPi,스마트(렌터카용),201901.0,2019,1290.0,76666.0,LPG(일반인 구입),오토,ORIGINAL,일반,2025-03-20 11:26:03.000 +09,전북,민모터스,18누5975,1,1,1,79.348,105.499,0,0,
39090929,현대,더 뉴 아반떼 하이브리드 (CN7),모던,,202305.0,2024,2250.0,44125.0,가솔린+전기,오토,ORIGINAL,일반,2025-03-20 11:25:43.000 +09,경기,오토허브셀카,348어5597,0,1,1,0.0,42.0369,1,0,
39158492,현대,더 뉴 아반떼 하이브리드 (CN7),모던,,202305.0,2024,2250.0,43105.0,가솔린+전기,오토,ORIGINAL,일반,2025-03-20 11:25:42.000 +09,경기,오토허브셀카,348어5574,0,0,1,0.0,0.0,1,0,
38615648,현대,아반떼 MD,M16 GDI 럭셔리,,201103.0,2011,330.0,208203.0,가솔린,오토,ORIGINAL,일반,2025-03-20 11:25:03.000 +09,인천,범스카,24마7720,3,2,3,130.2692,372.487,0,0,
39201488,현대,아반떼 하이브리드,HDeIII,기본형,201103.0,2011,580.0,48762.0,LPG+전기,오토,ORIGINAL,일반,2025-03-20 11:24:52.000 +09,울산,스타자동차매매상사,54모7264,2,1,0,140.841,41.5559,0,0,
39211635,현대,아반떼 (CN7),1.6,모던,202205.0,2023,2150.0,3104.0,가솔린,오토,ORIGINAL,일반,2025-03-20 11:24:52.000 +09,울산,스타자동차매매상사,168구6451,0,0,1,0.0,0.0,0,0,
39190666,현대,아반떼 AD,1.6 GDI 밸류 플러스,,201610.0,2017,890.0,113548.0,가솔린,오토,ORIGINAL,일반,2025-03-20 11:24:37.000 +09,경기,중고차마트,49더0165,3,1,1,163.4646,381.74,0,0,
38343060,현대,아반떼 MD,M16 GDI 탑,,201103.0,2011,499.0,109004.0,가솔린,오토,ORIGINAL,일반,2025-03-20 11:24:23.000 +09,대전,금성자동차,27거5435,2,1,1,103.294,56.2189,0,0,
38624187,현대,아반떼 (CN7),1.6,인스퍼레이션,202009.0,2021,1930.0,46452.0,가솔린,오토,ORIGINAL,일반,2025-03-20 11:24:23.000 +09,대전,금성자동차,148저6249,4,1,2,397.7792,93.243,0,0,
38869508,현대,아반떼 AD,1.6 터보 스포츠,익스트림 셀렉션,201805.0,2018,1420.0,90700.0,가솔린,오토,ORIGINAL,일반,2025-03-20 11:23:21.000 +09,대구,탑모터스,13다6993,4,1,5,1135.027,30.0,0,0,
39141609,현대,아반떼 AD,1.6 GDI 스마트,스페셜,201601.0,2016,925.0,119287.0,가솔린,오토,ORIGINAL,일반,2025-03-20 11:23:21.000 +09,대구,탑모터스,12거0543,2,0,3,436.602,0.0,0,0,
38845758,현대,아반떼 MD,M16 GDI 스마트,,201302.0,2013,619.0,120000.0,가솔린,오토,ORIGINAL,일반,2025-03-20 11:23:21.000 +09,대구,탑모터스,35라6216,4,2,4,129.3476,79.502,0,0,
39270716,현대,아반떼 AD,1.6 e-VGT 스마트,(세부등급 없음),201604.0,2016,520.0,283616.0,디젤,오토,ORIGINAL,일반,2025-03-20 11:22:28.000 +09,대전,영모터스,25누0825,1,0,1,110.7171,0.0,0,0,
38953368,현대,더 뉴 아반떼,1.6 GDi 모던,기본형,201506.0,2016,679.0,69610.0,가솔린,오토,ORIGINAL,일반,2025-03-20 11:22:19.000 +09,충남,(주)리원,26마4781,1,1,1,152.26,0.0,0,0,
38581400,현대,더 뉴 아반떼,1.6 GDi 스마트,기본형,201401.0,2014,580.0,88879.0,가솔린,오토,ORIGINAL,일반,2025-03-20 11:21:45.000 +09,전북,제일,42로9891,3,3,3,341.2181,524.831,0,0,
38063313,현대,아반떼 하이브리드 (CN7),인스퍼레이션,,202206.0,2023,2520.0,35897.0,가솔린+전기,오토,ORIGINAL,일반,2025-03-20 11:21:31.000 +09,경기,힐링모터스,156거1631,0,0,1,0.0,0.0,0,0,
39011975,현대,아반떼 하이브리드 (CN7),인스퍼레이션,,202204.0,2023,2160.0,39839.0,가솔린+전기,오토,ORIGINAL,일반,2025-03-20 11:21:31.000 +09,경기,힐링모터스,263러8428,5,4,1,715.8484,642.4862,0,0,
39275197,현대,아반떼 AD,1.6 터보 스포츠,(세부등급 없음),201607.0,2017,750.0,186488.0,가솔린,오토,ORIGINAL,일반,2025-03-20 11:21:29.000 +09,경기,블루오토,10도0733,3,3,0,301.4504,333.78,0,0,
39057690,현대,아반떼 MD,M16 GDI 탑,,201205.0,2012,460.0,129000.0,가솔린,오토,ORIGINAL,일반,2025-03-20 11:19:38.000 +09,전북,조은모터스,57러6503,4,1,4,545.6094,222.387,0,0,
38779769,현대,아반떼 MD,M16 GDI 에비뉴,,201305.0,2014,490.0,163600.0,가솔린,오토,ORIGINAL,일반,2025-03-20 11:19:07.000 +09,부산,동우모터스,61조8022,0,0,0,0.0,0.0,0,0,
37764094,현대,아반떼 MD,M16 GDI 에비뉴,,201305.0,2014,530.0,127736.0,가솔린,오토,ORIGINAL,일반,2025-03-20 11:19:06.000 +09,부산,동우모터스,15가4790,3,2,2,172.1904,1014.479,0,0,
39200863,현대,더 뉴 아반떼 AD,1.6 디젤,스마트,201903.0,2019,1100.0,108006.0,디젤,오토,ORIGINAL,일반,2025-03-20 11:19:00.000 +09,경북,새안동자동차(주),49수5061,0,0,1,0.0,0.0,0,0,
39235749,현대,아반떼 (CN7),1.6,모던,202007.0,2021,1500.0,135320.0,가솔린,오토,ORIGINAL,일반,2025-03-20 11:18:59.000 +09,경북,새안동자동차(주),341주2556,1,0,1,51.2241,0.0,0,0,
39027924,현대,더 뉴 아반떼,1.6 GDi 모던,기본형,201309.0,2014,850.0,38556.0,가솔린,오토,ORIGINAL,일반,2025-03-20 11:18:45.000 +09,서울,주 비케이투 모터스,02보5717,1,0,2,42.572,0.0,1,0,
39248402,현대,아반떼 MD,M16 GDI 스마트,,201211.0,2013,680.0,45452.0,가솔린,오토,ORIGINAL,일반,2025-03-20 11:18:45.000 +09,서울,주 비케이투 모터스,26모7405,2,1,1,62.7912,267.46,0,0,
39191069,현대,아반떼 AD,1.6 GDI 밸류 플러스,,201703.0,2017,1020.0,79575.0,가솔린,오토,ORIGINAL,일반,2025-03-20 11:18:42.000 +09,광주,가온모터스,54주4684,1,0,1,47.262,0.0,0,0,
39210607,현대,더 뉴 아반떼 (CN7),1.6 LPi,스마트,202411.0,2025,1920.0,18740.0,LPG(일반인 구입),오토,ORIGINAL,일반,2025-03-20 11:18:42.000 +09,광주,가온모터스,286소9785,0,0,0,0.0,0.0,0,0,
38959572,현대,더 뉴 아반떼 (CN7),1.6,모던,202308.0,2024,1950.0,19765.0,가솔린,오토,ORIGINAL,일반,2025-03-20 11:13:48.000 +09,경기,주식회사 오토엠,338저4368,0,0,1,0.0,0.0,1,0,
38263142,현대,아반떼 (CN7),1.6 터보 N Line,스포츠,202102.0,2021,1990.0,27909.0,가솔린,오토,ORIGINAL,일반,2025-03-20 11:13:48.000 +09,경기,주식회사 오토엠,257무7890,1,0,0,0.0,0.0,0,0,
38124540,현대,아반떼 (CN7),1.6 LPi (장애인),모던,202107.0,2021,1650.0,8443.0,LPG(일반인 구입),오토,ORIGINAL,일반,2025-03-20 11:13:48.000 +09,경기,주식회사 오토엠,248주5226,0,0,1,0.0,0.0,1,0,
39223430,현대,아반떼 (CN7),1.6,모던,202006.0,2021,1690.0,70883.0,가솔린,오토,ORIGINAL,일반,2025-03-20 11:13:48.000 +09,경기,주식회사 오토엠,146저7791,2,2,2,202.7729,102.2887,1,0,
39265931,현대,아반떼 (CN7),1.6,모던,202006.0,2021,1390.0,100890.0,가솔린,오토,ORIGINAL,일반,2025-03-20 11:13:48.000 +09,경기,주식회사 오토엠,166고2484,6,0,2,883.6079,0.0,0,0,
38515585,현대,아반떼 MD,M16 GDI 프리미어,,201104.0,2011,399.0,151079.0,가솔린,오토,ORIGINAL,일반,2025-03-20 11:13:44.000 +09,대전,BM모터스,23도4615,4,1,3,252.186,143.404,0,0,
38974724,현대,아반떼 AD,1.6 GDI 밸류 플러스,,201611.0,2017,870.0,144590.0,가솔린,오토,ORIGINAL,일반,2025-03-20 11:13:26.000 +09,충북,대성모터스,23보0648,5,0,2,251.8273,0.0,0,0,
39155648,현대,아반떼 AD,1.6 GDI 모던,(세부등급 없음),201601.0,2016,990.0,82133.0,가솔린,오토,ORIGINAL,일반,2025-03-20 11:13:25.000 +09,충북,대성모터스,61머0478,6,6,2,669.7738,718.03,0,0,
38966408,현대,아반떼 AD,1.6 GDI 밸류 플러스,,201701.0,2017,960.0,114759.0,가솔린,오토,ORIGINAL,일반,2025-03-20 11:13:25.000 +09,충북,대성모터스,07저9369,2,2,3,293.4739,241.307,0,0,
38815491,현대,아반떼 (CN7),1.6,스마트,202104.0,2021,1440.0,93444.0,가솔린,오토,ORIGINAL,일반,2025-03-20 11:13:25.000 +09,충북,대성모터스,130두7128,0,2,2,0.0,361.2738,1,0,
39157112,현대,아반떼 HD,1.6 VVT S16,럭셔리,201003.0,2010,350.0,105969.0,가솔린,오토,ORIGINAL,일반,2025-03-20 11:13:25.000 +09,충북,대성모터스,54어5054,6,0,6,319.8613,0.0,0,0,
38349557,현대,아반떼 AD,1.6 GDI 모던,(세부등급 없음),201606.0,2017,1150.0,75130.0,가솔린,오토,ORIGINAL,일반,2025-03-20 11:13:21.000 +09,경기,럭키상사,19너0214,1,1,5,109.243,35.13,0,0,
39141636,현대,아반떼 HD,1.6 VVT S16,럭셔리,200912.0,2010,380.0,66697.0,가솔린,오토,ORIGINAL,일반,2025-03-20 11:13:01.000 +09,인천,더새로운,60주8891,2,0,2,238.8848,0.0,0,0,
39258765,현대,아반떼 하이브리드 (CN7),모던,,202107.0,2021,1790.0,70494.0,가솔린+전기,오토,ORIGINAL,일반,2025-03-20 11:11:29.000 +09,경기,호차모터스,212누6834,0,0,1,0.0,0.0,1,0,
39273619,현대,아반떼 (CN7),1.6,모던,202105.0,2021,1680.0,60638.0,가솔린,오토,ORIGINAL,일반,2025-03-20 11:11:28.000 +09,경기,호차모터스,212누6845,0,0,1,0.0,0.0,1,0,
39236530,현대,더 뉴 아반떼,1.6 GDi 스마트,기본형,201310.0,2014,630.0,85478.0,가솔린,오토,ORIGINAL,일반,2025-03-20 11:11:27.000 +09,전북,탑모터스,53부0643,2,3,2,73.9141,112.002,1,0,
38510798,현대,아반떼 AD,1.6 GDI 밸류 플러스,,201706.0,2018,970.0,72283.0,가솔린,오토,ORIGINAL,일반,2025-03-20 11:11:22.000 +09,부산,오토파크 모터스,29구3393,0,0,5,0.0,0.0,0,0,
39213448,현대,아반떼 MD,M16 GDI 럭셔리,,201203.0,2012,580.0,102081.0,가솔린,오토,ORIGINAL,일반,2025-03-20 11:11:22.000 +09,부산,오토파크 모터스,57소6357,2,2,3,125.877,79.6929,0,0,
38929391,현대,아반떼 (CN7),1.6,모던,202112.0,2022,1599.0,76884.0,가솔린,오토,ORIGINAL,일반,2025-03-20 11:11:21.000 +09,부산,오토파크 모터스,365고4714,1,0,1,81.598,0.0,1,0,
39144699,현대,아반떼 MD,M16 GDI 에비뉴,,201306.0,2014,520.0,115730.0,가솔린,오토,ORIGINAL,일반,2025-03-20 11:10:26.000 +09,경기,로또모터스,58모3946,1,2,1,82.6931,75.1,0,0,
38298716,현대,아반떼 (CN7),2.0 N,,202205.0,2022,2130.0,54436.0,가솔린,오토,ORIGINAL,일반,2025-03-20 11:10:11.000 +09,경기,무결점 카모터스,107도7249,2,1,1,383.4619,167.4922,0,0,
38564698,현대,아반떼 (CN7),1.6,인스퍼레이션,202106.0,2021,2180.0,10524.0,가솔린,오토,ORIGINAL,일반,2025-03-20 11:10:11.000 +09,경기,무결점 카모터스,386어7194,0,0,1,0.0,0.0,0,0,
39134818,현대,아반떼 (CN7),1.6,인스퍼레이션,202010.0,2021,1550.0,105453.0,가솔린,오토,ORIGINAL,일반,2025-03-20 11:10:11.000 +09,경기,무결점 카모터스,137로2091,6,2,1,693.8232,543.7282,0,0,
39185498,현대,아반떼 (CN7),2.0 N,,202207.0,2023,2470.0,39404.0,가솔린,오토,ORIGINAL,일반,2025-03-20 11:10:10.000 +09,경기,무결점 카모터스,252부1033,2,1,1,704.808,468.3502,0,0,
39127020,현대,아반떼 하이브리드 (CN7),모던,,202110.0,2022,2250.0,35415.0,가솔린+전기,오토,ORIGINAL,일반,2025-03-20 11:09:59.000 +09,대전,뉴세종모터스,108수8058,0,0,1,0.0,0.0,1,0,
39085423,현대,아반떼 (CN7),1.6 LPi (렌터카),스마트,202201.0,2022,1890.0,29512.0,LPG(일반인 구입),오토,ORIGINAL,일반,2025-03-20 11:09:59.000 +09,대전,뉴세종모터스,267우5349,0,0,1,0.0,0.0,1,0,
37884377,현대,아반떼 MD,M16 GDI 탑,,201206.0,2012,650.0,88214.0,가솔린,오토,ORIGINAL,일반,2025-03-20 11:09:50.000 +09,전북,뉴합동모터스,47가6183,4,0,3,251.4537,0.0,0,0,
39119119,현대,아반떼 MD,M16 GDI 에비뉴,,201305.0,2014,730.0,65536.0,가솔린,오토,ORIGINAL,일반,2025-03-20 11:09:50.000 +09,전북,뉴합동모터스,34우1400,4,2,3,292.163,148.5617,0,0,
38338576,현대,아반떼 MD,M16 GDI 에비뉴,,201303.0,2013,690.0,87714.0,가솔린,오토,ORIGINAL,일반,2025-03-20 11:09:50.000 +09,전북,뉴합동모터스,60거6086,0,0,2,0.0,0.0,0,0,
38875592,현대,아반떼 MD,M16 GDI 모던,,201301.0,2013,730.0,97198.0,가솔린,오토,ORIGINAL,일반,2025-03-20 11:09:50.000 +09,전북,뉴합동모터스,48루8354,4,2,2,305.369,181.905,0,0,
38400999,현대,아반떼 HD,1.6 VVT S16,럭셔리,200906.0,2009,275.0,106000.0,가솔린,오토,ORIGINAL,일반,2025-03-20 11:09:49.000 +09,서울,(주)하이오토 ,55구8414,1,0,1,54.9163,0.0,0,0,
39048802,현대,아반떼 (CN7),2.0 N,,202303.0,2023,2770.0,13500.0,가솔린,수동,ORIGINAL,일반,2025-03-20 11:09:13.000 +09,인천,신대진자동차,143소8121,0,0,1,0.0,0.0,0,0,
37653271,현대,아반떼 MD,M16 GDI 프리미어,,201107.0,2012,420.0,119367.0,가솔린,오토,ORIGINAL,일반,2025-03-20 11:09:12.000 +09,전북,뉴합동모터스,41부2850,2,1,4,198.5204,27.1876,0,0,
39257627,현대,아반떼 (CN7),1.6,인스퍼레이션,202009.0,2021,1880.0,64248.0,가솔린,오토,ORIGINAL,일반,2025-03-20 11:08:38.000 +09,경기,(주)청구모터스,138두7168,0,0,1,0.0,0.0,0,0,
39265566,현대,아반떼 AD,1.6 GDI 밸류 플러스,,201805.0,2018,1150.0,57187.0,가솔린,오토,ORIGINAL,일반,2025-03-20 11:08:32.000 +09,전북,엘리트모터스,65거6508,3,5,4,446.6145,1481.8473,0,0,
38960351,현대,아반떼 AD,1.6 e-VGT 스마트,(세부등급 없음),201512.0,2016,790.0,93427.0,디젤,오토,ORIGINAL,일반,2025-03-20 11:08:25.000 +09,경기,대한모터스,01루4826,0,0,5,0.0,0.0,1,0,
38535694,현대,아반떼 AD,1.6 터보 스포츠,익스트림 셀렉션,201708.0,2018,1350.0,88975.0,가솔린,오토,ORIGINAL,일반,2025-03-20 11:08:25.000 +09,경기,대한모터스,01러4481,2,0,3,108.8708,0.0,0,0,
39137221,현대,아반떼 AD,1.6 터보 스포츠,(세부등급 없음),201704.0,2018,990.0,114696.0,가솔린,수동,ORIGINAL,일반,2025-03-20 11:08:25.000 +09,경기,대한모터스,24모4068,1,0,7,53.938,0.0,1,0,
39258010,현대,아반떼 (CN7),1.6,모던,202110.0,2022,1530.0,51713.0,가솔린,오토,ORIGINAL,일반,2025-03-20 11:08:15.000 +09,경기,우리상사,214러5302,0,0,2,0.0,0.0,1,0,
39258687,현대,아반떼 (CN7),1.6,인스퍼레이션,202104.0,2021,1650.0,43787.0,가솔린,오토,ORIGINAL,일반,2025-03-20 11:08:15.000 +09,경기,우리상사,222더9068,2,0,2,0.0,0.0,1,0,
39196807,현대,아반떼 하이브리드 (CN7),모던,,202302.0,2023,2360.0,27285.0,가솔린+전기,오토,ORIGINAL,일반,2025-03-20 11:08:13.000 +09,울산,세븐모터스 ,111루4378,0,0,3,0.0,0.0,1,0,
39223574,현대,아반떼 AD,1.6 LPI 스타일(렌터카),,201511.0,2016,650.0,116392.0,LPG(일반인 구입),오토,ORIGINAL,일반,2025-03-20 11:07:21.000 +09,대전,H브로모터스,04나8763,3,2,8,300.9097,279.789,1,0,
38537507,현대,더 뉴 아반떼,1.6 LPi 스마트,,201502.0,2015,690.0,129052.0,LPG(일반인 구입),오토,ORIGINAL,일반,2025-03-20 11:07:02.000 +09,전북,기운모터스,45서9511,1,1,5,23.8148,39.104,0,0,
38537620,현대,아반떼 (CN7),1.6 LPi (렌터카),스마트,202107.0,2021,1390.0,140693.0,LPG(일반인 구입),오토,ORIGINAL,일반,2025-03-20 11:07:02.000 +09,전북,기운모터스,203버9431,0,0,1,0.0,0.0,1,0,
39200828,현대,더 뉴 아반떼 AD,1.6,스타일,201904.0,2019,1050.0,144646.0,가솔린,오토,ORIGINAL,일반,2025-03-20 11:07:00.000 +09,전북,금메달상사,116도3913,1,0,4,69.1009,0.0,1,0,
38946620,현대,아반떼 MD,M16 GDI 럭셔리,,201103.0,2011,390.0,177127.0,가솔린,오토,ORIGINAL,일반,2025-03-20 11:06:22.000 +09,부산,지정모터스,20노2320,2,1,1,364.9486,129.063,0,0,
36928991,현대,아반떼 AD,1.6 GDI 모던,(세부등급 없음),201601.0,2016,880.0,85806.0,가솔린,오토,ORIGINAL,일반,2025-03-20 11:06:09.000 +09,대전,(주)에스비자동차,38저0150,2,2,1,106.6706,1152.7014,0,0,
38597518,현대,아반떼 MD,M16 GDI 럭셔리,,201010.0,2011,450.0,107276.0,가솔린,오토,ORIGINAL,일반,2025-03-20 11:05:53.000 +09,전북,대유모터스,128서5986,3,0,2,107.3113,0.0,1,0,
39267857,현대,더 뉴 아반떼 (CN7),1.6,모던,202503.0,2025,2450.0,191.0,가솔린,오토,ORIGINAL,일반,2025-03-20 11:05:00.000 +09,경남,성민대동모터스,169모8030,0,0,0,0.0,0.0,0,0,
38113299,현대,더 뉴 아반떼,1.6 GDi 모던,기본형,201308.0,2014,599.0,120159.0,가솔린,오토,ORIGINAL,일반,2025-03-20 11:04:45.000 +09,경기,민모터스 ,64가1420,0,1,4,0.0,142.0952,0,0,
39262131,현대,아반떼 AD,1.6 GDI 스마트,(세부등급 없음),201603.0,2016,699.0,154704.0,가솔린,오토,ORIGINAL,일반,2025-03-20 11:04:44.000 +09,경기,DH모터스,67서0299,3,2,2,184.794,152.114,0,0,
39059155,현대,아반떼 (CN7),1.6,모던,202107.0,2021,1729.0,41390.0,가솔린,CVT,ORIGINAL,일반,2025-03-20 11:04:43.000 +09,경기,DH모터스,168누1088,0,0,1,0.0,0.0,1,0,
39262126,현대,더 뉴 아반떼,1.6 GDi 모던,기본형,201309.0,2014,500.0,167784.0,가솔린,오토,ORIGINAL,일반,2025-03-20 11:04:43.000 +09,경기,DH모터스,48거5681,0,1,4,0.0,87.262,0,0,
39262105,현대,더 뉴 아반떼,1.6 VGT 스마트,기본형,201401.0,2014,390.0,219256.0,디젤,오토,ORIGINAL,일반,2025-03-20 11:04:43.000 +09,경기,DH모터스,34도5528,3,2,3,118.6303,151.9992,0,0,
39271567,현대,아반떼 (CN7),1.6,스마트,202011.0,2021,1449.0,10537.0,가솔린,오토,ORIGINAL,일반,2025-03-20 11:04:43.000 +09,경기,DH모터스,257모5517,1,0,1,162.1186,0.0,1,0,
39271579,현대,아반떼 (CN7),1.6,모던,202105.0,2021,1460.0,86733.0,가솔린,오토,ORIGINAL,일반,2025-03-20 11:04:43.000 +09,경기,DH모터스,202가3466,0,0,2,0.0,0.0,1,0,
38636671,현대,더 뉴 아반떼 AD,1.6,스타일,201810.0,2019,1100.0,98268.0,가솔린,오토,ORIGINAL,일반,2025-03-20 11:04:23.000 +09,부산,가람모터스,164머6670,2,1,3,172.8901,105.4079,1,0,
39239619,현대,아반떼 AD,1.6 GDI 스마트,스페셜,201608.0,2017,1220.0,30266.0,가솔린,오토,ORIGINAL,일반,2025-03-20 11:04:00.000 +09,경남,신동모터스,27노0456,0,0,0,0.0,0.0,0,0,
38932630,현대,아반떼 AD,1.6 GDI 밸류 플러스,,201801.0,2018,750.0,137948.0,가솔린,오토,ORIGINAL,일반,2025-03-20 11:03:51.000 +09,대구,행운중고자동차상사,264라6341,1,1,2,322.711,56.317,2,0,
39229005,현대,더 뉴 아반떼 AD,1.6,스마트,201812.0,2019,899.0,186430.0,가솔린,오토,ORIGINAL,일반,2025-03-20 11:03:03.000 +09,경기,스마일자동차,65저3915,3,3,0,581.5598,1233.87,0,0,
38105431,현대,더 뉴 아반떼 AD,1.6 LPi,스타일(렌터카용),202001.0,2020,1050.0,48238.0,LPG(일반인 구입),오토,ORIGINAL,일반,2025-03-20 11:02:45.000 +09,부산,진성모터스,236무4757,0,1,2,0.0,127.9386,1,0,
38853657,현대,아반떼 AD,1.6 터보 스포츠,익스트림 셀렉션,201610.0,2017,1070.0,128840.0,가솔린,오토,ORIGINAL,일반,2025-03-20 11:02:40.000 +09,대구,대호모터스,18다0226,2,2,5,197.6828,201.2908,0,0,
38894963,현대,아반떼 MD,LPI M16 디럭스,,201206.0,2012,388.0,142423.0,LPG(일반인 구입),수동,ORIGINAL,일반,2025-03-20 11:02:39.000 +09,경기,(주)예스카,56구8895,0,0,1,0.0,0.0,0,0,
38953390,현대,아반떼 AD,1.6 GDI 프리미엄,,201511.0,2016,1020.0,111119.0,가솔린,오토,ORIGINAL,일반,2025-03-20 11:02:25.000 +09,경기,드림카,23무0340,4,0,1,604.6269,0.0,0,0,
38675767,현대,아반떼 MD,M16 GDI 에비뉴,,201307.0,2014,670.0,89200.0,가솔린,오토,ORIGINAL,일반,2025-03-20 11:02:11.000 +09,서울,호국모터스,17무7097,2,1,4,115.662,120.179,0,0,
36906384,현대,더 뉴 아반떼,1.6 GDi 모던,기본형,201401.0,2014,590.0,144100.0,가솔린,오토,ORIGINAL,일반,2025-03-20 11:02:00.000 +09,경남,신세계모터스,69마9577,2,4,4,47.6075,297.7998,0,0,
38419995,현대,더 뉴 아반떼 (CN7),1.6,인스퍼레이션,202310.0,2024,2600.0,6044.0,가솔린,오토,ORIGINAL,일반,2025-03-20 11:01:36.000 +09,경기,(주)청구모터스,105라5373,2,0,1,91.091,0.0,0,0,
39205656,현대,더 뉴 아반떼 (CN7),1.6,인스퍼레이션,202406.0,2024,2470.0,5861.0,가솔린,오토,ORIGINAL,일반,2025-03-20 11:01:36.000 +09,경기,(주)청구모터스,173두1585,1,1,0,201.26,441.5541,0,0,
38082843,현대,아반떼 AD,1.6 e-VGT 스마트,(세부등급 없음),201510.0,2016,640.0,135390.0,디젤,오토,ORIGINAL,일반,2025-03-20 11:01:29.000 +09,대구,드림카,373도4711,1,8,5,51.5574,607.8195,1,0,
38669679,현대,아반떼 AD,1.6 e-VGT 스마트,(세부등급 없음),201511.0,2016,799.0,127087.0,디젤,오토,ORIGINAL,일반,2025-03-20 11:00:58.000 +09,경기,세이프카,14모3944,4,0,6,215.1007,0.0,2,0,
38849412,현대,아반떼 AD,1.6 GDI 밸류 플러스,,201706.0,2018,859.0,134935.0,가솔린,오토,ORIGINAL,일반,2025-03-20 11:00:47.000 +09,경남,김해자동차매매상사,356구4639,3,0,2,68.7388,0.0,1,0,
39146896,현대,아반떼 MD,M16 GDI 프리미어,,201108.0,2012,470.0,66004.0,가솔린,오토,ORIGINAL,일반,2025-03-20 11:00:35.000 +09,경기,애니원모터스,61보9281,3,2,0,173.5769,159.196,0,0,
39248713,현대,아반떼 MD,M16 GDI 모던,,201209.0,2013,440.0,63108.0,가솔린,오토,ORIGINAL,일반,2025-03-20 11:00:35.000 +09,경기,애니원모터스,64더8606,2,3,0,324.1347,241.8484,0,0,
39140922,현대,아반떼 MD,M16 GDI 디럭스,,201012.0,2011,335.0,177308.0,가솔린,오토,ORIGINAL,일반,2025-03-20 11:00:30.000 +09,대구,동아 모터스,63오2470,8,1,8,545.7224,64.0,0,0,
38807020,현대,아반떼 (CN7),1.6,인스퍼레이션,202008.0,2021,1650.0,47500.0,가솔린,오토,ORIGINAL,일반,2025-03-20 11:00:12.000 +09,대구,안심카,366조9137,0,0,2,0.0,0.0,1,0,
37476646,현대,아반떼 MD,M16 GDI 디럭스,,201101.0,2011,410.0,56185.0,가솔린,오토,ORIGINAL,일반,2025-03-20 10:59:21.000 +09,부산,SH모터스,41고6502,5,4,1,268.363,361.2708,0,0,
38710571,현대,아반떼 AD,1.6 GDI 스마트,(세부등급 없음),201512.0,2016,970.0,39181.0,가솔린,오토,ORIGINAL,일반,2025-03-20 10:59:21.000 +09,부산,SH모터스,47거0551,1,1,3,27.7283,26.381,0,0,
39260433,현대,아반떼 (CN7),1.6,인스퍼레이션,202109.0,2022,2100.0,36000.0,가솔린,오토,ORIGINAL,일반,2025-03-20 10:59:13.000 +09,서울,(주)수호모터스,175보3754,3,0,1,292.9758,0.0,0,0,
39169815,현대,아반떼 (CN7),1.6,모던,202005.0,2021,2049.0,26117.0,가솔린,오토,ORIGINAL,일반,2025-03-20 10:58:28.000 +09,울산,대경자동차매매상사,261서7440,2,0,1,107.2614,0.0,0,0,
39249347,현대,아반떼 MD,M16 GDI 스마트,,201211.0,2013,649.0,87817.0,가솔린,오토,ORIGINAL,일반,2025-03-20 10:58:27.000 +09,울산,대경자동차매매상사,21오7181,0,1,4,0.0,24.0,0,0,
39209814,현대,아반떼 (CN7),1.6,모던,202007.0,2021,1690.0,18892.0,가솔린,오토,ORIGINAL,일반,2025-03-20 10:58:16.000 +09,대구,(주)유카 대구지점,150거4198,1,0,0,193.749,0.0,0,0,
39270552,현대,아반떼 (CN7),1.6,모던,202105.0,2021,1730.0,66654.0,가솔린,오토,ORIGINAL,일반,2025-03-20 10:58:00.000 +09,대전,SK 렌터카(주),212고8131,2,0,0,184.0032,0.0,1,0,
38799645,현대,아반떼 (CN7),1.6,모던,202103.0,2021,1790.0,72624.0,가솔린,오토,ORIGINAL,일반,2025-03-20 10:57:40.000 +09,전북,허니카모터스,194너5480,2,0,1,117.6713,0.0,0,0,
38644384,현대,더 뉴 아반떼 AD,1.6,스타일,201901.0,2019,1130.0,107046.0,가솔린,오토,ORIGINAL,일반,2025-03-20 10:57:39.000 +09,전북,허니카모터스,46루3572,1,0,1,106.2931,0.0,0,0,
37926304,현대,아반떼 AD,1.6 e-VGT 스마트,스페셜,201609.0,2017,790.0,110000.0,디젤,오토,ORIGINAL,일반,2025-03-20 10:57:34.000 +09,인천,이레모터스,41조0130,0,1,1,0.0,40.532,0,0,
38886546,현대,더 뉴 아반떼 (CN7),1.6,인스퍼레이션,202311.0,2024,2250.0,39308.0,가솔린,오토,ORIGINAL,일반,2025-03-20 10:57:07.000 +09,경남,뉴히트모터스,203러8575,3,1,1,655.906,62.223,0,0,
39137096,현대,아반떼 (CN7),1.6,모던,202012.0,2021,1590.0,89078.0,가솔린,오토,ORIGINAL,일반,2025-03-20 10:56:53.000 +09,대전,(주)CJ천지모터스,138서3488,2,0,2,151.4596,0.0,2,0,
38750652,현대,아반떼 AD,1.6 GDI 스마트,스페셜,201606.0,2017,920.0,106000.0,가솔린,오토,ORIGINAL,일반,2025-03-20 10:56:47.000 +09,대구,경북자동차상사,61고0819,0,0,2,0.0,0.0,0,0,
38420849,현대,더 뉴 아반떼,1.6 GDi 모던,기본형,201506.0,2015,820.0,57499.0,가솔린,오토,ORIGINAL,일반,2025-03-20 10:56:28.000 +09,충북,부릉모터스,59소8315,2,3,3,205.633,160.0,0,0,
39259839,현대,아반떼 MD,M16 GDI 럭셔리,,201202.0,2012,390.0,107461.0,가솔린,오토,ORIGINAL,일반,2025-03-20 10:54:43.000 +09,부산,알뜰중고차,41조9768,1,0,1,67.875,0.0,0,0,
39086125,현대,아반떼 MD,M16 GDI 프리미어,,201201.0,2012,365.0,167097.0,가솔린,오토,ORIGINAL,일반,2025-03-20 10:54:42.000 +09,부산,알뜰중고차,26가2542,5,4,5,294.1517,249.4594,0,0,
38997269,현대,더 뉴 아반떼,1.6 GDi 텐밀리언 리미티드,기본형,201503.0,2015,790.0,28416.0,가솔린,오토,ORIGINAL,일반,2025-03-20 10:54:42.000 +09,부산,알뜰중고차,35수2772,5,3,2,758.4924,332.67,0,0,
39210324,현대,아반떼 (CN7),1.6 터보 N Line,인스퍼레이션,202102.0,2021,1990.0,16132.0,가솔린,오토,ORIGINAL,일반,2025-03-20 10:54:01.000 +09,서울,(주)성우아이엔아이,146나3049,1,0,2,109.995,0.0,1,0,
39091063,현대,더 뉴 아반떼 하이브리드 (CN7),모던,,202305.0,2024,2250.0,41281.0,가솔린+전기,오토,ORIGINAL,일반,2025-03-20 10:53:50.000 +09,경기,오토허브셀카,348어5589,0,0,1,0.0,0.0,1,0,
38091150,현대,더 뉴 아반떼 AD,1.6,스마트,202004.0,2020,1350.0,20427.0,가솔린,오토,ORIGINAL,일반,2025-03-20 10:53:42.000 +09,경기,뉴대성,269보2777,1,0,1,221.9899,0.0,0,0,
39274464,현대,아반떼 (CN7),1.6,인스퍼레이션,202004.0,2021,2120.0,39982.0,가솔린,오토,ORIGINAL,일반,2025-03-20 10:53:42.000 +09,전북,길모터스,292우6901,5,0,3,335.1062,0.0,0,0,
37097944,현대,더 뉴 아반떼,1.6 GDi 스마트,기본형,201404.0,2014,680.0,140833.0,가솔린,오토,ORIGINAL,일반,2025-03-20 10:53:33.000 +09,부산,연제모터스,33버1743,5,1,5,278.6839,52.428,1,0,
38771581,현대,아반떼 (CN7),1.6 터보 N Line,스포츠,202105.0,2021,1690.0,48904.0,가솔린,수동,ORIGINAL,일반,2025-03-20 10:53:33.000 +09,부산,연제모터스,316구2164,3,0,2,191.4768,0.0,0,0,
38322173,현대,아반떼 AD,1.6 터보 스포츠,(세부등급 없음),201607.0,2017,1099.0,68398.0,가솔린,수동,ORIGINAL,일반,2025-03-20 10:53:30.000 +09,경기,(주)리본자동차,53노0632,1,0,2,275.869,0.0,0,0,
38099371,현대,아반떼 MD,M16 GDI 럭셔리,,201101.0,2011,385.0,102067.0,가솔린,수동,ORIGINAL,일반,2025-03-20 10:53:30.000 +09,경기,(주)리본자동차,24수8583,4,2,12,220.0256,90.86,1,0,
38891544,현대,더 뉴 아반떼 AD,1.6,스타일,201810.0,2019,1150.0,35052.0,가솔린,오토,ORIGINAL,일반,2025-03-20 10:52:35.000 +09,부산,동남모터스,43어3980,5,0,3,654.4012,0.0,0,0,
38913557,현대,아반떼 AD,1.6 GDI 밸류 플러스,,201702.0,2017,1220.0,47076.0,가솔린,오토,ORIGINAL,일반,2025-03-20 10:52:32.000 +09,부산,대영모터스,31더4472,2,0,1,110.5057,0.0,0,0,
39198410,현대,더 뉴 아반떼,1.6 GDi 스마트,기본형,201311.0,2014,599.0,70000.0,가솔린,오토,ORIGINAL,일반,2025-03-20 10:50:59.000 +09,서울,(주)윤카,12주8031,4,1,0,363.0023,81.513,0,0,
39225764,현대,아반떼 (CN7),1.6,인스퍼레이션,202009.0,2021,1780.0,27213.0,가솔린,오토,ORIGINAL,일반,2025-03-20 10:50:55.000 +09,대구,중고차365,258노4523,1,0,4,10.9,0.0,1,0,
38970768,현대,아반떼 AD,1.6 GDI 스마트,(세부등급 없음),201602.0,2016,690.0,121438.0,가솔린,오토,ORIGINAL,일반,2025-03-20 10:50:41.000 +09,경기,(주)하안자동차,62노0841,2,4,0,317.347,413.5178,1,0,
38132679,현대,아반떼 (CN7),1.6 LPi,스타일,202009.0,2021,1250.0,91988.0,LPG(일반인 구입),오토,ORIGINAL,일반,2025-03-20 10:49:48.000 +09,충남,다다컴퍼니,182모7344,0,1,1,0.0,93.437,1,0,
38651018,현대,아반떼 (CN7),1.6,인스퍼레이션,202011.0,2021,1760.0,95755.0,가솔린,오토,ORIGINAL,일반,2025-03-20 10:49:48.000 +09,충남,다다컴퍼니,316우1240,0,0,1,0.0,0.0,1,0,
39057399,현대,아반떼 MD,M16 GDI 모던,,201209.0,2013,399.0,123628.0,가솔린,오토,ORIGINAL,일반,2025-03-20 10:49:32.000 +09,대전,튼튼모터스,385구7068,3,1,2,289.673,71.007,1,0,
38970634,현대,아반떼 AD,1.6 GDI 스마트,(세부등급 없음),201511.0,2016,800.0,122400.0,가솔린,오토,ORIGINAL,일반,2025-03-20 10:49:25.000 +09,대전,대전영광오토월드,33보3810,6,1,4,448.6973,164.194,1,0,
38733085,현대,아반떼 MD,M16 GDI 탑,,201104.0,2011,490.0,105255.0,가솔린,오토,ORIGINAL,일반,2025-03-20 10:48:44.000 +09,경남,미소중고차,19누1178,5,7,4,141.7656,701.9772,0,0,
38455993,현대,아반떼 MD,M16 GDI 탑,,201109.0,2012,559.0,120000.0,가솔린,오토,ORIGINAL,일반,2025-03-20 10:48:37.000 +09,대구,월드모터스,252수3974,5,1,3,374.3955,64.3024,1,0,
36990938,현대,아반떼 AD,1.6 LPI 모던(장애인),,201603.0,2016,790.0,84000.0,LPG(일반인 구입),오토,ORIGINAL,일반,2025-03-20 10:48:37.000 +09,대구,월드모터스,09노0272,3,2,2,455.6234,220.4073,0,0,
38818066,현대,더 뉴 아반떼,1.6 GDi 스마트,기본형,201502.0,2015,710.0,102226.0,가솔린,오토,ORIGINAL,일반,2025-03-20 10:48:04.000 +09,대구,엔젤모터스,20구3597,3,4,3,206.8797,400.3691,0,0,
39127994,현대,아반떼 MD,M16 GDI 에비뉴,,201302.0,2013,620.0,106527.0,가솔린,오토,ORIGINAL,일반,2025-03-20 10:48:04.000 +09,대구,엔젤모터스,34모9711,3,2,2,210.0619,324.7078,0,0,
37720005,현대,아반떼 MD,M16 GDI 탑,,201201.0,2012,468.0,165438.0,가솔린,오토,ORIGINAL,일반,2025-03-20 10:47:54.000 +09,대전,(중)바이킹오토,50도7526,2,4,5,117.5948,419.4768,0,0,
39265592,현대,더 뉴 아반떼,1.6 GDi 모던,기본형,201403.0,2014,670.0,110615.0,가솔린,오토,ORIGINAL,일반,2025-03-20 10:47:47.000 +09,전북,에코모터스,35러7101,5,3,1,269.083,95.1609,0,0,
39227194,현대,아반떼 MD,M16 GDI 디럭스,,201103.0,2011,460.0,44360.0,가솔린,오토,ORIGINAL,일반,2025-03-20 10:46:48.000 +09,서울,비전모터스,55러7221,1,0,1,26.549,0.0,0,0,
39076730,현대,아반떼 AD,1.6 GDI 밸류 플러스,,201807.0,2018,1030.0,120512.0,가솔린,오토,ORIGINAL,일반,2025-03-20 10:46:11.000 +09,전북,혁신모터스,53보6136,1,0,1,112.8439,0.0,0,0,
39232595,현대,아반떼 (CN7),1.6,모던,202010.0,2021,1290.0,102501.0,가솔린,오토,ORIGINAL,일반,2025-03-20 10:45:56.000 +09,대전,금성모터스(주),296로8348,3,0,1,463.519,0.0,1,0,
39256746,현대,아반떼 (CN7),1.6,모던,202204.0,2023,1730.0,54879.0,가솔린,오토,ORIGINAL,일반,2025-03-20 10:44:51.000 +09,서울,(주)티티카,220도3201,1,0,1,143.024,0.0,1,0,
39179716,현대,아반떼 AD,1.6 GDI 밸류 플러스,,201709.0,2018,1240.0,65824.0,가솔린,오토,ORIGINAL,일반,2025-03-20 10:44:07.000 +09,대전,(주) 차근모터스,05오1192,1,0,0,76.4509,0.0,0,0,
39059478,현대,더 뉴 아반떼 AD,1.6,스마트,201908.0,2020,1620.0,13573.0,가솔린,오토,ORIGINAL,일반,2025-03-20 10:44:07.000 +09,대전,(주) 차근모터스,32소9153,0,0,0,0.0,0.0,0,0,
39134158,현대,아반떼 AD,1.6 GDI 밸류 플러스,,201711.0,2018,1270.0,51616.0,가솔린,오토,ORIGINAL,일반,2025-03-20 10:44:06.000 +09,대전,(주) 차근모터스,17버1173,3,1,0,132.9473,64.5038,0,0,
38837385,현대,아반떼 (CN7),1.6 터보 N Line,인스퍼레이션,202012.0,2021,1550.0,75841.0,가솔린,오토,ORIGINAL,일반,2025-03-20 10:42:08.000 +09,경기,모든카갤러리,361부1802,2,0,2,465.9117,0.0,0,0,
39022623,현대,아반떼 AD,1.6 터보 스포츠,(세부등급 없음),201704.0,2018,1080.0,91220.0,가솔린,오토,ORIGINAL,일반,2025-03-20 10:42:08.000 +09,경남,조일상사,51보2122,1,2,0,67.9526,72.553,0,0,
39107802,현대,아반떼 MD,M16 GDI 스마트,,201210.0,2013,530.0,106000.0,가솔린,오토,ORIGINAL,일반,2025-03-20 10:41:36.000 +09,경남,지호모터스,26모9708,4,2,3,152.4676,146.1153,0,0,
39119628,현대,아반떼 (CN7),1.6,모던,202004.0,2021,1350.0,127614.0,가솔린,오토,ORIGINAL,일반,2025-03-20 10:41:04.000 +09,경기,신화모터스,162수4035,2,0,1,105.1538,0.0,1,0,
39138761,현대,아반떼 (CN7),1.6,스마트,202012.0,2021,1550.0,59899.0,가솔린,오토,ORIGINAL,일반,2025-03-20 10:41:03.000 +09,경기,에이블 모터스,173오8801,0,2,3,0.0,8.526,0,0,
39076718,현대,아반떼 MD,M16 GDI 블루세이버,,201112.0,2012,550.0,78611.0,가솔린,오토,ORIGINAL,일반,2025-03-20 10:41:03.000 +09,경기,에이블 모터스,43도9585,4,3,1,222.2753,91.7869,0,0,
37373732,현대,아반떼 HD,1.6 VVT S16,프리미어,201005.0,2010,450.0,61500.0,가솔린,오토,ORIGINAL,일반,2025-03-20 10:40:33.000 +09,대전,차근모터스(주),55다4994,3,4,1,69.12,497.1914,0,0,
39156418,현대,아반떼 (CN7),1.6,인스퍼레이션,202101.0,2021,2200.0,27600.0,가솔린,오토,ORIGINAL,일반,2025-03-20 10:40:33.000 +09,대전,차근모터스(주),110도3115,0,0,0,0.0,0.0,0,0,
39059153,현대,아반떼 MD,M16 GDI 럭셔리,,201108.0,2012,370.0,172543.0,가솔린,오토,ORIGINAL,일반,2025-03-20 10:39:26.000 +09,대구,M-1모터스,41로2433,9,4,6,465.8841,705.1618,0,0,
39175453,현대,아반떼 AD,1.6 GDI 스마트,스페셜,201601.0,2016,970.0,109888.0,가솔린,오토,ORIGINAL,일반,2025-03-20 10:37:28.000 +09,대전,(주)이카,61너0960,3,2,3,443.4255,319.7773,0,0,
39175388,현대,아반떼 AD,1.6 GDI 밸류 플러스,,201711.0,2018,1230.0,65908.0,가솔린,오토,ORIGINAL,일반,2025-03-20 10:37:28.000 +09,대전,(주)이카,65마6447,3,0,1,269.1197,0.0,0,0,
38063785,현대,아반떼 MD,M16 GDI 프리미어,,201010.0,2011,499.0,85249.0,가솔린,오토,ORIGINAL,일반,2025-03-20 10:36:12.000 +09,경기,라성자동차매매단지,51다2369,2,0,2,293.842,0.0,0,0,
38011155,현대,아반떼 MD,M16 GDI 프리미어,,201109.0,2012,629.0,62651.0,가솔린,오토,ORIGINAL,일반,2025-03-20 10:36:11.000 +09,경기,라성자동차매매단지,18우5564,1,1,1,71.6208,49.3816,0,0,
38012831,현대,아반떼 MD,M16 GDI 럭셔리,,201101.0,2011,539.0,58212.0,가솔린,오토,ORIGINAL,일반,2025-03-20 10:36:11.000 +09,경기,라성자동차매매단지,35다7071,1,0,1,68.22,0.0,0,0,
37458491,현대,아반떼 MD,M16 GDI 럭셔리,,201108.0,2012,499.0,66367.0,가솔린,오토,ORIGINAL,일반,2025-03-20 10:36:11.000 +09,경기,라성자동차매매단지,68나6685,3,1,5,275.9953,60.2218,0,0,
38979982,현대,아반떼 AD,1.6 GDI 밸류 플러스,,201709.0,2018,1099.0,90219.0,가솔린,오토,ORIGINAL,일반,2025-03-20 10:36:11.000 +09,경기,라성자동차매매단지,62모2736,1,1,0,45.947,120.68,0,0,
39065279,현대,아반떼 (CN7),1.6,인스퍼레이션,202203.0,2023,2029.0,16155.0,가솔린,오토,ORIGINAL,일반,2025-03-20 10:36:04.000 +09,부산,퍼스트모터스,143소4058,3,1,4,322.5242,212.8817,0,0,
39169229,현대,아반떼 (CN7),1.6 LPi (렌터카),스마트,202101.0,2021,1199.0,157732.0,LPG(일반인 구입),오토,ORIGINAL,일반,2025-03-20 10:35:52.000 +09,경기,슬기로운딜러생활,260너1374,0,1,1,0.0,56.91,1,0,
38387046,현대,아반떼 AD,1.6 GDI 프리미엄,,201807.0,2018,1190.0,99934.0,가솔린,오토,ORIGINAL,일반,2025-03-20 10:35:44.000 +09,전북,한라상사,185루1814,1,6,4,50.7084,441.3108,1,0,
38432217,현대,아반떼 HD,1.6 VVT S16,럭셔리,200911.0,2010,289.0,180670.0,가솔린,오토,ORIGINAL,일반,2025-03-20 10:35:09.000 +09,경북,즐거운자동차,06모1548,6,2,3,615.2224,71.515,0,0,
38613594,현대,더 뉴 아반떼,1.6 GDi 모던,기본형,201411.0,2015,725.0,105631.0,가솔린,오토,ORIGINAL,일반,2025-03-20 10:35:09.000 +09,경북,즐거운자동차,24머5396,5,9,1,432.553,747.6436,0,0,
38678653,현대,아반떼 MD,M16 GDI 탑,,201205.0,2012,514.0,127740.0,가솔린,오토,ORIGINAL,일반,2025-03-20 10:35:08.000 +09,경북,즐거운자동차,13부8657,4,0,3,452.1934,0.0,0,0,
39234805,현대,아반떼 AD,1.6 GDI 모던,(세부등급 없음),201601.0,2016,699.0,139434.0,가솔린,오토,ORIGINAL,일반,2025-03-20 10:34:14.000 +09,경기,클린오토,53머0140,8,6,7,954.346,708.3518,0,0,
39076734,현대,더 뉴 아반떼 AD,1.6,스타일,201903.0,2019,1270.0,94382.0,가솔린,오토,ORIGINAL,일반,2025-03-20 10:34:07.000 +09,광주,다산모터스,39노9515,4,2,1,199.6277,284.835,0,0,
38802316,현대,아반떼 (CN7),1.6 LPi (렌터카),스마트,202011.0,2021,1330.0,118186.0,LPG(일반인 구입),오토,ORIGINAL,일반,2025-03-20 10:34:06.000 +09,광주,다산모터스,207고8948,1,1,1,81.2016,112.0,1,0,
38985934,현대,더 뉴 아반떼 AD,1.6,스마트,201910.0,2020,1390.0,65355.0,가솔린,오토,ORIGINAL,일반,2025-03-20 10:34:06.000 +09,광주,다산모터스,152도9545,0,0,2,0.0,0.0,1,0,
38871310,현대,아반떼 (CN7),1.6 LPi (렌터카),스마트,202006.0,2021,1330.0,121108.0,LPG(일반인 구입),오토,ORIGINAL,일반,2025-03-20 10:34:06.000 +09,광주,다산모터스,248누2542,1,0,1,35.5979,0.0,1,0,
39179749,현대,아반떼 (CN7),1.6,모던,202103.0,2021,1629.0,49000.0,가솔린,오토,ORIGINAL,일반,2025-03-20 10:34:01.000 +09,경기,오토프라임,269우2251,2,0,1,264.6742,0.0,1,0,
39035060,현대,아반떼 (CN7),1.6,모던,202005.0,2021,1599.0,89000.0,가솔린,오토,ORIGINAL,일반,2025-03-20 10:34:01.000 +09,경기,오토프라임,307구8604,2,0,1,191.6351,0.0,1,0,
39218728,현대,아반떼 (CN7),1.6,모던,202006.0,2021,1499.0,80000.0,가솔린,오토,ORIGINAL,일반,2025-03-20 10:34:01.000 +09,경기,오토프라임,226더9859,1,0,1,109.081,0.0,1,0,
39173712,현대,더 뉴 아반떼 AD,1.6,스마트,201905.0,2019,1149.0,108997.0,가솔린,CVT,ORIGINAL,일반,2025-03-20 10:33:55.000 +09,경기,클린오토,52누6842,2,1,0,171.841,50.1578,0,0,
39014490,현대,더 뉴 아반떼,1.6 VGT 스마트,기본형,201406.0,2014,420.0,217023.0,디젤,오토,ORIGINAL,일반,2025-03-20 10:33:53.000 +09,경기,클린오토,30도6728,0,0,2,0.0,0.0,0,0,
38626726,현대,아반떼 (CN7),1.6,인스퍼레이션,202205.0,2023,2130.0,15590.0,가솔린,오토,ORIGINAL,일반,2025-03-20 10:33:40.000 +09,경기,자마이카,153다9934,0,0,2,0.0,0.0,1,0,
39120533,현대,아반떼 HD,1.6 VVT S16,럭셔리,201007.0,2010,310.0,137494.0,가솔린,오토,ORIGINAL,일반,2025-03-20 10:33:36.000 +09,전북,신세계모터스,50버5223,4,1,3,378.5116,71.5356,0,0,
39266797,현대,아반떼 AD,1.6 GDI 스마트,(세부등급 없음),201511.0,2016,720.0,119540.0,가솔린,오토,ORIGINAL,일반,2025-03-20 10:33:27.000 +09,충남,프로모터스,51더0800,3,0,1,315.182,0.0,0,0,
39200947,현대,아반떼 MD,M16 GDI 럭셔리,,201106.0,2012,380.0,159088.0,가솔린,오토,ORIGINAL,일반,2025-03-20 10:33:18.000 +09,부산,(주)아하에이전트,23보5030,5,1,4,204.8804,283.997,0,0,
38613690,현대,아반떼 (CN7),1.6,인스퍼레이션,202009.0,2020,1900.0,77198.0,가솔린,오토,ORIGINAL,일반,2025-03-20 10:33:18.000 +09,경남,(주)모터웨이,235수4844,3,3,1,653.887,318.442,0,0,
38546629,현대,더 뉴 아반떼,1.6 LPi 모던,,201403.0,2014,640.0,101522.0,LPG(일반인 구입),오토,ORIGINAL,일반,2025-03-20 10:33:03.000 +09,경기,뉴월드 (베스트),66저5800,5,5,4,559.6874,498.2804,0,0,
38869342,현대,더 뉴 아반떼,1.6 GDi 텐밀리언 리미티드,기본형,201501.0,2015,780.0,114252.0,가솔린,오토,ORIGINAL,일반,2025-03-20 10:33:02.000 +09,전북,힐링,48버8235,3,3,1,260.489,259.315,0,0,
39264471,현대,더 뉴 아반떼,1.6 GDi 모던,기본형,201502.0,2015,780.0,122562.0,가솔린,오토,ORIGINAL,일반,2025-03-20 10:32:42.000 +09,광주,푸른모터스,67저1365,2,3,3,152.2373,281.558,0,0,
39007038,현대,아반떼 AD,1.6 GDI 밸류 플러스,,201701.0,2017,990.0,127531.0,가솔린,오토,ORIGINAL,일반,2025-03-20 10:32:27.000 +09,전북,엘리트모터스,21누3825,1,5,3,125.24,506.3964,0,0,
38997724,현대,아반떼 (CN7),1.6,스마트,202105.0,2021,1280.0,60098.0,가솔린,오토,ORIGINAL,일반,2025-03-20 10:32:15.000 +09,경기,대한자동차,200너3682,2,0,1,262.2263,0.0,1,0,
38359042,현대,더 뉴 아반떼,1.6 GDi 스마트,기본형,201503.0,2015,580.0,98376.0,가솔린,오토,ORIGINAL,일반,2025-03-20 10:32:03.000 +09,부산,한밭상사,35수2082,1,1,0,51.053,38.3128,0,0,
39208287,현대,아반떼 (CN7),1.6 LPi,모던,202011.0,2021,1179.0,96537.0,LPG(일반인 구입),오토,ORIGINAL,일반,2025-03-20 10:31:51.000 +09,경기,(주)뉴카카,137도3225,8,4,5,1777.573,701.853,0,0,
38410467,현대,아반떼 MD,M16 GDI 스마트,,201210.0,2013,320.0,208917.0,가솔린,오토,ORIGINAL,일반,2025-03-20 10:31:05.000 +09,부산,DS대산,26모9981,2,0,1,423.7047,0.0,0,0,
39240938,현대,더 뉴 아반떼 AD,1.6,스타일,202001.0,2020,1219.0,4811.0,가솔린,오토,ORIGINAL,일반,2025-03-20 10:31:00.000 +09,경기,두손모터스2,279모9585,1,0,3,250.86,0.0,1,0,
38256748,현대,아반떼 (CN7),1.6,모던,202009.0,2021,1650.0,64776.0,가솔린,오토,ORIGINAL,일반,2025-03-20 10:30:25.000 +09,울산,광휘모터스,111가5033,1,2,2,167.235,125.1597,1,0,
37555843,현대,더 뉴 아반떼 AD,1.6 LPi,스마트(렌터카용),202003.0,2020,1170.0,91857.0,LPG(일반인 구입),오토,ORIGINAL,일반,2025-03-20 10:30:25.000 +09,울산,광휘모터스,254서3342,2,2,2,235.9081,211.598,1,0,
38196394,현대,아반떼 하이브리드 (CN7),인스퍼레이션,,202012.0,2021,2250.0,63062.0,가솔린+전기,오토,ORIGINAL,일반,2025-03-20 10:30:24.000 +09,울산,광휘모터스,313더7259,3,1,2,118.717,570.827,0,0,
35955512,현대,아반떼 (CN7),1.6,인스퍼레이션,202011.0,2021,1970.0,24726.0,가솔린,오토,ORIGINAL,일반,2025-03-20 10:30:24.000 +09,울산,광휘모터스,265다6593,1,0,5,65.0152,0.0,1,0,
36960170,현대,아반떼 AD,1.6 GDI 스마트,(세부등급 없음),201605.0,2017,740.0,121280.0,가솔린,오토,ORIGINAL,일반,2025-03-20 10:29:48.000 +09,서울,오톰,02고5524,3,3,3,453.226,276.7188,1,0,
39190435,현대,아반떼 AD,1.6 e-VGT 스타일,,201609.0,2017,699.0,178619.0,디젤,오토,ORIGINAL,일반,2025-03-20 10:28:28.000 +09,광주,신한자동차매매상사,53노4662,1,2,4,269.3854,115.7898,1,0,
39140238,현대,아반떼 (CN7),1.6 LPi,스마트,202011.0,2021,1360.0,93686.0,LPG(일반인 구입),오토,ORIGINAL,일반,2025-03-20 10:28:10.000 +09,광주,센텀,242두3031,0,2,1,0.0,56.6006,1,0,
39249736,현대,아반떼 AD,1.6 e-VGT 스마트,(세부등급 없음),201611.0,2017,799.0,111135.0,디젤,오토,ORIGINAL,일반,2025-03-20 10:27:36.000 +09,광주,센텀모터스,141저7848,2,0,3,105.756,0.0,1,0,
39178828,현대,더 뉴 아반떼 (CN7),1.6,모던,202305.0,2024,2090.0,49026.0,가솔린,오토,ORIGINAL,일반,2025-03-20 10:27:07.000 +09,충북,(주)정일모터스,197오8711,0,0,2,0.0,0.0,1,0,
38975140,현대,아반떼 AD,1.6 GDI 스마트,(세부등급 없음),201607.0,2016,890.0,123244.0,가솔린,오토,ORIGINAL,일반,2025-03-20 10:27:07.000 +09,충북,(주)정일모터스,47모0274,1,2,3,158.497,236.37,0,0,
39150309,현대,아반떼 (CN7),2.0 N,,202204.0,2022,2550.0,66131.0,가솔린,오토,ORIGINAL,일반,2025-03-20 10:27:01.000 +09,울산,에스오토,388도2211,1,0,5,73.189,0.0,1,0,
38565669,현대,아반떼 AD,1.6 GDI 밸류 플러스,,201701.0,2017,1150.0,38529.0,가솔린,오토,ORIGINAL,일반,2025-03-20 10:27:00.000 +09,울산,에스오토,01로5677,1,0,2,43.3339,0.0,0,0,
38941447,현대,아반떼 AD,1.6 GDI 모던,(세부등급 없음),201603.0,2016,1199.0,58209.0,가솔린,오토,ORIGINAL,일반,2025-03-20 10:26:21.000 +09,전북,베스트상사,39로0638,4,1,3,326.8499,626.415,0,0,
39253786,현대,더 뉴 아반떼 하이브리드 (CN7),스마트,,202306.0,2024,1999.0,57609.0,가솔린+전기,오토,ORIGINAL,일반,2025-03-20 10:25:28.000 +09,대구,(주)카고고,240부8543,0,0,1,0.0,0.0,1,0,
38461691,현대,아반떼 AD,1.6 터보 스포츠,(세부등급 없음),201701.0,2017,860.0,102673.0,가솔린,오토,ORIGINAL,일반,2025-03-20 10:25:14.000 +09,대구,오토플러스(주),19구3166,1,0,1,52.1738,0.0,0,0,
39255060,현대,아반떼 AD,1.6 GDI 모던,스페셜,201606.0,2017,1280.0,58891.0,가솔린,오토,ORIGINAL,일반,2025-03-20 10:25:13.000 +09,대구,오토플러스(주),64도0787,1,2,3,30.4578,86.4199,0,0,
38815359,현대,아반떼 HD,1.6 VVT S16,럭셔리,200910.0,2010,299.0,195147.0,가솔린,오토,ORIGINAL,일반,2025-03-20 10:25:11.000 +09,대구,친절한 중고차,19고7804,9,4,3,699.0641,536.56,0,0,
39050546,현대,더 뉴 아반떼,1.6 GDi 스마트,기본형,201409.0,2015,550.0,140514.0,가솔린,오토,ORIGINAL,일반,2025-03-20 10:24:56.000 +09,경기,민모터스,19마9917,3,5,6,200.4869,365.0156,0,0,
39216834,현대,아반떼 (CN7),1.6,모던,202112.0,2022,1900.0,16796.0,가솔린,오토,ORIGINAL,일반,2025-03-20 10:24:51.000 +09,충북,하나모터스,188머2462,0,0,5,0.0,0.0,2,0,
38059787,현대,아반떼 MD,M16 GDI 럭셔리,,201109.0,2012,390.0,121590.0,가솔린,오토,ORIGINAL,일반,2025-03-20 10:24:26.000 +09,대전,온누리모터스,19보8584,4,1,5,342.1239,210.0,0,0,
39097533,현대,아반떼 MD,M16 GDI 스마트,,201210.0,2013,450.0,131630.0,가솔린,오토,ORIGINAL,일반,2025-03-20 10:24:13.000 +09,경기,(주)뉴카카,64도5395,2,2,2,80.7788,77.709,0,0,
39274104,현대,아반떼 MD,M16 GDI 럭셔리,,201104.0,2011,450.0,127907.0,가솔린,오토,ORIGINAL,일반,2025-03-20 10:24:05.000 +09,전북,스카이모터스,41고5743,1,0,2,25.93,0.0,0,0,
39069420,현대,더 뉴 아반떼 AD,1.6,스마트,201908.0,2020,1220.0,95180.0,가솔린,오토,ORIGINAL,일반,2025-03-20 10:23:24.000 +09,충남,오토리더 주식회사,325저6852,0,1,2,0.0,59.961,1,0,
38933689,현대,더 뉴 아반떼 (CN7),1.6,인스퍼레이션,202312.0,2024,1650.0,54719.0,가솔린,오토,ORIGINAL,일반,2025-03-20 10:23:09.000 +09,인천,오토플러스(주)중앙특판지점,284나6199,3,3,2,177.3849,237.68,1,0,
38978138,현대,더 뉴 아반떼 AD,1.6,스마트,201905.0,2019,1200.0,136249.0,가솔린,오토,ORIGINAL,일반,2025-03-20 10:22:43.000 +09,울산,대구자동차매매상사,287우8513,1,0,2,39.1448,0.0,1,0,
39081244,현대,아반떼 하이브리드 (CN7),모던,,202301.0,2023,2350.0,42316.0,가솔린+전기,오토,ORIGINAL,일반,2025-03-20 10:22:43.000 +09,울산,대구자동차매매상사,160루4398,0,0,1,0.0,0.0,0,0,
39049917,현대,더 뉴 아반떼 AD,1.6 디젤,프리미엄,201904.0,2019,1180.0,113000.0,디젤,오토,ORIGINAL,일반,2025-03-20 10:22:38.000 +09,전북,유진모터스,177어8889,2,0,1,574.1388,0.0,1,0,
39229672,현대,아반떼 (CN7),1.6,스마트,202006.0,2021,1245.0,90088.0,가솔린,오토,ORIGINAL,일반,2025-03-20 10:22:37.000 +09,전북,유진모터스,124모1602,2,0,4,345.8787,0.0,1,0,
38200344,현대,아반떼 AD,1.6 GDI 밸류 플러스,,201804.0,2018,1070.0,99959.0,가솔린,오토,ORIGINAL,일반,2025-03-20 10:21:32.000 +09,경기,(주)시온자동차,05너2759,1,1,3,25.0,36.9328,0,0,
38979810,현대,아반떼 (CN7),1.6,인스퍼레이션,202006.0,2021,1990.0,46617.0,가솔린,오토,ORIGINAL,일반,2025-03-20 10:21:12.000 +09,경기,대한자동차,264어8707,3,0,1,258.4304,0.0,0,0,
38872653,현대,아반떼 하이브리드 (CN7),인스퍼레이션,,202203.0,2023,2470.0,19234.0,가솔린+전기,오토,ORIGINAL,일반,2025-03-20 10:21:05.000 +09,대전,로마자동차 주식회사,147누1019,0,0,2,0.0,0.0,0,0,
39196613,현대,아반떼 하이브리드 (CN7),스마트,,202108.0,2021,1950.0,55116.0,가솔린+전기,오토,ORIGINAL,일반,2025-03-20 10:20:56.000 +09,대전,뉴마도모터스,232나2044,1,1,1,67.8314,139.4938,1,0,
37663937,현대,아반떼 AD,1.6 GDI 스마트,(세부등급 없음),201602.0,2016,670.0,127383.0,가솔린,오토,ORIGINAL,일반,2025-03-20 10:20:55.000 +09,경남,퍼펙트카,289모2245,0,1,4,0.0,71.6338,1,0,
38364907,현대,아반떼 MD,M16 GDI 럭셔리,,201109.0,2012,420.0,163107.0,가솔린,오토,ORIGINAL,일반,2025-03-20 10:20:55.000 +09,대전,뉴마도모터스,49로9271,0,0,6,0.0,0.0,0,0,
39192467,현대,아반떼 AD,1.6 GDI 모던,스페셜,201607.0,2017,1099.0,60819.0,가솔린,오토,ORIGINAL,일반,2025-03-20 10:20:40.000 +09,경기,차파는사람들,46서0879,4,3,4,331.1708,257.1335,0,0,
37176181,현대,아반떼 MD,M16 GDI 럭셔리,,201104.0,2011,560.0,46331.0,가솔린,오토,ORIGINAL,일반,2025-03-20 10:19:17.000 +09,경기,(주)바이더카,19너2991,2,0,3,169.211,0.0,0,0,
37693653,현대,아반떼 쿠페,2.0 GDi 프리미엄,기본형,201311.0,2014,770.0,62709.0,가솔린,오토,ORIGINAL,일반,2025-03-20 10:19:17.000 +09,경기,(주)바이더카,53로4776,3,0,0,202.6388,0.0,0,0,
38945188,현대,아반떼 MD,M16 GDI 럭셔리,,201010.0,2011,410.0,91181.0,가솔린,오토,ORIGINAL,일반,2025-03-20 10:18:57.000 +09,경남,하이원모터스,37모9269,4,2,2,324.59,208.007,0,0,
37552637,현대,더 뉴 아반떼 하이브리드 (CN7),인스퍼레이션,,202311.0,2024,2730.0,3500.0,가솔린+전기,오토,ORIGINAL,렌트,2025-03-20 10:18:14.000 +09,경기,,200호9340,0,0,0,0.0,0.0,0,0,
38998493,현대,더 뉴 아반떼,1.6 GDi 스마트,기본형,201502.0,2015,430.0,88561.0,가솔린,오토,ORIGINAL,일반,2025-03-20 10:18:12.000 +09,서울,(주)프리오토,67서1031,4,6,2,567.5496,1537.3496,0,0,
39105216,현대,아반떼 (CN7),1.6,인스퍼레이션,202006.0,2021,1920.0,53511.0,가솔린,오토,ORIGINAL,일반,2025-03-20 10:17:53.000 +09,부산,우덕모터스,256다1680,0,0,1,0.0,0.0,0,0,
39150151,현대,더 뉴 아반떼 (CN7),1.6,인스퍼레이션,202305.0,2024,2450.0,33080.0,가솔린,오토,ORIGINAL,일반,2025-03-20 10:17:39.000 +09,충북,우성상사,320서8294,0,0,1,0.0,0.0,0,0,
38955418,현대,더 뉴 아반떼,1.6 VGT 모던,기본형,201409.0,2015,469.0,140322.0,디젤,오토,ORIGINAL,일반,2025-03-20 10:17:30.000 +09,인천,오토그린,55라7483,1,0,2,256.6184,0.0,0,0,
39123462,현대,아반떼 AD,1.6 GDI 스마트,(세부등급 없음),201804.0,2018,1090.0,105135.0,가솔린,오토,ORIGINAL,일반,2025-03-20 10:17:18.000 +09,대전,(주)이수오토,143주4315,2,1,3,85.64,75.9474,1,0,
39171671,현대,더 뉴 아반떼 (CN7),1.6,인스퍼레이션,202401.0,2024,2490.0,8758.0,가솔린,오토,ORIGINAL,일반,2025-03-20 10:17:04.000 +09,경기,으뜸자동차,396너7660,0,0,1,0.0,0.0,0,0,
38873081,현대,더 뉴 아반떼,1.6 GDi 스마트,기본형,201506.0,2016,530.0,142950.0,가솔린,오토,ORIGINAL,일반,2025-03-20 10:16:19.000 +09,대전,(주)수정모터스,19무5486,1,1,4,159.6386,496.158,1,0,
39100275,현대,아반떼 MD,M16 GDI 럭셔리,,201207.0,2012,450.0,119406.0,가솔린,오토,ORIGINAL,일반,2025-03-20 10:16:12.000 +09,부산,(주)스마트모터스,40수6379,2,1,1,54.1133,58.764,0,0,
38757681,현대,아반떼 AD,1.6 GDI 밸류 플러스,,201611.0,2017,790.0,118994.0,가솔린,오토,ORIGINAL,일반,2025-03-20 10:15:13.000 +09,전북,기운모터스,54구0346,5,2,3,799.9987,240.969,0,0,
38207390,현대,아반떼 MD,M16 GDI 럭셔리,,201102.0,2011,370.0,148755.0,가솔린,오토,ORIGINAL,일반,2025-03-20 10:15:13.000 +09,전북,기운모터스,59도7127,2,3,3,115.3534,531.34,0,0,
39226356,현대,아반떼 MD,M16 GDI 럭셔리,,201106.0,2012,399.0,108873.0,가솔린,오토,ORIGINAL,일반,2025-03-20 10:15:00.000 +09,경기,(주)뉴카카,46무4026,3,0,1,281.4934,0.0,0,0,
39169882,현대,아반떼 AD,1.6 LPI 스타일(렌터카),,201603.0,2016,620.0,133683.0,LPG(일반인 구입),오토,ORIGINAL,일반,2025-03-20 10:14:51.000 +09,전북,365모터스,334두2979,6,7,5,578.4046,1616.2155,1,0,
38446777,현대,아반떼 AD,1.6 GDI 밸류 플러스,,201709.0,2018,980.0,83282.0,가솔린,오토,ORIGINAL,일반,2025-03-20 10:14:51.000 +09,전북,365모터스,230노1834,1,1,2,470.39,18.3878,1,0,
38352330,현대,아반떼 MD,M16 GDI 프리미어,,201203.0,2012,399.0,134833.0,가솔린,오토,ORIGINAL,일반,2025-03-20 10:14:51.000 +09,전북,365모터스,27모5270,3,8,9,345.5913,848.3263,0,0,
39265794,현대,아반떼 MD,M16 GDI 모던,,201211.0,2013,690.0,36819.0,가솔린,오토,ORIGINAL,일반,2025-03-20 10:14:50.000 +09,서울,(주)한경자동차,15조1075,4,0,0,201.1882,0.0,0,0,
39226906,현대,아반떼 HD,1.6 VVT S16,럭셔리,201005.0,2010,360.0,185217.0,가솔린,오토,ORIGINAL,일반,2025-03-20 10:14:11.000 +09,대구,대진자동차상사,48무6181,4,1,1,184.7005,56.702,0,0,
39214604,현대,아반떼 (CN7),1.6,스마트,202104.0,2021,1020.0,112898.0,가솔린,오토,ORIGINAL,일반,2025-03-20 10:13:32.000 +09,경남,유진상사,219노8576,0,2,2,0.0,552.7169,1,0,
39155372,현대,아반떼 AD,1.6 GDI 모던,(세부등급 없음),201512.0,2016,890.0,138619.0,가솔린,오토,ORIGINAL,일반,2025-03-20 10:13:17.000 +09,울산,대림자동차매매상사,39너0810,3,1,3,314.3128,57.616,0,0,
39101513,현대,아반떼 MD,M16 GDI 럭셔리,,201012.0,2011,530.0,64364.0,가솔린,오토,ORIGINAL,일반,2025-03-20 10:13:14.000 +09,서울,서울오토벨,28도4022,0,0,1,0.0,0.0,0,0,
37316846,현대,아반떼 MD,M16 GDI 에비뉴,,201308.0,2014,500.0,105743.0,가솔린,오토,ORIGINAL,일반,2025-03-20 10:13:12.000 +09,경기,양주중고차에이원오토,29너6620,4,1,1,204.9091,48.0569,0,0,
37701817,현대,아반떼 AD,1.6 e-VGT 스마트,(세부등급 없음),201603.0,2016,690.0,146725.0,디젤,오토,ORIGINAL,일반,2025-03-20 10:13:12.000 +09,경기,양주중고차에이원오토,03주8084,2,3,5,291.8985,363.9704,1,0,
38326263,현대,아반떼 AD,1.6 e-VGT 스마트,(세부등급 없음),201509.0,2016,870.0,78065.0,디젤,오토,ORIGINAL,일반,2025-03-20 10:13:11.000 +09,경기,양주중고차에이원오토,29나0835,0,1,2,0.0,201.9996,0,0,
39082528,현대,아반떼 MD,M16 GDI 프리미어,,201106.0,2012,680.0,101347.0,가솔린,오토,ORIGINAL,일반,2025-03-20 10:13:00.000 +09,경남,dh모터스,48너5238,4,0,1,197.4728,0.0,0,0,
39221744,현대,더 뉴 아반떼,1.6 VGT 스타일,,201506.0,2016,290.0,252479.0,디젤,오토,ORIGINAL,일반,2025-03-20 10:12:13.000 +09,광주,하나자동차매매상사,05보4666,0,0,2,0.0,0.0,1,0,
38874875,현대,더 뉴 아반떼,1.6 VGT 스타일,,201502.0,2015,390.0,160191.0,디젤,오토,ORIGINAL,일반,2025-03-20 10:12:12.000 +09,광주,하나자동차매매상사,60노7035,2,1,8,85.9656,142.1508,0,0,
39163458,현대,아반떼 MD,M16 GDI 럭셔리,,201103.0,2011,450.0,107814.0,가솔린,오토,ORIGINAL,일반,2025-03-20 10:11:43.000 +09,대구,우리자동차상사,31도9614,5,3,3,444.7219,165.1304,0,0,
38273172,현대,아반떼 MD,M16 GDI 프리미엄,,201212.0,2013,650.0,73651.0,가솔린,오토,ORIGINAL,일반,2025-03-20 10:11:27.000 +09,광주,(유)우진자동차,34로8649,3,3,4,462.8488,247.323,0,0,
38453845,현대,더 뉴 아반떼,1.6 GDi 프리미엄,기본형,201404.0,2015,780.0,67279.0,가솔린,오토,ORIGINAL,일반,2025-03-20 10:11:17.000 +09,광주,(유)우진자동차,23조5167,3,0,1,399.207,0.0,0,0,
38969887,현대,더 뉴 아반떼 (CN7),1.6,모던,202403.0,2024,1850.0,5642.0,가솔린,오토,ORIGINAL,일반,2025-03-20 10:10:57.000 +09,대구,첨맘중고차,270누9802,1,1,1,621.054,100.0,0,0,
39226807,현대,더 뉴 아반떼,1.6 VGT 스마트,기본형,201409.0,2015,460.0,159129.0,디젤,오토,ORIGINAL,일반,2025-03-20 10:10:53.000 +09,경기,(주)다온모터스,14가3803,0,1,2,0.0,70.702,0,0,
39204730,현대,더 뉴 아반떼 AD,1.6,스마트,202001.0,2020,1350.0,100119.0,가솔린,오토,ORIGINAL,일반,2025-03-20 10:10:28.000 +09,충북,신천모터스,279오7869,2,1,1,101.693,40.1049,0,0,
39029204,현대,더 뉴 아반떼 AD,1.6,스마트,201810.0,2019,1440.0,48035.0,가솔린,오토,ORIGINAL,일반,2025-03-20 10:09:43.000 +09,울산,준car,52노4104,4,1,0,605.9809,68.909,0,0,
39209868,현대,아반떼 AD,1.6 GDI 밸류 플러스,,201803.0,2018,1120.0,97676.0,가솔린,오토,ORIGINAL,일반,2025-03-20 10:09:42.000 +09,전북,(유)짱카,29모8419,2,0,1,166.9996,0.0,0,0,
39199977,현대,더 뉴 아반떼,1.6 LPi 스마트,,201502.0,2015,490.0,153254.0,LPG(일반인 구입),오토,ORIGINAL,일반,2025-03-20 10:09:41.000 +09,전북,(유)짱카,66누9183,6,4,3,346.4915,364.931,0,0,
38869090,현대,더 뉴 아반떼,1.6 GDi 스마트,기본형,201508.0,2016,590.0,149055.0,가솔린,오토,ORIGINAL,일반,2025-03-20 10:09:41.000 +09,전북,(유)짱카,11주7341,1,0,5,59.078,0.0,0,0,
39255770,현대,아반떼 MD,M16 GDI 스마트,,201303.0,2013,250.0,176420.0,가솔린,오토,ORIGINAL,일반,2025-03-20 10:09:40.000 +09,전북,(유)짱카,27노1555,8,3,1,730.4591,257.7096,0,0,
39235876,현대,아반떼 (CN7),1.6,모던,202006.0,2021,1990.0,11277.0,가솔린,오토,ORIGINAL,일반,2025-03-20 10:09:10.000 +09,광주,카마트,371루7479,0,0,1,0.0,0.0,0,0,
38934828,현대,더 뉴 아반떼 AD,1.6,스마트,202003.0,2020,1450.0,20289.0,가솔린,오토,ORIGINAL,일반,2025-03-20 10:08:58.000 +09,경기,(주)한성모터스,270머3172,2,0,1,171.8548,0.0,1,0,
38780287,현대,아반떼 MD,M16 GDI 프리미어,,201204.0,2012,590.0,51281.0,가솔린,오토,ORIGINAL,일반,2025-03-20 10:08:57.000 +09,대구,드림카,36도3113,3,1,3,226.1436,70.5028,0,0,
38853337,현대,아반떼 MD,M16 GDI 럭셔리,,201010.0,2011,500.0,93967.0,가솔린,오토,ORIGINAL,일반,2025-03-20 10:08:52.000 +09,광주,이슬모터스,60루6218,1,1,2,45.656,12.97,0,0,
38519015,현대,아반떼 하이브리드 (CN7),모던,,202010.0,2021,1959.0,14259.0,가솔린+전기,오토,ORIGINAL,일반,2025-03-20 10:08:03.000 +09,경기,카오션,127소9112,2,0,1,221.674,0.0,1,0,
39215546,현대,더 뉴 아반떼 AD,1.6,스마트,201912.0,2020,1540.0,15031.0,가솔린,오토,ORIGINAL,일반,2025-03-20 10:07:46.000 +09,광주,(주)카마트,224부1982,0,1,2,0.0,0.0,1,0,
38694781,현대,아반떼 (CN7),1.6 LPi (렌터카),스마트,202012.0,2021,1690.0,57554.0,LPG(일반인 구입),오토,ORIGINAL,일반,2025-03-20 10:07:45.000 +09,광주,(주)카마트,363머5614,0,0,2,0.0,0.0,1,0,
38939632,현대,아반떼 MD,M16 GDI 럭셔리,,201203.0,2012,500.0,100051.0,가솔린,오토,ORIGINAL,일반,2025-03-20 10:07:39.000 +09,전북,(유)카마트 모터스,28가7830,3,3,2,244.4863,1031.8066,0,0,
38906638,현대,아반떼 MD,M16 GDI 프리미어,,201110.0,2012,450.0,140032.0,가솔린,오토,ORIGINAL,일반,2025-03-20 10:07:21.000 +09,부산,윤모터스,18나9374,1,1,4,35.3203,42.7578,0,0,
39238498,현대,아반떼 (CN7),1.6,인스퍼레이션,202101.0,2021,2100.0,26805.0,가솔린,오토,ORIGINAL,일반,2025-03-20 10:06:09.000 +09,강원,행운자동차매매상사,179서5276,0,0,0,0.0,0.0,0,0,
38736243,현대,아반떼 AD,1.6 GDI 스타일,,201511.0,2016,510.0,186630.0,LPG(일반인 구입),오토,ORIGINAL,일반,2025-03-20 10:06:09.000 +09,강원,행운자동차매매상사,152도6576,4,2,4,180.9955,112.028,1,0,
39106676,현대,아반떼 AD,1.6 GDI 스마트,(세부등급 없음),201608.0,2017,720.0,183358.0,가솔린,오토,ORIGINAL,일반,2025-03-20 10:05:39.000 +09,충북,골드모터스,16보0635,0,0,1,0.0,0.0,0,0,
39035544,현대,아반떼 (CN7),1.6 터보 N Line,스포츠,202011.0,2021,1450.0,109869.0,가솔린,오토,ORIGINAL,일반,2025-03-20 10:04:56.000 +09,인천,카담파트너스,136모4012,2,0,3,611.8823,0.0,0,0,
39266860,현대,더 뉴 아반떼 (CN7),1.6,모던,202311.0,2024,2270.0,5473.0,가솔린,오토,ORIGINAL,일반,2025-03-20 10:04:46.000 +09,경기,제이디모터스,221거5816,0,0,0,0.0,0.0,0,0,
38442927,현대,아반떼 AD,1.6 GDI 밸류 플러스,,201703.0,2018,830.0,133781.0,가솔린,오토,ORIGINAL,일반,2025-03-20 10:04:19.000 +09,부산,시원모터스,09더2550,2,0,3,71.3456,0.0,0,0,
38639622,현대,아반떼 AD,1.6 GDI 모던,(세부등급 없음),201607.0,2017,855.0,115947.0,가솔린,오토,ORIGINAL,일반,2025-03-20 10:03:46.000 +09,대구,에스티(ST)모터스,39우0662,4,1,1,611.1101,26.27,0,0,
39111263,현대,더 뉴 아반떼,1.6 GDi 모던,기본형,201411.0,2015,800.0,83356.0,가솔린,오토,ORIGINAL,일반,2025-03-20 10:02:48.000 +09,경기,오토허브셀카,35너3662,4,1,1,111.3989,41.2908,0,0,
39090965,현대,더 뉴 아반떼 하이브리드 (CN7),모던,,202305.0,2024,2250.0,38553.0,가솔린+전기,오토,ORIGINAL,일반,2025-03-20 10:02:48.000 +09,경기,오토허브셀카,348어5539,0,0,1,0.0,0.0,1,0,
39133366,현대,아반떼 (CN7),1.6 LPi,인스퍼레이션,202204.0,2023,2180.0,21922.0,LPG(일반인 구입),오토,ORIGINAL,일반,2025-03-20 10:02:14.000 +09,경기,프렌즈카,331도8717,0,0,1,0.0,0.0,0,0,
38653329,현대,아반떼 AD,1.6 GDI 밸류 플러스,,201804.0,2018,1299.0,56282.0,가솔린,오토,ORIGINAL,일반,2025-03-20 10:00:39.000 +09,광주,주)한국모터스,111저5428,0,0,3,0.0,0.0,1,0,
38847275,현대,더 뉴 아반떼 AD,1.6,스마트,201909.0,2020,1430.0,42965.0,가솔린,오토,ORIGINAL,일반,2025-03-20 10:00:38.000 +09,광주,주)한국모터스,310라6175,3,0,2,267.6858,0.0,0,0,
39258128,현대,더 뉴 아반떼 (CN7),1.6,모던,202304.0,2024,2030.0,42000.0,가솔린,오토,ORIGINAL,일반,2025-03-20 10:00:26.000 +09,전남,더드림카,265버1481,1,2,2,162.9039,157.7068,1,0,
39264149,현대,아반떼 (CN7),1.6,모던,202004.0,2021,1750.0,44589.0,가솔린,오토,ORIGINAL,일반,2025-03-20 10:00:22.000 +09,광주,장군모터스,141조5978,0,0,1,0.0,0.0,1,0,
39226750,현대,더 뉴 아반떼 (CN7),1.6,인스퍼레이션,202406.0,2024,2630.0,50.0,가솔린,오토,ORIGINAL,일반,2025-03-20 09:59:37.000 +09,충북,살카팔카,166저7867,0,0,0,0.0,0.0,0,0,
39106085,현대,아반떼 (CN7),1.6,모던,202011.0,2021,1820.0,48244.0,가솔린,오토,ORIGINAL,일반,2025-03-20 09:59:13.000 +09,부산,w모터스,323조1829,0,0,0,0.0,0.0,0,0,
38225747,현대,아반떼 (CN7),1.6,인스퍼레이션,202112.0,2022,2130.0,41751.0,가솔린,오토,ORIGINAL,일반,2025-03-20 09:58:54.000 +09,울산,제이유모터스,166로7758,0,0,0,0.0,0.0,0,0,
39146062,현대,아반떼 AD,1.6 GDI 모던,(세부등급 없음),201509.0,2016,850.0,107000.0,가솔린,오토,ORIGINAL,일반,2025-03-20 09:58:24.000 +09,경기,우진매매상사,26보5938,0,0,1,0.0,0.0,0,0,
38952022,현대,아반떼 MD,M16 GDI 스타일,,201306.0,2014,520.0,136200.0,가솔린,오토,ORIGINAL,일반,2025-03-20 09:58:23.000 +09,경기,우진매매상사,69두1099,2,1,3,139.7928,26.516,0,0,
38963707,현대,아반떼 AD,1.6 GDI 모던,(세부등급 없음),201605.0,2017,855.0,112000.0,가솔린,오토,ORIGINAL,일반,2025-03-20 09:58:03.000 +09,경북,스마일 중고차 상사,12두0872,5,3,4,562.3668,218.1223,0,0,
39114557,현대,아반떼 AD,1.6 GDI 밸류 플러스,,201708.0,2018,855.0,112500.0,가솔린,오토,ORIGINAL,일반,2025-03-20 09:58:03.000 +09,경북,스마일 중고차 상사,107우2807,1,1,5,94.12,45.0,1,0,
38540580,현대,아반떼 MD,M16 GDI 디럭스,,201101.0,2011,350.0,182390.0,가솔린,오토,ORIGINAL,일반,2025-03-20 09:57:59.000 +09,전남,스타모터스,41누8346,8,0,5,936.0307,0.0,0,0,
38322603,현대,아반떼 AD,1.6 GDI 밸류 플러스,,201804.0,2018,1280.0,67428.0,가솔린,오토,ORIGINAL,일반,2025-03-20 09:57:11.000 +09,울산,그린모터스,62너7802,2,0,1,170.1819,0.0,0,0,
39250064,현대,더 뉴 아반떼,1.6 GDi 모던,기본형,201309.0,2014,730.0,123792.0,가솔린,오토,ORIGINAL,일반,2025-03-20 09:57:11.000 +09,울산,그린모터스,63보8777,1,1,3,90.598,149.718,0,0,
39245729,현대,더 뉴 아반떼,1.6 GDi 모던,기본형,201405.0,2014,870.0,85465.0,가솔린,오토,ORIGINAL,일반,2025-03-20 09:57:11.000 +09,울산,그린모터스,19거2830,1,1,2,104.612,429.0349,0,0,
38076016,현대,아반떼 (CN7),1.6,인스퍼레이션,202101.0,2021,2070.0,53301.0,가솔린,오토,ORIGINAL,일반,2025-03-20 09:57:11.000 +09,울산,그린모터스,148부4513,0,0,1,0.0,0.0,0,0,
39007924,현대,아반떼 (CN7),1.6,인스퍼레이션,202109.0,2022,2070.0,42110.0,가솔린,오토,ORIGINAL,일반,2025-03-20 09:57:10.000 +09,울산,그린모터스,115두1517,0,0,0,0.0,0.0,0,0,
38816983,현대,아반떼 (CN7),1.6 LPi,스마트,202009.0,2021,1170.0,122460.0,LPG(일반인 구입),오토,ORIGINAL,일반,2025-03-20 09:57:02.000 +09,경기,(주)스마트자동차,127가2581,1,1,3,63.887,93.6658,1,0,
39156290,현대,더 뉴 아반떼 AD,1.6,스마트,201909.0,2020,1389.0,34755.0,가솔린,오토,ORIGINAL,일반,2025-03-20 09:57:01.000 +09,경기,(주)오케이모터스,212마9817,4,1,2,450.2472,113.0,1,0,
38869650,현대,아반떼 AD,1.6 터보 스포츠,(세부등급 없음),201703.0,2017,1100.0,148410.0,가솔린,오토,ORIGINAL,일반,2025-03-20 09:56:57.000 +09,전북,럭셔리모터스,64주3774,1,0,1,71.259,0.0,0,0,
39194824,현대,아반떼 (CN7),1.6,스마트,202007.0,2021,1620.0,25696.0,가솔린,오토,ORIGINAL,일반,2025-03-20 09:56:48.000 +09,경기,청학Emotors,308보9275,1,2,1,100.8741,89.9093,0,0,
39192712,현대,아반떼 (CN7),1.6,스마트,202011.0,2021,1570.0,60242.0,가솔린,오토,ORIGINAL,일반,2025-03-20 09:56:47.000 +09,경기,청학Emotors,172라7168,0,0,1,0.0,0.0,0,0,
39264606,현대,아반떼 AD,1.6 GDI 스마트,(세부등급 없음),201601.0,2016,880.0,93032.0,가솔린,오토,ORIGINAL,일반,2025-03-20 09:56:44.000 +09,경기,엠에스모터스,19서0994,1,0,5,29.876,0.0,0,0,
38643054,현대,더 뉴 아반떼,1.6 GDi 모던,기본형,201411.0,2015,680.0,167652.0,가솔린,오토,ORIGINAL,일반,2025-03-20 09:56:35.000 +09,전북,(유)카마트모터스,37부8221,2,0,0,201.9628,0.0,0,0,
38368483,현대,아반떼 하이브리드,HDeIII,기본형,200908.0,2010,390.0,136264.0,LPG+전기,오토,ORIGINAL,일반,2025-03-20 09:56:34.000 +09,전북,(유)카마트모터스,18구7998,1,0,7,87.7788,0.0,0,0,
39107432,현대,아반떼 AD,1.6 터보 스포츠,익스트림 셀렉션,201606.0,2017,1099.0,139000.0,가솔린,오토,ORIGINAL,일반,2025-03-20 09:56:10.000 +09,경기,(주)정이모터스,62주0845,0,2,2,0.0,353.965,0,0,
39063585,현대,아반떼 (CN7),1.6,모던,202212.0,2023,1890.0,29751.0,가솔린,오토,ORIGINAL,일반,2025-03-20 09:55:53.000 +09,경남,대웅모터스,216조9374,0,0,1,0.0,0.0,0,0,
36788121,현대,아반떼 HD,1.6 VVT S16,럭셔리,200802.0,2008,320.0,32404.0,가솔린,오토,ORIGINAL,일반,2025-03-20 09:55:45.000 +09,대전,코리아자동차매매상사,37수6201,4,2,2,452.7544,789.705,0,0,
38725499,현대,아반떼 MD,LPI M16 디럭스,,201201.0,2012,550.0,53354.0,LPG(일반인 구입),오토,ORIGINAL,일반,2025-03-20 09:55:27.000 +09,서울,(주)하이마이카,58거3831,2,1,1,76.0766,40.1206,0,0,
39154878,현대,아반떼 하이브리드 (CN7),인스퍼레이션,,202103.0,2021,2080.0,92127.0,가솔린+전기,오토,ORIGINAL,일반,2025-03-20 09:55:02.000 +09,경기,신원자동차매매상사,145마1884,0,0,2,0.0,0.0,0,0,
39102550,현대,더 뉴 아반떼 AD,1.6,스마트 초이스,202001.0,2020,1350.0,57885.0,가솔린,오토,ORIGINAL,일반,2025-03-20 09:54:48.000 +09,전북,엘리트,206누6055,1,0,2,175.521,0.0,1,0,
38413092,현대,더 뉴 아반떼 하이브리드 (CN7),인스퍼레이션,,202406.0,2024,3440.0,2500.0,가솔린+전기,오토,ORIGINAL,렌트,2025-03-20 09:54:44.000 +09,경기,블루오토,197하4724,0,0,0,0.0,0.0,0,0,
38293762,현대,아반떼 (CN7),1.6,모던,202111.0,2022,860.0,28000.0,가솔린,오토,ORIGINAL,렌트,2025-03-20 09:54:44.000 +09,경기,블루오토,143호7802,2,0,0,135.8092,0.0,0,0,
38536338,현대,더 뉴 아반떼,1.6 GDi 스마트,기본형,201309.0,2014,630.0,83000.0,가솔린,오토,ORIGINAL,일반,2025-03-20 09:54:44.000 +09,전북,제일모터스,14보6746,4,3,2,248.3971,469.6729,0,0,
38918187,현대,아반떼 AD,1.6 GDI 밸류 플러스,,201801.0,2018,1100.0,72906.0,가솔린,오토,ORIGINAL,일반,2025-03-20 09:54:44.000 +09,전북,제일모터스,165다8353,2,0,2,265.527,0.0,1,0,
39248624,현대,아반떼 MD,LPI M16 디럭스,,201101.0,2011,430.0,143834.0,LPG(일반인 구입),오토,ORIGINAL,일반,2025-03-20 09:54:34.000 +09,대전,주식회사 김서방,66어4242,6,5,7,301.0993,139.658,1,0,
38560386,현대,아반떼 MD,M16 GDI 스마트,,201209.0,2013,590.0,79673.0,가솔린,오토,ORIGINAL,일반,2025-03-20 09:54:33.000 +09,경북,한국자동차상사,14저8685,3,1,1,153.4936,47.518,0,0,
38768686,현대,아반떼 AD,1.6 e-VGT 스마트,(세부등급 없음),201711.0,2018,850.0,61000.0,디젤,오토,ORIGINAL,일반,2025-03-20 09:54:15.000 +09,대전,엔케이모터스,26구4049,4,6,4,0.0,0.0,0,0,
39180780,현대,아반떼 AD,1.6 GDI 밸류 플러스,,201612.0,2017,840.0,107821.0,가솔린,오토,ORIGINAL,일반,2025-03-20 09:54:14.000 +09,부산,주) 인트로,36거2078,1,1,2,56.3269,69.435,0,0,
38407871,현대,아반떼 MD,M16 GDI 디럭스,,201104.0,2011,430.0,83055.0,가솔린,오토,ORIGINAL,일반,2025-03-20 09:52:43.000 +09,대전,주식회사디오토카,55거4579,2,3,5,214.9658,146.6546,0,0,
39087702,현대,아반떼 MD,M16 GDI 프리미어,,201012.0,2011,519.0,81850.0,가솔린,오토,ORIGINAL,일반,2025-03-20 09:52:41.000 +09,대구,대홍자동차상사,68보3328,4,2,6,229.0813,123.8969,0,0,
38809807,현대,아반떼 MD,M16 GDI 럭셔리,,201207.0,2012,390.0,123921.0,가솔린,오토,ORIGINAL,일반,2025-03-20 09:51:56.000 +09,서울,(주)카모아모터스,59조1165,4,2,2,181.535,176.5914,0,0,
39224001,현대,더 뉴 아반떼,1.6 GDi 스마트,기본형,201402.0,2014,530.0,135165.0,가솔린,오토,ORIGINAL,일반,2025-03-20 09:51:43.000 +09,대구,에이스자동차상사,26버3208,3,1,1,342.4511,154.99,0,0,
38760944,현대,더 뉴 아반떼 AD,1.6,스마트,201907.0,2020,1150.0,84596.0,가솔린,오토,ORIGINAL,일반,2025-03-20 09:50:42.000 +09,경기,오토엔,256고4745,1,0,2,47.0868,0.0,1,0,
36726845,현대,더 뉴 아반떼 AD,1.6,프리미엄,201902.0,2019,1660.0,37356.0,가솔린,오토,ORIGINAL,일반,2025-03-20 09:50:12.000 +09,대전,공감자동차,16주3219,2,0,3,129.636,0.0,0,0,
39206619,현대,아반떼 (CN7),1.6,인스퍼레이션,202012.0,2021,1790.0,70474.0,가솔린,오토,ORIGINAL,일반,2025-03-20 09:49:59.000 +09,대구,뉴대우모터스,397부5916,0,0,1,0.0,0.0,0,0,
37682058,현대,아반떼 AD,1.6 GDI 스마트,(세부등급 없음),201510.0,2016,1030.0,54282.0,가솔린,오토,ORIGINAL,일반,2025-03-20 09:49:44.000 +09,부산,오토필드모터스,02무0737,1,1,3,59.1114,119.41,0,0,
39213089,현대,더 뉴 아반떼,1.6 GDi 모던,기본형,201504.0,2015,830.0,55332.0,가솔린,오토,ORIGINAL,일반,2025-03-20 09:48:20.000 +09,대전,주식회사 뉴안모터스,58부3610,2,1,1,168.3016,109.004,0,0,
37651764,현대,아반떼 MD,M16 GDI 프리미어,,201102.0,2011,420.0,134782.0,가솔린,오토,ORIGINAL,일반,2025-03-20 09:47:50.000 +09,대구,대구모터스,23오7580,1,0,0,353.3209,0.0,0,0,
39134071,현대,아반떼 (CN7),1.6,인스퍼레이션,202009.0,2021,9999.0,36350.0,가솔린,오토,ORIGINAL,일반,2025-03-20 09:47:40.000 +09,경기,(주)다모아모터스,396도6365,0,0,0,0.0,0.0,0,0,
39138574,현대,아반떼 (CN7),2.0 N,,202110.0,2022,2790.0,21836.0,가솔린,수동,ORIGINAL,일반,2025-03-20 09:47:02.000 +09,경기,(주)하나오토,235고2235,0,0,4,0.0,0.0,0,0,
38375178,현대,아반떼 하이브리드 (CN7),인스퍼레이션,,202105.0,2021,2050.0,94864.0,가솔린+전기,오토,ORIGINAL,일반,2025-03-20 09:46:28.000 +09,울산,해돋이 매매상사,367다6500,0,0,1,0.0,0.0,0,0,
38030081,현대,아반떼 (CN7),1.6,인스퍼레이션,202111.0,2022,1950.0,48082.0,가솔린,오토,ORIGINAL,일반,2025-03-20 09:46:28.000 +09,울산,해돋이 매매상사,246오1355,3,2,2,256.1927,276.6689,0,0,
39000223,현대,아반떼 (CN7),1.6,인스퍼레이션,202301.0,2023,2320.0,14667.0,가솔린,오토,ORIGINAL,일반,2025-03-20 09:46:28.000 +09,울산,해돋이 매매상사,344부9135,0,0,1,0.0,0.0,0,0,
39168796,현대,더 뉴 아반떼,1.6 GDi 모던,기본형,201311.0,2014,680.0,63763.0,가솔린,오토,ORIGINAL,일반,2025-03-20 09:46:16.000 +09,서울,솔카(주),62버8701,2,0,1,139.9158,0.0,0,0,
39177761,현대,아반떼 MD,M16 GDI 럭셔리,,201206.0,2012,580.0,35499.0,가솔린,오토,ORIGINAL,일반,2025-03-20 09:46:16.000 +09,서울,솔카(주),64너7689,1,1,1,27.3,46.348,0,0,
38445276,현대,아반떼 AD,1.6 GDI 밸류 플러스,,201709.0,2018,950.0,108122.0,가솔린,오토,ORIGINAL,일반,2025-03-20 09:46:15.000 +09,충북,금호모터스,31어2692,1,1,3,90.045,53.253,0,0,
39112219,현대,더 뉴 아반떼,1.6 GDi 스마트,기본형,201309.0,2014,530.0,93900.0,가솔린,오토,ORIGINAL,일반,2025-03-20 09:45:12.000 +09,전북,남성 모터스,67마8696,4,0,1,395.0628,0.0,0,0,
38190800,현대,아반떼 AD,1.6 GDI 밸류 플러스,,201702.0,2017,1050.0,120222.0,가솔린,오토,ORIGINAL,일반,2025-03-20 09:44:29.000 +09,경북,신용자동차매매상사,12서6256,1,1,6,29.298,30.306,0,0,
39221061,현대,아반떼 (CN7),1.6 LPi (렌터카),스마트,202101.0,2021,1580.0,42522.0,LPG(일반인 구입),오토,ORIGINAL,일반,2025-03-20 09:44:01.000 +09,경기,자마이카,270오4844,1,1,1,36.1188,132.768,1,0,
38629294,현대,더 뉴 아반떼 AD,1.6,스마트 초이스,201902.0,2019,990.0,64000.0,가솔린,오토,ORIGINAL,일반,2025-03-20 09:43:52.000 +09,대구,주식회사 나래모터스,16수9223,2,2,2,730.7084,1957.2436,0,0,
38671909,현대,아반떼 AD,1.6 GDI 밸류 플러스,,201610.0,2017,999.0,76000.0,가솔린,오토,ORIGINAL,일반,2025-03-20 09:43:52.000 +09,대구,주식회사 나래모터스,66주0245,1,2,3,137.2921,270.2335,0,0,
38677983,현대,아반떼 (CN7),1.6,인스퍼레이션,202101.0,2021,1699.0,46781.0,가솔린,오토,ORIGINAL,일반,2025-03-20 09:43:52.000 +09,대전,(주)영진모터스대표,319부6736,3,0,1,331.105,0.0,0,0,
39196030,현대,아반떼 하이브리드 (CN7),모던,,202101.0,2021,2099.0,36000.0,가솔린+전기,오토,ORIGINAL,일반,2025-03-20 09:43:52.000 +09,대구,주식회사 나래모터스,359마7366,0,0,1,0.0,0.0,1,0,
39232335,현대,아반떼 AD,1.6 GDI 모던,(세부등급 없음),201601.0,2016,1099.0,55184.0,가솔린,오토,ORIGINAL,일반,2025-03-20 09:43:51.000 +09,대구,주식회사 나래모터스,17어0447,4,3,2,338.2221,286.982,0,0,
37454378,현대,더 뉴 아반떼 AD,1.6,스마트,201904.0,2019,1300.0,65334.0,가솔린,오토,ORIGINAL,일반,2025-03-20 09:43:44.000 +09,전남,순천선진모터스,11조3668,7,2,2,441.4836,194.9947,0,0,
38563473,현대,아반떼 (CN7),1.6,인스퍼레이션,202004.0,2021,1990.0,59631.0,가솔린,오토,ORIGINAL,일반,2025-03-20 09:43:32.000 +09,대구,정모터스,100도1524,0,1,8,0.0,38.528,0,0,
38851968,현대,아반떼 (CN7),1.6,모던,202202.0,2022,1610.0,88297.0,가솔린,오토,ORIGINAL,일반,2025-03-20 09:43:03.000 +09,광주,보배모터스,188주3476,2,0,1,100.1159,0.0,1,0,
38633026,현대,아반떼 AD,1.6 GDI 스마트,스페셜,201607.0,2017,960.0,120469.0,가솔린,오토,ORIGINAL,일반,2025-03-20 09:42:30.000 +09,울산,에덴자동차매매상사,18서0688,2,1,1,184.7695,34.5949,0,0,
38012304,현대,아반떼 AD,1.6 e-VGT 스마트,스페셜,201510.0,2016,599.0,173641.0,디젤,오토,ORIGINAL,일반,2025-03-20 09:42:29.000 +09,울산,에덴자동차매매상사,49머1582,1,0,0,219.2518,0.0,0,0,
39205539,현대,아반떼 (CN7),1.6,인스퍼레이션,202301.0,2023,2399.0,16860.0,가솔린,오토,ORIGINAL,일반,2025-03-20 09:42:29.000 +09,울산,에덴자동차매매상사,257버3662,0,0,0,0.0,0.0,0,0,
39157040,현대,아반떼 AD,1.6 GDI 모던,(세부등급 없음),201603.0,2016,860.0,150221.0,가솔린,오토,ORIGINAL,일반,2025-03-20 09:41:49.000 +09,부산,부산모터스,58보0245,0,0,0,0.0,0.0,0,0,
37684003,현대,아반떼 AD,1.6 GDI 밸류 플러스,,201701.0,2017,880.0,143250.0,가솔린,오토,ORIGINAL,일반,2025-03-20 09:41:26.000 +09,전남,S카 모터스,135부9383,6,3,3,927.4883,414.4277,1,0,
38392129,현대,아반떼 AD,1.6 GDI 스마트,(세부등급 없음),201602.0,2016,1120.0,54305.0,가솔린,오토,ORIGINAL,일반,2025-03-20 09:41:12.000 +09,광주,(주)한국모터스,09로0994,2,2,1,178.733,77.667,0,0,
39020416,현대,아반떼 AD,1.6 터보 스포츠,(세부등급 없음),201701.0,2017,970.0,122861.0,가솔린,수동,ORIGINAL,일반,2025-03-20 09:41:05.000 +09,부산,(주)우진오토모빌,108머1450,3,2,7,287.174,300.063,1,0,
38976930,현대,아반떼 MD,M16 GDI 럭셔리,,201207.0,2012,450.0,135000.0,가솔린,오토,ORIGINAL,일반,2025-03-20 09:40:32.000 +09,부산,대원모터스,22나8902,3,1,3,656.3691,416.6247,0,0,
38944492,현대,아반떼 AD,1.6 GDI 밸류 플러스,,201703.0,2017,890.0,99304.0,가솔린,오토,ORIGINAL,일반,2025-03-20 09:39:50.000 +09,경기,오토J,63가2539,1,0,1,65.42,0.0,0,0,
39267086,현대,더 뉴 아반떼 AD,1.6,스마트 초이스,202002.0,2020,1190.0,94431.0,가솔린,오토,ORIGINAL,일반,2025-03-20 09:39:30.000 +09,경기,(주)바이더카,101소1619,2,1,0,247.979,119.227,0,0,
39267449,현대,더 뉴 아반떼 AD,1.6,스마트,201811.0,2019,1190.0,136348.0,가솔린,오토,ORIGINAL,일반,2025-03-20 09:39:30.000 +09,경기,(주)바이더카,39소6799,1,0,1,94.49,0.0,0,0,
38302182,현대,아반떼 (CN7),1.6,모던,202007.0,2021,1640.0,65992.0,가솔린,오토,ORIGINAL,일반,2025-03-20 09:39:20.000 +09,울산,명품모터스,262어4967,2,0,2,111.492,0.0,1,0,
38435333,현대,아반떼 (CN7),1.6,모던,202210.0,2023,1890.0,49950.0,가솔린,오토,ORIGINAL,일반,2025-03-20 09:39:20.000 +09,울산,명품모터스,187구6316,0,0,1,0.0,0.0,1,0,
39222940,현대,아반떼 (CN7),1.6,스마트,202008.0,2021,1310.0,77884.0,가솔린,오토,ORIGINAL,일반,2025-03-20 09:38:40.000 +09,부산,주)일성모터스,353소4099,1,3,1,58.922,486.6257,1,0,
38999499,현대,더 뉴 아반떼 AD,1.6,스마트,201910.0,2020,1280.0,64726.0,가솔린,오토,ORIGINAL,일반,2025-03-20 09:38:39.000 +09,부산,주)일성모터스,175두8682,0,0,3,0.0,0.0,1,0,
39208399,현대,더 뉴 아반떼 (CN7),1.6 LPi (렌터카),모던,202404.0,2024,1980.0,51447.0,LPG(일반인 구입),오토,ORIGINAL,일반,2025-03-20 09:37:27.000 +09,광주,(주)한영모터스,229누5988,0,0,1,0.0,0.0,1,0,
39102052,현대,아반떼 AD,1.6 GDI 스마트,(세부등급 없음),201606.0,2017,777.0,73409.0,가솔린,오토,ORIGINAL,일반,2025-03-20 09:36:25.000 +09,충남,최강모터스,64구0701,3,3,3,532.825,1169.583,0,0,
39089611,현대,더 뉴 아반떼,1.6 GDi 모던,기본형,201308.0,2014,790.0,51127.0,가솔린,오토,ORIGINAL,일반,2025-03-20 09:36:24.000 +09,광주,주)타요,41더3616,1,0,3,50.2056,0.0,0,0,
39201268,현대,아반떼 AD,1.6 GDI 스마트,(세부등급 없음),201512.0,2016,950.0,96815.0,가솔린,오토,ORIGINAL,일반,2025-03-20 09:36:13.000 +09,광주,주)타요,37부5473,0,0,3,0.0,0.0,1,0,
38809190,현대,아반떼 AD,1.6 GDI 밸류 플러스,,201712.0,2018,890.0,99049.0,가솔린,오토,ORIGINAL,일반,2025-03-20 09:36:08.000 +09,대구,세븐모터스,27수2682,0,0,1,0.0,0.0,0,0,
38955053,현대,더 뉴 아반떼 AD,1.6,스마트,201901.0,2019,1419.0,49051.0,가솔린,오토,ORIGINAL,일반,2025-03-20 09:35:50.000 +09,서울,(주)나라모터스,01루6963,3,0,1,265.2939,0.0,0,0,
39187445,현대,아반떼 MD,M16 GDI 럭셔리,,201108.0,2012,390.0,159296.0,가솔린,오토,ORIGINAL,일반,2025-03-20 09:35:50.000 +09,서울,(주)나라모터스,61모6360,5,5,1,396.296,238.24,0,0,
39133513,현대,아반떼 MD,M16 GDI 모던,,201301.0,2013,490.0,193411.0,가솔린,오토,ORIGINAL,일반,2025-03-20 09:35:44.000 +09,전남,스타모터스,51도8407,3,6,7,67.5076,715.3398,0,0,
39236988,현대,아반떼 AD,1.6 GDI 밸류 플러스,,201611.0,2017,799.0,168645.0,가솔린,오토,ORIGINAL,일반,2025-03-20 09:35:24.000 +09,경기,주식회사 노빌리티,140고8112,1,0,2,107.4393,0.0,1,0,
39223808,현대,아반떼 (CN7),1.6,모던,202006.0,2021,1649.0,55273.0,가솔린,오토,ORIGINAL,일반,2025-03-20 09:35:24.000 +09,경기,주식회사 노빌리티,365보9207,1,0,1,0.0,0.0,0,0,
39066646,현대,아반떼 AD,1.6 GDI 밸류 플러스,,201705.0,2018,1199.0,75166.0,가솔린,오토,ORIGINAL,일반,2025-03-20 09:35:24.000 +09,경기,주식회사 노빌리티,387머8887,0,0,2,0.0,0.0,1,0,
38473234,현대,더 뉴 아반떼,1.6 VGT 모던,기본형,201501.0,2015,630.0,125774.0,디젤,오토,ORIGINAL,일반,2025-03-20 09:35:22.000 +09,울산,뉴MJ모터스,33로1009,4,2,1,286.2871,132.2433,0,0,
38707928,현대,아반떼 AD,1.6 GDI 밸류 플러스,,201701.0,2017,1040.0,89000.0,가솔린,오토,ORIGINAL,일반,2025-03-20 09:35:16.000 +09,대전,(주)보배자동차,28부6481,1,1,5,35.555,100.567,0,0,
37355988,현대,아반떼 MD,M16 GDI 프리미어,,201111.0,2012,660.0,39302.0,가솔린,오토,ORIGINAL,일반,2025-03-20 09:34:37.000 +09,대전,주식회사 열린자동차,58보1812,3,4,1,161.7689,213.4684,0,0,
38429674,현대,아반떼 MD,M16 GDI 럭셔리,,201009.0,2011,390.0,140894.0,가솔린,오토,ORIGINAL,일반,2025-03-20 09:34:37.000 +09,대전,주식회사 열린자동차,54도5171,3,2,2,225.9294,286.6728,0,0,
39110593,현대,아반떼 AD,1.6 GDI 모던,스페셜,201510.0,2016,1150.0,65875.0,가솔린,오토,ORIGINAL,일반,2025-03-20 09:34:37.000 +09,대전,주식회사 열린자동차,13어6746,3,2,4,174.3235,376.1918,0,0,
37799094,현대,아반떼 HD,1.6 VVT S16,프리미어,200905.0,2009,380.0,87959.0,가솔린,오토,ORIGINAL,일반,2025-03-20 09:34:37.000 +09,대전,주식회사 열린자동차,62로2123,1,1,4,18.608,136.732,0,0,
38206233,현대,더 뉴 아반떼,1.6 GDi 스마트,기본형,201507.0,2016,730.0,61352.0,가솔린,오토,ORIGINAL,일반,2025-03-20 09:34:25.000 +09,부산,(주)두운카,11어2860,2,2,2,326.6652,165.4817,0,0,
37541338,현대,아반떼 하이브리드 (CN7),모던,,202011.0,2021,1420.0,137791.0,가솔린+전기,오토,ORIGINAL,일반,2025-03-20 09:34:25.000 +09,부산,(주)두운카,224러6213,0,0,2,0.0,0.0,1,0,
39064640,현대,더 뉴 아반떼 AD,1.6,스마트,201901.0,2019,1390.0,47723.0,가솔린,오토,ORIGINAL,일반,2025-03-20 09:33:46.000 +09,경기,제이모션,302루1752,1,0,2,112.6704,0.0,1,0,
38687225,현대,아반떼 (CN7),1.6,모던,202007.0,2021,1770.0,46893.0,가솔린,오토,ORIGINAL,일반,2025-03-20 09:33:35.000 +09,부산,카프로,236루7593,0,0,3,0.0,0.0,1,0,
37953646,현대,더 뉴 아반떼 AD,1.6,스마트,201911.0,2020,1515.0,18432.0,가솔린,오토,ORIGINAL,일반,2025-03-20 09:33:35.000 +09,부산,카프로,201거5004,0,0,1,0.0,0.0,1,0,
37681670,현대,아반떼 MD,M16 GDI 모던,,201309.0,2014,730.0,84587.0,가솔린,오토,ORIGINAL,일반,2025-03-20 09:33:35.000 +09,부산,카프로,43모6352,2,2,3,213.6841,176.9193,0,0,
37898259,현대,아반떼 (CN7),1.6 LPi,인스퍼레이션,202301.0,2023,2230.0,36744.0,LPG(일반인 구입),오토,ORIGINAL,일반,2025-03-20 09:33:35.000 +09,부산,카프로,203저9376,0,1,2,0.0,173.3358,0,0,
37344466,현대,더 뉴 아반떼 AD,1.6,스마트,201902.0,2019,1399.0,56395.0,가솔린,오토,ORIGINAL,일반,2025-03-20 09:33:32.000 +09,부산,카프로,170로2042,0,1,3,0.0,44.5877,1,0,
38656342,현대,아반떼 (CN7),1.6 터보 N Line,스포츠,202111.0,2022,2030.0,27697.0,가솔린,오토,ORIGINAL,일반,2025-03-20 09:31:47.000 +09,경기,오토웨이브,309더8866,1,0,1,0.0,0.0,0,0,
39271070,현대,더 뉴 아반떼 (CN7),1.6,모던,202404.0,2024,2199.0,21696.0,가솔린,오토,ORIGINAL,일반,2025-03-20 09:31:03.000 +09,부산,원모터스,249마8113,0,0,0,0.0,0.0,0,0,
39198748,현대,아반떼 AD,1.6 GDI 밸류 플러스,,201801.0,2018,1170.0,83079.0,가솔린,오토,ORIGINAL,일반,2025-03-20 09:31:03.000 +09,부산,원모터스,109마8906,2,0,6,145.5926,0.0,3,0,
39101903,현대,아반떼 (CN7),1.6 터보 N Line,인스퍼레이션,202302.0,2023,2550.0,26649.0,가솔린,오토,ORIGINAL,일반,2025-03-20 09:31:01.000 +09,광주,현철모터스,284서6655,1,0,0,92.5879,0.0,0,0,
39145708,현대,아반떼 MD,M16 GDI 럭셔리,,201111.0,2012,399.0,109000.0,가솔린,오토,ORIGINAL,일반,2025-03-20 09:30:43.000 +09,부산,신 명성모터스,62오5196,1,2,1,49.5478,133.467,0,0,
39145705,현대,아반떼 MD,M16 GDI 에비뉴,,201302.0,2013,499.0,110000.0,가솔린,오토,ORIGINAL,일반,2025-03-20 09:30:43.000 +09,부산,신 명성모터스,67오3727,4,2,3,146.7346,175.248,1,0,
39049754,현대,아반떼 AD,1.6 GDI 모던,(세부등급 없음),201601.0,2016,980.0,80000.0,가솔린,오토,ORIGINAL,일반,2025-03-20 09:30:43.000 +09,부산,신 명성모터스,49머0929,2,2,1,168.703,136.73,0,0,
38002841,현대,아반떼 AD,1.6 LPI 스타일(렌터카),,201707.0,2018,880.0,121057.0,LPG(일반인 구입),오토,ORIGINAL,일반,2025-03-20 09:30:33.000 +09,경남,마창모터스,253부1249,0,0,2,0.0,0.0,1,0,
38333469,현대,아반떼 MD,M16 GDI 모던,,201307.0,2014,590.0,117459.0,가솔린,오토,ORIGINAL,일반,2025-03-20 09:30:31.000 +09,대구,mv모터스,67무4805,1,5,4,141.692,374.7244,0,0,
38763907,현대,더 뉴 아반떼 AD,1.6,스타일,201810.0,2019,1190.0,77671.0,가솔린,오토,ORIGINAL,일반,2025-03-20 09:30:28.000 +09,부산,호야오토모빌,45무5156,3,2,1,472.1279,275.1328,0,0,
38931814,현대,아반떼 MD,LPI M16 디럭스,,201208.0,2012,530.0,85206.0,LPG(일반인 구입),오토,ORIGINAL,일반,2025-03-20 09:30:26.000 +09,경기,대성자동차,53소0940,2,2,3,185.989,183.425,1,0,
38878783,현대,더 뉴 아반떼 AD,1.6,스타일,201903.0,2019,1390.0,49795.0,가솔린,오토,ORIGINAL,일반,2025-03-20 09:29:34.000 +09,광주,현철모터스,262러9479,1,0,2,51.74,0.0,1,0,
39122347,현대,더 뉴 아반떼 AD,1.6 LPi,스마트(렌터카용),202003.0,2020,1270.0,89387.0,LPG(일반인 구입),오토,ORIGINAL,일반,2025-03-20 09:29:34.000 +09,광주,현철모터스,121무3070,0,2,2,0.0,15.115,1,0,
39072505,현대,아반떼 AD,1.6 GDI 밸류 플러스,,201702.0,2017,970.0,119659.0,가솔린,오토,ORIGINAL,일반,2025-03-20 09:29:33.000 +09,광주,현철모터스,62부2587,3,2,3,139.2084,113.2149,0,0,
38996519,현대,더 뉴 아반떼,1.6 VGT 프리미엄,기본형,201308.0,2014,580.0,136333.0,디젤,오토,ORIGINAL,일반,2025-03-20 09:29:31.000 +09,대전,(주)마이카,55라6503,3,0,3,128.5736,0.0,0,0,
39241176,현대,더 뉴 아반떼 AD,1.6,스마트,201902.0,2019,1250.0,95000.0,가솔린,오토,ORIGINAL,일반,2025-03-20 09:29:25.000 +09,전북,오토갤러리,232로8310,0,0,1,0.0,0.0,1,0,
39083001,현대,아반떼 MD,M16 GDI 디럭스,,201011.0,2011,399.0,189765.0,가솔린,오토,ORIGINAL,일반,2025-03-20 09:29:25.000 +09,전북,오토갤러리,18가2921,3,0,3,285.5302,0.0,0,0,
38102441,현대,아반떼 AD,1.6 GDI 밸류 플러스,,201611.0,2017,980.0,67381.0,가솔린,오토,ORIGINAL,일반,2025-03-20 09:29:09.000 +09,대구,첨맘중고차,68소0103,4,3,4,495.246,299.6887,0,0,
39107520,현대,더 뉴 아반떼 하이브리드 (CN7),인스퍼레이션,,202407.0,2024,1517.0,7000.0,가솔린+전기,오토,ORIGINAL,렌트,2025-03-20 09:29:03.000 +09,서울,,197하4774,0,0,0,0.0,0.0,0,0,
38588476,현대,아반떼 (CN7),1.6,스마트,202012.0,2021,1510.0,74831.0,가솔린,오토,ORIGINAL,일반,2025-03-20 09:28:21.000 +09,대전,(주)하늘모터스,206무1438,1,0,0,108.6979,0.0,1,0,
38740900,현대,아반떼 AD,1.6 GDI 밸류 플러스,,201712.0,2018,780.0,153201.0,가솔린,오토,ORIGINAL,일반,2025-03-20 09:27:29.000 +09,부산,고고카,388저9296,3,0,2,170.9282,0.0,1,0,
39120721,현대,더 뉴 아반떼 AD,1.6,스타일,201902.0,2019,1250.0,48106.0,가솔린,오토,ORIGINAL,일반,2025-03-20 09:27:29.000 +09,부산,고고카,56도4660,4,0,1,420.398,0.0,0,0,
38829157,현대,아반떼 AD,1.6 e-VGT 프리미엄,,201605.0,2016,790.0,117141.0,디젤,오토,ORIGINAL,일반,2025-03-20 09:26:36.000 +09,경기,월드모터스,65누0408,2,4,5,61.3318,1041.6018,0,0,
39239400,현대,더 뉴 아반떼 (CN7),1.6,모던,202306.0,2024,2220.0,6717.0,가솔린,오토,ORIGINAL,일반,2025-03-20 09:26:35.000 +09,대구,신국제모터스,168머8114,0,0,1,0.0,0.0,0,0,
39258533,현대,더 뉴 아반떼 AD,1.6,스마트,201902.0,2019,1570.0,13971.0,가솔린,오토,ORIGINAL,일반,2025-03-20 09:26:35.000 +09,대구,신국제모터스,63부2979,1,0,0,115.7737,0.0,0,0,
38971658,현대,더 뉴 아반떼,1.6 GDi 스마트,기본형,201408.0,2015,650.0,78167.0,가솔린,오토,ORIGINAL,일반,2025-03-20 09:26:04.000 +09,광주,이지모터스,66저6933,2,2,3,70.0678,148.703,0,0,
37968354,현대,더 뉴 아반떼,1.6 GDi 스마트,기본형,201404.0,2014,490.0,201300.0,가솔린,오토,ORIGINAL,일반,2025-03-20 09:25:27.000 +09,경기,당근중고차마텟,54더3723,0,3,1,0.0,345.3041,0,0,
38821185,현대,아반떼 (CN7),1.6,모던,202212.0,2023,1950.0,11716.0,가솔린,오토,ORIGINAL,일반,2025-03-20 09:24:47.000 +09,경기,엘림자동차,283모5598,1,3,1,45.669,74.093,0,0,
38152137,현대,아반떼 AD,1.6 GDI 밸류 플러스,,201612.0,2017,770.0,166924.0,가솔린,오토,ORIGINAL,일반,2025-03-20 09:24:47.000 +09,경기,엘림자동차,20무0314,3,2,2,112.3418,613.0,0,0,
39037482,현대,아반떼 (CN7),1.6,인스퍼레이션,202201.0,2022,2070.0,22258.0,가솔린,오토,ORIGINAL,일반,2025-03-20 09:23:38.000 +09,대구,우리모터스,213수4186,2,1,1,244.8595,264.2663,0,0,
39013007,현대,더 뉴 아반떼,1.6 GDi 스마트,기본형,201409.0,2015,570.0,104000.0,가솔린,오토,ORIGINAL,일반,2025-03-20 09:23:23.000 +09,대전,(주)케이티모터스,24고8622,3,0,4,355.5453,0.0,0,0,
38615852,현대,아반떼 MD,M16 GDI 럭셔리,,201204.0,2012,399.0,154140.0,가솔린,오토,ORIGINAL,일반,2025-03-20 09:23:16.000 +09,광주,JK자동차,16주3294,1,0,3,150.2636,0.0,1,0,
39168633,현대,아반떼 AD,1.6 GDI 밸류 플러스,,201708.0,2018,1050.0,79651.0,가솔린,오토,ORIGINAL,일반,2025-03-20 09:23:16.000 +09,광주,JK자동차,59나1761,4,1,0,517.4765,112.6664,0,0,
38173706,현대,더 뉴 아반떼,1.6 GDi 스마트,기본형,201407.0,2015,740.0,36878.0,가솔린,오토,ORIGINAL,일반,2025-03-20 09:22:15.000 +09,울산,정성 자동차,61주3552,1,0,1,42.866,0.0,0,0,
39174199,현대,더 뉴 아반떼 AD,1.6,스타일,201908.0,2020,850.0,66502.0,가솔린,수동,ORIGINAL,일반,2025-03-20 09:21:16.000 +09,대구,진성모터스,207너1387,1,0,0,76.3888,0.0,1,0,
38598470,현대,아반떼 MD,M16 GDI 모던,,201301.0,2013,690.0,65577.0,가솔린,오토,ORIGINAL,일반,2025-03-20 09:20:55.000 +09,전북,미래모터스,20나8073,1,1,1,76.48,56.956,0,0,
38436817,현대,아반떼 MD,M16 GDI 에비뉴,,201303.0,2013,530.0,119609.0,가솔린,오토,ORIGINAL,일반,2025-03-20 09:20:24.000 +09,전북,혁신모터스,60소5435,3,3,9,174.0217,1439.6201,0,0,
39202765,현대,아반떼 MD,M16 GDI 탑,,201109.0,2012,450.0,92093.0,가솔린,오토,ORIGINAL,일반,2025-03-20 09:20:10.000 +09,부산,정진엠티에스,34모6148,5,7,1,339.0808,443.5262,0,0,
38000710,현대,아반떼 AD,1.6 GDI 스마트,스페셜,201609.0,2017,750.0,157230.0,가솔린,오토,ORIGINAL,일반,2025-03-20 09:20:10.000 +09,부산,정진엠티에스,34저0392,2,1,1,102.0708,78.06,0,0,
38619619,현대,아반떼 MD,M16 GDI 디럭스,,201103.0,2011,420.0,80840.0,가솔린,오토,ORIGINAL,일반,2025-03-20 09:20:10.000 +09,부산,정진엠티에스,31서7212,4,3,9,146.7999,202.17,0,0,
39044589,현대,아반떼 MD,M16 GDI 럭셔리,,201201.0,2012,350.0,161779.0,가솔린,오토,ORIGINAL,일반,2025-03-20 09:19:01.000 +09,대전,우신모터스,23주7018,3,3,5,1138.8058,500.6109,1,0,
39134313,현대,아반떼 (CN7),1.6 LPi (렌터카),스타일,202201.0,2022,1420.0,54604.0,LPG(일반인 구입),오토,ORIGINAL,일반,2025-03-20 09:18:10.000 +09,서울,(주)태양모터스,161오9534,1,0,1,56.9419,0.0,1,0,
38653322,현대,더 뉴 아반떼 AD,1.6,스타일,201909.0,2020,1349.0,76112.0,가솔린,오토,ORIGINAL,일반,2025-03-20 09:16:41.000 +09,전남,바른모터스,167나7922,2,1,2,263.1954,67.0259,1,0,
37356814,현대,아반떼 MD,M16 GDI 프리미어,,201110.0,2012,520.0,159593.0,가솔린,오토,ORIGINAL,일반,2025-03-20 09:16:26.000 +09,경기,타이거오토몰 제이모,35어7611,2,0,4,130.9933,0.0,0,0,
39235778,현대,아반떼 (CN7),1.6,모던,202011.0,2021,1129.0,138017.0,가솔린,오토,ORIGINAL,일반,2025-03-20 09:16:16.000 +09,인천,카맨모터스,378루7436,3,5,1,575.1939,880.1077,0,0,
38951741,현대,아반떼 MD,M16 GDI 프리미어,,201202.0,2012,555.0,75243.0,가솔린,오토,ORIGINAL,일반,2025-03-20 09:15:11.000 +09,대구,우진종합자동차상사,46수6533,3,3,1,317.683,865.585,0,0,
39268229,현대,아반떼 (CN7),1.6,모던,202010.0,2021,1750.0,84199.0,가솔린,오토,ORIGINAL,일반,2025-03-20 09:14:58.000 +09,경기,윈모터스,322조1805,2,1,3,576.638,109.183,0,0,
39187319,현대,아반떼 AD,1.6 GDI 밸류 플러스,,201704.0,2018,880.0,86804.0,가솔린,오토,ORIGINAL,일반,2025-03-20 09:13:43.000 +09,대구,대한모터스,62가1241,4,4,3,976.4753,2905.4565,0,0,
39237205,현대,더 뉴 아반떼 AD,1.6,스마트 초이스,201908.0,2020,1380.0,73012.0,가솔린,오토,ORIGINAL,일반,2025-03-20 09:13:31.000 +09,전북,스마일모터스,14무2652,0,0,1,0.0,0.0,0,0,
38732830,현대,아반떼 AD,1.6 GDI 밸류 플러스,,201801.0,2018,890.0,140648.0,가솔린,오토,ORIGINAL,일반,2025-03-20 09:13:24.000 +09,부산,마이카,149거6591,4,2,1,239.7034,121.568,1,0,
38760240,현대,아반떼 AD,1.6 GDI 밸류 플러스,,201801.0,2018,940.0,139065.0,가솔린,오토,ORIGINAL,일반,2025-03-20 09:13:23.000 +09,부산,마이카,149거6511,5,0,1,355.9549,0.0,1,0,
38371874,현대,아반떼 AD,1.6 GDI 모던,스페셜,201708.0,2018,9999.0,26266.0,가솔린,오토,ORIGINAL,일반,2025-03-20 09:12:09.000 +09,충남,금강자동차,09누2558,1,1,3,71.8419,217.3252,0,0,
38767260,현대,아반떼 (CN7),1.6 터보 N Line,인스퍼레이션,202011.0,2021,1970.0,68747.0,가솔린,오토,ORIGINAL,일반,2025-03-20 09:11:04.000 +09,대구,UPGU CAR,309오3771,4,0,1,287.3838,0.0,1,0,
38379504,현대,아반떼 AD,1.6 GDI 스타일,,201511.0,2016,590.0,142416.0,가솔린,오토,ORIGINAL,일반,2025-03-20 09:10:36.000 +09,경남,윤모터스,270구1360,3,1,4,139.3854,34.777,1,0,
38601690,현대,아반떼 MD,M16 GDI 럭셔리,,201109.0,2012,550.0,125102.0,가솔린,오토,ORIGINAL,일반,2025-03-20 09:10:06.000 +09,제주,대신오토링크,19머4509,0,1,3,0.0,80.577,0,0,
38362680,현대,아반떼 MD,M16 GDI 프리미어,,201010.0,2011,450.0,157709.0,가솔린,오토,ORIGINAL,일반,2025-03-20 09:10:05.000 +09,제주,대신오토링크,24구5415,2,2,4,62.985,62.7076,0,0,
39241492,현대,아반떼 AD,1.6 e-VGT 스마트,(세부등급 없음),201510.0,2016,850.0,112163.0,디젤,오토,ORIGINAL,일반,2025-03-20 09:10:05.000 +09,제주,대신오토링크,222주6658,3,2,2,289.9719,309.7979,1,0,
38389648,현대,아반떼 하이브리드 (CN7),인스퍼레이션,,202201.0,2022,2490.0,31997.0,가솔린+전기,오토,ORIGINAL,일반,2025-03-20 09:10:04.000 +09,제주,대신오토링크,149나3776,0,0,1,0.0,0.0,1,0,
38362899,현대,아반떼 AD,1.6 GDI 스마트,(세부등급 없음),201606.0,2017,850.0,108252.0,가솔린,오토,ORIGINAL,일반,2025-03-20 09:10:04.000 +09,제주,대신오토링크,10우0184,4,2,1,316.1374,91.8976,0,0,
38921807,현대,아반떼 AD,1.6 e-VGT 스마트,(세부등급 없음),201710.0,2018,850.0,124447.0,디젤,오토,ORIGINAL,일반,2025-03-20 09:09:56.000 +09,경기,우진상사,02오6274,3,2,1,203.3039,346.05,0,0,
38656242,현대,아반떼 MD,M16 GDI 스타일,,201209.0,2013,369.0,119465.0,가솔린,수동,ORIGINAL,일반,2025-03-20 09:09:56.000 +09,경기,(주)왕카,14가8656,5,1,1,347.34,33.6568,0,0,
38971027,현대,더 뉴 아반떼 AD,1.6,스마트 초이스,201912.0,2020,1260.0,84788.0,가솔린,오토,ORIGINAL,일반,2025-03-20 09:09:25.000 +09,경기,대한모터스,145허3714,1,0,0,83.5616,0.0,0,0,
38840124,현대,더 뉴 아반떼,1.6 GDi 스타일,,201507.0,2016,565.0,55575.0,가솔린,수동,ORIGINAL,일반,2025-03-20 09:08:43.000 +09,경남,도전모터스,57오4830,1,3,1,133.547,99.384,0,0,
39110092,현대,아반떼 MD,M16 GDI 럭셔리,,201205.0,2012,590.0,118890.0,가솔린,오토,ORIGINAL,일반,2025-03-20 09:08:25.000 +09,전북,현대모터스,15가3409,2,2,2,323.7177,465.3393,0,0,
39110147,현대,아반떼 MD,M16 GDI 프리미어,,201208.0,2012,590.0,79873.0,가솔린,오토,ORIGINAL,일반,2025-03-20 09:08:25.000 +09,전북,현대모터스,15다6788,1,1,3,57.417,90.395,0,0,
39228361,현대,더 뉴 아반떼,1.6 GDi 모던,기본형,201401.0,2014,800.0,97900.0,가솔린,오토,ORIGINAL,일반,2025-03-20 09:08:06.000 +09,제주,신세계모터스,12소4809,3,0,1,235.2869,0.0,0,0,
39265559,현대,아반떼 AD,1.6 터보 스포츠,익스트림 셀렉션,201706.0,2018,1230.0,96192.0,가솔린,오토,ORIGINAL,일반,2025-03-20 09:08:06.000 +09,제주,신세계모터스,143두6343,4,2,5,343.8325,77.18,1,0,
39208570,현대,더 뉴 아반떼 (CN7),1.6,모던,202407.0,2025,2300.0,11346.0,가솔린,오토,ORIGINAL,일반,2025-03-20 09:07:59.000 +09,대전,(주)에이스모터스,204수8983,0,0,0,0.0,0.0,0,0,
39093989,현대,아반떼 MD,M16 GDI 스마트,,201305.0,2014,530.0,91000.0,가솔린,오토,ORIGINAL,일반,2025-03-20 09:07:01.000 +09,경북,조은자동차상사,65부9159,5,3,2,421.8414,189.4729,0,0,
39179337,현대,아반떼 (CN7),1.6,인스퍼레이션,202107.0,2021,2080.0,38000.0,가솔린,오토,ORIGINAL,일반,2025-03-20 09:07:01.000 +09,경북,조은자동차상사,191보4672,2,0,2,243.7703,0.0,0,0,
38469015,현대,더 뉴 아반떼,1.6 VGT 스타일,,201504.0,2015,590.0,133600.0,디젤,오토,ORIGINAL,일반,2025-03-20 09:06:08.000 +09,경기,(주)오남중고차,47부4038,1,1,5,53.726,115.57,0,0,
39189624,현대,아반떼 AD,1.6 GDI 밸류 플러스,,201806.0,2018,970.0,115198.0,가솔린,오토,ORIGINAL,일반,2025-03-20 09:06:01.000 +09,경기,차여사,06머3880,2,5,1,214.5657,386.416,0,0,
39082554,현대,더 뉴 아반떼,1.6 GDi 스마트,기본형,201509.0,2016,670.0,76666.0,가솔린,오토,ORIGINAL,일반,2025-03-20 09:05:12.000 +09,경북,GM모터스,05가3049,2,2,3,356.8878,320.4033,1,0,
39213558,현대,더 뉴 아반떼,1.6 GDi 스마트,기본형,201410.0,2015,720.0,55509.0,가솔린,오토,ORIGINAL,일반,2025-03-20 09:05:12.000 +09,경북,GM모터스,36수5759,1,2,1,45.9408,94.3329,0,0,
39161671,현대,더 뉴 아반떼 (CN7),1.6,모던,202401.0,2024,2130.0,24177.0,가솔린,오토,ORIGINAL,일반,2025-03-20 09:04:46.000 +09,경남,신화모터스,227모7245,0,1,1,0.0,71.9132,0,0,
38851871,현대,더 뉴 아반떼 AD,1.6 LPi,스마트(렌터카용),201901.0,2019,1220.0,51106.0,LPG(일반인 구입),오토,ORIGINAL,일반,2025-03-20 09:02:46.000 +09,경기,유니앤모터스,396두7892,1,1,2,32.951,44.6553,1,0,
38700707,현대,아반떼 MD,M16 GDI 에비뉴,,201306.0,2014,530.0,140600.0,가솔린,오토,ORIGINAL,일반,2025-03-20 09:02:37.000 +09,경북,강동상사,59로1203,3,3,1,439.8283,763.864,0,0,
38062545,현대,더 뉴 아반떼 하이브리드 (CN7),인스퍼레이션,,202305.0,2024,2930.0,30326.0,가솔린+전기,오토,ORIGINAL,일반,2025-03-20 09:02:01.000 +09,경기,믿음모터스,310무2194,0,0,2,0.0,0.0,1,0,
38960638,현대,아반떼 MD,M16 GDI 에비뉴,,201301.0,2013,599.0,57590.0,가솔린,오토,ORIGINAL,일반,2025-03-20 09:01:44.000 +09,대구,YT모터스,68서5538,3,0,1,546.8051,0.0,0,0,
38608373,현대,더 뉴 아반떼 AD,1.6,스타일,201903.0,2019,1020.0,50200.0,가솔린,오토,ORIGINAL,일반,2025-03-20 09:01:21.000 +09,경남,태양모터스,19주2670,3,3,3,194.581,400.21,0,0,
37856908,현대,아반떼 (CN7),1.6,인스퍼레이션,202103.0,2021,1990.0,41848.0,가솔린,오토,ORIGINAL,일반,2025-03-20 09:00:56.000 +09,충남,이카,299루8286,2,0,1,273.0753,0.0,0,0,
39061067,현대,아반떼 AD,1.6 GDI 스마트,(세부등급 없음),201603.0,2016,890.0,99190.0,가솔린,오토,ORIGINAL,일반,2025-03-20 08:59:54.000 +09,경기,오토허브셀카,19모0924,1,3,2,33.082,177.719,0,0,
36934201,현대,더 뉴 아반떼 AD,1.6,스마트,201912.0,2020,1250.0,53000.0,가솔린,오토,ORIGINAL,일반,2025-03-20 08:59:30.000 +09,전북,동부상사,329서5818,1,0,2,70.9376,0.0,1,0,
37977488,현대,아반떼 (CN7),1.6,모던,202107.0,2021,1490.0,81647.0,가솔린,오토,ORIGINAL,일반,2025-03-20 08:59:30.000 +09,전북,동부상사,119수9752,2,0,1,138.0199,0.0,1,0,
36856090,현대,아반떼 AD,1.6 GDI 모던,(세부등급 없음),201602.0,2016,1050.0,78000.0,가솔린,오토,ORIGINAL,일반,2025-03-20 08:59:30.000 +09,전북,동부상사,35노0461,3,0,6,682.307,0.0,0,0,
39226707,현대,더 뉴 아반떼 AD,1.6,스마트,202003.0,2020,1300.0,56657.0,가솔린,오토,ORIGINAL,일반,2025-03-20 08:58:07.000 +09,대전,(주)로이오토,326루4171,2,2,2,256.8009,503.9559,0,0,
38824593,현대,더 뉴 아반떼,1.6 GDi 스마트,튜익스 에디션I,201402.0,2014,550.0,141000.0,가솔린,오토,ORIGINAL,일반,2025-03-20 08:57:35.000 +09,경기,(주)카플러스양지자동차,46오1928,4,2,2,184.7311,93.2244,0,0,
38868020,현대,더 뉴 아반떼 AD,1.6,스마트,201904.0,2019,1420.0,63150.0,가솔린,오토,ORIGINAL,일반,2025-03-20 08:56:56.000 +09,대전,청명자동차,242모7158,1,1,1,32.6366,59.381,1,0,
39231786,현대,아반떼 하이브리드 (CN7),인스퍼레이션,,202109.0,2021,2170.0,83075.0,가솔린+전기,오토,ORIGINAL,일반,2025-03-20 08:51:13.000 +09,경기,신성모터스,153루1753,3,0,0,143.187,0.0,0,0,
38171592,현대,아반떼 AD,1.6 LPI 스마트(렌터카),,201704.0,2018,700.0,126606.0,LPG(일반인 구입),오토,ORIGINAL,일반,2025-03-20 08:50:36.000 +09,경남,퍼펙트카,140루6069,3,2,2,158.5319,38.6598,1,0,
39119462,현대,더 뉴 아반떼,1.6 GDi 모던,기본형,201410.0,2015,750.0,118596.0,가솔린,오토,ORIGINAL,일반,2025-03-20 08:48:30.000 +09,전남,제이케이 모터스,28우3408,1,2,1,43.386,110.173,0,0,
39155334,현대,아반떼 (CN7),1.6,모던,202206.0,2023,1799.0,42070.0,가솔린,오토,ORIGINAL,일반,2025-03-20 08:47:59.000 +09,대구,대공원모터스,197조3551,0,0,0,0.0,0.0,0,0,
38250509,현대,아반떼 하이브리드,HDeI,이지팩,201009.0,2011,340.0,121494.0,LPG+전기,오토,ORIGINAL,일반,2025-03-20 08:46:29.000 +09,충북,베라카중고차,22너7131,5,2,1,422.953,233.4746,0,0,
38829611,현대,아반떼 MD,M16 GDI 모던,,201210.0,2013,550.0,98277.0,가솔린,오토,ORIGINAL,일반,2025-03-20 08:45:38.000 +09,대구,등대 모터스,52노3058,2,3,7,175.635,212.8588,1,0,
39117453,현대,더 뉴 아반떼,1.6 GDi 스마트,기본형,201401.0,2014,799.0,50061.0,가솔린,오토,ORIGINAL,일반,2025-03-20 08:44:27.000 +09,경기,카스토어,13고1847,0,0,0,0.0,0.0,0,0,
39163532,현대,아반떼 MD,M16 GDI 프리미어,,201009.0,2011,499.0,85080.0,가솔린,오토,ORIGINAL,일반,2025-03-20 08:43:46.000 +09,충남,리원,60거8892,0,2,3,0.0,70.7558,0,0,
38760656,현대,아반떼 AD,1.6 GDI 스마트,스페셜,201605.0,2016,1150.0,89281.0,가솔린,오토,ORIGINAL,일반,2025-03-20 08:43:28.000 +09,울산,엠피크,58주0728,3,2,3,351.978,133.879,0,0,
38742109,현대,아반떼 AD,1.6 GDI 모던,(세부등급 없음),201701.0,2017,870.0,129169.0,가솔린,오토,ORIGINAL,일반,2025-03-20 08:43:28.000 +09,울산,엠피크,230나7772,2,1,2,453.8068,81.135,1,0,
38464772,현대,아반떼 AD,1.6 GDI 밸류 플러스,,201705.0,2018,999.0,98793.0,가솔린,오토,ORIGINAL,일반,2025-03-20 08:37:27.000 +09,부산,스타모터스,38서9254,3,2,4,333.911,141.0741,0,0,
39218721,현대,아반떼 HD,1.6 VVT E16,디럭스,200702.0,2007,280.0,82180.0,가솔린,오토,ORIGINAL,일반,2025-03-20 08:31:40.000 +09,전북,차사랑모터스,10어9171,4,3,2,282.2019,338.4602,0,0,
39218077,현대,아반떼 (CN7),2.0 N,,202201.0,2022,2980.0,29945.0,가솔린,오토,ORIGINAL,일반,2025-03-20 08:31:24.000 +09,경기,(주) 이지오토,164너1351,0,0,2,0.0,0.0,0,0,
39013663,현대,아반떼 AD,1.6 GDI 프리미엄,,201603.0,2016,1399.0,52153.0,가솔린,오토,ORIGINAL,일반,2025-03-20 08:30:48.000 +09,대구,다온모터스,12고8005,0,1,2,0.0,38.4352,1,0,
38983624,현대,더 뉴 아반떼 AD,1.6,스마트,201905.0,2019,1400.0,58514.0,가솔린,오토,ORIGINAL,일반,2025-03-20 08:30:33.000 +09,대전,정안자동차,296로8351,1,0,1,40.608,0.0,1,0,
39034314,현대,더 뉴 아반떼 AD,1.6,스마트,201903.0,2019,1250.0,89639.0,가솔린,오토,ORIGINAL,일반,2025-03-20 08:30:33.000 +09,대전,정안자동차,225구7948,0,0,1,0.0,0.0,1,0,
39127098,현대,아반떼 (CN7),1.6,모던,202107.0,2021,1480.0,100568.0,가솔린,오토,ORIGINAL,일반,2025-03-20 08:30:32.000 +09,대전,정안자동차,248고6384,1,3,1,0.0,126.2832,1,0,
39124371,현대,더 뉴 아반떼 AD,1.6,스마트,201910.0,2020,1500.0,55239.0,가솔린,오토,ORIGINAL,일반,2025-03-20 08:30:32.000 +09,대전,정안자동차,108수8016,0,0,1,0.0,0.0,1,0,
39126717,현대,더 뉴 아반떼 AD,1.6,스마트,202002.0,2020,1450.0,67943.0,가솔린,오토,ORIGINAL,일반,2025-03-20 08:30:32.000 +09,대전,정안자동차,267우5347,1,0,1,41.5481,0.0,1,0,
39072592,현대,아반떼 (CN7),1.6,모던,202102.0,2021,1470.0,110659.0,가솔린,오토,ORIGINAL,일반,2025-03-20 08:30:32.000 +09,대전,정안자동차,398수9657,1,0,0,38.6994,0.0,1,0,
38683994,현대,아반떼 (CN7),1.6,인스퍼레이션,202211.0,2023,2180.0,20075.0,가솔린,오토,ORIGINAL,일반,2025-03-20 08:28:51.000 +09,경남,대상상사,208오9632,1,0,0,116.4201,0.0,0,0,
38882819,현대,아반떼 AD,1.6 GDI 밸류 플러스,,201710.0,2018,1170.0,78801.0,가솔린,오토,ORIGINAL,일반,2025-03-20 08:28:27.000 +09,대구,다모아모터스,62저1019,3,1,1,116.94,27.6711,0,0,
39161243,현대,더 뉴 아반떼 AD,1.6,스마트,202003.0,2020,1450.0,29103.0,가솔린,오토,ORIGINAL,일반,2025-03-20 08:28:14.000 +09,인천,동산상사,295조8337,0,0,0,0.0,0.0,0,0,
39208791,현대,더 뉴 아반떼 AD,1.6,스마트,201810.0,2019,1500.0,28676.0,가솔린,오토,ORIGINAL,일반,2025-03-20 08:27:45.000 +09,인천,동산상사,59가2854,0,1,0,0.0,189.8205,0,0,
39256477,현대,더 뉴 아반떼,1.6 GDi 모던,기본형,201405.0,2014,690.0,99456.0,가솔린,오토,ORIGINAL,일반,2025-03-20 08:27:36.000 +09,대전,(주) 다올 모터스,36조8169,5,2,4,368.4188,135.6448,0,0,
39264135,현대,아반떼 MD,M16 GDI 에비뉴,,201307.0,2014,630.0,135958.0,가솔린,오토,ORIGINAL,일반,2025-03-20 08:25:39.000 +09,부산,ok자동차,17무7422,3,3,5,381.5203,384.964,0,0,
38838490,현대,더 뉴 아반떼,1.6 VGT 모던,기본형,201412.0,2015,520.0,134718.0,디젤,오토,ORIGINAL,일반,2025-03-20 08:23:55.000 +09,부산,천조상사,10다4643,5,1,4,334.5953,576.368,1,0,
38838684,현대,아반떼 MD,M16 GDI 럭셔리,,201111.0,2012,500.0,78781.0,가솔린,오토,ORIGINAL,일반,2025-03-20 08:23:55.000 +09,부산,천조상사,22어5372,4,1,5,398.7183,85.7242,0,0,
39065809,현대,아반떼 AD,1.6 GDI 스마트,(세부등급 없음),201602.0,2016,780.0,123404.0,가솔린,오토,ORIGINAL,일반,2025-03-20 08:23:55.000 +09,부산,천조상사,23노0230,3,2,4,281.735,83.6876,0,0,
37641029,현대,아반떼 MD,M16 GDI 럭셔리,,201011.0,2011,530.0,118773.0,가솔린,오토,ORIGINAL,일반,2025-03-20 08:23:55.000 +09,부산,천조상사,47머7775,4,4,2,1006.2141,380.9274,0,0,
37626850,현대,아반떼 MD,M16 GDI 프리미어,,201105.0,2011,460.0,124068.0,가솔린,오토,ORIGINAL,일반,2025-03-20 08:23:55.000 +09,부산,천조상사,47두6411,4,5,4,521.8299,413.9475,0,0,
39265717,현대,아반떼 AD,1.6 GDI 밸류 플러스,,201802.0,2018,1330.0,30810.0,가솔린,오토,ORIGINAL,일반,2025-03-20 08:22:11.000 +09,전북,뉴합동모터스,155머7449,1,0,4,135.5873,0.0,1,0,
39251724,현대,아반떼 MD,M16 GDI 럭셔리,,201105.0,2012,390.0,130000.0,가솔린,오토,ORIGINAL,일반,2025-03-20 08:21:04.000 +09,전북,내장산자동차매매상사,18부7672,6,4,1,390.7265,314.403,0,0,
38990666,현대,아반떼 HD,1.6 VVT S16,럭셔리,200909.0,2010,360.0,82261.0,가솔린,수동,ORIGINAL,일반,2025-03-20 08:20:44.000 +09,경기,(주)제이케이오토모빌,37노1787,2,2,1,103.7297,71.5263,0,0,
38585300,현대,더 뉴 아반떼,1.6 GDi 스타일,,201310.0,2014,490.0,112490.0,가솔린,수동,ORIGINAL,일반,2025-03-20 08:20:43.000 +09,경기,(주)제이케이오토모빌,22라1893,2,1,7,159.7857,62.661,0,0,
39050493,현대,아반떼 MD,M16 GDI 럭셔리,,201202.0,2012,399.0,101142.0,가솔린,오토,ORIGINAL,일반,2025-03-20 08:20:18.000 +09,울산,동진상사,30다4526,2,0,3,106.2028,0.0,0,0,
38776351,현대,더 뉴 아반떼,1.6 VGT 모던,기본형,201406.0,2015,590.0,159719.0,디젤,오토,ORIGINAL,일반,2025-03-20 08:17:33.000 +09,대구,거창한 모터스,40모5644,1,1,1,79.672,114.8323,0,0,
39242133,현대,아반떼 AD,1.6 GDI 밸류 플러스,,201803.0,2018,1070.0,93940.0,가솔린,오토,ORIGINAL,일반,2025-03-20 08:15:47.000 +09,충남,두리 자동차,01노4263,1,2,1,57.575,81.0386,0,0,
38935587,현대,아반떼 하이브리드 (CN7),인스퍼레이션,,202010.0,2021,1790.0,120112.0,가솔린+전기,오토,ORIGINAL,일반,2025-03-20 08:14:17.000 +09,전북,한마음모터스,145수6550,1,1,1,236.255,86.868,0,0,
38165211,현대,아반떼 (CN7),1.6 LPi (렌터카),스마트,202005.0,2021,1220.0,105441.0,LPG(일반인 구입),오토,ORIGINAL,일반,2025-03-20 08:14:14.000 +09,경남,오카,196모1608,0,0,2,0.0,0.0,1,0,
38914641,현대,더 뉴 아반떼,1.6 GDi 모던,기본형,201311.0,2014,680.0,100000.0,가솔린,오토,ORIGINAL,일반,2025-03-20 08:13:07.000 +09,대구,그린모터스,65로7531,0,0,1,0.0,0.0,0,0,
37264041,현대,아반떼 AD,1.6 GDI 밸류 플러스,,201804.0,2018,830.0,71000.0,가솔린,오토,ORIGINAL,일반,2025-03-20 08:13:07.000 +09,대구,그린모터스,334로9838,1,1,3,865.378,38.0972,1,0,
39258551,현대,더 뉴 아반떼,1.6 GDi 스마트,기본형,201505.0,2016,640.0,121537.0,가솔린,오토,ORIGINAL,일반,2025-03-20 08:13:01.000 +09,경기,제이디모터스,54부4507,3,2,2,148.9658,153.6852,0,0,
39027130,현대,아반떼 MD,M16 GDI 프리미어,,201108.0,2012,370.0,151000.0,가솔린,오토,ORIGINAL,일반,2025-03-20 08:08:58.000 +09,경기,초심모터스,114두4820,7,3,2,335.9098,142.841,1,0,
39177978,현대,아반떼 하이브리드 (CN7),모던,,202111.0,2022,1670.0,102235.0,가솔린+전기,오토,ORIGINAL,일반,2025-03-20 08:07:31.000 +09,경기,(주)경기모터스,259노5109,1,0,1,32.5127,0.0,1,0,
39084095,현대,아반떼 AD,1.6 GDI 밸류 플러스,,201701.0,2017,930.0,117926.0,가솔린,오토,ORIGINAL,일반,2025-03-20 08:07:10.000 +09,경기,유일모터스,36라9195,1,0,2,37.2187,0.0,0,0,
39136582,현대,아반떼 (CN7),1.6,스마트,202012.0,2021,1420.0,64500.0,가솔린,오토,ORIGINAL,일반,2025-03-20 08:07:10.000 +09,경기,유일모터스,246소6697,0,1,1,0.0,44.23,1,0,
39169956,현대,아반떼 (CN7),1.6,모던,202005.0,2021,1620.0,30892.0,가솔린,오토,ORIGINAL,일반,2025-03-20 08:07:10.000 +09,경기,유일모터스,157서4255,1,2,1,218.4627,218.6106,0,0,
38673826,현대,아반떼 AD,1.6 e-VGT 프리미엄,,201603.0,2016,1080.0,59272.0,디젤,오토,ORIGINAL,일반,2025-03-20 08:03:35.000 +09,전북,하나모터스,24도0797,1,1,2,107.128,21.693,0,0,
39255667,현대,더 뉴 아반떼 AD,1.6,스마트,201811.0,2019,1340.0,65047.0,가솔린,오토,ORIGINAL,일반,2025-03-20 08:00:49.000 +09,부산,고고카,380서2573,1,1,2,70.053,44.69,1,0,
39130595,현대,더 뉴 아반떼,1.6 GDi 스타일,,201312.0,2014,630.0,98739.0,가솔린,오토,ORIGINAL,일반,2025-03-20 07:59:33.000 +09,광주,고진모터스,60거9316,1,1,1,37.784,93.2868,0,0,
39232041,현대,아반떼 (CN7),1.6 LPi (렌터카),스마트,202201.0,2022,1720.0,45838.0,LPG(일반인 구입),오토,ORIGINAL,일반,2025-03-20 07:59:32.000 +09,광주,고진모터스,06하9680,1,0,0,291.5079,0.0,0,0,
39240941,현대,더 뉴 아반떼 AD,1.6 LPi,스마트(렌터카용),201909.0,2020,1299.0,53507.0,LPG(일반인 구입),오토,ORIGINAL,일반,2025-03-20 07:59:05.000 +09,광주,(주)하늘모터스,242러1374,0,1,3,0.0,54.9504,1,0,
39036416,현대,더 뉴 아반떼,1.6 VGT 스마트,기본형,201409.0,2015,530.0,129362.0,디젤,오토,ORIGINAL,일반,2025-03-20 07:59:05.000 +09,광주,(주)하늘모터스,55라7825,0,0,3,0.0,0.0,0,0,
39073407,현대,더 뉴 아반떼,1.6 GDi 모던,기본형,201401.0,2014,530.0,125338.0,가솔린,오토,ORIGINAL,일반,2025-03-20 07:59:04.000 +09,광주,(주)하늘모터스,23수9710,2,2,3,172.9644,193.2825,0,0,
38955606,현대,아반떼 AD,1.6 터보 스포츠,(세부등급 없음),201702.0,2017,1350.0,59872.0,가솔린,오토,ORIGINAL,일반,2025-03-20 07:58:59.000 +09,경기,메카모터스(주),02서9352,2,2,1,333.9599,86.537,0,0,
38086420,현대,아반떼 (CN7),1.6,모던,202103.0,2021,1490.0,70967.0,가솔린,오토,ORIGINAL,일반,2025-03-20 07:58:25.000 +09,충북,라온모터스,277머9657,0,0,3,0.0,0.0,1,0,
39100109,현대,더 뉴 아반떼 AD,1.6,스타일,201902.0,2019,1320.0,81408.0,가솔린,오토,ORIGINAL,일반,2025-03-20 07:57:47.000 +09,충북,청주오토월드,60로3940,1,1,1,80.503,79.342,0,0,
39074335,현대,아반떼 AD,1.6 GDI 밸류 플러스,,201805.0,2018,1190.0,62574.0,가솔린,오토,ORIGINAL,일반,2025-03-20 07:53:55.000 +09,경기,국민모터스,52머6850,1,1,1,51.73,90.1737,0,0,
38656131,현대,아반떼 하이브리드 (CN7),모던,,202302.0,2023,2490.0,16953.0,가솔린+전기,오토,ORIGINAL,일반,2025-03-20 07:52:44.000 +09,서울,대진자동차,133조6177,2,1,0,51.055,0.0,0,0,
39264543,현대,더 뉴 아반떼,1.6 GDi 모던,기본형,201404.0,2014,635.0,139000.0,가솔린,오토,ORIGINAL,일반,2025-03-20 07:52:44.000 +09,서울,대진자동차,48버3776,5,5,1,589.0448,386.772,0,0,
38749292,현대,아반떼 MD,M16 GDI 럭셔리,,201101.0,2011,377.0,117000.0,가솔린,오토,ORIGINAL,일반,2025-03-20 07:52:44.000 +09,서울,대진자동차,36저3705,6,1,1,218.0284,64.903,0,0,
39098590,현대,아반떼 (CN7),1.6,모던,202109.0,2021,1829.0,33744.0,가솔린,오토,ORIGINAL,일반,2025-03-20 07:51:26.000 +09,부산,박준표중고차,180수1702,0,0,1,0.0,0.0,0,0,
39199913,현대,아반떼 HD,1.6 VVT E16,디럭스,200902.0,2009,379.0,124403.0,가솔린,오토,ORIGINAL,일반,2025-03-20 07:51:26.000 +09,부산,박준표중고차,35두6018,0,3,2,0.0,34.999,0,0,
38452659,현대,더 뉴 아반떼 AD,1.6,스타일,201812.0,2019,1190.0,98143.0,가솔린,오토,ORIGINAL,일반,2025-03-20 07:50:26.000 +09,울산,신한모터스,201거7364,0,0,2,0.0,0.0,1,0,
38827458,현대,더 뉴 아반떼 AD,1.6,스마트,201811.0,2019,1390.0,45087.0,가솔린,오토,ORIGINAL,일반,2025-03-20 07:50:26.000 +09,울산,신한모터스,28구2424,0,2,3,0.0,108.705,0,0,
38200770,현대,아반떼 MD,M16 GDI 럭셔리,,201206.0,2012,459.0,88000.0,가솔린,오토,ORIGINAL,일반,2025-03-20 07:48:30.000 +09,서울,신월자동차매매상사,55무9003,4,1,0,257.8267,45.5403,0,0,
39234327,현대,아반떼 MD,M16 GDI 럭셔리,,201104.0,2011,430.0,105319.0,가솔린,오토,ORIGINAL,일반,2025-03-20 07:41:46.000 +09,충북,청주자동차매매상사,18루7293,1,0,5,86.4964,0.0,1,0,
39007804,현대,아반떼 MD,M16 GDI 모던,,201303.0,2013,690.0,100210.0,가솔린,오토,ORIGINAL,일반,2025-03-20 07:39:15.000 +09,충북,대신모터스,13더9315,3,1,1,187.4878,267.8601,0,0,
37823229,현대,아반떼 MD,M16 GDI 프리미어,,201011.0,2011,549.0,73989.0,가솔린,오토,ORIGINAL,일반,2025-03-20 07:38:33.000 +09,대구,e조은모터스,48부7602,1,3,4,46.5,188.795,0,0,
37489027,현대,더 뉴 아반떼 AD,1.6,스마트,201911.0,2020,979.0,135180.0,가솔린,오토,ORIGINAL,일반,2025-03-20 07:38:33.000 +09,대구,e조은모터스,238우9592,2,0,2,412.8042,0.0,2,0,
38621529,현대,더 뉴 아반떼 AD,1.6 LPi,스마트,201910.0,2020,1280.0,92892.0,LPG(일반인 구입),오토,ORIGINAL,일반,2025-03-20 07:38:21.000 +09,전북,365모터스,317도4700,2,3,1,151.092,108.7628,1,0,
38504054,현대,아반떼 MD,M16 GDI 럭셔리,,201008.0,2011,380.0,147423.0,가솔린,오토,ORIGINAL,일반,2025-03-20 07:38:16.000 +09,부산,OK 자동차상사,12무2434,1,2,1,128.87,56.605,0,0,
39224781,현대,더 뉴 아반떼 (CN7),1.6,모던,202308.0,2024,2200.0,24087.0,가솔린,오토,ORIGINAL,일반,2025-03-20 07:37:38.000 +09,광주,(주)뉴오케이모터스,136어4089,0,0,1,0.0,0.0,0,0,
39217056,현대,더 뉴 아반떼 (CN7),1.6,인스퍼레이션,202503.0,2025,2750.0,41.0,가솔린,오토,ORIGINAL,일반,2025-03-20 07:28:50.000 +09,광주,주)우일모터스,235서7656,0,0,0,0.0,0.0,0,0,
39242163,현대,올 뉴 아반떼,1.5 스페셜,,199912.0,2000,550.0,53732.0,가솔린,오토,ORIGINAL,일반,2025-03-20 07:28:11.000 +09,울산,카카오모터스,45누4039,2,1,1,55.75,40.514,1,0,
38071229,현대,올 뉴 아반떼,린번 1.5 스페셜,,199904.0,1999,490.0,55503.0,가솔린,오토,ORIGINAL,일반,2025-03-20 07:28:11.000 +09,울산,카카오모터스,12너3064,2,0,2,91.119,0.0,1,0,
38298631,현대,아반떼 AD,1.6 GDI 밸류 플러스,,201704.0,2018,939.0,133404.0,가솔린,오토,ORIGINAL,일반,2025-03-20 07:25:04.000 +09,강원,한솔상사자동차매매,101저1296,0,2,3,0.0,116.2038,1,0,
39223486,현대,아반떼 AD,1.6 GDI 밸류 플러스,,201611.0,2017,789.0,144968.0,가솔린,오토,ORIGINAL,일반,2025-03-20 07:25:04.000 +09,강원,한솔상사자동차매매,19누0293,2,2,1,152.859,96.9186,0,0,
39239602,현대,아반떼 AD,1.6 GDI 밸류 플러스,,201809.0,2018,1288.0,76620.0,가솔린,오토,ORIGINAL,일반,2025-03-20 07:25:00.000 +09,대구,현대종합자동차상사,206고4927,0,0,3,0.0,0.0,1,0,
39185280,현대,아반떼 AD,1.6 GDI 스마트,(세부등급 없음),201605.0,2017,1155.0,99338.0,가솔린,오토,ORIGINAL,일반,2025-03-20 07:24:59.000 +09,대구,현대종합자동차상사,15라0703,1,2,0,45.8488,494.0038,0,0,
39082233,현대,더 뉴 아반떼 AD,1.6,스마트,201906.0,2020,1130.0,117170.0,가솔린,오토,ORIGINAL,일반,2025-03-20 07:21:38.000 +09,부산,대성상사,217주9205,1,0,3,47.2259,0.0,1,0,
39173369,현대,더 뉴 아반떼 (CN7),2.0 N,,202401.0,2024,3090.0,3729.0,가솔린,오토,ORIGINAL,일반,2025-03-20 07:20:43.000 +09,경남,다빈모터스,361누5840,1,0,0,402.433,0.0,0,0,
37913705,현대,더 뉴 아반떼 AD,1.6,스마트,201910.0,2020,1590.0,58383.0,가솔린,오토,ORIGINAL,일반,2025-03-20 07:19:53.000 +09,경북,중앙자동차매매상사,329더4899,0,0,2,0.0,0.0,1,0,
37833235,현대,아반떼 AD,1.6 GDI 밸류 플러스,,201806.0,2018,1470.0,27912.0,가솔린,오토,ORIGINAL,일반,2025-03-20 07:19:51.000 +09,경북,중앙자동차매매상사,329더4896,0,1,2,0.0,170.0902,1,0,
39129506,현대,더 뉴 아반떼,1.6 GDi 모던,기본형,201401.0,2014,790.0,80000.0,가솔린,오토,ORIGINAL,일반,2025-03-20 07:19:23.000 +09,전북,오토월드상사,67거1571,0,0,1,0.0,0.0,0,0,
39000545,현대,아반떼 (CN7),1.6,스마트,202104.0,2021,1059.0,93583.0,가솔린,오토,ORIGINAL,일반,2025-03-20 07:18:52.000 +09,경기,카오션,264고6583,1,2,1,95.0715,134.0283,1,0,
38467628,현대,아반떼 AD,1.6 GDI 모던,(세부등급 없음),201601.0,2016,999.0,90024.0,가솔린,오토,ORIGINAL,일반,2025-03-20 07:14:04.000 +09,전북,k2모터스 128호,65어0995,6,3,0,510.0517,230.2879,0,0,
38137763,현대,더 뉴 아반떼,1.6 GDi 모던,기본형,201309.0,2014,649.0,94245.0,가솔린,오토,ORIGINAL,일반,2025-03-20 07:11:00.000 +09,대구,제일 모터스,32너8646,2,1,0,82.7421,63.72,0,0,
38788906,현대,아반떼 AD,1.6 GDI 밸류 플러스,,201808.0,2018,1200.0,60990.0,가솔린,오토,ORIGINAL,일반,2025-03-20 07:09:28.000 +09,울산,한국모터스,55우5790,1,0,0,111.3598,0.0,0,0,
39222681,현대,아반떼 MD,M16 GDI 모던,,201306.0,2014,590.0,120177.0,가솔린,오토,ORIGINAL,일반,2025-03-20 07:07:42.000 +09,대구,스마일모터스,18거9118,2,2,4,268.8182,255.5355,0,0,
37396446,현대,더 뉴 아반떼,1.6 VGT 스마트,기본형,201407.0,2015,570.0,123292.0,디젤,오토,ORIGINAL,일반,2025-03-20 07:07:42.000 +09,대전,당근중고차,23루1454,1,0,3,32.727,0.0,1,0,
39240463,현대,아반떼 AD,1.6 GDI 스타일,,201603.0,2016,650.0,115000.0,가솔린,오토,ORIGINAL,일반,2025-03-20 07:06:57.000 +09,전북,성화모터스,23조7848,1,2,3,106.1,62.9917,1,0,
39244126,현대,아반떼 AD,1.6 GDI 프리미엄,,201605.0,2016,940.0,164324.0,가솔린,오토,ORIGINAL,일반,2025-03-20 07:06:36.000 +09,경기,레인보우,235버1489,1,1,2,37.2556,104.223,1,0,
39261826,현대,아반떼 AD,1.6 터보 스포츠,오리지널,201610.0,2017,980.0,124000.0,가솔린,수동,ORIGINAL,일반,2025-03-20 07:06:36.000 +09,경기,레인보우,31도0453,3,1,5,338.5243,73.7858,0,0,
39228500,현대,아반떼 AD,1.6 GDI 밸류 플러스,,201807.0,2018,1170.0,55312.0,가솔린,오토,ORIGINAL,일반,2025-03-20 07:05:48.000 +09,경기,얄개자동차,310더4861,0,0,2,0.0,0.0,1,0,
39263580,현대,더 뉴 아반떼,1.6 GDi 스마트,기본형,201410.0,2015,830.0,57760.0,가솔린,오토,ORIGINAL,일반,2025-03-20 07:03:48.000 +09,대전,(주)로이오토,61보8298,2,0,1,70.412,0.0,0,0,
37926159,현대,더 뉴 아반떼,1.6 GDi 모던,기본형,201501.0,2015,850.0,79836.0,가솔린,오토,ORIGINAL,일반,2025-03-20 07:03:48.000 +09,대전,(주)로이오토,45어8943,2,2,1,147.4835,143.8448,0,0,
38466333,현대,더 뉴 아반떼,1.6 GDi 모던,기본형,201412.0,2015,850.0,108299.0,가솔린,오토,ORIGINAL,일반,2025-03-20 07:03:48.000 +09,대전,(주)로이오토,18조6079,1,0,5,31.1523,0.0,0,0,
38350591,현대,아반떼 AD,1.6 GDI 밸류 플러스,,201803.0,2018,1290.0,44525.0,가솔린,오토,ORIGINAL,일반,2025-03-20 07:03:48.000 +09,대전,(주)로이오토,52나5013,1,1,3,69.9603,78.2014,0,0,
39066273,현대,아반떼 AD,1.6 GDI 스마트,(세부등급 없음),201603.0,2016,950.0,110640.0,가솔린,오토,ORIGINAL,일반,2025-03-20 07:03:48.000 +09,대전,(주)로이오토,15로0190,0,0,4,0.0,0.0,0,0,
38389281,현대,아반떼 AD,1.6 GDI 밸류 플러스,,201712.0,2018,1230.0,65520.0,가솔린,오토,ORIGINAL,일반,2025-03-20 07:03:48.000 +09,대전,(주)로이오토,23루1589,1,0,1,99.742,0.0,0,0,
38648802,현대,더 뉴 아반떼,1.6 GDi 스마트,기본형,201501.0,2015,650.0,85337.0,가솔린,오토,ORIGINAL,일반,2025-03-20 07:03:48.000 +09,대전,(주)로이오토,42고7413,4,1,3,231.3622,35.379,0,0,
38596454,현대,아반떼 AD,1.6 GDI 스타일,,201601.0,2016,759.0,112285.0,가솔린,오토,ORIGINAL,일반,2025-03-20 07:02:32.000 +09,대구,형제모터스,52서3581,1,5,5,33.75,368.9235,1,0,0.0
38601856,현대,더 뉴 아반떼,1.6 GDi 스마트,기본형,201509.0,2016,760.0,87874.0,가솔린,오토,ORIGINAL,일반,2025-03-20 06:54:57.000 +09,충남,한국자동차매매상사,66조6498,0,1,2,0.0,61.6888,0,0,
39110299,현대,아반떼 (CN7),1.6 터보 N Line,스포츠,202102.0,2021,1950.0,42411.0,가솔린,오토,ORIGINAL,일반,2025-03-20 06:54:42.000 +09,충북,(주)에스에스모터스,176버7901,1,0,1,105.212,0.0,0,0,
38966691,현대,아반떼 (CN7),1.6,모던,202104.0,2021,1550.0,72172.0,가솔린,오토,ORIGINAL,일반,2025-03-20 06:54:42.000 +09,충북,(주)에스에스모터스,374마5765,2,1,1,512.6442,351.681,0,0,
38821237,현대,아반떼 MD,M16 GDI 럭셔리,,201104.0,2011,515.0,82484.0,가솔린,오토,ORIGINAL,일반,2025-03-20 06:51:52.000 +09,전북,대한오토,24노7554,2,2,3,187.1355,164.44,0,0,
38261681,현대,더 뉴 아반떼,1.6 GDi 모던,기본형,201508.0,2016,820.0,85811.0,가솔린,오토,ORIGINAL,일반,2025-03-20 06:51:51.000 +09,전북,대한오토,11조7998,0,0,2,0.0,0.0,0,0,
38333468,현대,아반떼 (CN7),1.6,스마트,202006.0,2021,1400.0,79213.0,가솔린,오토,ORIGINAL,일반,2025-03-20 06:51:51.000 +09,전북,대한오토,175수4848,1,3,4,49.755,164.4646,1,0,
38968913,현대,아반떼 MD,M16 GDI 스마트,,201211.0,2013,530.0,79507.0,가솔린,오토,ORIGINAL,일반,2025-03-20 06:51:51.000 +09,전북,대한오토,18부6074,6,4,3,487.6684,3191.351,0,0,
38921632,현대,아반떼 (CN7),1.6,스마트,202104.0,2021,1250.0,85794.0,가솔린,오토,ORIGINAL,일반,2025-03-20 06:51:51.000 +09,전북,대한오토,202가3489,0,2,2,0.0,198.8776,1,0,
38630828,현대,더 뉴 아반떼 AD,1.6,스타일,201902.0,2019,1290.0,104320.0,가솔린,오토,ORIGINAL,일반,2025-03-20 06:51:51.000 +09,전북,대한오토,16가4098,2,1,0,132.225,97.6328,0,0,
38910260,현대,아반떼 AD,1.6 GDI 밸류 플러스,,201704.0,2018,1050.0,98153.0,가솔린,오토,ORIGINAL,일반,2025-03-20 06:51:51.000 +09,전북,대한오토,01더8256,4,1,4,299.2515,83.835,0,0,
39114412,현대,더 뉴 아반떼 (CN7),2.0 N,,202406.0,2024,3490.0,8100.0,가솔린,오토,ORIGINAL,일반,2025-03-20 06:50:49.000 +09,전북,(유)아이러브카,199마6781,0,0,0,0.0,0.0,0,0,
39204280,현대,아반떼 AD,1.6 GDI 스마트,(세부등급 없음),201509.0,2016,590.0,100384.0,가솔린,오토,ORIGINAL,일반,2025-03-20 06:50:49.000 +09,전북,(유)아이러브카,47라0538,3,1,3,139.293,108.5861,0,0,
38695562,현대,아반떼 AD,1.6 GDI 밸류 플러스,,201711.0,2018,1090.0,68703.0,가솔린,오토,ORIGINAL,일반,2025-03-20 06:42:59.000 +09,경기,차사인모터스,352수4821,1,0,3,30.747,0.0,1,0,
39211737,현대,아반떼 AD,1.6 LPI 스타일(렌터카),,201701.0,2017,670.0,171887.0,LPG(일반인 구입),오토,ORIGINAL,일반,2025-03-20 06:42:26.000 +09,경기,수성자동차,108다8817,1,1,4,74.348,140.6515,1,0,
39052114,현대,아반떼 MD,M16 GDI 스마트,,201301.0,2013,550.0,86249.0,가솔린,오토,ORIGINAL,일반,2025-03-20 06:16:55.000 +09,광주,(유)행운자동차,43보1922,1,1,5,29.456,96.927,0,0,
39073099,현대,아반떼 MD,M16 GDI 프리미어,,201009.0,2010,390.0,160155.0,가솔린,오토,ORIGINAL,일반,2025-03-20 06:14:31.000 +09,강원,조은자동차,28주2613,3,2,3,139.6268,162.4661,0,0,
39236153,현대,아반떼 AD,1.6 GDI 밸류 플러스,,201704.0,2018,990.0,77993.0,가솔린,오토,ORIGINAL,일반,2025-03-20 06:08:37.000 +09,경기,케이탑인터내셔널,39소7697,3,2,2,438.91,312.008,0,0,
39178856,현대,아반떼 AD,1.6 GDI 모던,(세부등급 없음),201609.0,2017,990.0,96832.0,가솔린,오토,ORIGINAL,일반,2025-03-20 06:08:37.000 +09,경기,케이탑인터내셔널,23우0389,3,0,1,194.7115,0.0,0,0,
39224649,현대,더 뉴 아반떼,1.6 GDi 프리미엄,기본형,201409.0,2015,799.0,103282.0,가솔린,오토,ORIGINAL,일반,2025-03-20 05:38:33.000 +09,대전,kk자동차,38가3014,0,0,3,0.0,0.0,1,0,
39181261,현대,아반떼 AD,1.6 GDI 스타일,,201604.0,2016,650.0,99944.0,가솔린,오토,ORIGINAL,일반,2025-03-20 05:38:33.000 +09,대전,kk자동차,14조0748,4,3,0,208.2257,89.6492,0,0,
38053560,현대,아반떼 MD,M16 GDI 모던,,201212.0,2013,530.0,93336.0,가솔린,오토,ORIGINAL,일반,2025-03-20 05:33:04.000 +09,광주,쌍둥이모터스,14부6756,3,3,2,330.144,207.9122,0,0,
39155041,현대,더 뉴 아반떼,1.6 GDi 스마트,기본형,201310.0,2014,680.0,87814.0,가솔린,오토,ORIGINAL,일반,2025-03-20 05:07:25.000 +09,부산,명지모터스,34두2348,2,0,1,63.7193,0.0,0,0,
38579488,현대,아반떼 하이브리드 (CN7),모던,,202107.0,2021,2020.0,32671.0,가솔린+전기,오토,ORIGINAL,일반,2025-03-20 05:05:20.000 +09,경기,(주)세종모터스,205다2532,1,2,1,35.4657,107.2825,1,0,
38577397,현대,아반떼 하이브리드 (CN7),모던,,202107.0,2021,1940.0,53026.0,가솔린+전기,오토,ORIGINAL,일반,2025-03-20 05:05:19.000 +09,경기,(주)세종모터스,205다2517,0,0,1,0.0,0.0,1,0,
38406631,현대,아반떼 AD,1.6 LPI 스타일(렌터카),,201702.0,2017,799.0,112721.0,LPG(일반인 구입),오토,ORIGINAL,일반,2025-03-20 04:56:25.000 +09,경기,홈카,37우6060,2,0,1,36.284,0.0,0,0,
39262768,현대,아반떼 (CN7),1.6,인스퍼레이션,202008.0,2021,1920.0,51191.0,가솔린,오토,ORIGINAL,일반,2025-03-20 04:55:48.000 +09,경기,홈카,276두3749,1,1,0,36.8951,35.1439,0,0,
37971758,현대,더 뉴 아반떼,1.6 VGT 스타일,,201501.0,2015,550.0,138670.0,디젤,오토,ORIGINAL,일반,2025-03-20 04:38:12.000 +09,서울,(주)인증모터스,01저2449,3,4,6,173.6038,226.7589,1,0,
39153206,현대,아반떼 MD,M16 GDI 럭셔리,,201006.0,2010,490.0,61441.0,가솔린,오토,ORIGINAL,일반,2025-03-20 04:27:29.000 +09,부산,에이스 모터스,15머4788,4,4,3,292.8317,350.3919,0,0,
38279404,현대,아반떼 AD,1.6 GDI 밸류 플러스,,201610.0,2017,750.0,116751.0,가솔린,오토,ORIGINAL,일반,2025-03-20 03:07:14.000 +09,경남,정민모터스,52누0405,1,1,2,281.7195,154.6549,0,0,
37971680,현대,더 뉴 아반떼,1.6 GDi 스마트,기본형,201409.0,2015,550.0,108607.0,가솔린,오토,ORIGINAL,일반,2025-03-20 03:07:13.000 +09,경남,정민모터스,27나3909,4,1,2,315.6404,290.417,0,0,
39001617,현대,아반떼 MD,M16 GDI 프리미어,,201206.0,2012,540.0,86536.0,가솔린,오토,ORIGINAL,일반,2025-03-20 03:03:44.000 +09,대전,(주)마이카,59더1955,2,2,3,46.173,234.138,0,0,
38752365,현대,아반떼 MD,M16 GDI 프리미어,,201011.0,2011,390.0,92103.0,가솔린,오토,ORIGINAL,일반,2025-03-20 03:03:43.000 +09,대전,(주)마이카,20마8390,3,0,1,320.0798,0.0,0,0,
38934643,현대,아반떼 하이브리드 (CN7),인스퍼레이션,,202112.0,2022,2500.0,23289.0,가솔린+전기,오토,ORIGINAL,일반,2025-03-20 02:44:06.000 +09,경기,카메이트,136러1299,0,0,0,0.0,0.0,0,0,
38840061,현대,더 뉴 아반떼 (CN7),1.6,인스퍼레이션,202404.0,2024,2380.0,7832.0,가솔린,오토,ORIGINAL,일반,2025-03-20 02:13:14.000 +09,경기,얄개모터스,227나6309,0,0,1,0.0,0.0,0,0,
38651410,현대,아반떼 HD,1.6 VVT S16,럭셔리,200904.0,2009,149.0,187050.0,가솔린,수동,ORIGINAL,일반,2025-03-20 02:13:00.000 +09,충남,서진모터스,35구8955,6,0,1,283.5812,0.0,0,0,
39249928,현대,더 뉴 아반떼,1.6 GDi 스마트,기본형,201311.0,2014,389.0,109010.0,가솔린,오토,ORIGINAL,일반,2025-03-20 02:12:59.000 +09,충남,서진모터스,63오4310,4,2,1,265.6352,83.5868,0,0,
38759232,현대,아반떼 (CN7),1.6,인스퍼레이션,202005.0,2021,1880.0,32461.0,가솔린,오토,ORIGINAL,일반,2025-03-20 02:05:02.000 +09,경기,(주)유로모터스,169무4775,1,1,0,198.73,0.0,0,0,
39247624,현대,아반떼 (CN7),1.6,모던,202007.0,2021,1860.0,61488.0,가솔린,오토,ORIGINAL,일반,2025-03-20 02:04:52.000 +09,대구,에스에이치모터스,266라5352,0,0,0,0.0,0.0,0,0,
39221944,현대,더 뉴 아반떼 (CN7),1.6,인스퍼레이션,202305.0,2024,2250.0,37622.0,가솔린,오토,ORIGINAL,일반,2025-03-20 02:04:52.000 +09,대구,에스에이치모터스,211조2817,1,0,0,42.18,0.0,0,0,
39220509,현대,아반떼 (CN7),1.6,인스퍼레이션,202005.0,2021,1900.0,53664.0,가솔린,오토,ORIGINAL,일반,2025-03-20 02:04:52.000 +09,대구,에스에이치모터스,344소4952,0,1,0,0.0,0.0,0,0,
39210045,현대,아반떼 AD,1.6 GDI 스마트,(세부등급 없음),201601.0,2016,920.0,101034.0,가솔린,오토,ORIGINAL,일반,2025-03-20 02:04:52.000 +09,대구,에스에이치모터스,45머0731,2,0,1,77.439,0.0,0,0,
39242700,현대,아반떼 AD,1.6 GDI 밸류 플러스,,201803.0,2018,679.0,112928.0,가솔린,오토,ORIGINAL,일반,2025-03-20 01:24:30.000 +09,경기,클린오토,60나7184,3,3,1,490.1213,419.6205,0,0,
39074217,현대,아반떼 AD,1.6 GDI 밸류 플러스,,201706.0,2018,699.0,159587.0,가솔린,오토,ORIGINAL,일반,2025-03-20 01:24:30.000 +09,경기,클린오토,23루1786,7,3,2,768.308,543.9217,0,0,
39112100,현대,아반떼 AD,1.6 GDI 밸류 플러스,,201801.0,2018,799.0,171356.0,가솔린,오토,ORIGINAL,일반,2025-03-20 01:24:29.000 +09,경기,클린오토,109거8878,1,0,2,63.99,0.0,1,0,
38930222,현대,아반떼 AD,1.6 GDI 스마트,스페셜,201510.0,2016,749.0,145741.0,가솔린,오토,ORIGINAL,일반,2025-03-20 01:22:47.000 +09,광주,하나상사,31마0613,3,0,2,281.1028,0.0,0,0,
39271643,현대,아반떼 (CN7),1.6,인스퍼레이션,202301.0,2023,2050.0,64958.0,가솔린,오토,ORIGINAL,일반,2025-03-20 01:21:20.000 +09,경기,수성자동차,369라2072,1,0,1,69.754,0.0,0,0,
39251162,현대,더 뉴 아반떼 AD,1.6,스타일,201905.0,2019,999.0,44345.0,가솔린,오토,ORIGINAL,일반,2025-03-20 00:43:07.000 +09,대구,에이스모터스,379러5284,0,3,5,0.0,1329.4024,1,0,
38909983,현대,아반떼 하이브리드 (CN7),인스퍼레이션,,202111.0,2022,2280.0,24554.0,가솔린+전기,오토,ORIGINAL,일반,2025-03-20 00:38:03.000 +09,경기,(주)유로모터스,235소4906,0,0,1,0.0,0.0,0,0,
39068820,현대,더 뉴 아반떼,1.6 GDi 스타일,,201310.0,2014,420.0,41462.0,가솔린,수동,ORIGINAL,일반,2025-03-20 00:36:24.000 +09,대구,청춘모터스,20라8658,3,5,5,540.1065,391.6338,0,0,
37725160,현대,아반떼 AD,1.6 GDI 밸류 플러스,,201611.0,2017,1080.0,71268.0,가솔린,오토,ORIGINAL,일반,2025-03-20 00:34:27.000 +09,울산,에스다이렉트카231,48수0309,2,1,2,122.0579,47.0768,0,0,
39139608,현대,아반떼 MD,1.8 수출형,,201212.0,2012,580.0,127964.0,가솔린,오토,ORIGINAL,일반,2025-03-20 00:07:52.000 +09,경기,평택종합매매단지,31다5570,1,1,1,85.17,103.9819,0,0,
38488442,현대,아반떼 하이브리드 (CN7),인스퍼레이션,,202202.0,2022,2099.0,39963.0,가솔린+전기,오토,ORIGINAL,일반,2025-03-20 00:00:24.000 +09,경기,제이디 모터스,175머6671,5,3,1,597.7127,208.861,0,0,
36459918,현대,아반떼 쿠페,2.0 GDi 스마트,,201404.0,2015,450.0,174237.0,가솔린,오토,ORIGINAL,일반,2025-03-19 23:57:10.000 +09,대구,한스모터스,63나0148,3,1,8,202.4621,70.0272,1,0,
39043038,현대,아반떼 (CN7),1.6,모던,202109.0,2021,1459.0,93817.0,가솔린,오토,ORIGINAL,일반,2025-03-19 23:54:08.000 +09,충남,착한자동차,268조7534,1,0,1,189.8938,0.0,1,0,
38968164,현대,아반떼 MD,M16 GDI 럭셔리,,201104.0,2011,410.0,114571.0,가솔린,오토,ORIGINAL,일반,2025-03-19 23:52:21.000 +09,경남,대상상사,55구7295,5,4,8,362.7801,258.8701,0,0,
38968793,현대,아반떼 MD,M16 GDI 스마트,,201209.0,2013,340.0,147789.0,가솔린,오토,ORIGINAL,일반,2025-03-19 23:52:21.000 +09,경남,대상상사,40구8971,3,0,3,515.1306,0.0,0,0,
39082598,현대,아반떼 AD,1.6 GDI 프리미엄,,201710.0,2018,1250.0,94314.0,가솔린,오토,ORIGINAL,일반,2025-03-19 23:50:25.000 +09,광주,(주)뉴광주모터스,06가4380,3,3,1,257.8972,165.265,0,0,
39151623,현대,아반떼 (CN7),1.6,모던,202007.0,2021,1770.0,49197.0,가솔린,오토,ORIGINAL,일반,2025-03-19 23:49:21.000 +09,경남,(주)제이앤제이모터스,172모8968,1,1,0,45.7209,59.989,0,0,
39194951,현대,더 뉴 아반떼 AD,1.6,스마트,202003.0,2020,1530.0,81468.0,가솔린,오토,ORIGINAL,일반,2025-03-19 23:49:21.000 +09,경남,(주)제이앤제이모터스,381로9974,0,0,1,0.0,0.0,0,0,
39256758,현대,아반떼 (CN7),1.6 LPi (렌터카),모던,202303.0,2023,2100.0,15255.0,LPG(일반인 구입),오토,ORIGINAL,일반,2025-03-19 23:49:20.000 +09,경남,(주)제이앤제이모터스,191무3108,3,3,1,151.177,179.15,0,0,
38976698,현대,아반떼 (CN7),1.6,인스퍼레이션,202104.0,2021,9999.0,6968.0,가솔린,오토,ORIGINAL,일반,2025-03-19 23:49:20.000 +09,경남,(주)제이앤제이모터스,377나8596,0,0,1,0.0,0.0,0,0,
38685696,현대,더 뉴 아반떼,1.6 GDi 스마트,기본형,201312.0,2014,599.0,113083.0,가솔린,오토,ORIGINAL,일반,2025-03-19 23:47:49.000 +09,대전,(주)뉴명품자동차,38주5206,4,0,6,357.6396,0.0,0,0,
39026903,현대,아반떼 AD,1.6 e-VGT 스타일,,201808.0,2018,790.0,119595.0,디젤,오토,ORIGINAL,일반,2025-03-19 23:46:41.000 +09,경기,(주)우리들모터스,384더8855,2,0,2,65.8193,0.0,1,0,
39149846,현대,더 뉴 아반떼,1.6 GDi 스마트,기본형,201503.0,2016,799.0,29306.0,가솔린,오토,ORIGINAL,일반,2025-03-19 23:44:25.000 +09,경기,(주)유레카,33루8782,1,0,2,223.1032,0.0,0,0,
37601716,현대,아반떼 MD,M16 GDI 에비뉴,,201302.0,2013,650.0,23588.0,가솔린,오토,ORIGINAL,일반,2025-03-19 23:42:51.000 +09,부산,현우자동차,66어6537,2,0,1,191.595,0.0,0,0,
38817885,현대,아반떼 (CN7),1.6,스마트,202104.0,2021,1270.0,100618.0,가솔린,오토,ORIGINAL,일반,2025-03-19 23:41:44.000 +09,부산,태성모터스,115더6633,1,4,2,33.6164,290.9476,1,0,
38773261,현대,더 뉴 아반떼 AD,1.6,스마트,201811.0,2019,1230.0,74463.0,가솔린,오토,ORIGINAL,일반,2025-03-19 23:34:12.000 +09,충북,행복모터스,224저4610,1,2,4,36.8719,223.46,1,0,
38640891,현대,아반떼 (CN7),1.6,모던,202108.0,2021,1700.0,78348.0,가솔린,오토,ORIGINAL,일반,2025-03-19 23:33:22.000 +09,충북,청룡자동차 매매상사,132저2902,1,0,1,82.3417,0.0,1,0,
38859226,현대,더 뉴 아반떼 (CN7),2.0 N,,202401.0,2024,2990.0,24468.0,가솔린,오토,ORIGINAL,일반,2025-03-19 23:32:45.000 +09,경남,방방모터스,208주1943,1,0,0,286.5728,0.0,0,0,
39022109,현대,아반떼 (CN7),1.6,인스퍼레이션,202011.0,2021,1699.0,50859.0,가솔린,오토,ORIGINAL,일반,2025-03-19 23:31:02.000 +09,충남,뉴천안모터스,283구7810,3,1,4,111.1277,333.4599,0,0,
36076044,현대,아반떼 AD,1.6 e-VGT 프리미엄,,201512.0,2016,850.0,89373.0,디젤,오토,ORIGINAL,일반,2025-03-19 23:25:39.000 +09,대구,태풍자동차,15주0642,7,12,9,1388.4941,1089.8525,0,0,
38856896,현대,아반떼 AD,1.6 GDI 스마트,(세부등급 없음),201703.0,2017,770.0,77400.0,가솔린,오토,ORIGINAL,일반,2025-03-19 23:23:24.000 +09,경기,윈모터스,347소4947,2,6,5,467.4846,483.0162,1,0,
38983910,현대,더 뉴 아반떼 (CN7),1.6,모던,202407.0,2025,1890.0,8898.0,가솔린,오토,ORIGINAL,일반,2025-03-19 23:22:03.000 +09,부산,케이스타,109어5541,0,0,1,0.0,0.0,0,0,
39203057,현대,아반떼 (CN7),1.6,인스퍼레이션,202005.0,2021,1860.0,88798.0,가솔린,오토,ORIGINAL,일반,2025-03-19 23:18:44.000 +09,울산,위드모터스,353거1595,1,0,1,0.0,0.0,0,0,
38809024,현대,아반떼 AD,1.6 GDI 프리미엄,,201610.0,2017,1390.0,99377.0,가솔린,오토,ORIGINAL,일반,2025-03-19 23:18:44.000 +09,울산,위드모터스,45서0206,1,1,1,60.783,42.926,0,0,
39044014,현대,아반떼 AD,1.6 GDI 밸류 플러스,,201803.0,2018,1050.0,125266.0,가솔린,오토,ORIGINAL,일반,2025-03-19 23:18:44.000 +09,울산,위드모터스,17머3683,0,0,3,0.0,0.0,0,0,
38375469,현대,아반떼 MD,M16 GDI 프리미어,,201009.0,2011,399.0,177430.0,가솔린,오토,ORIGINAL,일반,2025-03-19 23:16:49.000 +09,경북,VIP모터스,56무1411,4,2,7,176.4015,169.7018,0,0,
39087169,현대,아반떼 AD,1.6 e-VGT 스마트,스페셜,201605.0,2016,720.0,124644.0,디젤,오토,ORIGINAL,일반,2025-03-19 23:13:12.000 +09,경기,사과나무자동차,43누0773,1,0,2,27.0728,0.0,0,0,
39235338,현대,아반떼 AD,1.6 GDI 밸류 플러스,,201610.0,2017,1070.0,79873.0,가솔린,오토,ORIGINAL,일반,2025-03-19 23:10:31.000 +09,경기,(주)정직한놈들,17다0208,0,0,2,0.0,0.0,0,0,
39194603,현대,아반떼 (CN7),1.6,모던,202005.0,2021,1590.0,75057.0,가솔린,오토,ORIGINAL,일반,2025-03-19 23:10:15.000 +09,경기,카스토어,228노5935,6,1,1,446.9283,110.9237,0,0,
38888600,현대,아반떼 AD,1.6 GDI 모던,(세부등급 없음),201607.0,2017,778.0,96014.0,가솔린,오토,ORIGINAL,일반,2025-03-19 23:08:32.000 +09,경기,(주)고물상,40러0282,3,1,0,357.6088,413.7101,0,0,
39229065,현대,더 뉴 아반떼,1.6 LPi 스마트,,201310.0,2014,489.0,77020.0,LPG(일반인 구입),오토,ORIGINAL,일반,2025-03-19 23:08:32.000 +09,경기,(주)고물상,12서5659,2,2,2,427.6847,2332.3152,0,0,
39132477,현대,아반떼 (CN7),1.6,스마트,202107.0,2021,1090.0,94321.0,가솔린,오토,ORIGINAL,일반,2025-03-19 23:08:11.000 +09,대구,탑모터스,133구3036,0,2,1,0.0,90.9707,2,0,
39208286,현대,아반떼 AD,1.6 터보 스포츠,(세부등급 없음),201707.0,2018,930.0,131985.0,가솔린,수동,ORIGINAL,일반,2025-03-19 23:08:09.000 +09,충남,주식회사 리원,27러5446,2,0,5,223.353,0.0,0,0,
38441716,현대,아반떼 AD,1.6 e-VGT 스마트,스페셜,201511.0,2016,590.0,206921.0,디젤,오토,ORIGINAL,일반,2025-03-19 23:04:02.000 +09,경기,(주)스마트 자동차,13더0982,3,1,2,256.2695,57.7388,0,0,
38705883,현대,더 뉴 아반떼 (CN7),1.6,인스퍼레이션,202304.0,2024,1899.0,20143.0,가솔린,오토,ORIGINAL,일반,2025-03-19 23:04:02.000 +09,충남,뉴천안모터스,134너4532,1,2,2,2445.755,917.483,0,0,
38871462,현대,아반떼 (CN7),1.6,모던,202104.0,2021,1550.0,53578.0,가솔린,오토,ORIGINAL,일반,2025-03-19 23:03:39.000 +09,부산,그랜드상사,157버7832,1,1,2,139.148,83.4315,1,0,
39136360,현대,더 뉴 아반떼 AD,1.6,스타일,201901.0,2019,1130.0,98866.0,가솔린,오토,ORIGINAL,일반,2025-03-19 23:03:39.000 +09,부산,그랜드상사,164서5973,0,2,1,0.0,195.6893,1,0,
38935301,현대,아반떼 MD,M16 GDI 프리미어,,201104.0,2011,580.0,91696.0,가솔린,오토,ORIGINAL,일반,2025-03-19 23:02:17.000 +09,부산,(주)에드카,22나4610,2,0,2,88.6382,0.0,0,0,
38816091,현대,아반떼 AD,1.6 GDI 스마트,(세부등급 없음),201511.0,2016,999.0,29517.0,가솔린,오토,ORIGINAL,일반,2025-03-19 23:01:53.000 +09,서울,㈜화성모터스,50수0731,1,0,1,54.0074,0.0,0,0,
38648473,현대,더 뉴 아반떼 (CN7),1.6,인스퍼레이션,202307.0,2024,2449.0,9281.0,가솔린,오토,ORIGINAL,일반,2025-03-19 23:01:53.000 +09,서울,㈜화성모터스,232조2862,0,0,0,0.0,0.0,0,0,
38884001,현대,더 뉴 아반떼,1.6 GDi 스마트,기본형,201310.0,2014,590.0,128793.0,가솔린,오토,ORIGINAL,일반,2025-03-19 23:00:43.000 +09,전북,효자상사,28조4411,4,1,1,253.6336,47.3623,0,0,
38848008,현대,아반떼 (CN7),1.6 터보 N Line,인스퍼레이션,202103.0,2021,1879.0,85854.0,가솔린,오토,ORIGINAL,일반,2025-03-19 22:57:02.000 +09,서울,(주)카서울모터스,339조1842,0,0,1,0.0,0.0,0,0,
38916593,현대,아반떼 AD,1.6 LPI 스타일(렌터카),,201605.0,2016,660.0,156289.0,LPG(일반인 구입),오토,ORIGINAL,일반,2025-03-19 22:56:03.000 +09,대전,(주)성공모터스,16무6131,0,0,3,0.0,0.0,1,0,
38924773,현대,아반떼 MD,M16 GDI 에비뉴,,201306.0,2014,530.0,130331.0,가솔린,오토,ORIGINAL,일반,2025-03-19 22:55:49.000 +09,경기,자마이카,22노1691,0,0,3,0.0,0.0,0,0,
39157320,현대,더 뉴 아반떼,1.6 GDi 스타일,,201405.0,2014,500.0,79423.0,가솔린,수동,ORIGINAL,일반,2025-03-19 22:53:35.000 +09,대전,주식회사 아빠차,19나2706,0,0,1,0.0,0.0,0,0,
39157344,현대,아반떼 AD,1.6 터보 스포츠,(세부등급 없음),201709.0,2018,950.0,136026.0,가솔린,수동,ORIGINAL,일반,2025-03-19 22:53:35.000 +09,대전,주식회사 아빠차,01주2086,4,0,4,363.1345,0.0,0,0,
38910660,현대,더 뉴 아반떼 (CN7),1.6 LPi,인스퍼레이션,202411.0,2025,2660.0,881.0,LPG(일반인 구입),오토,ORIGINAL,일반,2025-03-19 22:51:15.000 +09,부산,(주)더마니카,208거8963,0,0,0,0.0,0.0,0,0,
38323188,현대,아반떼 AD,1.6 LPI 스타일(렌터카),,201602.0,2016,9999.0,108951.0,LPG(일반인 구입),오토,ORIGINAL,일반,2025-03-19 22:51:09.000 +09,경남,세진모터스,63도0531,1,0,3,42.6708,0.0,0,0,
38152788,현대,더 뉴 아반떼 AD,1.6,스마트,201903.0,2019,1290.0,71591.0,가솔린,오토,ORIGINAL,일반,2025-03-19 22:51:08.000 +09,전북,마이카,385더8831,1,0,2,49.222,0.0,1,0,
38152756,현대,더 뉴 아반떼 AD,1.6,스마트,201902.0,2019,1290.0,84297.0,가솔린,오토,ORIGINAL,일반,2025-03-19 22:51:08.000 +09,전북,마이카,385더8821,2,0,1,108.7621,0.0,1,0,
38230842,현대,아반떼 MD,M16 GDI 럭셔리,,201011.0,2011,560.0,69191.0,가솔린,오토,ORIGINAL,일반,2025-03-19 22:49:41.000 +09,광주,가람모터스,30머7911,4,2,4,113.8644,97.0956,0,0,
39127416,현대,더 뉴 아반떼 AD,1.6,스마트,201906.0,2020,1490.0,31962.0,가솔린,오토,ORIGINAL,일반,2025-03-19 22:49:40.000 +09,광주,가람모터스,39두9747,1,0,1,55.24,0.0,0,0,
37965408,현대,아반떼 AD,1.6 GDI 스마트,(세부등급 없음),201606.0,2016,1100.0,118765.0,가솔린,오토,ORIGINAL,일반,2025-03-19 22:39:57.000 +09,경기,에스제이모터스,225우5362,2,3,3,348.0364,189.2577,1,0,
39159155,현대,아반떼 HD,1.6 VVT E16,디럭스,201007.0,2010,380.0,48742.0,가솔린,오토,ORIGINAL,일반,2025-03-19 22:37:43.000 +09,부산,(주)브로모터스,34노7694,8,3,1,446.6112,125.245,0,0,
39262330,현대,더 뉴 아반떼 AD,1.6,스타일,201905.0,2019,1250.0,76441.0,가솔린,오토,ORIGINAL,일반,2025-03-19 22:37:11.000 +09,경기,스카이모터스,12라1618,1,1,0,87.8669,40.3268,0,0,
39048886,현대,더 뉴 아반떼,1.6 GDi 스마트,기본형,201406.0,2015,599.0,102127.0,가솔린,오토,ORIGINAL,일반,2025-03-19 22:37:07.000 +09,대구,성서 자동차상사,61무1182,4,2,0,240.2481,501.887,0,0,
38781660,현대,아반떼 MD,M16 GDI 프리미어,,201206.0,2012,520.0,120479.0,가솔린,오토,ORIGINAL,일반,2025-03-19 22:30:53.000 +09,울산,뉴에덴상사,24저7461,1,1,4,73.975,36.9528,0,0,
38882296,현대,아반떼 하이브리드,HDeI,이지팩,201001.0,2010,380.0,112150.0,LPG+전기,오토,ORIGINAL,일반,2025-03-19 22:30:53.000 +09,울산,뉴에덴상사,23머4838,1,0,1,27.508,0.0,0,0,
38988343,현대,뉴 아반떼 XD,1.6 VVT 님프,,200604.0,2006,199.0,214210.0,가솔린,오토,ORIGINAL,일반,2025-03-19 22:27:02.000 +09,대구,YJ,06보6000,0,0,1,0.0,0.0,0,0,
38905931,현대,아반떼 MD,M16 GDI 프리미어,,201205.0,2012,380.0,123885.0,가솔린,오토,ORIGINAL,일반,2025-03-19 22:26:51.000 +09,충남,천운모터스,40러2741,4,3,1,372.218,171.1297,0,0,
38568357,현대,더 뉴 아반떼 AD,1.6,스타일,201902.0,2019,1090.0,86030.0,가솔린,오토,ORIGINAL,일반,2025-03-19 22:25:20.000 +09,경기,이지모터스,124보5432,0,0,1,0.0,0.0,1,0,
38966863,현대,아반떼 MD,M16 GDI 에비뉴,,201307.0,2014,600.0,62578.0,가솔린,오토,ORIGINAL,일반,2025-03-19 22:25:06.000 +09,대구,준모터스,18노7472,1,1,1,26.8908,37.8773,0,0,
39210540,현대,더 뉴 아반떼,1.6 GDi 모던,기본형,201501.0,2015,710.0,111793.0,가솔린,오토,ORIGINAL,일반,2025-03-19 22:25:06.000 +09,대구,준모터스,58가5887,5,1,2,326.0099,33.8338,0,0,
38290854,현대,아반떼 하이브리드 (CN7),인스퍼레이션,,202302.0,2023,2580.0,29787.0,가솔린+전기,오토,ORIGINAL,일반,2025-03-19 22:24:04.000 +09,경기,무결점 카모터스,168구2247,0,0,3,0.0,0.0,0,0,
39022906,현대,아반떼 (CN7),1.6,모던,202005.0,2021,1790.0,66660.0,가솔린,오토,ORIGINAL,일반,2025-03-19 22:18:57.000 +09,대전,카인모터스,224도5552,3,0,1,191.6725,0.0,0,0,
39014917,현대,아반떼 (CN7),1.6,모던,202011.0,2021,1790.0,33843.0,가솔린,오토,ORIGINAL,일반,2025-03-19 22:18:56.000 +09,대전,카인모터스,323로2607,0,0,0,0.0,0.0,0,0,
36719584,현대,아반떼 AD,1.6 GDI 스마트,(세부등급 없음),201611.0,2017,990.0,78180.0,가솔린,오토,ORIGINAL,일반,2025-03-19 22:18:56.000 +09,대전,카인모터스,69서0278,3,1,1,364.1219,149.97,0,0,
39250311,현대,더 뉴 아반떼 (CN7),2.0 N,,202404.0,2024,3200.0,2631.0,가솔린,오토,ORIGINAL,일반,2025-03-19 22:17:02.000 +09,경기,돼지카,215소9829,0,0,1,0.0,0.0,0,0,
38663670,현대,아반떼 (CN7),1.6,모던,202210.0,2023,1930.0,26912.0,가솔린,오토,ORIGINAL,일반,2025-03-19 22:16:22.000 +09,부산,제이오토,123머3381,0,0,2,0.0,0.0,0,0,
39214771,현대,아반떼 (CN7),1.6,인스퍼레이션,202303.0,2023,2220.0,51983.0,가솔린,오토,ORIGINAL,일반,2025-03-19 22:16:22.000 +09,부산,제이오토,126서1969,0,0,1,0.0,0.0,0,0,
38897953,현대,아반떼 AD,1.6 GDI 밸류 플러스,,201704.0,2018,990.0,104942.0,가솔린,오토,ORIGINAL,일반,2025-03-19 22:14:55.000 +09,대구,세븐,11거3036,2,3,2,273.705,273.1441,0,0,
37832023,현대,더 뉴 아반떼 AD,1.6,프리미엄,201812.0,2019,1200.0,106143.0,가솔린,오토,ORIGINAL,일반,2025-03-19 22:11:33.000 +09,대전,(주)태경모터스,216도9706,1,0,1,68.591,0.0,1,0,
38678129,현대,아반떼 MD,M16 GDI 럭셔리,,201106.0,2012,340.0,136628.0,가솔린,오토,ORIGINAL,일반,2025-03-19 22:11:02.000 +09,서울,오톰자동차,186구4863,4,0,3,181.175,0.0,1,0,
38904752,현대,더 뉴 아반떼,1.6 VGT 텐밀리언 리미티드,기본형,201505.0,2016,599.0,158524.0,디젤,오토,ORIGINAL,일반,2025-03-19 22:10:31.000 +09,경기,아인모터스,28서5896,3,1,3,400.7,138.324,0,0,
39266568,현대,아반떼 (CN7),1.6,스마트,202103.0,2021,1390.0,64689.0,가솔린,오토,ORIGINAL,일반,2025-03-19 22:09:31.000 +09,전북,베스트모터스,367오7881,0,0,2,0.0,0.0,0,0,
39256248,현대,아반떼 하이브리드 (CN7),스마트,,202102.0,2021,1899.0,31397.0,가솔린+전기,오토,ORIGINAL,일반,2025-03-19 22:07:58.000 +09,경기,오토리카,246보6027,1,0,1,40.929,0.0,1,0,
37931663,현대,아반떼 MD,M16 GDI 프리미어,,201202.0,2012,490.0,120000.0,가솔린,오토,ORIGINAL,일반,2025-03-19 22:06:38.000 +09,부산,신평상사 대표,12무5126,4,1,2,299.0025,59.8874,0,0,
39023153,현대,아반떼 AD,1.6 GDI 밸류 플러스,,201606.0,2016,899.0,90000.0,가솔린,오토,ORIGINAL,일반,2025-03-19 22:06:38.000 +09,부산,신평상사 대표,56라0838,1,0,1,50.0529,0.0,0,0,
38181924,현대,아반떼 HD,1.6 VVT S16,프리미어,200912.0,2010,269.0,160000.0,가솔린,오토,ORIGINAL,일반,2025-03-19 22:06:38.000 +09,부산,신평상사 대표,14수9520,9,3,6,848.049,198.4256,0,0,
38535533,현대,아반떼 하이브리드 (CN7),모던,,202011.0,2021,1910.0,37101.0,가솔린+전기,오토,ORIGINAL,일반,2025-03-19 22:06:10.000 +09,경기,프로모터스,204우9426,1,0,1,65.8813,0.0,1,0,
37775086,현대,더 뉴 아반떼,1.6 GDi 모던,기본형,201309.0,2014,730.0,133550.0,가솔린,오토,ORIGINAL,일반,2025-03-19 22:03:43.000 +09,광주,선경자동차매매상사,28어3756,1,1,0,98.4896,41.3866,0,0,
37563009,현대,더 뉴 아반떼,1.6 GDi 스마트,기본형,201312.0,2014,590.0,148934.0,가솔린,오토,ORIGINAL,일반,2025-03-19 22:03:43.000 +09,광주,선경자동차매매상사,61모9447,1,2,2,123.3258,112.6681,1,0,
39246968,현대,아반떼 AD,1.6 GDI 밸류 플러스,,201707.0,2018,1180.0,73102.0,가솔린,오토,ORIGINAL,일반,2025-03-19 22:03:43.000 +09,광주,선경자동차매매상사,69로4230,3,0,1,121.3411,0.0,0,0,
39247057,현대,아반떼 AD,1.6 GDI 모던,(세부등급 없음),201606.0,2016,1130.0,76990.0,가솔린,오토,ORIGINAL,일반,2025-03-19 22:03:43.000 +09,광주,선경자동차매매상사,37어0775,1,0,0,51.3414,0.0,0,0,
38631723,현대,아반떼 AD,1.6 GDI 모던,(세부등급 없음),201511.0,2016,1150.0,62496.0,가솔린,오토,ORIGINAL,일반,2025-03-19 22:03:43.000 +09,광주,선경자동차매매상사,17거0129,2,1,3,118.7132,36.467,0,0,
39154442,현대,아반떼 쿠페,2.0 GDi 스마트,,201308.0,2014,399.0,143013.0,가솔린,오토,ORIGINAL,일반,2025-03-19 22:02:15.000 +09,대구,날개모터스,56소3035,2,2,3,368.6437,391.4341,0,0,
38372465,현대,아반떼 (CN7),1.6,인스퍼레이션,202009.0,2021,2000.0,35864.0,가솔린,오토,ORIGINAL,일반,2025-03-19 22:01:09.000 +09,경기,블루오토,238구6390,2,0,1,225.9903,0.0,1,0,
39105751,현대,아반떼 AD,1.6 e-VGT 스마트,(세부등급 없음),201609.0,2017,850.0,78687.0,디젤,오토,ORIGINAL,일반,2025-03-19 21:58:12.000 +09,경기,명문자동차,04어0426,0,2,7,0.0,63.7016,0,0,
38428910,현대,더 뉴 아반떼,1.6 GDi 프리미엄,기본형,201311.0,2014,620.0,145000.0,가솔린,오토,ORIGINAL,일반,2025-03-19 21:48:49.000 +09,부산,새롬모터스,41모6277,4,1,3,306.9928,63.7,0,0,
38490097,현대,아반떼 AD,1.6 GDI 밸류 플러스,,201704.0,2017,1150.0,65852.0,가솔린,오토,ORIGINAL,일반,2025-03-19 21:48:21.000 +09,충북,에스에스모터스,369다8990,3,2,3,144.4776,159.083,1,0,
39106190,현대,아반떼 MD,M16 GDI 에비뉴,,201306.0,2014,690.0,56421.0,가솔린,오토,ORIGINAL,일반,2025-03-19 21:46:52.000 +09,부산,준모터스상사,143어3919,1,1,1,39.2288,54.769,1,0,
39173590,현대,더 뉴 아반떼 AD,1.6 LPi,스마트,202003.0,2020,1230.0,79091.0,LPG(일반인 구입),오토,ORIGINAL,일반,2025-03-19 21:46:52.000 +09,부산,준모터스상사,332마6522,3,1,0,195.9248,38.732,0,0,
38964269,현대,더 뉴 아반떼,1.6 GDi 스마트,기본형,201404.0,2014,630.0,116483.0,가솔린,오토,ORIGINAL,일반,2025-03-19 21:44:44.000 +09,서울,하나모터스,25부8952,0,2,1,0.0,75.8609,0,0,
38223591,현대,아반떼 AD,1.6 GDI 모던,(세부등급 없음),201703.0,2017,1050.0,70063.0,가솔린,오토,ORIGINAL,일반,2025-03-19 21:43:54.000 +09,대구,수 모터스,48루7240,4,4,5,309.0167,435.1549,0,0,
39029405,현대,더 뉴 아반떼,1.6 VGT 스마트,기본형,201402.0,2014,430.0,188425.0,디젤,수동,ORIGINAL,일반,2025-03-19 21:43:53.000 +09,대구,수 모터스,43로4492,2,2,2,97.228,407.1771,0,0,
38832123,현대,아반떼 MD,M16 GDI 스마트,,201302.0,2013,540.0,78000.0,가솔린,오토,ORIGINAL,일반,2025-03-19 21:38:11.000 +09,강원,현수중고차,19보5637,4,3,3,316.748,154.117,0,0,
39225254,현대,아반떼 AD,1.6 GDI 밸류 플러스,,201703.0,2017,930.0,74346.0,가솔린,오토,ORIGINAL,일반,2025-03-19 21:38:01.000 +09,경북,마루자동차매매상사,27다4133,3,1,1,198.0869,354.3773,0,0,
39170684,현대,아반떼 MD,M16 GDI 럭셔리,,201208.0,2012,410.0,128755.0,가솔린,오토,ORIGINAL,일반,2025-03-19 21:26:28.000 +09,대전,로또자동차(주),67오2522,6,2,6,571.9342,133.182,0,0,
38951909,현대,아반떼 MD,M16 GDI 탑,,201010.0,2011,490.0,154079.0,가솔린,오토,ORIGINAL,일반,2025-03-19 21:26:28.000 +09,대전,로또자동차(주),32로8756,1,4,6,32.305,1043.9502,0,0,
38951804,현대,아반떼 MD,M16 GDI 럭셔리,,201009.0,2011,439.0,95968.0,가솔린,오토,ORIGINAL,일반,2025-03-19 21:26:28.000 +09,대전,로또자동차(주),22누5214,5,3,2,564.9355,822.3,0,0,
38372444,현대,아반떼 MD,M16 GDI 럭셔리,,201101.0,2011,399.0,128562.0,가솔린,오토,ORIGINAL,일반,2025-03-19 21:26:28.000 +09,대전,로또자동차(주),17주7507,8,2,2,846.4952,140.003,0,0,
38274169,현대,아반떼 MD,M16 GDI 탑,,201201.0,2012,459.0,123582.0,가솔린,오토,ORIGINAL,일반,2025-03-19 21:26:28.000 +09,대전,로또자동차(주),20머2654,7,4,2,531.633,832.1629,0,0,
39142336,현대,더 뉴 아반떼,1.6 VGT 모던,기본형,201312.0,2014,530.0,119935.0,디젤,오토,ORIGINAL,일반,2025-03-19 21:26:03.000 +09,경기,더케이모터스,11구7285,2,1,4,110.7397,114.6188,1,0,
38558309,현대,더 뉴 아반떼 AD,1.6,스마트,201903.0,2019,1380.0,71789.0,가솔린,오토,ORIGINAL,일반,2025-03-19 21:24:28.000 +09,충북,JS모터스,173더3349,1,0,3,291.3114,0.0,1,0,
39170642,현대,아반떼 (CN7),1.6 터보 N Line,인스퍼레이션,202301.0,2023,2199.0,33665.0,가솔린,오토,ORIGINAL,일반,2025-03-19 21:24:24.000 +09,울산,타다모터스,139모2353,0,0,1,0.0,0.0,0,0,
39105799,현대,더 뉴 아반떼,1.6 GDi 스마트,기본형,201401.0,2014,499.0,209368.0,가솔린,오토,ORIGINAL,일반,2025-03-19 21:24:11.000 +09,경기,통일모터스,17루1953,5,4,1,437.2415,487.2688,0,0,
39262089,현대,아반떼 (CN7),2.0 N,,202212.0,2023,2990.0,16292.0,가솔린,오토,ORIGINAL,일반,2025-03-19 21:23:44.000 +09,울산,이성민,229고8165,0,0,0,0.0,0.0,0,0,
37900964,현대,아반떼 MD,M16 GDI 스마트,,201210.0,2013,560.0,87269.0,가솔린,오토,ORIGINAL,일반,2025-03-19 21:23:30.000 +09,부산,창진모터스,69어6170,0,4,1,0.0,291.927,0,0,
38634373,현대,더 뉴 아반떼 AD,1.6,스타일,201908.0,2020,1050.0,130951.0,가솔린,오토,ORIGINAL,일반,2025-03-19 21:23:30.000 +09,부산,창진모터스,152머9756,2,2,1,223.4564,140.202,1,0,
38409085,현대,아반떼 MD,M16 GDI 럭셔리,,201207.0,2012,590.0,61964.0,가솔린,오토,ORIGINAL,일반,2025-03-19 21:23:08.000 +09,부산,창진모터스,16가3825,2,0,1,189.695,0.0,0,0,
39170781,현대,아반떼 (CN7),1.6,인스퍼레이션,202112.0,2022,2010.0,42642.0,가솔린,오토,ORIGINAL,일반,2025-03-19 21:10:59.000 +09,경기,(주)청구모터스,350러2732,1,0,2,44.138,0.0,0,0,
39101531,현대,아반떼 AD,1.6 GDI 모던,(세부등급 없음),201601.0,2016,990.0,101947.0,가솔린,오토,ORIGINAL,일반,2025-03-19 21:10:59.000 +09,경기,(주)청구모터스,56저0195,1,1,4,30.0578,46.02,0,0,
38125360,현대,아반떼 AD,1.6 GDI 스마트,(세부등급 없음),201604.0,2016,780.0,133200.0,가솔린,오토,ORIGINAL,일반,2025-03-19 21:10:09.000 +09,충남,천공자동차매매상사,20오0652,2,1,4,203.286,223.761,0,0,
38777703,현대,아반떼 AD,1.6 LPI 스마트(렌터카),,201603.0,2016,720.0,157392.0,LPG(일반인 구입),오토,ORIGINAL,일반,2025-03-19 21:10:09.000 +09,충남,천공자동차매매상사,60머2884,1,2,3,175.6,161.1972,1,0,
38911566,현대,아반떼 AD,1.6 GDI 밸류 플러스,,201702.0,2017,920.0,105169.0,가솔린,오토,ORIGINAL,일반,2025-03-19 21:10:09.000 +09,충남,천공자동차매매상사,40나4443,1,0,1,63.013,0.0,0,0,
38625394,현대,아반떼 MD,M16 GDI 모던,,201303.0,2013,599.0,107041.0,가솔린,오토,ORIGINAL,일반,2025-03-19 20:57:34.000 +09,충남,천마상사,51조6528,3,1,1,379.6696,362.9629,0,0,
37919950,현대,아반떼 MD,M16 GDI 럭셔리,,201012.0,2011,430.0,119157.0,가솔린,오토,ORIGINAL,일반,2025-03-19 20:57:34.000 +09,충남,천마상사,69노2536,5,3,11,251.5311,98.516,0,0,
39128231,현대,아반떼 (CN7),1.6,인스퍼레이션,202205.0,2023,2090.0,52875.0,가솔린,오토,ORIGINAL,일반,2025-03-19 20:56:59.000 +09,충북,하나모터스,191노7786,0,0,1,0.0,0.0,1,0,
38740750,현대,아반떼 AD,1.6 GDI 모던,스페셜,201601.0,2016,1150.0,101849.0,가솔린,오토,ORIGINAL,일반,2025-03-19 20:56:24.000 +09,대구,아이엠모터스,35머0877,2,0,1,154.6503,0.0,0,0,
39032470,현대,더 뉴 아반떼,1.6 GDi 모던,기본형,201411.0,2015,870.0,76921.0,가솔린,오토,ORIGINAL,일반,2025-03-19 20:56:24.000 +09,대구,아이엠모터스,30저4012,5,3,3,312.2158,458.0669,0,0,
39140619,현대,더 뉴 아반떼 AD,1.6,스마트,201903.0,2019,1490.0,41275.0,가솔린,오토,ORIGINAL,일반,2025-03-19 20:51:59.000 +09,충북,태경모터스,09로5912,4,0,1,259.8755,0.0,0,0,
38957884,현대,아반떼 (CN7),1.6,모던,202012.0,2021,1690.0,30179.0,가솔린,오토,ORIGINAL,일반,2025-03-19 20:51:59.000 +09,충북,태경모터스,167노1934,0,1,1,0.0,47.4148,1,0,
38962409,현대,아반떼 하이브리드,HDeI,이지팩,200911.0,2010,269.0,160640.0,LPG+전기,오토,ORIGINAL,일반,2025-03-19 20:51:08.000 +09,부산,(주)카맨,69어4991,4,2,1,432.048,80.854,0,0,
39115380,현대,더 뉴 아반떼,1.6 LPi 스타일,,201408.0,2015,449.0,166549.0,LPG(일반인 구입),오토,ORIGINAL,일반,2025-03-19 20:51:07.000 +09,부산,(주)카맨,382두7044,3,4,2,696.504,381.6857,1,0,
39013890,현대,아반떼 MD,M16 GDI 모던,,201211.0,2013,439.0,159236.0,가솔린,오토,ORIGINAL,일반,2025-03-19 20:51:07.000 +09,부산,(주)카맨,23나9478,2,2,1,127.3434,264.854,0,0,
38832966,현대,더 뉴 아반떼,1.6 GDi 모던,기본형,201403.0,2014,519.0,189674.0,가솔린,오토,ORIGINAL,일반,2025-03-19 20:51:07.000 +09,부산,(주)카맨,26두6290,3,2,4,802.3264,79.9371,0,0,
39086419,현대,아반떼 AD,1.6 터보 스포츠,(세부등급 없음),201610.0,2017,989.0,136010.0,가솔린,수동,ORIGINAL,일반,2025-03-19 20:51:07.000 +09,부산,(주)카맨,14조0216,2,0,0,318.5025,0.0,0,0,
39033311,현대,아반떼 AD,1.6 e-VGT 스마트,(세부등급 없음),201512.0,2016,950.0,67193.0,디젤,오토,ORIGINAL,일반,2025-03-19 20:48:57.000 +09,대구,등대모터스,28모5685,5,2,6,533.0507,59.604,0,0,
38588464,현대,아반떼 AD,1.6 터보 스포츠,(세부등급 없음),201611.0,2017,949.0,132931.0,가솔린,오토,ORIGINAL,일반,2025-03-19 20:46:26.000 +09,경기,오토프라임,41보5480,1,0,4,119.1269,0.0,0,0,
38891997,현대,아반떼 하이브리드 (CN7),모던,,202208.0,2023,2350.0,14558.0,가솔린+전기,오토,ORIGINAL,일반,2025-03-19 20:46:04.000 +09,충북,뉴현대 MOTORS,212서1094,0,0,1,0.0,0.0,1,0,
38957188,현대,아반떼 (CN7),1.6 LPi (렌터카),스마트,202011.0,2021,1580.0,53855.0,LPG(일반인 구입),오토,ORIGINAL,일반,2025-03-19 20:41:43.000 +09,대전,(주)홈카,104조4373,1,0,2,94.971,0.0,1,0,
38855150,현대,아반떼 (CN7),1.6 LPi (렌터카),스타일,202101.0,2021,1150.0,84844.0,LPG(일반인 구입),오토,ORIGINAL,일반,2025-03-19 20:35:55.000 +09,인천,케이비모터스,143고8816,1,0,2,165.1753,0.0,1,0,
39139959,현대,아반떼 (CN7),1.6,인스퍼레이션,202006.0,2021,1550.0,134473.0,가솔린,오토,ORIGINAL,일반,2025-03-19 20:30:05.000 +09,강원,유진자동차,172로1190,0,0,1,0.0,0.0,0,0,
39043470,현대,더 뉴 아반떼,1.6 GDi 프리미엄,기본형,201410.0,2015,760.0,100673.0,가솔린,오토,ORIGINAL,일반,2025-03-19 20:29:02.000 +09,부산,광덕모터스,62노7236,1,0,1,70.124,0.0,0,0,
39199074,현대,아반떼 AD,1.6 LPI 스타일(렌터카),,201611.0,2017,750.0,115064.0,LPG(일반인 구입),오토,ORIGINAL,일반,2025-03-19 20:26:47.000 +09,경기,카스토어,69서0178,1,0,3,121.2804,0.0,0,0,
38884629,현대,더 뉴 아반떼,1.6 GDi 모던,기본형,201405.0,2015,549.0,166423.0,가솔린,오토,ORIGINAL,일반,2025-03-19 20:23:14.000 +09,충남,신세계자동차,53버6357,7,3,6,1127.3031,191.9886,1,0,
39081364,현대,아반떼 MD,M16 GDI 에비뉴,,201303.0,2013,579.0,114330.0,가솔린,오토,ORIGINAL,일반,2025-03-19 20:23:14.000 +09,충남,신세계자동차,58모3035,3,2,3,313.5915,236.74,0,0,
39213518,현대,아반떼 (CN7),1.6,인스퍼레이션,202303.0,2023,2199.0,49580.0,가솔린,오토,ORIGINAL,일반,2025-03-19 20:18:13.000 +09,대구,트러스트 오토모빌,238무1503,0,0,0,0.0,0.0,0,0,
39262556,현대,아반떼 (CN7),1.6,모던,202101.0,2021,1789.0,73625.0,가솔린,오토,ORIGINAL,일반,2025-03-19 20:14:49.000 +09,경기,오토프라임,226더9805,0,0,1,0.0,0.0,1,0,
38631822,현대,아반떼 AD,1.6 GDI 밸류 플러스,,201708.0,2018,1350.0,38605.0,가솔린,오토,ORIGINAL,일반,2025-03-19 20:11:25.000 +09,울산,울산N모터스,07소7677,1,1,3,52.875,101.5,0,0,
38735949,현대,아반떼 AD,1.6 터보 스포츠,(세부등급 없음),201807.0,2018,1499.0,60930.0,가솔린,오토,ORIGINAL,일반,2025-03-19 20:11:25.000 +09,울산,울산N모터스,64도7361,0,1,0,0.0,0.0,0,0,
38970202,현대,아반떼 AD,1.6 터보 스포츠,익스트림 셀렉션,201709.0,2018,1090.0,82890.0,가솔린,오토,ORIGINAL,일반,2025-03-19 20:11:02.000 +09,부산,해성모터스,33나2696,2,0,7,183.9089,0.0,0,0,
39144440,현대,아반떼 AD,1.6 GDI 모던,스페셜,201512.0,2016,1220.0,54005.0,가솔린,오토,ORIGINAL,일반,2025-03-19 20:10:12.000 +09,경기,제이디모터스,50우0536,4,0,0,205.0201,0.0,0,0,
37144536,현대,아반떼 MD,M16 GDI 럭셔리,,201203.0,2012,480.0,119819.0,가솔린,수동,ORIGINAL,일반,2025-03-19 20:08:19.000 +09,전북,스마일모터스,311로4288,0,1,1,0.0,62.623,1,0,
38760248,현대,아반떼 AD,1.6 GDI 밸류 플러스,,201711.0,2018,1170.0,100553.0,가솔린,오토,ORIGINAL,일반,2025-03-19 20:08:06.000 +09,전북,스마일모터스,08고5628,4,2,1,343.2071,189.026,0,0,
39190589,현대,아반떼 MD,M16 GDI 디럭스,,201105.0,2011,470.0,66615.0,가솔린,오토,ORIGINAL,일반,2025-03-19 20:02:22.000 +09,서울,비케이투모터스,46모6271,1,1,4,37.358,39.793,0,0,
38332502,현대,아반떼 MD,M16 GDI 프리미엄,,201301.0,2013,559.0,90700.0,가솔린,오토,ORIGINAL,일반,2025-03-19 19:49:42.000 +09,대구,해성모터스 ,20너5886,5,4,3,781.655,407.5408,0,0,
37940579,현대,아반떼 MD,M16 GDI 에비뉴,,201301.0,2013,539.0,113500.0,가솔린,오토,ORIGINAL,일반,2025-03-19 19:49:42.000 +09,대구,해성모터스 ,50주5885,3,0,3,156.944,0.0,0,0,
39190736,현대,더 뉴 아반떼 (CN7),1.6,인스퍼레이션,202308.0,2024,2370.0,26800.0,가솔린,오토,ORIGINAL,일반,2025-03-19 19:49:21.000 +09,경기,얄개자동차,213조6917,0,0,1,0.0,0.0,0,0,
39190566,현대,더 뉴 아반떼 (CN7),1.6,인스퍼레이션,202304.0,2024,2330.0,23762.0,가솔린,오토,ORIGINAL,일반,2025-03-19 19:49:21.000 +09,경기,얄개자동차,148모7315,0,0,1,0.0,0.0,0,0,
39258433,현대,더 뉴 아반떼,1.6 GDi 스마트,기본형,201311.0,2014,590.0,74198.0,가솔린,오토,ORIGINAL,일반,2025-03-19 19:48:03.000 +09,대전,엠오토월드 주식회사,34우3886,4,3,4,309.6551,178.2208,0,0,
39196859,현대,아반떼 (CN7),2.0 N,,202112.0,2022,2290.0,63407.0,가솔린,오토,ORIGINAL,일반,2025-03-19 19:47:07.000 +09,경기,스마일 자동차,361노5119,1,1,2,713.6778,76.869,0,0,
39234328,현대,아반떼 AD,1.6 GDI 밸류 플러스,,201711.0,2018,1090.0,88615.0,가솔린,오토,ORIGINAL,일반,2025-03-19 19:45:30.000 +09,경남,메이저모터스,03루8081,0,0,2,0.0,0.0,0,0,
38760009,현대,아반떼 AD,1.6 GDI 스마트,(세부등급 없음),201601.0,2016,760.0,116512.0,가솔린,오토,ORIGINAL,일반,2025-03-19 19:45:30.000 +09,경남,메이저모터스,45주0464,5,1,3,181.661,150.0,0,0,
39188596,현대,아반떼 MD,M16 GDI 스마트,,201211.0,2013,590.0,126241.0,가솔린,오토,ORIGINAL,일반,2025-03-19 19:45:30.000 +09,경남,메이저모터스,56마1986,0,1,2,0.0,59.38,0,0,
39215721,현대,아반떼 AD,1.6 GDI 스타일,,201604.0,2016,860.0,54532.0,가솔린,오토,ORIGINAL,일반,2025-03-19 19:45:30.000 +09,경남,메이저모터스,18두6505,0,0,5,0.0,0.0,1,0,
38910267,현대,더 뉴 아반떼,1.6 GDi 모던,기본형,201310.0,2014,490.0,136099.0,가솔린,오토,ORIGINAL,일반,2025-03-19 19:40:56.000 +09,경기,중고차마트,41서9025,2,0,4,148.1526,0.0,0,0,
37961574,현대,아반떼 MD,M16 GDI 디럭스,,201106.0,2012,380.0,119086.0,가솔린,오토,ORIGINAL,일반,2025-03-19 19:38:44.000 +09,광주,용진모터스,20도6754,4,0,7,245.3554,0.0,0,0,
38369158,현대,아반떼 (CN7),1.6,모던,202101.0,2021,1530.0,56907.0,가솔린,오토,ORIGINAL,일반,2025-03-19 19:38:44.000 +09,광주,용진모터스,339라3692,1,0,1,70.421,0.0,1,0,
38717251,현대,아반떼 MD,M16 GDI 스마트,,201304.0,2013,450.0,160344.0,가솔린,오토,ORIGINAL,일반,2025-03-19 19:31:33.000 +09,경남,선경모터스,50조3893,0,2,3,0.0,184.705,0,0,
39057673,현대,아반떼 AD,1.6 GDI 모던,(세부등급 없음),201601.0,2016,960.0,96202.0,가솔린,오토,ORIGINAL,일반,2025-03-19 19:31:33.000 +09,경남,선경모터스,49저0956,4,1,6,338.7041,82.0119,0,0,
38716386,현대,더 뉴 아반떼,1.6 GDi 스마트,기본형,201309.0,2014,530.0,136161.0,가솔린,오토,ORIGINAL,일반,2025-03-19 19:31:32.000 +09,경남,선경모터스,62소9541,1,2,1,107.1728,409.7358,0,0,
38445303,현대,더 뉴 아반떼,1.6 GDi 스타일,,201311.0,2014,450.0,155069.0,가솔린,오토,ORIGINAL,일반,2025-03-19 19:30:58.000 +09,경기,명문자동차,26모4448,2,5,4,86.4906,434.6134,0,0,
37874659,현대,아반떼 AD,1.6 GDI 밸류 플러스,,201705.0,2017,1090.0,94000.0,가솔린,오토,ORIGINAL,일반,2025-03-19 19:17:09.000 +09,충남,착한중고차,107너6833,1,0,1,50.9953,0.0,1,0,
37534559,현대,아반떼 AD,1.6 GDI 모던,(세부등급 없음),201602.0,2016,1080.0,92555.0,가솔린,오토,ORIGINAL,일반,2025-03-19 19:15:41.000 +09,대전,카머니대부(주),12우0581,1,1,2,33.62,52.439,0,0,
38778765,현대,더 뉴 아반떼,1.6 GDi 스마트,기본형,201412.0,2015,520.0,95000.0,가솔린,오토,ORIGINAL,일반,2025-03-19 19:12:32.000 +09,서울,케이비모터스,37부8896,2,1,0,191.5528,81.845,0,0,
38392885,현대,아반떼 AD,1.6 GDI 프리미엄,,201607.0,2017,890.0,54740.0,가솔린,오토,ORIGINAL,일반,2025-03-19 19:11:59.000 +09,경기,정모터스,53더0451,4,1,3,498.0811,623.1228,0,0,
38838736,현대,아반떼 MD,M16 GDI 에비뉴,,201303.0,2013,520.0,112787.0,가솔린,오토,ORIGINAL,일반,2025-03-19 19:10:43.000 +09,경남,차차차모터스,57소7396,4,3,1,368.473,119.012,0,0,
39130003,현대,아반떼 MD,LPI M16 디럭스,,201208.0,2012,299.0,189780.0,LPG(일반인 구입),오토,ORIGINAL,일반,2025-03-19 19:10:43.000 +09,경남,차차차모터스,28너0291,3,2,3,219.4718,156.669,1,0,
39111522,현대,아반떼 (CN7),1.6,모던,202007.0,2021,9999.0,48621.0,가솔린,오토,ORIGINAL,일반,2025-03-19 19:07:12.000 +09,대전,로또자동차,141다7518,1,0,2,145.244,0.0,1,0,
39074893,현대,더 뉴 아반떼 AD,1.6,스마트 초이스,201909.0,2020,1290.0,92784.0,가솔린,오토,ORIGINAL,일반,2025-03-19 18:54:12.000 +09,대전,(주)리렌카,150누3567,1,0,2,92.6,0.0,0,0,
38877123,현대,아반떼 (CN7),1.6 LPi (렌터카),스타일,202011.0,2021,1190.0,143547.0,LPG(일반인 구입),오토,ORIGINAL,일반,2025-03-19 18:51:32.000 +09,경기,제이모터스,174루3506,0,0,4,0.0,0.0,1,0,
39009708,현대,아반떼 (CN7),1.6 LPi (렌터카),스타일,202012.0,2021,1190.0,144280.0,LPG(일반인 구입),오토,ORIGINAL,일반,2025-03-19 18:51:32.000 +09,경기,제이모터스,212도9663,1,0,1,0.0,0.0,1,0,
39187993,현대,아반떼 MD,M16 GDI 스타일,,201302.0,2013,430.0,100196.0,가솔린,수동,ORIGINAL,일반,2025-03-19 18:39:51.000 +09,서울,주식회사 하이마이카,27부5351,1,0,3,26.966,0.0,0,0,
38673719,현대,아반떼 하이브리드 (CN7),모던,,202009.0,2021,1199.0,167489.0,가솔린+전기,오토,ORIGINAL,일반,2025-03-19 18:38:03.000 +09,경기,(주)왕카,153어7224,0,0,1,0.0,0.0,1,0,
38721939,현대,아반떼 하이브리드 (CN7),모던,,202009.0,2021,1149.0,172695.0,가솔린+전기,오토,ORIGINAL,일반,2025-03-19 18:38:02.000 +09,경기,(주)왕카,138다9128,1,3,1,98.624,110.7218,1,0,
38562245,현대,아반떼 하이브리드 (CN7),모던,,202009.0,2021,1199.0,173478.0,가솔린+전기,오토,ORIGINAL,일반,2025-03-19 18:38:02.000 +09,경기,(주)왕카,164머6654,4,0,1,199.412,0.0,1,0,
37018713,현대,아반떼 (CN7),2.0 N,,202109.0,2022,2670.0,29499.0,가솔린,오토,ORIGINAL,일반,2025-03-19 18:37:49.000 +09,대구,NEW해성모터스,153우1212,2,0,0,938.4149,0.0,0,0,
39240746,현대,아반떼 MD,M16 GDI 럭셔리,,201009.0,2011,430.0,126000.0,가솔린,오토,ORIGINAL,일반,2025-03-19 18:29:39.000 +09,부산,대경모터스,13누6652,6,2,5,280.5736,114.4878,0,0,
38902595,현대,아반떼 (CN7),1.6,스마트,202207.0,2023,1650.0,14000.0,가솔린,오토,ORIGINAL,일반,2025-03-19 18:29:39.000 +09,부산,대경모터스,261버5340,0,0,1,0.0,0.0,0,0,
39233937,현대,더 뉴 아반떼 (CN7),2.0 N,,202401.0,2024,66.0,6590.0,가솔린,오토,ORIGINAL,리스,2025-03-19 18:27:22.000 +09,경기,(주) 퍼스트,361누5884,0,0,0,0.0,0.0,0,0,
38916532,현대,아반떼 (CN7),1.6 터보 N Line,스포츠,202104.0,2021,32.0,78940.0,가솔린,오토,ORIGINAL,리스,2025-03-19 18:27:22.000 +09,경기,(주) 퍼스트,141호4360,1,0,0,56.8956,0.0,0,0,
39128907,현대,더 뉴 아반떼 (CN7),2.0 N,,202401.0,2024,3280.0,6599.0,가솔린,오토,ORIGINAL,일반,2025-03-19 18:27:22.000 +09,경기,(주) 퍼스트,361누5884,0,0,0,0.0,0.0,0,0,
37602037,현대,아반떼 MD,M16 GDI 디럭스,,201111.0,2012,499.0,60232.0,가솔린,오토,ORIGINAL,일반,2025-03-19 18:27:05.000 +09,대구,카 리더스 클럽,24로5087,4,1,3,186.024,12.14,0,0,
39174169,현대,아반떼 AD,1.6 GDI 스마트,(세부등급 없음),201510.0,2016,670.0,140548.0,가솔린,오토,ORIGINAL,일반,2025-03-19 18:27:05.000 +09,대구,카 리더스 클럽,06더2554,3,3,10,356.389,426.0026,2,0,
37245784,현대,더 뉴 아반떼,1.6 GDi 모던,기본형,201405.0,2014,670.0,128188.0,가솔린,오토,ORIGINAL,일반,2025-03-19 18:26:57.000 +09,울산,진장모터스,51고9556,1,1,3,45.306,23.9606,0,0,
38753881,현대,아반떼 (CN7),1.6 LPi,스마트,202011.0,2021,1030.0,131000.0,LPG(일반인 구입),오토,ORIGINAL,일반,2025-03-19 18:24:59.000 +09,경북,경산한성자동차매매상사,288구1363,2,0,1,917.613,0.0,1,0,
39092128,현대,아반떼 MD,M16 GDI 럭셔리,,201110.0,2012,529.0,87119.0,가솔린,오토,ORIGINAL,일반,2025-03-19 18:24:51.000 +09,서울,마루모터스,38러2006,2,1,2,62.5428,170.0,0,0,
39072809,현대,아반떼 MD,M16 GDI 탑,,201109.0,2012,530.0,149809.0,가솔린,오토,ORIGINAL,일반,2025-03-19 18:23:54.000 +09,부산,로다오토,49주4372,0,0,2,0.0,0.0,0,0,
39086336,현대,아반떼 AD,1.6 GDI 밸류 플러스,,201801.0,2018,820.0,163780.0,가솔린,오토,ORIGINAL,일반,2025-03-19 18:12:48.000 +09,대구,용마자동차상사,175두3708,3,2,3,75.5299,110.8928,1,0,
39181500,현대,아반떼 (CN7),1.6,모던,202301.0,2023,1700.0,39237.0,가솔린,오토,ORIGINAL,일반,2025-03-19 18:07:44.000 +09,서울,뉴에버모터스,116허7224,0,0,0,0.0,0.0,0,0,
39063765,현대,더 뉴 아반떼,1.6 GDi 스마트,기본형,201311.0,2014,730.0,44338.0,가솔린,오토,ORIGINAL,일반,2025-03-19 18:06:59.000 +09,경기,(주)정직한놈들,55무6506,1,0,3,57.0085,0.0,0,0,
38310688,현대,아반떼 AD,1.6 LPI 스타일(렌터카),,201704.0,2018,700.0,144090.0,LPG(일반인 구입),오토,ORIGINAL,일반,2025-03-19 18:02:06.000 +09,대구,경성모터스,134다9171,2,1,2,135.9563,50.0,1,0,
39236661,현대,더 뉴 아반떼,1.6 GDi 모던,기본형,201412.0,2015,690.0,17038.0,가솔린,오토,ORIGINAL,일반,2025-03-19 18:01:28.000 +09,인천,유성모터스,42조4239,2,1,1,523.2943,81.8537,0,0,
39132478,현대,아반떼 AD,1.6 GDI 스타일,,201603.0,2016,590.0,82938.0,가솔린,수동,ORIGINAL,일반,2025-03-19 18:01:28.000 +09,인천,유성모터스,54모0782,2,5,1,129.1047,823.303,0,0,
39125981,현대,더 뉴 아반떼,1.6 GDi 스타일,,201310.0,2014,450.0,162000.0,가솔린,오토,ORIGINAL,일반,2025-03-19 17:58:00.000 +09,경기,하늘모터스,52어3029,4,0,2,235.517,0.0,1,0,
39262088,현대,아반떼 AD,1.6 GDI 스타일,,201605.0,2016,650.0,150000.0,가솔린,오토,ORIGINAL,일반,2025-03-19 17:58:00.000 +09,경기,하늘모터스,43라0977,6,7,4,887.912,492.5799,0,0,
39052646,현대,아반떼 AD,1.6 GDI 스마트,(세부등급 없음),201606.0,2017,799.0,144320.0,가솔린,오토,ORIGINAL,일반,2025-03-19 17:57:16.000 +09,경기,21세기자동차,56머0652,2,2,3,107.0543,262.5933,0,0,
38852676,현대,아반떼 (CN7),1.6 터보 N Line,인스퍼레이션,202205.0,2023,2140.0,63695.0,가솔린,오토,ORIGINAL,일반,2025-03-19 17:56:26.000 +09,경기,(주)스타오토넷,188거7378,0,0,1,0.0,0.0,0,0,
39270312,현대,아반떼 AD,1.6 GDI 모던,(세부등급 없음),201702.0,2017,850.0,141714.0,가솔린,오토,ORIGINAL,일반,2025-03-19 17:53:24.000 +09,대구,SB모터스,29저0237,2,1,2,619.2089,168.0,0,0,
38861519,현대,더 뉴 아반떼 AD,1.6,스마트,201811.0,2019,1150.0,77093.0,가솔린,오토,ORIGINAL,일반,2025-03-19 17:46:55.000 +09,대전,대동모터스,142모2418,0,1,5,0.0,90.0,1,0,
38810596,현대,아반떼 AD,1.6 GDI 밸류 플러스,,201610.0,2017,990.0,61778.0,가솔린,오토,ORIGINAL,일반,2025-03-19 17:46:54.000 +09,부산,차파는최부장,04너6489,6,1,1,342.1714,92.293,1,0,
39233472,현대,더 뉴 아반떼,1.6 GDi 모던,기본형,201506.0,2016,799.0,59576.0,가솔린,오토,ORIGINAL,일반,2025-03-19 17:46:54.000 +09,부산,차파는최부장,12서8702,1,1,3,45.731,65.0,1,0,
39195276,현대,아반떼 AD,1.6 GDI 스마트,(세부등급 없음),201606.0,2016,880.0,120000.0,가솔린,오토,ORIGINAL,일반,2025-03-19 17:45:08.000 +09,부산,진모터스,281너8428,4,2,4,237.9023,57.2666,1,0,
38960924,현대,아반떼 (CN7),1.6 터보 N Line,인스퍼레이션,202011.0,2021,2200.0,29244.0,가솔린,오토,ORIGINAL,일반,2025-03-19 17:43:56.000 +09,광주,진흥자동차,124가9953,2,1,3,282.1944,266.2253,0,0,
39015572,현대,아반떼 하이브리드 (CN7),스마트,,202101.0,2021,1670.0,83204.0,가솔린+전기,오토,ORIGINAL,일반,2025-03-19 17:40:31.000 +09,광주,J-AUTO(제이오토),130나9522,0,0,1,0.0,0.0,1,0,
38641395,현대,아반떼 하이브리드 (CN7),모던,,202107.0,2021,1870.0,66827.0,가솔린+전기,오토,ORIGINAL,일반,2025-03-19 17:40:30.000 +09,광주,J-AUTO(제이오토),102수9751,0,0,1,0.0,0.0,1,0,
38112347,현대,아반떼 (CN7),1.6,모던,202007.0,2021,1620.0,58030.0,가솔린,오토,ORIGINAL,일반,2025-03-19 17:40:30.000 +09,광주,J-AUTO(제이오토),245다1785,0,0,1,0.0,0.0,1,0,
38605210,현대,아반떼 하이브리드 (CN7),모던,,202107.0,2021,1799.0,71733.0,가솔린+전기,오토,ORIGINAL,일반,2025-03-19 17:40:30.000 +09,광주,J-AUTO(제이오토),114너7830,1,1,1,65.3928,0.0,1,0,
38583787,현대,아반떼 하이브리드 (CN7),스마트,,202103.0,2021,1650.0,85405.0,가솔린+전기,오토,ORIGINAL,일반,2025-03-19 17:40:30.000 +09,광주,J-AUTO(제이오토),114너7828,0,1,1,0.0,71.85,1,0,
38054865,현대,아반떼 (CN7),1.6 LPi (렌터카),스타일,202006.0,2021,1199.0,88998.0,LPG(일반인 구입),오토,ORIGINAL,일반,2025-03-19 17:40:30.000 +09,광주,J-AUTO(제이오토),352마8164,0,1,1,0.0,49.5072,1,0,
38429888,현대,아반떼 하이브리드 (CN7),모던,,202107.0,2021,1870.0,77942.0,가솔린+전기,오토,ORIGINAL,일반,2025-03-19 17:40:30.000 +09,광주,J-AUTO(제이오토),339라3637,0,0,1,0.0,0.0,1,0,
39168986,현대,아반떼 (CN7),1.6,스마트,202007.0,2021,1470.0,62085.0,가솔린,오토,ORIGINAL,일반,2025-03-19 17:40:29.000 +09,광주,J-AUTO(제이오토),239무2962,1,0,1,34.482,0.0,1,0,
38720315,현대,아반떼 (CN7),1.6,인스퍼레이션,202011.0,2021,1990.0,48798.0,가솔린,오토,ORIGINAL,일반,2025-03-19 17:33:38.000 +09,부산,위카,180소8325,2,1,3,288.086,79.254,0,0,
38597273,현대,아반떼 MD,M16 GDI 럭셔리,,201010.0,2011,380.0,123224.0,가솔린,오토,ORIGINAL,일반,2025-03-19 17:32:03.000 +09,대구,중앙모터스,57러1084,13,11,2,1044.6626,727.5384,0,0,
39217112,현대,아반떼 MD,M16 GDI 럭셔리,,201103.0,2011,399.0,132526.0,가솔린,오토,ORIGINAL,일반,2025-03-19 17:32:03.000 +09,대구,중앙모터스,68나3791,4,4,2,328.683,136.3456,0,0,
39266650,현대,더 뉴 아반떼 AD,1.6,스마트,201911.0,2020,1050.0,125486.0,가솔린,오토,ORIGINAL,일반,2025-03-19 17:31:13.000 +09,경기,(주)은총,150부9238,1,0,1,80.502,0.0,1,0,
38954190,현대,아반떼 AD,1.6 GDI 밸류 플러스,,201802.0,2018,1020.0,104697.0,가솔린,오토,ORIGINAL,일반,2025-03-19 17:28:36.000 +09,대구,대구오토 모터스,06너7546,3,2,1,534.224,160.649,0,0,
38138791,현대,아반떼 AD,1.6 GDI 밸류 플러스,,201701.0,2017,980.0,124530.0,가솔린,오토,ORIGINAL,일반,2025-03-19 17:28:36.000 +09,대구,대구오토 모터스,28다3923,5,0,2,668.261,0.0,0,0,
38954176,현대,아반떼 AD,1.6 GDI 밸류 플러스,,201711.0,2018,1070.0,101661.0,가솔린,오토,ORIGINAL,일반,2025-03-19 17:28:36.000 +09,대구,대구오토 모터스,164주6705,0,0,3,0.0,0.0,1,0,
38930268,현대,아반떼 AD,1.6 GDI 스마트,(세부등급 없음),201703.0,2017,1050.0,98993.0,가솔린,오토,ORIGINAL,일반,2025-03-19 17:28:36.000 +09,대구,대구오토 모터스,05모1426,3,3,3,343.511,319.327,0,0,
38960611,현대,아반떼 AD,1.6 GDI 스마트,(세부등급 없음),201702.0,2017,970.0,127208.0,가솔린,오토,ORIGINAL,일반,2025-03-19 17:28:36.000 +09,대구,대구오토 모터스,42서1729,1,0,1,137.08,0.0,0,0,
39017057,현대,더 뉴 아반떼,1.6 LPi 스마트,,201504.0,2016,550.0,199515.0,LPG(일반인 구입),오토,ORIGINAL,일반,2025-03-19 17:24:33.000 +09,경북,하나로모터스,42나6074,4,1,3,287.5305,395.0,1,0,
39266997,현대,아반떼 AD,1.6 GDI 밸류 플러스,,201805.0,2018,1290.0,35335.0,가솔린,오토,ORIGINAL,일반,2025-03-19 17:19:27.000 +09,전남,하나모터스,38다6720,1,0,0,86.282,0.0,0,0,
39146396,현대,아반떼 하이브리드,HDeII,기본형,201007.0,2010,225.0,201101.0,LPG+전기,오토,ORIGINAL,일반,2025-03-19 17:18:58.000 +09,경기,해피온카,65마2713,2,0,1,117.514,0.0,1,0,
39260511,현대,더 뉴 아반떼 하이브리드 (CN7),스마트,,202306.0,2024,1990.0,40452.0,가솔린+전기,오토,ORIGINAL,일반,2025-03-19 17:18:58.000 +09,경기,해피온카,153우9480,1,0,1,97.9829,0.0,1,0,
38876143,현대,더 뉴 아반떼 (CN7),2.0 N,,202406.0,2024,3099.0,6856.0,가솔린,수동,ORIGINAL,일반,2025-03-19 17:08:46.000 +09,부산,(주)더드림카,233도2348,0,0,1,0.0,0.0,0,0,
37545390,현대,아반떼 MD,M16 GDI 프리미어,,201103.0,2011,550.0,116418.0,가솔린,오토,ORIGINAL,일반,2025-03-19 17:04:59.000 +09,전북,오뚜기 자동차 매매상사,60다1254,4,3,6,445.8393,852.5828,0,0,
39239996,현대,아반떼 MD,M16 GDI 탑,,201204.0,2012,590.0,81134.0,가솔린,오토,ORIGINAL,일반,2025-03-19 17:00:23.000 +09,대전,주식회사 뉴대전자동차,29주3470,1,2,4,0.19,194.0608,0,0,
38537771,현대,아반떼 하이브리드 (CN7),인스퍼레이션,,202111.0,2022,1570.0,152646.0,가솔린+전기,오토,ORIGINAL,일반,2025-03-19 16:57:56.000 +09,울산,극동모터스,170노1242,1,0,1,83.842,0.0,0,0,
38736831,현대,더 뉴 아반떼 AD,1.6,프리미엄,201907.0,2020,1420.0,87714.0,가솔린,오토,ORIGINAL,일반,2025-03-19 16:55:07.000 +09,충북,은아모터스,386소5729,0,0,3,0.0,0.0,1,0,
39172010,현대,아반떼 (CN7),2.0 N,,202207.0,2023,2770.0,44442.0,가솔린,오토,ORIGINAL,일반,2025-03-19 16:47:38.000 +09,경기,토토자동차,116누3564,3,0,0,261.3944,0.0,0,0,
39240386,현대,더 뉴 아반떼 (CN7),1.6,모던,202204.0,2023,1690.0,88730.0,가솔린,오토,ORIGINAL,일반,2025-03-19 16:47:37.000 +09,경기,토토자동차,323부1031,1,1,1,103.5149,530.3484,0,0,
39214138,현대,아반떼 (CN7),1.6,모던,202102.0,2021,1490.0,46168.0,가솔린,오토,ORIGINAL,일반,2025-03-19 16:47:36.000 +09,경기,토토자동차,146나3092,0,0,2,0.0,0.0,1,0,
38938137,현대,아반떼 (CN7),1.6,인스퍼레이션,202103.0,2021,2099.0,34860.0,가솔린,오토,ORIGINAL,일반,2025-03-19 16:47:11.000 +09,경기,서수원모터스,153무6369,0,1,1,0.0,55.5584,0,0,
39181556,현대,아반떼 MD,M16 GDI 럭셔리,,201107.0,2012,359.0,129400.0,가솔린,오토,ORIGINAL,일반,2025-03-19 16:45:19.000 +09,대구,친구 모터스,14어3024,3,0,1,116.0385,0.0,0,0,
39053909,현대,아반떼 MD,M16 GDI 프리미어,,201111.0,2012,450.0,121853.0,가솔린,오토,ORIGINAL,일반,2025-03-19 16:41:59.000 +09,부산,더카모터스,22부1702,1,0,0,35.419,0.0,0,0,
38789187,현대,아반떼 MD,M16 GDI 럭셔리,,201102.0,2011,519.0,77449.0,가솔린,오토,ORIGINAL,일반,2025-03-19 16:26:53.000 +09,부산,우리자동차,16로5222,1,1,3,44.1343,76.1333,0,0,
39132948,현대,더 뉴 아반떼,1.6 VGT 모던,기본형,201507.0,2016,699.0,78856.0,디젤,오토,ORIGINAL,일반,2025-03-19 16:23:39.000 +09,광주,팔팔모터스,11두1300,1,0,4,0.0,0.0,0,0,
39244174,현대,아반떼 AD,1.6 e-VGT 스마트,(세부등급 없음),201802.0,2018,790.0,124155.0,디젤,오토,ORIGINAL,일반,2025-03-19 16:23:14.000 +09,경기,브로드카,25조3392,2,0,1,115.0069,0.0,0,0,
39146365,현대,아반떼 AD,1.6 e-VGT 프리미엄,,201611.0,2017,1060.0,121000.0,디젤,오토,ORIGINAL,일반,2025-03-19 16:17:13.000 +09,울산,,33모0435,3,2,6,242.287,152.3748,0,0,
39045671,현대,더 뉴 아반떼 AD,1.6,스마트,201904.0,2019,1240.0,111490.0,가솔린,오토,ORIGINAL,일반,2025-03-19 16:16:23.000 +09,강원,중앙자동차,229조1944,2,0,1,66.625,0.0,1,0,
38390827,현대,아반떼 MD,M16 GDI 럭셔리,,201205.0,2012,450.0,114285.0,가솔린,오토,ORIGINAL,일반,2025-03-19 16:13:22.000 +09,부산,재경모터스,37러1934,7,6,2,604.2727,389.3426,0,0,
39029987,현대,아반떼 HD,1.6 VVT X16,프리미어,200802.0,2008,299.0,156268.0,가솔린,오토,ORIGINAL,일반,2025-03-19 16:05:00.000 +09,경기,무결점 카모터스,12버7499,4,0,2,300.9338,0.0,0,0,
39269380,현대,아반떼 AD,1.6 GDI 밸류 플러스,,201710.0,2018,1220.0,60000.0,가솔린,오토,ORIGINAL,일반,2025-03-19 16:04:23.000 +09,전북,스마트 모터스,54주5361,0,0,3,0.0,0.0,0,0,
39169419,현대,아반떼 AD,1.6 GDI 모던,(세부등급 없음),201510.0,2016,850.0,89384.0,가솔린,오토,ORIGINAL,일반,2025-03-19 15:59:25.000 +09,충북,95모터스,49다0547,8,5,1,1040.8,738.8295,0,0,
39193617,현대,더 뉴 아반떼,1.6 GDi 스마트,기본형,201403.0,2014,560.0,150054.0,가솔린,오토,ORIGINAL,일반,2025-03-19 15:59:25.000 +09,충북,95모터스,66저5425,0,2,2,0.0,120.049,0,0,
39229151,현대,더 뉴 아반떼 AD,1.6,스타일,201811.0,2019,1370.0,52143.0,가솔린,오토,ORIGINAL,일반,2025-03-19 15:57:47.000 +09,경기,수성자동차,42머1870,1,0,1,0.0,0.0,0,0,
39253122,현대,아반떼 AD,1.6 GDI 밸류 플러스,,201610.0,2017,950.0,91451.0,가솔린,오토,ORIGINAL,일반,2025-03-19 15:57:47.000 +09,경기,수성자동차,41저0290,0,0,2,0.0,0.0,0,0,
39107601,현대,더 뉴 아반떼 AD,1.6,스마트,202004.0,2020,1530.0,23272.0,가솔린,오토,ORIGINAL,일반,2025-03-19 15:57:47.000 +09,경기,수성자동차,365누3339,1,1,0,51.4644,54.8971,0,0,
38726582,현대,아반떼 AD,1.6 GDI 모던,(세부등급 없음),201509.0,2016,1050.0,90054.0,가솔린,오토,ORIGINAL,일반,2025-03-19 15:57:30.000 +09,대구,(주)해머모터스,47노3411,1,1,4,167.535,86.3389,0,0,
39246886,현대,더 뉴 아반떼 AD,1.6,스마트,201911.0,2020,1010.0,180043.0,가솔린,오토,ORIGINAL,일반,2025-03-19 15:52:26.000 +09,경기,비전모터스,314수7231,7,1,0,277.431,118.1409,0,0,
39095471,현대,아반떼 (CN7),1.6 LPi (렌터카),스마트,202111.0,2022,1699.0,49767.0,LPG(일반인 구입),오토,ORIGINAL,일반,2025-03-19 15:46:14.000 +09,광주,거성모터스,117부6990,0,0,1,0.0,0.0,1,0,
38737049,현대,아반떼 AD,1.6 LPI 스마트(렌터카),,201807.0,2018,990.0,88431.0,LPG(일반인 구입),오토,ORIGINAL,일반,2025-03-19 15:45:44.000 +09,전북,오토갤러리,08다6848,11,9,2,979.0549,705.484,0,0,
39039004,현대,아반떼 AD,1.6 GDI 모던,스페셜,201603.0,2016,990.0,100913.0,가솔린,오토,ORIGINAL,일반,2025-03-19 15:43:11.000 +09,부산,퍼스트카,22저0105,2,1,3,234.4354,103.58,0,0,
39144935,현대,더 뉴 아반떼 AD,1.6,스마트,201901.0,2019,1250.0,76100.0,가솔린,오토,ORIGINAL,일반,2025-03-19 15:31:38.000 +09,서울,(주)라인오토,07두5898,0,1,0,0.0,68.6335,0,0,
38750714,현대,더 뉴 아반떼 (CN7),2.0 N,,202408.0,2024,3599.0,8952.0,가솔린,오토,ORIGINAL,일반,2025-03-19 15:30:47.000 +09,경기,킹모터스,107구7989,0,0,0,0.0,0.0,0,0,
39196624,현대,아반떼 MD,M16 GDI 프리미어,,201109.0,2012,380.0,154554.0,가솔린,오토,ORIGINAL,일반,2025-03-19 15:27:11.000 +09,전북,현대모터스,24무0328,5,7,6,562.2465,485.406,1,0,
39189502,현대,더 뉴 아반떼 하이브리드 (CN7),모던,,202302.0,2023,2570.0,20141.0,가솔린+전기,오토,ORIGINAL,일반,2025-03-19 15:26:42.000 +09,경기,(주)카마트몰,187무7135,0,1,0,0.0,60.147,0,0,
39118433,현대,아반떼 AD,1.6 e-VGT 스마트,(세부등급 없음),201603.0,2016,700.0,153110.0,디젤,오토,ORIGINAL,일반,2025-03-19 15:24:45.000 +09,전북,MK상사,63오0955,2,1,5,118.8382,162.824,0,0,
38966648,현대,더 뉴 아반떼 (CN7),2.0 N,,202310.0,2024,2780.0,21336.0,가솔린,수동,ORIGINAL,일반,2025-03-19 15:24:45.000 +09,전북,MK상사,251조5354,0,0,1,0.0,0.0,0,0,
38604412,현대,아반떼 AD,1.6 GDI 밸류 플러스,,201704.0,2018,1130.0,73425.0,가솔린,오토,ORIGINAL,일반,2025-03-19 15:22:12.000 +09,울산,주식회사 두바이카,144어5699,2,1,5,148.8892,41.2908,2,0,
38797842,현대,더 뉴 아반떼,1.6 GDi 모던,기본형,201412.0,2015,710.0,113393.0,가솔린,오토,ORIGINAL,일반,2025-03-19 15:22:11.000 +09,울산,주식회사 두바이카,53무3659,1,1,1,67.8913,50.9599,0,0,
39232180,현대,아반떼 (CN7),1.6,스마트,202006.0,2021,1580.0,63930.0,가솔린,오토,ORIGINAL,일반,2025-03-19 15:21:53.000 +09,경남,원엔드,339러6065,0,0,1,0.0,0.0,0,0,
39253484,현대,아반떼 MD,M16 GDI 럭셔리,,201102.0,2011,450.0,94412.0,가솔린,오토,ORIGINAL,일반,2025-03-19 15:09:50.000 +09,전북,비전상사,58너8730,0,2,1,0.0,199.254,0,0,
38264622,현대,아반떼 HD,1.6 VVT S16,럭셔리,201007.0,2010,249.0,138396.0,가솔린,오토,ORIGINAL,일반,2025-03-19 15:06:55.000 +09,대전,뉴금정모터스,20서1477,2,3,3,146.743,343.532,0,0,
38630272,현대,더 뉴 아반떼 AD,1.6,스마트 초이스,202003.0,2020,1340.0,73085.0,가솔린,오토,ORIGINAL,일반,2025-03-19 15:06:55.000 +09,대전,뉴금정모터스,111마9124,3,1,3,663.2795,156.0816,0,0,
39268454,현대,더 뉴 아반떼 (CN7),1.6,스마트,202409.0,2025,1870.0,6000.0,가솔린,오토,ORIGINAL,일반,2025-03-19 14:59:29.000 +09,인천,,227나4623,0,0,0,0.0,0.0,0,0,
38544725,현대,아반떼 (CN7),1.6,인스퍼레이션,202006.0,2021,1990.0,52503.0,가솔린,오토,ORIGINAL,일반,2025-03-19 14:56:55.000 +09,울산,보스모터스,231보1981,0,0,2,0.0,0.0,0,0,
37041469,현대,아반떼 AD,1.6 GDI 스마트,(세부등급 없음),201608.0,2017,1120.0,69562.0,가솔린,오토,ORIGINAL,일반,2025-03-19 14:56:55.000 +09,울산,보스모터스,67소0734,3,3,3,247.35,251.384,0,0,
39108770,현대,더 뉴 아반떼,1.6 GDi 스마트,기본형,201506.0,2016,690.0,76072.0,가솔린,오토,ORIGINAL,일반,2025-03-19 14:56:54.000 +09,울산,보스모터스,11로7105,3,2,4,217.2333,103.774,0,0,
37813042,현대,아반떼 AD,1.6 GDI 스타일,,201604.0,2016,990.0,72793.0,가솔린,오토,ORIGINAL,일반,2025-03-19 14:53:04.000 +09,울산,주식회사 무룡인더스,65모0971,3,1,1,160.5928,56.4091,0,0,
39247005,현대,아반떼 (CN7),1.6,모던,202011.0,2021,1850.0,31328.0,가솔린,오토,ORIGINAL,일반,2025-03-19 14:51:00.000 +09,울산,윤s 모터스,356주3369,2,0,1,115.9209,0.0,0,0,
38881576,현대,아반떼 HD,1.6 VVT S16,파이브 밀리언,200901.0,2009,300.0,126576.0,가솔린,오토,ORIGINAL,일반,2025-03-19 14:49:09.000 +09,대구,카스토리,37로3251,2,1,5,167.6773,29.686,0,0,
39235582,현대,아반떼 MD,M16 GDI 럭셔리,,201205.0,2012,540.0,78228.0,가솔린,오토,ORIGINAL,일반,2025-03-19 14:46:17.000 +09,전북,태양모터스,32버7789,3,0,1,191.0668,0.0,0,0,
38741256,현대,아반떼 (CN7),1.6,스마트,202104.0,2021,1200.0,114150.0,가솔린,오토,ORIGINAL,일반,2025-03-19 14:46:17.000 +09,전북,태양모터스,234저5403,1,4,2,37.6758,1737.4526,1,0,
37392856,현대,아반떼 MD,M16 GDI 럭셔리,,201204.0,2012,450.0,107800.0,가솔린,오토,ORIGINAL,일반,2025-03-19 14:45:34.000 +09,경기,토토자동차,59고7858,5,2,1,256.5546,207.928,0,0,
39267813,현대,아반떼 MD,LPI M16 스마트,,201209.0,2013,430.0,146777.0,LPG(일반인 구입),오토,ORIGINAL,일반,2025-03-19 14:42:24.000 +09,경기,신원자동차매매상사,26마0365,3,1,2,191.6775,45.1536,1,0,
36970666,현대,아반떼 MD,M16 GDI 스마트,,201210.0,2013,450.0,166987.0,가솔린,오토,ORIGINAL,일반,2025-03-19 14:41:07.000 +09,부산,S1 MOTORS,64라5632,2,0,0,63.452,0.0,0,0,
39009808,현대,더 뉴 아반떼 하이브리드 (CN7),인스퍼레이션,,202306.0,2024,2890.0,20510.0,가솔린+전기,오토,ORIGINAL,일반,2025-03-19 14:38:28.000 +09,전북,혁신모터스,110러2772,1,0,1,44.7623,0.0,0,0,
39106138,현대,아반떼 쿠페,2.0 GDi 스마트,,201305.0,2014,460.0,152510.0,가솔린,오토,ORIGINAL,일반,2025-03-19 14:28:18.000 +09,경기,일산모또스,26무7820,2,1,1,134.9794,160.03,0,0,
39180665,현대,아반떼 (CN7),1.6,모던,202007.0,2021,1800.0,9894.0,가솔린,오토,ORIGINAL,일반,2025-03-19 14:28:17.000 +09,경기,일산모또스,294소5710,1,1,1,58.6725,44.544,0,0,
39173552,현대,아반떼 MD,LPI M16 디럭스,,201202.0,2012,390.0,197234.0,LPG(일반인 구입),오토,ORIGINAL,일반,2025-03-19 14:25:07.000 +09,울산,에스다이렉트카,48누1292,4,3,3,307.7782,210.0937,1,0,
39173363,현대,더 뉴 아반떼,1.6 GDi 스마트,기본형,201402.0,2014,490.0,143300.0,가솔린,오토,ORIGINAL,일반,2025-03-19 14:23:04.000 +09,대구,에스티(st)모터스,60마9055,1,0,1,35.2929,0.0,0,0,
39265781,현대,더 뉴 아반떼,1.6 GDi 스마트,기본형,201505.0,2016,660.0,134016.0,가솔린,오토,ORIGINAL,일반,2025-03-19 14:20:49.000 +09,대구,부성자동차상사,11도6883,2,0,0,150.4692,0.0,0,0,
39016993,현대,아반떼 AD,1.6 GDI 밸류 플러스,,201801.0,2018,980.0,134154.0,가솔린,오토,ORIGINAL,일반,2025-03-19 14:20:49.000 +09,대구,부성자동차상사,25가7599,0,1,1,0.0,34.998,0,0,
38877235,현대,아반떼 AD,1.6 GDI 스타일,,201603.0,2016,899.0,58796.0,가솔린,오토,ORIGINAL,일반,2025-03-19 14:20:49.000 +09,대구,부성자동차상사,390버9309,3,2,5,216.0326,77.6099,1,0,
38094757,현대,아반떼 (CN7),1.6,모던,202007.0,2021,1380.0,112700.0,가솔린,오토,ORIGINAL,일반,2025-03-19 14:20:44.000 +09,대구,미래자동차매매상사,165너1349,0,0,1,0.0,0.0,1,0,
39147719,현대,아반떼 AD,1.6 GDI 밸류 플러스,,201809.0,2018,850.0,105000.0,가솔린,오토,ORIGINAL,일반,2025-03-19 14:20:44.000 +09,대구,미래자동차매매상사,110머8897,5,5,2,540.5442,436.3333,1,0,
38831448,현대,아반떼 MD,M16 GDI 블루세이버,,201108.0,2012,430.0,194400.0,가솔린,오토,ORIGINAL,일반,2025-03-19 14:20:44.000 +09,대구,미래자동차매매상사,40보2017,2,2,0,51.489,71.245,0,0,
37771531,현대,아반떼 AD,1.6 e-VGT 프리미엄,,201602.0,2016,890.0,161000.0,디젤,오토,ORIGINAL,일반,2025-03-19 14:08:16.000 +09,제주,주식회사 인성자동차,09로0835,5,2,3,409.068,142.0509,0,0,
39133817,현대,아반떼 MD,M16 GDI 프리미어,,201205.0,2012,490.0,130000.0,가솔린,오토,ORIGINAL,일반,2025-03-19 14:07:39.000 +09,경북,예스모터스,22어7355,1,2,1,73.281,117.093,0,0,
37915213,현대,아반떼 MD,M16 GDI 럭셔리,,201009.0,2011,390.0,138408.0,가솔린,오토,ORIGINAL,일반,2025-03-19 14:03:42.000 +09,대전,충청자동차매매상사,50구9281,2,0,3,69.5334,0.0,0,0,
38939588,현대,아반떼 HD,1.6 VVT S16,럭셔리,200801.0,2008,250.0,144287.0,가솔린,오토,ORIGINAL,일반,2025-03-19 14:03:42.000 +09,대전,충청자동차매매상사,15루2111,5,2,1,445.9636,132.0376,0,0,
39258794,현대,아반떼 AD,1.6 GDI 밸류 플러스,,201710.0,2018,1100.0,91304.0,가솔린,오토,ORIGINAL,일반,2025-03-19 14:02:36.000 +09,광주,(유)홍길동상사,27부9058,0,0,1,0.0,0.0,0,0,
39113024,현대,아반떼 (CN7),1.6,스마트,202206.0,2023,1409.0,28116.0,가솔린,오토,ORIGINAL,리스,2025-03-19 13:53:57.000 +09,경기,박차컴퍼니,115다4207,3,0,0,256.9672,0.0,0,0,
38743818,현대,더 뉴 아반떼 (CN7),1.6,모던,202405.0,2024,2200.0,3576.0,가솔린,오토,ORIGINAL,렌트,2025-03-19 13:53:57.000 +09,경기,박차컴퍼니,198하6334,0,0,0,0.0,0.0,0,0,
39017726,현대,더 뉴 아반떼 (CN7),1.6,인스퍼레이션,202412.0,2025,4150.0,924.0,가솔린,오토,ORIGINAL,렌트,2025-03-19 13:53:57.000 +09,경기,박차컴퍼니,204호3521,0,0,0,0.0,0.0,0,0,
39115092,현대,아반떼 AD,1.6 GDI 스마트,(세부등급 없음),201603.0,2016,979.0,108833.0,가솔린,오토,ORIGINAL,일반,2025-03-19 13:50:47.000 +09,충남,행운자동차매매상사,19노9346,3,2,2,192.928,144.8363,0,0,
39267471,현대,아반떼 AD,1.6 GDI 프리미엄,,201603.0,2016,1020.0,147156.0,가솔린,오토,ORIGINAL,일반,2025-03-19 13:41:19.000 +09,경기,(주)디에이치모터스,53조0587,2,2,2,198.6003,65.4026,0,0,
39086377,현대,더 뉴 아반떼,1.6 GDi 모던,기본형,201309.0,2014,590.0,115000.0,가솔린,오토,ORIGINAL,일반,2025-03-19 13:40:45.000 +09,전북,대경모터스,43고8698,6,4,2,339.8247,230.78,0,0,
38228059,현대,아반떼 AD,1.6 터보 스포츠,오리지널,201609.0,2017,970.0,117000.0,가솔린,수동,ORIGINAL,일반,2025-03-19 13:38:52.000 +09,대구,카컴퍼니,180도2359,5,1,4,1234.3597,27.69,1,0,
37749820,현대,아반떼 MD,M16 GDI 럭셔리,,201201.0,2012,480.0,103094.0,가솔린,오토,ORIGINAL,일반,2025-03-19 13:37:03.000 +09,부산,신대상사,67도7859,5,2,2,289.7477,60.8972,0,0,
39142103,현대,아반떼 HD,1.6 VVT X16,프리미어,200907.0,2009,380.0,79492.0,가솔린,오토,ORIGINAL,일반,2025-03-19 13:34:31.000 +09,인천,카맨모터스,49수7179,4,2,3,401.824,122.918,0,0,
39194804,현대,아반떼 AD,1.6 GDI 스타일,,201610.0,2017,890.0,10796.0,가솔린,오토,ORIGINAL,일반,2025-03-19 13:34:31.000 +09,인천,카맨모터스,04저0366,1,0,2,90.939,0.0,0,0,
39250768,현대,더 뉴 아반떼 AD,1.6,스마트 초이스,202003.0,2020,1430.0,43806.0,가솔린,오토,ORIGINAL,일반,2025-03-19 13:32:22.000 +09,경기,유일상사,160우1462,3,0,1,329.0003,0.0,0,0,
39025069,현대,아반떼 AD,1.6 GDI 모던,(세부등급 없음),201604.0,2016,850.0,137000.0,가솔린,오토,ORIGINAL,일반,2025-03-19 13:30:53.000 +09,전북,행복자동차,19가0688,2,0,1,283.921,0.0,0,0,
39213352,현대,아반떼 HD,1.6 VVT S16,럭셔리,201008.0,2010,250.0,209500.0,가솔린,오토,ORIGINAL,일반,2025-03-19 13:29:47.000 +09,전북,럭셔리,23오3753,1,1,2,123.323,77.624,0,0,
37293238,현대,더 뉴 아반떼,1.6 VGT 모던,기본형,201411.0,2015,650.0,108107.0,디젤,오토,ORIGINAL,일반,2025-03-19 13:27:11.000 +09,울산,일등모터스대표,56어7847,3,1,1,142.9321,113.6069,0,0,
39242186,현대,아반떼 (CN7),1.6,인스퍼레이션,202104.0,2021,1970.0,21676.0,가솔린,오토,ORIGINAL,일반,2025-03-19 13:17:36.000 +09,경남,러쉬모터스,263부3459,0,0,1,0.0,0.0,0,0,
39228271,현대,아반떼 AD,1.6 GDI 밸류 플러스,,201804.0,2018,1130.0,84901.0,가솔린,오토,ORIGINAL,일반,2025-03-19 13:05:37.000 +09,경기,(주)에이스에프에이,139버1330,1,1,3,50.5649,27.1276,1,0,
39267007,현대,더 뉴 아반떼 (CN7),1.6 LPi (장애인),모던,202401.0,2024,2150.0,7170.0,LPG(일반인 구입),오토,ORIGINAL,일반,2025-03-19 12:56:58.000 +09,충남,논산자동차매매상사,137무7990,2,0,1,108.4813,0.0,0,0,
38557634,현대,아반떼 하이브리드 (CN7),모던,,202010.0,2021,1900.0,42091.0,가솔린+전기,오토,ORIGINAL,일반,2025-03-19 12:54:00.000 +09,경기,두드림자동차,246우9591,0,1,1,0.0,43.3399,1,0,
38557694,현대,아반떼 하이브리드 (CN7),모던,,202009.0,2021,1880.0,53911.0,가솔린+전기,오토,ORIGINAL,일반,2025-03-19 12:54:00.000 +09,경기,두드림자동차,246우9573,0,0,1,0.0,0.0,1,0,
37220461,현대,아반떼 AD,1.6 GDI 모던,(세부등급 없음),201711.0,2018,1100.0,80000.0,가솔린,오토,ORIGINAL,일반,2025-03-19 12:50:21.000 +09,제주,아이모터스,317도1452,2,0,3,194.1359,0.0,1,0,
38629024,현대,아반떼 하이브리드 (CN7),모던,,202202.0,2022,2180.0,30000.0,가솔린+전기,오토,ORIGINAL,일반,2025-03-19 12:50:21.000 +09,제주,아이모터스,141우3872,3,0,1,218.3737,0.0,0,0,
38133568,현대,아반떼 AD,1.6 GDI 밸류 플러스,,201704.0,2017,1100.0,77000.0,가솔린,오토,ORIGINAL,일반,2025-03-19 12:50:21.000 +09,제주,아이모터스,21두7632,1,1,4,98.925,14.65,0,0,
38492768,현대,아반떼 MD,M16 GDI 에비뉴,,201302.0,2013,650.0,120000.0,가솔린,오토,ORIGINAL,일반,2025-03-19 12:50:21.000 +09,제주,아이모터스,39라0311,3,0,4,167.2306,0.0,1,0,
38574403,현대,아반떼 (CN7),1.6,모던,202009.0,2021,1650.0,27087.0,가솔린,오토,ORIGINAL,일반,2025-03-19 12:47:23.000 +09,경기,두드림자동차,113고8134,2,0,1,310.4288,0.0,1,0,
39144690,현대,더 뉴 아반떼,1.6 VGT 스마트,기본형,201312.0,2014,500.0,122903.0,디젤,오토,ORIGINAL,일반,2025-03-19 12:39:15.000 +09,대구,대구모터스,12소4325,1,1,2,25.18,30.504,0,0,
38668578,현대,더 뉴 아반떼 AD,1.6 터보 스포츠,모던,201907.0,2020,1180.0,95800.0,가솔린,수동,ORIGINAL,일반,2025-03-19 12:36:51.000 +09,경기,오토프라임,10머4892,1,1,5,358.364,598.554,0,0,
39266911,현대,더 뉴 아반떼 AD,1.6 디젤,스마트,201810.0,2019,950.0,256278.0,디젤,오토,ORIGINAL,일반,2025-03-19 12:35:56.000 +09,경기,주식회사 씨피오토모티브,21마1728,3,2,0,253.9734,36.7538,0,0,
39084842,현대,아반떼 AD,1.6 GDI 스마트,(세부등급 없음),201606.0,2016,790.0,141633.0,가솔린,오토,ORIGINAL,일반,2025-03-19 12:27:24.000 +09,부산,봉카,67다0790,4,1,5,439.931,329.4087,0,0,
38943997,현대,아반떼 AD,1.6 터보 스포츠,익스트림 셀렉션,201704.0,2018,1130.0,103822.0,가솔린,오토,ORIGINAL,일반,2025-03-19 12:27:24.000 +09,부산,봉카,37누4455,4,3,3,559.1317,378.7609,0,0,
39161428,현대,아반떼 HD,1.6 VVT S16,프리미어,200609.0,2007,340.0,40663.0,가솔린,오토,ORIGINAL,일반,2025-03-19 12:27:24.000 +09,부산,봉카,07보6978,3,2,3,166.93,100.954,0,0,
38520142,현대,아반떼 XD,1.5 DOHC 디럭스,고급형,200110.0,2001,150.0,68953.0,가솔린,오토,ORIGINAL,일반,2025-03-19 12:27:24.000 +09,부산,봉카,39보6251,1,1,1,38.055,92.87,1,0,
37508106,현대,아반떼 AD,1.6 GDI 모던,스페셜,201510.0,2016,799.0,150330.0,가솔린,오토,ORIGINAL,일반,2025-03-19 12:27:24.000 +09,부산,봉카,12마0958,0,0,0,0.0,0.0,0,0,
39029760,현대,아반떼 (CN7),1.6 터보 N Line,인스퍼레이션,202011.0,2021,1880.0,61122.0,가솔린,오토,ORIGINAL,일반,2025-03-19 12:27:23.000 +09,부산,봉카,356소6584,1,0,1,50.9619,0.0,0,0,
37909003,현대,아반떼 HD,1.6 VVT S16,프리미어,200901.0,2009,270.0,127304.0,가솔린,오토,ORIGINAL,일반,2025-03-19 12:27:23.000 +09,부산,봉카,31수7147,2,1,3,56.026,101.17,0,0,
37885909,현대,아반떼 HD,1.6 VVT S16,엘레강스 스페셜,200609.0,2007,270.0,124552.0,가솔린,오토,ORIGINAL,일반,2025-03-19 12:27:23.000 +09,부산,봉카,48어4203,5,3,4,326.2766,189.9986,1,0,
39224776,현대,더 뉴 아반떼,1.6 GDi 모던,기본형,201308.0,2014,650.0,136987.0,가솔린,오토,ORIGINAL,일반,2025-03-19 12:26:00.000 +09,전북,삼성상사,18오7666,5,4,6,409.6299,140.4553,0,0,
39180831,현대,아반떼 AD,1.6 GDI 스마트,(세부등급 없음),201803.0,2018,1050.0,124944.0,가솔린,오토,ORIGINAL,일반,2025-03-19 12:26:00.000 +09,전북,삼성상사,133너6182,0,0,4,0.0,0.0,1,0,
37719318,현대,아반떼 MD,M16 GDI 럭셔리,,201202.0,2012,500.0,132693.0,가솔린,오토,ORIGINAL,일반,2025-03-19 12:23:48.000 +09,경남,BB모터스,69도9900,0,1,4,0.0,141.721,0,0,
38564186,현대,아반떼 MD,M16 GDI 스마트,,201209.0,2013,480.0,142054.0,가솔린,오토,ORIGINAL,일반,2025-03-19 11:59:04.000 +09,충북,대원모터스,53노3329,1,1,5,50.171,71.1256,0,0,
39208075,현대,더 뉴 아반떼,1.6 GDi 텐밀리언 리미티드,기본형,201503.0,2016,780.0,109185.0,가솔린,오토,ORIGINAL,일반,2025-03-19 11:57:05.000 +09,경기,(주)자동차마을,17구5449,2,1,3,85.528,39.461,0,0,
39256858,현대,아반떼 AD,1.6 GDI 스마트,스페셜,201602.0,2016,980.0,82444.0,가솔린,오토,ORIGINAL,일반,2025-03-19 11:53:49.000 +09,경북,갤러리모터스,37버0540,3,1,1,207.3786,40.5382,0,0,
37393650,현대,아반떼 AD,1.6 GDI 스타일,,201707.0,2018,770.0,114416.0,가솔린,오토,ORIGINAL,일반,2025-03-19 11:52:59.000 +09,부산,오토라인모터스,297러9239,1,0,3,29.2016,0.0,2,0,
37873700,현대,더 뉴 아반떼 AD,1.6,스마트,201901.0,2019,1090.0,80230.0,가솔린,오토,ORIGINAL,일반,2025-03-19 11:51:33.000 +09,경남,드림모터스,29다6196,1,2,3,310.34,428.184,0,0,
39249628,현대,아반떼 AD,1.6 GDI 밸류 플러스,,201706.0,2018,730.0,169839.0,가솔린,오토,ORIGINAL,일반,2025-03-19 11:51:02.000 +09,인천,범스카,241더4835,1,0,5,65.6154,0.0,1,0,
38675877,현대,아반떼 쿠페,2.0 GDi 스마트,,201310.0,2014,560.0,152465.0,가솔린,수동,ORIGINAL,일반,2025-03-19 11:50:59.000 +09,부산,차파는김씨,345다8124,3,4,9,462.1011,670.068,1,0,
37564646,현대,아반떼 MD,M16 GDI 럭셔리,,201009.0,2011,380.0,192314.0,가솔린,오토,ORIGINAL,일반,2025-03-19 11:32:49.000 +09,대전,주식회사선비 ,45로5187,1,0,1,31.558,0.0,0,0,
38050239,현대,아반떼 MD,M16 GDI 스마트,,201308.0,2014,490.0,65551.0,가솔린,오토,ORIGINAL,일반,2025-03-19 11:32:49.000 +09,대전,주식회사선비 ,38소1435,1,2,4,441.2617,2828.5818,0,0,
39003018,현대,아반떼 AD,1.6 GDI 밸류 플러스,,201803.0,2018,1290.0,30221.0,가솔린,오토,ORIGINAL,일반,2025-03-19 11:31:28.000 +09,대구,우정모터스,25조1514,3,2,1,111.6419,232.915,0,0,
39086698,현대,아반떼 AD,1.6 GDI 밸류 플러스,,201702.0,2017,1099.0,84199.0,가솔린,오토,ORIGINAL,일반,2025-03-19 11:30:56.000 +09,대구,강륜모터스,14우9514,3,0,2,289.5819,0.0,0,0,
38997693,현대,더 뉴 아반떼 AD,1.6,스마트 초이스,201908.0,2020,1099.0,68961.0,가솔린,오토,ORIGINAL,일반,2025-03-19 11:10:12.000 +09,충남,(주)리원,62러7368,6,1,1,605.949,49.1429,0,0,
39260836,현대,아반떼 AD,1.6 e-VGT 스마트,(세부등급 없음),201606.0,2017,850.0,108630.0,디젤,오토,ORIGINAL,일반,2025-03-19 11:06:49.000 +09,경기,(주)혜성자동차,136어3182,0,1,2,0.0,85.774,1,0,
37107304,현대,더 뉴 아반떼,1.6 VGT 스마트,기본형,201309.0,2014,525.0,148159.0,디젤,오토,ORIGINAL,일반,2025-03-19 10:59:06.000 +09,전북,슈퍼카모터스,16머4270,1,2,4,21.259,150.0964,0,0,
38782267,현대,아반떼 MD,M16 GDI 프리미어,,201201.0,2012,690.0,100173.0,가솔린,오토,ORIGINAL,일반,2025-03-19 10:59:06.000 +09,전북,슈퍼카모터스,43버6703,2,3,3,119.9134,128.781,0,0,
38920389,현대,아반떼 AD,1.6 GDI 밸류 플러스,,201610.0,2017,880.0,129898.0,가솔린,오토,ORIGINAL,일반,2025-03-19 10:57:15.000 +09,전남,S카모터스,66주0463,2,3,1,91.216,247.385,0,0,
38014831,현대,더 뉴 아반떼,1.6 GDi 모던,기본형,201503.0,2015,820.0,100063.0,가솔린,오토,ORIGINAL,일반,2025-03-19 10:41:35.000 +09,경북,한결자동차매매상사,61마9809,1,1,4,165.3387,85.4494,0,0,
37379478,현대,더 뉴 아반떼 AD,1.6,스마트,201910.0,2020,1380.0,69652.0,가솔린,오토,ORIGINAL,일반,2025-03-19 10:40:57.000 +09,경북,한결자동차매매상사,316더9651,1,1,3,81.2549,72.7999,0,0,
38340802,현대,더 뉴 아반떼,1.6 GDi 모던,기본형,201503.0,2015,639.0,136902.0,가솔린,오토,ORIGINAL,일반,2025-03-19 10:40:08.000 +09,대구,청구자동차상사,19부1326,1,1,3,81.928,51.455,0,0,
38588065,현대,더 뉴 아반떼,1.6 VGT 스타일,,201408.0,2015,420.0,149626.0,디젤,오토,ORIGINAL,일반,2025-03-19 10:16:49.000 +09,대구,대구중고차,59머8134,2,2,4,267.5198,203.6482,1,0,
38190440,현대,아반떼 MD,LPI M16 디럭스,,201205.0,2012,420.0,183220.0,LPG(일반인 구입),수동,ORIGINAL,일반,2025-03-19 10:16:49.000 +09,대구,대구중고차,67서9550,4,2,7,248.4848,140.4628,0,0,
38611391,현대,더 뉴 아반떼,1.6 VGT 모던,기본형,201504.0,2015,660.0,92036.0,디젤,오토,ORIGINAL,일반,2025-03-19 10:16:49.000 +09,대구,대구중고차,35주5697,5,2,3,332.8006,132.8811,0,0,
38584391,현대,아반떼 AD,1.6 e-VGT 스마트,(세부등급 없음),201509.0,2016,970.0,85932.0,디젤,오토,ORIGINAL,일반,2025-03-19 10:10:28.000 +09,광주,모던모터스(주),01구7758,2,2,4,73.4392,196.6843,2,0,
38704303,현대,아반떼 (CN7),1.6 터보 N Line,인스퍼레이션,202011.0,2021,1750.0,95548.0,가솔린,오토,ORIGINAL,일반,2025-03-19 10:08:20.000 +09,인천,원자동차,385다4934,1,0,2,104.0832,0.0,1,0,
39235679,현대,더 뉴 아반떼 (CN7),1.6,스마트,202307.0,2024,668.0,39657.0,가솔린,오토,ORIGINAL,렌트,2025-03-19 10:06:08.000 +09,대전,(주)다정모터스,106호8450,1,3,2,0.0,606.386,2,0,
38247271,현대,아반떼 MD,M16 GDI 럭셔리,,201202.0,2012,490.0,137122.0,가솔린,오토,ORIGINAL,일반,2025-03-19 09:49:41.000 +09,경기,더원모터스,49머8642,1,1,5,110.7432,37.3179,0,0,
38792345,현대,더 뉴 아반떼 (CN7),1.6,인스퍼레이션,202312.0,2024,2425.0,24222.0,가솔린,오토,ORIGINAL,일반,2025-03-19 09:48:06.000 +09,충남,월드오토(주),158수8260,0,1,1,0.0,100.0,0,0,
39207632,현대,아반떼 하이브리드 (CN7),인스퍼레이션,,202009.0,2021,2250.0,38061.0,가솔린+전기,오토,ORIGINAL,일반,2025-03-19 09:48:06.000 +09,충남,월드오토(주),349나4512,3,1,0,227.064,0.0,0,0,
37865397,현대,아반떼 MD,M16 GDI 모던,,201305.0,2013,430.0,151660.0,가솔린,오토,ORIGINAL,일반,2025-03-19 09:37:18.000 +09,경기,(주)더에스카,35무3656,2,2,1,144.019,232.323,0,0,
37575590,현대,아반떼 AD,1.6 GDI 밸류 플러스,,201807.0,2018,1200.0,82179.0,가솔린,오토,ORIGINAL,일반,2025-03-19 09:36:30.000 +09,울산,YM모터스,56라8820,4,2,1,152.2412,222.293,0,0,
39253648,현대,아반떼 MD,M16 GDI 블루세이버,,201106.0,2012,450.0,128818.0,가솔린,오토,ORIGINAL,일반,2025-03-19 09:31:44.000 +09,경기,(주)고물상,69마7212,1,0,2,42.407,0.0,0,0,
38780399,현대,아반떼 (CN7),1.6,인스퍼레이션,202112.0,2022,2088.0,37556.0,가솔린,오토,ORIGINAL,일반,2025-03-19 09:19:09.000 +09,대구,베스트모터스,140너9378,0,2,1,0.0,104.8505,1,0,
37528580,현대,더 뉴 아반떼,1.6 GDi 프리미엄,기본형,201401.0,2014,620.0,170000.0,가솔린,오토,ORIGINAL,일반,2025-03-19 09:18:42.000 +09,전북,에코모터스,51주3505,2,0,2,202.4073,0.0,0,0,
38818957,현대,아반떼 AD,1.6 GDI 밸류 플러스,,201702.0,2017,950.0,130000.0,가솔린,오토,ORIGINAL,일반,2025-03-19 09:18:15.000 +09,전북,에코모터스,68다4310,2,2,1,200.5569,242.414,0,0,
38803651,현대,아반떼 AD,1.6 GDI 밸류 플러스,,201701.0,2017,950.0,120000.0,가솔린,오토,ORIGINAL,일반,2025-03-19 09:18:15.000 +09,전북,에코모터스,09저7111,1,1,1,122.96,51.7168,1,0,
39209054,현대,아반떼 (CN7),1.6,모던,202009.0,2021,1850.0,26557.0,가솔린,오토,ORIGINAL,일반,2025-03-19 09:07:34.000 +09,서울,(주)오토하이,378저3561,0,0,3,0.0,0.0,0,0,
38932880,현대,아반떼 (CN7),1.6,모던,202205.0,2023,1780.0,58217.0,가솔린,오토,ORIGINAL,일반,2025-03-19 09:06:50.000 +09,경기,경기자동차앤카앤톡,104조4352,0,0,0,0.0,0.0,1,0,
39207462,현대,아반떼 AD,1.6 GDI 모던,(세부등급 없음),201701.0,2017,770.0,179888.0,가솔린,오토,ORIGINAL,일반,2025-03-19 09:06:49.000 +09,경기,경기자동차앤카앤톡,06수6755,4,2,1,280.0626,227.8618,0,0,
39127401,현대,아반떼 AD,1.6 GDI 밸류 플러스,,201703.0,2017,900.0,122581.0,가솔린,오토,ORIGINAL,일반,2025-03-19 08:58:46.000 +09,광주,(주)삼일모터스,32라1055,3,1,0,366.493,77.4453,0,0,
37573836,현대,아반떼 (CN7),1.6 LPi,모던,202105.0,2021,1760.0,66719.0,LPG(일반인 구입),오토,ORIGINAL,일반,2025-03-19 08:58:43.000 +09,광주,(주)아이비원모터스,254서3346,2,1,2,147.7386,0.0,1,0,
38937160,현대,더 뉴 아반떼 (CN7),1.6,모던,202306.0,2024,1790.0,59073.0,가솔린,오토,ORIGINAL,일반,2025-03-19 08:54:43.000 +09,광주,(주)오토랜드,350우4592,1,0,1,1161.8398,0.0,1,0,
37855728,현대,더 뉴 아반떼 AD,1.6,스타일,201903.0,2019,1090.0,71625.0,가솔린,오토,ORIGINAL,일반,2025-03-19 08:54:43.000 +09,광주,(주)오토랜드,138조6819,2,2,3,782.6027,166.802,1,0,
38974718,현대,아반떼 하이브리드 (CN7),모던,,202103.0,2021,1770.0,73793.0,가솔린+전기,오토,ORIGINAL,일반,2025-03-19 08:35:01.000 +09,경기,자마이카,248무5441,2,2,2,228.9745,336.892,1,0,
39244732,현대,아반떼 HD,1.6 VVT S16,럭셔리,200911.0,2010,370.0,123998.0,가솔린,오토,ORIGINAL,일반,2025-03-19 08:17:28.000 +09,광주,이음오토,47모8064,4,2,6,219.759,231.328,0,0,
37591140,현대,아반떼 AD,1.6 GDI 밸류 플러스,,201706.0,2018,790.0,136649.0,가솔린,오토,ORIGINAL,일반,2025-03-19 07:55:06.000 +09,인천,극동모터스,309라2036,1,0,1,58.1013,0.0,1,0,
37904884,현대,아반떼 AD,1.6 GDI 스마트,(세부등급 없음),201612.0,2017,760.0,71212.0,가솔린,오토,ORIGINAL,일반,2025-03-19 07:55:06.000 +09,인천,극동모터스,37다1690,4,4,1,766.5958,254.923,1,0,
38921466,현대,아반떼 MD,M16 GDI 모던,,201211.0,2013,450.0,150544.0,가솔린,오토,ORIGINAL,일반,2025-03-19 07:55:05.000 +09,인천,극동모터스,68소9428,3,2,3,102.8968,98.029,0,0,
39023250,현대,아반떼 MD,LPI M16 럭셔리,,201204.0,2012,390.0,79261.0,LPG(일반인 구입),오토,ORIGINAL,일반,2025-03-19 07:35:28.000 +09,대전,,63마9890,7,1,1,378.765,28.8966,0,0,
37487299,현대,더 뉴 아반떼,1.6 GDi 스마트,기본형,201407.0,2015,680.0,103831.0,가솔린,오토,ORIGINAL,일반,2025-03-19 07:20:51.000 +09,충북,대신모터스,58어2056,3,0,1,259.272,0.0,0,0,
38271529,현대,아반떼 MD,M16 GDI 프리미어,,201202.0,2012,650.0,74530.0,가솔린,오토,ORIGINAL,일반,2025-03-19 07:19:18.000 +09,대구,등대모터스,37노6475,5,4,6,375.9634,566.7116,0,0,
38488766,현대,더 뉴 아반떼,1.6 GDi 스마트,기본형,201506.0,2016,680.0,80000.0,가솔린,오토,ORIGINAL,일반,2025-03-18 23:57:51.000 +09,부산,신구상사,63부8620,2,0,1,109.5633,0.0,0,0,
38583097,현대,더 뉴 아반떼 AD,1.6,스타일,201904.0,2019,1250.0,110685.0,가솔린,오토,ORIGINAL,일반,2025-03-18 23:42:35.000 +09,광주,워너비모터스,36도1896,0,0,1,0.0,0.0,0,0,
39121467,현대,아반떼 (CN7),1.6,인스퍼레이션,202004.0,2021,2199.0,37427.0,가솔린,오토,ORIGINAL,일반,2025-03-18 23:34:03.000 +09,광주,(주)케이에스상사,359두2137,1,0,2,36.73,0.0,0,0,
39237435,현대,더 뉴 아반떼 AD,1.6,스마트,201902.0,2019,1230.0,87214.0,가솔린,오토,ORIGINAL,일반,2025-03-18 23:33:26.000 +09,전북,365모터스,232로8373,0,0,1,0.0,0.0,1,0,
39207769,현대,아반떼 AD,1.6 GDI 밸류 플러스,,201808.0,2018,1060.0,92356.0,가솔린,오토,ORIGINAL,일반,2025-03-18 23:29:15.000 +09,경남,H  모터스,39주4359,1,0,0,34.718,0.0,0,0,
38227615,현대,아반떼 HD,1.6 VVT E16,디럭스,200805.0,2008,250.0,120235.0,가솔린,오토,ORIGINAL,일반,2025-03-18 23:20:51.000 +09,경남,명모터스,19서3175,4,3,2,248.6552,204.9878,0,0,
39115608,현대,더 뉴 아반떼,1.6 GDi 스마트,기본형,201402.0,2014,550.0,173233.0,가솔린,오토,ORIGINAL,일반,2025-03-18 22:52:04.000 +09,충남,국민자동차,46우3835,5,4,2,544.0194,698.7669,0,0,
38874479,현대,더 뉴 아반떼 AD,1.6,스마트,201903.0,2019,1150.0,125705.0,가솔린,오토,ORIGINAL,일반,2025-03-18 22:52:04.000 +09,충남,국민자동차,16가6493,3,2,2,327.7279,156.4678,0,0,
38882422,현대,아반떼 MD,M16 GDI 프리미어,,201112.0,2012,390.0,182691.0,가솔린,오토,ORIGINAL,일반,2025-03-18 22:52:04.000 +09,충남,국민자동차,18고9813,6,2,1,299.1484,564.9903,0,0,
38873263,현대,더 뉴 아반떼 AD,1.6,스마트 초이스,201907.0,2020,1355.0,49504.0,가솔린,오토,ORIGINAL,일반,2025-03-18 22:39:40.000 +09,경기,오토플랜,329더8067,0,0,1,0.0,0.0,1,0,
39005306,현대,더 뉴 아반떼 (CN7),1.6,인스퍼레이션,202310.0,2024,2250.0,33953.0,가솔린,오토,ORIGINAL,일반,2025-03-18 22:26:57.000 +09,경남,주식회사 모터웨이,140고4845,1,0,1,203.4323,0.0,0,0,
39005302,현대,아반떼 (CN7),1.6,인스퍼레이션,202203.0,2022,1970.0,61450.0,가솔린,오토,ORIGINAL,일반,2025-03-18 22:26:57.000 +09,경남,주식회사 모터웨이,182누2607,2,1,1,293.3136,305.4746,0,0,
38877897,현대,아반떼 AD,1.6 GDI 모던,스페셜,201512.0,2016,740.0,106941.0,가솔린,오토,ORIGINAL,일반,2025-03-18 21:23:32.000 +09,경기,두산모터스,07노3884,4,1,5,791.387,263.0,1,0,
38598850,현대,더 뉴 아반떼 AD,1.6,스마트,201811.0,2019,1340.0,57736.0,가솔린,오토,ORIGINAL,일반,2025-03-18 21:23:32.000 +09,경기,두산모터스,03다1890,1,1,3,43.2268,84.7607,0,0,
39216446,현대,아반떼 AD,1.6 GDI 스마트,(세부등급 없음),201607.0,2017,750.0,127757.0,가솔린,오토,ORIGINAL,일반,2025-03-18 21:23:32.000 +09,경기,두산모터스,26라0307,2,1,1,211.9529,318.1101,0,0,
38818527,현대,아반떼 (CN7),1.6,인스퍼레이션,202006.0,2021,1960.0,91936.0,가솔린,오토,ORIGINAL,일반,2025-03-18 21:23:31.000 +09,경기,두산모터스,314라2852,1,1,3,28.257,107.2277,1,0,
38929270,현대,더 뉴 아반떼 AD,1.6,스마트,201911.0,2020,1190.0,89208.0,가솔린,오토,ORIGINAL,일반,2025-03-18 20:54:03.000 +09,인천,잘팔카,229두8023,2,0,2,184.452,0.0,1,0,
38194455,현대,아반떼 AD,1.6 GDI 스마트,(세부등급 없음),201602.0,2016,730.0,159040.0,가솔린,오토,ORIGINAL,일반,2025-03-18 19:44:46.000 +09,대전,태양모터스,64로0279,1,0,1,70.1988,0.0,0,0,
37977598,현대,더 뉴 아반떼 AD,1.6,스마트,201907.0,2020,1250.0,95358.0,가솔린,오토,ORIGINAL,일반,2025-03-18 19:44:46.000 +09,대전,태양모터스,240구6372,0,0,1,0.0,0.0,1,0,
39188985,현대,아반떼 (CN7),1.6,모던,202206.0,2023,951.0,11000.0,가솔린,오토,ORIGINAL,렌트,2025-03-18 19:27:48.000 +09,인천,,191허3650,0,0,0,0.0,0.0,0,0,
39157125,현대,아반떼 MD,M16 GDI 프리미어,,201104.0,2011,330.0,148658.0,가솔린,오토,ORIGINAL,일반,2025-03-18 19:01:29.000 +09,인천,뉴AK모터스,221조4268,4,3,1,953.5092,997.376,1,0,
38665790,현대,아반떼 (CN7),2.0 N,,202301.0,2023,2850.0,17918.0,가솔린,오토,ORIGINAL,일반,2025-03-18 18:36:20.000 +09,광주,더원모터스,398오2941,0,0,2,0.0,0.0,0,0,
39133876,현대,아반떼 MD,M16 GDI 프리미어,,201207.0,2012,500.0,85193.0,가솔린,오토,ORIGINAL,일반,2025-03-18 18:20:37.000 +09,경기,더케이모터스,30가7216,4,1,2,341.4015,214.175,0,0,
39118292,현대,더 뉴 아반떼 하이브리드 (CN7),모던,,202305.0,2024,2487.0,46130.0,가솔린+전기,오토,ORIGINAL,일반,2025-03-18 17:37:18.000 +09,전북,효자상사,359수9618,0,2,2,0.0,79.0499,1,0,
39160141,현대,아반떼 MD,M16 GDI 럭셔리,,201109.0,2012,490.0,146372.0,가솔린,오토,ORIGINAL,일반,2025-03-18 17:37:18.000 +09,전북,효자상사,30버2894,4,2,2,190.3931,60.4276,0,0,
39118306,현대,더 뉴 아반떼 하이브리드 (CN7),모던,,202305.0,2024,2487.0,41638.0,가솔린+전기,오토,ORIGINAL,일반,2025-03-18 17:37:17.000 +09,전북,효자상사,359수9697,1,1,2,71.8487,96.7629,1,0,
39194006,현대,더 뉴 아반떼 (CN7),1.6,인스퍼레이션,202407.0,2025,2460.0,6943.0,가솔린,오토,ORIGINAL,일반,2025-03-18 17:37:17.000 +09,전북,효자상사,107너1182,0,0,1,0.0,0.0,0,0,
39110368,현대,더 뉴 아반떼 AD,1.6,스마트,201811.0,2019,1100.0,89951.0,가솔린,오토,ORIGINAL,일반,2025-03-18 17:24:02.000 +09,경기,솔카,06러7152,2,4,2,183.6319,204.1841,0,0,
39110420,현대,아반떼 MD,M16 GDI 프리미엄,,201210.0,2013,620.0,84081.0,가솔린,오토,ORIGINAL,일반,2025-03-18 17:24:02.000 +09,경기,솔카,56모6627,1,2,2,202.8593,145.0,1,0,
38944424,현대,아반떼 AD,1.6 GDI 모던,(세부등급 없음),201606.0,2017,850.0,127190.0,가솔린,오토,ORIGINAL,일반,2025-03-18 17:17:01.000 +09,경기,믿음모터스,301다3237,1,0,4,45.189,0.0,1,0,
38914889,현대,더 뉴 아반떼 (CN7),1.6,모던,202409.0,2025,2300.0,2755.0,가솔린,오토,ORIGINAL,렌트,2025-03-18 17:07:52.000 +09,광주,,179허3511,0,0,0,0.0,0.0,0,0,
39170253,현대,더 뉴 아반떼,1.6 GDi 모던,기본형,201409.0,2015,680.0,136044.0,가솔린,오토,ORIGINAL,일반,2025-03-18 17:07:24.000 +09,전북,서울모터스,25보3831,1,0,1,101.2228,0.0,0,0,
39257780,현대,아반떼 AD,1.6 LPI 스타일(렌터카),,201605.0,2017,739.0,110460.0,LPG(일반인 구입),오토,ORIGINAL,일반,2025-03-18 17:07:23.000 +09,전북,서울모터스,252수3198,2,1,3,94.9424,59.8833,1,0,
39254275,현대,아반떼 AD,1.6 GDI 스타일,,201608.0,2017,920.0,72591.0,가솔린,오토,ORIGINAL,일반,2025-03-18 17:00:34.000 +09,경기,주식회사 아이작,22마0500,1,0,3,57.0334,0.0,0,0,
38896307,현대,더 뉴 아반떼 (CN7),1.6,인스퍼레이션,202403.0,2024,2450.0,3705.0,가솔린,오토,ORIGINAL,일반,2025-03-18 17:00:34.000 +09,경기,주식회사 아이작,225거7219,1,0,1,0.0,0.0,0,0,
39067918,현대,아반떼 AD,1.6 GDI 밸류 플러스,,201802.0,2018,1150.0,66437.0,가솔린,오토,ORIGINAL,일반,2025-03-18 16:51:04.000 +09,경기,신드롬모터스,53러4226,3,1,5,235.1048,129.2936,0,0,
39100270,현대,아반떼 AD,1.6 GDI 프리미엄,,201710.0,2018,950.0,139530.0,가솔린,오토,ORIGINAL,일반,2025-03-18 16:13:42.000 +09,경남,위드카,08러9869,3,0,2,223.8224,0.0,0,0,
38643431,현대,아반떼 AD,1.6 GDI 밸류 플러스,,201611.0,2017,860.0,118409.0,가솔린,오토,ORIGINAL,일반,2025-03-18 15:29:04.000 +09,경기,오토플랜,08소0174,2,0,2,118.4599,0.0,0,0,
39241656,현대,더 뉴 아반떼 AD,1.6,스마트,201810.0,2019,1380.0,40000.0,가솔린,오토,ORIGINAL,일반,2025-03-18 15:22:20.000 +09,경북,J모터스,308거8055,2,3,3,179.2081,470.696,1,0,
38888319,현대,아반떼 (CN7),1.6,모던,202301.0,2023,1999.0,21202.0,가솔린,오토,ORIGINAL,일반,2025-03-18 14:48:35.000 +09,울산,중원모터스,379보6817,2,0,1,107.4603,0.0,0,0,
38875548,현대,더 뉴 아반떼 (CN7),1.6,인스퍼레이션,202411.0,2025,3314.0,6000.0,가솔린,오토,ORIGINAL,렌트,2025-03-18 14:46:02.000 +09,부산,,201하3478,0,0,0,0.0,0.0,0,0,
39020774,현대,아반떼 AD,1.6 GDI 스마트,스페셜,201512.0,2016,970.0,99494.0,가솔린,오토,ORIGINAL,일반,2025-03-18 14:32:02.000 +09,경기,탑라인모터스,12너0958,1,2,4,157.7973,71.0397,0,0,
39208073,현대,아반떼 AD,1.6 GDI 스마트,(세부등급 없음),201512.0,2016,799.0,106981.0,가솔린,오토,ORIGINAL,일반,2025-03-18 14:32:02.000 +09,경기,탑라인모터스,08러0834,4,1,1,268.5858,94.3,0,0,
39247077,현대,아반떼 (CN7),1.6,인스퍼레이션,202109.0,2021,2010.0,54320.0,가솔린,오토,ORIGINAL,일반,2025-03-18 13:53:20.000 +09,경기,믿음모터스,114오5563,1,2,0,121.0218,135.9836,0,0,
39247061,현대,아반떼 AD,1.6 GDI 밸류 플러스,,201802.0,2018,1130.0,113294.0,가솔린,오토,ORIGINAL,일반,2025-03-18 13:52:19.000 +09,경기,믿음모터스,33조3057,1,2,0,32.9149,196.2737,0,0,
38506222,현대,아반떼 MD,M16 GDI 럭셔리,,201207.0,2012,450.0,143602.0,가솔린,오토,ORIGINAL,일반,2025-03-18 13:25:39.000 +09,대구,티케이상사,18머9357,4,0,1,472.4952,0.0,0,0,
39060726,현대,아반떼 MD,M16 GDI 럭셔리,,201204.0,2012,420.0,154151.0,가솔린,오토,ORIGINAL,일반,2025-03-18 12:42:16.000 +09,대구,가야자동차매매상사,47마3386,6,4,6,434.4346,385.6227,0,0,
39038750,현대,아반떼 MD,M16 GDI 럭셔리,,201204.0,2012,399.0,154161.0,가솔린,오토,ORIGINAL,일반,2025-03-18 12:42:16.000 +09,대구,가야자동차매매상사,47마3386,6,4,6,434.4346,385.6227,0,0,
39146197,현대,아반떼 AD,1.6 GDI 프리미엄,,201606.0,2017,790.0,190000.0,가솔린,오토,ORIGINAL,일반,2025-03-18 12:24:11.000 +09,경북,일레븐,30어0741,1,0,1,76.9837,0.0,0,0,
37834079,현대,아반떼 AD,1.6 터보 스포츠,(세부등급 없음),201611.0,2017,980.0,95960.0,가솔린,수동,ORIGINAL,일반,2025-03-18 12:10:15.000 +09,광주,더바른모터스,61고0161,4,1,8,388.686,23.054,0,0,
38918045,현대,아반떼 (CN7),1.6 LPi (렌터카),스타일,202011.0,2021,1050.0,126955.0,LPG(일반인 구입),오토,ORIGINAL,일반,2025-03-18 11:52:28.000 +09,충남,월드모터스,203보4644,0,1,1,0.0,34.4,1,0,
38717206,현대,아반떼 AD,1.6 GDI 모던,(세부등급 없음),201510.0,2016,1020.0,39290.0,가솔린,오토,ORIGINAL,일반,2025-03-18 11:49:35.000 +09,경기,지니어스Bay,62다0570,2,1,1,29.21,42.013,0,0,
39169737,현대,더 뉴 아반떼 AD,1.6 LPi,스마트,201906.0,2020,990.0,135468.0,LPG(일반인 구입),오토,ORIGINAL,일반,2025-03-18 11:42:16.000 +09,충북,한결모터스,22주6848,2,2,1,99.0059,245.01,0,0,
38771765,현대,아반떼 AD,1.6 GDI 스마트,(세부등급 없음),201510.0,2016,1050.0,85841.0,가솔린,오토,ORIGINAL,일반,2025-03-18 11:29:15.000 +09,대전,동영모터스,32루0917,2,1,3,144.1059,29.7611,0,0,
38628318,현대,아반떼 AD,1.6 LPI 스마트(렌터카),,201606.0,2016,990.0,95000.0,LPG(일반인 구입),오토,ORIGINAL,일반,2025-03-18 11:24:03.000 +09,부산,에이스모터스,233도7914,3,1,5,173.1154,41.4473,1,0,
38971675,현대,더 뉴 아반떼 (CN7),1.6 LPi,인스퍼레이션,202403.0,2024,2670.0,18786.0,LPG(일반인 구입),오토,ORIGINAL,일반,2025-03-18 11:20:56.000 +09,서울,광현모터스,315나1299,0,0,0,0.0,0.0,0,0,
39256832,현대,아반떼 MD,M16 GDI 에비뉴,,201304.0,2014,570.0,63600.0,가솔린,오토,ORIGINAL,일반,2025-03-18 11:16:19.000 +09,광주,,56도2673,3,4,0,251.7638,476.4966,0,0,
39180182,현대,아반떼 (CN7),1.6,인스퍼레이션,202010.0,2021,2120.0,30285.0,가솔린,오토,ORIGINAL,일반,2025-03-18 11:01:22.000 +09,경기,청학Emotors,396로6717,0,0,0,0.0,0.0,0,0,
38575744,현대,아반떼 하이브리드 (CN7),모던,,202107.0,2021,1920.0,43669.0,가솔린+전기,오토,ORIGINAL,일반,2025-03-18 10:58:20.000 +09,대전,새마을 주식회사,104라2021,0,0,1,0.0,0.0,1,0,
39189029,현대,아반떼 MD,M16 GDI 에비뉴,,201304.0,2014,490.0,128981.0,가솔린,오토,ORIGINAL,일반,2025-03-18 10:57:38.000 +09,서울,세이프오토,27우5119,9,5,3,516.5356,629.7188,0,0,
37500747,현대,아반떼 HD,1.6 VVT S16,럭셔리,200710.0,2007,370.0,79975.0,가솔린,오토,ORIGINAL,일반,2025-03-18 10:45:22.000 +09,전북,차사랑모터스,25도9038,3,0,0,179.3678,0.0,0,0,
38344441,현대,아반떼 (CN7),1.6 LPi (렌터카),스타일,202008.0,2021,9999.0,130521.0,LPG(일반인 구입),오토,ORIGINAL,일반,2025-03-18 10:28:25.000 +09,경기,카존,182주6740,0,2,2,0.0,419.0046,1,0,
38429892,현대,아반떼 MD,LPI M16 프리미어,,201102.0,2011,455.0,116884.0,LPG(일반인 구입),오토,ORIGINAL,일반,2025-03-18 10:04:57.000 +09,부산,(주)모터살롱,25마5943,4,2,2,291.903,109.9308,0,0,
39081888,현대,더 뉴 아반떼 (CN7),1.6,인스퍼레이션,202306.0,2024,2420.0,2842.0,가솔린,오토,ORIGINAL,일반,2025-03-18 10:01:09.000 +09,경기,뉴대성,245라3633,0,0,1,0.0,0.0,0,0,
39203374,현대,아반떼 AD,1.6 GDI 밸류 플러스,,201804.0,2018,1250.0,100684.0,가솔린,오토,ORIGINAL,일반,2025-03-18 09:55:30.000 +09,경기,믿음모터스,63가4169,1,3,1,40.0,131.3768,0,0,
39137764,현대,아반떼 AD,1.6 GDI 밸류 플러스,,201808.0,2018,1100.0,88834.0,가솔린,오토,ORIGINAL,일반,2025-03-18 09:55:30.000 +09,경기,믿음모터스,64루1290,1,1,4,33.9529,68.8687,0,0,
38747121,현대,더 뉴 아반떼,1.6 GDi 모던,기본형,201311.0,2014,690.0,93415.0,가솔린,오토,ORIGINAL,일반,2025-03-18 09:55:30.000 +09,경기,믿음모터스,63오4752,2,1,2,111.3051,66.873,0,0,
38534750,현대,더 뉴 아반떼,1.6 VGT 모던,기본형,201311.0,2014,600.0,153658.0,디젤,오토,ORIGINAL,일반,2025-03-18 08:51:43.000 +09,광주,송송모터스,51마7706,5,1,4,392.7483,38.429,0,0,
38946204,현대,더 뉴 아반떼 (CN7),1.6,모던,202305.0,2024,1980.0,5983.0,가솔린,오토,ORIGINAL,일반,2025-03-18 08:47:05.000 +09,경기,(주)디에이모터스,292로5184,0,0,1,0.0,0.0,0,0,
39052286,현대,아반떼 AD,1.6 GDI 밸류 플러스,,201805.0,2018,990.0,75517.0,가솔린,오토,ORIGINAL,일반,2025-03-18 08:43:28.000 +09,경기,수원중고차,39고3474,1,1,3,38.9218,21.5668,0,0,
39209581,현대,아반떼 (CN7),2.0 N,,202307.0,2023,2600.0,13000.0,가솔린,수동,ORIGINAL,일반,2025-03-18 08:23:37.000 +09,광주,,205모7222,0,0,1,0.0,0.0,0,0,
38877915,현대,아반떼 AD,1.6 GDI 밸류 플러스,,201710.0,2018,855.0,153624.0,가솔린,오토,ORIGINAL,일반,2025-03-18 06:35:08.000 +09,경남,더케어모터스,277오8676,0,2,1,0.0,258.0831,1,0,
38877976,현대,아반떼 AD,1.6 GDI 밸류 플러스,,201802.0,2018,955.0,132679.0,가솔린,오토,ORIGINAL,일반,2025-03-18 06:35:08.000 +09,경남,더케어모터스,277오8674,0,2,1,0.0,103.316,1,0,
38989979,현대,아반떼 하이브리드 (CN7),인스퍼레이션,,202201.0,2022,1899.0,126732.0,가솔린+전기,오토,ORIGINAL,일반,2025-03-17 20:02:11.000 +09,경기,수성자동차,161러2922,2,1,0,305.6197,84.8124,0,0,
38987626,현대,아반떼 AD,1.6 GDI 밸류 플러스,,201707.0,2018,1030.0,50637.0,가솔린,오토,ORIGINAL,일반,2025-03-17 20:02:11.000 +09,경기,수성자동차,65너1094,3,2,1,278.2363,175.1467,0,0,
39236009,현대,아반떼 (CN7),1.6,모던,202210.0,2023,1850.0,11498.0,가솔린,오토,ORIGINAL,일반,2025-03-17 17:44:59.000 +09,경기,(주)유니앤모터스,197고6587,0,1,1,0.0,280.2198,0,0,
38944423,현대,더 뉴 아반떼 (CN7),1.6,인스퍼레이션 N Line,202403.0,2024,2690.0,12035.0,가솔린,오토,ORIGINAL,일반,2025-03-17 17:31:18.000 +09,울산,BF오토갤러리,311서3387,0,0,0,0.0,0.0,0,0,
39067251,현대,아반떼 (CN7),1.6,인스퍼레이션,202207.0,2023,2200.0,24354.0,가솔린,오토,ORIGINAL,일반,2025-03-17 17:05:22.000 +09,서울,,392수8047,0,0,0,0.0,0.0,0,0,
39250303,현대,더 뉴 아반떼 AD,1.6,스마트,201904.0,2019,1450.0,41342.0,가솔린,오토,ORIGINAL,일반,2025-03-17 16:16:49.000 +09,부산,로고스모터스,08누3141,0,0,2,0.0,0.0,0,0,
39250055,현대,아반떼 하이브리드 (CN7),모던,,202109.0,2021,1930.0,44772.0,가솔린+전기,오토,ORIGINAL,일반,2025-03-17 16:00:26.000 +09,서울,경복모터스,171우7135,0,0,1,0.0,0.0,0,0,
39004763,현대,더 뉴 아반떼 AD,1.6,스마트 초이스,201907.0,2020,1080.0,109926.0,가솔린,오토,ORIGINAL,일반,2025-03-17 15:45:45.000 +09,대전,서해모터스,385주1779,1,1,3,355.267,1021.086,1,0,
39247579,현대,아반떼 AD,1.6 LPI 스타일(렌터카),,201511.0,2016,599.0,181695.0,LPG(일반인 구입),오토,ORIGINAL,일반,2025-03-17 15:14:57.000 +09,광주,금상모터스,167구1571,4,1,4,431.9148,105.1521,1,0,
38059189,현대,아반떼 AD,1.6 GDI 스타일,,201709.0,2018,769.0,95005.0,가솔린,오토,ORIGINAL,일반,2025-03-17 15:14:07.000 +09,경남,메이저모터스,176루6854,3,0,2,248.4245,0.0,1,0,
39204231,현대,아반떼 AD,1.6 GDI 밸류 플러스,,201801.0,2018,995.0,117831.0,가솔린,오토,ORIGINAL,일반,2025-03-17 15:14:07.000 +09,경남,메이저모터스,353부3462,2,0,3,298.0408,0.0,1,0,
39247606,현대,아반떼 AD,1.6 LPI 스마트(렌터카),,201802.0,2018,950.0,124504.0,LPG(일반인 구입),오토,ORIGINAL,일반,2025-03-17 14:43:59.000 +09,광주,금상모터스,190누1108,2,2,2,88.2149,95.4314,1,0,
39244641,현대,아반떼 (CN7),1.6,인스퍼레이션,202007.0,2021,1600.0,81467.0,가솔린,오토,ORIGINAL,일반,2025-03-17 14:35:42.000 +09,경기,홈카,154버7007,4,0,1,354.5445,0.0,1,0,
39057883,현대,더 뉴 아반떼 AD,1.6,스타일,201905.0,2019,1350.0,71131.0,가솔린,오토,ORIGINAL,일반,2025-03-17 14:22:13.000 +09,울산,더블유오토,43도3923,0,1,2,0.0,66.5339,0,0,
38741426,현대,아반떼 MD,M16 GDI 럭셔리,,201206.0,2012,390.0,151104.0,가솔린,오토,ORIGINAL,일반,2025-03-17 14:08:13.000 +09,충남,(주)거상자동차,10두0644,0,0,3,0.0,0.0,1,0,
38225149,현대,아반떼 MD,M16 GDI 프리미어,,201012.0,2011,560.0,67108.0,가솔린,오토,ORIGINAL,일반,2025-03-17 14:05:57.000 +09,울산,보스모터스,53루5236,2,0,1,108.4158,0.0,0,0,
39246302,현대,아반떼 AD,1.6 터보 스포츠,(세부등급 없음),201805.0,2018,1120.0,106988.0,가솔린,오토,ORIGINAL,일반,2025-03-17 14:02:07.000 +09,경남,한결,52소1772,3,2,3,245.2917,277.2753,0,0,
38897158,현대,아반떼 MD,M16 GDI 럭셔리,,201208.0,2013,380.0,167200.0,가솔린,오토,ORIGINAL,일반,2025-03-17 13:59:35.000 +09,대전,주)대동모터스,68너6712,11,0,4,527.7298,0.0,0,0,
38788673,현대,아반떼 AD,1.6 GDI 밸류 플러스,,201808.0,2018,1090.0,63908.0,가솔린,오토,ORIGINAL,일반,2025-03-17 13:49:36.000 +09,충남,진명자동차,138무5586,0,0,3,0.0,0.0,1,0,
39214943,현대,더 뉴 아반떼 AD,1.6,스타일,201907.0,2019,1350.0,112931.0,가솔린,오토,ORIGINAL,일반,2025-03-17 12:59:52.000 +09,강원,백두중고자동차,45무9344,2,1,1,165.2482,46.201,0,0,
38995316,현대,아반떼 AD,1.6 GDI 스마트,(세부등급 없음),201607.0,2016,970.0,84442.0,가솔린,오토,ORIGINAL,일반,2025-03-17 12:59:51.000 +09,강원,백두중고자동차,172주6859,1,5,4,131.27,589.6898,1,0,
39074415,현대,아반떼 (CN7),1.6 LPi (렌터카),스마트,202106.0,2021,1639.0,50699.0,LPG(일반인 구입),오토,ORIGINAL,일반,2025-03-17 12:25:30.000 +09,경기,오토프라임,202나2912,0,0,1,0.0,0.0,1,0,
37687095,현대,아반떼 MD,M16 GDI 에비뉴,,201305.0,2014,490.0,135131.0,가솔린,오토,ORIGINAL,일반,2025-03-17 12:05:51.000 +09,충남,드림오토,19모2422,6,2,1,555.8624,658.867,0,0,
39247172,현대,더 뉴 아반떼,1.6 GDi 모던,기본형,201508.0,2016,620.0,137944.0,가솔린,오토,ORIGINAL,일반,2025-03-17 12:02:42.000 +09,울산,유일상사,51부7526,2,1,1,427.0128,12.5,0,0,
39035864,현대,더 뉴 아반떼 AD,1.6,스마트,201904.0,2019,9999.0,34115.0,가솔린,오토,ORIGINAL,일반,2025-03-17 11:53:15.000 +09,경기,양주진모터스,247주2545,0,0,2,0.0,0.0,1,0,
39168975,현대,더 뉴 아반떼 AD,1.6,스마트,201904.0,2019,1280.0,37219.0,가솔린,오토,ORIGINAL,일반,2025-03-17 11:53:15.000 +09,경기,양주진모터스,212도9648,1,0,1,63.241,0.0,1,0,
38976052,현대,더 뉴 아반떼,1.6 GDi 스마트,기본형,201506.0,2016,630.0,75457.0,가솔린,오토,ORIGINAL,일반,2025-03-17 11:46:46.000 +09,대구,중앙자동차상사,63거9204,1,2,1,566.344,126.819,0,0,
38778275,현대,아반떼 MD,M16 GDI 디럭스,,201101.0,2011,500.0,152546.0,가솔린,오토,ORIGINAL,일반,2025-03-17 11:46:46.000 +09,대구,중앙자동차상사,26도1920,2,1,1,180.103,45.901,0,0,
39211796,현대,아반떼 HD,디젤 1.6 VGT E16,밸류,200703.0,2007,280.0,124761.0,디젤,오토,ORIGINAL,일반,2025-03-17 11:46:46.000 +09,대구,중앙자동차상사,09누2673,6,2,3,538.6643,488.0,0,0,
38658869,현대,아반떼 (CN7),1.6,모던,202101.0,2021,1650.0,72741.0,가솔린,오토,ORIGINAL,일반,2025-03-17 11:27:55.000 +09,광주,장군모터스,270저3529,2,0,1,108.3048,0.0,1,0,
38693994,현대,아반떼 (CN7),1.6,모던,202011.0,2021,1650.0,79974.0,가솔린,오토,ORIGINAL,일반,2025-03-17 11:27:55.000 +09,광주,장군모터스,270저3510,1,0,1,63.6319,0.0,1,0,
37639066,현대,아반떼 XD,5DR 1.5 DOHC 스포츠,고급형,200305.0,2003,590.0,109200.0,가솔린,수동,ORIGINAL,일반,2025-03-17 11:20:16.000 +09,경기,무결점 카모터스,48무3212,0,1,1,0.0,17.795,1,0,
39137816,현대,더 뉴 아반떼 (CN7),1.6,모던,202312.0,2024,2069.0,8316.0,가솔린,오토,ORIGINAL,일반,2025-03-17 10:50:45.000 +09,경기,주식회사 유레카,232가5708,0,0,1,0.0,0.0,0,0,
39180260,현대,아반떼 (CN7),2.0 N,,202110.0,2022,2800.0,50896.0,가솔린,오토,ORIGINAL,일반,2025-03-17 10:39:28.000 +09,경기,하이코르오토(주),141무9652,0,0,2,0.0,0.0,0,0,
39009280,현대,더 뉴 아반떼,1.6 GDi 스타일,,201506.0,2015,580.0,126435.0,가솔린,오토,ORIGINAL,일반,2025-03-17 10:16:01.000 +09,전북,엠모터스,47더1740,4,2,1,165.6946,82.3986,0,0,
39244293,현대,더 뉴 아반떼,1.6 VGT 모던,기본형,201408.0,2015,790.0,39179.0,디젤,오토,ORIGINAL,일반,2025-03-17 09:44:02.000 +09,경기,동양모터스,45오1537,1,0,0,63.139,0.0,0,0,
39087230,현대,아반떼 AD,1.6 터보 스포츠,익스트림 셀렉션,201709.0,2018,980.0,128192.0,가솔린,오토,ORIGINAL,일반,2025-03-17 09:12:50.000 +09,부산,Kcar부산지점,52주5627,4,3,1,842.4491,491.9521,0,0,
38934919,현대,아반떼 AD,1.6 GDI 밸류 플러스,,201706.0,2018,970.0,61885.0,가솔린,오토,ORIGINAL,일반,2025-03-17 09:02:50.000 +09,경기,(주)왕카,04오1578,4,2,1,303.3515,214.7149,0,0,
38651878,현대,더 뉴 아반떼,1.6 GDi 모던,기본형,201402.0,2014,520.0,143421.0,가솔린,오토,ORIGINAL,일반,2025-03-17 09:02:39.000 +09,경기,(주)왕카,11저1964,2,1,4,125.3541,20.162,1,0,
39101266,현대,아반떼 AD,1.6 GDI 밸류 플러스,,201703.0,2017,720.0,157545.0,가솔린,오토,ORIGINAL,일반,2025-03-17 09:01:32.000 +09,광주,드림카마켓,06어2038,3,2,3,297.8438,130.986,0,0,
39176573,현대,아반떼 AD,1.6 GDI 모던,(세부등급 없음),201601.0,2016,820.0,148992.0,가솔린,오토,ORIGINAL,일반,2025-03-17 09:01:32.000 +09,광주,드림카마켓,23주0906,1,2,1,41.6258,87.7604,0,0,
38734732,현대,더 뉴 아반떼,1.6 LPi 스마트,,201502.0,2015,570.0,122000.0,LPG(일반인 구입),오토,ORIGINAL,일반,2025-03-17 08:38:37.000 +09,전북,조은모터스,19저2192,2,0,1,229.0368,0.0,0,0,
39170562,현대,아반떼 MD,M16 GDI 탑,,201206.0,2012,570.0,132000.0,가솔린,오토,ORIGINAL,일반,2025-03-17 08:38:37.000 +09,전북,조은모터스,35라9536,0,2,1,0.0,37.294,0,0,
38476733,현대,아반떼 MD,M16 GDI 모던,,201301.0,2013,489.0,125247.0,가솔린,오토,ORIGINAL,일반,2025-03-16 22:32:59.000 +09,경남,일등모터스,61어2501,3,3,7,145.5735,533.5963,0,0,
38948166,현대,아반떼 AD,1.6 GDI 밸류 플러스,,201805.0,2018,890.0,135103.0,가솔린,오토,ORIGINAL,일반,2025-03-16 21:02:26.000 +09,부산,(주)신세계모터스,275서2507,4,2,5,326.3329,119.0569,1,0,
39125404,현대,아반떼 AD,1.6 터보 스포츠,익스트림 셀렉션,201612.0,2017,1150.0,120263.0,가솔린,오토,ORIGINAL,일반,2025-03-16 19:58:46.000 +09,전북,81모터스,34더9334,1,1,1,548.5096,340.0,0,0,
38372986,현대,아반떼 HD,1.6 VVT S16,럭셔리,200802.0,2008,290.0,218061.0,가솔린,오토,ORIGINAL,일반,2025-03-16 19:57:33.000 +09,전북,우리,15어7787,4,4,2,380.8963,728.761,0,0,
39164045,현대,아반떼 AD,1.6 GDI 밸류 플러스,,201709.0,2018,650.0,124233.0,가솔린,오토,ORIGINAL,일반,2025-03-16 17:28:34.000 +09,서울,수도자동차판매(주),203고8135,1,2,4,1269.2,88.5498,2,0,
38285425,현대,아반떼 (CN7),1.6,모던,202009.0,2021,1830.0,18732.0,가솔린,오토,ORIGINAL,일반,2025-03-16 15:49:31.000 +09,부산,(주)천일모터스,112보9491,1,0,2,36.2209,0.0,1,0,
39111305,현대,아반떼 (CN7),1.6,인스퍼레이션,202110.0,2022,9990.0,31996.0,가솔린,오토,ORIGINAL,일반,2025-03-16 14:39:16.000 +09,광주,카마트,266부8326,1,0,0,46.4649,0.0,0,0,
39199645,현대,더 뉴 아반떼 (CN7),2.0 N,,202311.0,2024,3600.0,15700.0,가솔린,오토,ORIGINAL,일반,2025-03-16 13:23:34.000 +09,서울,,191수5017,1,0,0,141.216,0.0,0,0,
39208296,현대,아반떼 AD,1.6 GDI 밸류 플러스,,201803.0,2018,1170.0,50324.0,가솔린,오토,ORIGINAL,일반,2025-03-16 11:39:43.000 +09,광주,,57무1211,0,1,0,0.0,0.0,0,0,
38389411,현대,아반떼 MD,M16 GDI 럭셔리,,201101.0,2011,390.0,153807.0,가솔린,오토,ORIGINAL,일반,2025-03-16 09:44:53.000 +09,광주,(유)홍길동상사,61두8987,3,0,1,95.5588,0.0,0,0,
38486926,현대,아반떼 (CN7),1.6,모던,202301.0,2023,2250.0,4609.0,가솔린,오토,ORIGINAL,일반,2025-03-16 09:44:52.000 +09,광주,(유)홍길동상사,111로8476,0,2,1,0.0,51.7684,0,0,
37102504,현대,더 뉴 아반떼,1.6 GDi 프리미엄,기본형,201309.0,2014,720.0,112112.0,가솔린,오토,ORIGINAL,일반,2025-03-16 09:01:43.000 +09,경기,(주)브로,28소3689,0,0,1,0.0,0.0,0,0,
39240308,현대,아반떼 AD,1.6 GDI 스마트,(세부등급 없음),201510.0,2016,1150.0,62146.0,가솔린,오토,ORIGINAL,일반,2025-03-16 03:42:25.000 +09,경기,조은모터스 ,66무0555,2,0,2,154.0608,0.0,0,0,
38929308,현대,아반떼 HD,1.6 VVT S16,럭셔리,200904.0,2009,999.0,114410.0,가솔린,오토,ORIGINAL,일반,2025-03-15 21:54:30.000 +09,대구,드림카,51다1082,4,4,11,417.5953,500.1371,0,0,
39241648,현대,아반떼 AD,1.6 GDI 밸류 플러스,,201801.0,2018,800.0,144652.0,가솔린,오토,ORIGINAL,일반,2025-03-15 17:15:26.000 +09,대구,,17어1505,2,3,0,48.9609,320.8707,0,0,
39241595,현대,더 뉴 아반떼,1.6 GDi 스타일,,201408.0,2015,650.0,86013.0,가솔린,오토,ORIGINAL,일반,2025-03-15 17:08:36.000 +09,충남,신아산상사,19머3659,4,2,6,411.9755,237.0386,0,0,
38805732,현대,아반떼 AD,1.6 GDI 밸류 플러스,,201705.0,2017,1090.0,69350.0,가솔린,오토,ORIGINAL,일반,2025-03-15 16:18:17.000 +09,경기,오토돔,39라8034,0,2,1,0.0,98.5704,0,0,
38181957,현대,아반떼 MD,M16 GDI 프리미어,,201207.0,2012,999.0,154620.0,가솔린,오토,ORIGINAL,일반,2025-03-15 15:35:43.000 +09,경북,으랏차차,18머9200,2,2,0,71.9136,115.3821,0,0,
37188649,현대,아반떼 MD,M16 GDI 럭셔리,,201207.0,2012,420.0,83195.0,가솔린,오토,ORIGINAL,일반,2025-03-15 15:35:43.000 +09,경북,으랏차차,57무8650,3,3,4,371.09,417.9415,0,0,
39082668,현대,아반떼 MD,M16 GDI 럭셔리,,201209.0,2013,340.0,220000.0,가솔린,오토,ORIGINAL,일반,2025-03-15 14:42:25.000 +09,대구,중앙상사,33두4387,5,2,2,198.0803,518.5641,0,0,
37822610,현대,아반떼 MD,M16 GDI 스마트,,201211.0,2013,490.0,81000.0,가솔린,오토,ORIGINAL,일반,2025-03-15 14:42:25.000 +09,대구,중앙상사,14보5226,0,4,1,0.0,435.3466,0,0,
39240972,현대,아반떼 AD,1.6 GDI 밸류 플러스,,201706.0,2018,1120.0,113202.0,가솔린,오토,ORIGINAL,일반,2025-03-15 14:02:17.000 +09,대구,한마음모터스,18소8837,0,0,2,0.0,0.0,0,0,
39041220,현대,아반떼 (CN7),1.6,모던,202111.0,2022,1650.0,60137.0,가솔린,오토,ORIGINAL,일반,2025-03-15 12:45:25.000 +09,광주,굿모닝모터스,340구6291,0,0,2,0.0,0.0,1,0,
39041414,현대,아반떼 (CN7),1.6,모던,202101.0,2021,1550.0,90949.0,가솔린,오토,ORIGINAL,일반,2025-03-15 12:45:10.000 +09,광주,굿모닝모터스,152거4926,2,1,1,230.7554,30.8289,1,0,
39203251,현대,더 뉴 아반떼 (CN7),1.6,모던,202412.0,2025,1774.0,1400.0,가솔린,오토,ORIGINAL,렌트,2025-03-15 05:19:06.000 +09,대구,,232호1112,0,0,0,0.0,0.0,0,0,
38818474,현대,아반떼 (CN7),1.6,모던,202105.0,2021,1800.0,34807.0,가솔린,오토,ORIGINAL,일반,2025-03-14 16:08:29.000 +09,대전,선명상사,106도4856,1,1,1,52.78,152.7606,0,0,
39220751,현대,아반떼 (CN7),1.6,인스퍼레이션,202007.0,2021,1960.0,34237.0,가솔린,오토,ORIGINAL,일반,2025-03-14 16:01:45.000 +09,경기,슬기로운딜러생활,310서1794,0,0,3,0.0,0.0,0,0,
38839683,현대,더 뉴 아반떼 AD,1.6,스타일,201810.0,2019,1230.0,60876.0,가솔린,오토,ORIGINAL,일반,2025-03-14 15:06:24.000 +09,경기,티에이치모터스,392다9774,2,0,3,63.7955,0.0,1,0,
38639688,현대,더 뉴 아반떼,1.6 VGT 모던,기본형,201409.0,2015,580.0,119149.0,디젤,오토,ORIGINAL,일반,2025-03-14 14:03:31.000 +09,대구,누리자동차상사,31오6385,0,0,4,0.0,0.0,0,0,
38917536,현대,아반떼 AD,1.6 GDI 스마트,(세부등급 없음),201705.0,2017,790.0,147645.0,가솔린,오토,ORIGINAL,일반,2025-03-14 14:03:31.000 +09,대구,누리자동차상사,42버3707,3,1,5,282.7119,856.52,0,0,
38779212,현대,아반떼 MD,M16 GDI 럭셔리,,201101.0,2011,399.0,135079.0,가솔린,오토,ORIGINAL,일반,2025-03-14 09:13:52.000 +09,충북,JCmotors,26도8305,1,2,5,100.845,338.532,0,0,
38830455,현대,더 뉴 아반떼,1.6 GDi 모던,기본형,201309.0,2014,520.0,173000.0,가솔린,오토,ORIGINAL,일반,2025-03-13 18:24:23.000 +09,경기,서울자동차매매상사,63너8096,2,0,1,80.162,0.0,0,0,
38295051,현대,더 뉴 아반떼,1.6 GDi 모던,기본형,201311.0,2013,590.0,150850.0,가솔린,오토,ORIGINAL,일반,2025-03-13 18:24:23.000 +09,경기,서울자동차매매상사,60두7610,0,0,3,0.0,0.0,0,0,
38085988,현대,아반떼 (CN7),1.6,모던,202201.0,2022,1820.0,25000.0,가솔린,오토,ORIGINAL,일반,2025-03-13 17:44:46.000 +09,대전,주 삼일상사,122거3215,1,0,1,176.21,0.0,0,0,
39029002,현대,더 뉴 아반떼 (CN7),1.6 LPi (장애인),모던,202305.0,2024,2130.0,15000.0,LPG(일반인 구입),오토,ORIGINAL,일반,2025-03-13 17:44:46.000 +09,대전,주 삼일상사,143조5360,0,0,2,0.0,0.0,0,0,
38564881,현대,아반떼 AD,1.6 GDI 밸류 플러스,,201708.0,2018,870.0,200000.0,가솔린,오토,ORIGINAL,일반,2025-03-13 17:44:45.000 +09,대전,주 삼일상사,65구4643,1,0,1,43.8933,0.0,0,0,
38085865,현대,아반떼 AD,1.6 GDI 스타일,,201812.0,2019,990.0,55000.0,가솔린,오토,ORIGINAL,일반,2025-03-13 17:44:45.000 +09,대전,주 삼일상사,50나3770,4,3,1,334.0159,302.4563,0,0,
39213113,현대,더 뉴 아반떼,1.6 LPi 모던,,201507.0,2016,790.0,68476.0,LPG(일반인 구입),오토,ORIGINAL,일반,2025-03-13 17:18:29.000 +09,광주,금상모터스,11구3032,1,1,4,77.0,48.896,0,0,
39226998,현대,아반떼 AD,1.6 GDI 밸류 플러스,,201702.0,2017,1290.0,35549.0,가솔린,오토,ORIGINAL,일반,2025-03-13 15:56:07.000 +09,대전,디오토몰 아성,11러8117,2,2,2,83.6558,212.205,0,0,
39225811,현대,아반떼 MD,M16 GDI 에비뉴,,201303.0,2013,650.0,82924.0,가솔린,오토,ORIGINAL,일반,2025-03-13 14:53:16.000 +09,대전,디오토몰 아성,69어1746,2,2,0,134.0913,145.3721,0,0,
39224994,현대,더 뉴 아반떼,1.6 GDi 스타일,,201508.0,2016,545.0,100000.0,가솔린,오토,ORIGINAL,일반,2025-03-13 14:15:56.000 +09,경북,고니모터스,42보2731,2,2,3,144.2037,148.3058,1,0,
38817797,현대,아반떼 (CN7),2.0 N,,202204.0,2022,2150.0,56653.0,가솔린,오토,ORIGINAL,일반,2025-03-13 13:30:10.000 +09,경기,(주)바바리안모터스,293조2675,3,1,0,1804.6087,72.4374,1,0,
39224435,현대,더 뉴 아반떼,1.6 GDi 스마트,튜익스 에디션I,201412.0,2015,620.0,99000.0,가솔린,오토,ORIGINAL,일반,2025-03-13 12:45:17.000 +09,전남,,351노5164,1,0,1,147.1859,0.0,1,0,
39187844,현대,아반떼 AD,1.6 GDI 밸류 플러스,,201611.0,2017,830.0,124179.0,가솔린,오토,ORIGINAL,일반,2025-03-13 12:30:37.000 +09,대구,SB모터스,59가0121,1,2,1,223.452,189.948,0,0,
39220821,현대,더 뉴 아반떼,1.6 VGT 스마트,기본형,201402.0,2014,350.0,184370.0,디젤,수동,ORIGINAL,일반,2025-03-13 09:18:18.000 +09,경북,,64누3274,3,2,3,213.0618,205.9648,0,0,
38814996,현대,아반떼 AD,1.6 GDI 밸류 플러스,,201711.0,2018,1090.0,57393.0,가솔린,오토,ORIGINAL,일반,2025-03-13 08:46:02.000 +09,대구,와룡모터스,32가7804,1,3,2,816.6,254.2336,0,0,
39213933,현대,아반떼 AD,1.6 터보 스포츠,(세부등급 없음),201605.0,2017,790.0,136000.0,가솔린,수동,ORIGINAL,일반,2025-03-13 01:06:36.000 +09,충남,,02구0316,2,2,7,43.933,107.553,0,0,
39188719,현대,아반떼 HD,디젤 1.6 VGT E16,디럭스,200904.0,2009,230.0,170967.0,디젤,오토,ORIGINAL,일반,2025-03-12 23:35:28.000 +09,대전,명성오월드,57보7039,2,0,4,321.968,0.0,1,0,
39008922,현대,더 뉴 아반떼,1.6 GDi 모던,기본형,201310.0,2014,570.0,146300.0,가솔린,오토,ORIGINAL,일반,2025-03-12 23:10:19.000 +09,경기,경기모터스,14러8893,1,0,2,63.2135,0.0,0,0,
39156965,현대,더 뉴 아반떼 하이브리드 (CN7),인스퍼레이션 N Line,,202406.0,2024,3019.0,10507.0,가솔린+전기,오토,ORIGINAL,일반,2025-03-12 17:39:55.000 +09,부산,,240버1455,0,0,0,0.0,0.0,0,0,
38964736,현대,아반떼 MD,M16 GDI 프리미어,,201101.0,2011,580.0,70702.0,가솔린,오토,ORIGINAL,일반,2025-03-12 16:26:57.000 +09,충북,살카팔카,33조6096,4,2,1,130.1473,217.403,0,0,
38958275,현대,아반떼 MD,M16 GDI 럭셔리,,201107.0,2012,450.0,137114.0,가솔린,오토,ORIGINAL,일반,2025-03-12 15:44:54.000 +09,전남,진모터스,60로4682,7,4,1,428.9929,402.239,0,0,
37586913,현대,아반떼 MD,M16 GDI 프리미어,,201105.0,2012,650.0,141386.0,가솔린,오토,ORIGINAL,일반,2025-03-12 12:12:53.000 +09,부산,YG모터스,19더8028,5,3,3,312.79,142.159,0,0,
38293653,현대,아반떼 (CN7),1.6 LPi,스마트,202006.0,2021,1629.0,43980.0,LPG(일반인 구입),오토,ORIGINAL,일반,2025-03-12 11:48:23.000 +09,부산,(주)뉴부산모터스,252우3087,0,1,2,0.0,74.19,1,0,
38855606,현대,아반떼 AD,1.6 LPI 모던(장애인),,201601.0,2016,990.0,58863.0,LPG(일반인 구입),오토,ORIGINAL,일반,2025-03-12 11:05:45.000 +09,광주,금상모터스,148조8522,2,3,8,114.1871,193.1893,1,0,
38855625,현대,더 뉴 아반떼,1.6 VGT 스마트,기본형,201401.0,2014,650.0,85044.0,디젤,오토,ORIGINAL,일반,2025-03-12 11:05:45.000 +09,광주,금상모터스,17루1250,2,1,2,145.5968,46.283,0,0,
38801374,현대,아반떼 AD,1.6 LPI 스타일(렌터카),,201802.0,2018,870.0,116750.0,LPG(일반인 구입),오토,ORIGINAL,일반,2025-03-12 11:05:45.000 +09,광주,금상모터스,255라6399,0,1,2,0.0,12.118,1,0,
39212243,현대,아반떼 AD,1.6 GDI 프리미엄,,201603.0,2016,999.0,138162.0,가솔린,오토,ORIGINAL,일반,2025-03-12 10:37:41.000 +09,충남,(주)리원,07오0651,1,1,1,33.0753,95.909,0,0,
38585294,현대,더 뉴 아반떼 AD,1.6,스타일,201902.0,2019,1330.0,81234.0,가솔린,오토,ORIGINAL,일반,2025-03-12 08:56:36.000 +09,광주,삼일모터스,55고8664,0,0,3,0.0,0.0,0,0,
38585373,현대,더 뉴 아반떼 AD,1.6,스마트,201902.0,2019,1275.0,83415.0,가솔린,오토,ORIGINAL,일반,2025-03-12 08:56:36.000 +09,광주,삼일모터스,39루6989,2,0,3,152.4248,0.0,0,0,
39204868,현대,아반떼 AD,1.6 GDI 모던,(세부등급 없음),201609.0,2017,690.0,144530.0,가솔린,오토,ORIGINAL,일반,2025-03-11 16:48:29.000 +09,인천,킹덤모터스,57다0237,5,1,0,496.5292,126.749,0,0,
39193715,현대,더 뉴 아반떼 AD,1.6,스타일,201810.0,2019,1250.0,57715.0,가솔린,오토,ORIGINAL,일반,2025-03-11 16:27:45.000 +09,경기,티에이치모터스,39오6200,0,1,1,0.0,131.6176,0,0,
39183147,현대,아반떼 HD,1.6 VVT S16,럭셔리,200801.0,2008,190.0,121244.0,가솔린,오토,ORIGINAL,일반,2025-03-11 15:48:54.000 +09,울산,비에프오토갤러리,134오4719,0,1,1,0.0,34.6554,1,0,
39185191,현대,아반떼 MD,M16 GDI 럭셔리,,201202.0,2012,570.0,85860.0,가솔린,오토,ORIGINAL,일반,2025-03-11 15:33:55.000 +09,부산,더베스트모터스,12무5538,3,2,0,229.4108,147.6044,0,0,
38857695,현대,아반떼 (CN7),1.6,모던,202212.0,2023,1800.0,14700.0,가솔린,오토,ORIGINAL,일반,2025-03-11 13:20:33.000 +09,경기,,135서2682,1,0,0,65.915,0.0,0,0,
38582026,현대,아반떼 AD,1.6 GDI 밸류 플러스,,201610.0,2017,959.0,118100.0,가솔린,오토,ORIGINAL,일반,2025-03-11 12:32:39.000 +09,대구,MJ모터스,370너6064,4,1,2,109.9745,7.056,1,0,
39183119,현대,더 뉴 아반떼,1.6 GDi 스마트,기본형,201409.0,2015,520.0,166608.0,가솔린,오토,ORIGINAL,일반,2025-03-11 10:47:39.000 +09,충북,오성상사,15머0315,3,6,3,236.1348,975.5345,1,0,
39048826,현대,아반떼 AD,1.6 터보 스포츠,익스트림 셀렉션,201708.0,2018,1600.0,29000.0,가솔린,오토,ORIGINAL,일반,2025-03-11 10:09:04.000 +09,서울,(주)마루자동차,61다7339,0,0,3,0.0,0.0,0,0,
39198015,현대,아반떼 XD,1.5 DOHC 디럭스,최고급형,200209.0,2002,170.0,80000.0,가솔린,오토,ORIGINAL,일반,2025-03-10 17:28:30.000 +09,경남,주화오토,14수1481,1,2,2,77.019,95.17,1,0,
39197178,현대,아반떼 MD,M16 GDI 럭셔리,,201010.0,2011,450.0,169760.0,가솔린,오토,ORIGINAL,일반,2025-03-10 16:32:39.000 +09,대전,노마진모터스,33주1266,4,0,1,307.1234,0.0,0,0,
38901525,현대,아반떼 HD,1.6 VVT S16,럭셔리,200810.0,2009,280.0,163162.0,가솔린,오토,ORIGINAL,일반,2025-03-10 12:20:42.000 +09,경남,일진중고차매매상사,69도6125,1,4,3,49.95,117.5492,0,0,
39192161,현대,아반떼 (CN7),1.6,인스퍼레이션,202204.0,2023,2110.0,21968.0,가솔린,오토,ORIGINAL,일반,2025-03-10 10:56:13.000 +09,강원,라온모터스,152우6183,0,2,2,0.0,132.0929,0,0,
38895444,현대,더 뉴 아반떼 AD,1.6,스마트,202003.0,2020,1280.0,41348.0,가솔린,오토,ORIGINAL,일반,2025-03-10 10:44:11.000 +09,대전,(주)전진오토월드,120구6379,0,2,3,0.0,898.8279,1,0,
38096648,현대,아반떼 (CN7),1.6,모던,202103.0,2021,1990.0,27731.0,가솔린,오토,ORIGINAL,일반,2025-03-10 09:34:03.000 +09,충북,기림MOTORS,166주8436,0,0,1,0.0,0.0,1,0,
39188845,현대,아반떼 HD,디젤 1.6 VGT E16,디럭스,200902.0,2009,160.0,280000.0,디젤,오토,ORIGINAL,일반,2025-03-09 15:09:29.000 +09,경남,주화오토,03너4312,2,1,3,106.8074,28.8126,1,0,
39122093,현대,아반떼 MD,M16 GDI 에비뉴,,201307.0,2014,550.0,153000.0,가솔린,오토,ORIGINAL,일반,2025-03-08 22:09:15.000 +09,부산,더베스트모터스,53너9955,2,1,5,51.65,237.6,0,0,
38623429,현대,아반떼 (CN7),1.6,인스퍼레이션,202006.0,2021,1790.0,60534.0,가솔린,오토,ORIGINAL,일반,2025-03-08 12:13:09.000 +09,경북,나은자동차상사,321두5454,0,0,1,0.0,0.0,0,0,
39185310,현대,아반떼 HD,1.6 VVT S16,럭셔리,200801.0,2008,250.0,130000.0,가솔린,오토,ORIGINAL,일반,2025-03-07 17:39:11.000 +09,충남,한내자동차상사,12어8868,0,1,1,0.0,47.4183,0,0,
38794904,현대,더 뉴 아반떼 AD,1.6,프리미엄,201910.0,2020,1690.0,17951.0,가솔린,오토,ORIGINAL,일반,2025-03-07 15:59:08.000 +09,충북,골드모터스,257우2220,0,1,2,0.0,195.0,1,0,
38921291,현대,아반떼 MD,M16 GDI 프리미엄,,201203.0,2012,460.0,147000.0,가솔린,오토,ORIGINAL,일반,2025-03-07 11:10:26.000 +09,인천,신대진자동차,67루8425,0,0,1,0.0,0.0,0,0,
39008072,현대,아반떼 AD,1.6 GDI 모던,(세부등급 없음),201511.0,2016,1040.0,57000.0,가솔린,오토,ORIGINAL,일반,2025-03-07 11:10:26.000 +09,인천,신대진자동차,66더0680,1,0,2,134.9838,0.0,0,0,
39121784,현대,아반떼 (CN7),2.0 N,,202301.0,2023,3200.0,48694.0,가솔린,오토,ORIGINAL,일반,2025-03-06 13:44:33.000 +09,경기,힐링모터스,116주3454,1,0,1,254.084,0.0,0,0,
39031558,현대,아반떼 AD,1.6 GDI 프리미엄,,201602.0,2016,999.0,159772.0,가솔린,오토,ORIGINAL,일반,2025-03-06 09:04:58.000 +09,충북,구구상사 주식회사,63모0928,1,0,1,51.3276,0.0,0,0,
39142231,현대,더 뉴 아반떼,1.6 GDi 스마트,기본형,201503.0,2015,780.0,89028.0,가솔린,오토,ORIGINAL,일반,2025-03-05 17:03:15.000 +09,강원,뉴진진모터스,36누2178,2,1,8,237.7316,41.636,0,0,
38414343,현대,아반떼 AD,1.6 GDI 모던,(세부등급 없음),201601.0,2016,890.0,118783.0,가솔린,오토,ORIGINAL,일반,2025-03-05 15:48:29.000 +09,경북,J모터스,39주0295,7,3,1,507.9985,330.8366,0,0,
39115715,현대,아반떼 AD,1.6 GDI 밸류 플러스,,201802.0,2018,1190.0,79090.0,가솔린,오토,ORIGINAL,일반,2025-03-05 15:24:44.000 +09,강원,뉴진진모터스,50수3628,2,1,1,336.3449,211.1192,0,0,
38369851,현대,아반떼 AD,1.6 GDI 밸류 플러스,,201705.0,2018,1190.0,95673.0,가솔린,오토,ORIGINAL,일반,2025-03-05 15:20:41.000 +09,대전,동영모터스,46주9052,0,1,2,0.0,113.4896,0,0,
39089692,현대,아반떼 (CN7),1.6,인스퍼레이션,202303.0,2023,2250.0,17000.0,가솔린,오토,ORIGINAL,일반,2025-03-05 14:48:40.000 +09,경남,,107조3404,1,1,0,11.78,15.097,0,0,
38750298,현대,아반떼 AD,1.6 GDI 스타일,,201709.0,2018,750.0,137754.0,가솔린,오토,ORIGINAL,일반,2025-03-05 14:10:54.000 +09,경기,(주)좋은차,04다3241,3,1,1,220.0009,0.0,0,0,
38242860,현대,아반떼 MD,M16 GDI 탑,,201205.0,2012,620.0,71573.0,가솔린,오토,ORIGINAL,일반,2025-03-05 10:51:52.000 +09,강원,무실자동차매매상사,35오3455,3,2,1,424.6045,140.7031,0,0,
39147069,현대,더 뉴 아반떼,1.6 VGT 스타일,,201403.0,2014,430.0,176000.0,디젤,수동,ORIGINAL,일반,2025-03-03 12:25:24.000 +09,강원,,161러3703,4,1,5,202.0457,155.7506,1,0,
39146161,현대,더 뉴 아반떼,1.6 GDi 스마트,기본형,201401.0,2014,540.0,83500.0,가솔린,오토,ORIGINAL,일반,2025-03-02 17:13:21.000 +09,경기,,68누2512,4,2,1,192.0296,326.6012,0,0,
39146050,현대,아반떼 HD,1.6 VVT X16,프리미어,200903.0,2009,270.0,208436.0,가솔린,오토,ORIGINAL,일반,2025-03-02 15:04:50.000 +09,대전,브라더모터스,19라3993,0,2,1,0.0,107.374,0,0,
38448008,현대,더 뉴 아반떼,1.6 GDi 스마트,기본형,201405.0,2014,550.0,91140.0,가솔린,오토,ORIGINAL,일반,2025-03-02 10:36:44.000 +09,강원,행운,51고9274,5,3,0,705.5249,785.5843,0,0,
39144433,현대,아반떼 AD,1.6 e-VGT 스마트,스페셜,201509.0,2016,650.0,185079.0,디젤,오토,ORIGINAL,일반,2025-03-01 11:20:46.000 +09,전북,곤 모터스,58거5194,1,2,1,83.606,222.3003,0,0,
38819639,현대,더 뉴 아반떼 AD,1.6,스마트,201811.0,2019,1470.0,60488.0,가솔린,오토,ORIGINAL,일반,2025-02-28 17:52:01.000 +09,경남,우신자동차매매상사,36모4241,0,0,0,0.0,0.0,0,0,
39138759,현대,아반떼 MD,M16 GDI 럭셔리,,201008.0,2011,9999.0,105619.0,가솔린,오토,ORIGINAL,일반,2025-02-28 14:53:32.000 +09,전남,토마토모터스,19루3287,2,2,4,35.883,187.847,0,0,
38725200,현대,아반떼 AD,1.6 GDI 밸류 플러스,,201707.0,2018,1000.0,73000.0,가솔린,오토,ORIGINAL,일반,2025-02-28 14:46:23.000 +09,서울,(주)가교상사,145소1859,0,0,4,0.0,0.0,1,0,
39140083,현대,아반떼 AD,1.6 e-VGT 스타일,,201602.0,2016,1080.0,69478.0,디젤,수동,ORIGINAL,일반,2025-02-28 14:35:05.000 +09,경기,신원자동차매매상사,56고0269,1,1,0,40.7945,91.233,0,0,
39139170,현대,아반떼 AD,1.6 e-VGT 프리미엄,,201509.0,2016,790.0,114491.0,디젤,오토,ORIGINAL,일반,2025-02-28 14:26:40.000 +09,부산,진산상사,68가0942,1,5,5,90.959,254.9578,0,0,
39138202,현대,더 뉴 아반떼 AD,1.6,스타일,201903.0,2019,1180.0,65088.0,가솔린,오토,ORIGINAL,일반,2025-02-28 14:10:55.000 +09,대전,메인모터스,279우5341,0,0,2,0.0,0.0,1,0,
39128769,현대,아반떼 HD,1.6 VVT S16,럭셔리,200710.0,2007,240.0,120000.0,가솔린,오토,ORIGINAL,일반,2025-02-27 10:44:00.000 +09,경남,주화오토,61주5730,5,1,1,377.6818,115.4,0,0,
39124338,현대,아반떼 MD,M16 GDI 럭셔리,,201101.0,2011,480.0,108180.0,가솔린,오토,ORIGINAL,일반,2025-02-26 16:23:29.000 +09,부산,건우자동차,16조1253,1,0,1,113.7565,0.0,0,0,
39115847,현대,아반떼 AD,1.6 GDI 스마트,(세부등급 없음),201603.0,2016,970.0,88978.0,가솔린,오토,ORIGINAL,일반,2025-02-25 17:22:08.000 +09,경기,로드모터스,39오0568,2,2,1,206.658,161.782,0,0,
38574806,현대,아반떼 AD,1.6 GDI 모던,스페셜,201607.0,2017,700.0,152204.0,가솔린,오토,ORIGINAL,일반,2025-02-25 09:50:54.000 +09,경북,인터빅무역상사,19주0724,1,1,3,67.1496,231.3356,0,0,
39101173,현대,더 뉴 아반떼 AD,1.6,스타일,201811.0,2019,899.0,127086.0,가솔린,오토,ORIGINAL,일반,2025-02-24 10:42:58.000 +09,경기,로또모터스,49보1769,4,2,3,495.819,73.4465,0,0,
39076831,현대,더 뉴 아반떼,1.6 GDi 모던,기본형,201412.0,2015,730.0,124000.0,가솔린,오토,ORIGINAL,일반,2025-02-21 12:09:35.000 +09,전북,MK상사,56러1038,1,1,1,44.8528,220.5445,0,0,
38740504,현대,더 뉴 아반떼 AD,1.6 터보 스포츠,모던,201909.0,2020,1159.0,83155.0,가솔린,수동,ORIGINAL,일반,2025-02-20 12:18:06.000 +09,경기,,357오6265,1,1,2,91.224,230.059,0,0,
39082797,현대,더 뉴 아반떼 하이브리드 (CN7),모던,,202409.0,2025,2464.0,7300.0,가솔린+전기,오토,ORIGINAL,렌트,2025-02-20 11:38:39.000 +09,경기,,196하5649,0,0,0,0.0,0.0,0,0,
39069131,현대,아반떼 AD,1.6 GDI 밸류 플러스,,201703.0,2017,1030.0,97550.0,가솔린,오토,ORIGINAL,일반,2025-02-19 16:00:12.000 +09,경기,카메이트,42보9127,3,1,4,190.304,0.0,0,0,
38637132,현대,더 뉴 아반떼,1.6 GDi 스마트,기본형,201507.0,2016,590.0,112734.0,가솔린,오토,ORIGINAL,일반,2025-02-19 12:14:34.000 +09,대전,서전모터스,53가0248,5,2,1,244.2715,330.9862,0,0,
39073257,현대,아반떼 AD,1.6 GDI 스마트,(세부등급 없음),201605.0,2017,820.0,83400.0,가솔린,오토,ORIGINAL,일반,2025-02-19 11:00:38.000 +09,대전,메인모터스,150다1095,2,2,3,360.2323,399.4722,1,0,
38718842,현대,더 뉴 아반떼 AD,1.6,스마트,201809.0,2019,890.0,112540.0,가솔린,오토,ORIGINAL,일반,2025-02-19 10:11:32.000 +09,서울,(주)덕신모터스,30소2865,2,1,1,407.587,127.97,0,0,
38318296,현대,아반떼 (CN7),1.6,인스퍼레이션,202102.0,2021,1950.0,37795.0,가솔린,오토,ORIGINAL,일반,2025-02-19 09:02:30.000 +09,경북,삼삼자동차매매상사,298우4565,1,0,1,41.252,0.0,0,0,
38996315,현대,더 뉴 아반떼,1.6 GDi 스마트,기본형,201503.0,2015,820.0,72605.0,가솔린,오토,ORIGINAL,일반,2025-02-19 00:06:25.000 +09,대전,브라더모터스,41가2962,1,2,3,128.1278,193.8512,1,0,
38594979,현대,뉴 아반떼 XD,1.6 VVT GLS,기본형,200512.0,2006,390.0,92000.0,가솔린,수동,ORIGINAL,일반,2025-02-18 17:12:26.000 +09,대구,,04우6071,3,1,2,174.1081,4.48,0,0,
38958862,현대,아반떼 AD,1.6 e-VGT 프리미엄,,201612.0,2017,850.0,114355.0,디젤,오토,ORIGINAL,일반,2025-02-18 15:57:28.000 +09,충북,가경상사,31소4707,2,2,5,157.7182,434.642,0,0,
39067274,현대,아반떼 (CN7),1.6 LPi (렌터카),스마트,202010.0,2021,1120.0,130760.0,LPG(일반인 구입),오토,ORIGINAL,일반,2025-02-18 14:52:52.000 +09,서울,(주)하이오토코리아,322더3127,0,0,2,0.0,0.0,1,0,
39061169,현대,아반떼 하이브리드 (CN7),모던,,202111.0,2022,1088.0,111285.0,가솔린+전기,오토,ORIGINAL,렌트,2025-02-17 19:30:44.000 +09,경기,,176호7135,0,1,0,0.0,0.0,0,0,
38712344,현대,아반떼 AD,1.6 GDI 스타일,,201705.0,2018,899.0,25103.0,가솔린,오토,ORIGINAL,일반,2025-02-16 21:19:50.000 +09,경기,민성모터스,372모9546,4,1,4,346.7759,36.0164,1,0,
38712362,현대,아반떼 AD,1.6 GDI 스마트,스페셜,201612.0,2017,999.0,69335.0,가솔린,오토,ORIGINAL,일반,2025-02-16 21:19:47.000 +09,경기,민성모터스,28누7981,3,0,1,433.8071,0.0,0,0,
39050377,현대,더 뉴 아반떼 (CN7),2.0 N,,202405.0,2024,3200.0,824.0,가솔린,수동,ORIGINAL,일반,2025-02-15 23:00:21.000 +09,전남,,239저6974,0,0,0,0.0,0.0,0,0,
38919295,현대,더 뉴 아반떼 (CN7),1.6,모던,202304.0,2024,1077.0,9200.0,가솔린,오토,ORIGINAL,렌트,2025-02-13 10:39:17.000 +09,인천,,175호5051,0,0,0,0.0,0.0,0,0,
38991379,현대,아반떼 AD,1.6 GDI 밸류 플러스,,201701.0,2017,1390.0,30549.0,가솔린,오토,ORIGINAL,일반,2025-02-12 11:22:06.000 +09,서울,파인뱅크,48루5782,1,3,1,41.993,179.862,0,0,
37535984,현대,아반떼 MD,M16 GDI 럭셔리,,201107.0,2012,390.0,150000.0,가솔린,오토,ORIGINAL,일반,2025-02-12 06:45:17.000 +09,대전,(주)아빠차,23주3440,3,2,2,153.282,426.7473,1,0,
38278063,현대,아반떼 MD,M16 GDI 럭셔리,,201103.0,2011,380.0,120000.0,가솔린,오토,ORIGINAL,일반,2025-02-12 06:45:17.000 +09,대전,(주)아빠차,63로7360,1,1,5,95.378,30.953,0,0,
39003982,현대,아반떼 AD,1.6 터보 스포츠,(세부등급 없음),201704.0,2018,850.0,106000.0,가솔린,오토,ORIGINAL,일반,2025-02-11 19:58:19.000 +09,경기,,187오7978,5,4,2,828.592,762.9299,1,0,
38938527,현대,더 뉴 아반떼 하이브리드 (CN7),모던,,202312.0,2024,2750.0,9053.0,가솔린+전기,오토,ORIGINAL,일반,2025-02-07 21:15:45.000 +09,경기,다온자동차,356누5870,0,0,1,0.0,0.0,0,0,
38999758,현대,아반떼 AD,1.6 e-VGT 스마트,스페셜,201601.0,2016,589.0,130000.0,디젤,오토,ORIGINAL,일반,2025-02-07 11:49:40.000 +09,경기,오토피아,11버0332,1,0,0,380.8049,0.0,0,0,
27727555,현대,아반떼 하이브리드,HDeII,기본형,200909.0,2010,390.0,153300.0,LPG+전기,오토,ORIGINAL,일반,2025-02-04 10:46:35.000 +09,서울,,45마2968,2,0,6,104.461,0.0,0,0,
38623490,현대,아반떼 AD,1.6 GDI 모던,(세부등급 없음),201601.0,2016,920.0,156359.0,가솔린,오토,ORIGINAL,일반,2025-01-31 17:52:08.000 +09,전남,토마토모터스,15보7112,0,0,1,0.0,0.0,0,0,
38952814,현대,아반떼 MD,M16 GDI 스타일,,201210.0,2013,430.0,121628.0,가솔린,오토,ORIGINAL,일반,2025-01-31 17:25:01.000 +09,경기,네이버.해수카넷,36주5518,4,2,2,250.3876,137.7878,0,0,
36728295,현대,아반떼 하이브리드 (CN7),모던,,202101.0,2021,1995.0,36500.0,가솔린+전기,오토,ORIGINAL,일반,2025-01-26 16:37:29.000 +09,경북,승진모터스,359마7366,0,0,1,0.0,0.0,1,0,
38952561,현대,아반떼 HD,1.6 VVT E16,디럭스,201003.0,2010,330.0,186955.0,가솔린,오토,ORIGINAL,일반,2025-01-25 15:22:02.000 +09,경남,보람상사,47러2814,3,1,1,211.4457,70.0,0,0,
38938133,현대,더 뉴 아반떼 AD,1.6 LPi,스마트(렌터카용),201901.0,2019,949.0,132269.0,LPG(일반인 구입),오토,ORIGINAL,일반,2025-01-23 22:43:50.000 +09,경기,킹모터스,242루5910,2,0,1,100.9255,0.0,1,0,
38930465,현대,아반떼 AD,1.6 GDI 밸류 플러스,,201801.0,2018,870.0,101802.0,가솔린,오토,ORIGINAL,일반,2025-01-22 13:28:56.000 +09,대전,레몬모터스,06우5030,3,4,2,473.3735,483.9538,0,0,
37858586,현대,아반떼 MD,M16 GDI 프리미어,,201101.0,2011,500.0,118010.0,가솔린,오토,ORIGINAL,일반,2025-01-12 13:56:49.000 +09,경기,모또자동차 주식회사,40마5319,5,1,3,326.9079,221.511,1,0,
38738334,현대,더 뉴 아반떼 AD,1.6,스마트 초이스,202003.0,2020,1530.0,21574.0,가솔린,오토,ORIGINAL,일반,2024-12-18 18:08:11.000 +09,인천,대건상사,302고2213,0,1,1,0.0,93.0949,0,0,
