Id,제조사,모델명,배지,세부 배지,연식,모델연도,가격,주행거리,연료,변속기,등록 상태,판매 유형,마지막 수정일,판매지역,판매처,차량번호,내차피해,타차가해,소유자변경이력,내차피해금액,타차가해금액,번호판변경이력,전체침수횟수,일부침수횟수
39081717,현대,투싼 하이브리드 (NX4),인스퍼레이션 2WD,,202202.0,2022,3610.0,59445.0,가솔린+전기,오토,ORIGINAL,일반,2025-03-20 03:41:01.000 +09,서울,(주)오토플래닛,197호6098,1,0,0,157.875,0.0,0,0,
38167002,현대,뉴 투싼 ix,디젤(e-VGT) 4WD,모던,201306.0,2014,780.0,49720.0,디젤,오토,ORIGINAL,일반,2025-03-20 03:39:02.000 +09,경기,열정모터스,56라5560,3,3,3,166.2446,877.9817,0,0,
39204535,현대,투싼 (NX4),디젤 2.0 2WD,프리미엄,202305.0,2023,2640.0,41895.0,디젤,오토,ORIGINAL,일반,2025-03-20 03:36:01.000 +09,서울,(주)오토플래닛,221하1433,0,0,0,0.0,0.0,0,0,
39170077,현대,투싼 (NX4),가솔린 1.6 터보 2WD,인스퍼레이션,202303.0,2023,2990.0,18371.0,가솔린,오토,ORIGINAL,일반,2025-03-20 03:30:03.000 +09,서울,한길U.C.S,175수3358,1,0,1,52.991,0.0,0,0,
39179722,현대,투싼 하이브리드 (NX4),인스퍼레이션 2WD,,202302.0,2023,3360.0,23232.0,가솔린+전기,오토,ORIGINAL,일반,2025-03-20 03:30:03.000 +09,서울,한길U.C.S,324무1371,0,0,0,0.0,0.0,0,0,
38331970,현대,올 뉴 투싼,가솔린 1.6 터보 2WD,모던,201611.0,2017,1350.0,130825.0,가솔린,오토,ORIGINAL,일반,2025-03-20 03:22:02.000 +09,경기,양주케이모터스,39고0136,1,1,1,32.9468,47.941,0,0,
38585745,현대,투싼 (NX4),가솔린 1.6 터보 2WD,인스퍼레이션,202304.0,2023,2960.0,54166.0,가솔린,오토,ORIGINAL,일반,2025-03-20 03:10:48.000 +09,충북,명성상사,224머4823,2,0,0,48.8319,0.0,0,0,
39009733,현대,올 뉴 투싼,디젤 2.0 4WD,익스트림 에디션,201712.0,2018,1499.0,138371.0,디젤,오토,ORIGINAL,일반,2025-03-20 03:01:11.000 +09,경기,코리아모터스,06다4518,1,1,1,27.7616,50.1859,0,0,
37247115,현대,투싼 하이브리드 (NX4),인스퍼레이션 2WD,,202307.0,2023,3190.0,6845.0,가솔린+전기,오토,ORIGINAL,일반,2025-03-20 03:00:05.000 +09,인천,굿카대표,203모5666,1,0,1,0.0,0.0,0,0,
39201215,현대,올 뉴 투싼,디젤 2.0 2WD,스타일 스페셜,201603.0,2017,1230.0,83565.0,디젤,오토,ORIGINAL,일반,2025-03-20 03:00:05.000 +09,인천,굿카대표 모터스,58로0737,0,1,2,0.0,262.157,0,0,
39139302,현대,투싼 하이브리드 (NX4),인스퍼레이션 2WD,,202112.0,2022,3049.0,40807.0,가솔린+전기,오토,ORIGINAL,일반,2025-03-20 03:00:05.000 +09,서울,주)산다모터스,176저4670,0,0,1,0.0,0.0,0,0,
38966421,현대,올 뉴 투싼,디젤 2.0 4WD,프리미엄,201902.0,2019,1750.0,147455.0,디젤,오토,ORIGINAL,일반,2025-03-20 02:40:02.000 +09,경기,코리아모터스,165더9720,0,0,2,0.0,0.0,1,0,
38742444,현대,올 뉴 투싼,디젤 2.0 2WD,모던,202006.0,2020,1649.0,74238.0,디젤,오토,ORIGINAL,일반,2025-03-20 02:38:44.000 +09,광주,센텀모터스,381모2247,2,0,0,240.6488,0.0,0,0,
39101388,현대,올 뉴 투싼,가솔린 1.6 터보 2WD,모던,202001.0,2020,1580.0,99612.0,가솔린,오토,ORIGINAL,일반,2025-03-20 02:28:01.000 +09,대구,오토핸즈 대구직영점,150하8113,0,1,0,0.0,36.6964,0,0,
39200615,현대,올 뉴 투싼,디젤 2.0 2WD,모던,202001.0,2020,1770.0,71726.0,디젤,오토,ORIGINAL,일반,2025-03-20 02:28:01.000 +09,대구,오토핸즈 대구직영점,158두3157,1,3,1,59.0636,238.0193,0,0,
38909614,현대,투싼 (NX4),가솔린 1.6 터보 2WD,인스퍼레이션,202204.0,2022,2490.0,37420.0,가솔린,오토,ORIGINAL,일반,2025-03-20 02:28:01.000 +09,대구,오토핸즈 대구직영점,319머6440,2,0,1,539.8267,0.0,1,0,
39225299,현대,투싼 (NX4),가솔린 1.6 터보 2WD,프리미엄,202108.0,2021,2570.0,31835.0,가솔린,오토,ORIGINAL,일반,2025-03-20 02:28:01.000 +09,대구,오토핸즈 대구직영점,247오7013,0,0,1,0.0,0.0,0,0,
39089857,현대,더 뉴 투싼 하이브리드 (NX4),HEV 1.6 2WD,인스퍼레이션,202412.0,2024,4090.0,1142.0,가솔린+전기,오토,ORIGINAL,일반,2025-03-20 02:28:00.000 +09,대구,오토핸즈 대구직영점,229더4128,0,0,1,0.0,0.0,0,0,
39244143,현대,올 뉴 투싼,디젤 2.0 2WD,모던,201903.0,2019,2020.0,25353.0,디젤,오토,ORIGINAL,일반,2025-03-20 02:28:00.000 +09,대구,오토핸즈 대구직영점,63고8428,1,1,1,84.2583,100.28,0,0,
38969354,현대,투싼 (NX4),디젤 2.0 2WD,프리미엄,202101.0,2021,1690.0,196061.0,디젤,오토,ORIGINAL,일반,2025-03-20 02:27:59.000 +09,대구,오토핸즈 대구직영점,238저7007,0,0,2,0.0,0.0,1,0,
38452749,현대,올 뉴 투싼,가솔린 1.6 터보 2WD,모던,201701.0,2017,1590.0,72772.0,가솔린,오토,ORIGINAL,일반,2025-03-20 02:21:03.000 +09,서울,오토리안,01가9629,0,2,3,0.0,134.829,0,0,
39161417,현대,투싼 하이브리드 (NX4),인스퍼레이션 2WD,,202303.0,2023,9999.0,18843.0,가솔린+전기,오토,ORIGINAL,일반,2025-03-20 02:09:53.000 +09,경기,(주)하나오토,304모6347,0,0,0,0.0,0.0,0,0,
38725515,현대,올 뉴 투싼,디젤 2.0 2WD,프리미엄,201510.0,2016,1190.0,161803.0,디젤,오토,ORIGINAL,일반,2025-03-20 01:59:02.000 +09,대구,성원모터스,25수0273,4,3,1,565.8108,401.7677,0,0,
39181079,현대,투싼 (NX4),가솔린 1.6 터보 2WD,프리미엄,202310.0,2023,2470.0,49519.0,가솔린,오토,ORIGINAL,일반,2025-03-20 01:37:52.000 +09,경기,(주)정이모터스,164가9128,0,0,0,0.0,0.0,0,0,
39190957,현대,투싼 하이브리드 (NX4),인스퍼레이션 2WD,,202101.0,2021,2870.0,40136.0,가솔린+전기,오토,ORIGINAL,일반,2025-03-20 01:37:52.000 +09,경기,(주)정이모터스,188머9753,1,0,1,91.234,0.0,1,0,
39053347,현대,올 뉴 투싼,가솔린 1.6 터보 2WD,모던 피버,201606.0,2017,1399.0,83262.0,가솔린,오토,ORIGINAL,일반,2025-03-20 01:37:52.000 +09,경기,(주)정이모터스,47버0821,2,4,0,364.6566,426.5899,0,0,
39120404,현대,투싼 (NX4),디젤 2.0 2WD,프리미엄,202301.0,2023,2399.0,58154.0,디젤,오토,ORIGINAL,일반,2025-03-20 01:37:51.000 +09,경기,(주)정이모터스,196마4117,2,1,0,183.2949,63.959,0,0,
38886616,현대,더 뉴 투싼 하이브리드 (NX4),HEV 1.6 2WD,인스퍼레이션,202410.0,2024,4190.0,1310.0,가솔린+전기,오토,ORIGINAL,일반,2025-03-20 01:34:07.000 +09,부산,더마니카동부산점,162부4547,0,0,0,0.0,0.0,0,0,
39194336,현대,더 뉴 투싼 (NX4),가솔린 1.6 터보 2WD,N Line 인스퍼레이션,202409.0,2024,4690.0,7507.0,가솔린,오토,ORIGINAL,일반,2025-03-20 01:31:46.000 +09,부산,(주)더마니카동부산,238거2398,0,0,0,0.0,0.0,0,0,
39126099,현대,더 뉴 투싼 (NX4),가솔린 1.6 터보 4WD,인스퍼레이션,202406.0,2024,4490.0,8415.0,가솔린,오토,ORIGINAL,일반,2025-03-20 01:31:46.000 +09,부산,(주)더마니카동부산,239구7946,0,0,0,0.0,0.0,0,0,
39091626,현대,더 뉴 투싼 (NX4),가솔린 1.6 터보 2WD,인스퍼레이션,202406.0,2024,4490.0,851.0,가솔린,오토,ORIGINAL,일반,2025-03-20 01:31:46.000 +09,부산,(주)더마니카동부산,391두7803,0,0,0,0.0,0.0,0,0,
39235005,현대,더 뉴 투싼 (NX4),가솔린 1.6 터보 2WD,N Line 인스퍼레이션,202403.0,2024,4490.0,13919.0,가솔린,오토,ORIGINAL,일반,2025-03-20 01:31:46.000 +09,부산,(주)더마니카동부산,135어3966,0,0,0,0.0,0.0,0,0,
39203621,현대,올 뉴 투싼,디젤 2.0 2WD,모던,201701.0,2017,1450.0,70584.0,디젤,오토,ORIGINAL,일반,2025-03-20 01:31:02.000 +09,인천,카카오토,06거0237,2,2,2,87.7559,281.9818,0,0,
38377262,현대,투싼 (NX4),디젤 2.0 4WD,모던,202209.0,2023,2670.0,38369.0,디젤,오토,ORIGINAL,일반,2025-03-20 01:24:27.000 +09,대구,경동모터스,256너2961,0,0,1,0.0,0.0,1,0,
39149774,현대,투싼 (NX4),가솔린 1.6 터보 2WD,인스퍼레이션,202303.0,2023,2930.0,28381.0,가솔린,오토,ORIGINAL,일반,2025-03-20 01:24:18.000 +09,경기,차사인모터스,327수8834,0,1,1,0.0,92.53,0,0,
38529960,현대,올 뉴 투싼,디젤 1.7 2WD,모던,201709.0,2018,1350.0,80277.0,디젤,오토,ORIGINAL,일반,2025-03-20 01:21:03.000 +09,인천,레드모터스,18마3023,2,1,3,129.4718,112.4239,0,0,
38636947,현대,올 뉴 투싼,가솔린 1.6 터보 2WD,모던,201810.0,2019,1490.0,61125.0,가솔린,오토,ORIGINAL,일반,2025-03-20 01:21:03.000 +09,인천,레드모터스,35고6716,2,2,1,1062.916,115.4892,0,0,
38714101,현대,투싼 (NX4),가솔린 1.6 터보 4WD,프리미엄,202212.0,2023,2650.0,37012.0,가솔린,오토,ORIGINAL,일반,2025-03-20 01:21:03.000 +09,인천,레드모터스,130저6135,1,1,1,145.8434,398.6477,0,0,
38798687,현대,올 뉴 투싼,가솔린 1.6 터보 2WD,프리미엄,201809.0,2019,2120.0,37226.0,가솔린,오토,ORIGINAL,일반,2025-03-20 01:21:03.000 +09,인천,레드모터스,46로1906,0,0,1,0.0,0.0,0,0,
38938807,현대,올 뉴 투싼,디젤 2.0 2WD,프리미엄,201511.0,2016,1599.0,40258.0,디젤,오토,ORIGINAL,일반,2025-03-20 01:19:15.000 +09,대구,YT모터스,57너0196,1,1,0,116.911,64.336,0,0,
39224990,현대,올 뉴 투싼,디젤 2.0 2WD,모던,201905.0,2019,1980.0,62659.0,디젤,오토,ORIGINAL,일반,2025-03-20 01:19:02.000 +09,부산,아이앤지 모터스,48저4789,0,0,1,0.0,0.0,0,0,
39245313,현대,올 뉴 투싼,디젤 2.0 2WD,스타일,201705.0,2018,1050.0,143934.0,디젤,오토,ORIGINAL,일반,2025-03-20 01:17:02.000 +09,경기,차주름 자동차매매상사,66라4341,0,5,1,0.0,606.4546,0,0,
39122390,현대,올 뉴 투싼,디젤 2.0 2WD,스타일 스페셜,201610.0,2017,950.0,146154.0,디젤,오토,ORIGINAL,일반,2025-03-20 01:17:02.000 +09,경기,차주름 자동차매매상사,66주0473,2,1,1,313.5004,553.1888,0,0,
39162776,현대,투싼 하이브리드 (NX4),인스퍼레이션 2WD,,202101.0,2021,5555.0,68656.0,가솔린+전기,오토,ORIGINAL,일반,2025-03-20 01:15:45.000 +09,경기,(주) 이지오토,227라2811,0,0,2,0.0,0.0,0,0,
38331787,현대,올 뉴 투싼,디젤 2.0 2WD,모던,201904.0,2019,1699.0,59075.0,디젤,오토,ORIGINAL,일반,2025-03-20 01:10:03.000 +09,대구,황금모터스,39우4334,2,3,2,735.6303,775.7584,0,0,
36682730,현대,투싼 ix,디젤 2WD X20,럭셔리,200910.0,2010,450.0,182904.0,디젤,오토,ORIGINAL,일반,2025-03-20 01:06:37.000 +09,광주,오토일일사,36루7688,5,3,1,190.8445,126.653,0,0,
38679811,현대,투싼 (NX4),디젤 2.0 2WD,인스퍼레이션,202102.0,2021,2450.0,88907.0,디젤,오토,ORIGINAL,일반,2025-03-20 01:06:32.000 +09,경기,오토프라임,153두8673,0,0,2,0.0,0.0,0,0,
39104721,현대,올 뉴 투싼,디젤 1.7 2WD,프리미엄,201705.0,2018,1330.0,115841.0,디젤,오토,ORIGINAL,일반,2025-03-20 01:04:02.000 +09,대구,루비노모빌리티,52루5518,4,3,2,261.773,131.9226,0,0,
39023974,현대,올 뉴 투싼,디젤 1.7 2WD,스마트,201709.0,2018,1199.0,110747.0,디젤,오토,ORIGINAL,일반,2025-03-20 00:59:02.000 +09,경기,주식회사 킹카,42무2060,0,0,1,0.0,0.0,0,0,
39116003,현대,투싼 ix,디젤 2WD LX20,스마트팩,201005.0,2011,450.0,168251.0,디젤,오토,ORIGINAL,일반,2025-03-20 00:55:02.000 +09,경기,주식회사 킹카,13수7502,2,4,1,130.261,256.901,0,0,
39156984,현대,투싼,디젤(CRDI) 2WD MX,기본형,200501.0,2005,490.0,118744.0,디젤,수동,ORIGINAL,일반,2025-03-20 00:55:02.000 +09,경남,정민모터스,65거5410,1,1,5,70.012,48.444,0,0,
39169035,현대,투싼 (NX4),가솔린 1.6 터보 4WD,프리미엄,202307.0,2023,2950.0,37221.0,가솔린,오토,ORIGINAL,일반,2025-03-20 00:48:54.000 +09,서울,하늘모터스,377도3844,0,0,1,0.0,0.0,0,0,
38878672,현대,투싼 (NX4),가솔린 1.6 터보 4WD,인스퍼레이션,202101.0,2021,2830.0,29663.0,가솔린,오토,ORIGINAL,일반,2025-03-20 00:45:03.000 +09,서울,주식회사 케이비국민차,101고3985,2,6,2,134.3329,1144.3335,0,0,
39120291,현대,더 뉴 투싼 하이브리드 (NX4),HEV 1.6 2WD,인스퍼레이션,202402.0,2024,3650.0,19594.0,가솔린+전기,오토,ORIGINAL,일반,2025-03-20 00:45:03.000 +09,서울,주식회사 케이비국민차,242저6291,0,0,0,0.0,0.0,0,0,
39105360,현대,올 뉴 투싼,가솔린 1.6 터보 2WD,모던,201903.0,2019,2190.0,13597.0,가솔린,오토,ORIGINAL,일반,2025-03-20 00:42:39.000 +09,광주,조이갤러리,26고8125,0,0,0,0.0,0.0,0,0,
39075695,현대,투싼 하이브리드 (NX4),인스퍼레이션 2WD,,202302.0,2023,9999.0,19662.0,가솔린+전기,오토,ORIGINAL,일반,2025-03-20 00:42:39.000 +09,광주,조이갤러리,290저3513,0,0,1,0.0,0.0,0,0,
38986102,현대,투싼 (NX4),디젤 2.0 2WD,어드벤처,202304.0,2023,3250.0,17328.0,디젤,오토,ORIGINAL,일반,2025-03-20 00:42:39.000 +09,광주,조이갤러리,141버9547,0,0,2,0.0,0.0,0,0,
39243549,현대,투싼 (NX4),가솔린 1.6 터보 2WD,인스퍼레이션,202101.0,2021,2500.0,70212.0,가솔린,오토,ORIGINAL,일반,2025-03-20 00:40:47.000 +09,대구,(주)유카 대구지점,146우9473,0,0,1,0.0,0.0,0,0,
39243456,현대,투싼 (NX4),가솔린 1.6 터보 2WD,인스퍼레이션,202205.0,2022,2900.0,9753.0,가솔린,오토,ORIGINAL,일반,2025-03-20 00:40:47.000 +09,대구,(주)유카 대구지점,334도1361,0,0,1,0.0,0.0,0,0,
38476357,현대,올 뉴 투싼,디젤 1.7 2WD,모던,201507.0,2016,1170.0,58734.0,디젤,오토,ORIGINAL,일반,2025-03-20 00:38:48.000 +09,인천,민모터스,11오5106,1,2,3,73.9788,136.2703,0,0,
39108897,현대,투싼 (NX4),디젤 2.0 2WD,모던,202012.0,2021,2179.0,54164.0,디젤,오토,ORIGINAL,일반,2025-03-20 00:38:03.000 +09,경기,(주)빅보스모터스,229라1453,0,0,1,0.0,0.0,1,0,
38914879,현대,올 뉴 투싼,디젤 1.7 2WD,모던,201802.0,2018,1590.0,42653.0,디젤,오토,ORIGINAL,일반,2025-03-20 00:37:59.000 +09,전북,카카오토샵,29가3427,2,2,1,173.3237,257.8615,0,0,
38421744,현대,투싼 ix,디젤 2WD LX20,럭셔리,201012.0,2011,700.0,113898.0,디젤,오토,ORIGINAL,일반,2025-03-20 00:37:59.000 +09,전북,카카오토샵,47마9674,2,0,4,141.044,0.0,0,0,
38466343,현대,올 뉴 투싼,디젤 2.0 2WD,모던,201904.0,2019,1850.0,81259.0,디젤,오토,ORIGINAL,일반,2025-03-20 00:34:05.000 +09,대구,남일모터스,67너0217,0,0,1,0.0,0.0,0,0,
38543480,현대,올 뉴 투싼,디젤 2.0 2WD,모던,201804.0,2018,1870.0,49341.0,디젤,오토,ORIGINAL,일반,2025-03-20 00:32:02.000 +09,서울,(주)마이원카,29로5265,0,0,0,0.0,0.0,0,0,
38299860,현대,올 뉴 투싼,디젤 1.6 2WD,모던,202009.0,2020,1990.0,78255.0,디젤,오토,ORIGINAL,일반,2025-03-20 00:27:12.000 +09,부산,(주)유카오토,105주3343,0,0,1,0.0,0.0,1,0,
38867389,현대,올 뉴 투싼,디젤 2.0 4WD,스마트,202001.0,2020,2050.0,59690.0,디젤,오토,ORIGINAL,일반,2025-03-20 00:27:12.000 +09,부산,(주)유카오토,216머4144,0,0,3,0.0,0.0,1,0,
38292595,현대,투싼 (NX4),디젤 2.0 4WD,프리미엄,202212.0,2023,3190.0,79999.0,디젤,오토,ORIGINAL,일반,2025-03-20 00:27:11.000 +09,부산,(주)유카오토,229거5645,1,0,1,36.0,0.0,0,0,
39164857,현대,올 뉴 투싼,디젤 1.7 2WD,모던,201511.0,2016,1100.0,130966.0,디젤,오토,ORIGINAL,일반,2025-03-20 00:27:02.000 +09,경기,(주)예스카,31부0737,3,1,0,341.2764,91.288,0,0,
38563773,현대,올 뉴 투싼,디젤 2.0 4WD,프리미엄,201510.0,2016,1410.0,128428.0,디젤,오토,ORIGINAL,일반,2025-03-20 00:21:06.000 +09,경기,퍼스트다이렉트모터스,29루0841,2,1,0,101.0168,44.562,0,0,
39026478,현대,투싼 (NX4),디젤 2.0 2WD,프리미엄,202209.0,2023,2690.0,34329.0,디젤,오토,ORIGINAL,일반,2025-03-20 00:20:44.000 +09,대구,(주)히든모터스,226소3366,0,1,1,0.0,40.8869,1,0,
39011487,현대,투싼 (NX4),가솔린 1.6 터보 2WD,인스퍼레이션,202207.0,2022,2698.0,31341.0,가솔린,오토,ORIGINAL,일반,2025-03-20 00:20:44.000 +09,대구,(주)히든모터스,321가3274,1,0,0,126.4433,0.0,0,0,
38802259,현대,올 뉴 투싼,디젤 2.0 2WD,스타일,201611.0,2017,1350.0,66000.0,디젤,오토,ORIGINAL,일반,2025-03-20 00:11:14.000 +09,부산,마이카모터스,16저0383,1,0,1,55.2911,0.0,0,0,
39063025,현대,투싼 하이브리드 (NX4),프리미엄 2WD,,202102.0,2021,2730.0,45813.0,가솔린+전기,오토,ORIGINAL,일반,2025-03-20 00:09:02.000 +09,대전,더굿모닝자동차,159노3697,1,1,1,152.485,382.661,0,0,
38998600,현대,올 뉴 투싼,디젤 2.0 2WD,모던,201603.0,2016,1425.0,94712.0,디젤,오토,ORIGINAL,일반,2025-03-20 00:05:05.000 +09,대구,K오토모빌,50소0503,1,0,3,63.363,0.0,0,0,
38798049,현대,올 뉴 투싼,디젤 1.7 2WD,모던 피버,201611.0,2017,1450.0,54332.0,디젤,오토,ORIGINAL,일반,2025-03-20 00:05:03.000 +09,경기,코리아모터스,49너0236,3,3,0,163.0084,444.25,0,0,
38381191,현대,올 뉴 투싼,디젤 2.0 2WD,모던,202004.0,2020,2420.0,44045.0,디젤,오토,ORIGINAL,일반,2025-03-20 00:04:22.000 +09,광주,(주)거성모터스,258러9240,1,2,0,44.439,42.412,0,0,
39243999,현대,올 뉴 투싼,디젤 1.6 2WD,모던,202006.0,2020,1630.0,85966.0,디젤,오토,ORIGINAL,일반,2025-03-20 00:02:02.000 +09,경기,(주)영모터스,249루9096,0,0,2,0.0,0.0,1,0,
39210640,현대,올 뉴 투싼,가솔린 1.6 터보 2WD,인스퍼레이션,202001.0,2020,2170.0,88766.0,가솔린,오토,ORIGINAL,일반,2025-03-20 00:01:10.000 +09,경기,다원오토,157도1652,0,0,1,0.0,0.0,0,0,
38418156,현대,투싼 (NX4),가솔린 1.6 터보 2WD,인스퍼레이션,202112.0,2022,2990.0,26581.0,가솔린,오토,ORIGINAL,일반,2025-03-20 00:00:21.000 +09,경기,우리들모터스,173루9977,1,1,1,172.2,92.0841,0,0,
38312407,현대,투싼 (NX4),가솔린 1.6 터보 2WD,인스퍼레이션,202012.0,2021,2730.0,36105.0,가솔린,오토,ORIGINAL,일반,2025-03-20 00:00:21.000 +09,경기,우리들모터스,176구8714,2,0,1,45.83,0.0,0,0,
39223098,현대,투싼 (NX4),가솔린 1.6 터보 2WD,인스퍼레이션,202305.0,2023,2999.0,23102.0,가솔린,오토,ORIGINAL,일반,2025-03-20 00:00:19.000 +09,서울,(주)산다모터스,116나7025,0,0,0,0.0,0.0,0,0,
39159519,현대,올 뉴 투싼,디젤 2.0 2WD,모던,201504.0,2016,1550.0,83706.0,디젤,오토,ORIGINAL,일반,2025-03-20 00:00:19.000 +09,서울,(주)산다모터스,14어2921,0,0,1,0.0,0.0,0,0,
38973361,현대,투싼 하이브리드 (NX4),인스퍼레이션 2WD,,202111.0,2022,3080.0,44364.0,가솔린+전기,오토,ORIGINAL,일반,2025-03-19 23:59:18.000 +09,경기,(주)오토리카,153구2163,0,0,2,0.0,0.0,1,0,
39245554,현대,투싼 (NX4),가솔린 1.6 터보 2WD,인스퍼레이션,202011.0,2021,3050.0,30202.0,가솔린,오토,ORIGINAL,일반,2025-03-19 23:59:15.000 +09,전북,(주)유카 전주지점,184오1307,0,0,0,0.0,0.0,0,0,
39251766,현대,올 뉴 투싼,디젤 1.7 2WD,스타일,201509.0,2016,980.0,75808.0,디젤,오토,ORIGINAL,일반,2025-03-19 23:59:15.000 +09,서울,(주)이볼브오토모빌,36오5054,1,0,1,194.668,0.0,0,0,
38883062,현대,올 뉴 투싼,디젤 1.7 2WD,모던,201505.0,2016,1099.0,121323.0,디젤,오토,ORIGINAL,일반,2025-03-19 23:59:15.000 +09,대구,성운모터스,57오1649,1,1,1,120.079,248.085,0,0,
37944583,현대,올 뉴 투싼,가솔린 1.6 터보 2WD,프리미엄,201906.0,2019,1780.0,62551.0,가솔린,오토,ORIGINAL,일반,2025-03-19 23:59:14.000 +09,대구,비젼모터스,06보7273,4,3,1,669.2607,277.5484,0,0,
39161171,현대,투싼 ix,디젤 2WD X20,럭셔리,200910.0,2010,410.0,213204.0,디젤,오토,ORIGINAL,일반,2025-03-19 23:59:14.000 +09,경기,나무모터스,60저3254,3,4,2,320.3537,609.8956,0,0,
39249948,현대,올 뉴 투싼,디젤 1.7 2WD,모던,201702.0,2017,1000.0,142502.0,디젤,오토,ORIGINAL,일반,2025-03-19 23:59:06.000 +09,부산,주)뉴천일자동차상사,174조1942,2,1,2,151.64,21.3633,1,0,
39137657,현대,뉴 투싼 ix,디젤(e-VGT) 2WD,스마트 스페셜,201406.0,2015,930.0,100258.0,디젤,오토,ORIGINAL,일반,2025-03-19 23:59:06.000 +09,경기,153모터스,58소5115,1,1,1,33.8258,42.3969,0,0,
38681803,현대,투싼 (NX4),디젤 2.0 4WD,프리미엄,202106.0,2021,2199.0,97312.0,디젤,오토,ORIGINAL,일반,2025-03-19 23:59:05.000 +09,경기,블루오토,174러5331,0,0,1,0.0,0.0,1,0,
38829158,현대,더 뉴 투싼 하이브리드 (NX4),HEV 1.6 2WD,인스퍼레이션,202404.0,2024,3850.0,8625.0,가솔린+전기,오토,ORIGINAL,일반,2025-03-19 23:59:05.000 +09,경기,(주)유로모터스,277마3205,0,0,2,0.0,0.0,0,0,
39018215,현대,투싼 하이브리드 (NX4),인스퍼레이션 2WD,,202302.0,2023,2650.0,31203.0,가솔린+전기,오토,ORIGINAL,일반,2025-03-19 23:59:05.000 +09,부산,(주)오토멤버스,133구3087,1,0,2,32.6749,0.0,1,0,
39202689,현대,투싼 하이브리드 (NX4),인스퍼레이션 2WD,,202102.0,2021,2720.0,72900.0,가솔린+전기,오토,ORIGINAL,일반,2025-03-19 23:59:05.000 +09,서울,롯데렌탈주식회사,202구6340,1,0,0,573.8468,0.0,1,0,
38274037,현대,더 뉴 투싼 하이브리드 (NX4),HEV 1.6 2WD,인스퍼레이션,202401.0,2024,3790.0,11304.0,가솔린+전기,오토,ORIGINAL,일반,2025-03-19 23:59:02.000 +09,전북,행운모터스,108도5661,0,0,0,0.0,0.0,0,0,
38851642,현대,올 뉴 투싼,디젤 1.7 2WD,모던,201510.0,2016,1050.0,152508.0,디젤,오토,ORIGINAL,일반,2025-03-19 23:58:13.000 +09,대구,SU모터스,49가6566,1,1,1,111.3308,71.4218,0,0,
38120236,현대,투싼 (NX4),디젤 2.0 2WD,프리미엄,202209.0,2023,2850.0,42071.0,디젤,오토,ORIGINAL,일반,2025-03-19 23:58:09.000 +09,대전,(주)하이카,235부8593,0,1,1,0.0,272.7688,1,0,
38894303,현대,뉴 투싼 ix,디젤(e-VGT) 2WD,모던,201310.0,2014,759.0,122070.0,디젤,오토,ORIGINAL,일반,2025-03-19 23:58:03.000 +09,경기,디엘모터스,34저7051,4,3,2,348.9228,160.1739,0,0,
38325171,현대,올 뉴 투싼,가솔린 1.6 터보 2WD,프리미엄,201908.0,2019,1690.0,82843.0,가솔린,오토,ORIGINAL,일반,2025-03-19 23:58:03.000 +09,인천,주식회사 투게더카,316다8172,1,1,1,66.204,40.2147,1,0,
39062345,현대,올 뉴 투싼,디젤 1.6 2WD,모던,201810.0,2019,1650.0,68418.0,디젤,오토,ORIGINAL,일반,2025-03-19 23:58:03.000 +09,경기,차투차,65우7087,0,1,0,0.0,71.0748,0,0,
38458068,현대,투싼 (NX4),가솔린 1.6 터보 2WD,프리미엄,202307.0,2023,3000.0,6528.0,가솔린,오토,ORIGINAL,일반,2025-03-19 23:58:03.000 +09,경기,오토피아,201부7786,0,1,0,0.0,49.581,0,0,
38370270,현대,올 뉴 투싼,디젤 2.0 2WD,모던,201802.0,2018,1590.0,89238.0,디젤,오토,ORIGINAL,일반,2025-03-19 23:58:03.000 +09,인천,한진모터스,52나2434,2,1,1,56.9858,78.5469,0,0,
38398292,현대,올 뉴 투싼,디젤 2.0 4WD,모던,201908.0,2019,1620.0,99842.0,디젤,오토,ORIGINAL,일반,2025-03-19 23:58:03.000 +09,경기,(주)안산상사,216라1354,0,2,1,0.0,107.7535,1,0,
39225510,현대,투싼 (NX4),디젤 2.0 2WD,모던,202101.0,2021,2290.0,97165.0,디젤,오토,ORIGINAL,일반,2025-03-19 23:58:03.000 +09,경기,월드모터스,334나7752,1,0,1,69.932,0.0,0,0,
39268341,현대,올 뉴 투싼,디젤 2.0 2WD,모던,201603.0,2016,1370.0,102803.0,디젤,오토,ORIGINAL,일반,2025-03-19 23:57:32.000 +09,울산,엠피크,49노6214,0,0,1,0.0,0.0,0,0,
38977872,현대,올 뉴 투싼,가솔린 1.6 터보 2WD,모던 피버,201611.0,2017,1350.0,109460.0,가솔린,오토,ORIGINAL,일반,2025-03-19 23:57:28.000 +09,경기,DK모터스,51조0267,2,1,2,149.463,177.27,0,0,
38329576,현대,올 뉴 투싼,디젤 2.0 2WD,모던,201903.0,2019,1830.0,128909.0,디젤,오토,ORIGINAL,일반,2025-03-19 23:57:12.000 +09,대구,뉴현대모터스,28수0504,0,0,1,0.0,0.0,0,0,
38985203,현대,올 뉴 투싼,디젤 2.0 2WD,모던,201601.0,2016,1300.0,100153.0,디젤,오토,ORIGINAL,일반,2025-03-19 23:57:12.000 +09,대전,(주)케이제이모터스,36서0575,0,1,1,0.0,122.42,0,0,
38853975,현대,올 뉴 투싼,디젤 2.0 2WD,모던,201907.0,2019,2000.0,11462.0,디젤,오토,ORIGINAL,일반,2025-03-19 23:57:12.000 +09,경기,(주)예스카,58서1116,0,0,1,0.0,0.0,0,0,
39179721,현대,올 뉴 투싼,디젤 1.7 2WD,모던,201606.0,2016,1300.0,74554.0,디젤,오토,ORIGINAL,일반,2025-03-19 23:57:12.000 +09,충북,(주)더챔,259로4259,2,0,4,105.2147,0.0,1,0,
39244845,현대,투싼 (NX4),가솔린 1.6 터보 2WD,인스퍼레이션,202103.0,2021,2950.0,49366.0,가솔린,오토,ORIGINAL,일반,2025-03-19 23:57:12.000 +09,경기,(주)준모터스,169모1524,0,0,3,0.0,0.0,0,0,
38640356,현대,올 뉴 투싼,디젤 2.0 2WD,모던,201703.0,2017,1290.0,83507.0,디젤,오토,ORIGINAL,일반,2025-03-19 23:57:02.000 +09,인천,유원모터스,03두4612,2,3,1,361.1239,372.958,0,0,
38478618,현대,올 뉴 투싼,디젤 2.0 2WD,모던,201907.0,2019,1790.0,91291.0,디젤,오토,ORIGINAL,일반,2025-03-19 23:57:02.000 +09,서울,(주)한경자동차,108다8089,1,0,2,165.1614,0.0,1,0,
38924720,현대,올 뉴 투싼,가솔린 2.0 2WD (수출형),,201712.0,2017,1490.0,72237.0,가솔린,오토,ORIGINAL,일반,2025-03-19 23:57:02.000 +09,경기,퍼펙트카,66무1565,0,0,1,0.0,0.0,0,0,
39178343,현대,올 뉴 투싼,디젤 2.0 2WD,모던,201803.0,2018,1690.0,96457.0,디젤,오토,ORIGINAL,일반,2025-03-19 23:57:02.000 +09,대구,찰떡모터스,31너7661,0,0,0,0.0,0.0,0,0,
39231163,현대,투싼 (NX4),가솔린 1.6 터보 2WD,프리미엄,202102.0,2021,2380.0,58328.0,가솔린,오토,ORIGINAL,일반,2025-03-19 23:57:02.000 +09,서울,뮤카(주) 가양지점,251소8396,0,2,1,0.0,374.0727,1,0,
38390240,현대,더 뉴 투싼 하이브리드 (NX4),HEV 1.6 2WD,인스퍼레이션,202401.0,2024,4090.0,5614.0,가솔린+전기,오토,ORIGINAL,일반,2025-03-19 23:56:43.000 +09,부산,YB모터스,239무2328,1,0,0,0.0,0.0,0,0,
39083727,현대,뉴 투싼 ix,디젤(e-VGT) 2WD,모던,201402.0,2014,780.0,150021.0,디젤,오토,ORIGINAL,일반,2025-03-19 23:56:26.000 +09,경기,청학Emotors,51수8501,2,1,2,171.1022,75.0,0,0,
38773143,현대,올 뉴 투싼,디젤 1.6 2WD,모던,201901.0,2019,1270.0,108307.0,디젤,오토,ORIGINAL,일반,2025-03-19 23:56:22.000 +09,경기,(주)쓰리노,40루6515,2,0,4,151.0171,0.0,0,0,
38348234,현대,올 뉴 투싼,디젤 2.0 2WD,스타일,201505.0,2016,1150.0,68321.0,디젤,오토,ORIGINAL,일반,2025-03-19 23:56:22.000 +09,인천,(주)케이비모터스,192도6547,1,0,5,165.01,0.0,1,0,
39177492,현대,올 뉴 투싼,디젤 2.0 2WD,스마트,201912.0,2020,1430.0,107098.0,디젤,오토,ORIGINAL,일반,2025-03-19 23:56:22.000 +09,경기,(주)왕카,258너5466,0,0,3,0.0,0.0,1,0,
39258393,현대,뉴 투싼 ix,디젤(e-VGT) 2WD,스마트 스페셜,201405.0,2015,750.0,159467.0,디젤,오토,ORIGINAL,일반,2025-03-19 23:56:22.000 +09,인천,우정모터스,23마7347,2,0,3,512.3993,0.0,0,0,
38461854,현대,투싼 (NX4),디젤 2.0 2WD,모던,202101.0,2021,2220.0,87311.0,디젤,오토,ORIGINAL,일반,2025-03-19 23:56:22.000 +09,경기,윈윈 모터스,302나9361,1,1,2,184.588,31.5379,1,0,
39203802,현대,투싼 하이브리드 (NX4),인스퍼레이션 2WD,,202303.0,2023,3420.0,11321.0,가솔린+전기,오토,ORIGINAL,일반,2025-03-19 23:56:14.000 +09,경기,오토플러스(주),314노9187,0,0,1,0.0,0.0,0,0,
39201587,현대,투싼 (NX4),디젤 2.0 2WD,인스퍼레이션,202302.0,2023,2890.0,39148.0,디젤,오토,ORIGINAL,일반,2025-03-19 23:56:14.000 +09,경기,(주)오토룩2,289마3201,0,0,0,0.0,0.0,0,0,
39191760,현대,올 뉴 투싼,디젤 2.0 2WD,모던,201909.0,2019,1770.0,69193.0,디젤,오토,ORIGINAL,일반,2025-03-19 23:56:14.000 +09,경기,다온자동차,241너3512,1,0,2,0.0,0.0,0,0,
39027467,현대,올 뉴 투싼,디젤 2.0 2WD,모던,201511.0,2016,1290.0,119485.0,디젤,오토,ORIGINAL,일반,2025-03-19 23:56:14.000 +09,경기,프렌즈모터스,67수0817,0,0,0,0.0,0.0,0,0,
38732734,현대,투싼 (NX4),가솔린 1.6 터보 2WD,인스퍼레이션,202302.0,2023,2950.0,9979.0,가솔린,오토,ORIGINAL,일반,2025-03-19 23:56:14.000 +09,부산,(주)일공공일케이카,226구5675,2,0,1,153.6213,0.0,0,0,
38453974,현대,올 뉴 투싼,가솔린 1.6 터보 2WD,모던,201901.0,2019,1490.0,94775.0,가솔린,오토,ORIGINAL,일반,2025-03-19 23:56:14.000 +09,경기,주식회사 오토엠,01노7925,1,0,0,0.0,0.0,0,0,
38000379,현대,투싼 (NX4),디젤 2.0 2WD,N Line 인스퍼레이션,202201.0,2022,2590.0,94424.0,디젤,오토,ORIGINAL,일반,2025-03-19 23:56:14.000 +09,인천,한진모터스,107마7394,0,0,1,0.0,0.0,0,0,
37854399,현대,투싼 (NX4),가솔린 1.6 터보 2WD,인스퍼레이션,202303.0,2023,3040.0,17310.0,가솔린,오토,ORIGINAL,일반,2025-03-19 23:55:49.000 +09,대전,(주)영진모터스대표,251마1655,1,1,1,117.4863,0.0,0,0,
39128469,현대,올 뉴 투싼,디젤 2.0 4WD,프리미엄,201810.0,2019,1690.0,69887.0,디젤,오토,ORIGINAL,일반,2025-03-19 23:55:11.000 +09,경기,오토모빌,26주6965,1,2,0,243.0386,110.1409,0,0,
38416797,현대,더 뉴 투싼 하이브리드 (NX4),HEV 1.6 2WD,인스퍼레이션,202401.0,2024,3970.0,4848.0,가솔린+전기,오토,ORIGINAL,일반,2025-03-19 23:55:11.000 +09,부산,주식회사에이치알모터,136나8768,0,0,1,0.0,0.0,0,0,0.0
38609337,현대,투싼 하이브리드 (NX4),인스퍼레이션 2WD,,202209.0,2023,2750.0,26749.0,가솔린+전기,오토,ORIGINAL,일반,2025-03-19 23:55:11.000 +09,대구,우진종합자동차상사,351보1959,2,0,2,1326.6261,0.0,0,0,
38971877,현대,투싼 (NX4),가솔린 1.6 터보 2WD,모던,202111.0,2022,2399.0,36367.0,가솔린,오토,ORIGINAL,일반,2025-03-19 23:55:11.000 +09,대전,해성모터스,136누1000,2,1,0,226.6349,73.1209,3,0,
38680823,현대,올 뉴 투싼,디젤 2.0 2WD,모던,201601.0,2016,1099.0,148546.0,디젤,오토,ORIGINAL,일반,2025-03-19 23:55:03.000 +09,대구,오토위더스,47주0648,1,2,3,194.1325,353.1392,0,0,
38933748,현대,투싼 (NX4),디젤 2.0 2WD,모던,202012.0,2021,1980.0,81345.0,디젤,오토,ORIGINAL,일반,2025-03-19 23:55:03.000 +09,인천,주식회사 시우자동차2,246모2248,0,1,3,0.0,252.645,1,0,
39154201,현대,투싼 (NX4),가솔린 1.6 터보 2WD,인스퍼레이션,202208.0,2022,1600.0,19980.0,가솔린,오토,ORIGINAL,렌트,2025-03-19 23:55:03.000 +09,인천,,172호4590,0,1,0,0.0,22.0699,0,0,
38999941,현대,투싼 (NX4),디젤 2.0 2WD,프리미엄,202101.0,2021,2240.0,92161.0,디젤,오토,ORIGINAL,일반,2025-03-19 23:55:03.000 +09,인천,(주)타워모터스,258너5424,0,0,1,0.0,0.0,1,0,
39190437,현대,올 뉴 투싼,가솔린 1.6 터보 2WD,인스퍼레이션,201912.0,2020,2120.0,81356.0,가솔린,오토,ORIGINAL,일반,2025-03-19 23:55:03.000 +09,경기,차투차,136가6608,4,0,0,242.3719,0.0,0,0,
39219983,현대,투싼 (NX4),가솔린 1.6 터보 2WD,프리미엄,202201.0,2022,2440.0,53663.0,가솔린,오토,ORIGINAL,일반,2025-03-19 23:55:03.000 +09,서울,뮤카(주) 가양지점,251소8364,0,0,1,0.0,0.0,1,0,
39200850,현대,올 뉴 투싼,디젤 1.7 2WD,모던,201701.0,2017,1000.0,203412.0,디젤,오토,ORIGINAL,일반,2025-03-19 23:55:03.000 +09,서울,(주)자동차친구,178오5544,0,1,3,0.0,148.017,1,0,
38958724,현대,투싼 하이브리드 (NX4),인스퍼레이션 2WD,,202103.0,2021,2599.0,126093.0,가솔린+전기,오토,ORIGINAL,일반,2025-03-19 23:54:48.000 +09,경기,(주)모터라인,141어3999,1,0,1,130.462,0.0,0,0,
39113018,현대,올 뉴 투싼,디젤 2.0 2WD,얼티밋 에디션,201809.0,2019,1810.0,142550.0,디젤,오토,ORIGINAL,일반,2025-03-19 23:54:19.000 +09,경기,(주)좋은차,60저1765,1,0,0,170.2118,0.0,0,0,
39099779,현대,투싼 (NX4),디젤 2.0 2WD,프리미엄,202106.0,2021,2470.0,68245.0,디젤,오토,ORIGINAL,일반,2025-03-19 23:54:19.000 +09,경기,sk렌터카,133고8869,0,0,0,0.0,0.0,1,0,
39127408,현대,투싼 (NX4),가솔린 1.6 터보 2WD,인스퍼레이션,202306.0,2023,2960.0,28951.0,가솔린,오토,ORIGINAL,일반,2025-03-19 23:54:19.000 +09,경기,(주)유카,232버8509,0,0,0,0.0,0.0,0,0,
38686362,현대,투싼 ix,디젤 2WD LX20,스마트팩,201004.0,2011,550.0,122631.0,디젤,오토,ORIGINAL,일반,2025-03-19 23:54:11.000 +09,대구,대구중고차,64루6840,1,2,1,132.8303,74.042,0,0,
39236326,현대,투싼 (NX4),디젤 2.0 2WD,인스퍼레이션,202102.0,2021,2299.0,107139.0,디젤,오토,ORIGINAL,일반,2025-03-19 23:54:11.000 +09,경기,브라더샵,223더5663,2,1,0,194.9942,71.2593,0,0,
38856202,현대,올 뉴 투싼,디젤 2.0 2WD,모던,201701.0,2017,1670.0,76698.0,디젤,오토,ORIGINAL,일반,2025-03-19 23:54:11.000 +09,대구,GL모터스,28누7214,0,1,0,0.0,24.7918,0,0,
38646421,현대,투싼 (NX4),가솔린 1.6 터보 2WD,프리미엄,202011.0,2021,2350.0,78052.0,가솔린,오토,ORIGINAL,일반,2025-03-19 23:54:11.000 +09,경기,(주)에스비즈,350루6699,1,0,1,60.5057,0.0,0,0,
39058444,현대,올 뉴 투싼,디젤 2.0 2WD,모던,201505.0,2016,1250.0,97337.0,디젤,오토,ORIGINAL,일반,2025-03-19 23:53:48.000 +09,전북,K2 모터스,11두7781,0,0,5,0.0,0.0,0,0,
38728794,현대,올 뉴 투싼,디젤 1.7 2WD,스마트,201805.0,2018,1180.0,89990.0,디젤,오토,ORIGINAL,일반,2025-03-19 23:53:31.000 +09,전북,(유)짱카,328주9057,3,1,4,452.586,37.0428,1,0,
39088636,현대,올 뉴 투싼,디젤 2.0 4WD,익스트림 에디션,201711.0,2018,1670.0,108781.0,디젤,오토,ORIGINAL,일반,2025-03-19 23:53:31.000 +09,전북,(유)짱카,65구9399,1,0,1,50.5718,0.0,0,0,
38875918,현대,올 뉴 투싼,디젤 1.6 2WD,모던,201808.0,2019,1580.0,89724.0,디젤,오토,ORIGINAL,일반,2025-03-19 23:53:31.000 +09,전북,(유)짱카,41가3962,0,0,4,0.0,0.0,0,0,
38690759,현대,올 뉴 투싼,디젤 1.7 2WD,모던,201701.0,2017,1090.0,122002.0,디젤,오토,ORIGINAL,일반,2025-03-19 23:53:13.000 +09,인천,의리차차차,18보3885,2,3,3,97.2054,139.9032,0,0,
38563058,현대,투싼 (NX4),디젤 2.0 2WD,프리미엄,202104.0,2021,2450.0,34853.0,디젤,오토,ORIGINAL,일반,2025-03-19 23:53:13.000 +09,대전,명성오토월드,135더2577,0,0,1,0.0,0.0,1,0,
38940529,현대,투싼 (NX4),디젤 2.0 2WD,프리미엄,202109.0,2022,1960.0,77096.0,디젤,오토,ORIGINAL,일반,2025-03-19 23:53:13.000 +09,경기,㈜오토핸즈,141하6340,1,0,0,68.1565,0.0,0,0,
39114227,현대,올 뉴 투싼,디젤 2.0 2WD,모던,202011.0,2020,2020.0,40600.0,디젤,오토,ORIGINAL,일반,2025-03-19 23:53:13.000 +09,경기,라온모터스,355무7877,1,0,0,52.985,0.0,0,0,
39246913,현대,올 뉴 투싼,디젤 2.0 2WD,모던,201701.0,2017,990.0,128199.0,디젤,오토,ORIGINAL,일반,2025-03-19 23:53:13.000 +09,경기,라성매매단지 정카,28다3954,4,3,1,545.391,183.8947,0,0,
39258276,현대,올 뉴 투싼,디젤 1.6 2WD,모던,201808.0,2019,1640.0,49754.0,디젤,오토,ORIGINAL,일반,2025-03-19 23:53:05.000 +09,부산,오토플러스(주),33서5315,1,1,1,36.9308,157.0677,0,0,
39260752,현대,투싼 하이브리드 (NX4),인스퍼레이션 2WD,,202108.0,2022,2680.0,53197.0,가솔린+전기,오토,ORIGINAL,일반,2025-03-19 23:53:05.000 +09,인천,미래모터스,269두3753,2,2,1,334.4779,867.3204,0,0,
39257774,현대,올 뉴 투싼,디젤 2.0 2WD,스마트,201901.0,2019,1290.0,166989.0,디젤,오토,ORIGINAL,일반,2025-03-19 23:53:05.000 +09,인천,민모터스,34라1079,0,0,1,0.0,0.0,0,0,
38605759,현대,올 뉴 투싼,디젤 2.0 2WD,모던,201509.0,2016,990.0,157868.0,디젤,오토,ORIGINAL,일반,2025-03-19 23:53:05.000 +09,경기,(주)알차이노베이션,45누0787,5,2,0,502.6034,170.757,0,0,
38520958,현대,올 뉴 투싼,가솔린 1.6 터보 2WD,모던,202001.0,2020,1799.0,89658.0,가솔린,오토,ORIGINAL,일반,2025-03-19 23:53:05.000 +09,부산,진모터스,169오3132,2,0,2,191.0804,0.0,0,0,
38476355,현대,올 뉴 투싼,디젤 1.6 2WD,모던,201809.0,2019,9999.0,139814.0,디젤,오토,ORIGINAL,일반,2025-03-19 23:53:05.000 +09,인천,올바른자동차,18서7917,2,0,1,117.2847,0.0,0,0,
39115346,현대,올 뉴 투싼,디젤 1.7 2WD,모던,201705.0,2018,1270.0,94981.0,디젤,오토,ORIGINAL,일반,2025-03-19 23:53:05.000 +09,서울,천재모터스,02구6067,1,0,1,27.8324,0.0,0,0,
39243468,현대,더 뉴 투싼 (NX4),가솔린 1.6 터보 2WD,프리미엄,202401.0,2024,2960.0,23015.0,가솔린,오토,ORIGINAL,일반,2025-03-19 23:53:05.000 +09,경기,(주)유카,255보1171,0,0,0,0.0,0.0,0,0,
39220990,현대,올 뉴 투싼,디젤 2.0 2WD,모던,201606.0,2017,1480.0,124450.0,디젤,오토,ORIGINAL,일반,2025-03-19 23:53:05.000 +09,대구,한길모터스,61너0812,3,0,6,209.7568,0.0,0,0,
39164275,현대,투싼 (NX4),가솔린 1.6 터보 2WD,인스퍼레이션,202302.0,2023,2870.0,27808.0,가솔린,오토,ORIGINAL,일반,2025-03-19 23:53:05.000 +09,서울,(주)에이아이카,329나6137,0,0,0,0.0,0.0,0,0,
39257979,현대,투싼 (NX4),가솔린 1.6 터보 2WD,프리미엄,202102.0,2021,2150.0,110256.0,가솔린,오토,ORIGINAL,일반,2025-03-19 23:52:54.000 +09,경기,오토프라임,377루9052,2,0,3,259.7211,0.0,1,0,
39224758,현대,투싼 ix,디젤 2WD X20,스패셜 팩,201209.0,2013,650.0,163298.0,디젤,오토,ORIGINAL,일반,2025-03-19 23:52:42.000 +09,전북,금메달상사,36두1243,1,1,3,29.8826,27.827,0,0,
39151868,현대,올 뉴 투싼,디젤 1.6 4WD,프리미엄,201901.0,2019,1930.0,60313.0,디젤,오토,ORIGINAL,일반,2025-03-19 23:52:37.000 +09,경기,청학Emotors,34부1215,0,2,1,0.0,128.9019,0,0,
39169375,현대,올 뉴 투싼,디젤 2.0 2WD,모던,201507.0,2016,1240.0,153236.0,디젤,오토,ORIGINAL,일반,2025-03-19 23:52:11.000 +09,경기,코리아모터스,48우4481,1,1,1,37.6753,351.5863,0,0,
38993008,현대,투싼 (NX4),디젤 2.0 2WD,인스퍼레이션,202103.0,2021,2640.0,62375.0,디젤,오토,ORIGINAL,일반,2025-03-19 23:52:11.000 +09,경기,에스제이모터스,353서8216,0,1,4,0.0,89.773,0,0,
38490108,현대,투싼 (NX4),가솔린 1.6 터보 2WD,인스퍼레이션,202012.0,2021,2390.0,86209.0,가솔린,오토,ORIGINAL,일반,2025-03-19 23:52:11.000 +09,대전,(주)이수오토,288어6336,1,0,1,98.7358,0.0,0,0,
39250507,현대,올 뉴 투싼,디젤 2.0 2WD,모던,201504.0,2016,1290.0,121338.0,디젤,오토,ORIGINAL,일반,2025-03-19 23:52:03.000 +09,경기,(주)유로모터스,42오7975,0,1,3,0.0,116.5845,0,0,
39231963,현대,올 뉴 투싼,디젤 2.0 2WD,프리미엄,201909.0,2019,1970.0,63797.0,디젤,오토,ORIGINAL,일반,2025-03-19 23:52:03.000 +09,대구,참조은 모터스,219수8917,2,0,1,151.6377,0.0,1,0,
39154303,현대,투싼 (NX4),가솔린 1.6 터보 2WD,어드벤처,202309.0,2023,9999.0,19446.0,가솔린,오토,ORIGINAL,일반,2025-03-19 23:52:03.000 +09,부산,강남  모터스,167오7120,0,0,0,0.0,0.0,0,0,
39246563,현대,투싼 하이브리드 (NX4),인스퍼레이션 2WD,,202106.0,2021,2520.0,105206.0,가솔린+전기,오토,ORIGINAL,일반,2025-03-19 23:52:03.000 +09,인천,주식회사 제이파크,316가2425,2,0,1,168.7471,0.0,0,0,
39154606,현대,투싼 ix,디젤 2WD X20,스마트,201302.0,2013,670.0,149455.0,디젤,오토,ORIGINAL,일반,2025-03-19 23:52:03.000 +09,서울,프라임모터스,40더1292,1,1,2,81.794,70.187,0,0,
37644962,현대,올 뉴 투싼,디젤 2.0 2WD,모던,201504.0,2016,1280.0,94147.0,디젤,오토,ORIGINAL,일반,2025-03-19 23:52:03.000 +09,광주,신영자동차,11고2296,1,0,3,124.0918,0.0,0,0,
38933487,현대,투싼 (NX4),가솔린 1.6 터보 2WD,인스퍼레이션,202302.0,2023,2780.0,35395.0,가솔린,오토,ORIGINAL,일반,2025-03-19 23:52:03.000 +09,경기,로또모터스,220보8656,0,0,1,0.0,0.0,0,0,
38869017,현대,투싼 (NX4),디젤 2.0 2WD,모던,202302.0,2023,2390.0,29694.0,디젤,오토,ORIGINAL,일반,2025-03-19 23:52:03.000 +09,경기,오토플러스(주),258너5415,0,0,1,0.0,0.0,1,0,
39080143,현대,올 뉴 투싼,디젤 2.0 2WD,모던,201704.0,2017,1270.0,108336.0,디젤,오토,ORIGINAL,일반,2025-03-19 23:52:03.000 +09,서울,(주)카웨이,36머6273,0,0,2,0.0,0.0,0,0,
39075429,현대,올 뉴 투싼,디젤 2.0 2WD,프리미엄,201811.0,2019,1730.0,70287.0,디젤,오토,ORIGINAL,일반,2025-03-19 23:52:03.000 +09,부산,오토플러스(주),56나8074,2,1,3,133.9369,29.7253,0,0,
39077388,현대,투싼 ix,디젤 2WD LX20,럭셔리,201111.0,2012,530.0,95364.0,디젤,오토,ORIGINAL,일반,2025-03-19 23:52:03.000 +09,경기,에쓰아이모터스,26주5822,3,4,5,233.1886,376.8638,0,0,
39079978,현대,투싼 하이브리드 (NX4),인스퍼레이션 2WD,,202012.0,2021,2790.0,33950.0,가솔린+전기,오토,ORIGINAL,일반,2025-03-19 23:52:03.000 +09,서울,뮤카 주식회사,342소7372,2,0,1,106.8144,0.0,1,0,
39033571,현대,투싼 ix,디젤 2WD X20,럭셔리,201110.0,2012,630.0,56105.0,디젤,수동,ORIGINAL,일반,2025-03-19 23:52:03.000 +09,대구,세일상사,56주6072,0,0,1,0.0,0.0,0,0,
38442013,현대,올 뉴 투싼,디젤 1.7 2WD,모던,201612.0,2017,1050.0,155359.0,디젤,오토,ORIGINAL,일반,2025-03-19 23:51:10.000 +09,경기,중고차A팀,64버1074,4,1,1,213.4566,64.2214,0,0,
38997779,현대,올 뉴 투싼,디젤 2.0 2WD,모던,201907.0,2019,1790.0,94375.0,디젤,오토,ORIGINAL,일반,2025-03-19 23:51:10.000 +09,경기,코리아모터스,197모4953,0,2,2,0.0,200.769,1,0,
39105582,현대,더 뉴 투싼 (NX4),가솔린 1.6 터보 2WD,프리미엄,202405.0,2024,3160.0,5538.0,가솔린,오토,ORIGINAL,일반,2025-03-19 23:51:10.000 +09,인천,케이모터스,250누9006,0,1,1,0.0,70.81,0,0,
39038925,현대,더 뉴 투싼 하이브리드 (NX4),HEV 1.6 2WD,인스퍼레이션,202404.0,2024,3400.0,24277.0,가솔린+전기,오토,ORIGINAL,일반,2025-03-19 23:51:10.000 +09,경기,비전모터스,169구8717,1,1,1,0.0,0.0,0,0,
39240424,현대,투싼 (NX4),가솔린 1.6 터보 2WD,모던,202101.0,2021,2250.0,24341.0,가솔린,오토,ORIGINAL,일반,2025-03-19 23:51:02.000 +09,경기,롯데렌탈주식회사,248머6657,0,0,0,0.0,0.0,1,0,
39239865,현대,올 뉴 투싼,디젤 1.6 2WD,모던,201912.0,2020,9999.0,52165.0,디젤,오토,ORIGINAL,일반,2025-03-19 23:51:02.000 +09,경기,(주)왕카,153우9482,1,2,1,27.567,975.7243,1,0,
38916297,현대,올 뉴 투싼,디젤 2.0 2WD,모던,201506.0,2016,1248.0,124376.0,디젤,오토,ORIGINAL,일반,2025-03-19 23:51:02.000 +09,충남,더조은자동차,11오9789,0,2,3,0.0,185.3274,0,0,
38975748,현대,투싼 하이브리드 (NX4),인스퍼레이션 2WD,,202212.0,2023,2890.0,49233.0,가솔린+전기,오토,ORIGINAL,일반,2025-03-19 23:51:02.000 +09,서울,뮤카 주식회사,234노3540,0,0,1,0.0,0.0,1,0,
39113336,현대,올 뉴 투싼,디젤 2.0 2WD,모던,201811.0,2019,1730.0,96414.0,디젤,오토,ORIGINAL,일반,2025-03-19 23:51:02.000 +09,경기,쏘니모터스,51더1253,1,0,0,22.597,0.0,0,0,
39019460,현대,투싼 하이브리드 (NX4),인스퍼레이션 2WD,,202103.0,2021,2490.0,53022.0,가솔린+전기,오토,ORIGINAL,일반,2025-03-19 23:51:02.000 +09,경기,오토플러스(주),243마2447,4,3,0,401.5568,350.503,0,0,
37937328,현대,올 뉴 투싼,가솔린 1.6 터보 2WD,모던,201604.0,2017,1420.0,117700.0,가솔린,오토,ORIGINAL,일반,2025-03-19 23:51:02.000 +09,경기,알차이노베이션 ,65구0647,0,0,2,0.0,0.0,0,0,
39172380,현대,올 뉴 투싼,디젤 1.7 2WD,모던,201504.0,2016,1120.0,75007.0,디젤,오토,ORIGINAL,일반,2025-03-19 23:50:16.000 +09,경기,판다카,11모6125,1,1,1,42.1432,70.0528,0,0,
38683890,현대,투싼 (NX4),디젤 2.0 2WD,인스퍼레이션,202105.0,2021,2199.0,81307.0,디젤,오토,ORIGINAL,일반,2025-03-19 23:50:16.000 +09,충남,주식회사 하이오토,191다9146,7,3,1,1277.4015,610.6846,0,0,
38830503,현대,올 뉴 투싼,디젤 2.0 2WD,모던,201606.0,2017,1330.0,83729.0,디젤,오토,ORIGINAL,일반,2025-03-19 23:50:16.000 +09,경기,(주)김포오토파크,36노0390,2,3,0,169.552,351.66,0,0,
38522274,현대,뉴 투싼 ix,디젤(e-VGT) 2WD,스마트 스페셜,201501.0,2015,850.0,139233.0,디젤,오토,ORIGINAL,일반,2025-03-19 23:50:16.000 +09,경기,우수상사,53구6225,2,2,1,145.7849,118.4434,0,0,
39166180,현대,투싼 하이브리드 (NX4),인스퍼레이션 2WD,,202212.0,2023,2900.0,21007.0,가솔린+전기,오토,ORIGINAL,일반,2025-03-19 23:50:16.000 +09,부산,(주)베스트카,374버4572,1,1,0,179.4,72.0,0,0,
38775455,현대,더 뉴 투싼 하이브리드 (NX4),HEV 1.6 2WD,모던,202401.0,2024,3340.0,12613.0,가솔린+전기,오토,ORIGINAL,일반,2025-03-19 23:50:06.000 +09,경기,카카오토,198수4047,0,0,0,0.0,0.0,0,0,
37558987,현대,올 뉴 투싼,가솔린 1.6 터보 2WD,모던,201809.0,2019,1650.0,63150.0,가솔린,오토,ORIGINAL,일반,2025-03-19 23:50:06.000 +09,충북,(주)에스에스모터스,52거3121,3,0,1,389.7863,0.0,0,0,
39159908,현대,투싼 (NX4),디젤 2.0 2WD,프리미엄,202302.0,2023,2800.0,26831.0,디젤,오토,ORIGINAL,일반,2025-03-19 23:50:06.000 +09,경기,주식회사 예스카,197누1993,0,0,1,0.0,0.0,0,0,
39220421,현대,올 뉴 투싼,디젤 1.7 2WD,모던 피버,201603.0,2017,9999.0,162230.0,디젤,오토,ORIGINAL,일반,2025-03-19 23:50:06.000 +09,경기,(주)왕카,66로0431,1,0,3,44.7529,0.0,0,0,
39157553,현대,올 뉴 투싼,디젤 2.0 2WD,프리미엄,201905.0,2019,2170.0,61834.0,디젤,오토,ORIGINAL,일반,2025-03-19 23:50:06.000 +09,서울,대디모터스,10조8409,0,0,0,0.0,0.0,0,0,
38993485,현대,투싼 하이브리드 (NX4),N Line 2WD,인스퍼레이션,202302.0,2023,3390.0,29857.0,가솔린+전기,오토,ORIGINAL,일반,2025-03-19 23:50:06.000 +09,경기,(주)준모터스,324무1330,1,1,1,26.605,71.9561,0,0,
38868812,현대,올 뉴 투싼,디젤 2.0 2WD,프리미엄,201710.0,2018,1455.0,155325.0,디젤,오토,ORIGINAL,일반,2025-03-19 23:50:06.000 +09,충남,달인상사,12두5543,1,2,1,180.4928,96.2985,0,0,
36970120,현대,올 뉴 투싼,디젤 2.0 4WD,스마트,201711.0,2018,1670.0,34500.0,디젤,오토,ORIGINAL,일반,2025-03-19 23:50:06.000 +09,경기,한국자동차매매상사,227라7844,1,1,1,43.652,89.349,1,0,
39203607,현대,올 뉴 투싼,디젤 2.0 2WD,스타일,201710.0,2018,1130.0,104292.0,디젤,오토,ORIGINAL,일반,2025-03-19 23:49:10.000 +09,대전,비앤비모터스,187루1859,1,0,2,198.843,0.0,1,0,
38984844,현대,올 뉴 투싼,가솔린 1.6 터보 2WD,모던,202010.0,2020,2090.0,37219.0,가솔린,오토,ORIGINAL,일반,2025-03-19 23:49:10.000 +09,경기,오토플러스(주),321오5412,0,0,1,0.0,0.0,0,0,
38921497,현대,더 뉴 투싼 하이브리드 (NX4),HEV 1.6 4WD,프리미엄,202311.0,2023,2980.0,28053.0,가솔린+전기,오토,ORIGINAL,일반,2025-03-19 23:49:10.000 +09,부산,오토플러스(주),131고4872,0,0,1,0.0,0.0,1,0,
38020283,현대,올 뉴 투싼,가솔린 1.6 터보 2WD,모던,201904.0,2019,1750.0,73818.0,가솔린,오토,ORIGINAL,일반,2025-03-19 23:49:10.000 +09,경기,블루오토,19부0981,1,1,1,156.2744,423.92,0,0,
39015909,현대,올 뉴 투싼,디젤 1.7 2WD,스타일,201601.0,2016,1100.0,55981.0,디젤,오토,ORIGINAL,일반,2025-03-19 23:49:10.000 +09,인천,우민모터스,29다8849,4,5,1,300.2794,281.5369,0,0,
39235541,현대,올 뉴 투싼,디젤 1.7 2WD,모던,201512.0,2016,9999.0,135836.0,디젤,오토,ORIGINAL,일반,2025-03-19 23:49:10.000 +09,부산,골드문 모터스,55거0378,1,1,6,148.5489,67.0,0,0,
39151058,현대,투싼 (NX4),가솔린 1.6 터보 2WD,프리미엄,202204.0,2022,2490.0,45762.0,가솔린,오토,ORIGINAL,일반,2025-03-19 23:49:10.000 +09,경기,안산상사,342버2896,1,1,1,63.3054,194.0793,0,0,
39148617,현대,투싼 (NX4),가솔린 1.6 터보 2WD,프리미엄,202312.0,2023,2850.0,35488.0,가솔린,오토,ORIGINAL,일반,2025-03-19 23:49:10.000 +09,서울,주)오토리안,199구2383,0,0,1,0.0,0.0,0,0,
39265687,현대,올 뉴 투싼,디젤 2.0 2WD,모던,202004.0,2020,1670.0,66686.0,디젤,오토,ORIGINAL,일반,2025-03-19 23:49:10.000 +09,경기,타이거오토몰,254버1223,1,0,1,281.546,0.0,0,0,
37294724,현대,올 뉴 투싼,디젤 2.0 2WD,모던,201810.0,2019,1530.0,116744.0,디젤,오토,ORIGINAL,일반,2025-03-19 23:49:02.000 +09,경기,인정모터스,248루6016,3,1,1,255.9147,61.5172,1,0,
38984358,현대,올 뉴 투싼,디젤 2.0 2WD,모던,201901.0,2019,9999.0,115453.0,디젤,오토,ORIGINAL,일반,2025-03-19 23:49:02.000 +09,경기,올카모터스,03저6759,2,0,1,447.3182,0.0,0,0,
39108209,현대,투싼 (NX4),디젤 2.0 2WD,모던,202101.0,2021,1910.0,109941.0,디젤,오토,ORIGINAL,일반,2025-03-19 23:49:02.000 +09,경기,카리브 모터스,279소6597,0,1,1,0.0,43.7814,1,0,
39101152,현대,투싼 (NX4),가솔린 1.6 터보 4WD,인스퍼레이션,202010.0,2021,2780.0,83385.0,가솔린,오토,ORIGINAL,일반,2025-03-19 23:49:02.000 +09,전북,유카 전주지점,269오1313,0,1,1,0.0,155.0887,0,0,
39258198,현대,올 뉴 투싼,디젤 2.0 2WD,모던,201801.0,2018,1460.0,102152.0,디젤,오토,ORIGINAL,일반,2025-03-19 23:49:02.000 +09,경기,마니카,57부7723,1,1,3,86.004,139.404,0,0,
39097769,현대,올 뉴 투싼,디젤 1.7 2WD,프리미엄,201604.0,2017,1380.0,100623.0,디젤,오토,ORIGINAL,일반,2025-03-19 23:48:33.000 +09,대구,우수모터스,24구0272,0,0,1,0.0,0.0,0,0,
38968555,현대,올 뉴 투싼,가솔린 1.6 터보 2WD,모던 피버,201607.0,2017,9999.0,93990.0,가솔린,오토,ORIGINAL,일반,2025-03-19 23:48:19.000 +09,경기,벧엘자동차2,10도0818,0,0,0,0.0,0.0,0,0,
38747461,현대,올 뉴 투싼,디젤 1.6 4WD,프리미엄,201908.0,2019,2070.0,40360.0,디젤,오토,ORIGINAL,일반,2025-03-19 23:48:19.000 +09,인천,의리차차차,52버9201,1,2,1,89.5026,249.6794,0,0,
38661450,현대,올 뉴 투싼,디젤 1.6 4WD,스마트,201811.0,2019,1520.0,76235.0,디젤,오토,ORIGINAL,일반,2025-03-19 23:48:19.000 +09,경기,울트라모터스,163루2720,1,0,0,145.47,0.0,1,0,
39136263,현대,투싼 (NX4),가솔린 1.6 터보 2WD,모던,202101.0,2021,9999.0,32005.0,가솔린,오토,ORIGINAL,일반,2025-03-19 23:48:19.000 +09,경기,지오모터스,270가6746,0,0,2,0.0,0.0,1,0,
38611913,현대,올 뉴 투싼,디젤 1.7 2WD,모던,201511.0,2016,1100.0,82643.0,디젤,오토,ORIGINAL,일반,2025-03-19 23:48:11.000 +09,충남,(주)쿨모터스,63수0920,1,2,3,50.6308,64.402,0,0,
37807691,현대,올 뉴 투싼,가솔린 1.6 터보 2WD,프리미엄,201809.0,2019,9999.0,68905.0,가솔린,오토,ORIGINAL,일반,2025-03-19 23:48:11.000 +09,경기,오토피아,09모1999,0,1,0,0.0,24.3398,0,0,
39221515,현대,투싼 ix,디젤 2WD X20,럭셔리,201208.0,2013,490.0,169694.0,디젤,오토,ORIGINAL,일반,2025-03-19 23:48:11.000 +09,전북,(유)한성월드대표,30우9318,8,9,3,916.4294,3382.7228,0,0,
39240423,현대,투싼 (NX4),디젤 2.0 2WD,모던,202101.0,2021,1950.0,70132.0,디젤,오토,ORIGINAL,일반,2025-03-19 23:48:11.000 +09,경기,롯데렌탈주식회사,248머6606,0,0,0,0.0,0.0,1,0,
39235960,현대,투싼 하이브리드 (NX4),모던 2WD,,202101.0,2021,9999.0,88746.0,가솔린+전기,오토,ORIGINAL,일반,2025-03-19 23:48:11.000 +09,경기,경기모터스,163로7665,1,1,0,80.9809,0.0,0,0,
39176585,현대,투싼 (NX4),가솔린 1.6 터보 4WD,N Line 인스퍼레이션,202303.0,2023,3530.0,41996.0,가솔린,오토,ORIGINAL,일반,2025-03-19 23:47:58.000 +09,부산,(주)미소모터스,110구3773,0,0,1,0.0,0.0,0,0,
38571030,현대,올 뉴 투싼,디젤 2.0 2WD,스마트,201904.0,2019,1690.0,26700.0,디젤,오토,ORIGINAL,일반,2025-03-19 23:47:13.000 +09,서울,(주)참사랑상사팀장,293너9225,0,1,4,0.0,63.1326,1,0,
39261952,현대,투싼 (NX4),가솔린 1.6 터보 2WD,모던,202105.0,2021,1870.0,112196.0,가솔린,오토,ORIGINAL,일반,2025-03-19 23:47:13.000 +09,대구,새봄 모터스,265더5843,0,1,1,0.0,48.3969,1,0,
39222282,현대,투싼 하이브리드 (NX4),인스퍼레이션 2WD,,202102.0,2021,2800.0,55459.0,가솔린+전기,오토,ORIGINAL,일반,2025-03-19 23:47:13.000 +09,서울,뮤카(주) 가양지점,251소8328,0,0,1,0.0,0.0,1,0,
39165051,현대,투싼 (NX4),가솔린 1.6 터보 4WD,프리미엄,202305.0,2023,2770.0,6439.0,가솔린,오토,ORIGINAL,일반,2025-03-19 23:47:13.000 +09,경기,오뚜기자동차,314거3174,1,0,2,108.545,0.0,0,0,
38966673,현대,올 뉴 투싼,가솔린 1.6 터보 2WD,모던,202011.0,2020,2040.0,50119.0,가솔린,오토,ORIGINAL,일반,2025-03-19 23:47:13.000 +09,경기,(주)타보고모터스,227나6100,0,1,1,0.0,89.0,0,0,
38814949,현대,올 뉴 투싼,디젤 2.0 2WD,모던,201912.0,2020,1680.0,96905.0,디젤,오토,ORIGINAL,일반,2025-03-19 23:47:13.000 +09,대구,태양모터스,292소4931,1,0,1,716.2779,0.0,1,0,
38199837,현대,투싼 (NX4),디젤 2.0 2WD,프리미엄,202102.0,2021,2020.0,109626.0,디젤,오토,ORIGINAL,일반,2025-03-19 23:47:05.000 +09,경기,(주)대성모터스,302저1962,1,0,1,160.243,0.0,1,0,
38830215,현대,올 뉴 투싼,디젤 2.0 2WD,모던,201507.0,2016,1230.0,144343.0,디젤,오토,ORIGINAL,일반,2025-03-19 23:47:05.000 +09,대구,명가모터스,57어3014,0,0,1,0.0,0.0,0,0,
39132718,현대,투싼 하이브리드 (NX4),인스퍼레이션 2WD,,202012.0,2021,2970.0,21034.0,가솔린+전기,오토,ORIGINAL,일반,2025-03-19 23:47:05.000 +09,경기,일등자동차,137누8425,2,0,0,102.3094,0.0,0,0,
39127583,현대,투싼 하이브리드 (NX4),인스퍼레이션 2WD,,202102.0,2021,2899.0,53461.0,가솔린+전기,오토,ORIGINAL,일반,2025-03-19 23:47:05.000 +09,전북,(주)유카,358보5255,0,0,0,0.0,0.0,0,0,
39232159,현대,올 뉴 투싼,가솔린 1.6 터보 2WD,모던,202010.0,2020,2050.0,40320.0,가솔린,오토,ORIGINAL,일반,2025-03-19 23:47:05.000 +09,부산,오토플러스(주),360서9866,0,0,1,0.0,0.0,0,0,
39253605,현대,투싼 (NX4),가솔린 1.6 터보 2WD,인스퍼레이션,202103.0,2021,2680.0,60674.0,가솔린,오토,ORIGINAL,일반,2025-03-19 23:47:05.000 +09,서울,뮤카(주) 가양지점,326노8326,0,0,1,0.0,0.0,1,0,
39117977,현대,투싼 (NX4),가솔린 1.6 터보 2WD,프리미엄,202204.0,2022,2290.0,35259.0,가솔린,오토,ORIGINAL,일반,2025-03-19 23:46:36.000 +09,경기,워너비카,144고7224,1,1,3,325.3103,810.7673,0,0,
39117943,현대,투싼 (NX4),가솔린 1.6 터보 2WD,N Line 프리미엄,202108.0,2022,2290.0,93188.0,가솔린,오토,ORIGINAL,일반,2025-03-19 23:46:36.000 +09,경기,워너비카,239두4690,3,1,2,209.6243,39.7999,0,0,
39080056,현대,올 뉴 투싼,디젤 1.7 2WD,모던,201601.0,2016,1180.0,77501.0,디젤,오토,ORIGINAL,일반,2025-03-19 23:46:36.000 +09,경기,워너비카,36서0528,1,0,1,43.5779,0.0,0,0,
38935831,현대,올 뉴 투싼,디젤 2.0 4WD,스타일,201511.0,2016,920.0,182739.0,디젤,오토,ORIGINAL,일반,2025-03-19 23:46:10.000 +09,인천,주식회사 시우자동차2,16부2488,1,0,1,201.1249,0.0,0,0,
39225221,현대,투싼 (NX4),가솔린 1.6 터보 2WD,인스퍼레이션,202109.0,2022,2699.0,43514.0,가솔린,오토,ORIGINAL,일반,2025-03-19 23:46:10.000 +09,경기,울트라모터스,277모2281,1,0,1,185.3029,0.0,0,0,
38756491,현대,투싼 (NX4),디젤 2.0 2WD,프리미엄,202101.0,2021,2180.0,90654.0,디젤,오토,ORIGINAL,일반,2025-03-19 23:46:02.000 +09,경기,블루오토,170수9859,1,0,2,96.1239,0.0,1,0,
38752884,현대,투싼 (NX4),가솔린 1.6 터보 2WD,모던,202105.0,2021,1850.0,102067.0,가솔린,오토,ORIGINAL,일반,2025-03-19 23:46:02.000 +09,인천,조이모터스,202가3400,0,3,2,0.0,216.1991,1,0,
38651506,현대,투싼 (NX4),디젤 2.0 2WD,프리미엄,202104.0,2021,9999.0,109764.0,디젤,오토,ORIGINAL,일반,2025-03-19 23:46:02.000 +09,경기,(주)왕카,232모4088,2,0,2,467.8559,0.0,1,0,
39138931,현대,투싼 (NX4),디젤 2.0 4WD,모던,202212.0,2023,2220.0,74282.0,디젤,오토,ORIGINAL,일반,2025-03-19 23:46:02.000 +09,경기,알차,180허6460,0,0,0,0.0,0.0,0,0,
39105504,현대,투싼 하이브리드 (NX4),인스퍼레이션 2WD,,202103.0,2021,2760.0,55689.0,가솔린+전기,오토,ORIGINAL,일반,2025-03-19 23:46:02.000 +09,경기,주식회사 건모터스,352무9488,2,1,0,232.666,38.317,0,0,
39092793,현대,올 뉴 투싼,디젤 1.6 2WD,프리미엄,201910.0,2019,1250.0,156615.0,디젤,오토,ORIGINAL,일반,2025-03-19 23:46:02.000 +09,경기,올카모터스,100모7199,2,2,1,132.0646,389.2164,0,0,
38937676,현대,뉴 투싼 ix,디젤(e-VGT) 2WD,모던,201404.0,2014,850.0,128558.0,디젤,오토,ORIGINAL,일반,2025-03-19 23:45:34.000 +09,울산,(주)무룡인더스,49가6595,3,3,2,86.468,284.791,0,0,
38822566,현대,투싼 하이브리드 (NX4),인스퍼레이션 2WD,,202112.0,2022,2850.0,52483.0,가솔린+전기,오토,ORIGINAL,일반,2025-03-19 23:45:21.000 +09,경기,(주)바른모터스,115러7092,0,1,1,0.0,103.0931,0,0,
39056823,현대,뉴 투싼 ix,디젤(e-VGT) 2WD,프리미엄,201307.0,2014,930.0,122354.0,디젤,오토,ORIGINAL,일반,2025-03-19 23:45:10.000 +09,대구,조은모터스,175어9755,3,4,4,353.1998,468.3884,1,0,
38988115,현대,투싼 (NX4),가솔린 1.6 터보 2WD,인스퍼레이션,202208.0,2023,2920.0,14317.0,가솔린,오토,ORIGINAL,일반,2025-03-19 23:45:10.000 +09,서울,(주)강남세종모터스,120도3984,0,0,0,0.0,0.0,0,0,
39134370,현대,올 뉴 투싼,디젤 1.7 2WD,모던,201601.0,2016,1130.0,84750.0,디젤,오토,ORIGINAL,일반,2025-03-19 23:45:10.000 +09,인천,주식회사 시우자동차2,47서0476,0,2,2,0.0,170.9663,0,0,
38767756,현대,투싼 (NX4),가솔린 1.6 터보 2WD,모던,202111.0,2022,2199.0,32245.0,가솔린,오토,ORIGINAL,일반,2025-03-19 23:45:03.000 +09,대전,믿음모터스,214수9829,1,2,1,398.635,240.004,0,0,
39151254,현대,더 뉴 투싼 (NX4),가솔린 1.6 터보 2WD,프리미엄,202403.0,2024,3250.0,11030.0,가솔린,오토,ORIGINAL,일반,2025-03-19 23:45:02.000 +09,서울,(주)아이오토스,111구3152,0,0,0,0.0,0.0,0,0,
39225177,현대,올 뉴 투싼,디젤 2.0 2WD,모던,201605.0,2017,1340.0,110669.0,디젤,오토,ORIGINAL,일반,2025-03-19 23:45:02.000 +09,경기,현대모터스,33소0298,0,2,3,0.0,114.9698,0,0,
39262150,현대,뉴 투싼 ix,디젤(e-VGT) 2WD,스마트 스페셜,201311.0,2014,699.0,123849.0,디젤,오토,ORIGINAL,일반,2025-03-19 23:45:02.000 +09,광주,드림카마켓,05가0718,2,1,4,405.8306,111.49,1,0,
39204622,현대,투싼 (NX4),가솔린 1.6 터보 2WD,프리미엄,202102.0,2021,2260.0,84035.0,가솔린,오토,ORIGINAL,일반,2025-03-19 23:45:02.000 +09,경기,미래자동차,351노9965,0,0,2,0.0,0.0,1,0,
38990373,현대,올 뉴 투싼,디젤 2.0 2WD,스마트,201803.0,2018,1220.0,150306.0,디젤,오토,ORIGINAL,일반,2025-03-19 23:45:02.000 +09,인천,착한중고차,07보1637,0,0,2,0.0,0.0,0,0,
38945803,현대,올 뉴 투싼,디젤 1.6 2WD,모던,202002.0,2020,1730.0,86925.0,디젤,오토,ORIGINAL,일반,2025-03-19 23:45:02.000 +09,경기,(주)카매니저,140로9384,0,0,1,0.0,0.0,1,0,
37423730,현대,투싼 하이브리드 (NX4),프리미엄 2WD,,202205.0,2022,2550.0,62619.0,가솔린+전기,오토,ORIGINAL,일반,2025-03-19 23:45:02.000 +09,경기,알차,301모5561,2,0,1,331.932,0.0,1,0,
39125496,현대,올 뉴 투싼,디젤 2.0 2WD,모던,201511.0,2016,1040.0,155758.0,디젤,오토,ORIGINAL,일반,2025-03-19 23:44:51.000 +09,대구,진경문모터스,25소5560,1,2,3,38.854,183.757,0,0,
39142713,현대,올 뉴 투싼,디젤 2.0 2WD,모던 스페셜,201605.0,2017,1490.0,107981.0,디젤,오토,ORIGINAL,일반,2025-03-19 23:44:51.000 +09,대구,진경문모터스,129조9334,1,1,3,83.014,55.7604,1,0,
39216975,현대,투싼 (NX4),가솔린 1.6 터보 2WD,인스퍼레이션,202102.0,2021,2690.0,55742.0,가솔린,오토,ORIGINAL,일반,2025-03-19 23:44:51.000 +09,대구,진경문모터스,146나3020,0,1,2,0.0,149.8913,1,0,
39018704,현대,올 뉴 투싼,디젤 2.0 2WD,모던,201504.0,2016,1290.0,82819.0,디젤,오토,ORIGINAL,일반,2025-03-19 23:44:51.000 +09,대구,진경문모터스,11저7797,0,0,1,0.0,0.0,0,0,
39170924,현대,투싼 (NX4),가솔린 1.6 터보 2WD,모던,202106.0,2021,1840.0,103509.0,가솔린,오토,ORIGINAL,일반,2025-03-19 23:44:51.000 +09,대구,진경문모터스,256어6283,0,1,2,0.0,29.4508,1,0,
39183297,현대,투싼 (NX4),가솔린 1.6 터보 2WD,프리미엄,202108.0,2022,2740.0,44824.0,가솔린,오토,ORIGINAL,일반,2025-03-19 23:44:51.000 +09,대구,진경문모터스,137우6321,1,2,3,101.8246,174.9485,0,0,
39196644,현대,올 뉴 투싼,디젤 1.7 2WD,모던 피버,201612.0,2017,1340.0,132230.0,디젤,오토,ORIGINAL,일반,2025-03-19 23:44:51.000 +09,대구,진경문모터스,13다0205,0,0,1,0.0,0.0,0,0,
39011709,현대,올 뉴 투싼,디젤 2.0 2WD,모던,201706.0,2017,1400.0,102492.0,디젤,오토,ORIGINAL,일반,2025-03-19 23:44:13.000 +09,부산,윤모터스,46나5653,1,2,1,6.5265,150.663,0,0,
39251728,현대,투싼 하이브리드 (NX4),인스퍼레이션 2WD,,202104.0,2021,2950.0,51054.0,가솔린+전기,오토,ORIGINAL,일반,2025-03-19 23:44:10.000 +09,경기,오토플러스(주),112우9576,2,2,0,110.4126,385.1282,0,0,
39102907,현대,올 뉴 투싼,디젤 1.7 2WD,모던,201806.0,2018,1240.0,130871.0,디젤,오토,ORIGINAL,일반,2025-03-19 23:44:02.000 +09,경기,브라더모터스,36라6083,0,1,1,0.0,44.6993,0,0,
39105308,현대,올 뉴 투싼,디젤 2.0 2WD,모던,201710.0,2018,1450.0,83907.0,디젤,오토,ORIGINAL,일반,2025-03-19 23:44:02.000 +09,경기,패밀리모터스,13다1319,2,0,5,119.2256,0.0,0,0,
39017078,현대,투싼 (NX4),가솔린 1.6 터보 2WD,인스퍼레이션,202302.0,2023,2850.0,36274.0,가솔린,오토,ORIGINAL,일반,2025-03-19 23:44:02.000 +09,서울,(주)아이오토스,204러9302,0,0,0,0.0,0.0,0,0,
39223930,현대,뉴 투싼 ix,디젤(e-VGT) 2WD,스마트,201407.0,2015,880.0,78590.0,디젤,오토,ORIGINAL,일반,2025-03-19 23:44:02.000 +09,서울,(주)아이오토마스터,53소6608,1,0,4,101.2,0.0,0,0,
39231605,현대,투싼 (NX4),디젤 2.0 2WD,프리미엄,202102.0,2021,1790.0,128201.0,디젤,오토,ORIGINAL,일반,2025-03-19 23:44:02.000 +09,경기,카리브 모터스,269노6918,2,0,1,247.5855,0.0,1,0,
39213950,현대,뉴 투싼 ix,디젤(e-VGT) 2WD,스마트 스페셜,201502.0,2015,900.0,54835.0,디젤,오토,ORIGINAL,일반,2025-03-19 23:44:02.000 +09,경기,(주)예스카,19저2185,2,2,1,291.8411,301.587,0,0,
38390199,현대,투싼 하이브리드 (NX4),인스퍼레이션 2WD,,202311.0,2023,3250.0,18577.0,가솔린+전기,오토,ORIGINAL,일반,2025-03-19 23:44:02.000 +09,대구,동방모터스,355라6999,0,0,0,0.0,0.0,0,0,
38768745,현대,투싼 하이브리드 (NX4),프리미엄 2WD,,202201.0,2022,2640.0,48726.0,가솔린+전기,오토,ORIGINAL,일반,2025-03-19 23:44:02.000 +09,충남,(주)유카,102루9899,1,2,3,0.0,0.0,0,0,
38723752,현대,투싼 (NX4),가솔린 1.6 터보 2WD,모던,202105.0,2021,1880.0,116412.0,가솔린,오토,ORIGINAL,일반,2025-03-19 23:44:02.000 +09,경남,굿카,213노3574,0,1,2,0.0,57.714,1,0,
38694961,현대,올 뉴 투싼,디젤 1.7 2WD,모던,201508.0,2016,1140.0,63406.0,디젤,오토,ORIGINAL,일반,2025-03-19 23:44:02.000 +09,인천,(주)시우자동차,41누4224,3,0,1,134.2212,0.0,0,0,
39214751,현대,투싼 (NX4),가솔린 1.6 터보 2WD,인스퍼레이션,202204.0,2022,3090.0,32731.0,가솔린,오토,ORIGINAL,일반,2025-03-19 23:43:19.000 +09,전북,(주)유카,175우4798,0,0,0,0.0,0.0,0,0,
39060588,현대,투싼 하이브리드 (NX4),프리미엄 2WD,,202105.0,2021,2350.0,69167.0,가솔린+전기,오토,ORIGINAL,일반,2025-03-19 23:43:19.000 +09,경기,청춘카,353루9070,1,0,2,45.2382,0.0,1,0,
39122038,현대,올 뉴 투싼,디젤 1.7 2WD,모던,201710.0,2018,1180.0,88887.0,디젤,오토,ORIGINAL,일반,2025-03-19 23:43:19.000 +09,경기,(주)고물상,53부5628,0,1,5,0.0,52.23,0,0,
38968582,현대,더 뉴 투싼 (NX4),가솔린 1.6 터보 2WD,인스퍼레이션,202401.0,2024,2990.0,22951.0,가솔린,오토,ORIGINAL,일반,2025-03-19 23:43:19.000 +09,경기,(주)왕카,263더8257,1,0,1,74.335,0.0,1,0,
39150140,현대,투싼 (NX4),가솔린 1.6 터보 2WD,인스퍼레이션,202302.0,2023,2900.0,34818.0,가솔린,오토,ORIGINAL,일반,2025-03-19 23:43:11.000 +09,경기,벧엘자동차2,177버3013,0,0,1,0.0,0.0,0,0,
39127488,현대,올 뉴 투싼,디젤 2.0 2WD,스타일 스페셜,201606.0,2017,1150.0,70977.0,디젤,오토,ORIGINAL,일반,2025-03-19 23:43:11.000 +09,부산,서린모터스,05구0729,5,1,1,1173.9786,161.712,0,0,
39112224,현대,올 뉴 투싼,디젤 2.0 2WD,모던 스페셜,201612.0,2017,1600.0,96733.0,디젤,오토,ORIGINAL,일반,2025-03-19 23:43:11.000 +09,서울,에이플러스모터스,52버0460,0,0,3,0.0,0.0,0,0,
38957919,현대,더 뉴 투싼 하이브리드 (NX4),HEV 1.6 4WD,인스퍼레이션,202403.0,2024,3999.0,21749.0,가솔린+전기,오토,ORIGINAL,일반,2025-03-19 23:43:11.000 +09,충남,천운 모터스,108조9001,0,0,1,0.0,0.0,0,0,
38740691,현대,투싼 (NX4),가솔린 1.6 터보 2WD,프리미엄,202011.0,2021,2100.0,87004.0,가솔린,오토,ORIGINAL,일반,2025-03-19 23:43:11.000 +09,부산,오토플러스(주),101어5554,1,0,5,95.63,0.0,1,0,
39243293,현대,투싼 (NX4),디젤 2.0 2WD,인스퍼레이션,202012.0,2021,2350.0,53798.0,디젤,오토,ORIGINAL,일반,2025-03-19 23:43:11.000 +09,경기,코리아모터스,160오3869,1,1,1,635.1928,75.0,0,0,
39006485,현대,올 뉴 투싼,디젤 2.0 4WD,프리미엄,201504.0,2016,1260.0,124667.0,디젤,오토,ORIGINAL,일반,2025-03-19 23:42:33.000 +09,부산,하이엔드중고사업부,54어3806,2,3,1,233.962,243.7777,0,0,
39258273,현대,뉴 투싼 ix,디젤(e-VGT) 2WD,프리미엄,201311.0,2014,790.0,156681.0,디젤,오토,ORIGINAL,일반,2025-03-19 23:42:33.000 +09,부산,하이엔드중고사업부,60어2471,2,1,2,97.635,71.577,0,0,
37928604,현대,투싼 하이브리드 (NX4),프리미엄 2WD,,202311.0,2023,3050.0,5395.0,가솔린+전기,오토,ORIGINAL,일반,2025-03-19 23:42:10.000 +09,서울,(주)서진모터스,226수1761,0,0,0,0.0,0.0,0,0,
38921610,현대,투싼 하이브리드 (NX4),인스퍼레이션 2WD,,202011.0,2021,2450.0,70180.0,가솔린+전기,오토,ORIGINAL,일반,2025-03-19 23:42:10.000 +09,대구,주식회사 나래모터스,228노4327,1,2,1,393.4544,1072.999,1,0,
39017930,현대,투싼 하이브리드 (NX4),N Line 2WD,인스퍼레이션,202301.0,2023,3620.0,9329.0,가솔린+전기,오토,ORIGINAL,일반,2025-03-19 23:42:10.000 +09,부산,JM모터스,374로2669,2,2,1,238.2308,143.5788,0,0,
39157426,현대,올 뉴 투싼,가솔린 1.6 터보 2WD,모던,202001.0,2020,2050.0,31993.0,가솔린,오토,ORIGINAL,일반,2025-03-19 23:42:10.000 +09,서울,주)위메카,398고9568,1,0,0,283.597,0.0,0,0,
38498086,현대,올 뉴 투싼,디젤 1.6 2WD,모던,201907.0,2019,1290.0,129415.0,디젤,오토,ORIGINAL,일반,2025-03-19 23:42:10.000 +09,서울,주)오토리안,14러1019,0,0,1,0.0,0.0,0,0,
38649323,현대,올 뉴 투싼,가솔린 1.6 터보 2WD,모던,201610.0,2017,1750.0,58913.0,가솔린,오토,ORIGINAL,일반,2025-03-19 23:42:03.000 +09,경기,주식회사 현대상사,34루0190,1,1,1,34.959,65.056,0,0,
38314054,현대,투싼 ix,디젤 4WD LX20,프리미어,201002.0,2010,470.0,184104.0,디젤,오토,ORIGINAL,일반,2025-03-19 23:42:02.000 +09,경기,이든자동차,68무4947,1,3,6,142.423,287.132,0,0,
39063992,현대,투싼 (NX4),가솔린 1.6 터보 2WD,모던,202106.0,2021,1890.0,99191.0,가솔린,오토,ORIGINAL,일반,2025-03-19 23:42:02.000 +09,경기,(주)영모터스,367로8342,2,1,2,125.9618,133.1549,1,0,
38883926,현대,올 뉴 투싼,가솔린 1.6 터보 2WD,모던,201906.0,2019,1870.0,30947.0,가솔린,오토,ORIGINAL,일반,2025-03-19 23:42:02.000 +09,서울,(주)마이원카,27모1217,0,0,1,0.0,0.0,0,0,
39257370,현대,올 뉴 투싼,디젤 1.6 2WD,프리미엄,201902.0,2019,1750.0,68243.0,디젤,오토,ORIGINAL,일반,2025-03-19 23:41:10.000 +09,충남,이안모터스,37버6940,1,1,2,68.1633,101.7729,0,0,
39243641,현대,투싼 (NX4),가솔린 1.6 터보 2WD,인스퍼레이션,202107.0,2021,2420.0,81779.0,가솔린,오토,ORIGINAL,일반,2025-03-19 23:41:10.000 +09,서울,(주)아이오토스,377라7774,0,0,1,0.0,0.0,0,0,
39161658,현대,뉴 투싼 ix,디젤(e-VGT) 4WD,스마트 스페셜,201506.0,2015,9999.0,119522.0,디젤,오토,ORIGINAL,일반,2025-03-19 23:41:10.000 +09,대구,한마음모터스,60거5741,0,0,2,0.0,0.0,0,0,
39071200,현대,올 뉴 투싼,가솔린 1.6 터보 2WD (수출형),,201612.0,2016,1250.0,93194.0,가솔린,오토,ORIGINAL,일반,2025-03-19 23:41:10.000 +09,경기,국민플러스,07두6475,0,0,3,0.0,0.0,0,0,
38640720,현대,올 뉴 투싼,디젤 2.0 2WD,모던,201603.0,2016,1290.0,99914.0,디젤,오토,ORIGINAL,일반,2025-03-19 23:41:10.000 +09,부산,오성모터스,34로0987,1,0,1,291.9929,0.0,0,0,
39041782,현대,투싼 ix,디젤 2WD LX20,럭셔리,201201.0,2012,590.0,124015.0,디젤,오토,ORIGINAL,일반,2025-03-19 23:41:02.000 +09,경기,태양모터스,63어2377,3,1,2,248.8156,104.928,1,0,
39114428,현대,투싼 하이브리드 (NX4),인스퍼레이션 2WD,,202204.0,2022,3140.0,39675.0,가솔린+전기,오토,ORIGINAL,일반,2025-03-19 23:41:02.000 +09,대전,(주)이수오토,268누1790,2,2,3,171.9678,78.169,0,0,
38738653,현대,올 뉴 투싼,디젤 2.0 2WD,프리미엄,201901.0,2019,2110.0,33522.0,디젤,오토,ORIGINAL,일반,2025-03-19 23:41:02.000 +09,경남,마이카3,132나5588,0,0,1,0.0,0.0,1,0,
38598397,현대,투싼 (NX4),가솔린 1.6 터보 2WD,인스퍼레이션,202305.0,2023,2850.0,24103.0,가솔린,오토,ORIGINAL,일반,2025-03-19 23:41:02.000 +09,경기,주식회사 예스카,153수2328,1,1,1,102.187,114.0,0,0,
38979713,현대,올 뉴 투싼,디젤 2.0 2WD,모던,201608.0,2017,1470.0,50568.0,디젤,오토,ORIGINAL,일반,2025-03-19 23:41:02.000 +09,경기,153 모터스,59고0489,0,0,0,0.0,0.0,0,0,
39164619,현대,올 뉴 투싼,가솔린 1.6 터보 2WD,모던,201805.0,2018,1585.0,75315.0,가솔린,오토,ORIGINAL,일반,2025-03-19 23:41:02.000 +09,경남,붕붕모터스,33버8977,3,0,1,266.1751,0.0,0,0,
37557156,현대,투싼 ix,디젤 2WD X20,스패셜 팩,201211.0,2013,550.0,189000.0,디젤,오토,ORIGINAL,일반,2025-03-19 23:40:53.000 +09,부산,대원모터스,38누6333,2,4,0,103.9898,240.7493,0,0,
38679961,현대,올 뉴 투싼,디젤 1.7 2WD,스마트,201708.0,2018,9999.0,106363.0,디젤,오토,ORIGINAL,일반,2025-03-19 23:40:11.000 +09,인천,의리차차차,64고8531,4,3,1,350.0496,341.9061,0,0,
38693981,현대,투싼 하이브리드 (NX4),인스퍼레이션 2WD,,202211.0,2023,3050.0,33663.0,가솔린+전기,오토,ORIGINAL,일반,2025-03-19 23:40:11.000 +09,인천,주식회사 하이카모터스,151모8103,1,0,0,82.153,0.0,0,0,
38870302,현대,투싼 ix,디젤 2WD X20,스마트,201303.0,2013,499.0,135022.0,디젤,오토,ORIGINAL,일반,2025-03-19 23:40:11.000 +09,울산,혁신모터스,49머1231,5,1,1,394.6083,190.2774,0,0,
38571777,현대,올 뉴 투싼,디젤 1.7 2WD,모던,201505.0,2016,990.0,137514.0,디젤,오토,ORIGINAL,일반,2025-03-19 23:40:11.000 +09,서울,(주)케이아우토,20소2363,2,1,1,216.0177,56.22,0,0,
38611985,현대,올 뉴 투싼,디젤 2.0 2WD,모던,201808.0,2018,1550.0,78062.0,디젤,오토,ORIGINAL,일반,2025-03-19 23:40:11.000 +09,대구,수 모터스,12머6518,3,0,0,151.227,0.0,0,0,
39169390,현대,올 뉴 투싼,디젤 1.7 2WD,모던,201601.0,2016,940.0,168088.0,디젤,오토,ORIGINAL,일반,2025-03-19 23:40:11.000 +09,경기,코리아모터스,57보6094,0,1,3,0.0,268.0757,0,0,
39185495,현대,더 뉴 투싼 하이브리드 (NX4),HEV 1.6 2WD,인스퍼레이션,202501.0,2025,4099.0,209.0,가솔린+전기,오토,ORIGINAL,일반,2025-03-19 23:40:11.000 +09,대구,형제종합자동차상사,142라1237,0,0,0,0.0,0.0,0,0,
39156246,현대,올 뉴 투싼,가솔린 1.6 터보 4WD,모던,202001.0,2020,1850.0,41950.0,가솔린,오토,ORIGINAL,일반,2025-03-19 23:40:03.000 +09,인천,JP모터스,302어9511,4,1,0,466.5034,0.0,0,0,
39021401,현대,올 뉴 투싼,디젤 2.0 4WD,모던,201508.0,2016,1390.0,120465.0,디젤,오토,ORIGINAL,일반,2025-03-19 23:40:03.000 +09,서울,(주)프라임모터스,16나0754,2,2,0,173.5567,181.1621,0,0,
39231645,현대,올 뉴 투싼,디젤 1.7 2WD,프리미엄,201608.0,2017,1200.0,168929.0,디젤,오토,ORIGINAL,일반,2025-03-19 23:40:03.000 +09,경기,착한모터스,261저8400,1,1,0,114.8,60.6,1,0,
39222264,현대,투싼 하이브리드 (NX4),인스퍼레이션 2WD,,202302.0,2023,3330.0,30742.0,가솔린+전기,오토,ORIGINAL,일반,2025-03-19 23:40:03.000 +09,경기,벧엘자동차,195부2848,0,0,1,0.0,0.0,0,0,
39208520,현대,올 뉴 투싼,디젤 2.0 2WD,모던,201609.0,2017,1390.0,89800.0,디젤,오토,ORIGINAL,일반,2025-03-19 23:40:03.000 +09,경기,에스제이모터스,12소0229,1,0,0,95.3498,0.0,0,0,
39183282,현대,투싼 (NX4),가솔린 1.6 터보 2WD,프리미엄,202102.0,2021,2120.0,59671.0,가솔린,오토,ORIGINAL,일반,2025-03-19 23:40:03.000 +09,경기,류크레이션 주식회사,115조6136,1,0,2,503.8,0.0,1,0,
39157779,현대,투싼 (NX4),디젤 2.0 2WD,모던,202201.0,2022,2420.0,15140.0,디젤,오토,ORIGINAL,일반,2025-03-19 23:40:03.000 +09,서울,롯데렌탈주식회사,202구6311,0,0,0,0.0,0.0,1,0,
39170764,현대,올 뉴 투싼,디젤 2.0 2WD,모던,201904.0,2019,1580.0,73448.0,디젤,오토,ORIGINAL,일반,2025-03-19 23:40:03.000 +09,대구,오토플러스(주),05노3568,1,1,1,249.7249,86.4589,0,0,
39268977,현대,투싼 (NX4),가솔린 1.6 터보 2WD,모던,202106.0,2021,1819.0,102769.0,가솔린,오토,ORIGINAL,일반,2025-03-19 23:39:48.000 +09,경기,(주)왕카,241나3734,0,1,1,0.0,92.4991,1,0,
38977019,현대,올 뉴 투싼,디젤 1.7 2WD,모던,201612.0,2017,1190.0,87036.0,디젤,오토,ORIGINAL,일반,2025-03-19 23:39:14.000 +09,서울,(주)대디모터스,54거0180,2,1,1,0.0,153.505,0,0,
38935640,현대,올 뉴 투싼,가솔린 1.6 터보 2WD,모던,201906.0,2019,1830.0,68737.0,가솔린,오토,ORIGINAL,일반,2025-03-19 23:39:14.000 +09,대전,안모터스,57모3642,0,1,1,0.0,72.817,0,0,
38571672,현대,올 뉴 투싼,디젤 1.7 2WD,모던,201708.0,2018,9999.0,155958.0,디젤,오토,ORIGINAL,일반,2025-03-19 23:39:14.000 +09,경기,의정부오토갤러리,43로6321,2,1,1,209.9162,0.0,0,0,
39122090,현대,올 뉴 투싼,디젤 2.0 2WD,스마트,202008.0,2020,1450.0,130813.0,디젤,오토,ORIGINAL,일반,2025-03-19 23:39:14.000 +09,서울,주식회사 이엑스오토,216러7056,1,1,1,339.2134,100.767,1,0,
39163378,현대,올 뉴 투싼,디젤 2.0 2WD,스마트,201811.0,2019,1570.0,54186.0,디젤,오토,ORIGINAL,일반,2025-03-19 23:39:14.000 +09,인천,조이모터스,251구2349,1,0,0,62.361,0.0,1,0,
39130441,현대,투싼 (NX4),디젤 2.0 2WD,모던,202012.0,2021,2195.0,18492.0,디젤,오토,ORIGINAL,일반,2025-03-19 23:39:14.000 +09,전북,(주)유카,248어5509,0,0,0,0.0,0.0,0,0,
38156025,현대,투싼 하이브리드 (NX4),인스퍼레이션 2WD,,202011.0,2021,2459.0,107800.0,가솔린+전기,오토,ORIGINAL,일반,2025-03-19 23:39:14.000 +09,경기,(주)왕카,235두3743,1,0,3,162.6,0.0,0,0,
38888585,현대,더 뉴 투싼 하이브리드 (NX4),HEV 1.6 2WD,프리미엄,202407.0,2024,3430.0,16229.0,가솔린+전기,오토,ORIGINAL,일반,2025-03-19 23:39:14.000 +09,대구,VIP모터스,222모2460,0,0,0,0.0,0.0,0,0,
39268169,현대,올 뉴 투싼,디젤 2.0 2WD,스마트,201911.0,2020,1250.0,137838.0,디젤,오토,ORIGINAL,일반,2025-03-19 23:39:14.000 +09,인천,한결모터스,276두4681,3,3,1,484.6037,331.6844,1,0,
39231466,현대,올 뉴 투싼,디젤 1.6 2WD,모던,202002.0,2020,1449.0,109205.0,디젤,오토,ORIGINAL,일반,2025-03-19 23:39:14.000 +09,경기,(주)카르메스오토,279누9829,0,0,1,0.0,0.0,1,0,
39242933,현대,투싼 (NX4),디젤 2.0 2WD,모던,202301.0,2023,2270.0,57160.0,디젤,오토,ORIGINAL,일반,2025-03-19 23:39:14.000 +09,경기,스마일자동차,105다7306,0,0,0,0.0,0.0,0,0,
39232209,현대,더 뉴 투싼 (NX4),가솔린 1.6 터보 4WD,모던,202407.0,2024,3000.0,751.0,가솔린,오토,ORIGINAL,일반,2025-03-19 23:39:06.000 +09,부산,오토플러스(주),227오3920,0,0,1,0.0,0.0,1,0,
39232296,현대,올 뉴 투싼,디젤 1.7 2WD,모던,201611.0,2017,1240.0,55470.0,디젤,오토,ORIGINAL,일반,2025-03-19 23:39:06.000 +09,대구,한백모터스,27어0432,1,3,0,224.843,225.363,0,0,
39060153,현대,올 뉴 투싼,디젤 1.6 2WD,프리미엄,201810.0,2019,1660.0,62159.0,디젤,오토,ORIGINAL,일반,2025-03-19 23:39:06.000 +09,부산,오토플러스(주),11다3957,1,0,0,63.9278,0.0,0,0,
39052812,현대,투싼 하이브리드 (NX4),인스퍼레이션 2WD,,202104.0,2021,2989.0,33341.0,가솔린+전기,오토,ORIGINAL,일반,2025-03-19 23:39:06.000 +09,경기,주식회사 설레임 오토모티브,151구8741,1,1,1,0.0,37.6186,0,0,
38987367,현대,투싼 하이브리드 (NX4),인스퍼레이션 2WD,,202301.0,2023,3490.0,31656.0,가솔린+전기,오토,ORIGINAL,일반,2025-03-19 23:39:06.000 +09,경기,(주)KM모터스,320어1496,0,0,0,0.0,0.0,0,0,
39170328,현대,올 뉴 투싼,디젤 2.0 2WD,스마트,201711.0,2018,1570.0,63120.0,디젤,오토,ORIGINAL,일반,2025-03-19 23:39:06.000 +09,경기,동아에스엠씨,41나8285,2,2,0,126.4106,169.288,0,0,
39244172,현대,올 뉴 투싼,디젤 2.0 2WD,모던,201610.0,2017,1240.0,109145.0,디젤,오토,ORIGINAL,일반,2025-03-19 23:39:06.000 +09,경기,차투차,01수0379,1,0,0,44.807,0.0,0,0,
39035748,현대,더 뉴 투싼 하이브리드 (NX4),HEV 1.6 4WD,프리미엄,202412.0,2024,3230.0,1301.0,가솔린+전기,오토,ORIGINAL,일반,2025-03-19 23:39:06.000 +09,경기,오토플러스(주),275노9979,0,0,1,0.0,0.0,1,0,
39152023,현대,올 뉴 투싼,디젤 2.0 4WD,모던,202009.0,2020,1640.0,68208.0,디젤,오토,ORIGINAL,일반,2025-03-19 23:39:06.000 +09,인천,조이모터스,195루8357,1,2,2,116.4387,524.0156,2,0,
38853757,현대,올 뉴 투싼,디젤 2.0 4WD,프리미엄,201512.0,2016,1430.0,119988.0,디젤,오토,ORIGINAL,일반,2025-03-19 23:38:56.000 +09,경기,오토웨이브,52우0490,5,3,1,591.4756,425.2233,0,0,
38807149,현대,투싼 (NX4),가솔린 1.6 터보 2WD,어드벤처,202306.0,2023,2695.0,13990.0,가솔린,오토,ORIGINAL,일반,2025-03-19 23:38:47.000 +09,경기,인연모터스,135보5498,1,2,2,570.521,281.397,0,0,
39192353,현대,투싼 (NX4),가솔린 1.6 터보 2WD,모던,202101.0,2021,2050.0,58133.0,가솔린,오토,ORIGINAL,일반,2025-03-19 23:38:12.000 +09,인천,오토플러스(주),127두6431,6,1,1,654.7224,80.817,0,0,
38284506,현대,올 뉴 투싼,가솔린 1.6 터보 2WD,스마트,201710.0,2018,1530.0,86636.0,가솔린,오토,ORIGINAL,일반,2025-03-19 23:38:12.000 +09,대구,비젼모터스,01무1499,0,0,1,0.0,0.0,0,0,
38800386,현대,올 뉴 투싼,디젤 1.6 2WD,모던,201904.0,2019,1300.0,131835.0,디젤,오토,ORIGINAL,일반,2025-03-19 23:38:12.000 +09,경기,하나모터스,50조6654,0,0,1,0.0,0.0,0,0,
38904153,현대,더 뉴 투싼 하이브리드 (NX4),HEV 1.6 4WD,프리미엄,202409.0,2024,3250.0,5358.0,가솔린+전기,오토,ORIGINAL,일반,2025-03-19 23:38:03.000 +09,부산,오토플러스(주),398러4379,0,0,1,0.0,0.0,1,0,
39084212,현대,올 뉴 투싼,디젤 2.0 2WD,모던,201804.0,2018,1430.0,65125.0,디젤,오토,ORIGINAL,일반,2025-03-19 23:38:03.000 +09,경기,알차,33라1597,3,1,0,400.0494,169.7456,0,0,
39041303,현대,올 뉴 투싼,디젤 2.0 4WD,스마트,201901.0,2019,1520.0,83057.0,디젤,오토,ORIGINAL,일반,2025-03-19 23:38:03.000 +09,서울,주식회사 이엑스오토,231너7824,1,0,3,0.0,0.0,1,0,
38449504,현대,투싼 하이브리드 (NX4),N Line 2WD,인스퍼레이션,202208.0,2023,3300.0,36202.0,가솔린+전기,오토,ORIGINAL,일반,2025-03-19 23:38:03.000 +09,경기,주식회사 현대상사,134고3165,1,0,1,148.903,0.0,0,0,
39154069,현대,올 뉴 투싼,디젤 1.7 2WD,모던 피버,201611.0,2017,1250.0,69475.0,디젤,오토,ORIGINAL,일반,2025-03-19 23:38:03.000 +09,인천,오토플러스(주),53도0415,0,2,1,0.0,107.5909,0,0,
39109001,현대,투싼 (NX4),가솔린 1.6 터보 2WD,모던,202106.0,2021,1890.0,109810.0,가솔린,오토,ORIGINAL,일반,2025-03-19 23:38:03.000 +09,대구,프라임모터스,256어6233,1,1,2,57.6076,257.4773,1,0,
39043384,현대,올 뉴 투싼,디젤 1.7 2WD,스타일,201511.0,2016,999.0,114207.0,디젤,오토,ORIGINAL,일반,2025-03-19 23:37:51.000 +09,경남,(주)오토정,27우1795,2,1,5,193.3097,146.6154,0,0,
39092252,현대,투싼 (NX4),가솔린 1.6 터보 2WD,인스퍼레이션,202106.0,2021,9999.0,46609.0,가솔린,오토,ORIGINAL,일반,2025-03-19 23:37:48.000 +09,울산,태성모터스,139버6362,0,0,3,0.0,0.0,0,0,
38757791,현대,올 뉴 투싼,디젤 2.0 2WD,모던,201804.0,2018,1620.0,95363.0,디젤,오토,ORIGINAL,일반,2025-03-19 23:37:48.000 +09,울산,태성모터스,01어1567,0,0,2,0.0,0.0,0,0,
38819765,현대,올 뉴 투싼,디젤 2.0 2WD,모던,201612.0,2017,1379.0,115744.0,디젤,오토,ORIGINAL,일반,2025-03-19 23:37:11.000 +09,충남,천둥모터스,11조0157,2,1,2,216.1353,43.5677,0,0,
39235540,현대,올 뉴 투싼,디젤 2.0 4WD,모던 스페셜,201606.0,2017,1500.0,80238.0,디젤,오토,ORIGINAL,일반,2025-03-19 23:37:11.000 +09,경기,(주)알차이노베이션,53버0133,1,0,0,82.0173,0.0,0,0,
39212440,현대,투싼 (NX4),디젤 2.0 4WD,프리미엄,202102.0,2021,2850.0,56984.0,디젤,오토,ORIGINAL,일반,2025-03-19 23:37:11.000 +09,경기,(주)왕카,240어2243,0,0,0,0.0,0.0,1,0,
37447020,현대,올 뉴 투싼,가솔린 1.6 터보 2WD,모던,201901.0,2019,1790.0,49921.0,가솔린,오토,ORIGINAL,일반,2025-03-19 23:37:11.000 +09,경기,(주)에스비즈,59고7699,1,3,0,63.3,173.6577,0,0,
38485473,현대,투싼 (NX4),가솔린 1.6 터보 2WD,인스퍼레이션,202101.0,2021,3090.0,59640.0,가솔린,오토,ORIGINAL,일반,2025-03-19 23:37:03.000 +09,부산,바론카,377다8140,2,0,1,119.0446,0.0,0,0,
39158863,현대,더 뉴 투싼 하이브리드 (NX4),HEV 1.6 2WD,프리미엄,202401.0,2024,3480.0,10252.0,가솔린+전기,오토,ORIGINAL,일반,2025-03-19 23:37:03.000 +09,부산,바론카,198더9756,0,0,0,0.0,0.0,0,0,
37965306,현대,투싼 하이브리드 (NX4),N Line 2WD,인스퍼레이션,202206.0,2022,3470.0,39293.0,가솔린+전기,오토,ORIGINAL,일반,2025-03-19 23:37:03.000 +09,부산,바론카,144주9993,2,1,2,268.2901,494.6542,0,0,
39034554,현대,투싼 (NX4),가솔린 1.6 터보 2WD,인스퍼레이션,202205.0,2022,3200.0,25970.0,가솔린,오토,ORIGINAL,일반,2025-03-19 23:37:03.000 +09,부산,바론카,222더4841,1,1,0,34.5,1447.6,0,0,
39260375,현대,투싼 (NX4),가솔린 1.6 터보 2WD,프리미엄,202302.0,2023,2700.0,36581.0,가솔린,오토,ORIGINAL,일반,2025-03-19 23:37:03.000 +09,경기,(주)빅보스모터스,115라7882,1,0,0,24.6327,0.0,0,0,
38396318,현대,올 뉴 투싼,디젤 2.0 2WD,모던,201711.0,2018,1650.0,77026.0,디젤,오토,ORIGINAL,일반,2025-03-19 23:37:03.000 +09,대구,지엘(GL)모터스,19수4222,3,2,3,206.0869,101.4288,0,0,
39063066,현대,올 뉴 투싼,디젤 2.0 2WD,모던,202001.0,2020,1690.0,92404.0,디젤,오토,ORIGINAL,일반,2025-03-19 23:37:03.000 +09,서울,(주)알차,281수8815,0,0,1,0.0,0.0,1,0,
38957837,현대,더 뉴 투싼 (NX4),가솔린 1.6 터보 2WD,N Line 인스퍼레이션,202404.0,2024,3450.0,19719.0,가솔린,오토,ORIGINAL,일반,2025-03-19 23:37:02.000 +09,부산,바론카,135나5556,1,0,1,164.7699,0.0,0,0,
39239349,현대,투싼 하이브리드 (NX4),프리미엄 2WD,,202110.0,2022,3190.0,44662.0,가솔린+전기,오토,ORIGINAL,일반,2025-03-19 23:37:02.000 +09,부산,바론카,241보3563,0,2,1,0.0,122.3728,0,0,
37941720,현대,투싼 (NX4),가솔린 1.6 터보 2WD,인스퍼레이션,202205.0,2022,3120.0,27158.0,가솔린,오토,ORIGINAL,일반,2025-03-19 23:37:02.000 +09,부산,바론카,106소2518,2,0,0,282.717,0.0,0,0,
39223335,현대,투싼 (NX4),디젤 2.0 2WD,N Line 인스퍼레이션,202306.0,2023,3490.0,37182.0,디젤,오토,ORIGINAL,일반,2025-03-19 23:37:02.000 +09,부산,바론카,232모6505,0,0,0,0.0,0.0,0,0,
38488064,현대,투싼 (NX4),가솔린 1.6 터보 4WD,인스퍼레이션,202309.0,2023,3430.0,30176.0,가솔린,오토,ORIGINAL,일반,2025-03-19 23:37:02.000 +09,부산,바론카,211누9122,1,0,0,66.534,0.0,0,0,
38913288,현대,투싼 ix,디젤 2WD LX20,럭셔리,200912.0,2010,550.0,116512.0,디젤,오토,ORIGINAL,일반,2025-03-19 23:36:09.000 +09,경기,(주)대성모터스,68부3867,2,1,5,118.679,168.236,0,0,
38452246,현대,올 뉴 투싼,디젤 2.0 2WD,모던,201812.0,2019,1690.0,91702.0,디젤,오토,ORIGINAL,일반,2025-03-19 23:36:09.000 +09,대구,튼튼모터스,130저5468,4,1,3,289.2389,19.0,1,0,
39255105,현대,투싼 (NX4),가솔린 1.6 터보 2WD,모던,202106.0,2021,1680.0,104177.0,가솔린,오토,ORIGINAL,일반,2025-03-19 23:36:09.000 +09,충남,하이오토,107가2440,0,1,1,0.0,25.0,1,0,
38956576,현대,투싼 (NX4),디젤 2.0 2WD,프리미엄,202012.0,2021,2190.0,71700.0,디젤,오토,ORIGINAL,일반,2025-03-19 23:36:03.000 +09,경기,카리브 모터스,338저4332,0,0,1,0.0,0.0,1,0,
39238003,현대,투싼 하이브리드 (NX4),인스퍼레이션 2WD,,202012.0,2021,2650.0,56890.0,가솔린+전기,오토,ORIGINAL,일반,2025-03-19 23:36:03.000 +09,인천,신신상사 주식회사,164너6092,2,0,1,188.1127,0.0,0,0,
38895645,현대,올 뉴 투싼,디젤 2.0 2WD,모던,201811.0,2019,1630.0,87931.0,디젤,오토,ORIGINAL,일반,2025-03-19 23:36:03.000 +09,인천,원스탑모터스 주식회사,14노5971,1,0,1,55.619,0.0,0,0,
38883780,현대,올 뉴 투싼,디젤 1.7 2WD,모던,201801.0,2018,1170.0,103758.0,디젤,오토,ORIGINAL,일반,2025-03-19 23:35:12.000 +09,경기,차투차,38가3026,0,1,3,0.0,119.661,0,0,
38699521,현대,올 뉴 투싼,디젤 2.0 2WD,모던,201607.0,2017,1360.0,108933.0,디젤,오토,ORIGINAL,일반,2025-03-19 23:35:04.000 +09,인천,중원모터스,18모0370,3,1,1,108.0264,83.5044,0,0,
38698539,현대,투싼 (NX4),가솔린 1.6 터보 2WD,인스퍼레이션,202011.0,2021,2490.0,46811.0,가솔린,오토,ORIGINAL,일반,2025-03-19 23:35:04.000 +09,경기,(주)달인중고차,199버5550,1,0,1,30.814,0.0,1,0,
39212637,현대,투싼 하이브리드 (NX4),인스퍼레이션 2WD,,202103.0,2021,2990.0,37066.0,가솔린+전기,오토,ORIGINAL,일반,2025-03-19 23:35:04.000 +09,대구,미남자동차,103다2597,0,0,2,0.0,0.0,1,0,
38518728,현대,뉴 투싼 ix,디젤(e-VGT) 2WD,스마트 스페셜,201407.0,2015,699.0,99546.0,디젤,오토,ORIGINAL,일반,2025-03-19 23:35:04.000 +09,대전,서해모터스,22다1518,3,2,2,654.192,271.467,0,0,
39073680,현대,투싼 하이브리드 (NX4),N Line 2WD,인스퍼레이션,202301.0,2023,3350.0,6708.0,가솔린+전기,오토,ORIGINAL,일반,2025-03-19 23:35:04.000 +09,서울,(주)아이오토스,228소7327,0,0,0,0.0,0.0,0,0,
39069847,현대,올 뉴 투싼,디젤 1.7 2WD,모던 피버,201701.0,2017,1170.0,101257.0,디젤,오토,ORIGINAL,일반,2025-03-19 23:35:04.000 +09,광주,믿음모터스,27루7474,2,7,4,196.8694,633.3438,0,0,
39232130,현대,투싼 (NX4),가솔린 1.6 터보 2WD,인스퍼레이션,202204.0,2022,9999.0,7708.0,가솔린,오토,ORIGINAL,일반,2025-03-19 23:35:04.000 +09,서울,오토플러스(주),317루2531,0,0,1,0.0,0.0,1,0,
39172946,현대,투싼 (NX4),가솔린 1.6 터보 2WD,인스퍼레이션,202103.0,2021,2520.0,56926.0,가솔린,오토,ORIGINAL,일반,2025-03-19 23:35:04.000 +09,경기,정도자동차,167부1236,1,0,0,82.1409,0.0,0,0,
38855712,현대,투싼 (NX4),디젤 2.0 2WD,프리미엄,202209.0,2023,2720.0,9005.0,디젤,오토,ORIGINAL,일반,2025-03-19 23:35:04.000 +09,경기,오토모빌,215마7560,1,0,1,75.5125,0.0,0,0,
38930784,현대,투싼 (NX4),가솔린 1.6 터보 2WD,인스퍼레이션,202111.0,2021,2680.0,60849.0,가솔린,오토,ORIGINAL,일반,2025-03-19 23:34:09.000 +09,서울,뮤카(주) 가양지점,248구2943,0,0,1,0.0,0.0,1,0,
39223554,현대,올 뉴 투싼,디젤 2.0 2WD,모던,201503.0,2016,1170.0,121692.0,디젤,오토,ORIGINAL,일반,2025-03-19 23:34:09.000 +09,대전,안모터스,51거2452,4,0,1,144.7539,0.0,0,0,
38654449,현대,투싼 (NX4),가솔린 1.6 터보 2WD,인스퍼레이션,202209.0,2023,2870.0,13657.0,가솔린,오토,ORIGINAL,일반,2025-03-19 23:34:09.000 +09,서울,(주)아이오토스,125러8560,0,0,0,0.0,0.0,0,0,
36960082,현대,더 뉴 투싼 하이브리드 (NX4),HEV 1.6 2WD,모던,202401.0,2024,3550.0,3073.0,가솔린+전기,오토,ORIGINAL,일반,2025-03-19 23:34:02.000 +09,부산,바론카,281저8462,0,0,1,0.0,0.0,0,0,
38728841,현대,올 뉴 투싼,디젤 2.0 2WD,스마트,201804.0,2018,1850.0,39636.0,디젤,오토,ORIGINAL,일반,2025-03-19 23:34:02.000 +09,경남,마이카3,216노4596,2,0,2,112.0929,0.0,1,0,
39165865,현대,투싼 (NX4),디젤 2.0 2WD,인스퍼레이션,202204.0,2022,2670.0,50825.0,디젤,오토,ORIGINAL,일반,2025-03-19 23:34:02.000 +09,경기,뉴한길모터스,333거5655,4,1,1,250.6268,0.0,0,0,
39137342,현대,올 뉴 투싼,디젤 2.0 2WD,모던,201912.0,2020,1770.0,40571.0,디젤,오토,ORIGINAL,일반,2025-03-19 23:34:02.000 +09,경기,라온모터스,154무3987,2,3,1,257.3707,853.4893,0,0,
39105570,현대,투싼 (NX4),가솔린 1.6 터보 2WD,인스퍼레이션,202105.0,2021,2499.0,65713.0,가솔린,오토,ORIGINAL,일반,2025-03-19 23:34:02.000 +09,경기,(주)왕카,344저1992,2,1,2,392.6091,1193.76,0,0,
38816508,현대,투싼 (NX4),가솔린 1.6 터보 2WD,인스퍼레이션,202303.0,2023,2880.0,13091.0,가솔린,오토,ORIGINAL,일반,2025-03-19 23:34:02.000 +09,경기,오토플러스(주),236더7410,0,0,1,0.0,0.0,0,0,
39081513,현대,올 뉴 투싼,디젤 2.0 4WD,프리미엄,201711.0,2018,1710.0,104002.0,디젤,오토,ORIGINAL,일반,2025-03-19 23:34:02.000 +09,경기,(주)좋은차,60오2158,0,0,1,0.0,0.0,0,0,
39072851,현대,올 뉴 투싼,디젤 2.0 2WD,모던,201601.0,2016,1230.0,110642.0,디젤,오토,ORIGINAL,일반,2025-03-19 23:34:02.000 +09,경기,쏘니모터스,51러0584,0,0,2,0.0,0.0,0,0,
39174701,현대,올 뉴 투싼,디젤 2.0 4WD,모던,201603.0,2016,2222.0,185920.0,디젤,오토,ORIGINAL,일반,2025-03-19 23:34:02.000 +09,경기,(주)오토웨이,23소0218,6,3,0,429.1284,304.5846,0,0,
38978394,현대,올 뉴 투싼,가솔린 1.6 터보 2WD,모던,201909.0,2019,2030.0,48163.0,가솔린,오토,ORIGINAL,일반,2025-03-19 23:34:02.000 +09,경기,의정부오토갤러리,275거1584,0,0,1,0.0,0.0,0,0,
39263932,현대,투싼 (NX4),가솔린 1.6 터보 2WD,모던,202107.0,2021,1880.0,100530.0,가솔린,오토,ORIGINAL,일반,2025-03-19 23:34:02.000 +09,인천,차봇모빌리티(주),170모2372,0,6,2,0.0,621.8643,2,0,
38980929,현대,투싼 (NX4),가솔린 1.6 터보 2WD,모던,202101.0,2021,1980.0,88510.0,가솔린,오토,ORIGINAL,일반,2025-03-19 23:33:31.000 +09,경기,무결점카모터스,197머1786,0,0,1,0.0,0.0,1,0,
39216620,현대,올 뉴 투싼,디젤 2.0 2WD,모던,201803.0,2018,1430.0,110660.0,디젤,오토,ORIGINAL,일반,2025-03-19 23:33:19.000 +09,부산,w모터스,17도5463,1,1,1,97.576,106.6889,0,0,
39088417,현대,투싼 (NX4),가솔린 1.6 터보 2WD,인스퍼레이션,202212.0,2023,2999.0,61670.0,가솔린,오토,ORIGINAL,일반,2025-03-19 23:33:19.000 +09,부산,w모터스,124모8156,0,0,0,0.0,0.0,0,0,
38961340,현대,더 뉴 투싼 하이브리드 (NX4),HEV 1.6 2WD,모던,202403.0,2024,3520.0,15998.0,가솔린+전기,오토,ORIGINAL,일반,2025-03-19 23:33:10.000 +09,경기,에쓰아이모터스,220부8467,1,0,0,43.591,0.0,0,0,
38570290,현대,올 뉴 투싼,디젤 2.0 2WD,프리미엄,201806.0,2018,1750.0,59362.0,디젤,오토,ORIGINAL,일반,2025-03-19 23:33:10.000 +09,부산,주식회사 주안모터스,42보5805,3,2,1,308.5679,642.86,0,0,
39140668,현대,투싼 (NX4),가솔린 1.6 터보 2WD,인스퍼레이션,202311.0,2023,2980.0,11758.0,가솔린,오토,ORIGINAL,일반,2025-03-19 23:33:10.000 +09,서울,(주) 오토네이션,138모8907,0,0,1,0.0,0.0,1,0,
39220391,현대,올 뉴 투싼,디젤 2.0 2WD,모던,201802.0,2018,1690.0,88200.0,디젤,오토,ORIGINAL,일반,2025-03-19 23:33:10.000 +09,대구,대구셀카중고차,09부4358,1,0,2,33.408,0.0,0,0,
38625432,현대,올 뉴 투싼,디젤 1.7 2WD,스타일,201509.0,2016,1050.0,109724.0,디젤,오토,ORIGINAL,일반,2025-03-19 23:33:10.000 +09,경기,경기모터스,48다0765,1,0,4,51.3723,0.0,0,0,
39248805,현대,투싼 (NX4),가솔린 1.6 터보 2WD,인스퍼레이션,202208.0,2023,3050.0,40288.0,가솔린,오토,ORIGINAL,일반,2025-03-19 23:33:02.000 +09,인천,오토플러스(주),234어7955,0,0,1,0.0,0.0,0,0,
39109146,현대,뉴 투싼 ix,디젤(e-VGT) 2WD,스마트 스페셜,201308.0,2014,680.0,175007.0,디젤,오토,ORIGINAL,일반,2025-03-19 23:33:02.000 +09,인천,(주) 진모터스,29너6675,4,2,3,323.529,229.9398,0,0,
39221977,현대,올 뉴 투싼,디젤 1.7 2WD,모던,201704.0,2017,1580.0,54112.0,디젤,오토,ORIGINAL,일반,2025-03-19 23:33:02.000 +09,경기,디에스모터스,02더3147,1,0,3,29.0923,0.0,0,0,
39240571,현대,올 뉴 투싼,디젤 1.6 2WD,스마트,202007.0,2020,1510.0,90192.0,디젤,오토,ORIGINAL,일반,2025-03-19 23:33:02.000 +09,경기,롯데렌탈주식회사,212마9816,1,0,0,253.8478,0.0,1,0,
38936212,현대,뉴 투싼 ix,디젤(e-VGT) 4WD,모던,201306.0,2014,1100.0,57945.0,디젤,오토,ORIGINAL,일반,2025-03-19 23:33:02.000 +09,서울,에스에이치모터스,57주9465,0,1,2,0.0,45.036,0,0,
38911184,현대,올 뉴 투싼,가솔린 1.6 터보 4WD,스마트,202006.0,2020,1690.0,72958.0,가솔린,오토,ORIGINAL,일반,2025-03-19 23:33:02.000 +09,인천,뉴정우모터스,157구8011,2,1,1,998.1977,93.5185,0,0,
38941724,현대,투싼 하이브리드 (NX4),인스퍼레이션 2WD,,202101.0,2021,2690.0,76451.0,가솔린+전기,오토,ORIGINAL,일반,2025-03-19 23:33:02.000 +09,인천,왕성자동차매매상사,399루1758,0,0,1,0.0,0.0,0,0,
38783052,현대,올 뉴 투싼,디젤 2.0 2WD,모던,201810.0,2019,1859.0,46752.0,디젤,오토,ORIGINAL,일반,2025-03-19 23:33:02.000 +09,충남,올바른자동차,02루9859,3,2,0,278.9546,211.2323,0,0,
38775393,현대,올 뉴 투싼,디젤 1.7 2WD,프리미엄,201612.0,2017,1170.0,146599.0,디젤,오토,ORIGINAL,일반,2025-03-19 23:33:02.000 +09,대구,스마트자동차상사,61고4542,0,2,4,0.0,0.0,0,0,
39159341,현대,올 뉴 투싼,디젤 2.0 2WD,모던,201901.0,2019,1828.0,83338.0,디젤,오토,ORIGINAL,일반,2025-03-19 23:32:31.000 +09,대구,다인모터스,05러2383,2,4,1,228.2986,407.726,0,0,
39251722,현대,투싼 하이브리드 (NX4),N Line 2WD,인스퍼레이션,202302.0,2023,3450.0,33102.0,가솔린+전기,오토,ORIGINAL,일반,2025-03-19 23:32:08.000 +09,경기,(주)준모터스,324무1365,0,0,1,0.0,0.0,0,0,
39205897,현대,올 뉴 투싼,디젤 1.7 2WD,모던,201802.0,2018,1500.0,70300.0,디젤,오토,ORIGINAL,일반,2025-03-19 23:32:08.000 +09,경기,오토플러스(주),45너6714,0,1,0,0.0,28.761,0,0,
38868682,현대,투싼 하이브리드 (NX4),인스퍼레이션 2WD,,202301.0,2023,3230.0,25258.0,가솔린+전기,오토,ORIGINAL,일반,2025-03-19 23:32:02.000 +09,대구,M모터스,370더9648,0,0,0,0.0,0.0,0,0,
38765100,현대,올 뉴 투싼,디젤 1.7 2WD,모던 피버,201610.0,2017,1150.0,89593.0,디젤,오토,ORIGINAL,일반,2025-03-19 23:32:02.000 +09,인천,카몽,64두0199,3,2,4,290.7833,159.9911,0,0,
39152530,현대,투싼 하이브리드 (NX4),인스퍼레이션 2WD,,202012.0,2021,3099.0,63475.0,가솔린+전기,오토,ORIGINAL,일반,2025-03-19 23:32:02.000 +09,서울,로얄모터스,133두3117,0,0,1,0.0,0.0,0,0,
39099040,현대,올 뉴 투싼,가솔린 1.6 터보 2WD,스타일 피버,201609.0,2017,1280.0,79930.0,가솔린,오토,ORIGINAL,일반,2025-03-19 23:32:02.000 +09,인천,주식회사 제이제이오토컴퍼니,59버0595,1,2,1,418.198,220.406,0,0,
39227654,현대,올 뉴 투싼,디젤 2.0 2WD,모던,201908.0,2019,1930.0,56035.0,디젤,오토,ORIGINAL,일반,2025-03-19 23:32:02.000 +09,경기,백제모터스,18버8429,1,0,1,144.988,0.0,0,0,
39076447,현대,투싼 ix,디젤 2WD LX20,럭셔리,201109.0,2012,570.0,107885.0,디젤,오토,ORIGINAL,일반,2025-03-19 23:32:02.000 +09,인천,왕성자동차매매상사,50어7575,2,0,1,67.901,0.0,0,0,
39151257,현대,투싼 (NX4),가솔린 1.6 터보 2WD,인스퍼레이션,202303.0,2023,2820.0,36914.0,가솔린,오토,ORIGINAL,일반,2025-03-19 23:32:02.000 +09,경기,정도자동차,253어7137,0,0,0,0.0,0.0,0,0,
39255552,현대,올 뉴 투싼,가솔린 1.6 터보 2WD,모던 피버,201701.0,2017,1700.0,60219.0,가솔린,오토,ORIGINAL,일반,2025-03-19 23:32:02.000 +09,인천,우정모터스,05소9351,0,0,1,0.0,0.0,0,0,
39253715,현대,투싼 (NX4),가솔린 1.6 터보 2WD,인스퍼레이션,202202.0,2022,2670.0,73172.0,가솔린,오토,ORIGINAL,일반,2025-03-19 23:32:02.000 +09,서울,뮤카 주식회사,109주2642,0,1,1,0.0,48.8445,1,0,
39247570,현대,올 뉴 투싼,디젤 1.7 2WD,모던,201510.0,2016,1150.0,90333.0,디젤,오토,ORIGINAL,일반,2025-03-19 23:32:02.000 +09,인천,용일상사,55마0958,1,0,2,84.1219,0.0,0,0,
39239262,현대,투싼 (NX4),가솔린 1.6 터보 2WD,인스퍼레이션,202102.0,2021,2460.0,89354.0,가솔린,오토,ORIGINAL,일반,2025-03-19 23:32:02.000 +09,부산,오토플러스(주),172거9873,1,1,2,44.814,36.283,0,0,
39237238,현대,올 뉴 투싼,디젤 1.7 2WD,모던,201710.0,2018,1370.0,63317.0,디젤,오토,ORIGINAL,일반,2025-03-19 23:31:30.000 +09,경기,다온자동차,06서7199,0,2,1,0.0,97.6427,0,0,
38807937,현대,올 뉴 투싼,가솔린 1.6 터보 2WD,프리미엄,201910.0,2019,1750.0,74402.0,가솔린,오토,ORIGINAL,일반,2025-03-19 23:31:27.000 +09,경기,퍼스트다이렉트안산점,229두8684,4,2,1,624.4779,361.7096,0,0,
39113864,현대,투싼 ix,디젤 2WD X20,스패셜 팩,201209.0,2013,580.0,111932.0,디젤,오토,ORIGINAL,일반,2025-03-19 23:31:10.000 +09,부산,(주)오토라인모터스,32도4424,5,3,1,503.7456,219.71,0,0,
38880579,현대,올 뉴 투싼,디젤 1.7 2WD,모던,201601.0,2016,1080.0,100074.0,디젤,오토,ORIGINAL,일반,2025-03-19 23:31:10.000 +09,경기,(주)좋은차,54버0595,2,0,1,73.3678,0.0,0,0,
38118649,현대,투싼 하이브리드 (NX4),N Line 2WD,인스퍼레이션,202208.0,2023,3399.0,23747.0,가솔린+전기,오토,ORIGINAL,일반,2025-03-19 23:31:10.000 +09,부산,착한중고차,182라5524,0,0,1,0.0,0.0,0,0,
38424613,현대,올 뉴 투싼,디젤 2.0 2WD,모던,201711.0,2018,1430.0,111587.0,디젤,오토,ORIGINAL,일반,2025-03-19 23:31:02.000 +09,서울,퍼스트오토,43나6798,4,1,1,263.5336,159.27,0,0,
38578192,현대,투싼 하이브리드 (NX4),프리미엄 2WD,,202108.0,2021,2770.0,39770.0,가솔린+전기,오토,ORIGINAL,일반,2025-03-19 23:31:02.000 +09,충남,DS오토(주),382저1943,0,0,0,0.0,0.0,0,0,
39232060,현대,올 뉴 투싼,디젤 2.0 2WD,프리미엄,201811.0,2019,1900.0,99749.0,디젤,오토,ORIGINAL,일반,2025-03-19 23:31:02.000 +09,경기,에이치모터스,35고1764,4,2,1,381.2208,288.238,0,0,
39207612,현대,투싼 (NX4),가솔린 1.6 터보 2WD,프리미엄,202102.0,2021,9999.0,74066.0,가솔린,오토,ORIGINAL,일반,2025-03-19 23:31:02.000 +09,서울,뮤카 주식회사,251소8324,0,0,1,0.0,0.0,1,0,
39057023,현대,올 뉴 투싼,디젤 2.0 2WD,모던,201903.0,2019,1615.0,77084.0,디젤,오토,ORIGINAL,일반,2025-03-19 23:31:02.000 +09,경남,붕붕모터스,104우6190,1,0,2,1064.315,0.0,1,0,
38777162,현대,투싼 ix,디젤 2WD X20,럭셔리,201107.0,2012,9999.0,120472.0,디젤,오토,ORIGINAL,일반,2025-03-19 23:30:44.000 +09,경기,중고차마트,54너8307,2,3,1,106.0976,205.4619,0,0,
39269997,현대,올 뉴 투싼,가솔린 1.6 터보 2WD,인스퍼레이션,202009.0,2020,2150.0,32749.0,가솔린,오토,ORIGINAL,일반,2025-03-19 23:30:33.000 +09,경기,카스토어,357구3758,0,0,0,0.0,0.0,0,0,
39268644,현대,올 뉴 투싼,가솔린 1.6 터보 2WD,스마트,202003.0,2020,2130.0,25216.0,가솔린,오토,ORIGINAL,일반,2025-03-19 23:30:12.000 +09,경기,오토플러스(주),373보8403,0,0,0,0.0,0.0,0,0,
39255332,현대,투싼 하이브리드 (NX4),모던 2WD,,202205.0,2022,2290.0,69917.0,가솔린+전기,오토,ORIGINAL,일반,2025-03-19 23:30:12.000 +09,경기,아인모터스,178머9012,2,0,0,413.0356,0.0,0,0,
39224797,현대,투싼 (NX4),디젤 2.0 2WD,모던,202101.0,2021,2210.0,47356.0,디젤,오토,ORIGINAL,일반,2025-03-19 23:30:12.000 +09,경기,엠케이모터스,360무9432,0,1,1,0.0,230.4148,0,0,
39099901,현대,투싼 하이브리드 (NX4),인스퍼레이션 2WD,,202301.0,2023,3350.0,23081.0,가솔린+전기,오토,ORIGINAL,일반,2025-03-19 23:30:12.000 +09,서울,(주)아이오토스,322나3615,0,0,0,0.0,0.0,0,0,
39109289,현대,더 뉴 투싼 하이브리드 (NX4),HEV 1.6 2WD,프리미엄,202409.0,2024,3370.0,24154.0,가솔린+전기,오토,ORIGINAL,일반,2025-03-19 23:30:04.000 +09,광주,삼덕상사,257오6947,0,0,0,0.0,0.0,0,0,
37384825,현대,올 뉴 투싼,디젤 2.0 2WD,모던,202003.0,2020,1560.0,93400.0,디젤,오토,ORIGINAL,일반,2025-03-19 23:30:04.000 +09,경기,차차모터스,234너6054,0,1,1,0.0,40.5849,1,0,
37908380,현대,올 뉴 투싼,가솔린 1.6 터보 4WD,모던,201911.0,2020,1790.0,97294.0,가솔린,오토,ORIGINAL,일반,2025-03-19 23:30:04.000 +09,경기,선인모터스,308도8780,1,0,1,341.1794,0.0,0,0,
39229675,현대,올 뉴 투싼,디젤 2.0 2WD,스타일 스페셜,201706.0,2017,1090.0,161744.0,디젤,오토,ORIGINAL,일반,2025-03-19 23:30:04.000 +09,경기,올카모터스,301어1413,0,0,2,0.0,0.0,1,0,
38872050,현대,투싼 (NX4),가솔린 1.6 터보 2WD,인스퍼레이션,202212.0,2023,2799.0,25031.0,가솔린,오토,ORIGINAL,일반,2025-03-19 23:30:04.000 +09,서울,(주)산다모터스,123무8068,0,0,1,0.0,0.0,0,0,
39002037,현대,투싼 (NX4),가솔린 1.6 터보 2WD,인스퍼레이션,202012.0,2021,2750.0,55261.0,가솔린,오토,ORIGINAL,일반,2025-03-19 23:29:10.000 +09,대구,프라임모터스대표,101오5464,0,0,0,0.0,0.0,0,0,
38927669,현대,올 뉴 투싼,디젤 1.7 2WD,모던,201504.0,2016,960.0,125229.0,디젤,오토,ORIGINAL,일반,2025-03-19 23:29:10.000 +09,경기,카카오토,11고2133,0,1,1,0.0,44.7078,0,0,
38464874,현대,올 뉴 투싼,디젤 1.7 2WD,모던 피버,201606.0,2017,1150.0,86922.0,디젤,오토,ORIGINAL,일반,2025-03-19 23:29:10.000 +09,서울,(주)에스유카,42고0145,4,7,3,217.1154,599.2737,0,0,
38872081,현대,올 뉴 투싼,디젤 2.0 2WD,스타일,201709.0,2018,1250.0,88085.0,디젤,오토,ORIGINAL,일반,2025-03-19 23:29:10.000 +09,서울,더쿨모터스,285무9433,2,0,3,254.7816,0.0,1,0,
39201277,현대,투싼 하이브리드 (NX4),인스퍼레이션 2WD,,202303.0,2023,3580.0,18313.0,가솔린+전기,오토,ORIGINAL,일반,2025-03-19 23:29:02.000 +09,서울,주)아이오토스,252로6757,0,0,0,0.0,0.0,0,0,
39211418,현대,투싼 (NX4),가솔린 1.6 터보 2WD,인스퍼레이션,202303.0,2023,3050.0,23846.0,가솔린,오토,ORIGINAL,일반,2025-03-19 23:29:02.000 +09,서울,(주)아이오토스,209라7857,0,0,0,0.0,0.0,0,0,
39245984,현대,투싼 하이브리드 (NX4),인스퍼레이션 2WD,,202303.0,2023,3400.0,24222.0,가솔린+전기,오토,ORIGINAL,일반,2025-03-19 23:29:02.000 +09,대구,엠케어모터스,252로6752,0,0,1,0.0,0.0,0,0,
39159305,현대,투싼 ix,디젤 2WD X20,디럭스,201009.0,2011,439.0,185043.0,디젤,오토,ORIGINAL,일반,2025-03-19 23:29:02.000 +09,서울,(주) 하이오토,27부2798,7,4,3,565.115,473.185,0,0,
39024935,현대,올 뉴 투싼,디젤 1.6 2WD,스마트,201912.0,2020,1240.0,132216.0,디젤,오토,ORIGINAL,일반,2025-03-19 23:29:02.000 +09,경기,워너비카,311너2759,1,1,1,131.3283,143.7674,1,0,
39024741,현대,투싼 ix,디젤 2WD LX20,럭셔리,200911.0,2010,430.0,177537.0,디젤,오토,ORIGINAL,일반,2025-03-19 23:29:02.000 +09,인천,왕성자동차매매상사,43도3497,2,2,4,2511.5143,120.1625,1,0,
38987607,현대,올 뉴 투싼,디젤 2.0 4WD,프리미엄,201504.0,2016,1590.0,83656.0,디젤,오토,ORIGINAL,일반,2025-03-19 23:29:02.000 +09,경기,킹카,67어3108,1,0,4,112.411,0.0,0,0,
39073902,현대,더 뉴 투싼 (NX4),가솔린 1.6 터보 2WD,프리미엄,202411.0,2024,3190.0,4946.0,가솔린,오토,ORIGINAL,일반,2025-03-19 23:29:02.000 +09,서울,(주)아이오토스,252구3966,0,0,0,0.0,0.0,0,0,
39261438,현대,더 뉴 투싼 하이브리드 (NX4),HEV 1.6 2WD,인스퍼레이션,202412.0,2025,3990.0,6123.0,가솔린+전기,오토,ORIGINAL,일반,2025-03-19 23:28:11.000 +09,서울,(주)UCS(더오토),356서3366,0,0,0,0.0,0.0,0,0,
39189525,현대,올 뉴 투싼,디젤 1.7 2WD,모던,201510.0,2016,890.0,180744.0,디젤,오토,ORIGINAL,일반,2025-03-19 23:28:11.000 +09,인천,주식회사 제이제이오토컴퍼니,67무0618,4,3,3,470.2953,231.0432,0,0,
39120763,현대,올 뉴 투싼,디젤 2.0 2WD,모던,201601.0,2016,1670.0,61612.0,디젤,오토,ORIGINAL,일반,2025-03-19 23:28:11.000 +09,경기,오토모빌,33어0883,1,1,0,57.9746,50.681,0,0,
39066810,현대,올 뉴 투싼,디젤 1.6 2WD,프리미엄,201810.0,2019,1570.0,88062.0,디젤,오토,ORIGINAL,일반,2025-03-19 23:28:11.000 +09,인천,왕성자동차매매상사,01수2881,2,0,0,340.7,0.0,0,0,
35933198,현대,투싼 (NX4),디젤 2.0 4WD,모던,202102.0,2021,2500.0,18655.0,디젤,오토,ORIGINAL,일반,2025-03-19 23:28:11.000 +09,경기,(주)쓰리노,245머2376,0,2,1,0.0,170.2564,1,0,
37899422,현대,투싼 하이브리드 (NX4),인스퍼레이션 2WD,,202012.0,2021,9999.0,109952.0,가솔린+전기,오토,ORIGINAL,일반,2025-03-19 23:28:11.000 +09,인천,(주)시우자동차,327머8069,3,0,1,241.8019,0.0,0,0,
38784485,현대,투싼 (NX4),가솔린 1.6 터보 4WD,인스퍼레이션,202302.0,2023,2900.0,47164.0,가솔린,오토,ORIGINAL,일반,2025-03-19 23:28:11.000 +09,인천,(주)국민상사,231머3963,2,2,1,266.9469,85.7198,0,0,
37784515,현대,올 뉴 투싼,디젤 1.6 2WD,모던,201904.0,2019,1520.0,110175.0,디젤,오토,ORIGINAL,일반,2025-03-19 23:28:02.000 +09,경기,(주)시온자동차,17조6581,0,0,1,0.0,0.0,0,0,
39094722,현대,올 뉴 투싼,디젤 1.7 2WD,프리미엄,201806.0,2018,1240.0,148704.0,디젤,오토,ORIGINAL,일반,2025-03-19 23:28:02.000 +09,인천,황소모터스,31도6010,0,0,0,0.0,0.0,0,0,
39034695,현대,올 뉴 투싼,디젤 2.0 2WD,인스퍼레이션,202005.0,2020,1820.0,139454.0,디젤,오토,ORIGINAL,일반,2025-03-19 23:28:02.000 +09,경기,제로모터스,124다1022,4,1,1,559.9649,190.966,0,0,
39029177,현대,올 뉴 투싼,가솔린 1.6 터보 2WD,모던,201901.0,2019,1689.0,61545.0,가솔린,오토,ORIGINAL,일반,2025-03-19 23:28:02.000 +09,충남,JH모터스,42조2141,5,4,1,298.2623,674.4846,0,0,
38644029,현대,올 뉴 투싼,가솔린 1.6 터보 2WD,모던,201703.0,2017,1680.0,79457.0,가솔린,오토,ORIGINAL,일반,2025-03-19 23:28:02.000 +09,경기,월드모터스,48노1166,2,0,3,84.2482,0.0,0,0,
39210553,현대,더 뉴 투싼 (NX4),가솔린 1.6 터보 4WD,모던,202406.0,2024,2950.0,6659.0,가솔린,오토,ORIGINAL,일반,2025-03-19 23:28:02.000 +09,광주,오토플러스(주),227오3921,0,0,1,0.0,0.0,1,0,
39235316,현대,올 뉴 투싼,디젤 2.0 2WD,모던,201504.0,2016,1250.0,96905.0,디젤,오토,ORIGINAL,일반,2025-03-19 23:28:02.000 +09,인천,주식회사 제이제이오토컴퍼니,62라7899,6,2,1,866.478,797.5909,0,0,
39027003,현대,올 뉴 투싼,디젤 1.6 2WD,프리미엄,201811.0,2019,1290.0,147925.0,디젤,오토,ORIGINAL,일반,2025-03-19 23:27:13.000 +09,경기,스카이모터스,04소4881,0,0,0,0.0,0.0,0,0,
37840119,현대,올 뉴 투싼,가솔린 1.6 터보 2WD,모던 피버,201607.0,2017,1550.0,80485.0,가솔린,오토,ORIGINAL,일반,2025-03-19 23:27:10.000 +09,서울,(주)카스토어,18무0104,1,1,3,125.794,29.761,0,0,
39075466,현대,투싼 (NX4),가솔린 1.6 터보 2WD,프리미엄,202301.0,2023,2800.0,17594.0,가솔린,오토,ORIGINAL,일반,2025-03-19 23:27:10.000 +09,대구,엠케어모터스,278어5542,0,0,1,0.0,0.0,0,0,
39194424,현대,올 뉴 투싼,가솔린 1.6 터보 2WD,스마트,201806.0,2018,1630.0,69278.0,가솔린,오토,ORIGINAL,일반,2025-03-19 23:27:10.000 +09,경기,라온모터스,53주4904,0,0,1,0.0,0.0,0,0,
39222888,현대,투싼 하이브리드 (NX4),인스퍼레이션 2WD,,202301.0,2023,3430.0,18711.0,가솔린+전기,오토,ORIGINAL,일반,2025-03-19 23:27:02.000 +09,대전,태양자동차(주),122서4851,0,0,1,0.0,0.0,1,0,
39170448,현대,뉴 투싼 ix,디젤(e-VGT) 2WD,스마트 스페셜,201407.0,2015,720.0,155738.0,디젤,오토,ORIGINAL,일반,2025-03-19 23:27:02.000 +09,경기,두산모터스,12라9689,0,0,2,0.0,0.0,0,0,
39100575,현대,올 뉴 투싼,디젤 2.0 2WD,스타일,201504.0,2016,990.0,163612.0,디젤,오토,ORIGINAL,일반,2025-03-19 23:27:02.000 +09,광주,광주상사,19다7486,3,2,2,296.3606,304.5497,0,0,
39211921,현대,투싼 (NX4),가솔린 1.6 터보 2WD,인스퍼레이션,202203.0,2022,2670.0,50409.0,가솔린,오토,ORIGINAL,일반,2025-03-19 23:27:02.000 +09,경기,주)엘케이모터스,214소9174,0,0,1,0.0,0.0,1,0,
38056321,현대,투싼 하이브리드 (NX4),인스퍼레이션 2WD,,202106.0,2021,2820.0,67290.0,가솔린+전기,오토,ORIGINAL,일반,2025-03-19 23:27:02.000 +09,경기,(주)에스비즈,101무3817,1,0,0,74.0529,0.0,0,0,
39061107,현대,올 뉴 투싼,가솔린 1.6 터보 2WD,모던,202008.0,2020,2170.0,19756.0,가솔린,오토,ORIGINAL,일반,2025-03-19 23:27:02.000 +09,경기,오토플러스(주),266너5237,0,1,1,0.0,97.2469,0,0,
39141572,현대,투싼 하이브리드 (NX4),인스퍼레이션 2WD,,202011.0,2021,3020.0,51980.0,가솔린+전기,오토,ORIGINAL,일반,2025-03-19 23:27:02.000 +09,부산,오토플러스(주),242고3082,0,0,0,0.0,0.0,0,0,
38425074,현대,올 뉴 투싼,가솔린 1.6 터보 2WD,프리미엄,201810.0,2019,2040.0,48422.0,가솔린,오토,ORIGINAL,일반,2025-03-19 23:27:02.000 +09,인천,에이치투모터스,54로4983,0,0,2,0.0,0.0,0,0,
39031331,현대,투싼 하이브리드 (NX4),인스퍼레이션 2WD,,202101.0,2021,2550.0,74018.0,가솔린+전기,오토,ORIGINAL,일반,2025-03-19 23:27:02.000 +09,경기,카리브모터스,242우8693,1,1,1,51.5439,168.6894,1,0,
38781470,현대,뉴 투싼 ix,디젤(e-VGT) 4WD,스마트,201411.0,2015,9999.0,129443.0,디젤,오토,ORIGINAL,일반,2025-03-19 23:27:02.000 +09,경기,SI모터스,67서8671,1,0,7,54.686,0.0,0,0,
39264933,현대,뉴 투싼 ix,디젤(e-VGT) 2WD,스마트 스페셜,201409.0,2015,890.0,99977.0,디젤,오토,ORIGINAL,일반,2025-03-19 23:26:23.000 +09,부산,감만자동차매매단지,69저9864,1,1,1,75.8996,29.926,0,0,
38993915,현대,올 뉴 투싼,가솔린 1.6 터보 4WD,얼티밋 에디션,201810.0,2018,1990.0,90672.0,가솔린,오토,ORIGINAL,일반,2025-03-19 23:26:10.000 +09,대구,M모터스,21주5922,2,0,0,126.5371,0.0,0,0,
38868107,현대,투싼 (NX4),가솔린 1.6 터보 2WD,인스퍼레이션,202109.0,2022,2470.0,68003.0,가솔린,오토,ORIGINAL,일반,2025-03-19 23:26:10.000 +09,서울,(주)카웨이,226주7455,1,1,1,159.6099,72.9314,0,0,
37863175,현대,올 뉴 투싼,디젤 2.0 2WD,모던,201507.0,2016,1499.0,47919.0,디젤,오토,ORIGINAL,일반,2025-03-19 23:26:10.000 +09,경기,로또자동차,11저5946,2,0,1,54.442,0.0,0,0,
38247659,현대,올 뉴 투싼,디젤 2.0 4WD,모던,201905.0,2019,1620.0,89255.0,디젤,오토,ORIGINAL,일반,2025-03-19 23:26:10.000 +09,인천,세림자동차,235수3921,0,0,1,0.0,0.0,1,0,
38856077,현대,투싼 (NX4),가솔린 1.6 터보 2WD,모던,202101.0,2021,1880.0,74105.0,가솔린,오토,ORIGINAL,일반,2025-03-19 23:26:10.000 +09,인천,(주)시우자동차,213소9901,0,0,2,0.0,0.0,1,0,
38764499,현대,올 뉴 투싼,디젤 1.7 2WD,스타일,201510.0,2016,970.0,179993.0,디젤,오토,ORIGINAL,일반,2025-03-19 23:26:10.000 +09,경기,중고차A팀,31소6612,1,0,5,132.6616,0.0,1,0,
38588055,현대,올 뉴 투싼,디젤 1.7 2WD,모던 피버,201604.0,2017,9999.0,129636.0,디젤,오토,ORIGINAL,일반,2025-03-19 23:26:02.000 +09,인천,타워모터스,20로0633,2,1,4,167.2659,190.4439,0,0,
39192414,현대,올 뉴 투싼,가솔린 1.6 터보 2WD,모던,201804.0,2018,1870.0,46922.0,가솔린,오토,ORIGINAL,일반,2025-03-19 23:26:02.000 +09,서울,CSM,07나6916,0,0,0,0.0,0.0,0,0,
39250572,현대,투싼 (NX4),가솔린 1.6 터보 2WD,인스퍼레이션,202307.0,2023,2830.0,34982.0,가솔린,오토,ORIGINAL,일반,2025-03-19 23:26:02.000 +09,경기,정도자동차,147가6600,0,0,0,0.0,0.0,0,0,
38912350,현대,올 뉴 투싼,디젤 2.0 2WD,얼티밋 에디션,201809.0,2019,2050.0,106722.0,디젤,오토,ORIGINAL,일반,2025-03-19 23:26:02.000 +09,대구,트러스트 오토모빌,31너2870,1,1,1,43.1744,47.716,0,0,
38944526,현대,더 뉴 투싼 (NX4),디젤 2.0 4WD,모던,202403.0,2024,2850.0,24673.0,디젤,오토,ORIGINAL,일반,2025-03-19 23:25:10.000 +09,경기,(주)왕카,167소4273,0,0,1,0.0,0.0,1,0,
39165052,현대,투싼 ix,디젤 2WD LX20,럭셔리,201010.0,2011,780.0,31504.0,디젤,오토,ORIGINAL,일반,2025-03-19 23:25:10.000 +09,서울,뉴카뱅크,51서9532,1,0,2,74.8564,0.0,0,0,
39019594,현대,더 뉴 투싼 (NX4),가솔린 1.6 터보 2WD,프리미엄,202406.0,2024,2650.0,36617.0,가솔린,오토,ORIGINAL,일반,2025-03-19 23:25:10.000 +09,경기,뉴한길모터스,196보8580,3,2,0,616.6196,567.8708,0,0,
39032121,현대,투싼 (NX4),가솔린 1.6 터보 2WD,인스퍼레이션,202302.0,2023,2950.0,13995.0,가솔린,오토,ORIGINAL,일반,2025-03-19 23:25:10.000 +09,서울,(주)아이오토스,398무8636,1,0,0,52.0334,0.0,0,0,
38922193,현대,올 뉴 투싼,가솔린 1.6 터보 2WD,프리미엄,201805.0,2018,2120.0,11742.0,가솔린,오토,ORIGINAL,일반,2025-03-19 23:25:10.000 +09,서울,비전 모터스,07도3427,0,0,0,0.0,0.0,0,0,
38931879,현대,투싼 하이브리드 (NX4),인스퍼레이션 2WD,,202110.0,2022,2690.0,69484.0,가솔린+전기,오토,ORIGINAL,일반,2025-03-19 23:25:10.000 +09,경기,㈜오토핸즈,158로2092,6,2,0,600.6461,311.5179,0,0,
39114708,현대,투싼 (NX4),가솔린 1.6 터보 2WD,프리미엄,202208.0,2022,2690.0,27442.0,가솔린,오토,ORIGINAL,일반,2025-03-19 23:25:10.000 +09,경기,기능장중고차,176부3518,0,0,0,0.0,0.0,1,0,
39126821,현대,투싼 (NX4),가솔린 1.6 터보 2WD,인스퍼레이션,202312.0,2023,2799.0,33562.0,가솔린,오토,ORIGINAL,일반,2025-03-19 23:25:10.000 +09,서울,한길유씨에스,343누2584,0,0,1,0.0,0.0,0,0,
39089477,현대,투싼 하이브리드 (NX4),인스퍼레이션 2WD,,202302.0,2023,3050.0,24083.0,가솔린+전기,오토,ORIGINAL,일반,2025-03-19 23:25:10.000 +09,대구,대한종합자동차상사,206저7808,1,2,0,26.184,216.0759,0,0,
39210603,현대,더 뉴 투싼 (NX4),가솔린 1.6 터보 4WD,N Line 인스퍼레이션,202405.0,2024,4050.0,13941.0,가솔린,오토,ORIGINAL,일반,2025-03-19 23:25:03.000 +09,인천,주식회사 하이카모터스,299거6438,0,0,0,0.0,0.0,0,0,
39259789,현대,올 뉴 투싼,디젤 2.0 2WD,모던,201504.0,2016,1500.0,73032.0,디젤,오토,ORIGINAL,일반,2025-03-19 23:25:03.000 +09,인천,뉴AK모터스,59마8143,3,1,2,281.847,527.8,0,0,
39065238,현대,올 뉴 투싼,디젤 1.7 2WD,모던,201511.0,2016,1111.0,174385.0,디젤,오토,ORIGINAL,일반,2025-03-19 23:25:03.000 +09,경기,(주)오토웨이,51우0408,3,3,2,767.188,107.5692,0,0,
39045389,현대,투싼 하이브리드 (NX4),프리미엄 4WD,,202309.0,2023,2920.0,32854.0,가솔린+전기,오토,ORIGINAL,일반,2025-03-19 23:25:03.000 +09,부산,오토플러스(주),321버2042,0,0,1,0.0,0.0,1,0,
38842683,현대,투싼 하이브리드 (NX4),인스퍼레이션 2WD,,202112.0,2022,2760.0,58557.0,가솔린+전기,오토,ORIGINAL,일반,2025-03-19 23:25:03.000 +09,서울,뮤카(주) 가양지점,111가1804,0,1,1,0.0,115.2586,1,0,
39166531,현대,투싼 (NX4),디젤 2.0 4WD,인스퍼레이션,202302.0,2023,3000.0,55148.0,디젤,오토,ORIGINAL,일반,2025-03-19 23:25:03.000 +09,충남,(주)한길자동차,397버3633,0,0,1,0.0,0.0,0,0,
39160648,현대,투싼 하이브리드 (NX4),인스퍼레이션 2WD,,202101.0,2021,3040.0,29882.0,가솔린+전기,오토,ORIGINAL,일반,2025-03-19 23:25:03.000 +09,부산,오토플러스(주),367서9831,1,1,1,76.5079,136.0,0,0,
39267183,현대,투싼 (NX4),가솔린 1.6 터보 2WD,인스퍼레이션,202103.0,2021,3050.0,52630.0,가솔린,오토,ORIGINAL,일반,2025-03-19 23:25:03.000 +09,경기,(주)준모터스,349로9996,0,0,0,0.0,0.0,0,0,
39132322,현대,투싼 (NX4),가솔린 1.6 터보 2WD,인스퍼레이션,202302.0,2023,2860.0,9993.0,가솔린,오토,ORIGINAL,일반,2025-03-19 23:24:13.000 +09,서울,(주)에이아이카,270오2195,2,1,0,83.59,131.524,0,0,
39224564,현대,투싼 (NX4),디젤 2.0 2WD,모던,202101.0,2021,2190.0,68021.0,디젤,오토,ORIGINAL,일반,2025-03-19 23:24:13.000 +09,경기,엠케이모터스,224부1901,0,0,2,0.0,0.0,1,0,
39199867,현대,올 뉴 투싼,디젤 1.7 2WD,스타일,201607.0,2017,790.0,176042.0,디젤,오토,ORIGINAL,일반,2025-03-19 23:24:13.000 +09,서울,(주)조은오토,257노5908,0,0,3,0.0,0.0,1,0,
39112129,현대,올 뉴 투싼,가솔린 1.6 터보 2WD,스마트,202005.0,2020,2030.0,33587.0,가솔린,오토,ORIGINAL,일반,2025-03-19 23:24:13.000 +09,경기,(주)라온자동차,104라2853,0,0,0,0.0,0.0,0,0,
38995218,현대,올 뉴 투싼,디젤 2.0 4WD,모던,201912.0,2020,1450.0,34037.0,디젤,오토,ORIGINAL,일반,2025-03-19 23:24:13.000 +09,경기,오토메이트,143거9808,0,4,0,0.0,0.0,0,0,
38535352,현대,투싼 하이브리드 (NX4),인스퍼레이션 2WD,,202104.0,2021,2860.0,39870.0,가솔린+전기,오토,ORIGINAL,일반,2025-03-19 23:24:03.000 +09,충북,구구상사 주식회사,308구3719,2,1,1,327.7733,18.54,0,0,
39092940,현대,투싼 하이브리드 (NX4),인스퍼레이션 2WD,,202109.0,2022,2490.0,95054.0,가솔린+전기,오토,ORIGINAL,일반,2025-03-19 23:24:03.000 +09,서울,주식회사 이엑스오토,141우6366,4,2,2,1314.4525,183.43,0,0,
39100028,현대,올 뉴 투싼,디젤 2.0 2WD,모던,201811.0,2019,1500.0,132009.0,디젤,오토,ORIGINAL,일반,2025-03-19 23:24:03.000 +09,인천,주식회사 시우자동차2,18누5495,1,1,1,66.7229,106.1209,0,0,
38577856,현대,올 뉴 투싼,디젤 2.0 2WD,모던,201704.0,2017,1250.0,89147.0,디젤,오토,ORIGINAL,일반,2025-03-19 23:24:03.000 +09,경기,월드모터스,59도4913,2,0,3,264.5929,0.0,0,0,
38787512,현대,올 뉴 투싼,디젤 1.7 2WD,모던 피버,201605.0,2017,1450.0,86976.0,디젤,오토,ORIGINAL,일반,2025-03-19 23:24:03.000 +09,대구,J모터스,11루0554,1,0,1,115.608,0.0,0,0,
39180440,현대,올 뉴 투싼,디젤 2.0 2WD,모던,201609.0,2017,1360.0,123961.0,디젤,오토,ORIGINAL,일반,2025-03-19 23:24:03.000 +09,경기,브라더모터스,24수0370,0,1,1,0.0,54.0082,0,0,
39108147,현대,투싼 ix,디젤 2WD X20,럭셔리,201104.0,2012,520.0,153531.0,디젤,오토,ORIGINAL,일반,2025-03-19 23:24:03.000 +09,서울,(주)제이스모터스,28우8966,2,2,2,173.1976,143.7138,0,0,
39223993,현대,투싼 (NX4),가솔린 1.6 터보 2WD,모던,202106.0,2021,1880.0,117434.0,가솔린,오토,ORIGINAL,일반,2025-03-19 23:24:03.000 +09,충남,sb모터스,349고1492,2,3,2,250.6239,268.6686,1,0,
39183512,현대,투싼 (NX4),가솔린 1.6 터보 2WD,인스퍼레이션,202012.0,2021,2190.0,47000.0,가솔린,오토,ORIGINAL,일반,2025-03-19 23:23:53.000 +09,경기,인연모터스,107머2208,3,1,0,611.8351,50.1599,0,0,
39104967,현대,뉴 투싼 ix,디젤(e-VGT) 2WD,모던,201306.0,2014,760.0,139401.0,디젤,오토,ORIGINAL,일반,2025-03-19 23:23:13.000 +09,경기,바른딜러,100노3570,2,0,1,92.5428,0.0,1,0,
38692276,현대,투싼 ix,디젤 2WD X20,스마트,201301.0,2013,730.0,142578.0,디젤,오토,ORIGINAL,일반,2025-03-19 23:23:13.000 +09,광주,신한길모터스,35무7819,2,6,4,195.4343,1521.8056,0,0,
39040248,현대,올 뉴 투싼,디젤 2.0 2WD,모던,201608.0,2017,1170.0,67958.0,디젤,오토,ORIGINAL,일반,2025-03-19 23:23:13.000 +09,경기,블루오토,59부0159,1,3,0,606.5378,534.5582,0,0,
39245153,현대,올 뉴 투싼,디젤 1.6 2WD,스마트,202001.0,2020,1650.0,79378.0,디젤,오토,ORIGINAL,일반,2025-03-19 23:23:13.000 +09,경기,울트라모터스,226더9817,0,0,1,0.0,0.0,1,0,
39139589,현대,올 뉴 투싼,디젤 2.0 2WD,모던,201603.0,2016,960.0,157303.0,디젤,오토,ORIGINAL,일반,2025-03-19 23:23:13.000 +09,경기,(주)카베이,42모0754,1,1,1,96.216,95.787,0,0,
39194836,현대,투싼 (NX4),가솔린 1.6 터보 2WD,모던,202106.0,2021,2060.0,88468.0,가솔린,오토,ORIGINAL,일반,2025-03-19 23:23:05.000 +09,인천,코리아모터스,108로5091,0,0,2,0.0,0.0,2,0,
37857748,현대,올 뉴 투싼,가솔린 1.6 터보 2WD,프리미엄,201802.0,2018,1900.0,55272.0,가솔린,오토,ORIGINAL,일반,2025-03-19 23:23:05.000 +09,경기,양주 케이 모터스,378라6950,1,0,2,63.952,0.0,1,0,
38835291,현대,올 뉴 투싼,디젤 2.0 2WD,모던,201806.0,2018,1370.0,120825.0,디젤,오토,ORIGINAL,일반,2025-03-19 23:23:05.000 +09,경기,주)엘케이모터스,225마3220,3,1,2,299.1315,105.4739,1,0,
39072477,현대,올 뉴 투싼,디젤 2.0 2WD,스마트,202002.0,2020,1530.0,90973.0,디젤,오토,ORIGINAL,일반,2025-03-19 23:23:05.000 +09,대전,안모터스,296로8354,0,0,1,0.0,0.0,1,0,
39243380,현대,투싼 하이브리드 (NX4),인스퍼레이션 2WD,,202103.0,2021,3150.0,41354.0,가솔린+전기,오토,ORIGINAL,일반,2025-03-19 23:23:05.000 +09,경기,오토플러스(주),187모4901,0,0,1,0.0,0.0,0,0,
39232370,현대,더 뉴 투싼 (NX4),가솔린 1.6 터보 4WD,인스퍼레이션,202406.0,2024,3790.0,7361.0,가솔린,오토,ORIGINAL,일반,2025-03-19 23:23:05.000 +09,부산,(주)강변모터스,209너3718,1,0,0,58.709,0.0,0,0,
39233476,현대,투싼 (NX4),가솔린 1.6 터보 2WD,인스퍼레이션,202012.0,2021,2150.0,91700.0,가솔린,오토,ORIGINAL,일반,2025-03-19 23:23:05.000 +09,경기,브로드카,104도3876,2,2,1,660.5315,56.5319,0,0,
39164629,현대,올 뉴 투싼,디젤 1.6 2WD,모던,202003.0,2020,1620.0,92893.0,디젤,오토,ORIGINAL,일반,2025-03-19 23:23:05.000 +09,경기,(주)유로모터스,266보1937,2,0,3,92.623,0.0,0,0,
39254648,현대,투싼 (NX4),가솔린 1.6 터보 2WD,인스퍼레이션,202209.0,2023,2570.0,47750.0,가솔린,오토,ORIGINAL,일반,2025-03-19 23:23:05.000 +09,경기,블루오토,155서9947,0,0,0,0.0,0.0,0,0,
39157841,현대,올 뉴 투싼,디젤 2.0 2WD,스마트,201806.0,2018,1320.0,99573.0,디젤,오토,ORIGINAL,일반,2025-03-19 23:23:05.000 +09,인천,조은자동차매매상사,338가2458,0,0,3,0.0,0.0,1,0,
38615289,현대,투싼 (NX4),디젤 2.0 4WD,프리미엄,202106.0,2021,2199.0,98256.0,디젤,오토,ORIGINAL,일반,2025-03-19 23:22:55.000 +09,경기,두드림자동차,174부2768,0,0,1,0.0,0.0,1,0,
38991608,현대,올 뉴 투싼,디젤 2.0 2WD,모던,201801.0,2018,1620.0,60849.0,디젤,오토,ORIGINAL,일반,2025-03-19 23:22:46.000 +09,서울,(주)광현,46거3339,1,0,3,102.319,0.0,0,0,
38944520,현대,투싼 ix,디젤 2WD X20,럭셔리,201109.0,2012,700.0,63992.0,디젤,오토,ORIGINAL,일반,2025-03-19 23:22:11.000 +09,경기,뉴월드모터스,13소9613,1,2,1,173.897,668.187,0,0,
39200749,현대,올 뉴 투싼,디젤 2.0 2WD,모던,202002.0,2020,1790.0,54642.0,디젤,오토,ORIGINAL,일반,2025-03-19 23:22:11.000 +09,경기,사과나무자동차,111나2295,0,1,0,0.0,40.286,0,0,
39193857,현대,투싼 (NX4),디젤 2.0 2WD,프리미엄,202202.0,2022,2399.0,62949.0,디젤,오토,ORIGINAL,일반,2025-03-19 23:22:11.000 +09,충남,신세계자동차,252두2374,0,0,1,0.0,0.0,1,0,
38970519,현대,올 뉴 투싼,디젤 2.0 2WD,모던,201711.0,2018,1590.0,69367.0,디젤,오토,ORIGINAL,일반,2025-03-19 23:22:11.000 +09,대구,우리자동차상사,59부7323,2,1,1,167.4166,80.0248,0,0,
38690565,현대,올 뉴 투싼,디젤 1.7 2WD,모던,201512.0,2016,1000.0,109598.0,디젤,오토,ORIGINAL,일반,2025-03-19 23:22:11.000 +09,전북,자동차마을,48더0244,2,3,1,192.4667,332.9665,0,0,
38434083,현대,더 뉴 투싼 하이브리드 (NX4),HEV 1.6 2WD,프리미엄,202402.0,2024,3180.0,7863.0,가솔린+전기,오토,ORIGINAL,일반,2025-03-19 23:22:11.000 +09,인천,와이비모터스,283오2134,0,0,2,0.0,0.0,0,0,
39266097,현대,올 뉴 투싼,디젤 1.7 2WD,모던 피버,201607.0,2017,1030.0,152615.0,디젤,오토,ORIGINAL,일반,2025-03-19 23:22:11.000 +09,인천,왕성자동차매매상사,242조1052,3,0,4,718.659,0.0,1,0,
37907011,현대,올 뉴 투싼,디젤 2.0 2WD,스마트,201803.0,2018,1380.0,73086.0,디젤,오토,ORIGINAL,일반,2025-03-19 23:22:03.000 +09,서울,(주)천재모터스,09모3719,3,2,1,172.3688,77.031,0,0,
39140166,현대,투싼 하이브리드 (NX4),인스퍼레이션 2WD,,202301.0,2023,3310.0,7666.0,가솔린+전기,오토,ORIGINAL,일반,2025-03-19 23:22:03.000 +09,경기,벧엘자동차2,372러3550,0,0,0,0.0,0.0,0,0,
39238096,현대,뉴 투싼 ix,디젤(e-VGT) 2WD,스마트 스페셜,201310.0,2014,850.0,125615.0,디젤,오토,ORIGINAL,일반,2025-03-19 23:22:03.000 +09,경기,(주)KM모터스,55무6157,1,1,5,12.383,54.415,0,0,
39045502,현대,투싼 (NX4),가솔린 1.6 터보 2WD,모던,202106.0,2021,1980.0,73557.0,가솔린,오토,ORIGINAL,일반,2025-03-19 23:22:03.000 +09,경기,주식회사김포오토파크,256어6216,0,4,2,0.0,252.1971,1,0,
38958029,현대,올 뉴 투싼,가솔린 1.6 터보 2WD,스타일 피버,201605.0,2017,1290.0,89277.0,가솔린,오토,ORIGINAL,일반,2025-03-19 23:22:03.000 +09,부산,카프로,13가0991,2,4,2,908.1483,1590.102,0,0,
38980601,현대,올 뉴 투싼,디젤 2.0 2WD,모던,201601.0,2016,3333.0,171147.0,디젤,오토,ORIGINAL,일반,2025-03-19 23:22:03.000 +09,인천,카마스터,33로0709,6,6,1,661.873,1210.552,0,0,
38863231,현대,올 뉴 투싼,디젤 1.7 2WD,모던,201601.0,2016,1138.0,85614.0,디젤,오토,ORIGINAL,일반,2025-03-19 23:22:03.000 +09,인천,모터바겐,16저0562,1,0,3,47.7532,0.0,0,0,
38723742,현대,투싼 (NX4),가솔린 1.6 터보 2WD,인스퍼레이션,202011.0,2021,2450.0,55578.0,가솔린,오토,ORIGINAL,일반,2025-03-19 23:22:03.000 +09,경기,제로 모터스,378루5079,1,1,1,41.6,129.2729,0,0,
39170836,현대,투싼 하이브리드 (NX4),인스퍼레이션 2WD,,202206.0,2022,3250.0,18629.0,가솔린+전기,오토,ORIGINAL,일반,2025-03-19 23:22:03.000 +09,부산,태성모터스,258버9273,0,0,0,0.0,0.0,0,0,
39225430,현대,올 뉴 투싼,디젤 1.7 2WD,스타일,201507.0,2016,890.0,157774.0,디젤,오토,ORIGINAL,일반,2025-03-19 23:21:38.000 +09,대전,(주)정모터스,11부4871,3,2,1,243.6103,236.559,0,0,
39258810,현대,올 뉴 투싼,디젤 2.0 2WD,모던,201511.0,2016,1270.0,124574.0,디젤,오토,ORIGINAL,일반,2025-03-19 23:21:38.000 +09,대전,(주)정모터스,41마1694,0,0,2,0.0,0.0,1,0,
39110830,현대,투싼 (NX4),가솔린 1.6 터보 2WD,모던,202301.0,2023,2540.0,19598.0,가솔린,오토,ORIGINAL,일반,2025-03-19 23:21:15.000 +09,부산,주식회사 왓카,166도8890,0,1,0,0.0,333.0213,0,0,
39014125,현대,투싼 (NX4),가솔린 1.6 터보 2WD,인스퍼레이션,202303.0,2023,3090.0,8986.0,가솔린,오토,ORIGINAL,일반,2025-03-19 23:21:14.000 +09,경기,월드모터스,135조1132,0,0,0,0.0,0.0,0,0,
38893447,현대,올 뉴 투싼,디젤 2.0 2WD,모던,201810.0,2019,1490.0,85094.0,디젤,오토,ORIGINAL,일반,2025-03-19 23:21:14.000 +09,대구,청구모터스,191라7074,3,0,1,300.4608,0.0,1,0,
39255171,현대,뉴 투싼 ix,가솔린 2.0 GDI 2WD,모던,201308.0,2014,890.0,52728.0,가솔린,오토,ORIGINAL,일반,2025-03-19 23:21:14.000 +09,경기,드림모터스,15저7028,4,4,0,231.3023,350.773,0,0,
39243692,현대,투싼 하이브리드 (NX4),인스퍼레이션 2WD,,202012.0,2021,2990.0,48871.0,가솔린+전기,오토,ORIGINAL,일반,2025-03-19 23:21:14.000 +09,인천,원스탑모터스 주식회사,150서6891,0,0,3,0.0,0.0,1,0,
38455270,현대,올 뉴 투싼,디젤 2.0 2WD,스마트,201809.0,2019,1549.0,62785.0,디젤,오토,ORIGINAL,일반,2025-03-19 23:21:14.000 +09,인천,하이카모터스,260누8283,1,0,1,84.869,0.0,1,0,
38687576,현대,올 뉴 투싼,디젤 2.0 2WD,스마트,201706.0,2018,1250.0,92904.0,디젤,오토,ORIGINAL,일반,2025-03-19 23:21:05.000 +09,전북,은혜모터스,163우1201,3,0,3,229.7633,0.0,1,0,
37996871,현대,투싼 (NX4),가솔린 1.6 터보 2WD,인스퍼레이션,202103.0,2021,2630.0,35988.0,가솔린,오토,ORIGINAL,일반,2025-03-19 23:21:05.000 +09,인천,(주)시우자동차,127도8114,3,1,1,361.5406,164.8905,0,0,
39086850,현대,올 뉴 투싼,가솔린 1.6 터보 2WD,프리미엄,201809.0,2019,1938.0,47695.0,가솔린,오토,ORIGINAL,일반,2025-03-19 23:21:05.000 +09,서울,원일자동차(주),36보6884,0,0,1,0.0,0.0,0,0,
39108174,현대,올 뉴 투싼,디젤 1.7 2WD,스타일 피버,201704.0,2017,1490.0,55027.0,디젤,오토,ORIGINAL,일반,2025-03-19 23:21:05.000 +09,서울,(주)파인모터스,394오2198,0,0,3,0.0,0.0,1,0,
39236594,현대,투싼 (NX4),디젤 2.0 2WD,프리미엄,202105.0,2021,2390.0,50363.0,디젤,오토,ORIGINAL,일반,2025-03-19 23:21:05.000 +09,서울,새롬모터스,127무6457,1,0,2,91.587,0.0,1,0,
38540911,현대,투싼 (NX4),가솔린 1.6 터보 2WD,프리미엄,202306.0,2023,2699.0,15743.0,가솔린,오토,ORIGINAL,일반,2025-03-19 23:20:24.000 +09,대전,제이더블유,107거1640,1,0,0,113.545,0.0,0,0,
37772531,현대,투싼 (NX4),디젤 2.0 2WD,모던,202102.0,2021,1920.0,61513.0,디젤,오토,ORIGINAL,일반,2025-03-19 23:20:12.000 +09,인천,조이모터스,256너4693,2,0,1,486.4239,0.0,1,0,
39124134,현대,더 뉴 투싼 하이브리드 (NX4),HEV 1.6 2WD,인스퍼레이션,202412.0,2025,4090.0,1447.0,가솔린+전기,오토,ORIGINAL,일반,2025-03-19 23:20:12.000 +09,경기,월드모터스,192어1521,0,0,0,0.0,0.0,0,0,
38909584,현대,올 뉴 투싼,디젤 2.0 2WD,모던,201601.0,2016,1290.0,128577.0,디젤,오토,ORIGINAL,일반,2025-03-19 23:20:12.000 +09,대구,한마음모터스,56고0712,1,3,0,228.139,738.998,0,0,
38876542,현대,올 뉴 투싼,가솔린 1.6 터보 2WD,모던,201901.0,2019,1520.0,61515.0,가솔린,오토,ORIGINAL,일반,2025-03-19 23:20:12.000 +09,경기,블루오토,62다1108,1,0,2,380.0303,0.0,1,0,
38868840,현대,올 뉴 투싼,디젤 2.0 2WD,모던,201507.0,2016,1075.0,109921.0,디젤,오토,ORIGINAL,일반,2025-03-19 23:20:12.000 +09,충남,달인상사,63조3361,2,1,7,118.3508,113.8149,1,0,
38606623,현대,투싼 (NX4),가솔린 1.6 터보 2WD,인스퍼레이션,202303.0,2023,2870.0,11568.0,가솔린,오토,ORIGINAL,일반,2025-03-19 23:20:12.000 +09,서울,(주)아이오토스,157다2663,0,0,0,0.0,0.0,0,0,
39220246,현대,뉴 투싼 ix,디젤(e-VGT) 2WD,스마트 스페셜,201310.0,2014,760.0,113746.0,디젤,오토,ORIGINAL,일반,2025-03-19 23:20:12.000 +09,인천,에스와이오토,27노6001,0,1,2,0.0,54.26,0,0,
39179646,현대,투싼 (NX4),디젤 2.0 4WD,인스퍼레이션,202103.0,2021,2720.0,99296.0,디젤,오토,ORIGINAL,일반,2025-03-19 23:20:12.000 +09,경기,주식회사 현대상사,142로4378,0,2,1,0.0,314.9014,1,0,
39150523,현대,투싼 하이브리드 (NX4),프리미엄 2WD,,202102.0,2021,2620.0,56778.0,가솔린+전기,오토,ORIGINAL,일반,2025-03-19 23:20:03.000 +09,인천,카담파트너스,150서6856,0,1,2,0.0,455.813,1,0,
39035126,현대,올 뉴 투싼,디젤 2.0 4WD,모던,201902.0,2019,1790.0,70067.0,디젤,오토,ORIGINAL,일반,2025-03-19 23:20:03.000 +09,서울,주식회사 다인모터스,68조6950,0,1,0,0.0,37.2617,0,0,
39006675,현대,투싼 (NX4),가솔린 1.6 터보 2WD,인스퍼레이션,202206.0,2022,2790.0,37029.0,가솔린,오토,ORIGINAL,일반,2025-03-19 23:20:03.000 +09,서울,(주)아이오토스,309거8016,0,0,0,0.0,0.0,0,0,
39162255,현대,올 뉴 투싼,가솔린 1.6 터보 2WD,모던,201912.0,2020,2170.0,49559.0,가솔린,오토,ORIGINAL,일반,2025-03-19 23:20:03.000 +09,서울,에이스모터스,168로2842,1,0,1,0.0,0.0,0,0,
39201204,현대,올 뉴 투싼,디젤 1.7 2WD,모던,201704.0,2017,1250.0,85941.0,디젤,오토,ORIGINAL,일반,2025-03-19 23:20:03.000 +09,부산,오토플러스(주),10고3060,1,0,1,45.5797,0.0,0,0,
39112208,현대,올 뉴 투싼,디젤 1.7 2WD,모던,201512.0,2016,1100.0,94817.0,디젤,오토,ORIGINAL,일반,2025-03-19 23:20:03.000 +09,경기,쏘니모터스,32러0105,1,0,1,40.9028,0.0,0,0,
39008494,현대,뉴 투싼 ix,디젤(e-VGT) 2WD,스마트 스페셜,201408.0,2015,870.0,96590.0,디젤,오토,ORIGINAL,일반,2025-03-19 23:19:18.000 +09,대전,디오토몰 로마자동차,36무4573,1,1,2,16.19,55.97,0,0,
39177374,현대,투싼 (NX4),가솔린 1.6 터보 2WD,인스퍼레이션,202101.0,2021,2750.0,47040.0,가솔린,오토,ORIGINAL,일반,2025-03-19 23:19:12.000 +09,서울,뮤카(주) 가양지점,197나7831,2,0,1,217.2438,0.0,1,0,
38966307,현대,올 뉴 투싼,디젤 2.0 2WD,모던 스페셜,201605.0,2017,1469.0,94022.0,디젤,오토,ORIGINAL,일반,2025-03-19 23:19:12.000 +09,충남,다온모터스,36누0816,2,2,2,327.2676,163.8258,0,0,
38957969,현대,올 뉴 투싼,디젤 2.0 2WD,스마트,201712.0,2018,1230.0,114290.0,디젤,오토,ORIGINAL,일반,2025-03-19 23:19:02.000 +09,충남,세종중고차,65보1927,1,1,2,49.9169,78.0554,0,0,
39228990,현대,올 뉴 투싼,디젤 2.0 2WD,모던,201807.0,2018,1330.0,158724.0,디젤,오토,ORIGINAL,일반,2025-03-19 23:19:02.000 +09,충남,지에스카넷,48다3989,1,1,1,186.349,133.5711,0,0,
39225370,현대,투싼 (NX4),가솔린 1.6 터보 2WD,인스퍼레이션,202304.0,2023,2960.0,28530.0,가솔린,오토,ORIGINAL,일반,2025-03-19 23:19:02.000 +09,경기,정도자동차,360로9171,0,1,0,0.0,57.316,0,0,
38603563,현대,투싼 하이브리드 (NX4),프리미엄 2WD,,202011.0,2021,2299.0,98293.0,가솔린+전기,오토,ORIGINAL,일반,2025-03-19 23:19:02.000 +09,경기,(주)왕카,237소8180,1,0,2,120.2469,0.0,1,0,
39057963,현대,더 뉴 투싼 하이브리드 (NX4),HEV 1.6 2WD,인스퍼레이션,202502.0,2025,3790.0,57.0,가솔린+전기,오토,ORIGINAL,일반,2025-03-19 23:19:02.000 +09,경기,제로모터스,244가9150,0,0,0,0.0,0.0,0,0,
39033024,현대,뉴 투싼 ix,수소(Fuel Cell) 2WD,,201604.0,2016,850.0,94416.0,수소,오토,ORIGINAL,일반,2025-03-19 23:18:33.000 +09,부산,(주)브로모터스,36마3603,0,1,2,0.0,67.2242,1,0,
39178729,현대,투싼 (NX4),가솔린 1.6 터보 2WD,인스퍼레이션,202201.0,2022,9999.0,29117.0,가솔린,오토,ORIGINAL,일반,2025-03-19 23:18:19.000 +09,전북,(주)유카,110노7693,0,0,2,0.0,0.0,0,0,
38855854,현대,올 뉴 투싼,디젤 2.0 2WD,인스퍼레이션,202002.0,2020,1930.0,82793.0,디젤,오토,ORIGINAL,일반,2025-03-19 23:18:19.000 +09,인천,(주)에이엠지모터스,123다1803,2,1,4,270.6198,132.7454,0,0,
38142136,현대,올 뉴 투싼,디젤 1.7 2WD,모던 피버,201609.0,2017,1170.0,91238.0,디젤,오토,ORIGINAL,일반,2025-03-19 23:18:19.000 +09,충북,더챔,68버0438,1,2,1,100.13,140.021,0,0,
39110101,현대,올 뉴 투싼,가솔린 1.6 터보 2WD,얼티밋 에디션,201812.0,2019,1877.0,67331.0,가솔린,오토,ORIGINAL,일반,2025-03-19 23:18:19.000 +09,대구,대구모터스,13더6236,1,2,1,57.8818,349.5731,0,0,
39008537,현대,투싼 (NX4),가솔린 1.6 터보 2WD,인스퍼레이션,202105.0,2021,2190.0,57759.0,가솔린,오토,ORIGINAL,일반,2025-03-19 23:18:19.000 +09,경기,위드카,367노1068,3,2,2,1328.4757,659.3549,0,0,
39190902,현대,투싼 (NX4),가솔린 1.6 터보 2WD,인스퍼레이션,202303.0,2023,3010.0,18770.0,가솔린,오토,ORIGINAL,일반,2025-03-19 23:18:19.000 +09,경기,정도자동차,209라7859,0,0,0,0.0,0.0,0,0,
38733582,현대,올 뉴 투싼,디젤 2.0 2WD,인스퍼레이션,201911.0,2020,2170.0,51090.0,디젤,오토,ORIGINAL,일반,2025-03-19 23:18:18.000 +09,광주,(유)홍카모터스,163조2823,3,5,0,377.5754,420.1514,0,0,
38528929,현대,올 뉴 투싼,디젤 2.0 2WD,모던,201711.0,2018,1590.0,50396.0,디젤,오토,ORIGINAL,일반,2025-03-19 23:18:12.000 +09,경기,위카모빌리티,48너1128,0,0,1,0.0,0.0,0,0,
37828728,현대,올 뉴 투싼,가솔린 1.6 터보 2WD,모던,201810.0,2019,1750.0,82111.0,가솔린,오토,ORIGINAL,일반,2025-03-19 23:18:12.000 +09,경기,(주)카넷,57거2946,2,0,2,60.1527,0.0,0,0,
38841161,현대,투싼 하이브리드 (NX4),인스퍼레이션 2WD,,202011.0,2021,2850.0,49477.0,가솔린+전기,오토,ORIGINAL,일반,2025-03-19 23:18:12.000 +09,대구,지우모터스,281노1858,1,0,0,64.8929,0.0,0,0,
39160838,현대,투싼 (NX4),가솔린 1.6 터보 4WD,인스퍼레이션,202205.0,2022,2700.0,107473.0,가솔린,오토,ORIGINAL,일반,2025-03-19 23:18:12.000 +09,서울,(주)더 오토,209주9260,0,0,1,0.0,0.0,0,0,
39158752,현대,올 뉴 투싼,디젤 2.0 2WD,얼티밋 에디션,201811.0,2019,1550.0,79385.0,디젤,오토,ORIGINAL,일반,2025-03-19 23:18:12.000 +09,인천,우민모터스,234도4775,1,0,2,1001.2861,0.0,1,0,
39002645,현대,투싼 (NX4),가솔린 1.6 터보 2WD,프리미엄,202304.0,2023,2740.0,17376.0,가솔린,오토,ORIGINAL,일반,2025-03-19 23:18:12.000 +09,경기,위드카,150러2029,1,0,0,143.2401,0.0,0,0,
39119741,현대,투싼 (NX4),가솔린 1.6 터보 2WD,인스퍼레이션,202302.0,2023,2780.0,27431.0,가솔린,오토,ORIGINAL,일반,2025-03-19 23:18:12.000 +09,대구,갤러리모터스,130모4897,2,2,0,647.984,362.731,0,0,
39118413,현대,투싼 하이브리드 (NX4),인스퍼레이션 2WD,,202302.0,2023,3390.0,10450.0,가솔린+전기,오토,ORIGINAL,일반,2025-03-19 23:18:12.000 +09,서울,(주)아이오토마스터,174오7198,0,0,0,0.0,0.0,0,0,
38939883,현대,올 뉴 투싼,가솔린 1.6 터보 2WD,모던,201709.0,2018,1759.0,45951.0,가솔린,오토,ORIGINAL,일반,2025-03-19 23:17:12.000 +09,대구,프라임모터스대표,36어7223,1,0,0,32.0263,0.0,0,0,
37303493,현대,올 뉴 투싼,디젤 2.0 2WD,프리미엄,201705.0,2018,1590.0,15309.0,디젤,오토,ORIGINAL,일반,2025-03-19 23:17:12.000 +09,경기,지니어스BAY,63소5322,1,2,2,857.1901,194.1626,0,0,
38368735,현대,올 뉴 투싼,디젤 2.0 2WD,스마트,201708.0,2018,1190.0,99264.0,디젤,오토,ORIGINAL,일반,2025-03-19 23:17:12.000 +09,경기,차투차,61노1082,2,0,1,109.2624,0.0,0,0,
38095824,현대,투싼 (NX4),가솔린 1.6 터보 2WD,프리미엄,202305.0,2023,3100.0,9010.0,가솔린,오토,ORIGINAL,일반,2025-03-19 23:17:05.000 +09,광주,포인트모터스,232러9241,0,0,1,0.0,0.0,1,0,
36446088,현대,올 뉴 투싼,디젤 1.6 2WD,모던,201909.0,2019,1480.0,105275.0,디젤,오토,ORIGINAL,일반,2025-03-19 23:17:05.000 +09,광주,포인트모터스,245주9846,0,0,1,0.0,0.0,1,0,
37786275,현대,올 뉴 투싼,디젤 2.0 4WD,스마트,201709.0,2018,1390.0,109140.0,디젤,오토,ORIGINAL,일반,2025-03-19 23:17:05.000 +09,광주,포인트모터스,338어1419,1,1,3,147.982,823.17,1,0,
38357357,현대,올 뉴 투싼,디젤 1.7 2WD,모던,201505.0,2016,1050.0,112681.0,디젤,오토,ORIGINAL,일반,2025-03-19 23:17:02.000 +09,충남,국보자동차매매상사,11우6400,1,2,2,122.436,104.136,0,0,
39209874,현대,올 뉴 투싼,디젤 2.0 2WD,모던,201711.0,2018,1720.0,34496.0,디젤,오토,ORIGINAL,일반,2025-03-19 23:17:02.000 +09,서울,(주)카웨이,05조4403,0,0,1,0.0,0.0,0,0,
39173756,현대,투싼 (NX4),가솔린 1.6 터보 2WD,인스퍼레이션,202301.0,2023,2960.0,24280.0,가솔린,오토,ORIGINAL,일반,2025-03-19 23:17:02.000 +09,경기,(주)정도자동차,144가8207,0,0,0,0.0,0.0,0,0,
39160663,현대,올 뉴 투싼,디젤 2.0 2WD,스마트,201806.0,2018,1390.0,98401.0,디젤,오토,ORIGINAL,일반,2025-03-19 23:17:02.000 +09,경기,쏘니모터스,21고2606,5,5,1,541.1613,1145.8854,0,0,
39137397,현대,투싼 (NX4),가솔린 1.6 터보 2WD,프리미엄,202302.0,2023,2690.0,6895.0,가솔린,오토,ORIGINAL,일반,2025-03-19 23:17:02.000 +09,서울,(주)아이오토마스터,230마5917,0,0,0,0.0,0.0,0,0,
38677258,현대,투싼 하이브리드 (NX4),인스퍼레이션 2WD,,202101.0,2021,2490.0,108884.0,가솔린+전기,오토,ORIGINAL,일반,2025-03-19 23:17:02.000 +09,충남,드림오토,222서8238,2,1,2,233.5765,58.1991,2,0,
38554036,현대,투싼 ix,디젤 2WD LX20,스마트팩,201106.0,2012,599.0,86895.0,디젤,오토,ORIGINAL,일반,2025-03-19 23:17:02.000 +09,인천,정우5호점 대표,12다1400,3,2,3,194.9927,82.7812,0,0,
38566545,현대,올 뉴 투싼,가솔린 1.6 터보 2WD,모던,202003.0,2020,1700.0,138781.0,가솔린,오토,ORIGINAL,일반,2025-03-19 23:17:02.000 +09,대전,형채와자동차,271주9836,3,1,0,241.9338,54.1728,0,0,
39128525,현대,투싼 하이브리드 (NX4),N Line 2WD,인스퍼레이션,202302.0,2023,3450.0,27864.0,가솔린+전기,오토,ORIGINAL,일반,2025-03-19 23:16:11.000 +09,대구,동방모터스,164더6406,0,0,0,0.0,0.0,0,0,
39137070,현대,투싼 (NX4),가솔린 1.6 터보 2WD,N Line 인스퍼레이션,202112.0,2022,2810.0,35337.0,가솔린,오토,ORIGINAL,일반,2025-03-19 23:16:11.000 +09,경기,(주)오토베이,111어7396,2,2,0,491.7299,359.7816,0,0,
39245757,현대,투싼 (NX4),가솔린 1.6 터보 2WD,프리미엄,202101.0,2021,2399.0,52577.0,가솔린,오토,ORIGINAL,일반,2025-03-19 23:16:11.000 +09,경기,(주)알차이노베이션,209조4536,0,0,1,0.0,0.0,1,0,
37013018,현대,뉴 투싼 ix,디젤(e-VGT) 2WD,스마트,201401.0,2014,780.0,86271.0,디젤,오토,ORIGINAL,일반,2025-03-19 23:16:02.000 +09,인천,스카이모터스,30머4402,2,2,1,150.605,186.096,0,0,
38347299,현대,올 뉴 투싼,디젤 1.7 2WD,모던,201712.0,2018,1430.0,91327.0,디젤,오토,ORIGINAL,일반,2025-03-19 23:16:02.000 +09,경기,중고차A팀,04거6537,4,1,1,260.7084,51.594,0,0,
38212062,현대,올 뉴 투싼,디젤 1.7 2WD,스마트,201709.0,2018,1050.0,132090.0,디젤,오토,ORIGINAL,일반,2025-03-19 23:16:02.000 +09,경기,(주)왕카,08러7782,4,2,1,237.4189,218.9932,0,0,
39131447,현대,올 뉴 투싼,디젤 1.7 2WD,프리미엄,201705.0,2018,1259.0,113757.0,디젤,오토,ORIGINAL,일반,2025-03-19 23:16:02.000 +09,경기,(주)왕카,52무3031,1,0,0,61.8401,0.0,0,0,
39162543,현대,올 뉴 투싼,디젤 2.0 2WD,모던,201701.0,2017,1580.0,75727.0,디젤,오토,ORIGINAL,일반,2025-03-19 23:16:02.000 +09,인천,오토플러스(주),50도3990,3,1,2,212.1404,68.2923,0,0,
39199440,현대,올 뉴 투싼,디젤 1.7 2WD,프리미엄,201610.0,2017,1070.0,153725.0,디젤,오토,ORIGINAL,일반,2025-03-19 23:16:02.000 +09,경기,위드카,36누0461,1,1,0,24.0,59.4863,0,0,
39261734,현대,올 뉴 투싼,디젤 2.0 2WD,모던,201604.0,2017,1150.0,143128.0,디젤,오토,ORIGINAL,일반,2025-03-19 23:16:02.000 +09,인천,뉴정우모터스,62구0959,0,2,3,0.0,458.0266,0,0,
38847292,현대,올 뉴 투싼,가솔린 1.6 터보 2WD,스마트,202001.0,2020,1820.0,62549.0,가솔린,오토,ORIGINAL,일반,2025-03-19 23:16:02.000 +09,인천,오토그린,225누1148,0,1,2,0.0,0.0,1,0,
38726498,현대,투싼 (NX4),가솔린 1.6 터보 2WD,프리미엄,202201.0,2022,2200.0,66212.0,가솔린,오토,ORIGINAL,일반,2025-03-19 23:16:02.000 +09,인천,(주)국민상사,275더2388,1,0,1,321.0209,0.0,0,0,
38334653,현대,올 뉴 투싼,디젤 2.0 4WD,프리미엄,201605.0,2017,1590.0,68576.0,디젤,오토,ORIGINAL,일반,2025-03-19 23:15:52.000 +09,대전,낙원모터스,57라0354,0,0,1,0.0,0.0,0,0,
38188842,현대,올 뉴 투싼,디젤 1.6 2WD,프리미엄,201901.0,2019,1700.0,87093.0,디젤,오토,ORIGINAL,일반,2025-03-19 23:15:16.000 +09,대전,안모터스,22더9297,1,0,2,49.2348,0.0,0,0,
38967194,현대,투싼 (NX4),가솔린 1.6 터보 2WD,인스퍼레이션,202104.0,2021,2790.0,37933.0,가솔린,오토,ORIGINAL,일반,2025-03-19 23:15:16.000 +09,경남,주.오토월드,128저9363,2,0,1,476.97,0.0,0,0,
38884481,현대,투싼 하이브리드 (NX4),프리미엄 2WD,,202108.0,2021,2840.0,14398.0,가솔린+전기,오토,ORIGINAL,일반,2025-03-19 23:15:16.000 +09,서울,(주)오토리안,234소4002,0,0,0,0.0,0.0,0,0,
39180231,현대,투싼 (NX4),가솔린 1.6 터보 4WD,인스퍼레이션,202209.0,2023,3480.0,20391.0,가솔린,오토,ORIGINAL,일반,2025-03-19 23:15:16.000 +09,서울,주)아이오토스,287라9342,0,0,0,0.0,0.0,0,0,
39132282,현대,올 뉴 투싼,디젤 1.7 2WD,모던,201702.0,2017,9999.0,112494.0,디젤,오토,ORIGINAL,일반,2025-03-19 23:15:16.000 +09,인천,(주)엔젤모터스,24마1610,1,1,1,301.8203,74.5574,0,0,
39227171,현대,올 뉴 투싼,디젤 1.7 2WD,모던 피버,201704.0,2017,1080.0,195238.0,디젤,오토,ORIGINAL,일반,2025-03-19 23:15:16.000 +09,인천,왕성자동차매매상사,02오9483,1,2,0,236.2274,124.809,0,0,
39195916,현대,올 뉴 투싼,디젤 2.0 2WD,모던,202002.0,2020,1840.0,78592.0,디젤,오토,ORIGINAL,일반,2025-03-19 23:15:16.000 +09,경기,페어플레이유니버스,175보3692,1,1,1,73.85,221.0387,1,0,
39189860,현대,뉴 투싼 ix,디젤(e-VGT) 2WD,스마트 스페셜,201312.0,2014,900.0,107696.0,디젤,오토,ORIGINAL,일반,2025-03-19 23:15:16.000 +09,경기,다둥이차,68주3229,4,1,1,348.212,40.245,0,0,
38902375,현대,투싼 (NX4),가솔린 1.6 터보 2WD,모던,202105.0,2021,1950.0,105679.0,가솔린,오토,ORIGINAL,일반,2025-03-19 23:15:15.000 +09,강원,제이모터스,202가3468,0,2,2,0.0,295.8158,1,0,
39178452,현대,투싼 하이브리드 (NX4),프리미엄 2WD,,202302.0,2023,3150.0,23128.0,가솔린+전기,오토,ORIGINAL,일반,2025-03-19 23:15:08.000 +09,서울,(주)아이오토마스터,359나9374,0,0,0,0.0,0.0,0,0,
38427560,현대,투싼 하이브리드 (NX4),프리미엄 2WD,,202101.0,2021,2680.0,57817.0,가솔린+전기,오토,ORIGINAL,일반,2025-03-19 23:15:08.000 +09,인천,(주)국민상사,131누6044,0,0,1,0.0,0.0,0,0,
39100061,현대,투싼 (NX4),가솔린 1.6 터보 2WD,인스퍼레이션,202302.0,2023,2983.0,19048.0,가솔린,오토,ORIGINAL,일반,2025-03-19 23:15:08.000 +09,대구,(주)엠케어모터스,290저3529,1,1,1,73.663,48.0514,0,0,
39094342,현대,올 뉴 투싼,디젤 2.0 4WD,모던,201901.0,2019,1600.0,88489.0,디젤,오토,ORIGINAL,일반,2025-03-19 23:15:08.000 +09,인천,올바른자동차,05마6883,1,2,2,245.529,301.303,0,0,
39152190,현대,올 뉴 투싼,디젤 2.0 2WD,모던,201808.0,2019,1530.0,73612.0,디젤,오토,ORIGINAL,일반,2025-03-19 23:15:08.000 +09,부산,JM모터스,17루2870,0,0,1,0.0,0.0,0,0,
39102178,현대,뉴 투싼 ix,디젤(e-VGT) 2WD,모던,201403.0,2014,800.0,157328.0,디젤,오토,ORIGINAL,일반,2025-03-19 23:15:08.000 +09,경기,드림모터스,17누1023,1,0,0,72.686,0.0,0,0,
38807996,현대,올 뉴 투싼,디젤 1.6 2WD,모던,201908.0,2019,1569.0,90750.0,디젤,오토,ORIGINAL,일반,2025-03-19 23:14:23.000 +09,울산,어벤져스모터스,09나8823,1,3,1,193.3905,505.9506,0,0,
39245704,현대,투싼 (NX4),디젤 2.0 2WD,N Line 프리미엄,202205.0,2022,3090.0,41473.0,디젤,오토,ORIGINAL,일반,2025-03-19 23:14:12.000 +09,경기,설레임 오토모티브,127부4514,1,0,1,24.4215,0.0,0,0,
39232925,현대,올 뉴 투싼,가솔린 1.6 터보 2WD,모던,201604.0,2017,9999.0,97873.0,가솔린,오토,ORIGINAL,일반,2025-03-19 23:14:12.000 +09,서울,(주)뉴에버모터스,27우1976,1,0,1,38.6599,0.0,0,0,
38972774,현대,올 뉴 투싼,디젤 2.0 4WD,모던,201505.0,2016,1039.0,121416.0,디젤,오토,ORIGINAL,일반,2025-03-19 23:14:12.000 +09,서울,뉴케이스페이스,14구3163,6,9,2,775.2489,1453.9054,0,0,
38879191,현대,올 뉴 투싼,디젤 2.0 2WD,스마트,201708.0,2018,1170.0,143750.0,디젤,오토,ORIGINAL,일반,2025-03-19 23:14:12.000 +09,경북,GM모터스,27무3078,1,0,2,26.9848,0.0,0,0,
39108571,현대,뉴 투싼 ix,디젤(e-VGT) 2WD,스마트 스페셜,201305.0,2013,970.0,85226.0,디젤,오토,ORIGINAL,일반,2025-03-19 23:14:12.000 +09,대구,찰떡모터스,24무5330,2,2,1,90.3757,338.3737,0,0,
39245013,현대,올 뉴 투싼,디젤 2.0 4WD,모던,201911.0,2020,1690.0,165017.0,디젤,오토,ORIGINAL,일반,2025-03-19 23:14:12.000 +09,인천,코카스모터스,261더2588,0,0,1,0.0,0.0,1,0,
39204679,현대,투싼 하이브리드 (NX4),인스퍼레이션 2WD,,202301.0,2023,3200.0,11660.0,가솔린+전기,오토,ORIGINAL,일반,2025-03-19 23:14:02.000 +09,경기,(주)왕카,346누5807,1,1,4,282.6397,369.72,0,0,
39052107,현대,투싼 (NX4),디젤 2.0 2WD,프리미엄,202210.0,2023,2599.0,25285.0,디젤,오토,ORIGINAL,일반,2025-03-19 23:14:02.000 +09,경기,블루오토,311버4571,0,0,3,0.0,0.0,1,0,
38975825,현대,더 뉴 투싼 하이브리드 (NX4),HEV 1.6 2WD,모던,202401.0,2024,3530.0,9668.0,가솔린+전기,오토,ORIGINAL,일반,2025-03-19 23:14:02.000 +09,경기,(주)오토베이,360모2274,0,1,1,0.0,0.0,0,0,0.0
39174205,현대,올 뉴 투싼,디젤 2.0 2WD,모던,201912.0,2020,1640.0,102881.0,디젤,오토,ORIGINAL,일반,2025-03-19 23:14:02.000 +09,경기,판다카,150부9243,2,0,1,95.8407,0.0,1,0,
39231528,현대,올 뉴 투싼,디젤 2.0 2WD,모던,201505.0,2016,1229.0,91843.0,디젤,오토,ORIGINAL,일반,2025-03-19 23:14:02.000 +09,경기,우송모터스,11부8001,0,1,2,0.0,75.588,0,0,
38281581,현대,투싼 (NX4),가솔린 1.6 터보 2WD,프리미엄,202101.0,2021,2330.0,89966.0,가솔린,오토,ORIGINAL,일반,2025-03-19 23:14:02.000 +09,경기,라온모터스,157오8833,0,0,1,0.0,0.0,0,0,
38326815,현대,올 뉴 투싼,디젤 1.7 2WD,스타일,201511.0,2016,1080.0,86145.0,디젤,오토,ORIGINAL,일반,2025-03-19 23:14:02.000 +09,경기,드림모터스,35거0136,3,3,2,149.8758,931.718,0,0,
38967025,현대,투싼 (NX4),가솔린 1.6 터보 2WD,인스퍼레이션,202301.0,2023,2950.0,13008.0,가솔린,오토,ORIGINAL,일반,2025-03-19 23:14:02.000 +09,서울,(주)아이오카,321노9112,0,0,0,0.0,0.0,0,0,
38670751,현대,투싼 (NX4),가솔린 1.6 터보 2WD,프리미엄,202012.0,2021,1990.0,104367.0,가솔린,오토,ORIGINAL,일반,2025-03-19 23:14:02.000 +09,인천,(주)시우자동차,194구3906,0,0,2,0.0,0.0,1,0,
38324537,현대,올 뉴 투싼,디젤 2.0 2WD,프리미엄,201805.0,2018,1690.0,68817.0,디젤,오토,ORIGINAL,일반,2025-03-19 23:14:02.000 +09,부산,(주)에코모터스,34라5606,2,0,1,392.897,0.0,0,0,
39100987,현대,올 뉴 투싼,디젤 1.7 2WD,모던,201504.0,2016,1130.0,128870.0,디젤,오토,ORIGINAL,일반,2025-03-19 23:13:57.000 +09,부산,주 조은모터스,46오2223,0,0,1,0.0,0.0,0,0,
38553277,현대,올 뉴 투싼,디젤 1.7 2WD,스타일 피버,201606.0,2017,1150.0,112736.0,디젤,오토,ORIGINAL,일반,2025-03-19 23:13:12.000 +09,경기,중고차A팀,31서0672,3,1,3,300.502,1406.125,0,0,
38386734,현대,올 뉴 투싼,디젤 1.6 2WD,스마트,201810.0,2019,1440.0,80897.0,디젤,오토,ORIGINAL,일반,2025-03-19 23:13:12.000 +09,경기,에이원모터스,162고5646,2,0,2,100.8098,0.0,1,0,
39243208,현대,올 뉴 투싼,가솔린 1.6 터보 2WD,모던,202008.0,2020,2090.0,57159.0,가솔린,오토,ORIGINAL,일반,2025-03-19 23:13:12.000 +09,인천,신신상사 주식회사,315우6988,0,0,1,0.0,0.0,0,0,
39169675,현대,올 뉴 투싼,디젤 1.7 2WD,모던,201510.0,2016,1050.0,97965.0,디젤,오토,ORIGINAL,일반,2025-03-19 23:13:12.000 +09,경기,코리아모터스,03수0517,4,0,0,315.3003,0.0,0,0,
39160922,현대,투싼 하이브리드 (NX4),인스퍼레이션 4WD,,202302.0,2023,3370.0,31484.0,가솔린+전기,오토,ORIGINAL,일반,2025-03-19 23:13:12.000 +09,대구,비모터스,147구6430,2,2,0,205.2044,138.9318,0,0,
39089241,현대,올 뉴 투싼,디젤 2.0 2WD,프리미엄,201706.0,2018,1570.0,67053.0,디젤,오토,ORIGINAL,일반,2025-03-19 23:13:12.000 +09,서울,DY자동차,61오2169,2,0,1,665.7694,0.0,0,0,
39243578,현대,뉴 투싼 ix,디젤(e-VGT) 2WD,프리미엄,201308.0,2014,840.0,115936.0,디젤,오토,ORIGINAL,일반,2025-03-19 23:13:12.000 +09,경기,우송모터스,49두6598,4,1,1,239.1798,107.534,0,0,
39043573,현대,올 뉴 투싼,디젤 1.6 2WD,스마트,202010.0,2020,1210.0,172052.0,디젤,오토,ORIGINAL,일반,2025-03-19 23:13:05.000 +09,대구,한결모터스,113루4257,1,2,3,572.872,152.5409,1,0,
38705409,현대,올 뉴 투싼,디젤 2.0 4WD,모던,201602.0,2016,1150.0,159944.0,디젤,오토,ORIGINAL,일반,2025-03-19 23:13:05.000 +09,서울,대도 모터스,39버0284,3,2,0,384.9296,512.1008,1,0,
39018755,현대,올 뉴 투싼,디젤 1.7 2WD,프리미엄,201611.0,2017,1230.0,159602.0,디젤,오토,ORIGINAL,일반,2025-03-19 23:13:05.000 +09,경기,(주)카포유,12구0386,1,3,2,58.7,241.8602,0,0,
38899884,현대,올 뉴 투싼,디젤 2.0 4WD,프리미엄,201512.0,2016,1690.0,59678.0,디젤,오토,ORIGINAL,일반,2025-03-19 23:13:05.000 +09,인천,오토피아,34거0655,0,0,3,0.0,0.0,0,0,
38920614,현대,투싼 ix,디젤 2WD LX20,프리미어,200912.0,2010,550.0,136339.0,디젤,오토,ORIGINAL,일반,2025-03-19 23:13:05.000 +09,대구,천수자동차상사,59부5598,2,2,11,93.2945,142.1944,0,0,
39263174,현대,올 뉴 투싼,디젤 1.7 2WD,모던,201712.0,2018,1155.0,74539.0,디젤,오토,ORIGINAL,일반,2025-03-19 23:13:05.000 +09,부산,세븐,03도6470,3,1,1,415.6402,290.902,0,0,
39118925,현대,올 뉴 투싼,디젤 2.0 2WD,모던,201608.0,2017,1350.0,98916.0,디젤,오토,ORIGINAL,일반,2025-03-19 23:13:05.000 +09,대전,(주)케이제이모터스,17너0158,2,5,1,214.683,160.177,0,0,
39100010,현대,올 뉴 투싼,디젤 1.7 2WD,스타일,201506.0,2016,980.0,164658.0,디젤,오토,ORIGINAL,일반,2025-03-19 23:13:05.000 +09,대구,경북자동차상사,20루9781,4,1,1,315.144,28.562,0,0,
39211348,현대,투싼 ix,디젤 2WD LX20,프리미어,200909.0,2010,750.0,97256.0,디젤,오토,ORIGINAL,일반,2025-03-19 23:12:53.000 +09,부산,(주) 더마니카,66가6664,1,1,2,0.0,0.0,0,0,
39193616,현대,올 뉴 투싼,디젤 1.7 2WD,모던 피버,201612.0,2017,1330.0,65087.0,디젤,오토,ORIGINAL,일반,2025-03-19 23:12:11.000 +09,인천,오토플러스(주),58머0238,0,0,1,0.0,0.0,0,0,
39149431,현대,투싼 (NX4),가솔린 1.6 터보 4WD,인스퍼레이션,202012.0,2021,2599.0,71724.0,가솔린,오토,ORIGINAL,일반,2025-03-19 23:12:11.000 +09,경기,오토프라임,304더9642,3,1,1,977.3609,110.8297,0,0,
39267572,현대,투싼 하이브리드 (NX4),인스퍼레이션 2WD,,202107.0,2021,2599.0,73742.0,가솔린+전기,오토,ORIGINAL,일반,2025-03-19 23:12:11.000 +09,경기,청춘카,237저8462,2,1,2,487.8329,64.873,0,0,
38826594,현대,투싼,디젤(VGT) 2WD MX,고급형,200908.0,2009,250.0,180228.0,디젤,오토,ORIGINAL,일반,2025-03-19 23:12:02.000 +09,충남,달인상사,38조8746,3,2,1,260.3948,187.3894,0,0,
38941689,현대,올 뉴 투싼,디젤 1.7 2WD,모던 피버,201604.0,2016,1430.0,100010.0,디젤,오토,ORIGINAL,일반,2025-03-19 23:12:02.000 +09,경기,주식회사 삼일,30도0127,1,1,2,71.4,190.7924,0,0,
38967708,현대,올 뉴 투싼,디젤 2.0 2WD,프리미엄,201811.0,2019,1600.0,127538.0,디젤,오토,ORIGINAL,일반,2025-03-19 23:12:02.000 +09,경기,의정부중고차매매상사,04가7845,2,1,1,86.502,28.0206,0,0,
39139910,현대,투싼 하이브리드 (NX4),인스퍼레이션 2WD,,202211.0,2023,3300.0,19832.0,가솔린+전기,오토,ORIGINAL,일반,2025-03-19 23:12:02.000 +09,서울,(주)더 오토,186오2396,0,0,1,0.0,0.0,0,0,
38991460,현대,올 뉴 투싼,디젤 1.7 2WD,스마트,201708.0,2018,1040.0,137342.0,디젤,오토,ORIGINAL,일반,2025-03-19 23:12:02.000 +09,인천,주식회사 제이제이오토컴퍼니,35러1214,3,3,1,475.646,523.6137,0,0,
39250565,현대,투싼 (NX4),가솔린 1.6 터보 2WD,프리미엄,202106.0,2021,2090.0,60891.0,가솔린,오토,ORIGINAL,일반,2025-03-19 23:12:02.000 +09,경기,주식회사 오토엠,269노6975,1,0,1,101.1715,0.0,1,0,
39080630,현대,올 뉴 투싼,가솔린 1.6 터보 2WD,모던,201911.0,2020,1640.0,101460.0,가솔린,오토,ORIGINAL,일반,2025-03-19 23:12:02.000 +09,인천,차봇모빌리티(주),180나8670,1,2,2,162.033,283.8393,0,0,
39041530,현대,투싼 (NX4),디젤 2.0 2WD,모던,202308.0,2023,2450.0,24701.0,디젤,오토,ORIGINAL,일반,2025-03-19 23:12:02.000 +09,부산,카플릭스,124더3334,0,0,1,0.0,0.0,0,0,
39031273,현대,올 뉴 투싼,디젤 1.6 2WD,모던,202007.0,2020,1750.0,55725.0,디젤,오토,ORIGINAL,일반,2025-03-19 23:12:02.000 +09,서울,롯데렌탈주식회사,216러7070,0,0,0,0.0,0.0,1,0,
39173628,현대,올 뉴 투싼,디젤 2.0 2WD,프리미엄,201710.0,2018,1470.0,115757.0,디젤,오토,ORIGINAL,일반,2025-03-19 23:11:11.000 +09,경기,주식회사 지오모터스,24모1027,0,0,1,0.0,0.0,0,0,
38882604,현대,투싼 하이브리드 (NX4),인스퍼레이션 2WD,,202012.0,2021,2930.0,48518.0,가솔린+전기,오토,ORIGINAL,일반,2025-03-19 23:11:11.000 +09,부산,주식회사 주안모터스,377머6454,0,0,1,0.0,0.0,0,0,
39032733,현대,투싼 (NX4),디젤 2.0 2WD,모던,202104.0,2021,2190.0,77439.0,디젤,오토,ORIGINAL,일반,2025-03-19 23:11:11.000 +09,경기,엠케이모터스,269두3941,1,1,1,63.488,354.8925,1,0,
38763700,현대,투싼 (NX4),가솔린 1.6 터보 2WD,프리미엄,202102.0,2021,2730.0,11405.0,가솔린,오토,ORIGINAL,일반,2025-03-19 23:11:11.000 +09,부산,JM모터스,363러2785,2,2,0,109.8964,183.5239,0,0,
39094124,현대,올 뉴 투싼,디젤 2.0 2WD,모던,201705.0,2017,1590.0,98278.0,디젤,오토,ORIGINAL,일반,2025-03-19 23:11:11.000 +09,대구,차를파는사람들,139버7808,0,0,6,0.0,0.0,1,0,
39081372,현대,투싼 (NX4),가솔린 1.6 터보 2WD,인스퍼레이션,202301.0,2023,2880.0,25337.0,가솔린,오토,ORIGINAL,일반,2025-03-19 23:11:11.000 +09,경기,(주)오토허브셀카,393더5624,0,0,0,0.0,0.0,0,0,
39042758,현대,올 뉴 투싼,디젤 1.7 2WD,모던,201601.0,2016,1110.0,113759.0,디젤,오토,ORIGINAL,일반,2025-03-19 23:11:02.000 +09,서울,(주)팀모터스,12저0805,2,1,1,87.068,33.4695,0,0,
38918630,현대,투싼 (NX4),가솔린 1.6 터보 2WD,프리미엄,202102.0,2021,2480.0,68329.0,가솔린,오토,ORIGINAL,일반,2025-03-19 23:11:02.000 +09,경기,주식회사 설레임 오토모티브,304주6699,1,0,1,52.764,0.0,0,0,
38938656,현대,올 뉴 투싼,디젤 1.7 2WD,모던,201701.0,2017,1050.0,141527.0,디젤,오토,ORIGINAL,일반,2025-03-19 23:11:02.000 +09,경기,넘버원모터스,28누8168,0,0,3,0.0,0.0,0,0,
37542060,현대,올 뉴 투싼,가솔린 1.6 터보 2WD,모던,202002.0,2020,1830.0,99599.0,가솔린,오토,ORIGINAL,일반,2025-03-19 23:11:02.000 +09,인천,코카스모터스,128도4002,0,0,0,0.0,0.0,0,0,
38491027,현대,올 뉴 투싼,디젤 1.7 2WD,스마트,201801.0,2018,1180.0,129189.0,디젤,오토,ORIGINAL,일반,2025-03-19 23:11:02.000 +09,대전,형채와자동차,01우6166,0,1,1,0.0,54.7327,0,0,
38067096,현대,올 뉴 투싼,디젤 1.6 2WD,스마트,201907.0,2019,1420.0,31905.0,디젤,오토,ORIGINAL,일반,2025-03-19 23:11:02.000 +09,경기,위카모빌리티,223부6957,0,0,1,0.0,0.0,1,0,
39092262,현대,더 뉴 투싼 하이브리드 (NX4),HEV 1.6 2WD,인스퍼레이션,202401.0,2024,3930.0,10938.0,가솔린+전기,오토,ORIGINAL,일반,2025-03-19 23:11:02.000 +09,경기,벧엘자동차 2,235러1146,1,0,0,130.2334,0.0,0,0,
39157883,현대,투싼 (NX4),가솔린 1.6 터보 4WD,인스퍼레이션,202302.0,2023,3300.0,25560.0,가솔린,오토,ORIGINAL,일반,2025-03-19 23:11:02.000 +09,대구,(주)유카 대구지점,229로6729,0,0,0,0.0,0.0,0,0,
39182589,현대,올 뉴 투싼,디젤 1.7 2WD,스타일,201610.0,2017,1249.0,66880.0,디젤,오토,ORIGINAL,일반,2025-03-19 23:11:02.000 +09,서울,로얄모터스,53두0488,1,3,1,158.6259,417.6146,0,0,
39177866,현대,올 뉴 투싼,디젤 2.0 4WD,모던,202003.0,2020,1650.0,93030.0,디젤,오토,ORIGINAL,일반,2025-03-19 23:11:02.000 +09,서울,오토플러스(주),157하1471,1,0,0,84.5299,0.0,0,0,
39269199,현대,투싼 (NX4),가솔린 1.6 터보 2WD,인스퍼레이션,202202.0,2022,2880.0,42246.0,가솔린,오토,ORIGINAL,일반,2025-03-19 23:11:02.000 +09,서울,뮤카 주식회사,109주2619,0,0,1,0.0,0.0,1,0,
39234216,현대,올 뉴 투싼,디젤 2.0 4WD,모던,201908.0,2019,1480.0,108064.0,디젤,오토,ORIGINAL,일반,2025-03-19 23:11:02.000 +09,대구,M모터스,217다7505,0,0,3,0.0,0.0,1,0,
38618572,현대,더 뉴 투싼 하이브리드 (NX4),HEV 1.6 2WD,프리미엄,202401.0,2024,3440.0,20578.0,가솔린+전기,오토,ORIGINAL,일반,2025-03-19 23:10:13.000 +09,충남,(주)유카,147머8240,1,0,1,27.329,0.0,0,0,
39251349,현대,올 뉴 투싼,디젤 1.7 2WD,모던,201707.0,2018,1249.0,125073.0,디젤,오토,ORIGINAL,일반,2025-03-19 23:10:13.000 +09,충남,비케이모터스,284수3946,3,2,6,160.2746,325.0827,1,0,
38797227,현대,올 뉴 투싼,디젤 2.0 2WD,모던,202005.0,2020,2190.0,68270.0,디젤,오토,ORIGINAL,일반,2025-03-19 23:10:13.000 +09,경기,하이모터스,181보6139,1,1,3,23.032,80.1,0,0,
38797227,현대,올 뉴 투싼,디젤 2.0 2WD,모던,202005.0,2020,2190.0,68270.0,디젤,오토,ORIGINAL,일반,2025-03-19 23:10:13.000 +09,경기,하이모터스,181보6139,1,1,1,23.032,80.1,0,0,
39083162,현대,투싼 (NX4),가솔린 1.6 터보 2WD,모던,202106.0,2021,1890.0,92381.0,가솔린,오토,ORIGINAL,일반,2025-03-19 23:10:13.000 +09,대구,청구모터스,256어6211,0,0,2,0.0,0.0,1,0,
39092117,현대,올 뉴 투싼,디젤 1.7 2WD,모던,201504.0,2016,1280.0,67300.0,디젤,오토,ORIGINAL,일반,2025-03-19 23:10:11.000 +09,충북,주식회사 천사,32러3940,2,0,1,130.6318,0.0,0,0,
39035159,현대,투싼 (NX4),가솔린 1.6 터보 2WD,인스퍼레이션,202302.0,2023,2920.0,34222.0,가솔린,오토,ORIGINAL,일반,2025-03-19 23:10:05.000 +09,경기,카메이트,374우2864,1,0,0,76.9118,0.0,0,0,
38230151,현대,투싼,디젤(VGT) 2WD MX,고급형,200708.0,2007,220.0,152804.0,디젤,오토,ORIGINAL,일반,2025-03-19 23:10:05.000 +09,경남,강남모터스,46수5937,1,1,2,110.4944,117.685,0,0,
39178427,현대,더 뉴 투싼 하이브리드 (NX4),HEV 1.6 2WD,N Line 인스퍼레이션,202405.0,2024,3999.0,6593.0,가솔린+전기,오토,ORIGINAL,일반,2025-03-19 23:10:05.000 +09,경기,수성자동차,208노3554,0,0,1,0.0,0.0,0,0,
39162726,현대,투싼 하이브리드 (NX4),인스퍼레이션 2WD,,202203.0,2022,3250.0,17535.0,가솔린+전기,오토,ORIGINAL,일반,2025-03-19 23:10:05.000 +09,경기,카메이트,365로5162,0,0,0,0.0,0.0,0,0,
39244493,현대,투싼 (NX4),가솔린 1.6 터보 2WD,프리미엄,202307.0,2023,2800.0,32481.0,가솔린,오토,ORIGINAL,일반,2025-03-19 23:10:05.000 +09,경기,주식회사 유카,133무7138,0,0,1,0.0,0.0,0,0,
39200374,현대,올 뉴 투싼,디젤 1.7 2WD,프리미엄,201703.0,2017,1190.0,140574.0,디젤,오토,ORIGINAL,일반,2025-03-19 23:10:05.000 +09,경기,제이디모터스,15고3741,1,2,2,93.734,563.5995,0,0,
39180959,현대,올 뉴 투싼,디젤 2.0 2WD,익스트림 에디션,201801.0,2018,1950.0,61528.0,디젤,오토,ORIGINAL,일반,2025-03-19 23:10:05.000 +09,대구,Auto CAR,39소5519,0,0,1,0.0,0.0,0,0,
39244626,현대,올 뉴 투싼,가솔린 1.6 터보 2WD,모던,202001.0,2020,1770.0,119732.0,가솔린,오토,ORIGINAL,일반,2025-03-19 23:10:05.000 +09,부산,제이엠모터스,281나1247,0,0,0,0.0,0.0,0,0,
38993571,현대,올 뉴 투싼,가솔린 1.6 터보 2WD,프리미엄,201707.0,2018,1690.0,89618.0,가솔린,오토,ORIGINAL,일반,2025-03-19 23:10:02.000 +09,서울,주)참사랑모터스,62너6564,1,1,3,31.1404,52.4329,0,0,
38796294,현대,올 뉴 투싼,가솔린 1.6 터보 2WD,프리미엄,201903.0,2019,1510.0,100008.0,가솔린,오토,ORIGINAL,일반,2025-03-19 23:09:16.000 +09,부산,오토플러스(주),64버5916,2,1,1,458.664,689.9103,0,0,
39081154,현대,투싼 ix,디젤 2WD LX20,럭셔리,201203.0,2012,640.0,114103.0,디젤,오토,ORIGINAL,일반,2025-03-19 23:09:16.000 +09,경기,(주)에스비즈,41머6424,1,2,0,35.0748,107.868,0,0,
39259927,현대,더 뉴 투싼 하이브리드 (NX4),HEV 1.6 4WD,인스퍼레이션,202302.0,2023,3690.0,25005.0,가솔린+전기,오토,ORIGINAL,일반,2025-03-19 23:09:16.000 +09,대전,주식회사 중사모터스,223누6036,0,0,0,0.0,0.0,0,0,
38809492,현대,올 뉴 투싼,디젤 2.0 4WD,모던,201612.0,2017,1509.0,98876.0,디젤,오토,ORIGINAL,일반,2025-03-19 23:09:16.000 +09,충남,(주)올바른자동차,48소5847,0,1,1,0.0,44.2411,0,0,
38712753,현대,올 뉴 투싼,디젤 1.7 2WD,스마트,201801.0,2018,1120.0,126560.0,디젤,오토,ORIGINAL,일반,2025-03-19 23:09:16.000 +09,경기,(주)쓰리노,206모1559,2,0,3,78.1877,0.0,1,0,
38690814,현대,더 뉴 투싼 하이브리드 (NX4),HEV 1.6 2WD,N Line 인스퍼레이션,202407.0,2024,3550.0,5853.0,가솔린+전기,오토,ORIGINAL,일반,2025-03-19 23:09:16.000 +09,인천,코카스모터스,221어6385,0,0,2,0.0,0.0,1,0,
38992412,현대,올 뉴 투싼,디젤 2.0 4WD,모던,201604.0,2017,1360.0,87107.0,디젤,오토,ORIGINAL,일반,2025-03-19 23:09:08.000 +09,광주,케이원모터스,36소0870,1,0,2,329.8267,0.0,0,0,
38836365,현대,올 뉴 투싼,디젤 2.0 2WD,프리미엄,201811.0,2019,1840.0,97076.0,디젤,오토,ORIGINAL,일반,2025-03-19 23:09:08.000 +09,경기,코리아모터스,52조3569,0,1,1,0.0,60.0,0,0,
38793764,현대,올 뉴 투싼,디젤 1.7 2WD,모던,201504.0,2016,880.0,139239.0,디젤,오토,ORIGINAL,일반,2025-03-19 23:09:08.000 +09,경기,민성모터스,45버8837,2,0,1,831.6532,0.0,0,0,
38382342,현대,투싼 (NX4),디젤 2.0 4WD,모던,202102.0,2021,2290.0,64491.0,디젤,오토,ORIGINAL,일반,2025-03-19 23:09:08.000 +09,경기,엠케이모터스,344주8276,0,0,3,0.0,0.0,1,0,
38100699,현대,투싼 (NX4),가솔린 1.6 터보 2WD,인스퍼레이션,202302.0,2023,2920.0,33283.0,가솔린,오토,ORIGINAL,일반,2025-03-19 23:09:08.000 +09,경기,(주)에스비즈,197루7603,0,1,1,0.0,110.0533,0,0,
38935120,현대,투싼 (NX4),가솔린 1.6 터보 2WD,N Line 인스퍼레이션,202212.0,2023,3090.0,23697.0,가솔린,오토,ORIGINAL,일반,2025-03-19 23:09:08.000 +09,경기,수원SKV1뉴스타,230루1766,0,0,2,0.0,0.0,0,0,
39164316,현대,투싼 (NX4),디젤 2.0 2WD,인스퍼레이션,202102.0,2021,9999.0,84715.0,디젤,오토,ORIGINAL,일반,2025-03-19 23:09:08.000 +09,대전,(주)삼일상사이사,356보6899,0,1,0,0.0,550.0,0,0,
39155286,현대,올 뉴 투싼,가솔린 1.6 터보 2WD,모던,201701.0,2017,1590.0,58661.0,가솔린,오토,ORIGINAL,일반,2025-03-19 23:09:08.000 +09,경기,별모터스,47로8229,2,1,0,155.5351,0.0,0,0,
39148506,현대,투싼 (NX4),디젤 2.0 2WD,프리미엄,202101.0,2021,2350.0,57542.0,디젤,오토,ORIGINAL,일반,2025-03-19 23:09:08.000 +09,인천,좋은차와사람들,267부2048,0,3,1,0.0,386.8123,1,0,
39127929,현대,투싼 하이브리드 (NX4),인스퍼레이션 2WD,,202012.0,2021,2660.0,71451.0,가솔린+전기,오토,ORIGINAL,일반,2025-03-19 23:09:08.000 +09,경기,오토프라임,300라2890,1,0,0,175.33,0.0,0,0,
39111250,현대,투싼 (NX4),디젤 2.0 2WD,프리미엄,202012.0,2021,2250.0,73736.0,디젤,오토,ORIGINAL,일반,2025-03-19 23:09:08.000 +09,서울,미래카월드,270구4801,1,0,2,105.1794,0.0,1,0,
39168454,현대,올 뉴 투싼,디젤 1.7 2WD,모던 피버,201606.0,2017,1260.0,72891.0,디젤,오토,ORIGINAL,일반,2025-03-19 23:09:08.000 +09,경기,라온모터스,33조0827,3,0,3,375.6009,0.0,0,0,
39164145,현대,투싼 (NX4),디젤 2.0 2WD,프리미엄,202102.0,2021,9990.0,47071.0,디젤,오토,ORIGINAL,일반,2025-03-19 23:09:08.000 +09,대전,(주)뉴보석자동차,161너2906,0,0,1,0.0,0.0,1,0,
39211488,현대,더 뉴 투싼 (NX4),가솔린 1.6 터보 2WD,인스퍼레이션,202403.0,2024,3340.0,10235.0,가솔린,오토,ORIGINAL,일반,2025-03-19 23:09:08.000 +09,대구,제일자동차상사,184무5588,0,0,1,0.0,0.0,0,0,
39240430,현대,투싼 (NX4),가솔린 1.6 터보 2WD,프리미엄,202106.0,2021,2280.0,81416.0,가솔린,오토,ORIGINAL,일반,2025-03-19 23:09:08.000 +09,경기,롯데렌탈주식회사,248머6637,0,0,0,0.0,0.0,1,0,
38849377,현대,올 뉴 투싼,디젤 1.7 2WD,모던,201601.0,2016,889.0,162705.0,디젤,오토,ORIGINAL,일반,2025-03-19 23:08:32.000 +09,경기,(주)고물상,18주8954,2,1,3,214.6328,272.251,0,0,
38820451,현대,올 뉴 투싼,디젤 2.0 2WD,모던,202007.0,2020,1850.0,48020.0,디젤,오토,ORIGINAL,일반,2025-03-19 23:08:17.000 +09,광주,(주)누리카파크,270저3514,1,0,1,111.1408,0.0,1,0,
38679064,현대,올 뉴 투싼,디젤 2.0 2WD,스마트,202009.0,2020,1560.0,55575.0,디젤,오토,ORIGINAL,일반,2025-03-19 23:08:17.000 +09,광주,(주)누리카파크,236루7662,2,0,2,266.3917,0.0,1,0,
39255272,현대,투싼 (NX4),가솔린 1.6 터보 2WD,인스퍼레이션,202102.0,2021,2250.0,125047.0,가솔린,오토,ORIGINAL,일반,2025-03-19 23:08:09.000 +09,경기,핀카,191가3457,1,2,1,35.1323,423.0519,0,0,
39259263,현대,투싼 (NX4),가솔린 1.6 터보 2WD,모던,202106.0,2021,1990.0,99449.0,가솔린,오토,ORIGINAL,일반,2025-03-19 23:08:09.000 +09,경기,인정모터스,107가2438,0,1,2,0.0,52.1909,1,0,
38935908,현대,올 뉴 투싼,디젤 2.0 2WD,모던,201912.0,2020,1770.0,39428.0,디젤,오토,ORIGINAL,일반,2025-03-19 23:08:09.000 +09,광주,오토핸즈 광주직영점,150하4580,0,0,0,0.0,0.0,0,0,
38965572,현대,올 뉴 투싼,디젤 1.7 2WD,모던,201601.0,2016,1260.0,73674.0,디젤,오토,ORIGINAL,일반,2025-03-19 23:08:02.000 +09,경기,카운셀러,19버0142,0,0,2,0.0,0.0,0,0,
39080326,현대,투싼 (NX4),가솔린 1.6 터보 2WD,인스퍼레이션,202103.0,2021,2550.0,80229.0,가솔린,오토,ORIGINAL,일반,2025-03-19 23:08:02.000 +09,서울,뮤카(주) 가양지점,199나7182,0,0,1,0.0,0.0,1,0,
39232002,현대,투싼 (NX4),가솔린 1.6 터보 2WD,인스퍼레이션,202011.0,2021,2590.0,45074.0,가솔린,오토,ORIGINAL,일반,2025-03-19 23:08:02.000 +09,경기,차투차,105로2790,0,0,1,0.0,0.0,0,0,
38827607,현대,올 뉴 투싼,가솔린 1.6 터보 2WD,인스퍼레이션,201911.0,2020,1959.0,66440.0,가솔린,오토,ORIGINAL,일반,2025-03-19 23:08:02.000 +09,대전,(주)해승모터스,306라7748,2,0,4,342.0831,0.0,0,0,
39064056,현대,투싼 (NX4),디젤 2.0 4WD,프리미엄,202102.0,2021,9999.0,75772.0,디젤,오토,ORIGINAL,일반,2025-03-19 23:08:02.000 +09,경기,코오롱모빌리티CPO,159하9173,1,1,0,543.929,92.2248,0,0,
39235723,현대,올 뉴 투싼,디젤 2.0 2WD,모던,201504.0,2016,950.0,90471.0,디젤,오토,ORIGINAL,일반,2025-03-19 23:08:02.000 +09,인천,주식회사 용일상사,14거7491,3,3,1,1675.0892,1314.104,0,0,
39264548,현대,올 뉴 투싼,디젤 1.7 2WD,모던 피버,201604.0,2017,1400.0,73469.0,디젤,오토,ORIGINAL,일반,2025-03-19 23:08:02.000 +09,서울,(주) 시원 모터스,62모0682,1,1,1,78.8,76.9338,0,0,
39257841,현대,올 뉴 투싼,디젤 2.0 4WD,스마트,202008.0,2020,1490.0,139433.0,디젤,오토,ORIGINAL,일반,2025-03-19 23:08:02.000 +09,경북,포항경북자동차상사,233노6173,1,0,1,76.7866,0.0,1,0,
39110951,현대,더 뉴 투싼 하이브리드 (NX4),HEV 1.6 2WD,인스퍼레이션,202412.0,2024,4100.0,206.0,가솔린+전기,오토,ORIGINAL,일반,2025-03-19 23:07:49.000 +09,서울,(주)한솔모터스,128오2270,0,0,1,0.0,0.0,1,0,
39269769,현대,올 뉴 투싼,디젤 2.0 2WD,프리미엄,201701.0,2017,1780.0,92924.0,디젤,오토,ORIGINAL,일반,2025-03-19 23:07:37.000 +09,경남,그린모터스,35누0241,1,0,3,85.4552,0.0,0,0,
39206241,현대,올 뉴 투싼,디젤 2.0 4WD,스마트,202008.0,2020,1545.0,124027.0,디젤,오토,ORIGINAL,일반,2025-03-19 23:07:11.000 +09,대구,용마자동차상사,237라8757,0,1,1,0.0,275.8,1,0,
38599993,현대,투싼 하이브리드 (NX4),프리미엄 2WD,,202201.0,2022,2990.0,28497.0,가솔린+전기,오토,ORIGINAL,일반,2025-03-19 23:07:11.000 +09,경기,동아에스엠씨,210보6242,0,0,0,0.0,0.0,0,0,
39148958,현대,올 뉴 투싼,디젤 2.0 2WD,스마트,201807.0,2018,1260.0,100806.0,디젤,오토,ORIGINAL,일반,2025-03-19 23:07:11.000 +09,경기,차투차,33라7929,1,0,2,78.039,0.0,0,0,
39130406,현대,투싼 하이브리드 (NX4),N Line 4WD,인스퍼레이션,202308.0,2023,3750.0,24460.0,가솔린+전기,오토,ORIGINAL,일반,2025-03-19 23:07:11.000 +09,대구,참좋은자동차,156거8926,0,0,0,0.0,0.0,0,0,
38600565,현대,투싼 (NX4),가솔린 1.6 터보 2WD,모던,202106.0,2021,2090.0,77975.0,가솔린,오토,ORIGINAL,일반,2025-03-19 23:07:02.000 +09,경기,뉴스타모터스,213노3580,0,2,1,0.0,185.1297,2,0,
38431475,현대,올 뉴 투싼,디젤 2.0 2WD,모던,201903.0,2019,1790.0,88732.0,디젤,오토,ORIGINAL,일반,2025-03-19 23:07:02.000 +09,인천,오토피아,18러9886,0,2,1,0.0,113.494,0,0,
38525923,현대,투싼 (NX4),가솔린 1.6 터보 2WD,프리미엄,202011.0,2021,2190.0,61285.0,가솔린,오토,ORIGINAL,일반,2025-03-19 23:07:02.000 +09,서울,(주)뉴스카이오토,370버6973,0,0,1,0.0,0.0,0,0,
39100220,현대,올 뉴 투싼,디젤 2.0 2WD,스타일 스페셜,201702.0,2017,1199.0,128353.0,디젤,오토,ORIGINAL,일반,2025-03-19 23:07:02.000 +09,충남,천안모터스,38가8110,1,0,1,127.7032,0.0,0,0,
39205868,현대,올 뉴 투싼,디젤 1.7 2WD,모던,201801.0,2018,1435.0,79254.0,디젤,오토,ORIGINAL,일반,2025-03-19 23:07:02.000 +09,대구,용마자동차상사,205모4877,0,0,2,0.0,0.0,1,0,
39053334,현대,올 뉴 투싼,디젤 1.7 2WD,모던,201508.0,2016,860.0,196002.0,디젤,오토,ORIGINAL,일반,2025-03-19 23:07:02.000 +09,광주,금상모터스,20두0139,3,3,1,356.5273,243.6183,0,0,
38135068,현대,투싼 (NX4),디젤 2.0 2WD,프리미엄,202210.0,2023,2650.0,57922.0,디젤,오토,ORIGINAL,일반,2025-03-19 23:06:14.000 +09,부산,효성상사,235너2001,1,0,2,9.614,0.0,1,0,0.0
39096070,현대,올 뉴 투싼,디젤 2.0 2WD,모던,201710.0,2018,1190.0,113313.0,디젤,오토,ORIGINAL,일반,2025-03-19 23:06:14.000 +09,인천,신대진자동차,309누5860,5,4,3,1114.8482,887.114,1,0,
39040079,현대,올 뉴 투싼,디젤 2.0 2WD,모던,201809.0,2019,1420.0,108079.0,디젤,오토,ORIGINAL,일반,2025-03-19 23:06:14.000 +09,경기,라온모터스,56더2858,1,1,1,60.355,44.678,0,0,
39167457,현대,투싼 (NX4),디젤 2.0 4WD,프리미엄,202104.0,2021,7777.0,39047.0,디젤,오토,ORIGINAL,일반,2025-03-19 23:06:14.000 +09,서울,이엑스오토,238나1287,0,0,1,0.0,0.0,1,0,
38455554,현대,투싼 (NX4),디젤 2.0 2WD,모던,202105.0,2021,2290.0,53704.0,디젤,오토,ORIGINAL,일반,2025-03-19 23:06:06.000 +09,경기,올뉴카,260누8243,1,0,2,36.9008,0.0,1,0,
38977138,현대,더 뉴 투싼 하이브리드 (NX4),HEV 1.6 4WD,N Line 인스퍼레이션,202402.0,2024,3880.0,18403.0,가솔린+전기,오토,ORIGINAL,일반,2025-03-19 23:06:06.000 +09,경기,제로모터스,116가9049,0,0,1,0.0,0.0,0,0,
38949775,현대,투싼 하이브리드 (NX4),인스퍼레이션 2WD,,202011.0,2021,2590.0,76920.0,가솔린+전기,오토,ORIGINAL,일반,2025-03-19 23:06:06.000 +09,인천,주식회사 시우자동차2,242고3035,0,0,1,0.0,0.0,0,0,
39165633,현대,투싼 ix,디젤 2WD LX20,럭셔리,201001.0,2010,630.0,110447.0,디젤,오토,ORIGINAL,일반,2025-03-19 23:06:06.000 +09,경기,(주)알차이노베이션,12러8668,3,1,3,164.0778,43.0088,0,0,
37918363,현대,올 뉴 투싼,디젤 2.0 2WD,모던,201710.0,2018,1620.0,45641.0,디젤,오토,ORIGINAL,일반,2025-03-19 23:06:06.000 +09,경남,마이카3,32라9593,2,0,1,225.4275,0.0,0,0,
39043329,현대,올 뉴 투싼,디젤 1.7 2WD,스타일,201504.0,2016,940.0,140478.0,디젤,오토,ORIGINAL,일반,2025-03-19 23:06:06.000 +09,경기,주식회사 씨피오토모티브,28라5917,1,2,4,0.0,114.0,0,0,
38734101,현대,올 뉴 투싼,가솔린 1.6 터보 2WD,모던 피버,201607.0,2017,1780.0,77854.0,가솔린,오토,ORIGINAL,일반,2025-03-19 23:05:13.000 +09,경기,일등자동차,236모7218,3,2,4,198.0583,121.6185,1,0,
38903188,현대,올 뉴 투싼,디젤 1.7 2WD,모던,201506.0,2016,1050.0,84224.0,디젤,오토,ORIGINAL,일반,2025-03-19 23:05:13.000 +09,인천,신대진자동차,28로1736,2,3,3,61.8757,236.1805,0,0,
39008586,현대,올 뉴 투싼,가솔린 1.6 터보 2WD,모던,202003.0,2020,1860.0,62132.0,가솔린,오토,ORIGINAL,일반,2025-03-19 23:05:13.000 +09,경기,오토모빌,237수7273,1,0,1,48.2007,0.0,0,0,
39141530,현대,올 뉴 투싼,디젤 2.0 2WD,모던,201810.0,2019,1670.0,76030.0,디젤,오토,ORIGINAL,일반,2025-03-19 23:05:13.000 +09,부산,오토플러스(주),60서1920,4,1,0,277.5882,60.9943,0,0,
39174334,현대,올 뉴 투싼,디젤 1.7 2WD,모던,201606.0,2017,950.0,120459.0,디젤,오토,ORIGINAL,일반,2025-03-19 23:05:13.000 +09,부산,(주)우진오토모빌,56머0434,1,2,6,346.5992,894.5607,0,0,
39208699,현대,올 뉴 투싼,디젤 2.0 2WD,모던,201504.0,2016,1390.0,149511.0,디젤,오토,ORIGINAL,일반,2025-03-19 23:05:02.000 +09,대구,가람 모터스,61수5731,2,1,2,32.535,8.0,0,0,
39215218,현대,투싼 (NX4),디젤 2.0 2WD,프리미엄,202103.0,2021,2150.0,78134.0,디젤,오토,ORIGINAL,일반,2025-03-19 23:05:02.000 +09,경기,오토프라임,309마8126,1,0,4,356.2179,0.0,1,0,
39195422,현대,투싼 ix,디젤 2WD LX20,럭셔리,200911.0,2010,550.0,116836.0,디젤,오토,ORIGINAL,일반,2025-03-19 23:05:02.000 +09,광주,삼덕상사,18다2325,1,0,3,19.0,0.0,0,0,
39172324,현대,올 뉴 투싼,디젤 2.0 2WD,모던 스페셜,201703.0,2017,1490.0,103915.0,디젤,오토,ORIGINAL,일반,2025-03-19 23:05:02.000 +09,대구,대한종합자동차상사,47구1326,1,0,1,37.415,0.0,0,0,
38810628,현대,투싼 (NX4),가솔린 1.6 터보 2WD,인스퍼레이션,202105.0,2021,1970.0,95752.0,가솔린,오토,ORIGINAL,일반,2025-03-19 23:05:02.000 +09,충남,하이오토,266조9359,1,4,1,742.7508,545.1394,1,0,
38889422,현대,투싼 (NX4),가솔린 1.6 터보 2WD,프리미엄,202101.0,2021,1990.0,74925.0,가솔린,오토,ORIGINAL,일반,2025-03-19 23:05:02.000 +09,대전,코파츠자동차,232나2036,2,1,1,0.0,-350.0,1,0,
39190749,현대,투싼 하이브리드 (NX4),인스퍼레이션 2WD,,202303.0,2023,3550.0,22101.0,가솔린+전기,오토,ORIGINAL,일반,2025-03-19 23:05:02.000 +09,서울,(주)아이오토마스터,188고3239,0,0,0,0.0,0.0,0,0,
39166709,현대,올 뉴 투싼,디젤 1.6 4WD,프리미엄,201908.0,2019,2099.0,40000.0,디젤,오토,ORIGINAL,일반,2025-03-19 23:05:02.000 +09,인천,의리차차차,52버9201,1,2,1,89.5026,249.6794,0,0,
38422574,현대,투싼 하이브리드 (NX4),프리미엄 2WD,,202309.0,2023,9999.0,33905.0,가솔린+전기,오토,ORIGINAL,일반,2025-03-19 23:05:02.000 +09,인천,(주)시우자동차,210버2210,0,0,0,0.0,0.0,0,0,
39161497,현대,투싼 (NX4),가솔린 1.6 터보 2WD,모던,202106.0,2021,1820.0,97743.0,가솔린,오토,ORIGINAL,일반,2025-03-19 23:04:59.000 +09,경기,삼성자동차,214러2060,2,3,1,91.4893,264.8229,1,0,
39191815,현대,투싼 하이브리드 (NX4),N Line 2WD,인스퍼레이션,202201.0,2022,2949.0,81527.0,가솔린+전기,오토,ORIGINAL,일반,2025-03-19 23:04:34.000 +09,경기,(주)정모터스,377루9062,1,1,2,59.6819,33.5178,1,0,
38835984,현대,올 뉴 투싼,디젤 1.7 2WD,모던 피버,201612.0,2017,1300.0,90487.0,디젤,오토,ORIGINAL,일반,2025-03-19 23:04:13.000 +09,경기,스카이모터스,30부0164,3,2,1,267.0938,33.9394,0,0,
39125176,현대,올 뉴 투싼,가솔린 1.6 터보 2WD,프리미엄,201705.0,2018,1850.0,65145.0,가솔린,오토,ORIGINAL,일반,2025-03-19 23:04:10.000 +09,서울,(주)예스오토,177오1559,1,0,3,49.9409,0.0,1,0,
39228820,현대,투싼 하이브리드 (NX4),인스퍼레이션 2WD,,202012.0,2021,2760.0,59562.0,가솔린+전기,오토,ORIGINAL,일반,2025-03-19 23:04:10.000 +09,서울,뮤카(주) 가양지점,197나7813,1,1,1,142.9144,48.1164,1,0,
37052215,현대,투싼 (NX4),디젤 2.0 2WD,모던,202104.0,2021,2150.0,84373.0,디젤,오토,ORIGINAL,일반,2025-03-19 23:04:02.000 +09,광주,가람모터스,185로7666,1,0,1,304.0699,0.0,1,0,
39235689,현대,올 뉴 투싼,가솔린 1.6 터보 2WD,프리미엄,201905.0,2019,2250.0,26931.0,가솔린,오토,ORIGINAL,일반,2025-03-19 23:04:02.000 +09,경기,코리아모터스,269라6145,2,1,2,92.8522,86.072,1,0,
39221046,현대,올 뉴 투싼,디젤 1.7 2WD,모던 피버,201605.0,2017,1150.0,182494.0,디젤,오토,ORIGINAL,일반,2025-03-19 23:04:02.000 +09,경기,(주)오토웨이,60모0293,3,1,0,525.959,111.762,0,0,
39196209,현대,올 뉴 투싼,디젤 2.0 2WD,프리미엄,201809.0,2019,1640.0,126829.0,디젤,오토,ORIGINAL,일반,2025-03-19 23:04:02.000 +09,대전,세종자동차,65머9783,2,0,1,167.1194,0.0,0,0,
39039139,현대,투싼 하이브리드 (NX4),N Line 2WD,인스퍼레이션,202302.0,2023,3350.0,20005.0,가솔린+전기,오토,ORIGINAL,일반,2025-03-19 23:03:10.000 +09,경기,퍼펙트카,391라3636,0,0,0,0.0,0.0,0,0,
38852337,현대,올 뉴 투싼,디젤 2.0 2WD,프리미엄,201910.0,2019,2030.0,43052.0,디젤,오토,ORIGINAL,일반,2025-03-19 23:03:03.000 +09,인천,누리모터스,272주6633,0,0,1,0.0,0.0,0,0,
39006759,현대,올 뉴 투싼,디젤 1.7 2WD,스타일,201706.0,2018,950.0,172226.0,디젤,오토,ORIGINAL,일반,2025-03-19 23:03:03.000 +09,인천,왕성자동차매매상사,58도6805,0,0,0,0.0,0.0,0,0,
39099459,현대,투싼 (NX4),가솔린 1.6 터보 2WD,인스퍼레이션,202301.0,2023,3200.0,24412.0,가솔린,오토,ORIGINAL,일반,2025-03-19 23:03:03.000 +09,경기,주식회사 지오모터스,105다7390,0,0,1,0.0,0.0,0,0,
39211550,현대,올 뉴 투싼,가솔린 1.6 터보 2WD,모던,202004.0,2020,1950.0,10585.0,가솔린,오토,ORIGINAL,일반,2025-03-19 23:03:03.000 +09,경기,(주)고물상,247조7585,2,4,1,304.835,881.9114,0,0,
39207992,현대,더 뉴 투싼 하이브리드 (NX4),HEV 1.6 2WD,인스퍼레이션,202409.0,2024,3780.0,5387.0,가솔린+전기,오토,ORIGINAL,일반,2025-03-19 23:03:03.000 +09,경기,코리아모터스,219누1069,0,0,0,0.0,0.0,0,0,
38603559,현대,투싼 (NX4),디젤 2.0 2WD,프리미엄,202102.0,2021,2220.0,80841.0,디젤,오토,ORIGINAL,일반,2025-03-19 23:03:03.000 +09,경기,차투차,176오1595,2,0,1,89.759,0.0,0,0,
38944452,현대,올 뉴 투싼,디젤 1.7 2WD,모던,201512.0,2016,1270.0,60529.0,디젤,오토,ORIGINAL,일반,2025-03-19 23:03:03.000 +09,경기,(주)대일자동차,196라3739,0,0,1,0.0,0.0,1,0,
39170990,현대,올 뉴 투싼,가솔린 1.6 터보 2WD,스마트,201910.0,2020,1930.0,32022.0,가솔린,오토,ORIGINAL,일반,2025-03-19 23:03:03.000 +09,서울,(주)에스유카,169로6125,0,0,2,0.0,0.0,0,0,
38286268,현대,더 뉴 투싼 하이브리드 (NX4),HEV 1.6 2WD,프리미엄,202408.0,2024,3750.0,1020.0,가솔린+전기,오토,ORIGINAL,일반,2025-03-19 23:03:03.000 +09,부산,강남  모터스,235다6730,0,0,1,0.0,0.0,0,0,
38945739,현대,올 뉴 투싼,디젤 1.7 2WD,모던,201504.0,2016,1150.0,122755.0,디젤,오토,ORIGINAL,일반,2025-03-19 23:02:48.000 +09,부산,S1 motors,45어9941,0,1,6,0.0,52.658,0,0,
38739324,현대,올 뉴 투싼,디젤 1.7 2WD,모던 피버,201608.0,2017,1199.0,97460.0,디젤,오토,ORIGINAL,일반,2025-03-19 23:02:36.000 +09,경기,(주)왕카,259루5849,2,2,5,78.4493,95.372,1,0,
39217579,현대,올 뉴 투싼,디젤 1.6 2WD,프리미엄,201808.0,2019,2050.0,60485.0,디젤,오토,ORIGINAL,일반,2025-03-19 23:02:35.000 +09,경기,(주)왕카,11마6784,3,4,1,152.7839,356.0498,0,0,
38669935,현대,올 뉴 투싼,디젤 2.0 2WD,모던 스페셜,201604.0,2017,1500.0,114682.0,디젤,오토,ORIGINAL,일반,2025-03-19 23:02:32.000 +09,대구,서구모터스,55조0956,2,0,0,135.4946,0.0,0,0,
38811511,현대,더 뉴 투싼 하이브리드 (NX4),HEV 1.6 2WD,프리미엄,202411.0,2024,3750.0,28.0,가솔린+전기,오토,ORIGINAL,일반,2025-03-19 23:02:32.000 +09,대구,서구모터스,171머9899,0,0,1,0.0,0.0,0,0,
39260636,현대,올 뉴 투싼,디젤 2.0 2WD,모던,201709.0,2018,1400.0,115782.0,디젤,오토,ORIGINAL,일반,2025-03-19 23:02:11.000 +09,경기,울트라모터스,17우8536,0,0,2,0.0,0.0,0,0,
39245959,현대,올 뉴 투싼,디젤 2.0 2WD,프리미엄,201803.0,2018,1470.0,109398.0,디젤,오토,ORIGINAL,일반,2025-03-19 23:02:11.000 +09,경기,국민플러스,107서7318,3,2,3,456.753,752.682,2,0,
38998413,현대,올 뉴 투싼,디젤 1.7 2WD,모던,201512.0,2016,1190.0,68983.0,디젤,오토,ORIGINAL,일반,2025-03-19 23:02:11.000 +09,부산,오토플러스(주),43너0595,1,0,2,105.9128,0.0,0,0,
38692997,현대,투싼 (NX4),가솔린 1.6 터보 2WD,인스퍼레이션,202211.0,2023,2970.0,7691.0,가솔린,오토,ORIGINAL,일반,2025-03-19 23:02:11.000 +09,경기,디에스모터스,323우6133,0,0,1,0.0,0.0,0,0,
38871499,현대,투싼 (NX4),가솔린 1.6 터보 2WD,어드벤처,202305.0,2023,9999.0,12151.0,가솔린,오토,ORIGINAL,일반,2025-03-19 23:02:11.000 +09,인천,JP모터스,152도9528,0,0,1,0.0,0.0,1,0,
38863282,현대,더 뉴 투싼 하이브리드 (NX4),HEV 1.6 2WD,프리미엄,202409.0,2024,3319.0,3410.0,가솔린+전기,오토,ORIGINAL,일반,2025-03-19 23:02:11.000 +09,서울,(주)아이오토스,291조6748,0,0,0,0.0,0.0,0,0,
39194335,현대,투싼 (NX4),가솔린 1.6 터보 2WD,프리미엄,202306.0,2023,2140.0,41361.0,가솔린,오토,ORIGINAL,일반,2025-03-19 23:02:03.000 +09,경기,지니어스BAY,217루5273,3,0,1,136.1276,0.0,1,0,
38534023,현대,올 뉴 투싼,가솔린 1.6 터보 2WD,모던,201805.0,2018,1690.0,68650.0,가솔린,오토,ORIGINAL,일반,2025-03-19 23:02:03.000 +09,인천,카카오토,261루4150,5,3,1,327.8338,1168.98,1,0,
38678318,현대,투싼 하이브리드 (NX4),인스퍼레이션 2WD,,202205.0,2022,9999.0,29592.0,가솔린+전기,오토,ORIGINAL,일반,2025-03-19 23:02:03.000 +09,충남,정한자동차,115라6259,1,0,1,158.9165,0.0,0,0,
39120890,현대,올 뉴 투싼,디젤 2.0 2WD,스타일 스페셜,201610.0,2017,1350.0,44748.0,디젤,오토,ORIGINAL,일반,2025-03-19 23:02:03.000 +09,부산,서원모터스,29두0469,0,0,0,0.0,0.0,0,0,
39153239,현대,투싼 ix,디젤 2WD LX20,럭셔리,201101.0,2011,620.0,89821.0,디젤,오토,ORIGINAL,일반,2025-03-19 23:02:03.000 +09,충북,달인모터스,14노3475,2,0,1,201.2796,0.0,0,0,
38215694,현대,올 뉴 투싼,디젤 2.0 2WD,모던,201611.0,2017,1299.0,121784.0,디젤,오토,ORIGINAL,일반,2025-03-19 23:01:43.000 +09,대구,황금모터스,167어5694,1,0,4,56.131,0.0,1,0,
38795498,현대,투싼 (NX4),가솔린 1.6 터보 2WD,인스퍼레이션,202101.0,2021,2790.0,38116.0,가솔린,오토,ORIGINAL,일반,2025-03-19 23:01:10.000 +09,대구,현대모터스,156저4690,3,2,1,196.7587,159.413,0,0,
37896334,현대,투싼 하이브리드 (NX4),인스퍼레이션 2WD,,202108.0,2021,3020.0,38407.0,가솔린+전기,오토,ORIGINAL,일반,2025-03-19 23:01:10.000 +09,경기,(주)에스비즈,228라2036,1,0,1,121.3418,0.0,0,0,
39039140,현대,올 뉴 투싼,디젤 1.7 2WD,모던,201504.0,2016,930.0,138768.0,디젤,오토,ORIGINAL,일반,2025-03-19 23:01:10.000 +09,인천,주식회사 시우자동차2,59수4153,1,2,1,61.585,303.436,0,0,
38507851,현대,올 뉴 투싼,디젤 2.0 2WD,모던,201605.0,2017,1159.0,115977.0,디젤,오토,ORIGINAL,일반,2025-03-19 23:01:10.000 +09,서울,(주)구루마,42루0495,3,3,0,504.5454,1460.3888,0,0,
39253213,현대,투싼 하이브리드 (NX4),인스퍼레이션 2WD,,202211.0,2023,3190.0,44800.0,가솔린+전기,오토,ORIGINAL,일반,2025-03-19 23:01:04.000 +09,대구,,168우7969,0,0,1,0.0,0.0,0,0,
39163806,현대,투싼 (NX4),가솔린 1.6 터보 2WD,N Line 인스퍼레이션,202310.0,2023,3150.0,24389.0,가솔린,오토,ORIGINAL,일반,2025-03-19 23:01:03.000 +09,경기,지오모터스,200가5935,1,0,0,53.7679,0.0,0,0,
39189626,현대,올 뉴 투싼,가솔린 1.6 터보 2WD,스마트,202004.0,2020,2050.0,34151.0,가솔린,오토,ORIGINAL,일반,2025-03-19 23:01:03.000 +09,서울,(주)자동차친구,357두9488,0,0,0,0.0,0.0,0,0,
39257193,현대,투싼 (NX4),가솔린 1.6 터보 2WD,모던,202104.0,2021,1970.0,75724.0,가솔린,오토,ORIGINAL,일반,2025-03-19 23:01:02.000 +09,경기,(주)정이모터스,332수4809,3,0,0,117.696,0.0,0,0,
39075845,현대,올 뉴 투싼,디젤 2.0 2WD,모던 스페셜,201611.0,2017,1550.0,72900.0,디젤,오토,ORIGINAL,일반,2025-03-19 23:01:02.000 +09,인천,뉴정우모터스,25마0499,0,1,2,0.0,54.7002,0,0,
39069911,현대,투싼 하이브리드 (NX4),프리미엄 2WD,,202012.0,2021,2250.0,71392.0,가솔린+전기,오토,ORIGINAL,일반,2025-03-19 23:01:02.000 +09,경기,오토프라임,167노1960,1,0,3,159.957,0.0,1,0,
38619994,현대,올 뉴 투싼,디젤 2.0 4WD,프리미엄,201901.0,2019,1790.0,133572.0,디젤,오토,ORIGINAL,일반,2025-03-19 23:01:02.000 +09,서울,(주)UCS(더오토),203누1013,0,0,2,0.0,0.0,1,0,
38666447,현대,올 뉴 투싼,디젤 2.0 4WD,프리미엄,201705.0,2018,1650.0,81994.0,디젤,오토,ORIGINAL,일반,2025-03-19 23:01:02.000 +09,대전,명성오토월드,61로4123,2,0,3,478.034,0.0,0,0,
38885314,현대,투싼 (NX4),가솔린 1.6 터보 2WD,인스퍼레이션,202101.0,2021,2259.0,102593.0,가솔린,오토,ORIGINAL,일반,2025-03-19 23:01:02.000 +09,경기,(주)왕카,112두2329,4,2,4,255.1639,123.1298,0,0,
38880318,현대,더 뉴 투싼 하이브리드 (NX4),HEV 1.6 2WD,N Line 인스퍼레이션,202406.0,2024,3795.0,8866.0,가솔린+전기,오토,ORIGINAL,일반,2025-03-19 23:00:25.000 +09,대구,(주) 유카 대구지점,278구7040,0,0,0,0.0,0.0,0,0,
38829341,현대,투싼 (NX4),가솔린 1.6 터보 4WD,인스퍼레이션,202207.0,2022,2800.0,29523.0,가솔린,오토,ORIGINAL,일반,2025-03-19 23:00:25.000 +09,경기,설레임 오토모티브,166로1290,1,0,0,366.663,0.0,0,0,
38810983,현대,투싼 (NX4),가솔린 1.6 터보 2WD,프리미엄,202310.0,2023,2770.0,7849.0,가솔린,오토,ORIGINAL,일반,2025-03-19 23:00:25.000 +09,경기,디에스모터스,248주4392,1,0,1,122.522,0.0,1,0,
39136486,현대,투싼 ix,디젤 2WD LX20,프리미어,201204.0,2012,699.0,96445.0,디젤,오토,ORIGINAL,일반,2025-03-19 23:00:25.000 +09,대구,브라더오토모빌,48고1038,3,1,1,267.9313,81.044,0,0,
39255937,현대,투싼 (NX4),디젤 2.0 2WD,프리미엄,202101.0,2021,2490.0,41177.0,디젤,오토,ORIGINAL,일반,2025-03-19 23:00:25.000 +09,경남,한우카,241오4810,0,0,2,0.0,0.0,1,0,
38759579,현대,올 뉴 투싼,디젤 2.0 2WD,모던,201505.0,2016,1365.0,76938.0,디젤,오토,ORIGINAL,일반,2025-03-19 23:00:24.000 +09,서울,(주)티티카,31저4715,5,0,3,318.1426,0.0,0,0,
39256965,현대,더 뉴 투싼 (NX4),가솔린 1.6 터보 2WD,인스퍼레이션,202409.0,2024,4100.0,6222.0,가솔린,오토,ORIGINAL,일반,2025-03-19 23:00:17.000 +09,경기,(주)예스카,322머3966,1,0,1,11.076,0.0,0,0,
39243491,현대,올 뉴 투싼,가솔린 1.6 터보 2WD,스타일,201702.0,2017,1330.0,105505.0,가솔린,오토,ORIGINAL,일반,2025-03-19 23:00:17.000 +09,인천,주식회사 제이제이오토컴퍼니,58두1211,1,2,0,87.249,424.04,0,0,
39240426,현대,투싼 (NX4),가솔린 1.6 터보 2WD,프리미엄,202105.0,2021,2550.0,34529.0,가솔린,오토,ORIGINAL,일반,2025-03-19 23:00:17.000 +09,경기,롯데렌탈주식회사,248머6607,1,0,0,154.336,0.0,1,0,
39231168,현대,올 뉴 투싼,디젤 1.7 2WD,스마트,201807.0,2018,1100.0,124450.0,디젤,오토,ORIGINAL,일반,2025-03-19 23:00:17.000 +09,서울,(주)가온자동차,48저2532,3,4,3,166.1894,711.3999,0,0,
38759338,현대,올 뉴 투싼,디젤 1.7 2WD,모던,201702.0,2017,1150.0,122070.0,디젤,오토,ORIGINAL,일반,2025-03-19 23:00:17.000 +09,경기,선진모터스,16다6761,1,2,4,138.7848,138.6,0,0,
39059188,현대,올 뉴 투싼,디젤 2.0 4WD,프리미엄,201511.0,2016,1440.0,97198.0,디젤,오토,ORIGINAL,일반,2025-03-19 23:00:17.000 +09,경기,(주)차봄,29모3298,3,2,2,257.0623,190.0711,1,0,
39187208,현대,투싼 (NX4),가솔린 1.6 터보 2WD,인스퍼레이션,202301.0,2023,2920.0,12806.0,가솔린,오토,ORIGINAL,일반,2025-03-19 23:00:17.000 +09,서울,(주)에이아이카,183다9071,1,0,0,49.6612,0.0,0,0,
39157768,현대,투싼 (NX4),가솔린 1.6 터보 2WD,프리미엄,202111.0,2022,2120.0,91900.0,가솔린,오토,ORIGINAL,일반,2025-03-19 23:00:17.000 +09,서울,롯데렌탈주식회사,128오2252,0,0,0,0.0,0.0,1,0,
39259667,현대,뉴 투싼 ix,수소(Fuel Cell) 2WD,,201607.0,2016,890.0,55717.0,수소,오토,ORIGINAL,일반,2025-03-19 23:00:17.000 +09,광주,행운자동차,36어0553,1,0,2,378.934,0.0,0,0,
38544945,현대,투싼 (NX4),가솔린 1.6 터보 2WD,인스퍼레이션,202011.0,2021,2480.0,67919.0,가솔린,오토,ORIGINAL,일반,2025-03-19 23:00:17.000 +09,경기,정도자동차,305로3494,1,1,1,120.6029,19.8558,0,0,
38684815,현대,올 뉴 투싼,가솔린 1.6 터보 2WD,프리미엄,201902.0,2019,1670.0,86482.0,가솔린,오토,ORIGINAL,일반,2025-03-19 23:00:17.000 +09,대구,청구모터스,65고2101,1,1,1,546.802,85.0512,0,0,
37341285,현대,투싼 (NX4),가솔린 1.6 터보 2WD,프리미엄,202102.0,2021,2560.0,23035.0,가솔린,오토,ORIGINAL,일반,2025-03-19 23:00:16.000 +09,경기,(주)카마트몰,142다3487,2,1,0,174.8704,36.4549,0,0,
38980084,현대,더 뉴 투싼 하이브리드 (NX4),HEV 1.6 4WD,인스퍼레이션,202301.0,2023,3310.0,51837.0,가솔린+전기,오토,ORIGINAL,일반,2025-03-19 23:00:16.000 +09,경기,(주)카마트몰,378서2552,0,0,0,0.0,0.0,0,0,
38535803,현대,올 뉴 투싼,디젤 2.0 2WD,모던,201805.0,2018,9999.0,55882.0,디젤,오토,ORIGINAL,일반,2025-03-19 23:00:16.000 +09,경기,(주)카마트몰,09노1978,0,0,0,0.0,0.0,0,0,
38870991,현대,뉴 투싼 ix,디젤(e-VGT) 2WD,스마트 스페셜,201501.0,2015,990.0,125580.0,디젤,오토,ORIGINAL,일반,2025-03-19 23:00:16.000 +09,부산,OS모터스(주),28누4399,0,0,1,0.0,0.0,0,0,
38529383,현대,올 뉴 투싼,가솔린 1.6 터보 2WD,모던,201908.0,2019,1689.0,93120.0,가솔린,오토,ORIGINAL,일반,2025-03-19 22:59:03.000 +09,충남,주)BK모터스,248너5484,1,1,4,78.6609,71.4278,1,0,
39249786,현대,올 뉴 투싼,디젤 1.7 2WD,모던,201511.0,2016,980.0,130285.0,디젤,오토,ORIGINAL,일반,2025-03-19 22:57:42.000 +09,경기,DH모터스,57수0687,0,1,5,0.0,156.7715,0,0,
39068332,현대,투싼 (NX4),가솔린 1.6 터보 2WD,프리미엄,202303.0,2023,2800.0,1808.0,가솔린,오토,ORIGINAL,일반,2025-03-19 22:57:16.000 +09,경기,(주)겟차,184로1115,0,0,0,0.0,0.0,0,0,
39186131,현대,투싼 ix,디젤 2WD LX20,스마트팩,201110.0,2012,655.0,99733.0,디젤,오토,ORIGINAL,일반,2025-03-19 22:56:23.000 +09,경북,즐거운자동차,45구7504,3,6,2,637.6175,903.8344,0,0,
38978702,현대,올 뉴 투싼,디젤 2.0 2WD,모던,201711.0,2018,1150.0,166786.0,디젤,오토,ORIGINAL,일반,2025-03-19 22:56:22.000 +09,경북,즐거운자동차,02조7137,2,2,1,243.7626,663.355,0,0,
38633005,현대,올 뉴 투싼,디젤 1.6 2WD,프리미엄,201904.0,2019,1699.0,90538.0,디젤,오토,ORIGINAL,일반,2025-03-19 22:55:41.000 +09,부산,(주)더뉴서비스,04구6306,0,0,6,0.0,0.0,0,0,
39157872,현대,올 뉴 투싼,디젤 2.0 2WD,프리미엄,201808.0,2019,1730.0,84177.0,디젤,오토,ORIGINAL,일반,2025-03-19 22:55:10.000 +09,울산,더블유오토,181구7293,2,1,2,140.2,100.0,1,0,
37870371,현대,올 뉴 투싼,디젤 1.6 2WD,프리미엄,201901.0,2019,1650.0,56698.0,디젤,오토,ORIGINAL,일반,2025-03-19 22:55:05.000 +09,서울,차조아네트웍스,10루3767,2,4,1,34.386,2656.397,0,0,
39178825,현대,올 뉴 투싼,디젤 2.0 2WD,모던,202002.0,2020,1790.0,75512.0,디젤,오토,ORIGINAL,일반,2025-03-19 22:54:26.000 +09,부산,순수자동차,367조9157,1,0,1,112.566,0.0,1,0,
38484409,현대,올 뉴 투싼,디젤 2.0 2WD,모던,201701.0,2017,1300.0,108130.0,디젤,오토,ORIGINAL,일반,2025-03-19 22:53:53.000 +09,부산,하나로홀딩스,53보4527,1,1,2,183.75,203.482,0,0,
38765483,현대,투싼 하이브리드 (NX4),인스퍼레이션 2WD,,202012.0,2021,2680.0,89133.0,가솔린+전기,오토,ORIGINAL,일반,2025-03-19 22:52:47.000 +09,대구,거창한 모터스,266너8489,0,1,1,0.0,81.1531,0,0,
38966437,현대,올 뉴 투싼,디젤 1.7 2WD,스타일 피버,201604.0,2017,1080.0,92154.0,디젤,오토,ORIGINAL,일반,2025-03-19 22:52:36.000 +09,광주,(주)다일모터스,55조0827,2,2,1,168.3163,158.7398,0,0,
38337594,현대,더 뉴 투싼 (NX4),가솔린 1.6 터보 4WD,인스퍼레이션,202403.0,2024,3999.0,9006.0,가솔린,오토,ORIGINAL,일반,2025-03-19 22:52:03.000 +09,서울,(주)피스모터스,303부4232,0,0,1,0.0,0.0,0,0,
39231172,현대,더 뉴 투싼 (NX4),가솔린 1.6 터보 2WD,인스퍼레이션,202403.0,2024,3250.0,6898.0,가솔린,오토,ORIGINAL,일반,2025-03-19 22:52:03.000 +09,서울,(주)피스모터스,221가2624,0,0,0,0.0,0.0,0,0,
38982518,현대,투싼 (NX4),디젤 2.0 2WD,프리미엄,202103.0,2021,2550.0,51790.0,디젤,오토,ORIGINAL,일반,2025-03-19 22:51:52.000 +09,경기,스마일자동차,116거3317,0,0,2,0.0,0.0,1,0,
39024490,현대,올 뉴 투싼,디젤 1.7 2WD,모던,201507.0,2016,1200.0,100017.0,디젤,오토,ORIGINAL,일반,2025-03-19 22:51:09.000 +09,경남,세진모터스,53가0192,4,1,3,247.8089,767.9357,0,0,
37944162,현대,투싼 하이브리드 (NX4),인스퍼레이션 2WD,,202011.0,2021,2630.0,54309.0,가솔린+전기,오토,ORIGINAL,일반,2025-03-19 22:51:05.000 +09,경기,(주)뉴카카,377두4619,1,2,0,441.116,3145.404,0,0,
39199873,현대,올 뉴 투싼,디젤 2.0 2WD,프리미엄,201803.0,2018,1660.0,122979.0,디젤,오토,ORIGINAL,일반,2025-03-19 22:50:03.000 +09,서울,에이스모터스,62조3239,0,1,1,0.0,132.4,0,0,
39162132,현대,더 뉴 투싼 하이브리드 (NX4),HEV 1.6 2WD,인스퍼레이션,202412.0,2024,4129.0,3007.0,가솔린+전기,오토,ORIGINAL,일반,2025-03-19 22:49:27.000 +09,부산,수한모터스,225소9748,0,0,0,0.0,0.0,0,0,
39191034,현대,투싼 하이브리드 (NX4),인스퍼레이션 4WD,,202303.0,2023,3899.0,12951.0,가솔린+전기,오토,ORIGINAL,일반,2025-03-19 22:49:27.000 +09,부산,수한모터스,181버7042,0,0,0,0.0,0.0,0,0,
39105320,현대,투싼 하이브리드 (NX4),N Line 2WD,인스퍼레이션,202301.0,2023,3650.0,22612.0,가솔린+전기,오토,ORIGINAL,일반,2025-03-19 22:49:02.000 +09,서울,에이스모터스,167너5370,0,0,0,0.0,0.0,0,0,
39200248,현대,투싼 (NX4),가솔린 1.6 터보 2WD,인스퍼레이션,202101.0,2021,2520.0,69360.0,가솔린,오토,ORIGINAL,일반,2025-03-19 22:48:49.000 +09,서울,한마음모터스,271도7925,1,1,1,146.0,34.875,0,0,
38606015,현대,뉴 투싼 ix,디젤(e-VGT) 2WD,스마트 스페셜,201306.0,2014,2222.0,83730.0,디젤,오토,ORIGINAL,일반,2025-03-19 22:48:43.000 +09,울산,호호모터스,50오6983,1,1,3,120.1322,12.5818,0,0,
39200319,현대,올 뉴 투싼,디젤 1.7 2WD,모던,201601.0,2016,2222.0,158845.0,디젤,오토,ORIGINAL,일반,2025-03-19 22:48:43.000 +09,울산,호호모터스,05노0179,1,0,2,47.449,0.0,0,0,
38873544,현대,투싼 (NX4),가솔린 1.6 터보 2WD,인스퍼레이션,202310.0,2023,2930.0,33717.0,가솔린,오토,ORIGINAL,일반,2025-03-19 22:47:24.000 +09,대구,샛별자동차상사,340로5108,0,0,0,0.0,0.0,0,0,
39171466,현대,올 뉴 투싼,디젤 1.7 2WD,스마트,201707.0,2018,1270.0,71660.0,디젤,오토,ORIGINAL,일반,2025-03-19 22:47:20.000 +09,부산,박준표중고차,37저6019,1,1,0,77.2489,78.0,0,0,
38669180,현대,올 뉴 투싼,디젤 2.0 2WD,스타일 스페셜,201611.0,2017,1199.0,107227.0,디젤,오토,ORIGINAL,일반,2025-03-19 22:47:02.000 +09,충남,(주)비케이모터스,36도0138,1,1,2,105.197,73.031,0,0,
38341513,현대,올 뉴 투싼,디젤 2.0 2WD,프리미엄,201504.0,2016,1580.0,94500.0,디젤,오토,ORIGINAL,일반,2025-03-19 22:45:58.000 +09,전북,무지개모터스,46보1775,2,3,4,275.9653,104.2391,0,0,
38326518,현대,올 뉴 투싼,디젤 1.7 2WD,모던,201605.0,2017,1550.0,66900.0,디젤,오토,ORIGINAL,일반,2025-03-19 22:45:56.000 +09,전북,무지개모터스,40로0918,0,3,0,0.0,52.072,0,0,
39188113,현대,투싼,디젤(VGT) 2WD MX,고급형,200609.0,2006,200.0,213113.0,디젤,오토,ORIGINAL,일반,2025-03-19 22:45:22.000 +09,대전,대전1번중고차오토,07보3015,3,0,4,131.7728,0.0,0,0,
39207067,현대,투싼,디젤(VGT) 2WD MX,고급형,200809.0,2009,250.0,315999.0,디젤,오토,ORIGINAL,일반,2025-03-19 22:45:22.000 +09,대전,대전1번중고차오토,47머4227,1,2,4,33.732,88.76,0,0,
38651877,현대,올 뉴 투싼,디젤 1.7 2WD,스타일 피버,201612.0,2017,1200.0,75014.0,디젤,오토,ORIGINAL,일반,2025-03-19 22:44:44.000 +09,전북,행운모터스,59우0209,0,1,4,0.0,79.5767,0,0,
39113976,현대,투싼 하이브리드 (NX4),인스퍼레이션 2WD,,202011.0,2021,2999.0,45921.0,가솔린+전기,오토,ORIGINAL,일반,2025-03-19 22:43:14.000 +09,부산,부산모터스,310부2616,0,0,3,0.0,0.0,0,0,
39156392,현대,올 뉴 투싼,디젤 1.7 2WD,모던,201802.0,2018,1189.0,109388.0,디젤,오토,ORIGINAL,일반,2025-03-19 22:43:02.000 +09,충남,주)BK모터스,275노9911,0,0,3,0.0,0.0,1,0,
38598009,현대,더 뉴 투싼 (NX4),가솔린 1.6 터보 4WD,인스퍼레이션,202403.0,2024,3750.0,18244.0,가솔린,오토,ORIGINAL,일반,2025-03-19 22:42:13.000 +09,전북,AUTO SHOP,238마7336,0,0,0,0.0,0.0,0,0,
39006540,현대,투싼 하이브리드 (NX4),인스퍼레이션 2WD,,202101.0,2021,2599.0,93588.0,가솔린+전기,오토,ORIGINAL,일반,2025-03-19 22:42:08.000 +09,경기,달인중고차,108로6697,1,2,2,29.3219,115.6802,1,0,
39185716,현대,투싼 (NX4),디젤 2.0 2WD,프리미엄,202101.0,2021,2150.0,66822.0,디젤,오토,ORIGINAL,일반,2025-03-19 22:41:55.000 +09,경기,아인모터스,317루2530,0,0,1,0.0,0.0,1,0,
38603924,현대,투싼 (NX4),가솔린 1.6 터보 2WD,프리미엄,202012.0,2021,2199.0,76057.0,가솔린,오토,ORIGINAL,일반,2025-03-19 22:41:00.000 +09,경기,(주)왕카,152로1157,0,1,1,0.0,62.3422,1,0,
38983039,현대,투싼 (NX4),디젤 2.0 4WD,모던,202103.0,2021,1999.0,43101.0,디젤,오토,ORIGINAL,일반,2025-03-19 22:41:00.000 +09,경기,(주)왕카,263더8267,0,1,1,0.0,152.6609,1,0,
39178258,현대,투싼 (NX4),가솔린 1.6 터보 2WD,인스퍼레이션,202011.0,2021,2100.0,133174.0,가솔린,오토,ORIGINAL,일반,2025-03-19 22:40:56.000 +09,충북,골드모터스,108너1099,0,0,2,0.0,0.0,1,0,
38021545,현대,투싼 하이브리드 (NX4),프리미엄 2WD,,202112.0,2022,2749.0,63184.0,가솔린+전기,오토,ORIGINAL,일반,2025-03-19 22:40:44.000 +09,광주,진흥자동차,327가8196,0,1,1,0.0,219.61,1,0,
38540309,현대,올 뉴 투싼,디젤 2.0 2WD,모던,201507.0,2016,1380.0,98717.0,디젤,오토,ORIGINAL,일반,2025-03-19 22:40:00.000 +09,부산,요요모터스,33조4944,1,0,8,80.4125,0.0,1,0,
38086403,현대,올 뉴 투싼,디젤 2.0 2WD,스타일,201801.0,2018,1590.0,60638.0,디젤,오토,ORIGINAL,일반,2025-03-19 22:39:57.000 +09,경기,에스제이모터스,132수4120,0,0,8,0.0,0.0,1,0,
39062149,현대,투싼 (NX4),가솔린 1.6 터보 2WD,모던,202106.0,2021,1799.0,108042.0,가솔린,오토,ORIGINAL,일반,2025-03-19 22:39:47.000 +09,경기,(주)왕카,215모3277,0,2,2,0.0,54.118,1,0,
39189872,현대,투싼 (NX4),가솔린 1.6 터보 2WD,인스퍼레이션,202101.0,2021,9999.0,71165.0,가솔린,오토,ORIGINAL,일반,2025-03-19 22:39:11.000 +09,경기,와이엠모터스,266가4009,3,1,1,299.5366,90.0699,0,0,
39008307,현대,투싼 ix,디젤 2WD LX20,럭셔리,200909.0,2010,490.0,174421.0,디젤,오토,ORIGINAL,일반,2025-03-19 22:39:09.000 +09,전북,혁신모터스,32모6446,2,1,1,85.984,19.0808,0,0,
39133339,현대,올 뉴 투싼,디젤 1.6 2WD,모던,202001.0,2020,1830.0,32610.0,디젤,오토,ORIGINAL,일반,2025-03-19 22:38:12.000 +09,대구,오토플러스(주),292저1156,1,0,1,112.7188,0.0,0,0,
38370592,현대,투싼 (NX4),가솔린 1.6 터보 2WD,프리미엄,202106.0,2021,1150.0,90000.0,가솔린,오토,ORIGINAL,렌트,2025-03-19 22:38:12.000 +09,서울,,148하9899,0,0,0,0.0,0.0,0,0,
39195436,현대,뉴 투싼 ix,디젤(e-VGT) 2WD,스마트 스페셜,201401.0,2014,820.0,167140.0,디젤,오토,ORIGINAL,일반,2025-03-19 22:37:08.000 +09,대구,성서 자동차상사,14저7675,0,3,3,0.0,253.8698,0,0,
38176179,현대,올 뉴 투싼,가솔린 1.6 터보 4WD,모던,202005.0,2020,1890.0,100587.0,가솔린,오토,ORIGINAL,일반,2025-03-19 22:35:37.000 +09,경기,자마이카,224도5538,1,1,2,290.8078,125.4695,0,0,
38828818,현대,투싼 (NX4),가솔린 1.6 터보 2WD,프리미엄,202012.0,2021,2399.0,69529.0,가솔린,오토,ORIGINAL,일반,2025-03-19 22:35:37.000 +09,경기,자마이카,114더4177,1,0,1,43.524,0.0,1,0,
39265948,현대,올 뉴 투싼,디젤 1.6 2WD,프리미엄,201811.0,2019,1650.0,66512.0,디젤,오토,ORIGINAL,일반,2025-03-19 22:34:38.000 +09,경기,주식회사 오토엠,10러9705,1,1,1,45.986,94.939,0,0,
39216788,현대,투싼 하이브리드 (NX4),어드벤처 4WD,,202303.0,2023,3490.0,35128.0,가솔린+전기,오토,ORIGINAL,일반,2025-03-19 22:34:37.000 +09,경기,솔카,193조7787,0,0,1,0.0,0.0,0,0,
38995577,현대,투싼 (NX4),가솔린 1.6 터보 2WD,프리미엄,202107.0,2021,9999.0,79183.0,가솔린,오토,ORIGINAL,일반,2025-03-19 22:32:40.000 +09,경기,홈카,349수3112,0,0,2,0.0,0.0,1,0,
39246053,현대,투싼 (NX4),디젤 2.0 4WD,모던,202105.0,2021,2230.0,81444.0,디젤,오토,ORIGINAL,일반,2025-03-19 22:32:40.000 +09,경기,홈카,230오3968,0,0,3,0.0,0.0,1,0,
38903703,현대,올 뉴 투싼,디젤 2.0 2WD,모던,202002.0,2020,1850.0,50870.0,디젤,오토,ORIGINAL,일반,2025-03-19 22:32:36.000 +09,울산,호호모터스,327구7826,0,0,2,0.0,0.0,0,0,
39211730,현대,올 뉴 투싼,디젤 2.0 2WD,모던,201603.0,2017,1380.0,89263.0,디젤,오토,ORIGINAL,일반,2025-03-19 22:32:20.000 +09,대구,우정모터스,39모0541,1,0,1,97.704,0.0,0,0,
39178179,현대,투싼 하이브리드 (NX4),인스퍼레이션 2WD,,202302.0,2023,3190.0,18218.0,가솔린+전기,오토,ORIGINAL,일반,2025-03-19 22:32:06.000 +09,경기,(주)유카,244더3902,0,0,1,0.0,0.0,0,0,
38716558,현대,투싼 하이브리드 (NX4),프리미엄 2WD,,202110.0,2022,3333.0,69221.0,가솔린+전기,오토,ORIGINAL,일반,2025-03-19 22:31:37.000 +09,광주,행운자동차,248누2563,0,0,1,0.0,0.0,1,0,
39051459,현대,투싼 (NX4),가솔린 1.6 터보 2WD,모던,202010.0,2021,2120.0,60595.0,가솔린,오토,ORIGINAL,일반,2025-03-19 22:30:44.000 +09,광주,홍카모터스,275구9458,3,0,1,262.826,0.0,0,0,
39168279,현대,투싼 하이브리드 (NX4),프리미엄 2WD,,202011.0,2021,2420.0,79731.0,가솔린+전기,오토,ORIGINAL,일반,2025-03-19 22:30:32.000 +09,서울,(주)태양모터스,267버1284,1,2,0,69.7162,316.958,0,0,
39083186,현대,올 뉴 투싼,디젤 2.0 2WD,스마트,201709.0,2018,1290.0,78270.0,디젤,오토,ORIGINAL,일반,2025-03-19 22:30:26.000 +09,경기,워너비카,02더6498,1,1,5,60.8384,229.1677,0,0,
38940270,현대,올 뉴 투싼,디젤 2.0 2WD,스마트,201803.0,2018,1239.0,92607.0,디젤,오토,ORIGINAL,일반,2025-03-19 22:30:14.000 +09,경기,바른모터스,378마9709,1,1,1,43.8202,80.3295,1,0,
38548496,현대,올 뉴 투싼,가솔린 1.6 터보 2WD,모던,201711.0,2018,1690.0,54839.0,가솔린,오토,ORIGINAL,일반,2025-03-19 22:30:12.000 +09,경기,해피카,10서7347,0,1,1,0.0,47.658,0,0,
38812348,현대,올 뉴 투싼,가솔린 1.6 터보 2WD,프리미엄,201908.0,2019,1850.0,50062.0,가솔린,오토,ORIGINAL,일반,2025-03-19 22:30:03.000 +09,울산,R모터스,152구6483,0,0,1,0.0,0.0,1,0,
39221445,현대,투싼 (NX4),디젤 2.0 2WD,프리미엄,202104.0,2021,2530.0,42234.0,디젤,오토,ORIGINAL,일반,2025-03-19 22:29:12.000 +09,부산,(주)신세계 모터스,220소1761,0,0,1,0.0,0.0,1,0,
37910383,현대,올 뉴 투싼,디젤 2.0 2WD,모던,201710.0,2018,1339.0,122004.0,디젤,오토,ORIGINAL,일반,2025-03-19 22:29:02.000 +09,충남,주)BK모터스,01우3571,2,2,2,137.5651,92.277,0,0,
38959634,현대,올 뉴 투싼,디젤 2.0 2WD,모던,201701.0,2017,1489.0,97643.0,디젤,오토,ORIGINAL,일반,2025-03-19 22:28:48.000 +09,대구,홍모터스,68더9273,1,1,2,82.8639,36.7446,0,0,
38999010,현대,올 뉴 투싼,디젤 2.0 2WD,모던,201903.0,2019,1690.0,95751.0,디젤,오토,ORIGINAL,일반,2025-03-19 22:28:04.000 +09,충북,(주)이조은모터스,156우7992,0,0,3,0.0,0.0,1,0,
39108876,현대,투싼 (NX4),가솔린 1.6 터보 4WD,인스퍼레이션,202309.0,2023,3050.0,5320.0,가솔린,오토,ORIGINAL,일반,2025-03-19 22:27:21.000 +09,경기,오토리카,178보2103,0,1,1,0.0,218.5731,1,0,
38845024,현대,투싼 하이브리드 (NX4),프리미엄 2WD,,202302.0,2023,2999.0,39671.0,가솔린+전기,오토,ORIGINAL,일반,2025-03-19 22:26:42.000 +09,부산,(주)하나오토,188가5876,1,0,1,110.724,0.0,0,0,
39246223,현대,올 뉴 투싼,디젤 2.0 2WD,모던,201911.0,2020,1780.0,54344.0,디젤,오토,ORIGINAL,일반,2025-03-19 22:26:15.000 +09,서울,양상연,337도6323,0,0,2,0.0,0.0,1,0,
38784475,현대,투싼,디젤(VGT) 2WD MX,고급형,200806.0,2008,370.0,90658.0,디젤,오토,ORIGINAL,일반,2025-03-19 22:25:53.000 +09,부산,(주)더카모터스,63어6954,1,2,2,61.3974,53.6819,0,0,
38141011,현대,투싼 ix,디젤 2WD LX20,럭셔리,201203.0,2012,730.0,105620.0,디젤,오토,ORIGINAL,일반,2025-03-19 22:25:53.000 +09,부산,(주)더카모터스,41머6771,4,2,1,222.0939,137.829,0,0,
38392075,현대,투싼,디젤(VGT) 2WD MXL,고급형,200708.0,2007,330.0,120029.0,디젤,오토,ORIGINAL,일반,2025-03-19 22:25:53.000 +09,부산,(주)더카모터스,14루3834,1,0,3,20.2285,0.0,0,0,
38776863,현대,올 뉴 투싼,디젤 2.0 2WD,모던,201602.0,2016,1260.0,140763.0,디젤,오토,ORIGINAL,일반,2025-03-19 22:25:53.000 +09,부산,(주)더카모터스,24루4629,2,2,2,282.1318,109.649,0,0,
39244637,현대,투싼 (NX4),가솔린 1.6 터보 2WD,프리미엄,202106.0,2021,2690.0,31242.0,가솔린,오토,ORIGINAL,일반,2025-03-19 22:25:45.000 +09,대구,오토플러스(주),110루9991,0,0,1,0.0,0.0,0,0,
39270287,현대,투싼 (NX4),디젤 2.0 2WD,프리미엄,202102.0,2021,2670.0,29678.0,디젤,오토,ORIGINAL,일반,2025-03-19 22:25:12.000 +09,경기,준모터스,143로3677,0,0,1,0.0,0.0,1,0,
39248250,현대,투싼 ix,디젤 2WD X20,럭셔리,201205.0,2012,550.0,239929.0,디젤,수동,ORIGINAL,일반,2025-03-19 22:24:24.000 +09,경기,주식회사 현대상사,47가6055,3,1,1,175.7144,37.2688,0,0,
38175113,현대,올 뉴 투싼,디젤 2.0 2WD,모던,201704.0,2017,1499.0,79340.0,디젤,오토,ORIGINAL,일반,2025-03-19 22:24:11.000 +09,경기,경기현대상사,25가7302,1,1,2,172.757,43.182,0,0,
39256593,현대,투싼 (NX4),가솔린 1.6 터보 2WD,모던,202107.0,2021,2050.0,87428.0,가솔린,오토,ORIGINAL,일반,2025-03-19 22:23:57.000 +09,경남,강남모터스,241마6534,2,1,1,108.1848,43.3169,1,0,
39190300,현대,투싼 (NX4),가솔린 1.6 터보 2WD,프리미엄,202110.0,2022,2290.0,42710.0,가솔린,오토,ORIGINAL,일반,2025-03-19 22:22:37.000 +09,전북,한라상사,173라5438,1,1,0,141.1069,203.6459,0,0,
38985101,현대,올 뉴 투싼,가솔린 1.6 터보 4WD,인스퍼레이션,202006.0,2020,2390.0,36391.0,가솔린,오토,ORIGINAL,일반,2025-03-19 22:22:36.000 +09,경기,(주)대기자동차,100서2517,3,0,2,190.9767,0.0,1,0,
38905724,현대,투싼 (NX4),디젤 2.0 2WD,인스퍼레이션,202211.0,2023,2970.0,34643.0,디젤,오토,ORIGINAL,일반,2025-03-19 22:22:17.000 +09,대구,프라임모터스대표,165가6759,0,0,0,0.0,0.0,0,0,
38342450,현대,투싼 하이브리드 (NX4),인스퍼레이션 2WD,,202011.0,2021,2990.0,27208.0,가솔린+전기,오토,ORIGINAL,일반,2025-03-19 22:22:03.000 +09,경기,주식회사 오토엠,257루8256,1,1,0,69.277,83.401,0,0,
39196338,현대,올 뉴 투싼,디젤 1.6 2WD,모던,201902.0,2019,1650.0,48429.0,디젤,오토,ORIGINAL,일반,2025-03-19 22:21:45.000 +09,서울,(주)서진모터스,17모8793,0,3,0,0.0,447.9828,0,0,
39038613,현대,투싼 ix,디젤 2WD LX20,럭셔리,201001.0,2010,480.0,161231.0,디젤,오토,ORIGINAL,일반,2025-03-19 22:21:40.000 +09,경남,중고차는 정대리,46루4835,1,1,2,53.5013,57.4113,0,0,
39237554,현대,올 뉴 투싼,가솔린 1.6 터보 2WD,모던,201810.0,2019,1880.0,28982.0,가솔린,오토,ORIGINAL,일반,2025-03-19 22:21:11.000 +09,서울,양상연,40서4054,2,0,0,85.5582,0.0,0,0,
38572795,현대,올 뉴 투싼,디젤 1.7 2WD,모던,201507.0,2016,1060.0,105417.0,디젤,오토,ORIGINAL,일반,2025-03-19 22:20:52.000 +09,경기,성진모터스,11주7759,1,1,1,47.757,72.6041,0,0,
38879686,현대,투싼 (NX4),가솔린 1.6 터보 2WD,모던,202105.0,2021,1790.0,116052.0,가솔린,오토,ORIGINAL,일반,2025-03-19 22:20:05.000 +09,대전,YD모터스,225러6920,2,1,2,74.4179,48.987,1,0,
39147348,현대,올 뉴 투싼,디젤 1.6 2WD,스마트,202001.0,2020,1390.0,100446.0,디젤,오토,ORIGINAL,일반,2025-03-19 22:19:35.000 +09,경기,오영모터스,197오8743,0,0,1,0.0,0.0,1,0,
38795882,현대,올 뉴 투싼,가솔린 1.6 터보 2WD,프리미엄,201906.0,2019,1690.0,94710.0,가솔린,오토,ORIGINAL,일반,2025-03-19 22:18:57.000 +09,대구,원모터스,17저2991,2,1,0,152.1367,41.0468,0,0,
38236628,현대,투싼 하이브리드 (NX4),인스퍼레이션 2WD,,202108.0,2022,2990.0,49500.0,가솔린+전기,오토,ORIGINAL,일반,2025-03-19 22:18:56.000 +09,대전,카인모터스,176러6273,0,0,0,0.0,0.0,0,0,
38142169,현대,투싼 하이브리드 (NX4),인스퍼레이션 2WD,,202206.0,2022,3190.0,12950.0,가솔린+전기,오토,ORIGINAL,일반,2025-03-19 22:18:56.000 +09,대전,카인모터스,140루1960,0,0,2,0.0,0.0,0,0,
38494068,현대,올 뉴 투싼,디젤 2.0 2WD,프리미엄,201605.0,2017,1490.0,127065.0,디젤,오토,ORIGINAL,일반,2025-03-19 22:18:34.000 +09,경기,제이모터스,50조0161,1,1,3,71.5258,45.5318,0,0,
39266802,현대,올 뉴 투싼,디젤 2.0 2WD,스타일,201601.0,2016,1050.0,141579.0,디젤,오토,ORIGINAL,일반,2025-03-19 22:17:13.000 +09,대구,아이엠모터스,249고5549,3,2,4,145.6946,310.57,1,0,
39247481,현대,올 뉴 투싼,디젤 1.7 2WD,스타일,201601.0,2016,1080.0,128306.0,디젤,오토,ORIGINAL,일반,2025-03-19 22:16:37.000 +09,부산,(주)우진오토모빌,42소6921,0,0,0,0.0,0.0,0,0,
38850547,현대,올 뉴 투싼,디젤 1.6 2WD,스마트,202003.0,2020,1530.0,94701.0,디젤,오토,ORIGINAL,일반,2025-03-19 22:16:12.000 +09,경기,홈카,395어1424,0,1,0,0.0,0.0,0,0,
39018712,현대,올 뉴 투싼,디젤 2.0 2WD,모던,201701.0,2017,1560.0,63043.0,디젤,오토,ORIGINAL,일반,2025-03-19 22:14:28.000 +09,부산,에이스모터스,02노2604,4,0,0,256.8973,0.0,0,0,
39271211,현대,올 뉴 투싼,디젤 2.0 2WD,스마트,201801.0,2018,1030.0,164834.0,디젤,오토,ORIGINAL,일반,2025-03-19 22:12:20.000 +09,경기,스카이모터스,69오3792,0,2,0,0.0,145.9263,0,0,
39103191,현대,투싼 (NX4),가솔린 1.6 터보 2WD,인스퍼레이션,202302.0,2023,3440.0,6735.0,가솔린,오토,ORIGINAL,일반,2025-03-19 22:11:09.000 +09,부산,수한모터스,270오2100,0,0,0,0.0,0.0,0,0,
39112577,현대,투싼 (NX4),가솔린 1.6 터보 2WD,인스퍼레이션,202212.0,2023,3170.0,15968.0,가솔린,오토,ORIGINAL,일반,2025-03-19 22:11:09.000 +09,부산,수한모터스,317주7427,0,0,0,0.0,0.0,0,0,
39244010,현대,더 뉴 투싼 하이브리드 (NX4),HEV 1.6 2WD,N Line 인스퍼레이션,202406.0,2024,4220.0,23940.0,가솔린+전기,오토,ORIGINAL,일반,2025-03-19 22:11:09.000 +09,부산,수한모터스,206마4295,1,0,0,42.429,0.0,0,0,
39204656,현대,올 뉴 투싼,디젤 2.0 2WD,모던,201610.0,2017,1199.0,136495.0,디젤,오토,ORIGINAL,일반,2025-03-19 22:11:03.000 +09,부산,(주)차순이모터스,173너4679,0,0,5,0.0,0.0,1,0,
39203314,현대,올 뉴 투싼,디젤 2.0 4WD,프리미엄,201811.0,2019,1890.0,112608.0,디젤,오토,ORIGINAL,일반,2025-03-19 22:10:52.000 +09,대전,우신모터스,39나6964,3,0,0,186.0674,0.0,0,0,
39173913,현대,투싼 (NX4),가솔린 1.6 터보 2WD,모던,202201.0,2022,2290.0,25641.0,가솔린,오토,ORIGINAL,일반,2025-03-19 22:10:06.000 +09,인천,(주)타워모터스,148머1746,1,0,1,95.2232,0.0,1,0,
38861096,현대,투싼 (NX4),가솔린 1.6 터보 2WD,프리미엄,202012.0,2021,2480.0,24616.0,가솔린,오토,ORIGINAL,일반,2025-03-19 22:09:55.000 +09,부산,신세계모터스,136마7469,1,1,2,115.7352,193.1036,0,0,
39239331,현대,투싼 ix,디젤 2WD LX20,프리미어,200912.0,2010,499.0,128000.0,디젤,오토,ORIGINAL,일반,2025-03-19 22:09:54.000 +09,경북,유진상사,17부7875,4,1,0,153.7685,64.124,0,0,
39231696,현대,투싼 하이브리드 (NX4),인스퍼레이션 2WD,,202101.0,2021,3090.0,51813.0,가솔린+전기,오토,ORIGINAL,일반,2025-03-19 22:09:54.000 +09,대구,윤모터스,192고7323,0,0,0,0.0,0.0,0,0,
39053491,현대,올 뉴 투싼,디젤 1.7 2WD,모던,201506.0,2016,990.0,155792.0,디젤,오토,ORIGINAL,일반,2025-03-19 22:08:40.000 +09,경기,제이원모터스,11루8293,2,3,3,243.6027,179.2204,0,0,
39226318,현대,올 뉴 투싼,디젤 2.0 4WD,스타일 스페셜,201704.0,2017,1220.0,117246.0,디젤,오토,ORIGINAL,일반,2025-03-19 22:08:39.000 +09,경기,제이원모터스,127부5294,0,0,3,0.0,0.0,1,0,
38716278,현대,올 뉴 투싼,디젤 2.0 2WD,모던,201711.0,2018,9999.0,76061.0,디젤,오토,ORIGINAL,일반,2025-03-19 22:08:03.000 +09,경기,베스트자동차,21구4771,2,2,1,112.8166,114.951,0,0,
39237371,현대,더 뉴 투싼 하이브리드 (NX4),HEV 1.6 2WD,프리미엄,202409.0,2024,3799.0,1962.0,가솔린+전기,오토,ORIGINAL,일반,2025-03-19 22:07:55.000 +09,경남,MK모터스,260수1725,0,0,1,0.0,0.0,1,0,
39237331,현대,더 뉴 투싼 하이브리드 (NX4),HEV 1.6 2WD,인스퍼레이션,202408.0,2024,3999.0,144.0,가솔린+전기,오토,ORIGINAL,일반,2025-03-19 22:07:55.000 +09,경남,MK모터스,265나1249,0,0,1,0.0,0.0,1,0,
39003301,현대,투싼 ix,디젤 2WD LX20,프리미어,201208.0,2013,590.0,200000.0,디젤,오토,ORIGINAL,일반,2025-03-19 22:06:38.000 +09,부산,신평상사 대표,60보4231,3,2,3,235.8149,86.7434,0,0,
39243511,현대,투싼 (NX4),가솔린 1.6 터보 2WD,인스퍼레이션,202103.0,2021,2890.0,65106.0,가솔린,오토,ORIGINAL,일반,2025-03-19 22:06:10.000 +09,대구,프라임모터스대표,320라7785,0,0,0,0.0,0.0,0,0,
39059768,현대,올 뉴 투싼,디젤 2.0 2WD,스마트,201707.0,2018,1599.0,65624.0,디젤,오토,ORIGINAL,일반,2025-03-19 22:05:56.000 +09,울산,(주)자동차마을아빠상사,115러9329,0,0,3,0.0,0.0,1,0,
39200496,현대,투싼 하이브리드 (NX4),프리미엄 2WD,,202305.0,2023,3150.0,31587.0,가솔린+전기,오토,ORIGINAL,일반,2025-03-19 22:05:45.000 +09,울산,BMW자동차매매상사,195머1620,0,0,2,0.0,0.0,0,0,
38664696,현대,더 뉴 투싼 하이브리드 (NX4),HEV 1.6 2WD,인스퍼레이션,202405.0,2024,3850.0,11082.0,가솔린+전기,오토,ORIGINAL,일반,2025-03-19 22:05:41.000 +09,울산,울산무한자동차상사,232나6352,0,0,1,0.0,0.0,0,0,
39250217,현대,투싼 하이브리드 (NX4),프리미엄 2WD,,202302.0,2023,3030.0,19094.0,가솔린+전기,오토,ORIGINAL,일반,2025-03-19 22:05:41.000 +09,울산,울산무한자동차상사,181구7282,0,1,1,0.0,48.0786,0,0,
39175665,현대,올 뉴 투싼,디젤 2.0 2WD,모던,201907.0,2019,1630.0,93151.0,디젤,오토,ORIGINAL,일반,2025-03-19 22:05:07.000 +09,대구,대진자동차상사,197서4273,0,0,1,0.0,0.0,1,0,
39082964,현대,올 뉴 투싼,디젤 1.6 2WD,모던,201902.0,2019,1320.0,133727.0,디젤,오토,ORIGINAL,일반,2025-03-19 22:05:07.000 +09,대구,대진자동차상사,348우1279,1,0,5,52.096,0.0,1,0,
39154375,현대,올 뉴 투싼,디젤 2.0 4WD,스마트,201912.0,2020,1450.0,55125.0,디젤,오토,ORIGINAL,일반,2025-03-19 22:04:13.000 +09,대구,행운중고자동차상사,155조6149,2,0,1,236.558,0.0,0,0,
37215640,현대,투싼 (NX4),가솔린 1.6 터보 4WD,인스퍼레이션,202305.0,2023,3550.0,2283.0,가솔린,오토,ORIGINAL,일반,2025-03-19 22:04:08.000 +09,서울,(주)서진모터스,387마8900,1,0,0,54.8144,0.0,0,0,
37258673,현대,투싼 ix,디젤 2WD X20,스마트,201304.0,2013,550.0,183168.0,디젤,오토,ORIGINAL,일반,2025-03-19 22:03:43.000 +09,광주,선경자동차매매상사,45너8001,5,5,1,459.1547,635.909,0,0,
39221872,현대,올 뉴 투싼,디젤 1.7 2WD,모던,201511.0,2016,1020.0,121931.0,디젤,오토,ORIGINAL,일반,2025-03-19 22:02:47.000 +09,부산,온누리모터스 대표,29너0907,3,0,2,239.131,0.0,0,0,
39216491,현대,올 뉴 투싼,디젤 2.0 2WD,스타일 스페셜,201609.0,2017,1380.0,83683.0,디젤,오토,ORIGINAL,일반,2025-03-19 22:02:40.000 +09,대전,(주)하입카즈,46누0137,0,0,2,0.0,0.0,0,0,
39075675,현대,올 뉴 투싼,디젤 2.0 2WD,모던,201604.0,2017,1260.0,158518.0,디젤,오토,ORIGINAL,일반,2025-03-19 22:02:39.000 +09,대전,(주)하입카즈,51조0981,1,0,2,76.88,0.0,0,0,
39249703,현대,투싼 ix,디젤 2WD LX20,스마트팩,201104.0,2012,699.0,97041.0,디젤,오토,ORIGINAL,일반,2025-03-19 22:01:05.000 +09,대전,(주)뉴하모니카,57부3434,2,4,1,153.5986,219.945,0,0,
39041580,현대,투싼 (NX4),가솔린 1.6 터보 4WD,인스퍼레이션,202103.0,2021,2790.0,95261.0,가솔린,오토,ORIGINAL,일반,2025-03-19 22:01:04.000 +09,대전,(주)뉴하모니카,143라8547,0,0,1,0.0,0.0,0,0,
38009395,현대,올 뉴 투싼,디젤 1.7 2WD,스타일,201602.0,2016,1090.0,96272.0,디젤,오토,ORIGINAL,일반,2025-03-19 22:00:21.000 +09,부산,미르모터스,31버0559,3,3,3,367.6818,229.5649,0,0,
38395668,현대,올 뉴 투싼,가솔린 1.6 터보 2WD,모던,202010.0,2020,2080.0,50599.0,가솔린,오토,ORIGINAL,일반,2025-03-19 22:00:15.000 +09,서울,양상연,365머1554,2,2,3,107.4237,76.3565,0,0,
38570679,현대,투싼 하이브리드 (NX4),인스퍼레이션 2WD,,202212.0,2023,3120.0,12280.0,가솔린+전기,오토,ORIGINAL,리스,2025-03-19 21:59:18.000 +09,경기,블루오토,233루8224,0,0,0,0.0,0.0,0,0,
39041420,현대,투싼 ix,디젤 2WD X20,럭셔리,201207.0,2013,550.0,177770.0,디젤,오토,ORIGINAL,일반,2025-03-19 21:59:18.000 +09,울산,어벤져스모터스,18머9078,2,4,5,109.01,179.7792,0,0,
39220712,현대,투싼 하이브리드 (NX4),인스퍼레이션 2WD,,202303.0,2023,3450.0,15584.0,가솔린+전기,오토,ORIGINAL,일반,2025-03-19 21:57:50.000 +09,경기,제이원모터스,229노9906,2,1,0,146.1564,81.3068,0,0,
38904658,현대,올 뉴 투싼,디젤 2.0 2WD,프리미엄,201907.0,2019,1799.0,90238.0,디젤,오토,ORIGINAL,일반,2025-03-19 21:56:37.000 +09,부산,SM 모터스,29누8709,0,1,1,0.0,95.254,0,0,
39253852,현대,뉴 투싼 ix,디젤(e-VGT) 2WD,스마트 스페셜,201311.0,2014,955.0,73320.0,디젤,오토,ORIGINAL,일반,2025-03-19 21:56:06.000 +09,대구,(주)하나카즈,23루9121,1,3,2,109.2763,237.4522,0,0,
39268016,현대,투싼 (NX4),가솔린 1.6 터보 2WD,모던,202102.0,2021,1870.0,95400.0,가솔린,오토,ORIGINAL,일반,2025-03-19 21:55:58.000 +09,인천,주식회사 이삭모터스,223거5744,3,1,3,85.411,213.3,1,0,
39021579,현대,올 뉴 투싼,가솔린 1.6 터보 4WD,인스퍼레이션,201911.0,2020,2490.0,39000.0,가솔린,오토,ORIGINAL,일반,2025-03-19 21:55:57.000 +09,인천,주식회사 이삭모터스,326다2437,0,0,2,0.0,0.0,1,0,
39073021,현대,투싼 (NX4),가솔린 1.6 터보 2WD,모던,202103.0,2021,2050.0,86413.0,가솔린,오토,ORIGINAL,일반,2025-03-19 21:55:51.000 +09,부산,(주)진이오토,367조9182,0,0,1,0.0,0.0,1,0,
39141924,현대,투싼 하이브리드 (NX4),프리미엄 2WD,,202301.0,2023,2700.0,66551.0,가솔린+전기,오토,ORIGINAL,일반,2025-03-19 21:55:51.000 +09,부산,(주)진이오토,205조6189,2,1,0,150.31,74.6019,0,0,
38718846,현대,올 뉴 투싼,가솔린 1.6 터보 2WD,모던,201612.0,2017,1700.0,52788.0,가솔린,오토,ORIGINAL,일반,2025-03-19 21:55:03.000 +09,서울,양상연,37라3571,0,0,4,0.0,0.0,0,0,
39249416,현대,투싼 (NX4),가솔린 1.6 터보 2WD,모던,202303.0,2023,2580.0,8670.0,가솔린,오토,ORIGINAL,일반,2025-03-19 21:55:03.000 +09,서울,양상연,358보1115,0,0,1,0.0,0.0,0,0,
39208064,현대,투싼 ix,디젤 2WD LX20,프리미어,200912.0,2010,400.0,179635.0,디젤,오토,ORIGINAL,일반,2025-03-19 21:54:02.000 +09,충북,청주자동차매매상사,28저6848,3,6,4,685.057,785.631,0,0,
39260651,현대,투싼 (NX4),가솔린 1.6 터보 2WD,모던,202107.0,2021,1730.0,123421.0,가솔린,오토,ORIGINAL,일반,2025-03-19 21:52:44.000 +09,서울,(주)하나카모터스,254모4078,0,1,2,0.0,53.5672,1,0,
39206146,현대,올 뉴 투싼,디젤 2.0 2WD,모던,201703.0,2017,1340.0,119255.0,디젤,오토,ORIGINAL,일반,2025-03-19 21:52:30.000 +09,부산,(주)에코모터스,06마4330,5,1,2,340.8512,68.0291,0,0,
39089188,현대,올 뉴 투싼,디젤 1.6 2WD,모던,201904.0,2019,1250.0,105954.0,디젤,오토,ORIGINAL,일반,2025-03-19 21:52:12.000 +09,울산,뉴스카이모터스,13무6698,2,1,1,208.16,140.5371,0,0,
39091450,현대,올 뉴 투싼,디젤 1.6 2WD,모던,202001.0,2020,1650.0,73630.0,디젤,오토,ORIGINAL,일반,2025-03-19 21:52:11.000 +09,울산,뉴스카이모터스,383조4237,0,0,1,0.0,0.0,0,0,
38923811,현대,더 뉴 투싼 하이브리드 (NX4),HEV 1.6 2WD,인스퍼레이션,202402.0,2024,4500.0,545.0,가솔린+전기,오토,ORIGINAL,일반,2025-03-19 21:52:05.000 +09,경기,(주)엠모터스,316두2922,0,0,1,0.0,0.0,1,0,
39101453,현대,올 뉴 투싼,디젤 1.6 4WD,프리미엄,201901.0,2019,1680.0,60404.0,디젤,오토,ORIGINAL,일반,2025-03-19 21:52:05.000 +09,경기,서진모터스,01소2909,2,1,2,240.713,206.88,0,0,
39169583,현대,투싼 (NX4),가솔린 1.6 터보 4WD,인스퍼레이션,202207.0,2022,3000.0,35074.0,가솔린,오토,ORIGINAL,일반,2025-03-19 21:52:05.000 +09,경기,(주)엠모터스,190도4059,0,0,1,0.0,0.0,1,0,
38338326,현대,올 뉴 투싼,디젤 1.7 2WD,모던 피버,201612.0,2017,1590.0,68211.0,디젤,오토,ORIGINAL,일반,2025-03-19 21:50:45.000 +09,울산,헤이오토,42누0206,1,3,4,29.0,161.8186,0,0,
39232175,현대,올 뉴 투싼,디젤 1.6 2WD,프리미엄,201903.0,2019,1590.0,95330.0,디젤,오토,ORIGINAL,일반,2025-03-19 21:50:14.000 +09,부산,도성모터스,54모4950,1,0,0,43.369,0.0,0,0,
39073059,현대,뉴 투싼 ix,디젤(e-VGT) 2WD,스마트 스페셜,201503.0,2015,870.0,147037.0,디젤,오토,ORIGINAL,일반,2025-03-19 21:48:55.000 +09,경기,차오름모터스,14다1998,1,1,1,32.783,53.889,0,0,
38634551,현대,올 뉴 투싼,디젤 2.0 2WD,모던,201907.0,2019,1850.0,69420.0,디젤,오토,ORIGINAL,일반,2025-03-19 21:48:35.000 +09,울산,갑부자동차매매상사,58모8273,3,1,0,200.7821,90.6783,0,0,
39052688,현대,올 뉴 투싼,디젤 2.0 2WD,프리미엄,201906.0,2019,1870.0,72067.0,디젤,오토,ORIGINAL,일반,2025-03-19 21:47:38.000 +09,전남,명품모터스,320라4585,0,0,1,0.0,0.0,1,0,
39153714,현대,올 뉴 투싼,디젤 2.0 2WD,스타일,201505.0,2016,1020.0,99235.0,디젤,수동,ORIGINAL,일반,2025-03-19 21:46:22.000 +09,경기,차오름모터스,11우1514,3,2,3,297.8229,163.0693,0,0,
39051800,현대,올 뉴 투싼,가솔린 1.6 터보 2WD,모던 피버,201610.0,2017,1750.0,49576.0,가솔린,오토,ORIGINAL,일반,2025-03-19 21:45:59.000 +09,충북,아슬란모터스,34구0377,0,0,1,0.0,0.0,0,0,
38757565,현대,올 뉴 투싼,디젤 1.7 2WD,스타일,201509.0,2016,990.0,74426.0,디젤,오토,ORIGINAL,일반,2025-03-19 21:45:59.000 +09,충북,아슬란모터스,53누0803,4,0,1,329.5864,0.0,0,0,
39226008,현대,투싼 ix,디젤 2WD LX20,럭셔리,201001.0,2010,470.0,185090.0,디젤,오토,ORIGINAL,일반,2025-03-19 21:45:59.000 +09,충북,아슬란모터스,42어5368,0,0,2,0.0,0.0,0,0,
39233667,현대,투싼 하이브리드 (NX4),인스퍼레이션 2WD,,202306.0,2023,3090.0,56494.0,가솔린+전기,오토,ORIGINAL,일반,2025-03-19 21:42:59.000 +09,경남,우성상사,372라6910,1,0,1,69.012,0.0,0,0,
39149492,현대,올 뉴 투싼,디젤 1.7 2WD,모던,201612.0,2017,1170.0,65280.0,디젤,오토,ORIGINAL,일반,2025-03-19 21:42:02.000 +09,서울,(주)행복드림카,37조2900,0,3,2,0.0,140.063,0,0,
39254830,현대,올 뉴 투싼,디젤 1.7 2WD,프리미엄,201707.0,2018,1279.0,98122.0,디젤,오토,ORIGINAL,일반,2025-03-19 21:41:31.000 +09,경기,라성자동차매매단지,243서9995,2,2,3,271.789,311.2313,1,0,
39250787,현대,올 뉴 투싼,디젤 2.0 2WD,스타일,201511.0,2016,1199.0,93267.0,디젤,오토,ORIGINAL,일반,2025-03-19 21:41:31.000 +09,경기,라성자동차매매단지,25무0488,1,1,1,115.5197,117.3969,0,0,
39244760,현대,올 뉴 투싼,디젤 1.7 2WD,모던,201510.0,2016,1029.0,127456.0,디젤,오토,ORIGINAL,일반,2025-03-19 21:41:31.000 +09,경기,라성자동차매매단지,29루0225,3,0,2,97.103,0.0,0,0,
37811571,현대,투싼 하이브리드 (NX4),프리미엄 2WD,,202306.0,2023,3150.0,10872.0,가솔린+전기,오토,ORIGINAL,일반,2025-03-19 21:41:10.000 +09,서울,양상연,187너4674,0,0,1,0.0,0.0,1,0,
39210444,현대,투싼 (NX4),디젤 2.0 2WD,프리미엄,202202.0,2022,2099.0,102794.0,디젤,오토,ORIGINAL,일반,2025-03-19 21:40:24.000 +09,경기,누리모터스,259노5154,1,0,1,78.4743,0.0,1,0,
39239522,현대,올 뉴 투싼,디젤 1.7 2WD,모던,201803.0,2018,1270.0,114000.0,디젤,오토,ORIGINAL,일반,2025-03-19 21:40:08.000 +09,경기,(주)더원중고차,45모5685,2,2,4,224.886,334.6397,0,0,
38850855,현대,올 뉴 투싼,디젤 2.0 2WD,모던,201802.0,2018,1499.0,99732.0,디젤,오토,ORIGINAL,일반,2025-03-19 21:40:08.000 +09,경기,제이원모터스,07머2149,1,0,2,50.993,0.0,0,0,
38918381,현대,올 뉴 투싼,디젤 2.0 2WD,모던,202007.0,2020,1520.0,151904.0,디젤,오토,ORIGINAL,일반,2025-03-19 21:40:08.000 +09,경기,제이원모터스,273머3146,1,0,1,168.4,0.0,0,0,
39082321,현대,올 뉴 투싼,디젤 1.6 4WD,스마트,202006.0,2020,1470.0,94850.0,디젤,오토,ORIGINAL,일반,2025-03-19 21:38:20.000 +09,경기,세종모터스,197어9793,1,0,1,123.7826,0.0,1,0,
39161432,현대,올 뉴 투싼,가솔린 1.6 터보 2WD,스타일,201611.0,2017,1440.0,45993.0,가솔린,오토,ORIGINAL,일반,2025-03-19 21:36:40.000 +09,부산,우원,64마0251,0,0,1,0.0,0.0,0,0,
38561839,현대,올 뉴 투싼,디젤 2.0 2WD,모던,201906.0,2019,1480.0,121326.0,디젤,오토,ORIGINAL,일반,2025-03-19 21:34:37.000 +09,서울,유진자동차,159가5070,2,0,1,199.3253,0.0,1,0,
38623176,현대,올 뉴 투싼,디젤 1.7 2WD,모던,201603.0,2017,1230.0,128565.0,디젤,오토,ORIGINAL,일반,2025-03-19 21:34:33.000 +09,광주,금강자동차,51오0580,1,2,1,108.8234,168.6494,0,0,
38441150,현대,올 뉴 투싼,디젤 2.0 2WD,모던,201510.0,2016,1180.0,131992.0,디젤,오토,ORIGINAL,일반,2025-03-19 21:34:33.000 +09,광주,금강자동차,43마4393,4,0,3,243.9011,0.0,1,0,
37952622,현대,투싼 하이브리드 (NX4),인스퍼레이션 2WD,,202111.0,2022,2990.0,30459.0,가솔린+전기,오토,ORIGINAL,일반,2025-03-19 21:33:49.000 +09,울산,나래모터스,373우6121,1,0,0,122.154,0.0,0,0,
39042677,현대,올 뉴 투싼,디젤 2.0 2WD,모던,201512.0,2016,1280.0,101552.0,디젤,오토,ORIGINAL,일반,2025-03-19 21:33:17.000 +09,경기,운산모터스,51무0688,0,0,1,0.0,0.0,0,0,
38989472,현대,올 뉴 투싼,디젤 2.0 2WD,모던 스페셜,201610.0,2017,1499.0,102817.0,디젤,오토,ORIGINAL,일반,2025-03-19 21:33:16.000 +09,대구,강륜모터스,36조0258,0,0,5,0.0,0.0,0,0,
39042274,현대,올 뉴 투싼,디젤 2.0 2WD,모던,201509.0,2016,1499.0,77185.0,디젤,오토,ORIGINAL,일반,2025-03-19 21:33:16.000 +09,대구,강륜모터스,14조6647,1,1,1,0.0,62.7309,0,0,
38863779,현대,올 뉴 투싼,디젤 1.6 2WD,모던,201911.0,2020,1580.0,83500.0,디젤,오토,ORIGINAL,일반,2025-03-19 21:33:02.000 +09,대구,대성자동차상사,159우3885,1,0,1,275.812,0.0,1,0,
38533105,현대,올 뉴 투싼,디젤 2.0 2WD,모던,201810.0,2019,1580.0,85800.0,디젤,오토,ORIGINAL,일반,2025-03-19 21:33:02.000 +09,대구,대성자동차상사,50가1989,6,2,1,516.1751,81.1272,0,0,
38215248,현대,투싼 (NX4),디젤 2.0 2WD,프리미엄,202104.0,2021,1990.0,151904.0,디젤,오토,ORIGINAL,일반,2025-03-19 21:32:04.000 +09,부산,(주)일공공일K카,229머1593,0,0,1,0.0,0.0,1,0,
38613280,현대,투싼 (NX4),가솔린 1.6 터보 2WD,인스퍼레이션,202012.0,2021,9999.0,45812.0,가솔린,오토,ORIGINAL,일반,2025-03-19 21:31:55.000 +09,경기,에스제이매매상사,391라3672,1,0,2,54.5039,0.0,1,0,
39216356,현대,투싼 (NX4),가솔린 1.6 터보 4WD,N Line 인스퍼레이션,202302.0,2023,3380.0,20838.0,가솔린,오토,ORIGINAL,일반,2025-03-19 21:31:44.000 +09,경기,차사인모터스,204어8974,0,0,0,0.0,0.0,0,0,
39169007,현대,투싼 (NX4),디젤 2.0 2WD,어드벤처,202210.0,2023,2999.0,53371.0,디젤,오토,ORIGINAL,일반,2025-03-19 21:31:37.000 +09,대전,주식회사 성공모터스,381조9971,1,0,1,39.259,0.0,0,0,
39012425,현대,투싼 (NX4),가솔린 1.6 터보 4WD,인스퍼레이션,202305.0,2023,2720.0,6435.0,가솔린,오토,ORIGINAL,일반,2025-03-19 21:31:03.000 +09,경기,돼지카,314거3174,1,0,2,108.545,0.0,0,0,
39225363,현대,올 뉴 투싼,디젤 1.6 2WD,모던,201810.0,2019,1350.0,151014.0,디젤,오토,ORIGINAL,일반,2025-03-19 21:30:41.000 +09,부산,오성모터스,52두6702,0,0,1,0.0,0.0,0,0,
38665155,현대,올 뉴 투싼,가솔린 1.6 터보 2WD,인스퍼레이션,202005.0,2020,2390.0,59476.0,가솔린,오토,ORIGINAL,일반,2025-03-19 21:30:41.000 +09,부산,오성모터스,115어7318,0,0,1,0.0,0.0,0,0,
38645281,현대,올 뉴 투싼,가솔린 1.6 터보 2WD,얼티밋 에디션,201809.0,2019,1699.0,93845.0,가솔린,오토,ORIGINAL,일반,2025-03-19 21:29:45.000 +09,대구,수성모터스,09부3644,1,2,3,126.2364,129.446,0,0,
36670914,현대,올 뉴 투싼,디젤 2.0 2WD,모던,201903.0,2019,1990.0,58397.0,디젤,오토,ORIGINAL,일반,2025-03-19 21:28:53.000 +09,대구,대일자동차상사,68너2841,0,0,0,0.0,0.0,0,0,
38513605,현대,투싼 (NX4),디젤 2.0 2WD,프리미엄,202209.0,2023,2350.0,38783.0,디젤,오토,ORIGINAL,일반,2025-03-19 21:28:41.000 +09,경기,(주)뉴카카,164머6601,0,0,1,0.0,0.0,1,0,
37949214,현대,투싼 하이브리드 (NX4),N Line 2WD,인스퍼레이션,202110.0,2022,3099.0,37441.0,가솔린+전기,오토,ORIGINAL,일반,2025-03-19 21:28:32.000 +09,경기,비전모터스,176도8822,2,0,2,143.1734,0.0,0,0,
38695005,현대,투싼 (NX4),가솔린 1.6 터보 2WD,인스퍼레이션,202202.0,2022,2850.0,55340.0,가솔린,오토,ORIGINAL,일반,2025-03-19 21:28:24.000 +09,대전,최고자동차,173나7119,1,0,3,86.2011,0.0,0,0,
38436756,현대,올 뉴 투싼,가솔린 1.6 터보 2WD,모던,201901.0,2019,1790.0,60727.0,가솔린,오토,ORIGINAL,일반,2025-03-19 21:28:20.000 +09,경기,준모터스,45보1698,2,0,2,170.022,0.0,0,0,
38968915,현대,올 뉴 투싼,디젤 1.7 2WD,스타일,201506.0,2016,1070.0,87125.0,디젤,오토,ORIGINAL,일반,2025-03-19 21:25:56.000 +09,경남,ks모터스,25어4283,1,0,2,41.88,0.0,0,0,
39241460,현대,올 뉴 투싼,디젤 2.0 4WD,스마트,201711.0,2018,1390.0,81394.0,디젤,오토,ORIGINAL,일반,2025-03-19 21:25:55.000 +09,경기,명진모터스,361로9921,0,0,4,0.0,0.0,1,0,
38725357,현대,올 뉴 투싼,가솔린 1.6 터보 2WD,인스퍼레이션,202005.0,2020,2270.0,66223.0,가솔린,오토,ORIGINAL,일반,2025-03-19 21:25:45.000 +09,경기,대한모터스,244도4700,1,0,2,160.2159,0.0,0,0,
38631460,현대,투싼 하이브리드 (NX4),프리미엄 2WD,,202103.0,2021,2760.0,42377.0,가솔린+전기,오토,ORIGINAL,일반,2025-03-19 21:25:32.000 +09,광주,(유)쌍둥이모터스,168거1631,2,2,2,167.694,479.7434,0,0,
39259939,현대,투싼 ix,디젤 2WD LX20,럭셔리,201002.0,2010,399.0,217970.0,디젤,오토,ORIGINAL,일반,2025-03-19 21:25:16.000 +09,서울,(주)오토리안,33보5264,2,2,4,279.4906,78.6796,0,0,
39100664,현대,투싼 (NX4),가솔린 1.6 터보 2WD,모던,202106.0,2021,1950.0,92287.0,가솔린,오토,ORIGINAL,일반,2025-03-19 21:25:08.000 +09,경기,세이프카,315구2940,0,2,2,0.0,283.8333,1,0,
38815794,현대,올 뉴 투싼,가솔린 1.6 터보 2WD,모던,201710.0,2018,1860.0,21166.0,가솔린,오토,ORIGINAL,일반,2025-03-19 21:24:13.000 +09,경기,프렌즈카,39서7347,1,0,1,0.0,0.0,0,0,
38614955,현대,뉴 투싼 ix,디젤(e-VGT) 2WD,스마트 스페셜,201306.0,2014,750.0,103488.0,디젤,오토,ORIGINAL,일반,2025-03-19 21:24:10.000 +09,전북,대성모터스,61주7940,0,1,2,0.0,39.3959,0,0,
39245292,현대,올 뉴 투싼,가솔린 1.6 터보 2WD,인스퍼레이션,202002.0,2020,2430.0,80609.0,가솔린,오토,ORIGINAL,일반,2025-03-19 21:24:07.000 +09,부산,스카이서비스,146누9279,0,0,1,0.0,0.0,0,0,
38432612,현대,올 뉴 투싼,디젤 1.7 2WD,모던 피버,201606.0,2017,1280.0,84539.0,디젤,오토,ORIGINAL,일반,2025-03-19 21:24:07.000 +09,부산,가람모터스,16구0842,0,0,3,0.0,0.0,0,0,
39145985,현대,올 뉴 투싼,디젤 2.0 2WD,모던,201606.0,2017,1999.0,71405.0,디젤,오토,ORIGINAL,일반,2025-03-19 21:23:44.000 +09,울산,이성민,53루0207,1,1,3,117.9968,50.5586,0,0,
39073759,현대,올 뉴 투싼,가솔린 1.6 터보 2WD,모던,201901.0,2019,1980.0,54875.0,가솔린,오토,ORIGINAL,일반,2025-03-19 21:23:30.000 +09,부산,창진모터스,43부2993,1,3,1,195.682,707.293,0,0,
39017643,현대,올 뉴 투싼,디젤 2.0 2WD,모던,201907.0,2019,1990.0,87062.0,디젤,오토,ORIGINAL,일반,2025-03-19 21:23:30.000 +09,부산,창진모터스,15누7768,1,3,1,82.1,347.9737,0,0,
38529071,현대,투싼 (NX4),가솔린 1.6 터보 2WD,인스퍼레이션,202306.0,2023,2990.0,31284.0,가솔린,오토,ORIGINAL,일반,2025-03-19 21:23:08.000 +09,부산,창진모터스,303고1417,1,0,1,165.0,0.0,0,0,
38519362,현대,올 뉴 투싼,디젤 2.0 2WD,인스퍼레이션,202002.0,2020,2190.0,78978.0,디젤,오토,ORIGINAL,일반,2025-03-19 21:22:39.000 +09,대구,TOP,236우1282,1,1,3,67.069,181.081,0,0,
39013513,현대,올 뉴 투싼,디젤 2.0 2WD,모던,201601.0,2016,1370.0,108247.0,디젤,오토,ORIGINAL,일반,2025-03-19 21:21:16.000 +09,전북,우진모터스,54서0659,0,1,1,0.0,59.626,0,0,
38808980,현대,올 뉴 투싼,디젤 2.0 2WD,모던,201505.0,2016,1240.0,146003.0,디젤,오토,ORIGINAL,일반,2025-03-19 21:21:05.000 +09,부산,대경모터스,49무6418,1,1,1,94.9641,47.627,0,0,
38607679,현대,올 뉴 투싼,디젤 2.0 2WD,모던,201912.0,2020,2090.0,40495.0,디젤,오토,ORIGINAL,일반,2025-03-19 21:21:05.000 +09,부산,대경모터스,257어2243,0,0,2,0.0,0.0,1,0,
39022583,현대,올 뉴 투싼,디젤 2.0 2WD,스마트,201803.0,2018,1240.0,117068.0,디젤,오토,ORIGINAL,일반,2025-03-19 21:19:56.000 +09,충남,이루다모터스,211수5033,0,0,2,0.0,0.0,1,0,
38909289,현대,투싼,디젤(CRDI) 2WD MX,고급형,200910.0,2010,190.0,245418.0,디젤,오토,ORIGINAL,일반,2025-03-19 21:19:22.000 +09,경기,다둥이차,32구4583,1,2,1,97.376,148.8837,0,0,
39232242,현대,더 뉴 투싼 하이브리드 (NX4),HEV 1.6 2WD,인스퍼레이션,202409.0,2024,3890.0,11955.0,가솔린+전기,오토,ORIGINAL,일반,2025-03-19 21:19:16.000 +09,경기,GD CAR,146서1084,0,0,0,0.0,0.0,0,0,
39254840,현대,올 뉴 투싼,디젤 2.0 2WD,모던 스페셜,201704.0,2017,1750.0,64235.0,디젤,오토,ORIGINAL,일반,2025-03-19 21:17:03.000 +09,대전,(주) 차근모터스,42보1119,2,0,0,67.7548,0.0,0,0,
39090800,현대,올 뉴 투싼,디젤 2.0 2WD,모던,201512.0,2016,1270.0,105131.0,디젤,오토,ORIGINAL,일반,2025-03-19 21:17:03.000 +09,대전,(주) 차근모터스,63너0964,0,1,0,0.0,94.7262,0,0,
38739162,현대,투싼 하이브리드 (NX4),인스퍼레이션 2WD,,202210.0,2023,2999.0,24392.0,가솔린+전기,오토,ORIGINAL,일반,2025-03-19 21:16:42.000 +09,전북,우진모터스,369저3547,1,2,1,239.63,114.3733,0,0,
39116267,현대,올 뉴 투싼,디젤 2.0 2WD,모던,202002.0,2020,1710.0,67595.0,디젤,오토,ORIGINAL,일반,2025-03-19 21:16:16.000 +09,경남,세븐모터스,122호1057,1,0,0,100.5634,0.0,0,0,
39160030,현대,투싼 (NX4),가솔린 1.6 터보 2WD,인스퍼레이션,202302.0,2023,3150.0,15152.0,가솔린,오토,ORIGINAL,일반,2025-03-19 21:15:45.000 +09,울산,엠피크,311서9827,1,0,0,0.0,0.0,0,0,
39260039,현대,올 뉴 투싼,디젤 2.0 2WD,프리미엄,201905.0,2019,1699.0,117466.0,디젤,오토,ORIGINAL,일반,2025-03-19 21:14:32.000 +09,경기,블루오토,221너4534,2,2,2,224.3569,367.012,1,0,
39177155,현대,올 뉴 투싼,디젤 2.0 2WD,모던,201505.0,2016,1150.0,134670.0,디젤,오토,ORIGINAL,일반,2025-03-19 21:14:02.000 +09,서울,(주)탑모터스,14구3553,2,0,1,146.4307,0.0,0,0,
38260946,현대,올 뉴 투싼,가솔린 1.6 터보 2WD,모던,201905.0,2019,1790.0,82414.0,가솔린,오토,ORIGINAL,일반,2025-03-19 21:13:58.000 +09,광주,오케이모터스,59조7985,0,0,2,0.0,0.0,0,0,
38492194,현대,올 뉴 투싼,가솔린 1.6 터보 2WD,프리미엄,201902.0,2019,1990.0,63811.0,가솔린,오토,ORIGINAL,일반,2025-03-19 21:13:57.000 +09,광주,오케이모터스,45우5632,0,0,1,0.0,0.0,0,0,
39266633,현대,올 뉴 투싼,디젤 2.0 2WD,프리미엄,201708.0,2018,1870.0,31607.0,디젤,오토,ORIGINAL,일반,2025-03-19 21:12:22.000 +09,경기,인연모터스,08러8339,0,0,0,0.0,0.0,0,0,
39264459,현대,뉴 투싼 ix,디젤(e-VGT) 2WD,스마트 스페셜,201410.0,2015,680.0,189781.0,디젤,오토,ORIGINAL,일반,2025-03-19 21:12:02.000 +09,경기,뉴 수성자동차,16주3627,1,0,3,40.1073,0.0,0,0,
38843561,현대,올 뉴 투싼,디젤 1.7 2WD,모던 피버,201608.0,2017,1330.0,107987.0,디젤,오토,ORIGINAL,일반,2025-03-19 21:11:49.000 +09,경기,다온자동차,142러8520,1,2,2,54.6041,181.55,1,0,
39222590,현대,올 뉴 투싼,디젤 2.0 2WD,프리미엄,201504.0,2016,1390.0,120953.0,디젤,오토,ORIGINAL,일반,2025-03-19 21:11:38.000 +09,부산,(주)우진오토모빌,184어3812,3,1,0,347.1904,60.968,1,0,
39247200,현대,올 뉴 투싼,디젤 1.7 2WD,프리미엄,201707.0,2018,1290.0,135571.0,디젤,오토,ORIGINAL,일반,2025-03-19 21:11:38.000 +09,부산,(주)우진오토모빌,02저5156,0,1,3,0.0,70.6538,1,0,
38211336,현대,투싼 (NX4),가솔린 1.6 터보 2WD,인스퍼레이션,202211.0,2023,2980.0,8100.0,가솔린,오토,ORIGINAL,일반,2025-03-19 21:11:18.000 +09,대전,뉴 윤모터스 (주),110마7434,0,0,0,0.0,0.0,0,0,
38621891,현대,투싼 (NX4),가솔린 1.6 터보 2WD,프리미엄,202108.0,2022,2590.0,38417.0,가솔린,오토,ORIGINAL,일반,2025-03-19 21:10:46.000 +09,경남,승리모터스(주식),334머3134,0,1,1,0.0,55.7724,1,0,
38899506,현대,올 뉴 투싼,디젤 1.6 2WD,모던,201809.0,2019,1650.0,58895.0,디젤,오토,ORIGINAL,일반,2025-03-19 21:09:20.000 +09,경기,세종오토,145다5932,0,0,3,0.0,0.0,1,0,
39258254,현대,투싼 (NX4),가솔린 1.6 터보 2WD,모던,202104.0,2021,2450.0,58422.0,가솔린,오토,ORIGINAL,일반,2025-03-19 21:08:37.000 +09,경기,준모터스,295로4213,1,0,0,215.9529,0.0,0,0,
39194957,현대,투싼 (NX4),가솔린 1.6 터보 2WD,인스퍼레이션,202211.0,2023,2550.0,89856.0,가솔린,오토,ORIGINAL,일반,2025-03-19 21:08:24.000 +09,대전,(주)청담모터스,333저5109,0,0,0,0.0,0.0,0,0,
36131278,현대,투싼 ix,디젤 2WD LX20,프리미어,201001.0,2010,599.0,97615.0,디젤,오토,ORIGINAL,일반,2025-03-19 21:08:17.000 +09,전북,(유)카스토리,28너8937,1,1,2,190.934,143.544,0,0,
38948151,현대,올 뉴 투싼,디젤 2.0 2WD,스마트,202009.0,2020,1799.0,45943.0,디젤,오토,ORIGINAL,일반,2025-03-19 21:07:52.000 +09,서울,드림카,195머6551,1,2,1,52.073,209.8432,1,0,
39120580,현대,투싼 (NX4),가솔린 1.6 터보 4WD,프리미엄,202211.0,2023,2699.0,46193.0,가솔린,오토,ORIGINAL,일반,2025-03-19 21:07:52.000 +09,서울,드림카,387버3647,1,0,0,63.8619,0.0,0,0,
39173747,현대,투싼 하이브리드 (NX4),인스퍼레이션 2WD,,202012.0,2021,2790.0,71838.0,가솔린+전기,오토,ORIGINAL,일반,2025-03-19 21:06:59.000 +09,울산,에스다이렉트카,100무8630,1,1,1,110.672,64.8338,0,0,
38652258,현대,올 뉴 투싼,디젤 2.0 2WD,모던,201508.0,2016,1350.0,85169.0,디젤,오토,ORIGINAL,일반,2025-03-19 21:05:31.000 +09,전북,우진모터스,11저1488,0,1,1,0.0,54.476,0,0,
39049569,현대,올 뉴 투싼,디젤 1.7 2WD,모던,201504.0,2016,1050.0,118040.0,디젤,오토,ORIGINAL,일반,2025-03-19 21:05:24.000 +09,전북,k2모터스 128호,66머9425,1,2,1,101.022,243.161,0,0,
38663689,현대,투싼 (NX4),디젤 2.0 2WD,프리미엄,202104.0,2021,2280.0,76366.0,디젤,오토,ORIGINAL,일반,2025-03-19 21:05:18.000 +09,경기,(주)뉴카카,375도2215,0,0,2,0.0,0.0,1,0,
38211791,현대,올 뉴 투싼,디젤 1.7 2WD,모던,201601.0,2016,1150.0,91323.0,디젤,오토,ORIGINAL,일반,2025-03-19 21:05:04.000 +09,인천,코리아모터스,65저0982,1,1,3,182.0103,71.113,0,0,
38406016,현대,올 뉴 투싼,디젤 2.0 2WD,모던,202006.0,2020,1630.0,92501.0,디젤,오토,ORIGINAL,일반,2025-03-19 21:05:04.000 +09,인천,코리아모터스,276누8231,5,2,2,329.0867,243.461,0,0,
38466834,현대,올 뉴 투싼,디젤 1.6 2WD,스마트,202007.0,2020,1400.0,113113.0,디젤,오토,ORIGINAL,일반,2025-03-19 21:05:04.000 +09,인천,코리아모터스,267더3135,3,2,1,198.3839,436.12,1,0,
38973077,현대,투싼 (NX4),디젤 2.0 2WD,프리미엄,202112.0,2022,2370.0,43225.0,디젤,오토,ORIGINAL,일반,2025-03-19 21:04:42.000 +09,서울,Kcar서초지점,265버6391,0,0,1,0.0,0.0,1,0,
39208604,현대,올 뉴 투싼,디젤 2.0 2WD,프리미엄,201907.0,2019,2090.0,26148.0,디젤,오토,ORIGINAL,일반,2025-03-19 21:04:41.000 +09,서울,Kcar서초지점,41수1727,0,0,1,0.0,0.0,0,0,
39018951,현대,투싼 하이브리드 (NX4),N Line 4WD,인스퍼레이션,202306.0,2023,3650.0,13345.0,가솔린+전기,오토,ORIGINAL,일반,2025-03-19 21:03:17.000 +09,대전,현성모터스,254로2032,0,0,1,0.0,0.0,1,0,
38922756,현대,올 뉴 투싼,가솔린 1.6 터보 2WD,스마트,202003.0,2020,1849.0,45105.0,가솔린,오토,ORIGINAL,일반,2025-03-19 21:03:04.000 +09,서울,(주)나라모터스,260서6655,0,0,0,0.0,0.0,0,0,
38797577,현대,투싼 (NX4),디젤 2.0 4WD,모던,202104.0,2021,9999.0,29705.0,디젤,오토,ORIGINAL,일반,2025-03-19 21:02:44.000 +09,경기,울트라모터스,207로8528,1,2,2,91.958,325.7591,1,0,
39175526,현대,투싼 하이브리드 (NX4),인스퍼레이션 2WD,,202011.0,2021,3070.0,34819.0,가솔린+전기,오토,ORIGINAL,일반,2025-03-19 21:01:20.000 +09,대구,M월드 봉모터스,183루5152,0,1,0,0.0,99.9317,0,0,
39176239,현대,투싼 하이브리드 (NX4),인스퍼레이션 2WD,,202301.0,2023,3370.0,26508.0,가솔린+전기,오토,ORIGINAL,일반,2025-03-19 21:01:19.000 +09,대구,M월드 봉모터스,304가5788,1,0,0,53.4,0.0,0,0,
39234630,현대,투싼 (NX4),가솔린 1.6 터보 2WD,인스퍼레이션,202011.0,2021,9999.0,55406.0,가솔린,오토,ORIGINAL,일반,2025-03-19 21:00:57.000 +09,경기,양주중고차에이원오토,398저1907,0,0,0,0.0,0.0,0,0,
37477243,현대,투싼 ix,디젤 2WD X20,디럭스,201107.0,2012,550.0,119917.0,디젤,오토,ORIGINAL,일반,2025-03-19 21:00:56.000 +09,경기,양주중고차에이원오토,23우7655,1,1,3,44.01,184.0808,0,0,
38614005,현대,올 뉴 투싼,디젤 2.0 2WD,스타일,201610.0,2017,1120.0,84387.0,디젤,오토,ORIGINAL,일반,2025-03-19 21:00:31.000 +09,경남,굿차,136도9784,1,1,3,43.5573,109.1836,1,0,
37417971,현대,올 뉴 투싼,가솔린 1.6 터보 2WD,모던,202001.0,2020,2090.0,90419.0,가솔린,오토,ORIGINAL,일반,2025-03-19 20:59:40.000 +09,대구,태성모터스,161마8313,0,1,1,0.0,0.0,0,0,
37374770,현대,올 뉴 투싼,가솔린 1.6 터보 2WD,모던 피버,201701.0,2017,2140.0,77333.0,가솔린,오토,ORIGINAL,일반,2025-03-19 20:59:40.000 +09,대구,태성모터스,51서3055,1,0,1,229.1621,0.0,0,0,
37396582,현대,올 뉴 투싼,가솔린 1.6 터보 2WD,모던,201711.0,2018,2150.0,46995.0,가솔린,오토,ORIGINAL,일반,2025-03-19 20:59:40.000 +09,대구,태성모터스,45고5772,0,0,0,0.0,0.0,0,0,
36388578,현대,투싼 (NX4),디젤 2.0 2WD,모던,202301.0,2023,2650.0,6961.0,디젤,오토,ORIGINAL,일반,2025-03-19 20:59:40.000 +09,대구,태성모터스,159너6148,0,1,0,0.0,32.198,0,0,
39120507,현대,투싼 ix,디젤 2WD LX20,프리미어,201002.0,2010,650.0,183453.0,디젤,오토,ORIGINAL,일반,2025-03-19 20:59:39.000 +09,대구,태성모터스,12라1667,1,1,7,77.5638,144.987,0,0,
38481923,현대,올 뉴 투싼,가솔린 1.6 터보 2WD,모던,201904.0,2019,1930.0,104130.0,가솔린,오토,ORIGINAL,일반,2025-03-19 20:59:39.000 +09,대구,태성모터스,65무1999,1,1,1,72.504,150.0,0,0,
37256736,현대,올 뉴 투싼,가솔린 1.6 터보 2WD,프리미엄,201802.0,2018,2090.0,70571.0,가솔린,오토,ORIGINAL,일반,2025-03-19 20:59:39.000 +09,대구,태성모터스,21부2568,1,0,1,28.5778,0.0,0,0,
39099555,현대,투싼 (NX4),가솔린 1.6 터보 4WD,인스퍼레이션,202102.0,2021,9999.0,78123.0,가솔린,오토,ORIGINAL,일반,2025-03-19 20:59:27.000 +09,경기,에이지모터스,184고6407,0,0,2,0.0,0.0,1,0,
39175657,현대,올 뉴 투싼,디젤 1.7 2WD,스타일,201801.0,2018,1130.0,115287.0,디젤,오토,ORIGINAL,일반,2025-03-19 20:59:04.000 +09,경기,우진상사,26조4097,2,1,2,64.958,93.3249,0,0,
38232598,현대,뉴 투싼 ix,디젤(e-VGT) 2WD,스마트 스페셜,201405.0,2015,770.0,159528.0,디젤,오토,ORIGINAL,일반,2025-03-19 20:57:34.000 +09,충남,천마상사,60수9592,3,0,1,268.672,0.0,0,0,
39269561,현대,투싼 하이브리드 (NX4),모던 2WD,,202102.0,2021,2430.0,51510.0,가솔린+전기,오토,ORIGINAL,일반,2025-03-19 20:55:56.000 +09,경기,(주)왕카,388다6533,0,0,1,0.0,0.0,1,0,
39253705,현대,뉴 투싼 ix,가솔린 2.0 GDI 2WD,스타일,201309.0,2014,1060.0,84352.0,가솔린,오토,ORIGINAL,일반,2025-03-19 20:55:48.000 +09,전북,미래모터스,32너8204,2,1,7,103.0653,68.769,0,0,
38953237,현대,올 뉴 투싼,디젤 1.7 2WD,모던,201805.0,2018,1430.0,91372.0,디젤,오토,ORIGINAL,일반,2025-03-19 20:55:20.000 +09,대구,뉴대우모터스,09로7928,0,0,3,0.0,0.0,0,0,
39179120,현대,올 뉴 투싼,디젤 1.7 2WD,모던,201508.0,2016,1299.0,56853.0,디젤,오토,ORIGINAL,일반,2025-03-19 20:55:07.000 +09,대구,(주)하나카즈,08나0140,0,1,1,0.0,87.0442,0,0,
39160830,현대,올 뉴 투싼,디젤 2.0 4WD,인스퍼레이션,201912.0,2020,7777.0,126705.0,디젤,오토,ORIGINAL,일반,2025-03-19 20:54:44.000 +09,대전,청담모터스,313머3953,2,0,2,146.68,0.0,1,0,
38401156,현대,올 뉴 투싼,디젤 2.0 4WD,모던,201908.0,2019,1550.0,98909.0,디젤,오토,ORIGINAL,일반,2025-03-19 20:54:09.000 +09,경기,럭키상사,152너9251,0,0,1,0.0,0.0,1,0,
38624953,현대,더 뉴 투싼 하이브리드 (NX4),HEV 1.6 2WD,N Line 인스퍼레이션,202301.0,2023,2790.0,25490.0,가솔린+전기,오토,ORIGINAL,일반,2025-03-19 20:53:20.000 +09,경기,무결점 카모터스,308너4319,0,0,1,0.0,0.0,0,0,
38609338,현대,투싼 (NX4),디젤 2.0 2WD,모던,202103.0,2021,1790.0,115143.0,디젤,오토,ORIGINAL,일반,2025-03-19 20:52:02.000 +09,부산,YG모터스,356두2935,1,1,1,83.1321,113.112,1,0,
39119023,현대,올 뉴 투싼,디젤 2.0 2WD,모던,201708.0,2018,1220.0,107630.0,디젤,오토,ORIGINAL,일반,2025-03-19 20:52:02.000 +09,부산,YG모터스,07부7784,1,1,1,39.61,28.475,0,0,
38595228,현대,올 뉴 투싼,디젤 2.0 2WD,스타일,201708.0,2018,1090.0,112864.0,디젤,오토,ORIGINAL,일반,2025-03-19 20:51:16.000 +09,전북,원모터스,186누8359,0,0,2,0.0,0.0,1,0,
39210516,현대,올 뉴 투싼,디젤 2.0 2WD,모던,201901.0,2019,1990.0,51699.0,디젤,오토,ORIGINAL,일반,2025-03-19 20:50:56.000 +09,대구,수모터스,20루4710,1,0,0,44.5834,0.0,0,0,
39002203,현대,올 뉴 투싼,디젤 2.0 2WD,스마트,201710.0,2018,1399.0,117872.0,디젤,오토,ORIGINAL,일반,2025-03-19 20:50:56.000 +09,대구,수모터스,17로7034,1,1,2,86.6946,112.2768,0,0,
38726684,현대,투싼 (NX4),디젤 2.0 4WD,프리미엄,202309.0,2023,3170.0,10386.0,디젤,오토,ORIGINAL,일반,2025-03-19 20:50:45.000 +09,충남,OB자동차,184더1710,0,0,1,0.0,0.0,0,0,
38476565,현대,올 뉴 투싼,디젤 1.7 2WD,스마트,201706.0,2018,1390.0,40639.0,디젤,오토,ORIGINAL,일반,2025-03-19 20:50:09.000 +09,경기,라온모터스,327로8320,0,1,3,0.0,498.33,1,0,
38959853,현대,올 뉴 투싼,가솔린 1.6 터보 2WD,모던,202004.0,2020,2070.0,17393.0,가솔린,오토,ORIGINAL,일반,2025-03-19 20:49:43.000 +09,전북,혁신모터스,376부6757,1,1,0,132.7668,71.0619,0,0,
38913949,현대,올 뉴 투싼,디젤 2.0 2WD,모던,201807.0,2018,1830.0,60964.0,디젤,오토,ORIGINAL,일반,2025-03-19 20:49:41.000 +09,경북,대잠중고자동차매매상사,32어7762,1,0,1,26.999,0.0,0,0,
38958133,현대,올 뉴 투싼,디젤 2.0 2WD,모던,201701.0,2017,1620.0,92349.0,디젤,오토,ORIGINAL,일반,2025-03-19 20:49:41.000 +09,경북,대잠중고자동차매매상사,54머9783,0,0,3,0.0,0.0,0,0,
39240352,현대,투싼 ix,디젤 2WD X20,럭셔리,201109.0,2012,490.0,195692.0,디젤,오토,ORIGINAL,일반,2025-03-19 20:49:02.000 +09,대전,썸카,31노5587,1,1,1,27.0,58.886,0,0,
39085827,현대,올 뉴 투싼,디젤 1.6 2WD,모던,202007.0,2020,1470.0,109445.0,디젤,오토,ORIGINAL,일반,2025-03-19 20:48:56.000 +09,대구,(주)히든모터스,145서4232,1,0,3,50.9019,0.0,1,0,
38995401,현대,투싼 (NX4),디젤 2.0 4WD,모던,202212.0,2023,2390.0,54716.0,디젤,오토,ORIGINAL,일반,2025-03-19 20:48:40.000 +09,광주,(주)한라자동차,197라7853,0,0,1,0.0,0.0,1,0,
39089614,현대,올 뉴 투싼,디젤 2.0 4WD,모던 스페셜,201612.0,2017,1590.0,97257.0,디젤,오토,ORIGINAL,일반,2025-03-19 20:48:29.000 +09,광주,(주)케이원모터스,27오2971,3,1,0,190.8159,170.688,0,0,
39232120,현대,투싼 (NX4),가솔린 1.6 터보 2WD,인스퍼레이션,202104.0,2021,2910.0,19525.0,가솔린,오토,ORIGINAL,일반,2025-03-19 20:48:10.000 +09,대구,오토플러스(주),310소5753,0,0,1,0.0,0.0,0,0,
38967555,현대,투싼 (NX4),디젤 2.0 2WD,모던,202104.0,2021,2299.0,69054.0,디젤,오토,ORIGINAL,일반,2025-03-19 20:47:36.000 +09,경기,오토프라임,167소4243,0,0,1,0.0,0.0,1,0,
39150846,현대,투싼 (NX4),디젤 2.0 2WD,모던,202101.0,2021,2399.0,43881.0,디젤,오토,ORIGINAL,일반,2025-03-19 20:47:36.000 +09,경기,오토프라임,137우9468,0,0,1,0.0,0.0,1,0,
38982109,현대,투싼 (NX4),디젤 2.0 2WD,모던,202106.0,2021,2439.0,37493.0,디젤,오토,ORIGINAL,일반,2025-03-19 20:47:36.000 +09,경기,오토프라임,167소4264,0,0,1,0.0,0.0,1,0,
39042542,현대,투싼 (NX4),디젤 2.0 4WD,프리미엄,202101.0,2021,9999.0,114158.0,디젤,오토,ORIGINAL,일반,2025-03-19 20:47:36.000 +09,경기,오토프라임,107우9464,0,0,0,0.0,0.0,1,0,
39169504,현대,투싼 (NX4),디젤 2.0 4WD,프리미엄,202105.0,2021,2699.0,43240.0,디젤,오토,ORIGINAL,일반,2025-03-19 20:47:35.000 +09,경기,오토프라임,269보8689,1,0,1,100.5827,0.0,1,0,
39054302,현대,투싼 (NX4),디젤 2.0 2WD,모던,202104.0,2021,1999.0,106849.0,디젤,오토,ORIGINAL,일반,2025-03-19 20:47:35.000 +09,경기,오토프라임,201다2694,0,0,1,0.0,0.0,1,0,
39008733,현대,뉴 투싼 ix,디젤(e-VGT) 2WD,모던,201404.0,2015,810.0,136736.0,디젤,오토,ORIGINAL,일반,2025-03-19 20:46:15.000 +09,전북,허니카모터스,27거1181,2,6,5,143.653,764.9069,0,0,
38568922,현대,올 뉴 투싼,디젤 2.0 2WD,스마트,201801.0,2018,1299.0,110800.0,디젤,오토,ORIGINAL,일반,2025-03-19 20:46:08.000 +09,전북,은혜모터스,317도4753,0,0,2,0.0,0.0,1,0,
38951408,현대,올 뉴 투싼,디젤 2.0 2WD,모던,201602.0,2016,1090.0,154332.0,디젤,오토,ORIGINAL,일반,2025-03-19 20:45:52.000 +09,경남,대웅모터스,45고0731,1,0,1,13.785,0.0,0,0,
39200208,현대,올 뉴 투싼,디젤 2.0 4WD,모던,201812.0,2019,1780.0,53149.0,디젤,오토,ORIGINAL,일반,2025-03-19 20:43:31.000 +09,광주,(주)삼흥모터스,13더5744,0,1,1,0.0,197.705,0,0,
39027311,현대,올 뉴 투싼,디젤 2.0 2WD,스마트,201709.0,2018,1290.0,82693.0,디젤,오토,ORIGINAL,일반,2025-03-19 20:43:31.000 +09,광주,(주)삼흥모터스,43나3490,2,2,2,342.6346,146.9598,0,0,
39241135,현대,올 뉴 투싼,디젤 2.0 2WD,프리미엄,201907.0,2019,1670.0,114767.0,디젤,오토,ORIGINAL,일반,2025-03-19 20:42:08.000 +09,광주,고진모터스,02서5052,2,0,1,195.2017,0.0,0,0,
38959783,현대,올 뉴 투싼,가솔린 1.6 터보 2WD,스타일,201709.0,2018,1249.0,101811.0,가솔린,오토,ORIGINAL,일반,2025-03-19 20:41:43.000 +09,대구,SB모터스,301주2519,2,1,2,92.4122,296.4854,1,0,
39188780,현대,올 뉴 투싼,가솔린 1.6 터보 2WD,모던 피버,201604.0,2017,1849.0,32403.0,가솔린,오토,ORIGINAL,일반,2025-03-19 20:41:43.000 +09,대구,SB모터스,295서3389,2,4,2,145.9028,536.4225,1,0,
39235799,현대,투싼 ix,디젤 2WD LX20,럭셔리,201001.0,2010,549.0,131201.0,디젤,오토,ORIGINAL,일반,2025-03-19 20:41:43.000 +09,대구,SB모터스,34누9781,3,1,7,355.434,18.3,0,0,
39035441,현대,투싼 하이브리드 (NX4),인스퍼레이션 2WD,,202305.0,2023,3650.0,37327.0,가솔린+전기,오토,ORIGINAL,일반,2025-03-19 20:41:24.000 +09,충북,청주모터스,144누5213,1,1,1,151.0438,211.429,0,0,
38650459,현대,올 뉴 투싼,가솔린 1.6 터보 2WD,모던,201907.0,2019,1730.0,106300.0,가솔린,오토,ORIGINAL,일반,2025-03-19 20:41:19.000 +09,경기,유니온모터스,06부5329,6,1,1,369.7065,29.0414,0,0,
39202370,현대,올 뉴 투싼,디젤 2.0 2WD,스마트,201705.0,2018,1190.0,133237.0,디젤,오토,ORIGINAL,일반,2025-03-19 20:39:49.000 +09,경기,스마일자동차,119루8359,0,1,3,0.0,98.8975,1,0,
39203286,현대,올 뉴 투싼,디젤 1.7 2WD,스마트,201708.0,2018,1190.0,96503.0,디젤,오토,ORIGINAL,일반,2025-03-19 20:39:48.000 +09,경기,스마일자동차,45저9283,2,4,0,162.0184,644.6606,0,0,
38952177,현대,올 뉴 투싼,디젤 2.0 2WD,프리미엄,201807.0,2018,1790.0,111331.0,디젤,오토,ORIGINAL,일반,2025-03-19 20:39:10.000 +09,대구,제일모터스&중고차,05루9157,2,1,1,101.2778,121.598,0,0,
38440370,현대,더 뉴 투싼 하이브리드 (NX4),HEV 1.6 2WD,인스퍼레이션,202410.0,2024,2732.0,500.0,가솔린+전기,오토,ORIGINAL,렌트,2025-03-19 20:38:10.000 +09,인천,,167하5187,0,0,0,0.0,0.0,0,0,
37977104,현대,투싼 ix,디젤 2WD LX20,럭셔리,201205.0,2012,630.0,113029.0,디젤,오토,ORIGINAL,일반,2025-03-19 20:38:01.000 +09,부산,에이스모터스,63마7397,2,0,3,53.3876,0.0,0,0,
39258309,현대,투싼,디젤(VGT) 2WD MX,고급형,200911.0,2010,280.0,173642.0,디젤,오토,ORIGINAL,일반,2025-03-19 20:37:54.000 +09,대전,베스트모터스,67마4726,1,2,6,123.19,152.1628,0,0,
39257427,현대,뉴 투싼 ix,디젤(e-VGT) 2WD,스마트 스페셜,201310.0,2014,750.0,139889.0,디젤,오토,ORIGINAL,일반,2025-03-19 20:37:53.000 +09,대전,베스트모터스,30고2762,4,2,5,292.1286,203.105,0,0,
39089404,현대,올 뉴 투싼,디젤 2.0 2WD,스타일,201507.0,2016,1250.0,82887.0,디젤,오토,ORIGINAL,일반,2025-03-19 20:37:53.000 +09,대전,베스트모터스,11로9732,0,2,3,0.0,234.953,0,0,
38384862,현대,투싼 (NX4),가솔린 1.6 터보 2WD,N Line 인스퍼레이션,202201.0,2022,2790.0,51855.0,가솔린,오토,ORIGINAL,일반,2025-03-19 20:36:59.000 +09,부산,로다 오토모빌,208부9300,4,0,0,497.234,0.0,0,0,
38585330,현대,올 뉴 투싼,가솔린 1.6 터보 2WD,모던,201610.0,2017,1850.0,12527.0,가솔린,오토,ORIGINAL,일반,2025-03-19 20:35:44.000 +09,서울,주식회사 가도모터스,51수0443,1,2,1,32.73,63.002,0,0,
39252610,현대,올 뉴 투싼,가솔린 1.6 터보 2WD,프리미엄,201907.0,2019,1650.0,73910.0,가솔린,오토,ORIGINAL,일반,2025-03-19 20:35:20.000 +09,인천,유진자동차,47버9791,0,1,1,0.0,81.0,0,0,
39216138,현대,투싼 (NX4),가솔린 1.6 터보 2WD,모던,202106.0,2021,1950.0,103946.0,가솔린,오토,ORIGINAL,일반,2025-03-19 20:34:40.000 +09,강원,태평양매매단지모터스,214러2084,0,1,2,0.0,6.9,1,0,
38769522,현대,투싼,디젤(VGT) 2WD MX,고급형,200905.0,2009,380.0,82473.0,디젤,오토,ORIGINAL,일반,2025-03-19 20:30:41.000 +09,대구,행운모터스,27거8546,9,2,1,383.3898,72.1614,0,0,
38972514,현대,올 뉴 투싼,디젤 1.7 2WD,모던,201807.0,2018,1475.0,95826.0,디젤,오토,ORIGINAL,일반,2025-03-19 20:30:41.000 +09,대구,행운모터스,303고7118,0,1,2,0.0,22.39,1,0,
38980739,현대,올 뉴 투싼,디젤 1.7 2WD,스타일,201512.0,2016,930.0,146219.0,디젤,오토,ORIGINAL,일반,2025-03-19 20:28:58.000 +09,광주,케이원모터스,17너0937,1,1,2,37.1923,99.3025,0,0,
39199775,현대,투싼 (NX4),가솔린 1.6 터보 2WD,모던,202310.0,2023,2680.0,2354.0,가솔린,오토,ORIGINAL,일반,2025-03-19 20:28:31.000 +09,서울,주식회사 피스모터스,395저3509,0,0,0,0.0,0.0,0,0,
39059199,현대,투싼 (NX4),가솔린 1.6 터보 2WD,인스퍼레이션,202302.0,2023,3450.0,1474.0,가솔린,오토,ORIGINAL,일반,2025-03-19 20:28:31.000 +09,서울,주식회사 피스모터스,320보6815,0,0,0,0.0,0.0,0,0,
39217171,현대,투싼 (NX4),디젤 2.0 2WD,프리미엄,202102.0,2021,2350.0,49698.0,디젤,오토,ORIGINAL,일반,2025-03-19 20:27:28.000 +09,대전,케이비상사 ,304거5660,3,0,0,774.307,0.0,0,0,
38618797,현대,투싼 (NX4),디젤 2.0 2WD,프리미엄,202210.0,2023,2880.0,37844.0,디젤,오토,ORIGINAL,일반,2025-03-19 20:27:11.000 +09,대구,ok차차차,360러6077,0,0,1,0.0,0.0,1,0,
39073567,현대,올 뉴 투싼,디젤 1.7 2WD,모던,201807.0,2018,1509.0,71630.0,디젤,오토,ORIGINAL,일반,2025-03-19 20:27:02.000 +09,충남,성광상사,57다6048,0,2,3,0.0,135.655,0,0,
39185735,현대,올 뉴 투싼,디젤 2.0 2WD,모던,201512.0,2016,1150.0,117752.0,디젤,오토,ORIGINAL,일반,2025-03-19 20:25:51.000 +09,대전,(주)엠월드,52러0889,3,0,1,310.5873,0.0,0,0,
39185202,현대,뉴 투싼 ix,디젤(e-VGT) 2WD,스마트 스페셜,201310.0,2014,789.0,128977.0,디젤,오토,ORIGINAL,일반,2025-03-19 20:25:48.000 +09,경기,클린오토,62버8326,2,3,2,250.5641,156.0109,0,0,
39229200,현대,투싼 ix,디젤 4WD X20,럭셔리,201207.0,2013,619.0,89497.0,디젤,오토,ORIGINAL,일반,2025-03-19 20:25:48.000 +09,경기,클린오토,23마1659,0,0,0,0.0,0.0,0,0,
39115314,현대,투싼 ix,디젤 4WD X20,럭셔리,201109.0,2012,498.0,203007.0,디젤,오토,ORIGINAL,일반,2025-03-19 20:25:47.000 +09,경기,클린오토,69루9021,3,8,5,172.1721,877.4103,1,0,
39261806,현대,투싼 ix,디젤 2WD X20,럭셔리,201111.0,2012,469.0,167670.0,디젤,오토,ORIGINAL,일반,2025-03-19 20:25:47.000 +09,경기,클린오토,66저2895,0,4,4,0.0,324.7266,0,0,
39103564,현대,투싼 (NX4),가솔린 1.6 터보 2WD,인스퍼레이션,202204.0,2022,2660.0,22700.0,가솔린,오토,ORIGINAL,일반,2025-03-19 20:25:45.000 +09,경기,준모터스,113로6186,3,1,1,301.2068,114.018,0,0,
39187767,현대,투싼 (NX4),가솔린 1.6 터보 2WD,프리미엄,202204.0,2022,2799.0,17800.0,가솔린,오토,ORIGINAL,일반,2025-03-19 20:25:44.000 +09,경기,준모터스,134버6324,2,4,2,430.6939,355.4488,0,0,
39165641,현대,올 뉴 투싼,디젤 1.7 2WD,스타일,201601.0,2016,909.0,127362.0,디젤,오토,ORIGINAL,일반,2025-03-19 20:25:28.000 +09,경기,(주)디에이치모터스,38고0811,4,2,2,1005.476,110.824,0,0,
39165877,현대,올 뉴 투싼,디젤 1.7 2WD,스타일,201508.0,2016,1039.0,49634.0,디젤,오토,ORIGINAL,일반,2025-03-19 20:25:27.000 +09,경기,(주)디에이치모터스,16나0768,3,4,1,433.7225,312.3578,0,0,
39165827,현대,올 뉴 투싼,디젤 1.7 2WD,스타일,201603.0,2017,989.0,71201.0,디젤,오토,ORIGINAL,일반,2025-03-19 20:25:27.000 +09,경기,(주)디에이치모터스,65노0831,0,1,0,0.0,140.5,0,0,
39261852,현대,올 뉴 투싼,디젤 2.0 2WD,스타일,201702.0,2017,1039.0,131323.0,디젤,오토,ORIGINAL,일반,2025-03-19 20:25:26.000 +09,경기,(주)디에이치모터스,35누3414,0,1,0,0.0,103.598,0,0,
39229127,현대,투싼 ix,디젤 2WD LX20,럭셔리,201007.0,2011,509.0,152215.0,디젤,오토,ORIGINAL,일반,2025-03-19 20:25:11.000 +09,경기,클린오토,50버5869,1,1,2,46.246,37.5828,0,0,
39229234,현대,올 뉴 투싼,디젤 1.7 2WD,모던,201801.0,2018,1199.0,131784.0,디젤,오토,ORIGINAL,일반,2025-03-19 20:25:09.000 +09,경기,클린오토,27다9132,1,3,3,113.8677,423.0271,0,0,
38576442,현대,투싼 하이브리드 (NX4),인스퍼레이션 2WD,,202211.0,2023,9999.0,12998.0,가솔린+전기,오토,ORIGINAL,일반,2025-03-19 20:23:39.000 +09,울산,강호모터스,279마8933,1,1,1,83.0764,93.9359,0,0,
39267852,현대,더 뉴 투싼 (NX4),디젤 2.0 2WD,모던,202303.0,2023,1728.0,5907.0,디젤,오토,ORIGINAL,렌트,2025-03-19 20:22:02.000 +09,경기,,190하7868,0,0,0,0.0,0.0,0,0,
38872020,현대,올 뉴 투싼,디젤 1.7 2WD,모던,201504.0,2016,1080.0,121304.0,디젤,오토,ORIGINAL,일반,2025-03-19 20:20:56.000 +09,경기,제이모션,45서1600,1,0,1,49.4255,0.0,0,0,
39173655,현대,투싼 (NX4),디젤 2.0 2WD,프리미엄,202102.0,2021,2360.0,61401.0,디젤,오토,ORIGINAL,일반,2025-03-19 20:20:47.000 +09,경기,대한모터스,176호4238,2,0,0,115.4714,0.0,0,0,
39126632,현대,뉴 투싼 ix,디젤(e-VGT) 2WD,스마트 스페셜,201312.0,2014,720.0,147948.0,디젤,오토,ORIGINAL,일반,2025-03-19 20:20:30.000 +09,대전,(주)로또자동차,258보1037,3,1,3,146.3818,364.93,1,0,
39043116,현대,올 뉴 투싼,디젤 2.0 4WD,모던,201907.0,2019,1850.0,68237.0,디젤,오토,ORIGINAL,일반,2025-03-19 20:20:26.000 +09,경북,중앙자동차매매상사,359구7097,0,2,1,0.0,227.0269,1,0,
38399221,현대,투싼 ix,디젤 2WD X20,스마트,201302.0,2013,680.0,103555.0,디젤,오토,ORIGINAL,일반,2025-03-19 20:19:02.000 +09,부산,부산모터스,47너3924,0,0,2,0.0,0.0,0,0,
38932024,현대,올 뉴 투싼,디젤 1.7 2WD,모던,201504.0,2016,1100.0,105821.0,디젤,오토,ORIGINAL,일반,2025-03-19 20:19:02.000 +09,부산,부산모터스,47거9522,0,2,3,0.0,133.0264,0,0,
39267227,현대,올 뉴 투싼,디젤 1.6 2WD,모던,201812.0,2019,1660.0,75291.0,디젤,오토,ORIGINAL,일반,2025-03-19 20:16:49.000 +09,경기,제이디모터스,31구4888,0,0,0,0.0,0.0,0,0,
38693589,현대,올 뉴 투싼,디젤 2.0 2WD,모던,201911.0,2020,1599.0,102000.0,디젤,오토,ORIGINAL,일반,2025-03-19 20:16:22.000 +09,서울,주)애플카,226루1818,0,0,1,0.0,0.0,1,0,
39223039,현대,투싼 (NX4),디젤 2.0 2WD,모던,202102.0,2021,1800.0,97396.0,디젤,오토,ORIGINAL,일반,2025-03-19 20:15:36.000 +09,대전,SK 렌터카(주),212고8109,0,0,0,0.0,0.0,1,0,
39265510,현대,올 뉴 투싼,디젤 2.0 2WD,모던,201605.0,2016,1200.0,104915.0,디젤,오토,ORIGINAL,일반,2025-03-19 20:15:35.000 +09,경기,얄개자동차,52라0321,1,0,0,123.8186,0.0,0,0,
39241366,현대,올 뉴 투싼,디젤 2.0 2WD,모던,201910.0,2020,1670.0,97000.0,디젤,오토,ORIGINAL,일반,2025-03-19 20:15:08.000 +09,인천,뉴현대모터스,107구2182,1,0,2,218.213,0.0,1,0,
38862479,현대,올 뉴 투싼,디젤 1.7 2WD,스마트,201806.0,2018,1480.0,50473.0,디젤,오토,ORIGINAL,일반,2025-03-19 20:14:02.000 +09,대구,ok차차차,21루8697,1,1,1,73.9768,102.542,0,0,
38859487,현대,투싼 (NX4),가솔린 1.6 터보 2WD,N Line 인스퍼레이션,202303.0,2023,3180.0,40928.0,가솔린,오토,ORIGINAL,일반,2025-03-19 20:14:02.000 +09,대구,ok차차차,186버8759,0,0,2,0.0,0.0,0,0,
38808535,현대,투싼 (NX4),가솔린 1.6 터보 2WD,인스퍼레이션,202101.0,2021,2500.0,54381.0,가솔린,오토,ORIGINAL,일반,2025-03-19 20:13:26.000 +09,충북,주식회사신세계자동차,138더5895,2,4,2,316.4693,712.1848,1,0,
38577194,현대,올 뉴 투싼,디젤 2.0 2WD,프리미엄,201701.0,2017,1639.0,75531.0,디젤,오토,ORIGINAL,일반,2025-03-19 20:12:48.000 +09,대구,신대신자동차상사,69가9540,2,5,1,143.919,578.8868,0,0,
39070595,현대,뉴 투싼 ix,디젤(e-VGT) 4WD,스마트 스페셜,201404.0,2014,890.0,79500.0,디젤,오토,ORIGINAL,일반,2025-03-19 20:11:26.000 +09,부산,동인자동차,41모6975,5,5,4,410.5582,687.2861,0,0,
39191744,현대,투싼 (NX4),가솔린 1.6 터보 2WD,인스퍼레이션,202103.0,2021,2850.0,12800.0,가솔린,오토,ORIGINAL,일반,2025-03-19 20:11:25.000 +09,울산,울산N모터스,337마6580,2,0,2,177.7583,0.0,0,0,
39221678,현대,투싼 하이브리드 (NX4),인스퍼레이션 2WD,,202011.0,2021,2999.0,41771.0,가솔린+전기,오토,ORIGINAL,일반,2025-03-19 20:11:25.000 +09,울산,울산N모터스,357로8329,0,1,1,0.0,158.5751,0,0,
39075102,현대,올 뉴 투싼,디젤 2.0 2WD,프리미엄,201812.0,2019,1600.0,121793.0,디젤,오토,ORIGINAL,일반,2025-03-19 20:11:04.000 +09,경기,엘림자동차,30오4801,0,0,1,0.0,0.0,0,0,
38508678,현대,올 뉴 투싼,가솔린 1.6 터보 2WD,스마트,201709.0,2018,1390.0,120289.0,가솔린,오토,ORIGINAL,일반,2025-03-19 20:10:52.000 +09,전북,한마음모터스,21거5455,0,0,1,0.0,0.0,0,0,
39260707,현대,뉴 투싼 ix,디젤(e-VGT) 2WD,모던,201311.0,2014,960.0,103181.0,디젤,오토,ORIGINAL,일반,2025-03-19 20:10:25.000 +09,경기,주식회사 브로,12저2455,3,2,0,197.0553,140.312,0,0,
39065699,현대,투싼 하이브리드 (NX4),N Line 2WD,인스퍼레이션,202108.0,2022,2870.0,78044.0,가솔린+전기,오토,ORIGINAL,일반,2025-03-19 20:10:23.000 +09,대전,(주)하입카즈,306노3413,0,0,1,0.0,0.0,0,0,
39118771,현대,투싼 (NX4),가솔린 1.6 터보 2WD,인스퍼레이션,202102.0,2021,2550.0,58973.0,가솔린,오토,ORIGINAL,일반,2025-03-19 20:09:09.000 +09,경기,뉴코리아모터스,117두1563,1,1,1,163.938,117.84,0,0,
39007490,현대,올 뉴 투싼,가솔린 1.6 터보 2WD,모던,201903.0,2019,1745.0,47374.0,가솔린,오토,ORIGINAL,일반,2025-03-19 20:08:29.000 +09,경남,붕붕모터스,19구3423,1,0,1,288.5234,0.0,0,0,
39127287,현대,투싼 하이브리드 (NX4),N Line 2WD,인스퍼레이션,202301.0,2023,2955.0,87600.0,가솔린+전기,오토,ORIGINAL,일반,2025-03-19 20:08:28.000 +09,경남,붕붕모터스,282더8833,1,0,0,25.639,0.0,0,0,
39009406,현대,올 뉴 투싼,디젤 2.0 2WD,스타일 스페셜,201604.0,2017,1010.0,171994.0,디젤,오토,ORIGINAL,일반,2025-03-19 20:05:41.000 +09,경기,누리모터스,53나0825,1,1,1,194.949,252.229,0,0,
39153123,현대,뉴 투싼 ix,디젤(e-VGT) 2WD,모던,201306.0,2014,820.0,121053.0,디젤,오토,ORIGINAL,일반,2025-03-19 20:05:41.000 +09,경기,누리모터스,31모3698,0,0,2,0.0,0.0,0,0,
39130669,현대,올 뉴 투싼,가솔린 1.6 터보 2WD,모던,201801.0,2018,1480.0,116170.0,가솔린,오토,ORIGINAL,일반,2025-03-19 20:05:02.000 +09,경남,M모터스프라자 준모터스,328보5204,1,1,2,93.1118,154.8983,1,0,
39248146,현대,투싼 (NX4),가솔린 1.6 터보 2WD,모던,202107.0,2021,1770.0,121894.0,가솔린,오토,ORIGINAL,일반,2025-03-19 20:03:55.000 +09,경기,클린오토,107가2493,0,2,1,0.0,129.1916,1,0,
38878827,현대,투싼 (NX4),디젤 2.0 2WD,모던,202102.0,2021,1829.0,86261.0,디젤,오토,ORIGINAL,일반,2025-03-19 20:03:54.000 +09,경기,클린오토,198머2538,2,2,1,291.0712,221.2966,1,0,
38660208,현대,올 뉴 투싼,디젤 1.7 2WD,스타일 피버,201605.0,2017,1130.0,78317.0,디젤,오토,ORIGINAL,일반,2025-03-19 20:03:07.000 +09,경기,에이블모터스,32로9263,0,0,3,0.0,0.0,1,0,
39086457,현대,올 뉴 투싼,디젤 2.0 4WD,모던,201512.0,2016,1200.0,119524.0,디젤,오토,ORIGINAL,일반,2025-03-19 20:01:39.000 +09,강원,국제자동차,13더0202,4,2,1,313.7325,186.442,0,0,
38961934,현대,투싼 (NX4),가솔린 1.6 터보 2WD,인스퍼레이션,202111.0,2022,2750.0,36813.0,가솔린,오토,ORIGINAL,일반,2025-03-19 20:00:50.000 +09,경기,지니어스Bay,363가9768,1,1,0,74.205,46.3787,0,0,
38370077,현대,올 뉴 투싼,가솔린 1.6 터보 2WD,프리미엄,201903.0,2019,1860.0,60583.0,가솔린,오토,ORIGINAL,일반,2025-03-19 19:58:46.000 +09,울산,픽플러스카,55다8634,2,4,1,80.184,259.497,0,0,
39119938,현대,올 뉴 투싼,가솔린 1.6 터보 2WD,모던,202001.0,2020,1780.0,104550.0,가솔린,오토,ORIGINAL,일반,2025-03-19 19:58:46.000 +09,울산,픽플러스카,374우9320,1,0,1,168.661,0.0,0,0,
39203887,현대,올 뉴 투싼,디젤 2.0 2WD,모던,201711.0,2018,1430.0,91639.0,디젤,오토,ORIGINAL,일반,2025-03-19 19:58:05.000 +09,대전,(주)이카,26너3596,1,1,1,86.283,102.8158,0,0,
39240517,현대,투싼,디젤(VGT) 4WD JX,,200612.0,2007,230.0,101520.0,디젤,수동,ORIGINAL,일반,2025-03-19 19:58:05.000 +09,대전,(주)이카,10저4267,1,1,2,628.1,59.2087,0,0,
39216223,현대,올 뉴 투싼,디젤 1.7 2WD,스타일,201704.0,2017,1080.0,108118.0,디젤,오토,ORIGINAL,일반,2025-03-19 19:57:35.000 +09,대구,신국제모터스,140로6081,0,0,4,0.0,0.0,1,0,
38614934,현대,투싼 하이브리드 (NX4),N Line 2WD,인스퍼레이션,202110.0,2022,2980.0,46335.0,가솔린+전기,오토,ORIGINAL,일반,2025-03-19 19:57:32.000 +09,부산,건우모터스,311어3838,2,1,0,311.8327,71.7194,0,0,
39117323,현대,투싼 하이브리드 (NX4),프리미엄 2WD,,202305.0,2023,2990.0,12591.0,가솔린+전기,오토,ORIGINAL,일반,2025-03-19 19:56:52.000 +09,경기,오토프라임,201다2644,2,0,1,100.4688,0.0,1,0,
38987797,현대,투싼 ix,디젤 2WD LX20,프리미어,200910.0,2010,999.0,136346.0,디젤,오토,ORIGINAL,일반,2025-03-19 19:56:13.000 +09,부산,카톡모터스,23오4020,4,3,1,259.052,256.3991,0,0,
38989934,현대,투싼 하이브리드 (NX4),N Line 2WD,인스퍼레이션,202302.0,2023,3399.0,29829.0,가솔린+전기,오토,ORIGINAL,일반,2025-03-19 19:56:09.000 +09,경기,신원자동차매매상사,202로8401,0,0,1,0.0,0.0,0,0,
38830170,현대,올 뉴 투싼,가솔린 1.6 터보 2WD,프리미엄,201910.0,2019,37.0,74023.0,가솔린,오토,ORIGINAL,리스,2025-03-19 19:56:01.000 +09,경기,퍼스트다이렉트,229두8684,4,2,1,624.4779,361.7096,0,0,
39241636,현대,올 뉴 투싼,디젤 1.6 4WD,인스퍼레이션,202003.0,2020,1599.0,143617.0,디젤,오토,ORIGINAL,일반,2025-03-19 19:54:42.000 +09,경기,오토프라임,154모5701,0,0,0,0.0,0.0,0,0,
39145220,현대,투싼 (NX4),디젤 2.0 4WD,모던,202102.0,2021,2399.0,42298.0,디젤,오토,ORIGINAL,일반,2025-03-19 19:54:42.000 +09,경기,오토프라임,148조8560,0,0,1,0.0,0.0,1,0,
39145192,현대,투싼 (NX4),디젤 2.0 4WD,모던,202101.0,2021,2399.0,55362.0,디젤,오토,ORIGINAL,일반,2025-03-19 19:54:42.000 +09,경기,오토프라임,228나2816,1,0,1,211.265,0.0,1,0,
38760164,현대,투싼 (NX4),가솔린 1.6 터보 2WD,모던,202011.0,2021,1880.0,109668.0,가솔린,오토,ORIGINAL,일반,2025-03-19 19:53:35.000 +09,광주,행운자동차,102나4528,1,0,1,27.5069,0.0,1,0,
39191822,현대,투싼 하이브리드 (NX4),인스퍼레이션 2WD,,202302.0,2023,3089.0,49014.0,가솔린+전기,오토,ORIGINAL,일반,2025-03-19 19:52:57.000 +09,경기,기운 모터스,148머1756,0,0,1,0.0,0.0,1,0,
38703610,현대,올 뉴 투싼,디젤 2.0 2WD,프리미엄,201601.0,2016,1360.0,156122.0,디젤,오토,ORIGINAL,일반,2025-03-19 19:52:52.000 +09,전북,태양모터스,27서0393,2,0,3,102.8508,0.0,0,0,
38708526,현대,올 뉴 투싼,디젤 2.0 2WD,스마트,201709.0,2018,1590.0,35579.0,디젤,오토,ORIGINAL,일반,2025-03-19 19:52:33.000 +09,대구,뉴다나자동차,127어3943,3,0,5,199.5338,0.0,1,0,
38806805,현대,투싼 ix,디젤 2WD LX20,럭셔리,201102.0,2011,505.0,163725.0,디젤,오토,ORIGINAL,일반,2025-03-19 19:51:55.000 +09,경북,대우종합자동차매매상사,22부9363,1,1,4,94.4798,50.853,0,0,
39210154,현대,투싼 (NX4),가솔린 1.6 터보 2WD,모던,202107.0,2021,1799.0,104388.0,가솔린,오토,ORIGINAL,일반,2025-03-19 19:51:53.000 +09,경기,(주)왕카,258너5481,2,1,1,141.4395,32.8436,1,0,
39014961,현대,투싼 하이브리드 (NX4),인스퍼레이션 2WD,,202103.0,2021,2940.0,22000.0,가솔린+전기,오토,ORIGINAL,일반,2025-03-19 19:51:22.000 +09,서울,육복,394버1234,0,0,0,0.0,0.0,0,0,
39207575,현대,올 뉴 투싼,디젤 2.0 2WD,모던,202008.0,2020,1620.0,126157.0,디젤,오토,ORIGINAL,일반,2025-03-19 19:49:22.000 +09,광주,(주)송송모터스,141조5952,0,0,1,0.0,0.0,1,0,
38536813,현대,올 뉴 투싼,디젤 1.6 2WD,프리미엄,201808.0,2019,1699.0,71912.0,디젤,오토,ORIGINAL,일반,2025-03-19 19:49:01.000 +09,경기,카카오토,109러2754,1,0,1,73.4083,0.0,1,0,
39204032,현대,올 뉴 투싼,디젤 2.0 2WD,스마트,202005.0,2020,1570.0,119767.0,디젤,오토,ORIGINAL,일반,2025-03-19 19:48:40.000 +09,경기,제이모터스,195루9216,0,1,2,0.0,112.0598,1,0,
39013546,현대,올 뉴 투싼,디젤 1.7 2WD,모던,201608.0,2017,1180.0,94137.0,디젤,오토,ORIGINAL,일반,2025-03-19 19:48:33.000 +09,부산,진성모터스,25라0409,2,0,3,162.8108,0.0,0,0,
38685395,현대,올 뉴 투싼,디젤 1.6 2WD,모던,201809.0,2019,9999.0,126317.0,디젤,오토,ORIGINAL,일반,2025-03-19 19:48:18.000 +09,전남,스타모터스,104모1509,2,0,4,110.3853,0.0,1,0,
38855159,현대,올 뉴 투싼,가솔린 1.6 터보 2WD,모던,202009.0,2020,1980.0,88480.0,가솔린,오토,ORIGINAL,일반,2025-03-19 19:48:12.000 +09,서울,( 주)안성자동차,305우7771,0,0,2,0.0,0.0,1,0,
38339294,현대,투싼 ix,디젤 2WD LMX20,프리미엄,200910.0,2010,635.0,103183.0,디젤,오토,ORIGINAL,일반,2025-03-19 19:47:44.000 +09,대구,하나모터스,15저1724,3,3,6,175.8649,164.1243,0,0,
39191049,현대,투싼 하이브리드 (NX4),N Line 2WD,인스퍼레이션,202301.0,2023,3390.0,30782.0,가솔린+전기,오토,ORIGINAL,일반,2025-03-19 19:47:43.000 +09,대구,하나모터스,196고9726,3,0,1,408.8434,0.0,1,0,
39229823,현대,투싼 하이브리드 (NX4),프리미엄 2WD,,202110.0,2022,2650.0,51446.0,가솔린+전기,오토,ORIGINAL,일반,2025-03-19 19:47:15.000 +09,인천,신대진자동차,346다2409,3,1,3,157.6768,138.9579,0,0,
38062021,현대,투싼 (NX4),가솔린 1.6 터보 2WD,인스퍼레이션,202011.0,2021,2570.0,70534.0,가솔린,오토,ORIGINAL,일반,2025-03-19 19:46:56.000 +09,울산,중앙상사,117무7155,1,1,1,62.039,33.941,0,0,
39006433,현대,올 뉴 투싼,디젤 2.0 2WD,프리미엄,201709.0,2018,1770.0,47151.0,디젤,오토,ORIGINAL,일반,2025-03-19 19:45:23.000 +09,서울,광현모터스,65우1476,1,0,0,40.748,0.0,0,0,
39178340,현대,올 뉴 투싼,디젤 2.0 2WD,모던,201905.0,2019,1890.0,48991.0,디젤,오토,ORIGINAL,일반,2025-03-19 19:45:03.000 +09,경남,(주)이레모터스,36저6551,1,0,3,47.5299,0.0,0,0,
38947998,현대,뉴 투싼 ix,디젤(e-VGT) 2WD,스마트 스페셜,201404.0,2014,770.0,169190.0,디젤,오토,ORIGINAL,일반,2025-03-19 19:43:37.000 +09,대구,영수상사,63무5254,3,2,3,123.716,89.0258,0,0,
39243492,현대,투싼 하이브리드 (NX4),인스퍼레이션 2WD,,202303.0,2023,3300.0,21162.0,가솔린+전기,오토,ORIGINAL,일반,2025-03-19 19:42:44.000 +09,부산,(주)라임모터스,399나9390,1,0,0,0.0,0.0,0,0,
38732558,현대,투싼 (NX4),가솔린 1.6 터보 2WD,인스퍼레이션,202011.0,2021,2790.0,32170.0,가솔린,오토,ORIGINAL,일반,2025-03-19 19:42:43.000 +09,부산,(주)라임모터스,188고4012,0,0,0,0.0,0.0,0,0,
39132042,현대,올 뉴 투싼,디젤 2.0 2WD,익스트림 에디션,201706.0,2018,1550.0,119461.0,디젤,오토,ORIGINAL,일반,2025-03-19 19:41:46.000 +09,울산,정성자동차,187주1888,0,2,2,0.0,151.3862,2,0,
38867312,현대,올 뉴 투싼,디젤 2.0 2WD,모던,201707.0,2018,1399.0,120031.0,디젤,오토,ORIGINAL,일반,2025-03-19 19:39:51.000 +09,전북,대한자동차,02어3128,1,1,2,95.6,112.006,0,0,
39006789,현대,올 뉴 투싼,디젤 1.7 2WD,모던,201802.0,2018,1650.0,58791.0,디젤,오토,ORIGINAL,일반,2025-03-19 19:39:11.000 +09,경기,(주)우리들모터스,39무9383,0,0,0,0.0,0.0,0,0,
38549189,현대,투싼 (NX4),디젤 2.0 4WD,모던,202210.0,2023,2590.0,15651.0,디젤,오토,ORIGINAL,일반,2025-03-19 19:36:36.000 +09,대구,에이치비모터스,229우2871,0,0,1,0.0,0.0,0,0,
39023121,현대,올 뉴 투싼,디젤 1.6 4WD,모던,201903.0,2019,1550.0,134374.0,디젤,오토,ORIGINAL,일반,2025-03-19 19:34:32.000 +09,제주,중고차프로,04노5351,3,4,1,375.2521,383.2324,0,0,
39204762,현대,투싼 (NX4),가솔린 1.6 터보 2WD,인스퍼레이션,202302.0,2023,2890.0,25216.0,가솔린,오토,ORIGINAL,일반,2025-03-19 19:34:29.000 +09,전북,81모터스,154너2714,2,1,1,169.9993,64.9129,0,0,
39213106,현대,올 뉴 투싼,디젤 2.0 2WD,프리미엄,201607.0,2016,1500.0,115880.0,디젤,오토,ORIGINAL,일반,2025-03-19 19:32:52.000 +09,부산,신우모터스,28무0570,5,1,1,160.2423,495.76,0,0,
38962250,현대,올 뉴 투싼,디젤 2.0 2WD,스타일 스페셜,201604.0,2017,1250.0,131613.0,디젤,오토,ORIGINAL,일반,2025-03-19 19:32:31.000 +09,경북,신용자동차매매상사,65누0810,1,3,1,58.633,472.2893,0,0,
39249596,현대,투싼 (NX4),가솔린 1.6 터보 2WD,인스퍼레이션,202109.0,2022,2990.0,16005.0,가솔린,오토,ORIGINAL,일반,2025-03-19 19:31:52.000 +09,경기,카메이트,250수2388,0,0,0,0.0,0.0,0,0,
39082697,현대,투싼 ix,디젤 2WD LX20,럭셔리,201108.0,2012,590.0,139198.0,디젤,오토,ORIGINAL,일반,2025-03-19 19:31:33.000 +09,경남,선경모터스,66더8141,0,1,3,0.0,71.0358,0,0,
39193589,현대,올 뉴 투싼,가솔린 1.6 터보 2WD,프리미엄,201907.0,2019,2020.0,45217.0,가솔린,오토,ORIGINAL,일반,2025-03-19 19:31:20.000 +09,광주,(주)이음오토,21수7339,1,2,4,40.58,204.1747,0,0,
39189864,현대,투싼 하이브리드 (NX4),인스퍼레이션 2WD,,202305.0,2023,3180.0,14735.0,가솔린+전기,오토,ORIGINAL,일반,2025-03-19 19:29:54.000 +09,대구,유카 대구지점,373머4895,0,0,1,0.0,0.0,0,0,
39231430,현대,투싼 하이브리드 (NX4),인스퍼레이션 2WD,,202303.0,2023,3130.0,34207.0,가솔린+전기,오토,ORIGINAL,일반,2025-03-19 19:29:54.000 +09,대구,유카 대구지점,248조4222,0,0,0,0.0,0.0,0,0,
39255258,현대,투싼 하이브리드 (NX4),모던 2WD,,202310.0,2023,2999.0,6289.0,가솔린+전기,오토,ORIGINAL,일반,2025-03-19 19:29:46.000 +09,경기,우리들모터스,279누9859,0,0,1,0.0,0.0,1,0,
38482726,현대,올 뉴 투싼,디젤 2.0 2WD,스타일,201601.0,2016,1230.0,139753.0,디젤,오토,ORIGINAL,일반,2025-03-19 19:28:43.000 +09,경남,성원자동차매매상사,180다5000,0,1,4,0.0,98.142,1,0,
38825001,현대,올 뉴 투싼,디젤 1.7 2WD,모던,201503.0,2016,1199.0,87000.0,디젤,오토,ORIGINAL,일반,2025-03-19 19:28:20.000 +09,부산,우리상사,35수2613,0,0,1,0.0,0.0,0,0,
39190025,현대,올 뉴 투싼,가솔린 1.6 터보 2WD,모던,202009.0,2020,1990.0,73523.0,가솔린,오토,ORIGINAL,일반,2025-03-19 19:26:43.000 +09,부산,호야오토모빌,303모5542,2,0,1,113.0034,0.0,0,0,
38956543,현대,올 뉴 투싼,디젤 2.0 2WD,프리미엄,201607.0,2017,1340.0,125116.0,디젤,오토,ORIGINAL,일반,2025-03-19 19:25:42.000 +09,경남,H모터스,158라3821,0,2,3,0.0,191.103,1,0,
38115447,현대,올 뉴 투싼,디젤 2.0 2WD,스마트,201711.0,2018,1360.0,63152.0,디젤,오토,ORIGINAL,일반,2025-03-19 19:25:09.000 +09,경기,새롬모터스,64루7087,3,0,1,264.6699,0.0,0,0,
38076054,현대,투싼 (NX4),디젤 2.0 2WD,프리미엄,202102.0,2021,1990.0,109625.0,디젤,오토,ORIGINAL,일반,2025-03-19 19:24:03.000 +09,경기,(주)대성모터스,302저1962,1,0,1,160.243,0.0,1,0,
39253533,현대,올 뉴 투싼,디젤 2.0 2WD,스타일,201605.0,2017,1240.0,39873.0,디젤,오토,ORIGINAL,일반,2025-03-19 19:23:51.000 +09,경기,(주)고물상,01너0463,0,0,1,0.0,0.0,0,0,
39210455,현대,올 뉴 투싼,가솔린 1.6 터보 2WD,프리미엄,201910.0,2019,1739.0,56087.0,가솔린,오토,ORIGINAL,일반,2025-03-19 19:23:50.000 +09,경기,(주)고물상,249고1479,1,0,4,145.4036,0.0,1,0,
38937521,현대,투싼 (NX4),가솔린 1.6 터보 2WD,인스퍼레이션,202211.0,2023,2860.0,16119.0,가솔린,오토,ORIGINAL,일반,2025-03-19 19:22:48.000 +09,대구,위너모터스,255루4162,1,1,1,307.0,243.0944,0,0,
38934787,현대,올 뉴 투싼,디젤 1.7 2WD,모던,201508.0,2016,888.0,135000.0,디젤,오토,ORIGINAL,일반,2025-03-19 19:22:34.000 +09,경기,명차모터스,36가0919,5,6,2,586.6425,872.2453,0,0,
39075806,현대,뉴 투싼 ix,디젤(e-VGT) 4WD,스마트 스페셜,201306.0,2014,7979.0,155971.0,디젤,오토,ORIGINAL,일반,2025-03-19 19:21:02.000 +09,대구,서이공모터스,15수2561,2,0,2,296.5999,0.0,0,0,
38963495,현대,올 뉴 투싼,디젤 2.0 2WD,모던,201901.0,2019,1630.0,76196.0,디젤,오토,ORIGINAL,일반,2025-03-19 19:20:52.000 +09,광주,바로모터스,199버5562,0,0,1,0.0,0.0,1,0,
38691875,현대,투싼 (NX4),가솔린 1.6 터보 2WD,모던,202105.0,2021,1920.0,104308.0,가솔린,오토,ORIGINAL,일반,2025-03-19 19:20:31.000 +09,경기,세이프카,226가1807,0,4,2,0.0,592.3942,1,0,
39258078,현대,투싼 ix,디젤 2WD LX20,프리미어,200912.0,2010,399.0,177309.0,디젤,오토,ORIGINAL,일반,2025-03-19 19:20:01.000 +09,전북,미라클,42로5528,1,3,0,143.057,3205.809,0,0,
39158134,현대,올 뉴 투싼,가솔린 1.6 터보 2WD,모던,202002.0,2020,2250.0,13779.0,가솔린,오토,ORIGINAL,일반,2025-03-19 19:19:24.000 +09,경기,세종오토,169구7155,0,0,0,0.0,0.0,0,0,
39189468,현대,뉴 투싼 ix,디젤(e-VGT) 2WD,스마트 스페셜,201501.0,2015,1080.0,99827.0,디젤,오토,ORIGINAL,일반,2025-03-19 19:19:07.000 +09,전북,미래모터스,34조5682,1,0,1,52.617,0.0,0,0,
39127088,현대,뉴 투싼 ix,디젤(e-VGT) 2WD,스마트 스페셜,201410.0,2015,840.0,108081.0,디젤,오토,ORIGINAL,일반,2025-03-19 19:19:07.000 +09,전북,미래모터스,24무3146,3,5,3,271.3789,172.4988,0,0,
39214160,현대,올 뉴 투싼,디젤 1.7 2WD,모던,201802.0,2018,1220.0,90303.0,디젤,오토,ORIGINAL,일반,2025-03-19 19:18:57.000 +09,경남,유진상사,17노4582,3,5,5,373.3118,1236.6359,0,0,
38793181,현대,투싼 (NX4),가솔린 1.6 터보 2WD,인스퍼레이션,202301.0,2023,3080.0,13395.0,가솔린,오토,ORIGINAL,일반,2025-03-19 19:18:49.000 +09,대전,삼일상사,290가6513,0,0,1,0.0,0.0,0,0,
38830297,현대,투싼 (NX4),가솔린 1.6 터보 2WD,인스퍼레이션,202101.0,2021,2050.0,144125.0,가솔린,오토,ORIGINAL,일반,2025-03-19 19:18:08.000 +09,대구,윤쓰모터스,243더5613,3,1,1,369.2041,126.9982,1,0,
38162685,현대,투싼 하이브리드 (NX4),인스퍼레이션 2WD,,202101.0,2021,2769.0,48383.0,가솔린+전기,오토,ORIGINAL,일반,2025-03-19 19:17:59.000 +09,경기,수원중고차,149로8575,1,0,1,126.0873,0.0,0,0,
39109232,현대,투싼 (NX4),가솔린 1.6 터보 2WD,모던,202107.0,2021,1800.0,95045.0,가솔린,오토,ORIGINAL,일반,2025-03-19 19:17:37.000 +09,경기,주식회사 대양,256어6267,0,2,2,0.0,281.2788,1,0,
38882134,현대,올 뉴 투싼,디젤 1.7 2WD,모던,201611.0,2017,1220.0,64445.0,디젤,오토,ORIGINAL,일반,2025-03-19 19:16:48.000 +09,광주,드림카마켓,28어0243,1,0,1,90.825,0.0,0,0,
39069041,현대,올 뉴 투싼,디젤 1.6 2WD,프리미엄,201906.0,2019,1420.0,110178.0,디젤,오토,ORIGINAL,일반,2025-03-19 19:15:12.000 +09,경기,(주)명진모터스,66누6503,0,1,2,0.0,21.419,0,0,
39237604,현대,뉴 투싼 ix,디젤(e-VGT) 2WD,스마트 스페셜,201412.0,2015,880.0,103822.0,디젤,오토,ORIGINAL,일반,2025-03-19 19:14:58.000 +09,경기,(주)모터프라자,22거8353,0,2,1,0.0,233.0866,0,0,
39271180,현대,뉴 투싼 ix,디젤(e-VGT) 2WD,스마트 스페셜,201505.0,2015,659.0,174738.0,디젤,오토,ORIGINAL,일반,2025-03-19 19:13:38.000 +09,경기,디에이치모터스,13소2725,5,1,1,681.9955,143.478,0,0,
38620455,현대,올 뉴 투싼,디젤 1.7 2WD,모던,201511.0,2016,990.0,176813.0,디젤,오토,ORIGINAL,일반,2025-03-19 19:13:33.000 +09,전북,탑 모터스,68수0430,1,0,3,20.3388,0.0,0,0,
38981950,현대,올 뉴 투싼,디젤 1.7 2WD,모던 피버,201611.0,2017,1100.0,132478.0,디젤,오토,ORIGINAL,일반,2025-03-19 19:13:09.000 +09,서울,(주)구루마,28다3625,2,1,2,132.1593,96.545,0,0,
38186000,현대,투싼 (NX4),가솔린 1.6 터보 2WD,인스퍼레이션,202208.0,2023,2425.0,58599.0,가솔린,오토,ORIGINAL,일반,2025-03-19 19:13:05.000 +09,경기,와이엠모터스,201모4904,3,5,1,148.8844,527.1848,0,0,
39247765,현대,올 뉴 투싼,디젤 1.7 2WD,모던,201707.0,2018,1430.0,74338.0,디젤,오토,ORIGINAL,일반,2025-03-19 19:13:01.000 +09,전북,성화모터스,02무8209,1,0,1,32.0148,0.0,0,0,
39027774,현대,올 뉴 투싼,가솔린 1.6 터보 2WD,스마트,202001.0,2020,1749.0,52708.0,가솔린,오토,ORIGINAL,일반,2025-03-19 19:12:20.000 +09,서울,드림카,195머6575,0,2,1,0.0,127.5949,1,0,
39122657,현대,투싼 (NX4),디젤 2.0 2WD,인스퍼레이션,202301.0,2023,2650.0,96005.0,디젤,오토,ORIGINAL,일반,2025-03-19 19:11:27.000 +09,대전,(주)금성모터스,180하8003,2,1,0,158.1774,50.0,0,0,
39068254,현대,올 뉴 투싼,가솔린 1.6 터보 2WD,모던,202001.0,2020,1680.0,105573.0,가솔린,오토,ORIGINAL,일반,2025-03-19 19:11:27.000 +09,대전,(주)금성모터스,150하7953,0,2,0,0.0,210.272,0,0,
38671497,현대,뉴 투싼 ix,디젤(e-VGT) 2WD,스마트 스페셜,201410.0,2015,950.0,95000.0,디젤,오토,ORIGINAL,일반,2025-03-19 19:11:06.000 +09,경기,GM카마트,23더8977,1,0,2,47.3,0.0,0,0,
39099329,현대,올 뉴 투싼,디젤 2.0 2WD,스타일 스페셜,201606.0,2017,1199.0,76582.0,디젤,오토,ORIGINAL,일반,2025-03-19 19:10:11.000 +09,전북,뉴스타모터스,13서0838,0,2,1,0.0,415.6726,0,0,
39150695,현대,투싼 (NX4),가솔린 1.6 터보 2WD,인스퍼레이션,202110.0,2022,9999.0,23334.0,가솔린,오토,ORIGINAL,일반,2025-03-19 19:09:31.000 +09,경기,(주)하나오토,351가8954,0,0,0,0.0,0.0,0,0,
38836879,현대,투싼 (NX4),가솔린 1.6 터보 2WD,프리미엄,202104.0,2021,2450.0,71572.0,가솔린,오토,ORIGINAL,일반,2025-03-19 19:08:44.000 +09,경기,한마음모터스 대표,135나1362,0,0,1,0.0,0.0,1,0,
38609525,현대,투싼 하이브리드 (NX4),인스퍼레이션 2WD,,202307.0,2023,3080.0,816.0,가솔린+전기,오토,ORIGINAL,렌트,2025-03-19 19:07:02.000 +09,경기,,174하7310,0,0,0,0.0,0.0,0,0,
39148959,현대,올 뉴 투싼,디젤 2.0 2WD,스타일 스페셜,201606.0,2017,1450.0,57000.0,디젤,오토,ORIGINAL,일반,2025-03-19 19:06:51.000 +09,전북,유진모터스,39두0841,1,0,1,38.787,0.0,0,0,
39269288,현대,올 뉴 투싼,디젤 1.7 2WD,모던,201607.0,2017,950.0,156288.0,디젤,오토,ORIGINAL,일반,2025-03-19 19:06:24.000 +09,경기,(주)우리들모터스,10오0427,1,0,2,96.3887,0.0,0,0,
38919144,현대,투싼 (NX4),가솔린 1.6 터보 2WD,모던,202106.0,2021,2090.0,90799.0,가솔린,오토,ORIGINAL,일반,2025-03-19 19:04:45.000 +09,부산,케이스타,225러6985,0,1,2,0.0,3.0,1,0,
39101338,현대,뉴 투싼 ix,디젤(e-VGT) 2WD,스마트 스페셜,201407.0,2015,790.0,142009.0,디젤,오토,ORIGINAL,일반,2025-03-19 19:04:45.000 +09,부산,케이스타,55구6656,1,2,0,85.4273,85.2133,0,0,
38969690,현대,더 뉴 투싼 (NX4),가솔린 1.6 터보 2WD,프리미엄,202411.0,2024,4350.0,353.0,가솔린,오토,ORIGINAL,일반,2025-03-19 19:04:29.000 +09,경기,(주)엠모터스,236모5746,0,0,0,0.0,0.0,0,0,
39091437,현대,더 뉴 투싼 하이브리드 (NX4),HEV 1.6 2WD,인스퍼레이션,202412.0,2024,4350.0,162.0,가솔린+전기,오토,ORIGINAL,일반,2025-03-19 19:04:28.000 +09,경기,(주)엠모터스,234누5235,0,0,1,0.0,0.0,1,0,
39115316,현대,올 뉴 투싼,디젤 2.0 2WD,모던,201802.0,2018,1700.0,78058.0,디젤,오토,ORIGINAL,일반,2025-03-19 19:04:16.000 +09,대구,튼튼모터스,04부1835,4,3,3,434.2482,336.7874,0,0,
39146806,현대,올 뉴 투싼,디젤 1.6 2WD,모던,202006.0,2020,1800.0,66660.0,디젤,오토,ORIGINAL,일반,2025-03-19 19:04:15.000 +09,대구,튼튼모터스,260서9228,0,1,1,0.0,70.0,1,0,
39255464,현대,더 뉴 투싼 (NX4),가솔린 1.6 터보 2WD,프리미엄,202410.0,2024,3090.0,3882.0,가솔린,오토,ORIGINAL,일반,2025-03-19 19:04:13.000 +09,충남,한빛중고차매매상사,379거1596,0,0,0,0.0,0.0,0,0,
38578591,현대,투싼 (NX4),디젤 2.0 2WD,프리미엄,202210.0,2023,2870.0,37181.0,디젤,오토,ORIGINAL,일반,2025-03-19 19:03:49.000 +09,경남,태영모터스,297러1173,0,0,1,0.0,0.0,1,0,
39154217,현대,올 뉴 투싼,가솔린 1.6 터보 2WD,모던,202004.0,2020,1920.0,45416.0,가솔린,오토,ORIGINAL,일반,2025-03-19 19:02:54.000 +09,대구,오토플러스(주),162로6019,1,1,0,79.0426,89.7011,0,0,
39262082,현대,투싼 하이브리드 (NX4),인스퍼레이션 2WD,,202204.0,2022,3150.0,40633.0,가솔린+전기,오토,ORIGINAL,일반,2025-03-19 19:02:54.000 +09,대구,오토플러스(주),231주6689,1,1,2,82.1966,45.048,0,0,
38972036,현대,올 뉴 투싼,디젤 2.0 2WD,모던,201901.0,2019,2000.0,50793.0,디젤,오토,ORIGINAL,일반,2025-03-19 19:02:53.000 +09,대구,오토플러스(주),04로2753,0,0,0,0.0,0.0,0,0,
39046119,현대,투싼 (NX4),가솔린 1.6 터보 2WD,인스퍼레이션,202309.0,2023,3070.0,14811.0,가솔린,오토,ORIGINAL,일반,2025-03-19 19:02:53.000 +09,대구,오토플러스(주),258머3013,0,0,0,0.0,0.0,0,0,
39083541,현대,투싼 (NX4),가솔린 1.6 터보 2WD,인스퍼레이션,202011.0,2021,9999.0,60883.0,가솔린,오토,ORIGINAL,일반,2025-03-19 19:02:53.000 +09,대구,오토플러스(주),301머7223,1,1,1,13.671,0.0,0,0,
39257728,현대,올 뉴 투싼,디젤 2.0 2WD,모던,201711.0,2018,1290.0,149594.0,디젤,오토,ORIGINAL,일반,2025-03-19 19:02:05.000 +09,경기,(주)으뜸자동차,286두4614,1,0,2,57.0016,0.0,1,0,
39263801,현대,올 뉴 투싼,디젤 2.0 2WD,프리미엄,201504.0,2016,1550.0,88798.0,디젤,오토,ORIGINAL,일반,2025-03-19 19:02:04.000 +09,울산,스타자동차매매상사,61수5387,1,2,1,35.5341,253.4111,0,0,
38930889,현대,올 뉴 투싼,디젤 2.0 2WD,모던,201907.0,2019,1370.0,108561.0,디젤,오토,ORIGINAL,일반,2025-03-19 19:01:54.000 +09,경기,스마일자동차,59루3538,7,2,0,1119.4303,1169.7077,0,0,
39266683,현대,올 뉴 투싼,디젤 1.7 2WD,스타일,201510.0,2016,1040.0,63571.0,디젤,오토,ORIGINAL,일반,2025-03-19 19:01:06.000 +09,인천,(주)대한모터스,18부4861,1,0,2,88.127,0.0,0,0,
39238380,현대,투싼 (NX4),가솔린 1.6 터보 2WD,모던,202106.0,2021,1720.0,109625.0,가솔린,오토,ORIGINAL,일반,2025-03-19 19:01:06.000 +09,인천,(주)대한모터스,258너5440,1,3,1,77.7889,141.9041,1,0,
38998156,현대,투싼 (NX4),가솔린 1.6 터보 2WD,인스퍼레이션,202103.0,2021,2690.0,58541.0,가솔린,오토,ORIGINAL,일반,2025-03-19 18:59:09.000 +09,대전,청명자동차,365서8262,2,2,1,289.8953,130.9056,0,0,
39062928,현대,올 뉴 투싼,디젤 1.6 2WD,스마트,201809.0,2019,1430.0,101511.0,디젤,오토,ORIGINAL,일반,2025-03-19 18:59:09.000 +09,대전,청명자동차,33저6201,0,0,0,0.0,0.0,0,0,
38712478,현대,올 뉴 투싼,디젤 2.0 2WD,모던,201702.0,2017,1450.0,105699.0,디젤,오토,ORIGINAL,일반,2025-03-19 18:59:09.000 +09,대전,청명자동차,05러2300,0,1,3,0.0,19.77,0,0,
39118360,현대,올 뉴 투싼,디젤 1.6 2WD,프리미엄,201907.0,2019,1450.0,114256.0,디젤,오토,ORIGINAL,일반,2025-03-19 18:59:09.000 +09,대전,청명자동차,152루5898,4,0,0,260.7469,0.0,1,0,
39261147,현대,투싼 (NX4),디젤 2.0 2WD,프리미엄,202102.0,2021,2370.0,41630.0,디젤,오토,ORIGINAL,일반,2025-03-19 18:58:31.000 +09,경기,(주)뉴카카,243더6480,2,0,0,260.6819,0.0,0,0,
38766789,현대,투싼 하이브리드 (NX4),인스퍼레이션 2WD,,202110.0,2022,2750.0,58752.0,가솔린+전기,오토,ORIGINAL,일반,2025-03-19 18:58:25.000 +09,경기,(주)달인중고차,164누8293,2,1,2,272.1833,37.5594,0,0,
39139087,현대,올 뉴 투싼,디젤 2.0 2WD,프리미엄,201712.0,2018,1830.0,92339.0,디젤,오토,ORIGINAL,일반,2025-03-19 18:58:25.000 +09,경기,(주)달인중고차,02소5226,1,2,3,50.1625,209.0495,0,0,
38720135,현대,올 뉴 투싼,디젤 1.7 2WD,모던,201602.0,2016,1159.0,122658.0,디젤,오토,ORIGINAL,일반,2025-03-19 18:57:55.000 +09,대구,용마자동차상사,02머0155,0,2,3,0.0,40.967,0,0,
38870327,현대,올 뉴 투싼,디젤 2.0 2WD,모던,201809.0,2019,1345.0,135249.0,디젤,오토,ORIGINAL,일반,2025-03-19 18:57:16.000 +09,서울,(주)오토파트너,66다6100,1,1,1,283.5765,457.307,0,0,
38984607,현대,올 뉴 투싼,디젤 2.0 2WD,프리미엄,201711.0,2018,1599.0,90025.0,디젤,오토,ORIGINAL,일반,2025-03-19 18:57:15.000 +09,서울,(주)마루자동차,51소3224,1,1,3,145.7,69.0366,0,0,
39163185,현대,올 뉴 투싼,디젤 2.0 2WD,모던,201509.0,2016,1470.0,33000.0,디젤,오토,ORIGINAL,일반,2025-03-19 18:55:29.000 +09,경기,(주)월드모터스,36오5634,0,2,0,0.0,136.9065,0,0,
39254071,현대,투싼 (NX4),가솔린 1.6 터보 2WD,인스퍼레이션,202201.0,2022,2870.0,40003.0,가솔린,오토,ORIGINAL,일반,2025-03-19 18:53:14.000 +09,경기,(주)일프로,261노9970,0,0,0,0.0,0.0,0,0,
39138470,현대,투싼 하이브리드 (NX4),프리미엄 4WD,,202311.0,2023,3060.0,17959.0,가솔린+전기,오토,ORIGINAL,일반,2025-03-19 18:53:14.000 +09,경기,(주)일프로,321버2033,0,0,1,0.0,0.0,1,0,
39019798,현대,더 뉴 투싼 하이브리드 (NX4),HEV 1.6 4WD,N Line 인스퍼레이션,202302.0,2023,3750.0,14577.0,가솔린+전기,오토,ORIGINAL,일반,2025-03-19 18:52:16.000 +09,경기,대성모터스,357두4624,0,0,0,0.0,0.0,0,0,
39189651,현대,투싼 ix,디젤 2WD LX20,프리미어,201211.0,2013,699.0,130207.0,디젤,오토,ORIGINAL,일반,2025-03-19 18:51:41.000 +09,전북,힐링모터스,38누6205,3,1,6,163.9004,212.5809,0,0,
39128474,현대,투싼 ix,디젤 2WD LX20,프리미어,201103.0,2011,600.0,138580.0,디젤,오토,ORIGINAL,일반,2025-03-19 18:51:37.000 +09,경기,이든자동차,16보4238,2,2,2,206.4883,65.875,0,0,
39147887,현대,투싼 ix,디젤 2WD LX20,럭셔리,201109.0,2012,570.0,165550.0,디젤,오토,ORIGINAL,일반,2025-03-19 18:49:17.000 +09,전북,(유)짱카,28보6020,0,1,1,0.0,190.0,0,0,
38913730,현대,투싼 (NX4),가솔린 1.6 터보 2WD,인스퍼레이션,202012.0,2021,2699.0,43430.0,가솔린,오토,ORIGINAL,일반,2025-03-19 18:48:50.000 +09,경기,신사모터스,154버7954,0,1,2,0.0,166.831,2,0,
39245315,현대,뉴 투싼 ix,디젤(e-VGT) 2WD,스마트 스페셜,201311.0,2014,740.0,115258.0,디젤,오토,ORIGINAL,일반,2025-03-19 18:48:42.000 +09,인천,뉴AK모터스자동차매매상사,32러9783,3,1,1,379.8212,430.908,0,0,
38488994,현대,투싼 ix,디젤 2WD LX20,스마트팩,201203.0,2012,750.0,102000.0,디젤,오토,ORIGINAL,일반,2025-03-19 18:47:49.000 +09,대전,(주)대진상사,28가7313,1,1,1,35.643,116.693,0,0,
38965339,현대,올 뉴 투싼,가솔린 1.6 터보 2WD,모던,202010.0,2020,1890.0,85000.0,가솔린,오토,ORIGINAL,일반,2025-03-19 18:47:49.000 +09,대전,(주)대진상사,245다4080,0,1,1,0.0,38.3679,0,0,
39003546,현대,올 뉴 투싼,디젤 2.0 4WD,프리미엄,201701.0,2017,1850.0,40332.0,디젤,오토,ORIGINAL,일반,2025-03-19 18:47:33.000 +09,경기,더케이모터스,09모0126,0,0,0,0.0,0.0,0,0,
39229196,현대,뉴 투싼 ix,디젤(e-VGT) 2WD,모던,201307.0,2014,799.0,159390.0,디젤,오토,ORIGINAL,일반,2025-03-19 18:47:02.000 +09,대구,비젼모터스,69거1717,2,0,2,122.2966,0.0,0,0,
39261667,현대,뉴 투싼 ix,디젤(e-VGT) 2WD,프리미엄,201402.0,2014,820.0,182500.0,디젤,오토,ORIGINAL,일반,2025-03-19 18:47:02.000 +09,대구,비젼모터스,48루3185,0,0,6,0.0,0.0,0,0,
38920409,현대,올 뉴 투싼,가솔린 1.6 터보 2WD,인스퍼레이션,201912.0,2020,2300.0,80220.0,가솔린,오토,ORIGINAL,일반,2025-03-19 18:46:38.000 +09,경기,타이거오토몰,124무5646,0,0,1,0.0,0.0,0,0,
38619025,현대,투싼 (NX4),가솔린 1.6 터보 2WD,모던,202106.0,2021,2120.0,84725.0,가솔린,오토,ORIGINAL,일반,2025-03-19 18:46:03.000 +09,광주,쌍둥이모터스,100수6547,0,4,2,0.0,282.5825,1,0,
39152206,현대,투싼 ix,디젤 2WD LX20,프리미어,200911.0,2010,539.0,197490.0,디젤,오토,ORIGINAL,일반,2025-03-19 18:46:02.000 +09,부산,제이엠모터스,15보2460,2,2,0,214.785,148.1265,0,0,
39024298,현대,올 뉴 투싼,디젤 2.0 2WD,프리미엄,201612.0,2017,1470.0,85497.0,디젤,오토,ORIGINAL,일반,2025-03-19 18:45:05.000 +09,대구,오토플러스(주),28누7640,0,1,1,0.0,58.3581,0,0,
39186959,현대,올 뉴 투싼,디젤 2.0 4WD,모던,201504.0,2016,1050.0,189384.0,디젤,오토,ORIGINAL,일반,2025-03-19 18:44:31.000 +09,경기,정진자동차매매상사,42거5227,2,1,1,259.997,17.865,0,0,
38706923,현대,투싼 (NX4),가솔린 1.6 터보 2WD,모던,202102.0,2021,1800.0,120146.0,가솔린,오토,ORIGINAL,일반,2025-03-19 18:43:11.000 +09,경기,에스에이치모터스,257소4976,0,0,1,0.0,0.0,0,0,
39137506,현대,올 뉴 투싼,디젤 2.0 2WD,프리미엄,201904.0,2019,1770.0,99067.0,디젤,오토,ORIGINAL,일반,2025-03-19 18:43:08.000 +09,울산,준파크모터스,49보3661,3,1,0,386.1593,145.4659,0,0,
39130276,현대,올 뉴 투싼,디젤 2.0 4WD,프리미엄,201507.0,2016,1330.0,115919.0,디젤,오토,ORIGINAL,일반,2025-03-19 18:43:08.000 +09,울산,준파크모터스,63주5944,1,1,4,44.513,147.98,0,0,
39030204,현대,더 뉴 투싼 하이브리드 (NX4),HEV 1.6 2WD,프리미엄,202412.0,2024,3027.0,600.0,가솔린+전기,오토,ORIGINAL,렌트,2025-03-19 18:42:05.000 +09,경기,,229하1122,0,0,0,0.0,0.0,0,0,
39197421,현대,올 뉴 투싼,디젤 1.6 2WD,모던,201903.0,2019,1570.0,66295.0,디젤,오토,ORIGINAL,일반,2025-03-19 18:38:43.000 +09,경기,애니원모터스,18러9832,1,0,0,53.334,0.0,0,0,
39166431,현대,올 뉴 투싼,가솔린 1.6 터보 2WD,모던,202010.0,2020,1390.0,53992.0,가솔린,오토,ORIGINAL,일반,2025-03-19 18:38:42.000 +09,경기,애니원모터스,307고7139,2,5,1,1409.2366,3641.816,0,0,
39087635,현대,올 뉴 투싼,디젤 1.6 2WD,프리미엄,201907.0,2019,1690.0,44334.0,디젤,오토,ORIGINAL,일반,2025-03-19 18:37:51.000 +09,전북,세븐모터스,01거6385,0,0,0,0.0,0.0,0,0,
38950805,현대,올 뉴 투싼,디젤 1.6 2WD,프리미엄,201903.0,2019,1890.0,70163.0,디젤,오토,ORIGINAL,일반,2025-03-19 18:37:49.000 +09,대구,NEW해성모터스,55저6627,0,0,0,0.0,0.0,0,0,
38321024,현대,투싼 하이브리드 (NX4),N Line 2WD,인스퍼레이션,202302.0,2023,3150.0,37253.0,가솔린+전기,오토,ORIGINAL,일반,2025-03-19 18:36:01.000 +09,경기,(주)리더카,117나1436,0,0,1,0.0,0.0,0,0,
38544766,현대,투싼 하이브리드 (NX4),인스퍼레이션 2WD,,202305.0,2023,3280.0,14659.0,가솔린+전기,오토,ORIGINAL,일반,2025-03-19 18:34:59.000 +09,대전,우신모터스,185오9578,1,0,1,130.011,0.0,0,0,
38998912,현대,올 뉴 투싼,디젤 2.0 2WD,스마트,201705.0,2018,1160.0,145840.0,디젤,오토,ORIGINAL,일반,2025-03-19 18:34:34.000 +09,전북,(유)카마트모터스,05두1356,5,4,1,311.4725,560.9251,0,0,
37974233,현대,올 뉴 투싼,디젤 2.0 4WD,모던,202004.0,2020,1890.0,63529.0,디젤,오토,ORIGINAL,일반,2025-03-19 18:34:30.000 +09,경기,유일모터스,384마3229,0,0,2,0.0,0.0,1,0,
39267588,현대,뉴 투싼 ix,디젤(e-VGT) 2WD,스마트 스페셜,201408.0,2015,739.0,141096.0,디젤,오토,ORIGINAL,일반,2025-03-19 18:32:46.000 +09,대전,금성모터스,31버9762,1,1,2,285.229,197.114,0,0,
39208655,현대,투싼 ix,디젤 2WD LMX20,프리미엄,201003.0,2010,590.0,160716.0,디젤,오토,ORIGINAL,일반,2025-03-19 18:32:19.000 +09,부산,장병길,59마3344,2,2,3,71.7868,65.225,0,0,
39180551,현대,투싼,디젤(CRDI) 2WD MX,고급형,200708.0,2007,330.0,251492.0,디젤,오토,ORIGINAL,일반,2025-03-19 18:30:59.000 +09,제주,대신오토링크,12더9245,3,5,5,217.7167,295.4727,0,0,
38869062,현대,올 뉴 투싼,디젤 2.0 2WD,모던,201510.0,2016,1090.0,95514.0,디젤,오토,ORIGINAL,일반,2025-03-19 18:29:56.000 +09,경남,탑모터스,133로1994,5,4,4,703.5581,308.5249,1,0,
38620642,현대,투싼 (NX4),디젤 2.0 2WD,프리미엄,202211.0,2023,2750.0,34900.0,디젤,오토,ORIGINAL,일반,2025-03-19 18:29:40.000 +09,부산,대경모터스,168소6691,0,0,0,0.0,0.0,0,0,
39213300,현대,투싼 하이브리드 (NX4),인스퍼레이션 2WD,,202010.0,2021,2680.0,75660.0,가솔린+전기,오토,ORIGINAL,일반,2025-03-19 18:27:08.000 +09,대전,드림디오토,160저8587,1,0,1,106.2369,0.0,0,0,0.0
38839052,현대,투싼 (NX4),가솔린 1.6 터보 2WD,프리미엄,202209.0,2023,2650.0,9145.0,가솔린,오토,ORIGINAL,일반,2025-03-19 18:27:08.000 +09,대전,드림디오토,107고2236,0,0,2,0.0,0.0,1,0,0.0
39016207,현대,투싼 (NX4),가솔린 1.6 터보 2WD,인스퍼레이션,202203.0,2022,2920.0,54605.0,가솔린,오토,ORIGINAL,일반,2025-03-19 18:26:57.000 +09,울산,진장모터스,163조1199,0,0,3,0.0,0.0,1,0,
39086873,현대,투싼 ix,디젤 2WD X20,디럭스,201105.0,2012,490.0,156267.0,디젤,오토,ORIGINAL,일반,2025-03-19 18:26:57.000 +09,경기,마이카스,07두4076,1,1,3,27.551,215.625,2,0,
39060549,현대,투싼 ix,디젤 2WD LX20,럭셔리,201003.0,2010,490.0,156431.0,디젤,오토,ORIGINAL,일반,2025-03-19 18:26:57.000 +09,경기,마이카스,61저2693,2,1,1,179.7878,38.3838,0,0,
38314959,현대,투싼 하이브리드 (NX4),인스퍼레이션 2WD,,202205.0,2022,3090.0,42254.0,가솔린+전기,오토,ORIGINAL,일반,2025-03-19 18:26:56.000 +09,울산,진장모터스,149버2971,2,1,1,61.7381,85.69,0,0,
39202298,현대,올 뉴 투싼,가솔린 1.6 터보 2WD,프리미엄,201903.0,2019,1520.0,96355.0,가솔린,오토,ORIGINAL,일반,2025-03-19 18:26:47.000 +09,대구,경성모터스,196라7829,1,1,2,34.6593,80.4366,1,0,
38851731,현대,올 뉴 투싼,가솔린 1.6 터보 2WD,모던,202002.0,2020,1990.0,63447.0,가솔린,오토,ORIGINAL,일반,2025-03-19 18:26:47.000 +09,대구,경성모터스,169우1453,0,1,2,0.0,27.523,0,0,
39246755,현대,올 뉴 투싼,디젤 2.0 2WD,모던,201708.0,2018,1190.0,152500.0,디젤,오토,ORIGINAL,일반,2025-03-19 18:26:46.000 +09,충북,신진모터스,55조9398,1,2,5,50.7,199.9148,0,0,
38737249,현대,투싼 (NX4),가솔린 1.6 터보 2WD,인스퍼레이션,202012.0,2021,2440.0,92744.0,가솔린,오토,ORIGINAL,일반,2025-03-19 18:26:13.000 +09,경기,해피온카,181서3567,1,1,1,94.9519,225.5871,0,0,
38993554,현대,투싼 하이브리드 (NX4),인스퍼레이션 2WD,,202309.0,2023,3150.0,33813.0,가솔린+전기,오토,ORIGINAL,일반,2025-03-19 18:25:49.000 +09,광주,(주)삼흥모터스,183부7684,1,1,1,88.2759,75.4859,0,0,
39054182,현대,올 뉴 투싼,디젤 1.7 2WD,프리미엄,201611.0,2017,1470.0,80026.0,디젤,오토,ORIGINAL,일반,2025-03-19 18:25:37.000 +09,경기,뉴코리아모터스,16저0322,1,1,3,48.133,68.2977,0,0,
38672802,현대,올 뉴 투싼,디젤 1.7 2WD,모던,201705.0,2018,1220.0,119000.0,디젤,오토,ORIGINAL,일반,2025-03-19 18:24:59.000 +09,경북,경산한성자동차매매상사,52어9478,1,0,1,51.67,0.0,0,0,
39155546,현대,올 뉴 투싼,디젤 2.0 2WD,모던,201603.0,2017,1350.0,112079.0,디젤,오토,ORIGINAL,일반,2025-03-19 18:24:55.000 +09,대구,SJ오토,27구0817,1,1,1,67.805,141.2391,0,0,
38873992,현대,올 뉴 투싼,디젤 2.0 2WD,스마트,201804.0,2018,1480.0,73296.0,디젤,오토,ORIGINAL,일반,2025-03-19 18:24:34.000 +09,대전,카카오토월드(주),03다4595,2,2,1,120.247,106.3179,0,0,
38285783,현대,투싼 (NX4),가솔린 1.6 터보 2WD,인스퍼레이션,202311.0,2023,2950.0,12107.0,가솔린,오토,ORIGINAL,일반,2025-03-19 18:24:33.000 +09,대전,카카오토월드(주),190나2185,0,0,1,0.0,0.0,0,0,0.0
39052089,현대,올 뉴 투싼,디젤 1.7 2WD,모던,201805.0,2018,1750.0,26245.0,디젤,오토,ORIGINAL,일반,2025-03-19 18:24:33.000 +09,대전,카카오토월드(주),17두7815,1,0,1,70.7229,0.0,0,0,
39182145,현대,올 뉴 투싼,디젤 1.7 2WD,모던,201509.0,2016,1080.0,141293.0,디젤,오토,ORIGINAL,일반,2025-03-19 18:24:21.000 +09,울산,고려상사,57루0952,1,0,1,34.7863,0.0,0,0,
38950794,현대,투싼,디젤(VGT) 2WD MX,고급형,200705.0,2007,350.0,70698.0,디젤,오토,ORIGINAL,일반,2025-03-19 18:23:59.000 +09,부산,유승모터스,30라1927,1,1,3,46.079,231.0,0,0,0.0
39176355,현대,투싼,디젤(CRDI) 2WD MX,고급형,200510.0,2006,350.0,47643.0,디젤,오토,ORIGINAL,일반,2025-03-19 18:23:59.000 +09,부산,유승모터스,02우5233,1,1,2,44.825,1.6,0,0,
38490764,현대,투싼 (NX4),가솔린 1.6 터보 2WD,인스퍼레이션,202211.0,2023,3190.0,7518.0,가솔린,오토,ORIGINAL,일반,2025-03-19 18:22:49.000 +09,경기,좋은자동차,314구6211,0,0,1,0.0,0.0,0,0,
39049582,현대,투싼 ix,디젤 2WD LMX20,프리미엄,200911.0,2010,599.0,116043.0,디젤,오토,ORIGINAL,일반,2025-03-19 18:22:34.000 +09,경기,정원모터스,46누9735,0,0,1,0.0,0.0,0,0,
39192030,현대,올 뉴 투싼,디젤 1.6 2WD,모던,201809.0,2019,1690.0,51000.0,디젤,오토,ORIGINAL,일반,2025-03-19 18:21:57.000 +09,경기,(주)다온모터스,270오4848,0,0,2,0.0,0.0,1,0,
39181251,현대,올 뉴 투싼,디젤 1.7 2WD,모던,201702.0,2017,1299.0,100000.0,디젤,오토,ORIGINAL,일반,2025-03-19 18:20:48.000 +09,대구,나래모터스,07라3461,1,3,5,125.4875,293.3915,0,0,
39241929,현대,올 뉴 투싼,디젤 1.6 2WD,모던,202005.0,2020,1499.0,99900.0,디젤,오토,ORIGINAL,일반,2025-03-19 18:20:48.000 +09,대구,나래모터스,220수3302,0,0,2,0.0,0.0,1,0,
38466511,현대,올 뉴 투싼,디젤 2.0 2WD,모던,201709.0,2018,1410.0,99994.0,디젤,오토,ORIGINAL,일반,2025-03-19 18:20:01.000 +09,울산,다인모터스,15루7348,0,0,1,0.0,0.0,0,0,
38768656,현대,투싼 (NX4),가솔린 1.6 터보 2WD,프리미엄,202011.0,2021,2160.0,84681.0,가솔린,오토,ORIGINAL,일반,2025-03-19 18:19:31.000 +09,경기,대한모터스,253노4245,2,2,2,216.6824,177.139,1,0,
39130627,현대,올 뉴 투싼,디젤 2.0 2WD,모던,201601.0,2016,1240.0,110318.0,디젤,오토,ORIGINAL,일반,2025-03-19 18:19:31.000 +09,경기,대한모터스,23머0918,0,0,1,0.0,0.0,0,0,
39231778,현대,올 뉴 투싼,디젤 1.7 2WD,스타일,201504.0,2016,930.0,125007.0,디젤,오토,ORIGINAL,일반,2025-03-19 18:18:41.000 +09,부산,주식회사 마이카,22누2597,3,4,1,255.6414,319.9873,0,0,
39089170,현대,올 뉴 투싼,디젤 2.0 2WD,모던,201507.0,2016,1240.0,104253.0,디젤,오토,ORIGINAL,일반,2025-03-19 18:17:50.000 +09,부산,(주)비엔케이모터스,50더6284,2,1,4,115.32,66.5418,2,0,
39012099,현대,올 뉴 투싼,디젤 2.0 2WD,프리미엄,201802.0,2018,1699.0,45471.0,디젤,오토,ORIGINAL,일반,2025-03-19 18:17:46.000 +09,경기,(주)카마트몰,41나4475,1,1,1,405.48,116.2133,0,0,
38917059,현대,올 뉴 투싼,디젤 2.0 2WD,모던,202001.0,2020,1980.0,24867.0,디젤,오토,ORIGINAL,일반,2025-03-19 18:16:43.000 +09,광주,(주)카마트,130나9526,0,0,1,0.0,0.0,1,0,
38996773,현대,투싼 (NX4),디젤 2.0 2WD,프리미엄,202102.0,2021,1990.0,119330.0,디젤,오토,ORIGINAL,일반,2025-03-19 18:16:26.000 +09,울산,아셀모터스,139러3784,1,0,2,170.5294,0.0,1,0,
38710638,현대,투싼 (NX4),디젤 2.0 2WD,프리미엄,202103.0,2021,1890.0,146446.0,디젤,오토,ORIGINAL,일반,2025-03-19 18:16:26.000 +09,울산,아셀모터스,107라9206,1,0,1,144.208,0.0,1,0,
38994619,현대,뉴 투싼 ix,디젤(e-VGT) 2WD,스마트 스페셜,201501.0,2015,690.0,156720.0,디젤,오토,ORIGINAL,일반,2025-03-19 18:16:26.000 +09,울산,아셀모터스,42더4066,4,6,2,225.577,756.028,0,0,
39137509,현대,올 뉴 투싼,가솔린 1.6 터보 2WD,모던,202005.0,2020,1990.0,55323.0,가솔린,오토,ORIGINAL,일반,2025-03-19 18:16:17.000 +09,경기,제이모터스,282어7964,1,1,1,35.4499,51.4854,0,0,
38450067,현대,올 뉴 투싼,디젤 2.0 2WD,프리미엄,201604.0,2017,1430.0,90481.0,디젤,오토,ORIGINAL,일반,2025-03-19 18:12:29.000 +09,경기,(주)오토룩2,55구0682,1,1,1,35.0838,35.8468,0,0,
39165176,현대,올 뉴 투싼,디젤 1.7 2WD,스타일,201808.0,2018,1270.0,46513.0,디젤,오토,ORIGINAL,일반,2025-03-19 18:12:27.000 +09,경기,(주)오토룩2,39다3995,1,1,1,49.5393,67.2498,0,0,
39010996,현대,올 뉴 투싼,디젤 2.0 2WD,모던,202005.0,2020,1690.0,94619.0,디젤,오토,ORIGINAL,일반,2025-03-19 18:11:38.000 +09,경남,v모터스,335어6311,3,1,1,212.6686,66.611,0,0,
39189851,현대,올 뉴 투싼,디젤 1.7 2WD,모던,201601.0,2016,9999.0,158578.0,디젤,오토,ORIGINAL,일반,2025-03-19 18:10:09.000 +09,서울,(주)성우아이엔아이,69버0928,1,1,2,78.4804,35.9,0,0,
39040906,현대,올 뉴 투싼,가솔린 1.6 터보 2WD,프리미엄,201909.0,2019,1480.0,100691.0,가솔린,오토,ORIGINAL,일반,2025-03-19 18:09:43.000 +09,경기,중앙 자동차매매상사,174가5152,1,1,1,190.39,192.0765,0,0,
39075423,현대,올 뉴 투싼,디젤 2.0 2WD,프리미엄,201802.0,2018,1890.0,97453.0,디젤,오토,ORIGINAL,일반,2025-03-19 18:07:59.000 +09,울산,엠피크,27머3900,0,1,1,0.0,35.652,0,0,
38006145,현대,올 뉴 투싼,디젤 2.0 2WD,모던,201909.0,2019,1580.0,61070.0,디젤,오토,ORIGINAL,일반,2025-03-19 18:06:02.000 +09,대구,주원모터스,170조2791,0,2,1,0.0,549.605,1,0,
38158106,현대,올 뉴 투싼,디젤 2.0 2WD,모던,201504.0,2016,1450.0,56654.0,디젤,오토,ORIGINAL,일반,2025-03-19 18:05:28.000 +09,부산,주식회사 모터스트리,11노8036,2,1,3,223.407,144.782,0,0,
38453114,현대,올 뉴 투싼,디젤 1.7 2WD,모던,201509.0,2016,1475.0,43981.0,디젤,오토,ORIGINAL,일반,2025-03-19 18:05:27.000 +09,부산,주식회사 모터스트리,41다0755,1,0,1,54.548,0.0,0,0,
38322025,현대,올 뉴 투싼,디젤 1.7 2WD,프리미엄,201608.0,2017,1475.0,94303.0,디젤,오토,ORIGINAL,일반,2025-03-19 18:05:27.000 +09,부산,주식회사 모터스트리,38너0434,0,0,1,0.0,0.0,0,0,
36762110,현대,올 뉴 투싼,가솔린 1.6 터보 2WD,모던,201904.0,2019,9999.0,90403.0,가솔린,오토,ORIGINAL,일반,2025-03-19 18:04:19.000 +09,전북,엘리트모터스,210가9005,1,1,1,144.019,88.3043,1,0,
39118017,현대,올 뉴 투싼,디젤 2.0 2WD,모던,201811.0,2019,1430.0,118120.0,디젤,오토,ORIGINAL,일반,2025-03-19 18:04:19.000 +09,전북,엘리트모터스,58오8973,1,1,2,127.55,68.907,0,0,
38561275,현대,투싼 (NX4),가솔린 1.6 터보 2WD,인스퍼레이션,202205.0,2022,1471.0,26000.0,가솔린,오토,ORIGINAL,렌트,2025-03-19 18:04:13.000 +09,서울,,126호3949,0,0,0,0.0,0.0,0,0,
38827155,현대,올 뉴 투싼,디젤 1.7 2WD,모던,201605.0,2016,1150.0,59858.0,디젤,오토,ORIGINAL,일반,2025-03-19 18:03:04.000 +09,전북,오토핸즈익산직영점,58수0528,1,0,1,0.0,0.0,0,0,
39099568,현대,투싼 하이브리드 (NX4),인스퍼레이션 4WD,,202302.0,2023,3490.0,9643.0,가솔린+전기,오토,ORIGINAL,일반,2025-03-19 18:03:04.000 +09,전북,오토핸즈익산직영점,393더3942,0,0,1,0.0,0.0,0,0,
39213798,현대,올 뉴 투싼,디젤 1.7 2WD,모던,201712.0,2018,1099.0,116261.0,디젤,오토,ORIGINAL,일반,2025-03-19 18:01:29.000 +09,충남,(주)리원,01도9280,1,0,3,48.9083,0.0,0,0,
38281139,현대,올 뉴 투싼,디젤 1.6 2WD,프리미엄,201908.0,2019,1360.0,128848.0,디젤,오토,ORIGINAL,일반,2025-03-19 18:00:17.000 +09,인천,(주)타워모터스,233고2376,0,0,1,0.0,0.0,1,0,
39203316,현대,올 뉴 투싼,디젤 1.7 2WD,스타일,201702.0,2017,930.0,160456.0,디젤,오토,ORIGINAL,일반,2025-03-19 17:59:17.000 +09,대전,나성모터스,65더6989,0,0,3,0.0,0.0,1,0,
39050848,현대,투싼 ix,디젤 2WD X20,럭셔리,201009.0,2011,430.0,162416.0,디젤,오토,ORIGINAL,일반,2025-03-19 17:59:14.000 +09,대전,충청자동차매매상사,20저3070,0,0,0,0.0,0.0,0,0,
39200624,현대,투싼 하이브리드 (NX4),인스퍼레이션 2WD,,202303.0,2023,3190.0,36065.0,가솔린+전기,오토,ORIGINAL,일반,2025-03-19 17:58:51.000 +09,대구,필카,209라7871,0,0,0,0.0,0.0,0,0,
39211827,현대,더 뉴 투싼 (NX4),가솔린 1.6 터보 4WD,N Line 인스퍼레이션,202406.0,2024,3990.0,4302.0,가솔린,오토,ORIGINAL,일반,2025-03-19 17:58:51.000 +09,대구,필카,153너2131,0,0,0,0.0,0.0,0,0,
39026643,현대,투싼 (NX4),디젤 2.0 2WD,인스퍼레이션,202012.0,2021,2350.0,74439.0,디젤,오토,ORIGINAL,일반,2025-03-19 17:58:15.000 +09,경기,(주)카홀딩스,237더2384,3,1,1,226.0749,134.2454,0,0,
38792413,현대,올 뉴 투싼,디젤 1.7 2WD,모던,201803.0,2018,1290.0,119161.0,디젤,오토,ORIGINAL,일반,2025-03-19 17:57:07.000 +09,경기,이지모터스,01고3412,1,1,1,42.55,39.175,0,0,
39255976,현대,투싼 하이브리드 (NX4),인스퍼레이션 2WD,,202303.0,2023,3280.0,20563.0,가솔린+전기,오토,ORIGINAL,일반,2025-03-19 17:56:39.000 +09,부산,태화모터스,176수5885,0,0,0,0.0,0.0,0,0,
39270817,현대,투싼 하이브리드 (NX4),인스퍼레이션 2WD,,202303.0,2023,3220.0,13563.0,가솔린+전기,오토,ORIGINAL,일반,2025-03-19 17:56:10.000 +09,경기,와이엠 모터스,313누5082,1,1,0,70.459,71.077,0,0,
38641259,현대,올 뉴 투싼,디젤 1.6 2WD,모던,201901.0,2019,1350.0,113044.0,디젤,오토,ORIGINAL,일반,2025-03-19 17:55:07.000 +09,부산,스타모터스,302노5943,0,0,3,0.0,0.0,1,0,
39118112,현대,올 뉴 투싼,디젤 2.0 2WD,프리미엄,201706.0,2018,1340.0,100000.0,디젤,오토,ORIGINAL,일반,2025-03-19 17:55:07.000 +09,인천,전진자동차매매상사,69가8461,2,3,2,453.6798,647.4194,0,0,
38666801,현대,올 뉴 투싼,디젤 1.7 2WD,모던,201611.0,2017,1040.0,125496.0,디젤,오토,ORIGINAL,일반,2025-03-19 17:55:03.000 +09,경기,국민모터스,66보0242,0,0,2,0.0,0.0,0,0,
39116073,현대,올 뉴 투싼,디젤 2.0 2WD,스마트,202001.0,2020,1650.0,72768.0,디젤,오토,ORIGINAL,일반,2025-03-19 17:54:32.000 +09,경북,대명,146루7599,0,1,1,0.0,204.208,0,0,
39102575,현대,올 뉴 투싼,디젤 2.0 2WD,스마트,201802.0,2018,1780.0,80298.0,디젤,오토,ORIGINAL,일반,2025-03-19 17:54:13.000 +09,강원,네오자동차(NEOAUTO COMPANY),160보4553,2,0,2,36.5944,0.0,1,0,
39187156,현대,투싼 하이브리드 (NX4),N Line 2WD,인스퍼레이션,202301.0,2023,3430.0,28632.0,가솔린+전기,오토,ORIGINAL,일반,2025-03-19 17:54:06.000 +09,울산,마린모터스,321노9158,0,0,0,0.0,0.0,0,0,
39179342,현대,투싼 하이브리드 (NX4),인스퍼레이션 2WD,,202312.0,2023,2790.0,16588.0,가솔린+전기,오토,ORIGINAL,일반,2025-03-19 17:51:14.000 +09,경기,알차상사,129거4145,0,0,1,0.0,0.0,0,0,
38980709,현대,올 뉴 투싼,디젤 2.0 2WD,모던,201702.0,2017,1380.0,98555.0,디젤,오토,ORIGINAL,일반,2025-03-19 17:51:13.000 +09,경기,MS모터스,41가1314,0,1,0,0.0,106.9347,0,0,
39077716,현대,올 뉴 투싼,디젤 1.7 2WD,모던,201802.0,2018,1280.0,84656.0,디젤,오토,ORIGINAL,일반,2025-03-19 17:50:33.000 +09,경기,주식회사자동차마을,47우5532,0,0,1,0.0,0.0,0,0,
38851212,현대,올 뉴 투싼,가솔린 1.6 터보 2WD,모던 피버,201607.0,2017,1580.0,63979.0,가솔린,오토,ORIGINAL,일반,2025-03-19 17:50:33.000 +09,경기,주식회사자동차마을,26노0739,0,0,1,0.0,0.0,0,0,
37493706,현대,투싼 (NX4),가솔린 1.6 터보 2WD,N Line 인스퍼레이션,202302.0,2023,2485.0,19000.0,가솔린,오토,ORIGINAL,렌트,2025-03-19 17:49:51.000 +09,경기,(주)탑기어모터스,198호3075,0,0,0,0.0,0.0,0,0,
38486916,현대,투싼 (NX4),디젤 2.0 2WD,프리미엄,202203.0,2022,2499.0,73054.0,디젤,오토,ORIGINAL,일반,2025-03-19 17:49:43.000 +09,경기,홈카,178서1016,0,0,1,0.0,0.0,1,0,
38519941,현대,올 뉴 투싼,디젤 2.0 2WD,모던,201704.0,2017,1650.0,64399.0,디젤,오토,ORIGINAL,일반,2025-03-19 17:47:18.000 +09,광주,(주)선경,50저2024,1,2,1,35.268,232.3991,0,0,
38211829,현대,올 뉴 투싼,가솔린 1.6 터보 2WD,모던,201907.0,2019,2180.0,25189.0,가솔린,오토,ORIGINAL,일반,2025-03-19 17:47:18.000 +09,광주,(주)선경,139러7064,0,0,0,0.0,0.0,1,0,
38880092,현대,투싼 (NX4),디젤 2.0 2WD,프리미엄,202301.0,2023,2850.0,15237.0,디젤,오토,ORIGINAL,일반,2025-03-19 17:45:44.000 +09,대구,월드모터스,312조2683,0,0,0,0.0,0.0,0,0,
38395017,현대,올 뉴 투싼,디젤 2.0 2WD,인스퍼레이션,201912.0,2020,1670.0,119044.0,디젤,오토,ORIGINAL,일반,2025-03-19 17:45:19.000 +09,경기,오토허브셀카,115버9505,1,0,1,66.1,0.0,0,0,
39019805,현대,올 뉴 투싼,디젤 2.0 2WD,모던,201505.0,2016,1150.0,138984.0,디젤,오토,ORIGINAL,일반,2025-03-19 17:43:39.000 +09,대구,국제모터스,40수3299,2,0,1,249.9383,0.0,0,0,
38189920,현대,올 뉴 투싼,디젤 1.7 2WD,스타일 피버,201604.0,2017,1160.0,123739.0,디젤,오토,ORIGINAL,일반,2025-03-19 17:43:38.000 +09,대구,국제모터스,246노3414,2,1,2,141.01,267.8754,1,0,
39106543,현대,뉴 투싼 ix,디젤(e-VGT) 2WD,모던,201402.0,2014,650.0,241880.0,디젤,오토,ORIGINAL,일반,2025-03-19 17:43:13.000 +09,대구,YB모터스,34도5903,1,1,0,96.7436,124.5,0,0,
39003786,현대,투싼 하이브리드 (NX4),인스퍼레이션 2WD,,202202.0,2022,2930.0,49280.0,가솔린+전기,오토,ORIGINAL,일반,2025-03-19 17:42:37.000 +09,인천,다올모터스,140어3173,2,0,1,195.7651,0.0,0,0,
38842337,현대,올 뉴 투싼,디젤 1.7 2WD,스마트,201709.0,2018,1120.0,102159.0,디젤,오토,ORIGINAL,일반,2025-03-19 17:42:09.000 +09,경기,국민모터스,63저3460,0,2,1,0.0,182.9762,0,0,
36524812,현대,올 뉴 투싼,디젤 1.7 2WD,스타일,201511.0,2016,998.0,95190.0,디젤,오토,ORIGINAL,일반,2025-03-19 17:41:12.000 +09,경남,SK헤이카,35마0510,0,1,3,0.0,60.449,0,0,
39113816,현대,투싼 ix,디젤 2WD LX20,럭셔리,201203.0,2012,590.0,129632.0,디젤,오토,ORIGINAL,일반,2025-03-19 17:40:41.000 +09,경기,엘모터스,67소7139,3,0,1,177.646,0.0,0,0,
38948429,현대,투싼,디젤(VGT) 2WD 에스티,,200710.0,2008,298.0,171876.0,디젤,오토,ORIGINAL,일반,2025-03-19 17:40:40.000 +09,경남,SK원카,67머7333,1,2,4,37.159,119.6223,0,0,
38983938,현대,올 뉴 투싼,디젤 1.7 2WD,모던,201510.0,2016,1098.0,130417.0,디젤,오토,ORIGINAL,일반,2025-03-19 17:40:39.000 +09,경남,SK원카,28마0943,0,0,1,0.0,0.0,0,0,
39227828,현대,올 뉴 투싼,디젤 2.0 2WD,스마트,202010.0,2020,1899.0,61697.0,디젤,오토,ORIGINAL,일반,2025-03-19 17:40:30.000 +09,광주,J-AUTO(제이오토),362두2137,0,0,1,0.0,0.0,1,0,
39178695,현대,투싼 ix,디젤 4WD X20,스마트,201304.0,2013,660.0,203993.0,디젤,오토,ORIGINAL,일반,2025-03-19 17:39:33.000 +09,대전,(주)뉴신용자동차,66더1426,0,0,0,0.0,0.0,0,0,
38835037,현대,투싼 (NX4),디젤 2.0 4WD,모던,202008.0,2020,1670.0,81025.0,디젤,오토,ORIGINAL,일반,2025-03-19 17:39:33.000 +09,대전,(주)뉴신용자동차,266누4179,1,0,3,117.243,0.0,1,0,
39141133,현대,올 뉴 투싼,디젤 2.0 2WD,스마트,201801.0,2018,1460.0,123394.0,디젤,오토,ORIGINAL,일반,2025-03-19 17:39:33.000 +09,대전,(주)뉴신용자동차,177어8827,1,0,4,91.133,0.0,1,0,
38757507,현대,투싼 하이브리드 (NX4),인스퍼레이션 2WD,,202303.0,2023,3390.0,7717.0,가솔린+전기,오토,ORIGINAL,일반,2025-03-19 17:38:20.000 +09,전북,강남모터스,120어1626,0,0,1,0.0,0.0,0,0,
39237869,현대,올 뉴 투싼,디젤 1.7 2WD,모던,201510.0,2016,890.0,189348.0,디젤,오토,ORIGINAL,일반,2025-03-19 17:37:29.000 +09,전남,스타모터스,62부0982,0,0,1,0.0,0.0,0,0,
39224995,현대,투싼 ix,디젤 2WD X20,럭셔리,201201.0,2012,590.0,106928.0,디젤,오토,ORIGINAL,일반,2025-03-19 17:37:08.000 +09,서울,파인모터스,55마5838,2,2,3,100.0118,199.1015,0,0,
39221844,현대,투싼 ix,디젤 2WD LX20,럭셔리,201003.0,2010,490.0,148567.0,디젤,오토,ORIGINAL,일반,2025-03-19 17:37:06.000 +09,경기,수성자동차,37머2271,2,1,5,143.7396,53.446,0,0,
39032380,현대,올 뉴 투싼,디젤 1.7 2WD,모던,201710.0,2018,1250.0,114505.0,디젤,오토,ORIGINAL,일반,2025-03-19 17:36:25.000 +09,제주,아이모터스,188로6069,1,0,4,30.3369,0.0,1,0,
39101618,현대,올 뉴 투싼,가솔린 1.6 터보 2WD,인스퍼레이션,202005.0,2020,2280.0,59019.0,가솔린,오토,ORIGINAL,일반,2025-03-19 17:34:05.000 +09,경기,(주)예스카,136라7168,0,0,1,0.0,0.0,0,0,
37310967,현대,투싼 (NX4),디젤 2.0 2WD,모던,202012.0,2021,2370.0,37562.0,디젤,오토,ORIGINAL,일반,2025-03-19 17:33:41.000 +09,대전,(주)바이킹오토,208거6501,0,0,2,0.0,0.0,1,0,
39122980,현대,올 뉴 투싼,디젤 2.0 2WD,모던,201703.0,2017,1300.0,136027.0,디젤,오토,ORIGINAL,일반,2025-03-19 17:33:36.000 +09,대전,카카오토월드(주),17로6104,1,0,1,72.184,0.0,0,0,
38299787,현대,투싼 (NX4),가솔린 1.6 터보 2WD,프리미엄,202303.0,2023,2990.0,31633.0,가솔린,오토,ORIGINAL,일반,2025-03-19 17:31:04.000 +09,대구,e모터스,285가4079,0,0,1,0.0,0.0,0,0,
39259491,현대,투싼 (NX4),가솔린 1.6 터보 2WD,인스퍼레이션,202311.0,2023,3150.0,21179.0,가솔린,오토,ORIGINAL,일반,2025-03-19 17:31:04.000 +09,대구,e모터스,248버6962,0,0,0,0.0,0.0,0,0,
38469030,현대,투싼 (NX4),가솔린 1.6 터보 2WD,모던,202205.0,2022,2550.0,62542.0,가솔린,오토,ORIGINAL,일반,2025-03-19 17:31:04.000 +09,대구,e모터스,303누7433,0,0,0,0.0,0.0,0,0,
38530150,현대,투싼 (NX4),가솔린 1.6 터보 2WD,모던,202104.0,2021,2550.0,70510.0,가솔린,오토,ORIGINAL,일반,2025-03-19 17:31:04.000 +09,대구,e모터스,194가2612,0,0,0,0.0,0.0,0,0,
39266183,현대,투싼 ix,디젤 4WD X20,스타일,201303.0,2013,639.0,121150.0,디젤,오토,ORIGINAL,일반,2025-03-19 17:30:06.000 +09,경기,오토피아,02너0661,1,3,4,98.2364,294.4716,1,0,
39164408,현대,올 뉴 투싼,디젤 2.0 2WD,모던,201602.0,2016,1330.0,85766.0,디젤,오토,ORIGINAL,일반,2025-03-19 17:29:44.000 +09,서울,(주)윤카,48어0259,2,1,1,114.49,30.152,0,0,
39099728,현대,올 뉴 투싼,디젤 1.7 2WD,모던,201711.0,2018,1080.0,100980.0,디젤,오토,ORIGINAL,일반,2025-03-19 17:28:07.000 +09,경기,NH Car,47로7232,0,0,0,0.0,0.0,0,0,
38349346,현대,올 뉴 투싼,디젤 1.6 2WD,모던,201906.0,2019,1630.0,76000.0,디젤,오토,ORIGINAL,일반,2025-03-19 17:27:56.000 +09,대전,아주자동차,09고4803,0,0,0,0.0,0.0,0,0,
39197715,현대,더 뉴 투싼 하이브리드 (NX4),HEV 1.6 2WD,인스퍼레이션,202406.0,2024,3450.0,32916.0,가솔린+전기,오토,ORIGINAL,일반,2025-03-19 17:27:22.000 +09,경기,차차모터스,362서2596,1,0,0,52.485,0.0,0,0,
38875617,현대,투싼 (NX4),가솔린 1.6 터보 2WD,인스퍼레이션,202101.0,2021,2500.0,72591.0,가솔린,오토,ORIGINAL,일반,2025-03-19 17:27:14.000 +09,경기,뉴코리아모터스,187루4378,4,1,5,327.341,127.203,0,0,
39193706,현대,올 뉴 투싼,디젤 2.0 4WD,모던,201611.0,2017,1450.0,104406.0,디젤,오토,ORIGINAL,일반,2025-03-19 17:25:48.000 +09,부산,신우모터스,48거0312,0,0,1,0.0,0.0,0,0,
39062770,현대,투싼 ix,디젤 2WD LX20,프리미어,201002.0,2010,380.0,225843.0,디젤,오토,ORIGINAL,일반,2025-03-19 17:24:42.000 +09,대전,드림디오토,136머5815,5,3,4,252.43,273.9526,1,0,0.0
39238068,현대,투싼 ix,디젤 4WD LX20,프리미어,201112.0,2012,850.0,91360.0,디젤,오토,ORIGINAL,일반,2025-03-19 17:24:40.000 +09,대전,드림디오토,182주1011,1,1,4,119.41,123.665,1,0,0.0
39059474,현대,뉴 투싼 ix,디젤(e-VGT) 2WD,스마트 스페셜,201309.0,2014,630.0,215468.0,디젤,오토,ORIGINAL,일반,2025-03-19 17:24:40.000 +09,대전,드림디오토,16모3770,2,1,1,112.6187,48.8023,0,0,0.0
39218172,현대,뉴 투싼 ix,디젤(e-VGT) 2WD,스마트,201406.0,2015,899.0,137456.0,디젤,오토,ORIGINAL,일반,2025-03-19 17:23:34.000 +09,대구,현대종합자동차상사,31모1399,0,0,3,0.0,0.0,0,0,
37753179,현대,투싼 ix,디젤 2WD LX20,럭셔리,201207.0,2013,599.0,130314.0,디젤,오토,ORIGINAL,일반,2025-03-19 17:23:33.000 +09,대구,현대종합자동차상사,25버1882,2,4,3,145.6463,211.2064,0,0,
39163634,현대,올 뉴 투싼,디젤 2.0 2WD,모던,201705.0,2018,9999.0,170012.0,디젤,오토,ORIGINAL,일반,2025-03-19 17:21:22.000 +09,대전,우정모터스,29누3646,2,3,2,454.6068,733.987,0,0,
39201526,현대,올 뉴 투싼,가솔린 1.6 터보 2WD,모던,201707.0,2018,1550.0,92969.0,가솔린,오토,ORIGINAL,일반,2025-03-19 17:21:05.000 +09,전북,(유)카카오토샵,43가3066,1,0,0,294.8833,0.0,0,0,
39248544,현대,올 뉴 투싼,디젤 1.7 2WD,프리미엄,201612.0,2017,1230.0,123386.0,디젤,오토,ORIGINAL,일반,2025-03-19 17:16:04.000 +09,대구,대상모터스,55모0197,1,0,0,207.4661,0.0,0,0,
38915381,현대,올 뉴 투싼,디젤 1.7 2WD,모던,201801.0,2018,1250.0,82320.0,디젤,오토,ORIGINAL,일반,2025-03-19 17:15:53.000 +09,경기,해동자동차,61라2147,3,2,1,40.5432,203.0334,0,0,
38802984,현대,올 뉴 투싼,디젤 2.0 2WD,모던,201810.0,2019,1645.0,84726.0,디젤,오토,ORIGINAL,일반,2025-03-19 17:15:48.000 +09,대구,(주)히든모터스,52오1752,1,2,1,72.3954,216.242,0,0,
39221760,현대,올 뉴 투싼,디젤 2.0 2WD,스마트,201711.0,2018,9999.0,223417.0,디젤,오토,ORIGINAL,일반,2025-03-19 17:13:16.000 +09,대구,드림모터스,29모6316,0,1,1,0.0,59.7608,0,0,
39049959,현대,올 뉴 투싼,가솔린 1.6 터보 2WD,모던,202001.0,2020,2100.0,54416.0,가솔린,오토,ORIGINAL,일반,2025-03-19 17:09:57.000 +09,서울,(주)을지자동차,252도5570,1,0,1,63.3937,0.0,0,0,
39255506,현대,투싼 ix,디젤 2WD LX20,프리미어,201102.0,2011,590.0,150000.0,디젤,오토,ORIGINAL,일반,2025-03-19 17:09:48.000 +09,경기,(주)바른손,116보8654,0,0,2,0.0,0.0,1,0,
38831199,현대,올 뉴 투싼,디젤 2.0 2WD,프리미엄,201903.0,2019,1660.0,50394.0,디젤,오토,ORIGINAL,일반,2025-03-19 17:09:36.000 +09,경기,(주)굿카,15로1733,2,2,2,1180.6631,293.4636,0,0,
39065213,현대,투싼 (NX4),가솔린 1.6 터보 4WD,인스퍼레이션,202201.0,2022,2650.0,45896.0,가솔린,오토,ORIGINAL,일반,2025-03-19 17:09:35.000 +09,경기,(주)굿카,210서7619,1,0,0,1628.8969,0.0,0,0,
39222424,현대,투싼 (NX4),가솔린 1.6 터보 2WD,프리미엄,202209.0,2023,2520.0,42613.0,가솔린,오토,ORIGINAL,일반,2025-03-19 17:09:12.000 +09,경기,sk렌터카,133고8851,1,0,0,79.684,0.0,1,0,
38642885,현대,투싼 ix,디젤 2WD LX20,럭셔리,201211.0,2013,599.0,120187.0,디젤,오토,ORIGINAL,일반,2025-03-19 17:06:36.000 +09,대구,유니모터스,55우6905,2,1,4,103.97,115.4176,0,0,
38941515,현대,올 뉴 투싼,디젤 1.7 2WD,모던,201604.0,2016,1290.0,83013.0,디젤,오토,ORIGINAL,일반,2025-03-19 17:05:44.000 +09,울산,(주)두바이카,55조0769,1,3,3,45.667,224.3114,0,0,
38900613,현대,올 뉴 투싼,디젤 2.0 2WD,모던,201804.0,2018,1370.0,111666.0,디젤,오토,ORIGINAL,일반,2025-03-19 17:05:42.000 +09,경남,굿차,39주9280,4,4,1,366.6016,352.4992,0,0,
38779957,현대,올 뉴 투싼,가솔린 1.6 터보 2WD,모던,202011.0,2020,1860.0,106136.0,가솔린,오토,ORIGINAL,일반,2025-03-19 17:04:51.000 +09,울산,(주)나인모터스,276구2113,1,0,2,54.6159,0.0,0,0,
38990961,현대,투싼 (NX4),가솔린 1.6 터보 2WD,프리미엄,202206.0,2022,2750.0,10881.0,가솔린,오토,ORIGINAL,일반,2025-03-19 17:04:51.000 +09,울산,(주)나인모터스,198루5285,1,2,1,158.8988,171.7364,0,0,
38944159,현대,투싼 (NX4),가솔린 1.6 터보 2WD,프리미엄,202012.0,2021,1980.0,133407.0,가솔린,오토,ORIGINAL,일반,2025-03-19 17:04:51.000 +09,울산,(주)나인모터스,341로8327,0,1,2,0.0,148.0247,1,0,
39127409,현대,투싼 (NX4),가솔린 1.6 터보 2WD,프리미엄,202102.0,2021,2140.0,118813.0,가솔린,오토,ORIGINAL,일반,2025-03-19 17:04:51.000 +09,서울,(주)행복드림카,216무5699,1,0,2,57.456,0.0,1,0,
39136040,현대,올 뉴 투싼,가솔린 1.6 터보 2WD,스타일 피버,201604.0,2017,1540.0,74126.0,가솔린,오토,ORIGINAL,일반,2025-03-19 17:04:51.000 +09,서울,(주)행복드림카,27조0521,0,1,1,0.0,80.8298,0,0,
39148593,현대,올 뉴 투싼,디젤 1.7 2WD,모던,201505.0,2016,1140.0,120865.0,디젤,오토,ORIGINAL,일반,2025-03-19 17:04:51.000 +09,서울,(주)행복드림카,11어4673,0,0,0,0.0,0.0,0,0,
39244504,현대,투싼 하이브리드 (NX4),인스퍼레이션 2WD,,202011.0,2021,2900.0,47623.0,가솔린+전기,오토,ORIGINAL,일반,2025-03-19 17:04:51.000 +09,울산,(주)나인모터스,360오3731,4,3,1,684.4143,270.1469,0,0,
38835271,현대,올 뉴 투싼,디젤 1.7 2WD,모던 피버,201605.0,2017,1280.0,103074.0,디젤,오토,ORIGINAL,일반,2025-03-19 17:04:50.000 +09,울산,(주)나인모터스,58너0108,2,0,5,168.3728,0.0,0,0,
38966955,현대,올 뉴 투싼,디젤 2.0 2WD,모던,201912.0,2020,1970.0,52575.0,디젤,오토,ORIGINAL,일반,2025-03-19 17:04:42.000 +09,경북,부릉부릉닷컴(주),247가9801,0,0,1,0.0,0.0,1,0,
38498505,현대,올 뉴 투싼,디젤 2.0 2WD,모던,201804.0,2018,1570.0,78061.0,디젤,오토,ORIGINAL,일반,2025-03-19 17:03:52.000 +09,광주,주]으뜸모터스,157주1081,0,0,4,0.0,0.0,1,0,
39174249,현대,투싼 ix,디젤 2WD X20,스마트,201302.0,2013,690.0,109542.0,디젤,오토,ORIGINAL,일반,2025-03-19 17:01:52.000 +09,울산,정성 자동차,48구7855,2,0,1,197.6633,0.0,0,0,
38578772,현대,올 뉴 투싼,디젤 2.0 4WD,스마트,201806.0,2018,1400.0,79890.0,디젤,오토,ORIGINAL,일반,2025-03-19 17:01:13.000 +09,경남,지니모터스,219다9069,0,0,2,0.0,0.0,1,0,
39221828,현대,올 뉴 투싼,디젤 1.6 2WD,모던,201811.0,2019,1560.0,95781.0,디젤,오토,ORIGINAL,일반,2025-03-19 17:00:20.000 +09,대전,(주)세종car,159나4743,0,0,6,0.0,0.0,1,0,
38143169,현대,올 뉴 투싼,가솔린 1.6 터보 4WD,프리미엄,201902.0,2019,2030.0,39641.0,가솔린,오토,ORIGINAL,일반,2025-03-19 16:59:25.000 +09,경기,무한모터스,07소4320,1,1,1,48.3229,33.1376,0,0,
39192852,현대,올 뉴 투싼,가솔린 1.6 터보 2WD,모던,201705.0,2018,1450.0,114248.0,가솔린,오토,ORIGINAL,일반,2025-03-19 16:59:25.000 +09,경기,무한모터스,29노6304,3,0,1,287.5208,0.0,0,0,
38837222,현대,올 뉴 투싼,디젤 2.0 2WD,모던,201707.0,2018,1650.0,54604.0,디젤,오토,ORIGINAL,일반,2025-03-19 16:56:41.000 +09,경기,세이프카,32마1282,2,2,3,141.8524,386.7196,0,0,
39037533,현대,더 뉴 투싼 하이브리드 (NX4),HEV 1.6 2WD,인스퍼레이션,202411.0,2024,4060.0,301.0,가솔린+전기,오토,ORIGINAL,일반,2025-03-19 16:56:05.000 +09,부산,(주)굿홀딩스,221우5301,0,0,1,0.0,0.0,1,0,
39024486,현대,올 뉴 투싼,디젤 2.0 2WD,익스트림 에디션,201709.0,2018,1470.0,163178.0,디젤,오토,ORIGINAL,일반,2025-03-19 16:55:58.000 +09,경기,아차차,41가9207,5,1,2,416.9638,476.1184,0,0,
38763307,현대,올 뉴 투싼,디젤 2.0 2WD,스타일,201705.0,2018,1200.0,86122.0,디젤,오토,ORIGINAL,일반,2025-03-19 16:55:46.000 +09,전북,애플 모터스,01오3025,0,0,2,0.0,0.0,0,0,
38820086,현대,올 뉴 투싼,디젤 1.7 2WD,모던 피버,201606.0,2017,1050.0,109000.0,디젤,오토,ORIGINAL,일반,2025-03-19 16:55:07.000 +09,충북,은아모터스,55머0712,2,1,1,329.8013,440.0,0,0,
38812323,현대,투싼 하이브리드 (NX4),인스퍼레이션 2WD,,202301.0,2023,3400.0,16093.0,가솔린+전기,오토,ORIGINAL,일반,2025-03-19 16:55:06.000 +09,충북,탑모터스,148라8771,0,0,0,0.0,0.0,0,0,
38596370,현대,올 뉴 투싼,디젤 1.7 2WD,모던,201606.0,2017,1290.0,76311.0,디젤,오토,ORIGINAL,일반,2025-03-19 16:54:43.000 +09,부산,신반여상사,17노0445,1,1,3,45.0,343.6479,0,0,
39257700,현대,올 뉴 투싼,디젤 1.7 2WD,모던 피버,201606.0,2017,1220.0,89166.0,디젤,오토,ORIGINAL,일반,2025-03-19 16:54:40.000 +09,광주,(주)케이자동차,32수0883,3,0,1,121.0307,0.0,0,0,
39121458,현대,올 뉴 투싼,디젤 2.0 4WD,모던,202001.0,2020,2050.0,45041.0,디젤,오토,ORIGINAL,일반,2025-03-19 16:52:46.000 +09,광주,스타오토모빌 (주),367소8908,0,0,1,0.0,0.0,0,0,
39201746,현대,투싼 (NX4),디젤 2.0 4WD,모던,202102.0,2021,2330.0,124580.0,디젤,오토,ORIGINAL,일반,2025-03-19 16:51:37.000 +09,경기,스마일자동차,245저7731,0,0,1,0.0,0.0,1,0,
39197092,현대,투싼 (NX4),가솔린 1.6 터보 2WD,모던,202106.0,2021,2050.0,68059.0,가솔린,오토,ORIGINAL,일반,2025-03-19 16:51:37.000 +09,경기,스마일자동차,275두7248,1,2,2,104.5494,102.2318,1,0,
39257974,현대,투싼 (NX4),디젤 2.0 4WD,모던,202305.0,2023,2650.0,36943.0,디젤,오토,ORIGINAL,일반,2025-03-19 16:51:36.000 +09,경기,스마일자동차,153우9432,0,0,1,0.0,0.0,1,0,
39218656,현대,뉴 투싼 ix,디젤(e-VGT) 4WD,프리미엄,201307.0,2014,1030.0,122587.0,디젤,오토,ORIGINAL,일반,2025-03-19 16:50:35.000 +09,부산,로다 오토모빌,62소7649,3,2,4,155.7874,240.364,0,0,
38956381,현대,올 뉴 투싼,디젤 2.0 4WD,프리미엄,201906.0,2019,1970.0,64447.0,디젤,오토,ORIGINAL,일반,2025-03-19 16:50:34.000 +09,부산,로다 오토모빌,20어6209,1,2,3,95.4459,173.0911,0,0,
37214824,현대,올 뉴 투싼,디젤 2.0 4WD,스마트,201806.0,2018,1490.0,63127.0,디젤,오토,ORIGINAL,일반,2025-03-19 16:50:34.000 +09,부산,로다 오토모빌,205머4963,5,0,2,195.2963,0.0,1,0,
39249239,현대,투싼 (NX4),디젤 2.0 4WD,프리미엄,202012.0,2021,2599.0,62710.0,디젤,오토,ORIGINAL,일반,2025-03-19 16:49:55.000 +09,경기,오토프라임,240어2260,1,0,2,51.8867,0.0,1,0,
39058559,현대,투싼 (NX4),디젤 2.0 4WD,모던,202105.0,2021,2199.0,94853.0,디젤,오토,ORIGINAL,일반,2025-03-19 16:49:54.000 +09,경기,오토프라임,201다2683,1,0,1,98.5144,0.0,1,0,
39186596,현대,투싼 (NX4),가솔린 1.6 터보 4WD,인스퍼레이션,202101.0,2021,2469.0,100894.0,가솔린,오토,ORIGINAL,일반,2025-03-19 16:49:54.000 +09,경기,오토프라임,256어2931,2,0,3,781.8408,0.0,0,0,
39065999,현대,투싼 (NX4),디젤 2.0 2WD,모던,202012.0,2021,1959.0,127309.0,디젤,오토,ORIGINAL,일반,2025-03-19 16:49:53.000 +09,경기,오토프라임,262어4975,0,0,3,0.0,0.0,1,0,
39066063,현대,투싼 (NX4),디젤 2.0 2WD,모던,202012.0,2021,1959.0,131944.0,디젤,오토,ORIGINAL,일반,2025-03-19 16:49:53.000 +09,경기,오토프라임,262어4968,1,0,3,66.979,0.0,1,0,
39014610,현대,투싼 (NX4),디젤 2.0 4WD,모던,202106.0,2021,2290.0,88612.0,디젤,오토,ORIGINAL,일반,2025-03-19 16:49:53.000 +09,경기,오토프라임,247부1888,0,0,1,0.0,0.0,1,0,
38968498,현대,투싼,디젤(VGT) 2WD MX,고급형,200703.0,2007,290.0,139558.0,디젤,오토,ORIGINAL,일반,2025-03-19 16:49:45.000 +09,대전,주/아성모터스,39두3658,0,2,2,0.0,48.246,0,0,
38701878,현대,투싼 (NX4),디젤 2.0 2WD,인스퍼레이션,202202.0,2022,2730.0,79650.0,디젤,오토,ORIGINAL,일반,2025-03-19 16:48:40.000 +09,대구,주) 주원모터스,248보3770,0,1,2,0.0,263.0752,1,0,
38966414,현대,올 뉴 투싼,디젤 1.7 2WD,프리미엄,201711.0,2018,1470.0,93242.0,디젤,오토,ORIGINAL,일반,2025-03-19 16:47:38.000 +09,경기,토토자동차,21부6273,4,2,1,315.7311,491.5303,0,0,
39242353,현대,올 뉴 투싼,디젤 1.7 2WD,모던,201802.0,2018,1260.0,98416.0,디젤,오토,ORIGINAL,일반,2025-03-19 16:47:38.000 +09,경기,토토자동차,57두2010,3,3,2,753.3042,1177.0916,0,0,
38682269,현대,투싼 (NX4),가솔린 1.6 터보 2WD,프리미엄,202304.0,2023,2750.0,20809.0,가솔린,오토,ORIGINAL,일반,2025-03-19 16:47:37.000 +09,경기,토토자동차,139로7685,0,1,1,0.0,40.654,0,0,
39160974,현대,올 뉴 투싼,디젤 2.0 2WD,모던,201504.0,2016,1190.0,151720.0,디젤,오토,ORIGINAL,일반,2025-03-19 16:47:16.000 +09,울산,준파크모터스,31두4422,2,2,1,162.938,107.495,0,0,
39038084,현대,올 뉴 투싼,디젤 1.7 2WD,프리미엄,201706.0,2018,1550.0,79455.0,디젤,오토,ORIGINAL,일반,2025-03-19 16:47:02.000 +09,서울,(주) 한경자동차,03모4407,1,2,2,64.6523,181.927,0,0,
37760344,현대,투싼 하이브리드 (NX4),인스퍼레이션 2WD,,202305.0,2023,3243.0,17400.0,가솔린+전기,오토,ORIGINAL,렌트,2025-03-19 16:46:55.000 +09,서울,,180하4148,2,1,0,70.2668,22.2658,0,0,
39222706,현대,투싼 하이브리드 (NX4),프리미엄 2WD,,202303.0,2023,3059.0,29000.0,가솔린+전기,오토,ORIGINAL,일반,2025-03-19 16:46:51.000 +09,강원,,285부5998,0,0,0,0.0,0.0,0,0,
38697585,현대,투싼 하이브리드 (NX4),인스퍼레이션 2WD,,202308.0,2023,2578.0,16200.0,가솔린+전기,오토,ORIGINAL,리스,2025-03-19 16:46:50.000 +09,서울,,130구5513,0,0,0,0.0,0.0,0,0,
38266731,현대,투싼 하이브리드 (NX4),인스퍼레이션 2WD,,202209.0,2023,2277.0,42400.0,가솔린+전기,오토,ORIGINAL,렌트,2025-03-19 16:46:46.000 +09,서울,,180호8855,0,0,0,0.0,0.0,0,0,
39183700,현대,더 뉴 투싼 (NX4),가솔린 1.6 터보 2WD,프리미엄,202411.0,2024,3200.0,755.0,가솔린,오토,ORIGINAL,일반,2025-03-19 16:46:20.000 +09,전남,JC모터스,223저8528,0,0,0,0.0,0.0,0,0,
38312369,현대,올 뉴 투싼,디젤 1.7 2WD,모던,201709.0,2018,1550.0,60618.0,디젤,오토,ORIGINAL,일반,2025-03-19 16:46:17.000 +09,전남,JC모터스,125마8368,1,0,3,68.919,0.0,1,0,
39129837,현대,투싼 하이브리드 (NX4),인스퍼레이션 2WD,,202211.0,2023,3200.0,42368.0,가솔린+전기,오토,ORIGINAL,일반,2025-03-19 16:46:16.000 +09,전남,JC모터스,209노6079,0,0,0,0.0,0.0,0,0,
39188147,현대,올 뉴 투싼,디젤 2.0 2WD,모던,201508.0,2016,1190.0,124055.0,디젤,오토,ORIGINAL,일반,2025-03-19 16:44:10.000 +09,대전,뉴신원자동차,11누2146,0,0,1,0.0,0.0,0,0,
39010539,현대,더 뉴 투싼 하이브리드 (NX4),HEV 1.6 2WD,모던,202501.0,2025,2960.0,885.0,가솔린+전기,오토,ORIGINAL,렌트,2025-03-19 16:44:02.000 +09,대전,,224하3212,0,0,0,0.0,0.0,0,0,
39268583,현대,올 뉴 투싼,디젤 1.7 2WD,모던,201707.0,2018,949.0,176850.0,디젤,오토,ORIGINAL,일반,2025-03-19 16:42:23.000 +09,경기,클린오토,45보9311,3,4,1,393.6816,608.6967,0,0,
39012929,현대,뉴 투싼 ix,디젤(e-VGT) 2WD,프리미엄,201306.0,2014,850.0,136134.0,디젤,오토,ORIGINAL,일반,2025-03-19 16:39:14.000 +09,경기,중앙자동차매매상사,18어9495,3,1,1,287.497,40.837,0,0,
38410401,현대,더 뉴 투싼 하이브리드 (NX4),HEV 1.6 4WD,N Line 인스퍼레이션,202302.0,2023,3900.0,33125.0,가솔린+전기,오토,ORIGINAL,일반,2025-03-19 16:39:14.000 +09,경기,중앙자동차매매상사,141저6196,0,0,0,0.0,0.0,0,0,
39068113,현대,올 뉴 투싼,디젤 2.0 2WD,프리미엄,201605.0,2017,1680.0,53578.0,디젤,오토,ORIGINAL,일반,2025-03-19 16:35:46.000 +09,전북,굿데이모터스,30러0726,4,0,2,301.7065,0.0,0,0,
39185452,현대,올 뉴 투싼,디젤 2.0 2WD,모던,201601.0,2016,1350.0,96701.0,디젤,오토,ORIGINAL,일반,2025-03-19 16:34:29.000 +09,충남,골드자동차매매상사,59주0327,1,0,1,61.3953,0.0,0,0,
39234766,현대,올 뉴 투싼,디젤 2.0 2WD,모던,201609.0,2017,1400.0,92000.0,디젤,오토,ORIGINAL,일반,2025-03-19 16:34:26.000 +09,경북,조은자동차상사,54도0481,4,2,3,212.933,144.055,0,0,
39234881,현대,올 뉴 투싼,가솔린 1.6 터보 2WD,모던,202008.0,2020,1920.0,66110.0,가솔린,오토,ORIGINAL,일반,2025-03-19 16:32:31.000 +09,경기,(주)오토프라임,369우5348,1,1,2,190.7273,229.0,0,0,
39260380,현대,뉴 투싼 ix,디젤(e-VGT) 2WD,스마트,201307.0,2014,720.0,159002.0,디젤,오토,ORIGINAL,일반,2025-03-19 16:31:48.000 +09,울산,카카오모터스,21마0428,1,0,4,26.0828,0.0,1,0,
39241173,현대,올 뉴 투싼,디젤 2.0 2WD,프리미엄,201708.0,2018,1870.0,31600.0,디젤,오토,ORIGINAL,일반,2025-03-19 16:31:00.000 +09,경기,인연모터스,08러8339,0,0,0,0.0,0.0,0,0,
38675590,현대,투싼 (NX4),가솔린 1.6 터보 2WD,인스퍼레이션,202209.0,2023,2580.0,61844.0,가솔린,오토,ORIGINAL,일반,2025-03-19 16:29:58.000 +09,울산,동아상사,184러3772,3,2,1,255.15,125.8509,0,0,
38785916,현대,투싼 ix,디젤 2WD LX20,럭셔리,201202.0,2012,570.0,169671.0,디젤,오토,ORIGINAL,일반,2025-03-19 16:29:45.000 +09,전북,승리모터스,16더2729,4,1,5,336.2084,52.642,0,0,
38804547,현대,올 뉴 투싼,디젤 2.0 2WD,모던,201910.0,2019,1599.0,44100.0,디젤,오토,ORIGINAL,일반,2025-03-19 16:29:32.000 +09,경기,(주)오토프라임,359나2038,1,0,1,0.0,0.0,0,0,
39036411,현대,올 뉴 투싼,디젤 2.0 2WD,스마트,201801.0,2018,1200.0,127240.0,디젤,오토,ORIGINAL,일반,2025-03-19 16:28:55.000 +09,서울,피스모터스,60고6118,1,0,1,51.794,0.0,0,0,
39074653,현대,올 뉴 투싼,디젤 2.0 4WD,모던,201902.0,2019,1850.0,57804.0,디젤,오토,ORIGINAL,일반,2025-03-19 16:28:54.000 +09,부산,(주)아라모터스,03거3539,2,0,0,172.493,0.0,0,0,
39206967,현대,올 뉴 투싼,디젤 2.0 2WD,모던,201902.0,2019,1750.0,52452.0,디젤,오토,ORIGINAL,일반,2025-03-19 16:28:54.000 +09,부산,(주)아라모터스,113오3105,0,1,2,0.0,69.4552,1,0,
39166960,현대,올 뉴 투싼,디젤 2.0 2WD,스마트,201901.0,2019,1490.0,85000.0,디젤,오토,ORIGINAL,일반,2025-03-19 16:25:03.000 +09,경기,윈모터스,04보2270,0,0,1,0.0,0.0,0,0,
37670605,현대,올 뉴 투싼,가솔린 1.6 터보 4WD,모던,201906.0,2019,1799.0,77927.0,가솔린,오토,ORIGINAL,일반,2025-03-19 16:24:36.000 +09,경기,준모터스,107고4606,0,0,2,0.0,0.0,1,0,
38774433,현대,투싼 ix,가솔린 2WD X20,워너비,200912.0,2010,720.0,104800.0,가솔린,오토,ORIGINAL,일반,2025-03-19 16:23:27.000 +09,경기,바른자동차,26나7912,0,0,1,0.0,0.0,0,0,
38425953,현대,투싼 (NX4),디젤 2.0 2WD,인스퍼레이션,202210.0,2023,2650.0,53987.0,디젤,오토,ORIGINAL,일반,2025-03-19 16:23:20.000 +09,경기,무결점 카모터스,335나2064,0,0,1,0.0,0.0,0,0,
39043537,현대,투싼 (NX4),가솔린 1.6 터보 2WD,인스퍼레이션,202012.0,2021,2480.0,79874.0,가솔린,오토,ORIGINAL,일반,2025-03-19 16:23:03.000 +09,경기,(주)모던카,238마1740,0,0,2,0.0,0.0,1,0,
38977788,현대,더 뉴 투싼 (NX4),가솔린 1.6 터보 2WD,인스퍼레이션,202403.0,2024,3022.0,4293.0,가솔린,오토,ORIGINAL,렌트,2025-03-19 16:22:53.000 +09,경기,헬로모터스,198하5823,0,1,0,0.0,0.0,0,0,
39257761,현대,투싼 하이브리드 (NX4),인스퍼레이션 2WD,,202312.0,2023,3626.0,29442.0,가솔린+전기,오토,ORIGINAL,렌트,2025-03-19 16:22:53.000 +09,경기,헬로모터스,221호6754,0,0,0,0.0,0.0,0,0,
38987643,현대,더 뉴 투싼 하이브리드 (NX4),HEV 1.6 2WD,인스퍼레이션,202302.0,2023,2339.0,40552.0,가솔린+전기,오토,ORIGINAL,렌트,2025-03-19 16:22:52.000 +09,경기,헬로모터스,174호2458,0,0,0,0.0,0.0,0,0,
39160164,현대,올 뉴 투싼,디젤 1.7 2WD,모던,201703.0,2017,1590.0,53626.0,디젤,오토,ORIGINAL,일반,2025-03-19 16:22:05.000 +09,부산,(주) 하이브모터스,60누5179,1,1,1,58.198,112.05,0,0,
39154285,현대,올 뉴 투싼,디젤 2.0 2WD,모던,201711.0,2018,1530.0,93127.0,디젤,오토,ORIGINAL,일반,2025-03-19 16:19:21.000 +09,경기,제이모션,66버4219,0,0,3,0.0,0.0,0,0,
38710889,현대,올 뉴 투싼,디젤 1.7 2WD,모던,201610.0,2017,1150.0,111093.0,디젤,오토,ORIGINAL,일반,2025-03-19 16:17:48.000 +09,전북,카뱅크,23너0112,0,2,4,0.0,99.6973,0,0,
38825172,현대,올 뉴 투싼,디젤 2.0 2WD,모던,201507.0,2016,1190.0,111093.0,디젤,오토,ORIGINAL,일반,2025-03-19 16:17:48.000 +09,전북,카뱅크,14노8154,3,1,2,126.7977,25.8509,0,0,
38825169,현대,올 뉴 투싼,디젤 1.7 2WD,스타일,201601.0,2016,1150.0,87369.0,디젤,오토,ORIGINAL,일반,2025-03-19 16:17:48.000 +09,전북,카뱅크,58어0865,0,0,2,0.0,0.0,0,0,
38989530,현대,올 뉴 투싼,디젤 2.0 2WD,모던,201511.0,2016,5555.0,168274.0,디젤,오토,ORIGINAL,일반,2025-03-19 16:17:28.000 +09,대구,가람모터스,40어8974,3,1,4,218.1035,194.5,0,0,
38825602,현대,올 뉴 투싼,디젤 2.0 2WD,모던,201905.0,2019,1730.0,91257.0,디젤,오토,ORIGINAL,일반,2025-03-19 16:17:28.000 +09,대구,가람모터스,29라6303,2,3,3,261.5168,318.0606,0,0,
38762440,현대,뉴 투싼 ix,디젤(e-VGT) 2WD,모던,201402.0,2014,750.0,143387.0,디젤,오토,ORIGINAL,일반,2025-03-19 16:16:54.000 +09,대구,새)우진상사,68러7279,2,2,1,155.503,153.311,0,0,
39153769,현대,올 뉴 투싼,디젤 1.7 2WD,모던 피버,201505.0,2016,1280.0,84066.0,디젤,오토,ORIGINAL,일반,2025-03-19 16:16:23.000 +09,강원,중앙자동차,51보8903,1,1,1,69.4413,205.1108,0,0,
38775173,현대,올 뉴 투싼,디젤 2.0 2WD,스마트,201801.0,2018,1549.0,87899.0,디젤,오토,ORIGINAL,일반,2025-03-19 16:15:09.000 +09,부산,롯데상사,141두5561,0,1,2,0.0,248.249,1,0,
39155909,현대,올 뉴 투싼,가솔린 1.6 터보 2WD,스타일 피버,201609.0,2017,1290.0,78361.0,가솔린,오토,ORIGINAL,일반,2025-03-19 16:14:45.000 +09,경남,Kcar양산지점,04라0235,1,1,6,121.9348,74.0626,0,0,
38445667,현대,올 뉴 투싼,디젤 1.6 2WD,스마트,201810.0,2019,1300.0,108255.0,디젤,오토,ORIGINAL,일반,2025-03-19 16:14:29.000 +09,경기,오토월드,300마5724,0,0,2,0.0,0.0,1,0,
38987796,현대,올 뉴 투싼,디젤 2.0 2WD,프리미엄,201604.0,2017,1440.0,129572.0,디젤,오토,ORIGINAL,일반,2025-03-19 16:14:12.000 +09,울산,준car,59소0959,2,0,0,230.449,0.0,0,0,
38775675,현대,더 뉴 투싼 하이브리드 (NX4),HEV 1.6 2WD,인스퍼레이션,202404.0,2024,3780.0,7518.0,가솔린+전기,오토,ORIGINAL,일반,2025-03-19 16:13:03.000 +09,대구,엔젤모터스,178누3416,0,0,1,0.0,0.0,0,0,
39027762,현대,올 뉴 투싼,디젤 1.6 2WD,스마트,201809.0,2019,1195.0,102734.0,디젤,오토,ORIGINAL,일반,2025-03-19 16:13:02.000 +09,대구,(주)카고고,259나5319,1,3,2,190.1942,1204.82,1,0,
39014165,현대,올 뉴 투싼,디젤 1.7 2WD,모던,201708.0,2018,1330.0,89241.0,디젤,오토,ORIGINAL,일반,2025-03-19 16:12:24.000 +09,대전,주 비전모터스,57모3547,1,3,0,53.0388,214.5644,0,0,
39238481,현대,올 뉴 투싼,디젤 2.0 2WD,스마트,201803.0,2018,1620.0,72168.0,디젤,오토,ORIGINAL,일반,2025-03-19 16:06:44.000 +09,경기,하늘모터스,62너2217,0,0,1,0.0,0.0,0,0,
39192405,현대,올 뉴 투싼,디젤 1.7 2WD,스타일,201601.0,2016,9999.0,115811.0,디젤,오토,ORIGINAL,일반,2025-03-19 16:06:44.000 +09,경기,하늘모터스,48어0727,2,0,0,77.2268,0.0,0,0,
39248129,현대,투싼 (NX4),가솔린 1.6 터보 2WD,인스퍼레이션,202102.0,2021,2580.0,59800.0,가솔린,오토,ORIGINAL,일반,2025-03-19 16:05:00.000 +09,부산,동인자동차,172버9510,1,0,1,0.0,0.0,0,0,
39058228,현대,올 뉴 투싼,디젤 2.0 2WD,프리미엄,201801.0,2018,1620.0,130600.0,디젤,오토,ORIGINAL,일반,2025-03-19 16:04:23.000 +09,경남,창원중고차매매,04소5215,2,4,1,332.806,492.5744,0,0,
39028444,현대,뉴 투싼 ix,디젤(e-VGT) 2WD,스마트 스페셜,201310.0,2014,550.0,245411.0,디젤,오토,ORIGINAL,일반,2025-03-19 16:02:40.000 +09,전북,카몬,12도6815,5,3,0,569.067,569.654,0,0,
39238260,현대,올 뉴 투싼,가솔린 1.6 터보 2WD,모던,202005.0,2020,2040.0,70000.0,가솔린,오토,ORIGINAL,일반,2025-03-19 16:01:40.000 +09,경기,카메이트,277구2941,1,0,0,133.7951,0.0,0,0,
39254454,현대,투싼 (NX4),가솔린 1.6 터보 2WD,인스퍼레이션,202101.0,2021,2980.0,32508.0,가솔린,오토,ORIGINAL,일반,2025-03-19 16:01:21.000 +09,경기,(주)다모아모터스,292머3931,0,0,1,0.0,0.0,0,0,
39203155,현대,투싼 ix,디젤 2WD LX20,프리미어,201003.0,2010,569.0,146000.0,디젤,오토,ORIGINAL,일반,2025-03-19 16:00:59.000 +09,충남,성광상사,67나2312,3,3,1,239.013,456.2106,0,0,
39207705,현대,올 뉴 투싼,가솔린 1.6 터보 2WD,프리미엄,201901.0,2019,2100.0,30627.0,가솔린,오토,ORIGINAL,일반,2025-03-19 15:57:47.000 +09,경기,수성자동차,61러2956,2,1,0,168.4841,218.9436,0,0,
39107344,현대,올 뉴 투싼,디젤 2.0 2WD,프리미엄,201509.0,2016,1270.0,147965.0,디젤,오토,ORIGINAL,일반,2025-03-19 15:57:37.000 +09,충북,95모터스,13두7731,1,2,3,58.749,84.727,0,0,
36690344,현대,뉴 투싼 ix,디젤(e-VGT) 2WD,스마트 스페셜,201505.0,2015,720.0,191735.0,디젤,오토,ORIGINAL,일반,2025-03-19 15:57:09.000 +09,경기,윈윈 모터스,35무8331,1,0,0,26.9348,0.0,0,0,
38426190,현대,투싼 (NX4),디젤 2.0 2WD,모던,202309.0,2023,2650.0,15002.0,디젤,오토,ORIGINAL,일반,2025-03-19 15:57:08.000 +09,경기,윈윈 모터스,302나9345,0,0,2,0.0,0.0,1,0,
39190615,현대,올 뉴 투싼,디젤 2.0 2WD,모던,202006.0,2020,9999.0,40791.0,디젤,오토,ORIGINAL,일반,2025-03-19 15:56:16.000 +09,경기,해피온카,269보8635,0,0,1,0.0,0.0,1,0,
38388170,현대,올 뉴 투싼,디젤 1.6 2WD,모던,201904.0,2019,1910.0,21873.0,디젤,오토,ORIGINAL,일반,2025-03-19 15:53:52.000 +09,부산,(주)더마니카,65라4692,0,1,0,0.0,44.401,0,0,
39129139,현대,올 뉴 투싼,디젤 2.0 2WD,프리미엄,201804.0,2018,1850.0,74870.0,디젤,오토,ORIGINAL,일반,2025-03-19 15:52:45.000 +09,울산,DK모터스,06너3600,2,2,1,170.8806,134.1478,0,0,
39128606,현대,올 뉴 투싼,가솔린 1.6 터보 2WD,프리미엄,201811.0,2019,1710.0,84329.0,가솔린,오토,ORIGINAL,일반,2025-03-19 15:52:26.000 +09,경기,비전모터스,18너5099,2,1,1,367.9517,108.9,0,0,
39096862,현대,뉴 투싼 ix,디젤(e-VGT) 2WD,스마트 스페셜,201406.0,2015,970.0,120000.0,디젤,오토,ORIGINAL,일반,2025-03-19 15:51:12.000 +09,대구,애플모터스,31조2326,2,1,2,472.695,233.411,0,0,
39174530,현대,투싼 (NX4),가솔린 1.6 터보 2WD,인스퍼레이션,202303.0,2023,3100.0,26000.0,가솔린,오토,ORIGINAL,일반,2025-03-19 15:50:50.000 +09,부산,동원모터스,253어7118,0,0,0,0.0,0.0,0,0,
39235891,현대,투싼 ix,디젤 2WD LX20,럭셔리,200910.0,2010,450.0,194151.0,디젤,오토,ORIGINAL,일반,2025-03-19 15:49:40.000 +09,서울,경원자동차,36소6941,9,3,1,1087.4762,461.3229,0,0,
39256620,현대,올 뉴 투싼,디젤 2.0 2WD,프리미엄,201505.0,2016,1550.0,71244.0,디젤,오토,ORIGINAL,일반,2025-03-19 15:49:40.000 +09,서울,경원자동차,57보6185,0,0,2,0.0,0.0,0,0,
39132821,현대,올 뉴 투싼,디젤 2.0 2WD,모던,201705.0,2017,1590.0,98278.0,디젤,오토,ORIGINAL,일반,2025-03-19 15:49:03.000 +09,대구,차를파는사람들,139버7808,0,0,6,0.0,0.0,1,0,
39066302,현대,더 뉴 투싼 하이브리드 (NX4),HEV 1.6 2WD,인스퍼레이션,202411.0,2024,4100.0,3565.0,가솔린+전기,오토,ORIGINAL,일반,2025-03-19 15:47:21.000 +09,울산,조이카,186서4313,0,0,0,0.0,0.0,0,0,
38961297,현대,올 뉴 투싼,디젤 2.0 2WD,모던,201506.0,2016,1290.0,126182.0,디젤,오토,ORIGINAL,일반,2025-03-19 15:47:21.000 +09,울산,조이카,17조1538,1,1,0,88.6591,54.2738,0,0,
38979675,현대,뉴 투싼 ix,디젤(e-VGT) 2WD,모던,201403.0,2014,940.0,131165.0,디젤,오토,ORIGINAL,일반,2025-03-19 15:47:21.000 +09,울산,조이카,62도2447,2,0,2,106.902,0.0,0,0,
39211104,현대,투싼 (NX4),디젤 2.0 2WD,모던,202102.0,2021,1970.0,104585.0,디젤,오토,ORIGINAL,일반,2025-03-19 15:47:18.000 +09,경기,굿모닝자동차,154버7019,0,0,1,0.0,0.0,1,0,
37606967,현대,투싼 (NX4),가솔린 1.6 터보 4WD,인스퍼레이션,202304.0,2023,3150.0,17256.0,가솔린,오토,ORIGINAL,일반,2025-03-19 15:46:17.000 +09,서울,(주)한마음모터스,120나3859,1,0,0,51.1881,0.0,0,0,
39208503,현대,뉴 투싼 ix,디젤(e-VGT) 2WD,스마트 스페셜,201502.0,2015,870.0,147000.0,디젤,오토,ORIGINAL,일반,2025-03-19 15:43:53.000 +09,충북,대한자동차매매상사,60도9821,0,3,3,0.0,183.9609,0,0,
39237195,현대,투싼 ix,디젤 2WD LX20,럭셔리,200911.0,2010,529.0,165114.0,디젤,오토,ORIGINAL,일반,2025-03-19 15:38:47.000 +09,대구,누리자동차상사,61고7545,2,2,6,157.5323,242.786,0,0,
39122009,현대,투싼 ix,디젤 2WD LX20,스마트팩,201109.0,2012,550.0,145965.0,디젤,오토,ORIGINAL,일반,2025-03-19 15:37:49.000 +09,광주,고바우,58마4017,5,1,1,138.2839,29.048,0,0,
39223902,현대,투싼 (NX4),디젤 2.0 2WD,모던,202104.0,2021,1980.0,113687.0,디젤,오토,ORIGINAL,일반,2025-03-19 15:37:18.000 +09,경기,스마일자동차,281수8863,0,0,1,0.0,0.0,1,0,
39258852,현대,투싼 (NX4),가솔린 1.6 터보 2WD,프리미엄,202011.0,2021,2390.0,104079.0,가솔린,오토,ORIGINAL,일반,2025-03-19 15:37:17.000 +09,경기,스마일자동차,101조6009,1,0,1,90.4598,0.0,0,0,
39229481,현대,투싼 (NX4),가솔린 1.6 터보 2WD,모던,202107.0,2021,2150.0,94718.0,가솔린,오토,ORIGINAL,일반,2025-03-19 15:37:17.000 +09,경기,스마일자동차,107가2476,0,1,1,0.0,79.471,2,0,
39258503,현대,투싼 (NX4),가솔린 1.6 터보 2WD,프리미엄,202103.0,2021,2590.0,34012.0,가솔린,오토,ORIGINAL,일반,2025-03-19 15:37:16.000 +09,경기,스마일자동차,157두1451,0,0,1,0.0,0.0,1,0,
39226921,현대,투싼 (NX4),가솔린 1.6 터보 2WD,인스퍼레이션,202106.0,2021,2650.0,48369.0,가솔린,오토,ORIGINAL,일반,2025-03-19 15:37:16.000 +09,경기,스마일자동차,143마1072,3,1,0,536.8022,748.7067,0,0,
39118950,현대,올 뉴 투싼,디젤 2.0 2WD,모던,201908.0,2019,1570.0,96291.0,디젤,오토,ORIGINAL,일반,2025-03-19 15:35:37.000 +09,강원,원주현수중고차,43조7577,2,0,1,124.2029,0.0,0,0,
39062328,현대,올 뉴 투싼,디젤 2.0 2WD,스마트,202001.0,2020,1650.0,43974.0,디젤,오토,ORIGINAL,일반,2025-03-19 15:35:07.000 +09,서울,(주)은혜자동차,258너5411,2,2,2,227.8189,162.8404,1,0,
37892444,현대,더 뉴 투싼 하이브리드 (NX4),HEV 1.6 2WD,인스퍼레이션,202401.0,2024,3900.0,13382.0,가솔린+전기,오토,ORIGINAL,일반,2025-03-19 15:32:06.000 +09,부산,동원모터스상사,128다1031,0,0,0,0.0,0.0,0,0,
36583335,현대,올 뉴 투싼,디젤 2.0 2WD,모던,201505.0,2016,1240.0,120157.0,디젤,오토,ORIGINAL,일반,2025-03-19 15:32:06.000 +09,부산,동원모터스상사,11노8341,0,0,4,0.0,0.0,0,0,
39168756,현대,올 뉴 투싼,디젤 2.0 2WD,모던,202005.0,2020,1850.0,82472.0,디젤,오토,ORIGINAL,일반,2025-03-19 15:32:03.000 +09,경기,진성자동차매매상사,285오2991,3,0,2,195.6237,0.0,0,0,
39165122,현대,올 뉴 투싼,디젤 2.0 2WD,스마트,202003.0,2020,1550.0,21000.0,디젤,오토,ORIGINAL,일반,2025-03-19 15:31:38.000 +09,서울,(주)라인오토,202구6332,1,0,2,118.7573,0.0,1,0,
38951401,현대,투싼 (NX4),디젤 2.0 2WD,모던,202102.0,2021,1790.0,119538.0,디젤,오토,ORIGINAL,일반,2025-03-19 15:29:18.000 +09,경기,수성자동차,236서9117,0,1,1,0.0,87.8219,1,0,
38857837,현대,투싼 (NX4),디젤 2.0 4WD,모던,202105.0,2021,2200.0,53278.0,디젤,오토,ORIGINAL,일반,2025-03-19 15:29:18.000 +09,경기,수성자동차,255주9295,0,2,3,0.0,352.8287,1,0,
38831859,현대,올 뉴 투싼,디젤 1.7 2WD,모던,201504.0,2016,950.0,135513.0,디젤,오토,ORIGINAL,일반,2025-03-19 15:28:57.000 +09,울산,대박상사,24라5325,1,0,3,112.1461,0.0,0,0,
38868347,현대,올 뉴 투싼,디젤 1.7 2WD,모던,201506.0,2016,1100.0,115828.0,디젤,오토,ORIGINAL,일반,2025-03-19 15:28:24.000 +09,전북,힐링모터스,53나6831,4,1,3,188.0655,149.559,0,0,
39268809,현대,투싼 (NX4),가솔린 1.6 터보 4WD,N Line 인스퍼레이션,202201.0,2022,3380.0,40041.0,가솔린,오토,ORIGINAL,일반,2025-03-19 15:27:26.000 +09,서울,(주)오토하이,228소6517,0,1,0,0.0,39.2389,0,0,
39158042,현대,더 뉴 투싼 하이브리드 (NX4),HEV 1.6 2WD,프리미엄,202401.0,2024,3350.0,22136.0,가솔린+전기,오토,ORIGINAL,일반,2025-03-19 15:24:46.000 +09,전북,MK상사,144러2873,0,0,1,0.0,0.0,0,0,
36860499,현대,투싼 ix,디젤 2WD LX20,럭셔리,200909.0,2010,590.0,113720.0,디젤,오토,ORIGINAL,일반,2025-03-19 15:24:43.000 +09,전북,은원모터스,38더8807,2,1,1,104.555,29.0,0,0,
39221072,현대,올 뉴 투싼,디젤 1.7 2WD,프리미엄,201707.0,2018,1380.0,115799.0,디젤,오토,ORIGINAL,일반,2025-03-19 15:24:43.000 +09,전북,은원모터스,50모6608,0,0,1,0.0,0.0,0,0,
39174532,현대,투싼 (NX4),디젤 2.0 2WD,모던,202203.0,2022,2500.0,75000.0,디젤,오토,ORIGINAL,일반,2025-03-19 15:18:19.000 +09,경기,,387거9670,0,0,0,0.0,0.0,0,0,
38273306,현대,올 뉴 투싼,디젤 1.7 2WD,모던,201606.0,2017,1230.0,96113.0,디젤,오토,ORIGINAL,일반,2025-03-19 15:17:04.000 +09,충북,대성모터스,65고0403,2,1,3,124.8277,361.3,0,0,
38639126,현대,투싼 ix,디젤 2WD LX20,럭셔리,201209.0,2013,620.0,134929.0,디젤,오토,ORIGINAL,일반,2025-03-19 15:17:03.000 +09,충북,대성모터스,13소8392,1,1,4,86.9536,144.619,0,0,
38615151,현대,올 뉴 투싼,가솔린 1.6 터보 2WD,스마트,202008.0,2020,2030.0,44382.0,가솔린,오토,ORIGINAL,일반,2025-03-19 15:15:33.000 +09,부산,카프로,101도7273,1,1,1,48.4739,55.6679,1,0,
38430156,현대,올 뉴 투싼,디젤 1.6 2WD,스마트,202008.0,2020,2130.0,61669.0,디젤,오토,ORIGINAL,일반,2025-03-19 15:15:33.000 +09,부산,카프로,205나4745,0,0,1,0.0,0.0,1,0,
37619181,현대,투싼 ix,디젤 2WD LX20,럭셔리,201002.0,2010,790.0,74950.0,디젤,오토,ORIGINAL,일반,2025-03-19 15:15:31.000 +09,부산,카프로,16누4916,2,2,2,188.7386,184.7351,0,0,
39227046,현대,올 뉴 투싼,디젤 1.7 2WD,모던 피버,201603.0,2016,1399.0,101774.0,디젤,오토,ORIGINAL,일반,2025-03-19 15:06:52.000 +09,대구,조은모터스,22저0708,0,0,6,0.0,0.0,0,0,
38103193,현대,투싼 하이브리드 (NX4),인스퍼레이션 2WD,,202208.0,2023,3250.0,30329.0,가솔린+전기,오토,ORIGINAL,일반,2025-03-19 15:06:48.000 +09,울산,그린모터스,150구8760,1,0,1,148.4,0.0,0,0,
38532812,현대,올 뉴 투싼,디젤 1.6 2WD,모던,201908.0,2019,1620.0,77765.0,디젤,오토,ORIGINAL,일반,2025-03-19 15:06:21.000 +09,대전,아이카모터스,07호6420,0,0,1,0.0,0.0,0,0,
39034156,현대,투싼,디젤(VGT) 2WD MX,고급형,200708.0,2007,190.0,117434.0,디젤,오토,ORIGINAL,일반,2025-03-19 15:05:31.000 +09,경기,다둥이차,52수4941,0,1,6,0.0,89.0,0,0,
39246187,현대,뉴 투싼 ix,디젤(e-VGT) 2WD,스마트 스페셜,201409.0,2015,970.0,74807.0,디젤,오토,ORIGINAL,일반,2025-03-19 15:05:31.000 +09,경기,다둥이차,62라5453,1,1,1,59.845,38.8178,0,0,
39101362,현대,투싼 ix,디젤 4WD LX20,프리미어,201003.0,2010,560.0,101000.0,디젤,오토,ORIGINAL,일반,2025-03-19 15:05:19.000 +09,대전,차차차 자동차,61두9925,0,2,7,0.0,130.698,0,0,
39227492,현대,올 뉴 투싼,디젤 2.0 2WD,프리미엄,201608.0,2016,1480.0,116315.0,디젤,오토,ORIGINAL,일반,2025-03-19 15:05:10.000 +09,경기,명문자동차,52고0205,4,0,2,271.8696,0.0,0,0,
39217290,현대,올 뉴 투싼,디젤 1.7 2WD,모던 피버,201504.0,2016,1080.0,117703.0,디젤,오토,ORIGINAL,일반,2025-03-19 15:05:10.000 +09,경기,명문자동차,11조6867,1,0,0,243.034,0.0,0,0,
39092635,현대,올 뉴 투싼,디젤 2.0 2WD,모던,201610.0,2017,1600.0,70614.0,디젤,오토,ORIGINAL,일반,2025-03-19 15:04:46.000 +09,경남,88모터스,24너0192,1,0,1,14.3,0.0,0,0,
39144622,현대,올 뉴 투싼,디젤 2.0 2WD,프리미엄,201805.0,2018,1550.0,149525.0,디젤,오토,ORIGINAL,일반,2025-03-19 15:04:08.000 +09,경북,태양자동차상사,48모6146,0,1,2,0.0,199.9826,0,0,
39008777,현대,투싼 하이브리드 (NX4),프리미엄 2WD,,202302.0,2023,2999.0,39000.0,가솔린+전기,오토,ORIGINAL,일반,2025-03-19 15:03:57.000 +09,부산,(주)하나오토,188가5876,1,0,1,110.724,0.0,0,0,
38525363,현대,뉴 투싼 ix,디젤(e-VGT) 4WD,스마트 스페셜,201305.0,2014,870.0,103000.0,디젤,오토,ORIGINAL,일반,2025-03-19 15:03:45.000 +09,경기,D car,64거6175,2,4,4,94.3901,633.8775,0,0,
39114402,현대,올 뉴 투싼,디젤 2.0 2WD,모던,201609.0,2017,1250.0,125000.0,디젤,오토,ORIGINAL,일반,2025-03-19 15:03:03.000 +09,대전,차차차 자동차,23더0423,0,0,1,0.0,0.0,0,0,
39144402,현대,투싼 (NX4),디젤 2.0 4WD,모던,202212.0,2023,2499.0,60034.0,디젤,오토,ORIGINAL,일반,2025-03-19 14:59:08.000 +09,경기,(주)로드모터스,269우2284,0,0,1,0.0,0.0,1,0,
39259494,현대,투싼 (NX4),가솔린 1.6 터보 4WD,인스퍼레이션,202305.0,2023,3490.0,44062.0,가솔린,오토,ORIGINAL,일반,2025-03-19 14:59:08.000 +09,경기,(주)로드모터스,226도9770,1,0,0,79.7689,0.0,0,0,
39130026,현대,더 뉴 투싼 (NX4),가솔린 1.6 터보 2WD,프리미엄,202203.0,2022,2380.0,73513.0,가솔린,오토,ORIGINAL,일반,2025-03-19 14:56:42.000 +09,경남,대동모터스,173거5845,0,0,2,0.0,0.0,1,0,
39228449,현대,올 뉴 투싼,디젤 1.7 2WD,모던,201504.0,2016,830.0,190000.0,디젤,오토,ORIGINAL,일반,2025-03-19 14:56:29.000 +09,광주,주)창대모터스,30머5051,1,0,1,222.799,0.0,0,0,
39166734,현대,올 뉴 투싼,가솔린 1.6 터보 2WD,프리미엄,201909.0,2019,2230.0,55150.0,가솔린,오토,ORIGINAL,일반,2025-03-19 14:52:22.000 +09,전북,카마트 모터스,234어4768,1,2,1,47.7472,123.5455,0,0,
38911948,현대,투싼 ix,디젤 2WD LX20,모던,201302.0,2013,600.0,154000.0,디젤,오토,ORIGINAL,일반,2025-03-19 14:52:11.000 +09,경북,탑모터스,64머3845,4,5,2,474.577,419.3853,0,0,
38771882,현대,올 뉴 투싼,가솔린 1.6 터보 2WD,인스퍼레이션,202001.0,2020,2480.0,68492.0,가솔린,오토,ORIGINAL,일반,2025-03-19 14:51:39.000 +09,대전,(주) 마이카,388보9236,0,1,2,0.0,34.635,0,0,
38952193,현대,투싼 (NX4),디젤 2.0 2WD,프리미엄,202012.0,2021,1990.0,113000.0,디젤,오토,ORIGINAL,일반,2025-03-19 14:50:54.000 +09,경남,행복모터스,103다1713,0,0,3,0.0,0.0,1,0,
39268039,현대,투싼 (NX4),가솔린 1.6 터보 2WD,모던,202106.0,2021,1920.0,96000.0,가솔린,오토,ORIGINAL,일반,2025-03-19 14:50:54.000 +09,경남,행복모터스,246소6628,1,1,2,53.4,555.612,1,0,
38805556,현대,투싼 (NX4),디젤 2.0 4WD,모던,202102.0,2021,1999.0,116830.0,디젤,오토,ORIGINAL,일반,2025-03-19 14:49:32.000 +09,경기,오토프라임,232모4007,0,1,1,0.0,174.5375,1,0,
38853181,현대,올 뉴 투싼,디젤 2.0 2WD,인스퍼레이션,202004.0,2020,1890.0,115519.0,디젤,오토,ORIGINAL,일반,2025-03-19 14:49:09.000 +09,전북,대유모터스,380거9691,0,1,1,0.0,39.6653,0,0,
38966551,현대,올 뉴 투싼,디젤 1.7 2WD,모던 피버,201606.0,2017,1230.0,104781.0,디젤,오토,ORIGINAL,일반,2025-03-19 14:49:09.000 +09,전북,대유모터스,28나0643,1,0,1,96.6374,0.0,0,0,
39197520,현대,투싼 (NX4),가솔린 1.6 터보 2WD,프리미엄,202303.0,2023,2690.0,1409.0,가솔린,오토,ORIGINAL,일반,2025-03-19 14:47:58.000 +09,경남,방방모터스,168조7706,0,0,1,0.0,0.0,0,0,
38239255,현대,투싼 (NX4),가솔린 1.6 터보 2WD,인스퍼레이션,202309.0,2023,2970.0,8232.0,가솔린,오토,ORIGINAL,일반,2025-03-19 14:46:31.000 +09,경기,뉴월드모터스,295고9523,0,0,1,0.0,0.0,0,0,
39068344,현대,올 뉴 투싼,디젤 2.0 4WD,프리미엄,201701.0,2017,1550.0,150589.0,디젤,오토,ORIGINAL,일반,2025-03-19 14:46:11.000 +09,광주,대한민국,34무3054,2,1,3,348.679,47.1649,0,0,
39145051,현대,올 뉴 투싼,디젤 2.0 2WD,프리미엄,201703.0,2017,1350.0,139223.0,디젤,오토,ORIGINAL,일반,2025-03-19 14:43:19.000 +09,강원,삼우자동차,43도1152,1,1,1,331.2256,235.2318,0,0,
39187084,현대,올 뉴 투싼,디젤 2.0 2WD,프리미엄,201606.0,2017,1190.0,149305.0,디젤,오토,ORIGINAL,일반,2025-03-19 14:42:56.000 +09,대구,뉴IS상사,69우0533,0,3,1,0.0,293.4066,0,0,
39223657,현대,더 뉴 투싼 (NX4),가솔린 1.6 터보 2WD,프리미엄,202401.0,2024,2950.0,14254.0,가솔린,오토,ORIGINAL,일반,2025-03-19 14:42:49.000 +09,대전,서전모터스,109고7213,0,0,0,0.0,0.0,0,0,
38818737,현대,투싼 (NX4),디젤 2.0 2WD,인스퍼레이션,202305.0,2023,2950.0,12730.0,디젤,오토,ORIGINAL,일반,2025-03-19 14:39:16.000 +09,대전,뉴마도모터스,316수4830,0,1,1,0.0,42.3511,1,0,
39183310,현대,올 뉴 투싼,디젤 2.0 2WD,모던,201903.0,2019,1699.0,106941.0,디젤,오토,ORIGINAL,일반,2025-03-19 14:38:37.000 +09,대구,스마일 모터스,196라7897,0,0,1,0.0,0.0,1,0,
39088298,현대,투싼 (NX4),디젤 2.0 2WD,인스퍼레이션,202012.0,2021,2620.0,47855.0,디젤,오토,ORIGINAL,일반,2025-03-19 14:37:08.000 +09,경기,와이엠 모터스,237루6653,2,1,0,223.6283,253.9834,0,0,
39242123,현대,올 뉴 투싼,가솔린 1.6 터보 2WD,모던,201611.0,2017,1420.0,123671.0,가솔린,오토,ORIGINAL,일반,2025-03-19 14:37:06.000 +09,경기,와이엠 모터스,25더4524,0,0,0,0.0,0.0,0,0,
39124057,현대,올 뉴 투싼,가솔린 1.6 터보 2WD,프리미엄,201806.0,2018,1890.0,54359.0,가솔린,오토,ORIGINAL,일반,2025-03-19 14:35:48.000 +09,광주,오뚜기모터스,37러5310,6,2,1,807.6812,169.4582,0,0,
39227486,현대,투싼 (NX4),가솔린 1.6 터보 4WD,프리미엄,202012.0,2021,2290.0,107572.0,가솔린,오토,ORIGINAL,일반,2025-03-19 14:32:58.000 +09,경기,오토프라임,286누1742,0,0,1,0.0,0.0,0,0,
38846279,현대,올 뉴 투싼,디젤 2.0 2WD,모던,201612.0,2017,1330.0,126800.0,디젤,오토,ORIGINAL,일반,2025-03-19 14:30:27.000 +09,경기,서울자동차,48마5882,4,2,0,82.8708,346.53,0,0,
39049014,현대,올 뉴 투싼,디젤 1.7 2WD,모던,201710.0,2018,1330.0,77265.0,디젤,오토,ORIGINAL,일반,2025-03-19 14:30:11.000 +09,대전,대운자동차상사,40고6262,0,3,1,0.0,161.425,0,0,
39147783,현대,올 뉴 투싼,디젤 2.0 2WD,모던,201810.0,2019,1599.0,91064.0,디젤,오토,ORIGINAL,일반,2025-03-19 14:30:11.000 +09,경기,민모터스 ,09수5032,0,1,0,0.0,50.8826,0,0,
39108866,현대,올 뉴 투싼,가솔린 1.6 터보 2WD,모던 피버,201608.0,2017,1460.0,106821.0,가솔린,오토,ORIGINAL,일반,2025-03-19 14:25:59.000 +09,경기,카메이트,62보0492,3,1,1,221.0459,396.01,0,0,
37314344,현대,투싼 ix,디젤 2WD X20,스마트,201302.0,2013,999.0,122675.0,디젤,오토,ORIGINAL,일반,2025-03-19 14:19:22.000 +09,경남,(주)도전,49가9915,3,2,2,239.2183,195.11,0,0,
39191358,현대,올 뉴 투싼,디젤 1.7 2WD,스마트,201806.0,2018,1480.0,30803.0,디젤,오토,ORIGINAL,일반,2025-03-19 14:16:27.000 +09,대전,카왕,09나4952,1,1,0,119.6749,2748.4947,0,0,
39259109,현대,투싼 (NX4),가솔린 1.6 터보 4WD,인스퍼레이션,202102.0,2021,3390.0,76404.0,가솔린,오토,ORIGINAL,일반,2025-03-19 14:15:00.000 +09,경기,(주)다모아모터스,171무8702,0,0,0,0.0,0.0,0,0,
39008200,현대,뉴 투싼 ix,디젤(e-VGT) 2WD,스마트 스페셜,201410.0,2015,740.0,147286.0,디젤,오토,ORIGINAL,일반,2025-03-19 14:12:56.000 +09,경기,세광모터스,38무7208,2,2,4,246.7945,239.8642,0,0,
38979540,현대,더 뉴 투싼 (NX4),가솔린 1.6 터보 2WD,프리미엄,202405.0,2024,3190.0,6895.0,가솔린,오토,ORIGINAL,일반,2025-03-19 14:11:16.000 +09,대구,e 모터스,202부9396,0,0,1,0.0,0.0,0,0,
38828020,현대,투싼 (NX4),가솔린 1.6 터보 2WD,프리미엄,202210.0,2023,2690.0,32353.0,가솔린,오토,ORIGINAL,일반,2025-03-19 14:11:16.000 +09,대구,e 모터스,138주9136,0,0,1,0.0,0.0,0,0,
39204429,현대,투싼 하이브리드 (NX4),인스퍼레이션 2WD,,202304.0,2023,3100.0,43599.0,가솔린+전기,오토,ORIGINAL,일반,2025-03-19 14:11:15.000 +09,대구,e 모터스,112누6712,1,0,0,107.092,0.0,0,0,
39240632,현대,올 뉴 투싼,디젤 2.0 2WD,프리미엄,201812.0,2019,1620.0,112750.0,디젤,오토,ORIGINAL,일반,2025-03-19 14:09:42.000 +09,경기,무결점카모터스,16수3898,1,0,0,73.8704,0.0,0,0,
36900286,현대,뉴 투싼 ix,디젤(e-VGT) 2WD,월드컵 에디션,201404.0,2015,886.0,84933.0,디젤,오토,ORIGINAL,일반,2025-03-19 14:08:41.000 +09,부산,(주)모터살롱,18저8437,2,1,1,61.8626,45.6688,0,0,
38298929,현대,투싼 ix,디젤 2WD LX20,럭셔리,200910.0,2010,580.0,115378.0,디젤,오토,ORIGINAL,일반,2025-03-19 14:08:30.000 +09,대구,제일모터스,16누5198,3,6,3,112.28,636.6776,0,0,
37390673,현대,투싼 (NX4),가솔린 1.6 터보 2WD,모던,202205.0,2022,2490.0,7246.0,가솔린,오토,ORIGINAL,일반,2025-03-19 14:08:29.000 +09,대구,제일모터스,305다7312,3,1,1,291.5318,0.0,0,0,
39163667,현대,뉴 투싼 ix,디젤(e-VGT) 2WD,스마트 스페셜,201310.0,2014,750.0,121212.0,디젤,오토,ORIGINAL,일반,2025-03-19 14:06:30.000 +09,충북,태양모터스,66주7027,2,1,1,118.158,89.146,0,0,
38215181,현대,올 뉴 투싼,디젤 1.7 2WD,모던,201701.0,2017,1120.0,100409.0,디젤,오토,ORIGINAL,일반,2025-03-19 14:05:06.000 +09,경기,명문자동차,144노7760,2,3,3,260.1574,474.9874,1,0,
37703704,현대,올 뉴 투싼,디젤 2.0 2WD,모던,201906.0,2019,1790.0,66040.0,디젤,오토,ORIGINAL,일반,2025-03-19 14:04:08.000 +09,울산,광휘모터스,03수2378,1,3,5,48.04,427.995,0,0,
37494717,현대,올 뉴 투싼,디젤 2.0 2WD,얼티밋 에디션,201809.0,2019,1850.0,48584.0,디젤,오토,ORIGINAL,일반,2025-03-19 14:04:08.000 +09,울산,광휘모터스,26수3368,0,0,2,0.0,0.0,0,0,
36348546,현대,올 뉴 투싼,디젤 2.0 2WD,스마트,201801.0,2018,1570.0,82030.0,디젤,오토,ORIGINAL,일반,2025-03-19 14:04:07.000 +09,울산,광휘모터스,183더8991,0,0,2,0.0,0.0,1,0,
39267003,현대,투싼 ix,디젤 2WD LX20,스마트팩,201201.0,2012,590.0,109951.0,디젤,오토,ORIGINAL,일반,2025-03-19 13:57:24.000 +09,대구,남대구자동차상사,22루9667,0,0,1,0.0,0.0,0,0,
39127945,현대,올 뉴 투싼,디젤 2.0 4WD,스마트,202001.0,2020,1835.0,72735.0,디젤,오토,ORIGINAL,일반,2025-03-19 13:56:49.000 +09,대구,올림픽모터스,334다5623,0,0,1,0.0,0.0,1,0,
38976113,현대,올 뉴 투싼,디젤 1.7 2WD,스타일,201603.0,2016,1090.0,67051.0,디젤,오토,ORIGINAL,일반,2025-03-19 13:56:17.000 +09,인천,민모터스,55어0774,4,4,1,188.1321,844.7112,0,0,
39106204,현대,더 뉴 투싼 (NX4),가솔린 1.6 터보 2WD,프리미엄,202404.0,2024,3000.0,3000.0,가솔린,오토,ORIGINAL,일반,2025-03-19 13:55:29.000 +09,경기,(주)우리들모터스,332수2399,0,0,0,0.0,0.0,0,0,
39008478,현대,올 뉴 투싼,디젤 2.0 2WD,프리미엄,201812.0,2019,1760.0,79281.0,디젤,오토,ORIGINAL,일반,2025-03-19 13:54:19.000 +09,경기,차차모터스,160가5837,0,0,3,0.0,0.0,1,0,
38860979,현대,투싼 (NX4),가솔린 1.6 터보 2WD,인스퍼레이션,202206.0,2022,9999.0,7361.0,가솔린,오토,ORIGINAL,일반,2025-03-19 13:54:08.000 +09,광주,으뜸모터스,152도9508,0,0,1,0.0,0.0,1,0,
38948540,현대,투싼 하이브리드 (NX4),어드벤처 2WD,,202310.0,2023,3500.0,13343.0,가솔린+전기,오토,ORIGINAL,일반,2025-03-19 13:52:44.000 +09,광주,케이카 광주풍암지점,173오3041,0,0,1,0.0,0.0,0,0,
39138060,현대,올 뉴 투싼,디젤 2.0 2WD,스타일 스페셜,201704.0,2017,1050.0,159646.0,디젤,오토,ORIGINAL,일반,2025-03-19 13:50:02.000 +09,전북,대한오토,354거7256,2,3,4,346.4372,210.306,1,0,
37721558,현대,올 뉴 투싼,디젤 1.7 2WD,모던,201509.0,2016,1220.0,88460.0,디젤,오토,ORIGINAL,일반,2025-03-19 13:49:27.000 +09,대구,정모터스,49버4414,4,1,2,369.925,69.249,0,0,
39175242,현대,올 뉴 투싼,디젤 1.7 2WD,스타일,201702.0,2017,1150.0,86312.0,디젤,오토,ORIGINAL,일반,2025-03-19 13:45:38.000 +09,전북,소나무상사,04서2369,1,1,1,36.585,28.9678,0,0,
38892977,현대,올 뉴 투싼,가솔린 1.6 터보 2WD,프리미엄,201810.0,2019,1900.0,82497.0,가솔린,오토,ORIGINAL,일반,2025-03-19 13:44:56.000 +09,경기,경기상사,33다6963,2,0,1,252.2968,0.0,0,0,
38845415,현대,올 뉴 투싼,디젤 2.0 2WD,모던,201510.0,2016,1290.0,94500.0,디젤,오토,ORIGINAL,일반,2025-03-19 13:42:09.000 +09,서울,(주)애플카,18수0837,1,1,3,70.864,218.095,0,0,
39044467,현대,올 뉴 투싼,디젤 2.0 2WD,프리미엄,201809.0,2019,1550.0,114226.0,디젤,오토,ORIGINAL,일반,2025-03-19 13:41:34.000 +09,부산,이수모터스,09부5803,2,3,2,629.7891,172.684,0,0,
39102155,현대,올 뉴 투싼,가솔린 1.6 터보 2WD,스마트,202002.0,2020,1730.0,97488.0,가솔린,오토,ORIGINAL,일반,2025-03-19 13:39:24.000 +09,대전,감동모터스,334고3859,1,0,2,73.9,0.0,1,0,
38719174,현대,투싼 ix,디젤 2WD X20,럭셔리,201006.0,2011,490.0,208218.0,디젤,오토,ORIGINAL,일반,2025-03-19 13:36:24.000 +09,대전,(주)은모터스,21소5099,3,0,2,172.7964,0.0,0,0,
38356926,현대,올 뉴 투싼,디젤 2.0 2WD,모던,201804.0,2018,1640.0,98970.0,디젤,오토,ORIGINAL,일반,2025-03-19 13:36:20.000 +09,광주,주)삼흥모터스,52주7003,2,0,2,145.0046,0.0,0,0,
39194974,현대,뉴 투싼 ix,디젤(e-VGT) 2WD,스마트 스페셜,201312.0,2014,790.0,92071.0,디젤,오토,ORIGINAL,일반,2025-03-19 13:34:31.000 +09,인천,카맨모터스,397어7921,5,5,0,601.1129,375.1737,2,0,
38345288,현대,투싼 하이브리드 (NX4),인스퍼레이션 2WD,,202304.0,2023,2599.0,13033.0,가솔린+전기,오토,ORIGINAL,일반,2025-03-19 13:33:24.000 +09,대구,(주)엠제이모터스,209오3120,1,2,1,1355.0,1425.7217,0,0,
38311893,현대,올 뉴 투싼,디젤 1.6 4WD,얼티밋 에디션,201903.0,2019,2000.0,56758.0,디젤,오토,ORIGINAL,일반,2025-03-19 13:30:47.000 +09,울산,에스오토,28보4628,2,0,0,159.749,0.0,0,0,
39246086,현대,뉴 투싼 ix,디젤(e-VGT) 2WD,스마트 스페셜,201307.0,2014,800.0,116473.0,디젤,오토,ORIGINAL,일반,2025-03-19 13:30:47.000 +09,울산,에스오토,54고5081,2,1,5,147.0278,146.4909,0,0,
38851895,현대,올 뉴 투싼,디젤 2.0 2WD,모던 스페셜,201609.0,2017,1500.0,101875.0,디젤,오토,ORIGINAL,일반,2025-03-19 13:30:47.000 +09,울산,에스오토,23우0288,0,1,1,0.0,75.9,0,0,
39083187,현대,더 뉴 투싼 하이브리드 (NX4),HEV 1.6 2WD,인스퍼레이션,202412.0,2024,4190.0,68.0,가솔린+전기,오토,ORIGINAL,일반,2025-03-19 13:27:13.000 +09,경기,신원자동차매매상사,190어4852,0,0,1,0.0,0.0,1,0,
39167731,현대,올 뉴 투싼,디젤 1.7 2WD,모던,201510.0,2016,1120.0,108349.0,디젤,오토,ORIGINAL,일반,2025-03-19 13:24:20.000 +09,전북,(유)동화오토금융,46우1872,1,0,2,64.541,0.0,0,0,
39176812,현대,뉴 투싼 ix,디젤(e-VGT) 4WD,스마트 스페셜,201309.0,2014,855.0,122501.0,디젤,오토,ORIGINAL,일반,2025-03-19 13:21:03.000 +09,대구,정모터스,43고8060,2,1,1,103.126,22.32,0,0,
38969531,현대,올 뉴 투싼,디젤 2.0 2WD,모던,202001.0,2020,1899.0,92272.0,디젤,오토,ORIGINAL,일반,2025-03-19 13:20:45.000 +09,경기,스카이모터스,378마8183,0,0,1,0.0,0.0,0,0,
39180262,현대,뉴 투싼 ix,디젤(e-VGT) 2WD,모던,201407.0,2015,930.0,92000.0,디젤,오토,ORIGINAL,일반,2025-03-19 13:19:50.000 +09,경남,메이저모터스,41머2337,1,1,3,100.742,50.1576,0,0,
39089866,현대,뉴 투싼 ix,디젤(e-VGT) 2WD,스마트 스페셜,201307.0,2014,650.0,181377.0,디젤,오토,ORIGINAL,일반,2025-03-19 13:16:08.000 +09,대전,스마트 자동차,51노9889,3,2,3,191.0158,76.884,0,0,
39187961,현대,올 뉴 투싼,디젤 1.7 2WD,모던,201807.0,2018,1230.0,95646.0,디젤,오토,ORIGINAL,일반,2025-03-19 13:14:30.000 +09,경기,뉴대성,41서7861,4,1,0,376.5408,178.1718,0,0,
38188857,현대,올 뉴 투싼,디젤 1.7 2WD,모던,201706.0,2017,1190.0,98469.0,디젤,오토,ORIGINAL,일반,2025-03-19 13:13:58.000 +09,대전,엔케이모터스주식회사,33더8494,2,0,2,157.1404,0.0,0,0,
39066264,현대,올 뉴 투싼,디젤 2.0 2WD,모던,201606.0,2017,950.0,257527.0,디젤,오토,ORIGINAL,일반,2025-03-19 13:12:49.000 +09,서울,(주)자동차친구,385러2761,1,1,3,80.5328,35.1609,1,0,
39212747,현대,올 뉴 투싼,디젤 1.7 2WD,모던,201701.0,2017,1000.0,203412.0,디젤,오토,ORIGINAL,일반,2025-03-19 13:12:49.000 +09,서울,(주)자동차친구,178오5544,0,1,3,0.0,148.017,1,0,
39016675,현대,올 뉴 투싼,디젤 2.0 4WD,스타일,201612.0,2017,1490.0,41519.0,디젤,오토,ORIGINAL,일반,2025-03-19 13:09:52.000 +09,경남,(주)도전,229서1998,0,0,1,0.0,0.0,1,0,
39017146,현대,뉴 투싼 ix,디젤(e-VGT) 4WD,모던,201307.0,2014,890.0,121505.0,디젤,오토,ORIGINAL,일반,2025-03-19 13:09:51.000 +09,경남,(주)도전,24보6203,1,2,4,162.5348,188.8178,0,0,
38582381,현대,올 뉴 투싼,디젤 2.0 2WD,프리미엄,201607.0,2017,1289.0,151158.0,디젤,오토,ORIGINAL,일반,2025-03-19 13:08:56.000 +09,부산,새신평,350다4994,2,2,3,91.6341,194.12,1,0,
38941503,현대,더 뉴 투싼 하이브리드 (NX4),HEV 1.6 2WD,프리미엄,202409.0,2024,3070.0,3890.0,가솔린+전기,오토,ORIGINAL,일반,2025-03-19 13:04:01.000 +09,경기,주.더원중고차,114거4991,0,0,0,0.0,0.0,0,0,
39208811,현대,뉴 투싼 ix,디젤(e-VGT) 2WD,스마트 스페셜,201306.0,2014,780.0,99700.0,디젤,오토,ORIGINAL,일반,2025-03-19 13:03:49.000 +09,경기,한마음모터스 대표,40도0721,0,0,1,0.0,0.0,1,0,
39043660,현대,투싼 하이브리드 (NX4),인스퍼레이션 2WD,,202101.0,2021,2680.0,64164.0,가솔린+전기,오토,ORIGINAL,일반,2025-03-19 13:03:35.000 +09,경남,선두모터스,185도1672,3,1,1,644.1669,680.7923,0,0,
39234627,현대,올 뉴 투싼,디젤 2.0 2WD,모던,201504.0,2016,1570.0,71673.0,디젤,오토,ORIGINAL,일반,2025-03-19 13:00:06.000 +09,경기,대한모터스,395거7264,0,0,1,0.0,0.0,1,0,
39164885,현대,투싼 (NX4),가솔린 1.6 터보 2WD,인스퍼레이션,202102.0,2021,2530.0,68422.0,가솔린,오토,ORIGINAL,일반,2025-03-19 12:58:13.000 +09,대구,SV 모터스,227나2860,2,2,0,158.5087,154.0329,0,0,
39122900,현대,투싼 (NX4),가솔린 1.6 터보 2WD,인스퍼레이션,202011.0,2021,2450.0,48486.0,가솔린,오토,ORIGINAL,일반,2025-03-19 12:53:17.000 +09,경기,(주)오토피아,134라6251,1,1,3,191.6,354.2266,0,0,
38794379,현대,올 뉴 투싼,디젤 2.0 2WD,프리미엄,201712.0,2017,1900.0,42578.0,디젤,오토,ORIGINAL,일반,2025-03-19 12:51:05.000 +09,대구,태성모터스,360서6645,0,0,2,0.0,0.0,0,0,
39206149,현대,올 뉴 투싼,디젤 1.7 2WD,모던,201602.0,2016,930.0,150700.0,디젤,오토,ORIGINAL,일반,2025-03-19 12:47:24.000 +09,경기,(주)하나오토,22조6658,2,0,2,264.168,0.0,1,0,
39204958,현대,올 뉴 투싼,디젤 2.0 2WD,스마트,202006.0,2020,1830.0,72581.0,디젤,오토,ORIGINAL,일반,2025-03-19 12:43:38.000 +09,대구,대구종합상사,127나3869,1,0,0,28.3893,0.0,0,0,
38339122,현대,올 뉴 투싼,디젤 2.0 2WD,모던,201602.0,2016,1150.0,131533.0,디젤,오토,ORIGINAL,일반,2025-03-19 12:43:00.000 +09,울산,뉴MJ모터스,279노1823,2,1,5,173.4098,312.584,1,0,
39224427,현대,올 뉴 투싼,디젤 1.6 2WD,모던,202002.0,2020,1780.0,58430.0,디젤,오토,ORIGINAL,일반,2025-03-19 12:38:40.000 +09,경북,케이모터스,104더5760,1,3,1,78.703,278.2932,0,0,
38467215,현대,올 뉴 투싼,디젤 1.6 2WD,모던,201809.0,2019,1590.0,47488.0,디젤,오토,ORIGINAL,일반,2025-03-19 12:34:48.000 +09,경기,(주)뉴카카,205도3129,2,3,1,95.4802,530.4228,1,0,
39258800,현대,투싼 하이브리드 (NX4),인스퍼레이션 2WD,,202206.0,2022,3090.0,42914.0,가솔린+전기,오토,ORIGINAL,일반,2025-03-19 12:32:50.000 +09,부산,Kcar서부산지점,202누9277,1,0,0,163.7941,0.0,0,0,
39059982,현대,투싼 하이브리드 (NX4),인스퍼레이션 4WD,,202211.0,2023,3460.0,14487.0,가솔린+전기,오토,ORIGINAL,일반,2025-03-19 12:32:50.000 +09,부산,Kcar서부산지점,243다7342,1,0,1,91.0409,0.0,0,0,
39218062,현대,더 뉴 투싼 (NX4),가솔린 1.6 터보 2WD,N Line 인스퍼레이션,202403.0,2024,3350.0,15032.0,가솔린,오토,ORIGINAL,일반,2025-03-19 12:32:49.000 +09,부산,Kcar서부산지점,237고3065,2,1,1,43.49,300.0,0,0,
39232462,현대,올 뉴 투싼,디젤 2.0 2WD,스타일,201512.0,2016,1120.0,98356.0,디젤,오토,ORIGINAL,일반,2025-03-19 12:30:56.000 +09,경기,(주)예스카,12수0952,1,1,0,251.226,40.791,0,0,
39266841,현대,올 뉴 투싼,디젤 1.6 2WD,모던,201811.0,2019,1199.0,160376.0,디젤,오토,ORIGINAL,일반,2025-03-19 12:30:03.000 +09,경기,(주)왕카,128소6681,0,0,2,0.0,0.0,1,0,
39240952,현대,투싼 ix,디젤 2WD LX20,프리미어,201101.0,2011,550.0,130715.0,디젤,오토,ORIGINAL,일반,2025-03-19 12:28:46.000 +09,대전,온누리모터스,37소1890,1,0,3,196.224,0.0,0,0,
39144413,현대,투싼,디젤(VGT) 2WD MX,고급형,200905.0,2009,250.0,191324.0,디젤,오토,ORIGINAL,일반,2025-03-19 12:27:25.000 +09,부산,봉카,34부9847,1,0,2,62.258,0.0,0,0,
38612049,현대,투싼,디젤(VGT) 2WD MX,고급형,200812.0,2009,330.0,40033.0,디젤,오토,ORIGINAL,일반,2025-03-19 12:27:24.000 +09,부산,봉카,65주7658,1,2,1,186.1857,1061.8621,0,0,
39258770,현대,투싼 ix,디젤 2WD LX20,럭셔리,201002.0,2010,450.0,190791.0,디젤,오토,ORIGINAL,일반,2025-03-19 12:27:23.000 +09,부산,봉카,61소3086,0,1,4,0.0,23.941,0,0,
39257777,현대,올 뉴 투싼,디젤 2.0 2WD,모던,201906.0,2019,1450.0,133797.0,디젤,오토,ORIGINAL,일반,2025-03-19 12:26:27.000 +09,경기,제이디모터스,23버3720,1,1,0,51.668,121.6961,0,0,
39032234,현대,투싼 (NX4),가솔린 1.6 터보 2WD,프리미엄,202107.0,2021,2250.0,60305.0,가솔린,오토,ORIGINAL,일반,2025-03-19 12:23:31.000 +09,경북,한전중고차동차매매상,327어3876,1,2,0,82.1719,106.3413,0,0,
39237127,현대,뉴 투싼 ix,디젤(e-VGT) 4WD,모던,201402.0,2014,899.0,68622.0,디젤,오토,ORIGINAL,일반,2025-03-19 12:22:44.000 +09,경기,디에이치모터스,31버1040,1,1,1,203.1415,47.9489,0,0,
39258050,현대,뉴 투싼 ix,디젤(e-VGT) 2WD,모던,201312.0,2014,829.0,88394.0,디젤,오토,ORIGINAL,일반,2025-03-19 12:22:44.000 +09,경기,디에이치모터스,63루6328,4,6,1,314.2589,611.328,0,0,
39147391,현대,투싼 ix,디젤 4WD X20,럭셔리,201211.0,2013,599.0,133591.0,디젤,오토,ORIGINAL,일반,2025-03-19 12:22:44.000 +09,경기,디에이치모터스,62누8067,3,0,1,168.9716,0.0,0,0,
39049487,현대,투싼 ix,디젤 2WD X20,디럭스,200910.0,2010,369.0,229000.0,디젤,오토,ORIGINAL,일반,2025-03-19 12:22:04.000 +09,부산,광명상사,15다6754,2,1,6,128.2398,54.5,1,0,
39180994,현대,투싼 하이브리드 (NX4),인스퍼레이션 2WD,,202102.0,2021,2800.0,57562.0,가솔린+전기,오토,ORIGINAL,일반,2025-03-19 12:20:01.000 +09,경남,세종모터스 ,116마2533,0,2,0,0.0,108.57,0,0,
37920402,현대,투싼 (NX4),가솔린 1.6 터보 2WD,인스퍼레이션,202011.0,2021,2460.0,86048.0,가솔린,오토,ORIGINAL,일반,2025-03-19 12:19:34.000 +09,광주,(주)신한자동차,128서7565,0,1,1,0.0,76.801,0,0,
39134817,현대,더 뉴 투싼 (NX4),가솔린 1.6 터보 2WD,모던,202406.0,2024,2780.0,10988.0,가솔린,오토,ORIGINAL,일반,2025-03-19 12:10:57.000 +09,대구,한진자동차상사,160너6265,0,0,1,0.0,0.0,0,0,
39037979,현대,올 뉴 투싼,디젤 1.7 2WD,모던,201704.0,2017,1240.0,84316.0,디젤,오토,ORIGINAL,일반,2025-03-19 12:07:14.000 +09,전북,(유)우리모터스,39소6591,2,2,2,302.9559,211.7702,0,0,
38958519,현대,투싼 (NX4),가솔린 1.6 터보 2WD,인스퍼레이션,202101.0,2021,1995.0,171856.0,가솔린,오토,ORIGINAL,일반,2025-03-19 12:07:04.000 +09,부산,5호창진모터스,109너2053,0,0,3,0.0,0.0,1,0,
38618940,현대,올 뉴 투싼,디젤 2.0 2WD,모던,201712.0,2018,1630.0,92592.0,디젤,오토,ORIGINAL,일반,2025-03-19 12:05:28.000 +09,경남,에이치모터스,46가9636,3,2,1,149.805,461.9294,0,0,
38952652,현대,투싼 (NX4),가솔린 1.6 터보 2WD,모던,202011.0,2020,1950.0,86536.0,가솔린,오토,ORIGINAL,일반,2025-03-19 12:05:24.000 +09,전북,원모터스,128보2057,0,0,1,0.0,0.0,0,0,
39202500,현대,올 뉴 투싼,디젤 2.0 2WD,스타일 스페셜,201606.0,2017,1200.0,128132.0,디젤,오토,ORIGINAL,일반,2025-03-19 12:04:16.000 +09,경기,카카오토,69저0159,3,4,1,399.0728,403.0907,0,0,
38741337,현대,투싼 (NX4),디젤 2.0 2WD,프리미엄,202103.0,2021,1820.0,150000.0,디젤,오토,ORIGINAL,일반,2025-03-19 12:00:37.000 +09,서울,대륙종합상사,251조7765,0,0,1,0.0,0.0,1,0,
39198291,현대,뉴 투싼 ix,디젤(e-VGT) 4WD,스마트,201402.0,2014,730.0,137120.0,디젤,오토,ORIGINAL,일반,2025-03-19 11:58:45.000 +09,충북,대원모터스,10도6509,3,2,3,319.6098,207.722,1,0,
38917904,현대,투싼,가솔린 메트로 2WD MX,,200612.0,2007,500.0,65963.0,가솔린,오토,ORIGINAL,일반,2025-03-19 11:57:32.000 +09,경기,스카이모터스,09구1414,3,0,1,145.971,0.0,0,0,
38625628,현대,투싼 하이브리드 (NX4),프리미엄 2WD,,202104.0,2021,2290.0,90733.0,가솔린+전기,오토,ORIGINAL,일반,2025-03-19 11:55:18.000 +09,전북,엘리트,240나7760,2,0,1,553.1849,0.0,0,0,
39143882,현대,뉴 투싼 ix,디젤(e-VGT) 2WD,스마트 스페셜,201406.0,2015,1000.0,71135.0,디젤,오토,ORIGINAL,일반,2025-03-19 11:53:10.000 +09,경기,블루오토,20마9699,0,0,2,0.0,0.0,0,0,
38821832,현대,올 뉴 투싼,디젤 1.7 2WD,모던,201506.0,2016,990.0,173924.0,디젤,오토,ORIGINAL,일반,2025-03-19 11:52:55.000 +09,울산,해돋이 매매상사,65모9232,0,2,1,0.0,115.916,0,0,
39210184,현대,투싼 ix,디젤 2WD LX20,럭셔리,200910.0,2010,495.0,213555.0,디젤,오토,ORIGINAL,일반,2025-03-19 11:46:43.000 +09,대구,그린모터스,56보5069,5,3,3,226.3648,279.8767,0,0,
39266168,현대,투싼 (NX4),디젤 2.0 2WD,프리미엄,202103.0,2021,2120.0,113805.0,디젤,오토,ORIGINAL,일반,2025-03-19 11:34:24.000 +09,인천,오토팰리스,308너7646,0,0,0,0.0,0.0,0,0,
39245231,현대,투싼 (NX4),디젤 2.0 2WD,인스퍼레이션,202012.0,2021,2650.0,65653.0,디젤,오토,ORIGINAL,일반,2025-03-19 11:33:38.000 +09,대전,(주)이카,156무8780,0,0,0,0.0,0.0,0,0,
39132049,현대,올 뉴 투싼,디젤 2.0 2WD,모던,201603.0,2017,1200.0,109848.0,디젤,오토,ORIGINAL,일반,2025-03-19 11:33:14.000 +09,부산,,05조0536,4,5,2,463.1561,598.6953,0,0,
39006691,현대,투싼 (NX4),가솔린 1.6 터보 2WD,인스퍼레이션,202306.0,2023,3250.0,16449.0,가솔린,오토,ORIGINAL,일반,2025-03-19 11:28:35.000 +09,경기,DK모터스,294너1973,1,0,1,0.0,0.0,0,0,
38668065,현대,투싼 (NX4),디젤 2.0 2WD,프리미엄,202301.0,2023,2790.0,45005.0,디젤,오토,ORIGINAL,일반,2025-03-19 11:27:42.000 +09,경기,엠에스모터스,314어9541,0,0,1,0.0,0.0,0,0,
39073977,현대,올 뉴 투싼,디젤 1.7 2WD,모던,201806.0,2018,1500.0,102411.0,디젤,오토,ORIGINAL,일반,2025-03-19 11:27:23.000 +09,전남,이수자동차매매상사,10누2633,2,0,1,78.952,0.0,0,0,
39025795,현대,투싼 (NX4),가솔린 1.6 터보 4WD,프리미엄,202104.0,2021,2500.0,81153.0,가솔린,오토,ORIGINAL,일반,2025-03-19 11:27:23.000 +09,전남,이수자동차매매상사,116도8021,0,0,1,0.0,0.0,1,0,
39111188,현대,올 뉴 투싼,디젤 2.0 2WD,모던,201601.0,2016,1160.0,150776.0,디젤,오토,ORIGINAL,일반,2025-03-19 11:27:22.000 +09,부산,힘찬자동차,34무6044,3,1,2,401.7967,150.1314,0,0,
37615881,현대,올 뉴 투싼,디젤 2.0 4WD,모던,201504.0,2016,1500.0,89662.0,디젤,오토,ORIGINAL,일반,2025-03-19 11:27:22.000 +09,전남,이수자동차매매상사,37버9447,1,2,2,36.8182,75.2995,0,0,
38877671,현대,투싼 (NX4),디젤 2.0 2WD,프리미엄,202203.0,2022,2320.0,71900.0,디젤,오토,ORIGINAL,일반,2025-03-19 11:23:13.000 +09,경기,주식회사예스카,100우6943,3,1,2,381.7968,91.52,0,0,
39261685,현대,올 뉴 투싼,디젤 2.0 2WD,프리미엄,201812.0,2019,1620.0,118114.0,디젤,오토,ORIGINAL,일반,2025-03-19 11:18:43.000 +09,울산,정성자동차,208버6247,1,2,3,210.5172,148.6262,1,0,
39034531,현대,올 뉴 투싼,디젤 2.0 2WD,모던,201804.0,2018,1450.0,118893.0,디젤,오토,ORIGINAL,일반,2025-03-19 11:16:43.000 +09,부산,탑오토모터스,53노1093,3,0,3,379.6867,0.0,0,0,
39119148,현대,투싼 ix,디젤 2WD LX20,럭셔리,200912.0,2010,750.0,30116.0,디젤,오토,ORIGINAL,일반,2025-03-19 11:16:43.000 +09,부산,탑오토모터스,33무7315,4,1,1,591.9346,37.676,0,0,
39201067,현대,올 뉴 투싼,디젤 2.0 2WD,모던,201511.0,2016,1429.0,84757.0,디젤,오토,ORIGINAL,일반,2025-03-19 11:13:53.000 +09,경기,k1car,316모3842,1,5,3,90.88,352.1513,1,0,
39254359,현대,투싼 하이브리드 (NX4),프리미엄 2WD,,202112.0,2022,2299.0,87646.0,가솔린+전기,오토,ORIGINAL,일반,2025-03-19 11:12:02.000 +09,광주,드림카마켓,289머5637,0,0,3,0.0,0.0,0,0,
39221005,현대,올 뉴 투싼,디젤 1.7 2WD,모던 피버,201611.0,2017,1250.0,114770.0,디젤,오토,ORIGINAL,일반,2025-03-19 10:48:06.000 +09,경기,(주)카넷,01머0255,1,0,4,124.104,0.0,0,0,
39205392,현대,올 뉴 투싼,디젤 2.0 2WD,프리미엄,201809.0,2019,1620.0,109924.0,디젤,오토,ORIGINAL,일반,2025-03-19 10:48:06.000 +09,경기,(주)카넷,05로4981,1,1,1,134.256,37.757,0,0,
38593478,현대,올 뉴 투싼,디젤 1.7 2WD,모던,201608.0,2017,899.0,152295.0,디젤,오토,ORIGINAL,일반,2025-03-19 10:38:09.000 +09,충남,제이에이치모터스,34더0761,1,1,1,222.663,27.859,0,0,
39262117,현대,투싼 (NX4),디젤 2.0 2WD,프리미엄,202103.0,2021,2150.0,87700.0,디젤,오토,ORIGINAL,일반,2025-03-19 10:32:22.000 +09,전북,,116오5537,1,1,0,264.083,197.9431,0,0,
38056793,현대,올 뉴 투싼,가솔린 1.6 터보 2WD,프리미엄,201908.0,2019,2020.0,28923.0,가솔린,오토,ORIGINAL,일반,2025-03-19 10:31:01.000 +09,경기,(주)디에이모터스,56수1936,0,1,0,0.0,105.1554,0,0,
39082663,현대,올 뉴 투싼,디젤 1.7 2WD,모던,201605.0,2016,1180.0,97518.0,디젤,오토,ORIGINAL,일반,2025-03-19 10:25:40.000 +09,경기,호차모터스,11다0450,1,1,5,39.5908,81.4494,0,0,
38877335,현대,올 뉴 투싼,디젤 2.0 4WD,프리미엄,201802.0,2018,1900.0,76686.0,디젤,오토,ORIGINAL,일반,2025-03-19 10:22:05.000 +09,경남,케이제이모터스,36더6809,0,1,1,0.0,74.795,0,0,
38939455,현대,올 뉴 투싼,디젤 2.0 2WD,스마트,202003.0,2020,1495.0,123451.0,디젤,오토,ORIGINAL,일반,2025-03-19 10:19:48.000 +09,전북,대한오토,376주3305,0,0,3,0.0,0.0,1,0,
38795385,현대,투싼 하이브리드 (NX4),프리미엄 2WD,,202101.0,2021,2820.0,30286.0,가솔린+전기,오토,ORIGINAL,일반,2025-03-19 10:18:52.000 +09,경기,유일상사,138더5819,1,0,1,42.646,0.0,1,0,
38904923,현대,투싼 (NX4),가솔린 1.6 터보 4WD,N Line 인스퍼레이션,202211.0,2023,3300.0,43050.0,가솔린,오토,ORIGINAL,일반,2025-03-19 10:11:35.000 +09,울산,광카,382나6982,1,0,1,134.5794,0.0,0,0,
38988305,현대,투싼 (NX4),디젤 2.0 2WD,프리미엄,202103.0,2021,2500.0,55870.0,디젤,오토,ORIGINAL,일반,2025-03-19 10:03:14.000 +09,경기,주식회사 더원오토,340우8588,0,0,1,0.0,0.0,0,0,
38955996,현대,투싼 (NX4),가솔린 1.6 터보 2WD,모던,202107.0,2021,2020.0,87621.0,가솔린,오토,ORIGINAL,일반,2025-03-19 09:58:55.000 +09,경기,오토프라임,190가9169,0,3,1,0.0,251.4466,1,0,
39045184,현대,올 뉴 투싼,디젤 2.0 2WD,프리미엄,201802.0,2018,1570.0,105179.0,디젤,오토,ORIGINAL,일반,2025-03-19 09:57:19.000 +09,부산,제이케이모터스,302서7425,1,3,3,0.0,151.5317,1,0,
39134598,현대,뉴 투싼 ix,디젤(e-VGT) 2WD,스마트 스페셜,201310.0,2014,790.0,129034.0,디젤,오토,ORIGINAL,일반,2025-03-19 09:54:16.000 +09,대전,(주)로이오토,13조6912,1,2,1,36.319,174.3287,0,0,
38692624,현대,올 뉴 투싼,디젤 1.7 2WD,모던,201801.0,2018,1590.0,75886.0,디젤,오토,ORIGINAL,일반,2025-03-19 09:49:06.000 +09,울산,명품모터스,33나4274,1,0,2,77.294,0.0,0,0,
39254894,현대,뉴 투싼 ix,디젤(e-VGT) 2WD,모던,201403.0,2014,960.0,103429.0,디젤,오토,ORIGINAL,일반,2025-03-19 09:39:54.000 +09,경기,(주)세종모터스,29노4996,2,1,2,80.6108,74.9952,0,0,
38928576,현대,올 뉴 투싼,디젤 2.0 2WD,모던,201904.0,2019,1590.0,79273.0,디젤,오토,ORIGINAL,일반,2025-03-19 09:33:48.000 +09,경기,(주)세종모터스,329더8031,0,0,1,0.0,0.0,1,0,
39037220,현대,올 뉴 투싼,디젤 2.0 2WD,모던,202007.0,2020,2180.0,30917.0,디젤,오토,ORIGINAL,일반,2025-03-19 09:33:48.000 +09,서울,(주)에이플러스 대표,293마8122,1,3,0,41.857,911.57,0,0,
39111262,현대,올 뉴 투싼,디젤 2.0 4WD,스타일,201806.0,2018,1390.0,70147.0,디젤,오토,ORIGINAL,일반,2025-03-19 09:33:48.000 +09,경기,(주)세종모터스,279소6580,0,0,1,0.0,0.0,1,0,
39034664,현대,투싼 (NX4),디젤 2.0 2WD,프리미엄,202202.0,2022,2430.0,78941.0,디젤,오토,ORIGINAL,일반,2025-03-19 09:33:47.000 +09,서울,(주)에이플러스 대표,235보1108,0,0,1,0.0,0.0,0,0,
39210358,현대,올 뉴 투싼,디젤 1.7 2WD,스타일,201602.0,2016,950.0,99965.0,디젤,오토,ORIGINAL,일반,2025-03-19 09:15:50.000 +09,경기,카플러스,146모4868,1,2,3,65.3993,97.2588,1,0,
38587734,현대,올 뉴 투싼,디젤 1.7 2WD,모던,201608.0,2017,1280.0,69544.0,디젤,오토,ORIGINAL,일반,2025-03-19 09:11:21.000 +09,경기,(주)모터라인,69너0730,0,0,1,0.0,0.0,0,0,
38945882,현대,올 뉴 투싼,디젤 2.0 2WD,모던,201906.0,2019,1590.0,107042.0,디젤,오토,ORIGINAL,일반,2025-03-19 09:09:21.000 +09,충북,두리모터스,35모6349,4,3,4,1135.1395,824.5539,0,0,
39130717,현대,투싼,디젤(CRDI) 2WD MXL,베스트 럭셔리,200510.0,2006,350.0,92933.0,디젤,오토,ORIGINAL,일반,2025-03-19 09:07:03.000 +09,전북,스카이모터스,13너6692,5,6,2,229.2331,433.9441,1,0,
39057892,현대,올 뉴 투싼,디젤 1.7 2WD,모던 피버,201604.0,2017,1350.0,63507.0,디젤,오토,ORIGINAL,일반,2025-03-19 08:54:16.000 +09,경북,형산자동차매매상사,48조0691,4,4,4,758.8876,685.26,0,0,
38973792,현대,올 뉴 투싼,디젤 2.0 2WD,모던,201607.0,2017,1090.0,166868.0,디젤,오토,ORIGINAL,일반,2025-03-19 08:48:08.000 +09,광주,바로모터스,52고0857,0,0,1,0.0,0.0,0,0,
38418423,현대,투싼 (NX4),가솔린 1.6 터보 4WD,프리미엄,202306.0,2023,2790.0,28812.0,가솔린,오토,ORIGINAL,일반,2025-03-19 08:47:49.000 +09,전북,뉴합동모터스,315수2349,0,0,0,0.0,0.0,0,0,
32688916,현대,올 뉴 투싼,디젤 1.7 2WD,모던,201506.0,2016,1130.0,110610.0,디젤,오토,ORIGINAL,일반,2025-03-19 08:32:04.000 +09,충남,남부자동차매매상사,11우8555,5,2,1,251.6156,148.4803,0,0,
39075506,현대,올 뉴 투싼,디젤 2.0 2WD,스타일,201705.0,2017,1130.0,163759.0,디젤,오토,ORIGINAL,일반,2025-03-19 08:29:07.000 +09,부산,가람모터스,67마9526,1,1,2,48.107,163.6019,0,0,
39244522,현대,올 뉴 투싼,디젤 1.7 2WD,모던,201703.0,2017,1150.0,120796.0,디젤,오토,ORIGINAL,일반,2025-03-19 08:28:50.000 +09,광주,드림카마켓,323우1253,2,3,3,188.513,369.9659,1,0,
39135028,현대,뉴 투싼 ix,디젤(e-VGT) 2WD,스마트,201408.0,2015,700.0,166829.0,디젤,오토,ORIGINAL,일반,2025-03-19 08:25:40.000 +09,부산,(주)뉴드림모터스 ,38구1325,2,3,1,198.9473,331.2498,0,0,
38850395,현대,올 뉴 투싼,디젤 1.6 4WD,스마트,201902.0,2019,1350.0,115073.0,디젤,오토,ORIGINAL,일반,2025-03-19 08:18:49.000 +09,광주,드림카마켓,114고8972,0,0,2,0.0,0.0,1,0,
38821072,현대,올 뉴 투싼,가솔린 1.6 터보 2WD,모던,201712.0,2018,1390.0,142375.0,가솔린,오토,ORIGINAL,일반,2025-03-19 08:18:17.000 +09,경기,오케이자동차매매상사,21가6510,0,0,0,0.0,0.0,0,0,
39188459,현대,올 뉴 투싼,디젤 1.7 2WD,모던 피버,201611.0,2017,1260.0,95412.0,디젤,오토,ORIGINAL,일반,2025-03-19 07:38:15.000 +09,대구,오성모터스,39모0162,0,0,4,0.0,0.0,0,0,
39110211,현대,투싼 ix,디젤 2WD X20,스마트,201302.0,2013,590.0,166063.0,디젤,오토,ORIGINAL,일반,2025-03-19 07:27:19.000 +09,대구,행운모터스,25더4022,1,0,1,48.555,0.0,0,0,
38696397,현대,더 뉴 투싼 (NX4),디젤 2.0 2WD,인스퍼레이션,202401.0,2024,3250.0,14260.0,디젤,오토,ORIGINAL,일반,2025-03-19 06:44:23.000 +09,광주,(주)드림카마켓,132루2695,0,1,1,0.0,48.7857,0,0,
39163342,현대,투싼 (NX4),디젤 2.0 4WD,모던,202101.0,2021,1799.0,170667.0,디젤,오토,ORIGINAL,일반,2025-03-19 06:43:39.000 +09,충남,착한중고차,181모5740,2,1,1,121.0889,75.683,1,0,
39157938,현대,올 뉴 투싼,디젤 2.0 2WD,스마트,202001.0,2020,1788.0,83965.0,디젤,오토,ORIGINAL,일반,2025-03-19 06:43:39.000 +09,충남,착한중고차,268조7528,0,0,1,0.0,0.0,1,0,
38980860,현대,투싼 하이브리드 (NX4),인스퍼레이션 4WD,,202302.0,2023,3790.0,19876.0,가솔린+전기,오토,ORIGINAL,일반,2025-03-19 06:19:00.000 +09,울산,에덴자동차매매상사,132러7716,0,0,1,0.0,0.0,0,0,
39214671,현대,뉴 투싼 ix,수소(Fuel Cell) 2WD,,201801.0,2018,980.0,74686.0,수소,오토,ORIGINAL,일반,2025-03-19 06:18:59.000 +09,울산,에덴자동차매매상사,45나9560,0,0,2,0.0,0.0,0,0,
38817469,현대,올 뉴 투싼,디젤 1.7 2WD,모던,201705.0,2018,1090.0,118974.0,디젤,오토,ORIGINAL,일반,2025-03-19 06:01:12.000 +09,부산,미래로모터스,05더8934,3,5,1,592.2774,1077.8838,0,0,
37625836,현대,더 뉴 투싼 하이브리드 (NX4),HEV 1.6 4WD,N Line 인스퍼레이션,202312.0,2023,3790.0,4110.0,가솔린+전기,오토,ORIGINAL,일반,2025-03-19 05:43:36.000 +09,경기,얄개모터스,208너7880,0,0,1,0.0,0.0,0,0,
38692500,현대,투싼 (NX4),디젤 2.0 2WD,인스퍼레이션,202211.0,2023,3050.0,19160.0,디젤,오토,ORIGINAL,일반,2025-03-19 05:15:39.000 +09,울산,대구자동차매매상사,132누5182,0,1,1,0.0,175.0,0,0,
38207772,현대,투싼 하이브리드 (NX4),인스퍼레이션 2WD,,202208.0,2023,3300.0,28554.0,가솔린+전기,오토,ORIGINAL,일반,2025-03-19 05:15:39.000 +09,울산,대구자동차매매상사,130머9036,0,0,1,0.0,0.0,0,0,
39223802,현대,올 뉴 투싼,디젤 1.6 2WD,모던,201812.0,2019,1550.0,86470.0,디젤,오토,ORIGINAL,일반,2025-03-19 05:15:39.000 +09,울산,대구자동차매매상사,48주5269,1,0,1,110.147,0.0,0,0,
38957715,현대,투싼 하이브리드 (NX4),인스퍼레이션 2WD,,202301.0,2023,3350.0,22047.0,가솔린+전기,오토,ORIGINAL,일반,2025-03-19 05:15:39.000 +09,울산,대구자동차매매상사,322나3646,0,0,1,0.0,0.0,0,0,
39255596,현대,투싼 (NX4),가솔린 1.6 터보 2WD,인스퍼레이션,202302.0,2023,3050.0,26820.0,가솔린,오토,ORIGINAL,일반,2025-03-19 05:15:39.000 +09,울산,대구자동차매매상사,244더3947,1,1,1,18.14,127.9309,0,0,
39022216,현대,올 뉴 투싼,디젤 2.0 2WD,모던,201511.0,2015,1300.0,113714.0,디젤,오토,ORIGINAL,일반,2025-03-19 00:08:43.000 +09,강원,다옴자동차,63부0947,2,1,1,147.5968,112.828,0,0,
38739693,현대,올 뉴 투싼,디젤 1.7 2WD,모던,201705.0,2017,1090.0,127000.0,디젤,오토,ORIGINAL,일반,2025-03-18 23:58:27.000 +09,경기,제이원모터스,62부2304,0,0,0,0.0,0.0,0,0,
39126416,현대,올 뉴 투싼,가솔린 1.6 터보 2WD,모던,202011.0,2020,1890.0,93000.0,가솔린,오토,ORIGINAL,일반,2025-03-18 23:58:27.000 +09,경기,제이원모터스,106조9915,0,1,0,0.0,48.7089,0,0,
39047889,현대,올 뉴 투싼,디젤 1.7 2WD,스마트,201807.0,2018,1210.0,101811.0,디젤,오토,ORIGINAL,일반,2025-03-18 23:33:26.000 +09,전북,365모터스,42부2429,2,1,2,150.73,39.834,0,0,
39065735,현대,올 뉴 투싼,디젤 2.0 4WD,모던,202001.0,2020,1750.0,83459.0,디젤,오토,ORIGINAL,일반,2025-03-18 23:10:28.000 +09,광주,광주중고차 153모터스,239무2951,0,0,1,0.0,0.0,1,0,
39101415,현대,투싼 하이브리드 (NX4),모던 2WD,,202101.0,2021,2550.0,48559.0,가솔린+전기,오토,ORIGINAL,일반,2025-03-18 21:09:09.000 +09,경기,청학Emotors,167우2960,0,0,1,0.0,0.0,0,0,
38581925,현대,올 뉴 투싼,가솔린 1.6 터보 2WD,프리미엄,201806.0,2018,1750.0,101674.0,가솔린,오토,ORIGINAL,일반,2025-03-18 21:01:09.000 +09,부산, 해동상사,33머7874,0,0,2,0.0,0.0,0,0,
39179316,현대,올 뉴 투싼,가솔린 1.6 터보 2WD,프리미엄,201809.0,2019,2050.0,52982.0,가솔린,오토,ORIGINAL,일반,2025-03-18 20:59:47.000 +09,울산,다인모터스,58라3486,1,1,1,92.8069,77.7633,0,0,
39112732,현대,투싼 하이브리드 (NX4),인스퍼레이션 2WD,,202101.0,2021,2040.0,174340.0,가솔린+전기,오토,ORIGINAL,일반,2025-03-18 20:54:03.000 +09,인천,잘팔카,186더4930,0,0,2,0.0,0.0,1,0,
39154490,현대,올 뉴 투싼,디젤 1.6 2WD,스마트,201912.0,2020,1230.0,140342.0,디젤,오토,ORIGINAL,일반,2025-03-18 20:23:34.000 +09,경기,신원자동차매매상사,364다2418,0,1,2,0.0,50.5828,1,0,
39215734,현대,올 뉴 투싼,디젤 2.0 2WD,모던,201708.0,2018,1450.0,97472.0,디젤,오토,ORIGINAL,일반,2025-03-18 20:20:28.000 +09,대전,BM 디-오토몰,253다8163,0,0,4,0.0,0.0,1,0,
38751467,현대,투싼 하이브리드 (NX4),프리미엄 2WD,,202011.0,2021,2375.0,76846.0,가솔린+전기,오토,ORIGINAL,일반,2025-03-18 20:18:42.000 +09,대구,(주) 유카 대구지점,360러6032,0,0,2,0.0,0.0,1,0,
39123448,현대,올 뉴 투싼,디젤 2.0 2WD,모던,201809.0,2019,1395.0,115699.0,디젤,오토,ORIGINAL,일반,2025-03-18 20:18:42.000 +09,대구,(주) 유카 대구지점,27고9663,0,1,0,0.0,187.8738,0,0,
38149560,현대,투싼 (NX4),디젤 2.0 2WD,프리미엄,202210.0,2023,2699.0,55527.0,디젤,오토,ORIGINAL,일반,2025-03-18 20:15:11.000 +09,부산,보석모터스,235너2032,1,0,2,42.4849,0.0,1,0,
39215785,현대,올 뉴 투싼,디젤 2.0 4WD,프리미엄,201511.0,2016,1450.0,150909.0,디젤,오토,ORIGINAL,일반,2025-03-18 19:34:08.000 +09,경북,포스카,68수0995,1,1,1,126.471,34.4029,0,0,
39262077,현대,올 뉴 투싼,디젤 1.7 2WD,스마트,201807.0,2018,1390.0,50213.0,디젤,오토,ORIGINAL,일반,2025-03-18 19:20:58.000 +09,인천,잘팔카,24너1370,0,1,1,0.0,17.0,0,0,
38633263,현대,뉴 투싼 ix,디젤(e-VGT) 2WD,스마트 스페셜,201306.0,2014,890.0,106689.0,디젤,오토,ORIGINAL,일반,2025-03-18 19:15:47.000 +09,충북,대신모터스,59로1329,8,4,2,948.7394,492.7812,0,0,
38492559,현대,더 뉴 투싼 (NX4),가솔린 1.6 터보 2WD,인스퍼레이션,202310.0,2023,3070.0,32501.0,가솔린,오토,ORIGINAL,일반,2025-03-18 18:37:04.000 +09,경기,무결점카모터스,151우8705,1,2,0,177.859,471.93,0,0,
39246827,현대,뉴 투싼 ix,디젤(e-VGT) 2WD,스마트 스페셜,201408.0,2015,920.0,86197.0,디젤,오토,ORIGINAL,일반,2025-03-18 17:51:41.000 +09,경기,(주)시온자동차,26도6628,2,1,0,128.883,318.0661,0,0,
38851893,현대,투싼 하이브리드 (NX4),인스퍼레이션 2WD,,202302.0,2023,3140.0,19877.0,가솔린+전기,오토,ORIGINAL,일반,2025-03-18 17:49:14.000 +09,경기,스타오토넷,195호3005,0,0,0,0.0,0.0,0,0,
39054392,현대,올 뉴 투싼,디젤 2.0 2WD,모던,201805.0,2018,1620.0,87762.0,디젤,오토,ORIGINAL,일반,2025-03-18 17:29:25.000 +09,경기,(주)시온자동차,12부1992,0,0,1,0.0,0.0,0,0,
38922709,현대,올 뉴 투싼,디젤 2.0 2WD,모던,201509.0,2016,1180.0,113702.0,디젤,오토,ORIGINAL,일반,2025-03-18 17:24:02.000 +09,경기,솔카,58두0665,2,0,1,99.3132,0.0,0,0,
39148053,현대,올 뉴 투싼,디젤 1.6 4WD,스마트,202001.0,2020,1590.0,112114.0,디젤,오토,ORIGINAL,일반,2025-03-18 17:17:18.000 +09,경기,대한자동차,122고9621,0,1,1,0.0,149.388,1,0,
39035005,현대,올 뉴 투싼,가솔린 1.6 터보 2WD,프리미엄,201902.0,2019,1860.0,102371.0,가솔린,오토,ORIGINAL,일반,2025-03-18 17:13:21.000 +09,경북,케이카 구미지점,42부1677,2,0,1,100.5292,0.0,0,0,
38571492,현대,투싼 (NX4),가솔린 1.6 터보 2WD,인스퍼레이션,202102.0,2021,2440.0,70709.0,가솔린,오토,ORIGINAL,일반,2025-03-18 17:07:23.000 +09,전북,서울모터스,200오5517,1,0,1,82.3362,0.0,1,0,
37689402,현대,올 뉴 투싼,디젤 1.7 2WD,모던,201706.0,2017,1430.0,59809.0,디젤,오토,ORIGINAL,일반,2025-03-18 16:51:05.000 +09,경기,신드롬모터스,06로3355,1,1,1,193.694,25.1448,0,0,
38280879,현대,올 뉴 투싼,가솔린 1.6 터보 2WD,프리미엄,201901.0,2019,2030.0,77845.0,가솔린,오토,ORIGINAL,일반,2025-03-18 16:51:05.000 +09,경기,신드롬모터스,09루5957,0,1,2,0.0,104.309,0,0,
39219918,현대,투싼 하이브리드 (NX4),N Line 2WD,인스퍼레이션,202111.0,2022,3500.0,51225.0,가솔린+전기,오토,ORIGINAL,일반,2025-03-18 16:44:28.000 +09,경기,신원자동차매매상사,388도9543,0,2,0,0.0,133.4759,0,0,
39037017,현대,더 뉴 투싼 하이브리드 (NX4),HEV 1.6 2WD,프리미엄,202501.0,2025,3530.0,25.0,가솔린+전기,오토,ORIGINAL,일반,2025-03-18 16:23:29.000 +09,충북,(주)정일모터스,323두9422,0,0,0,0.0,0.0,0,0,
39259749,현대,투싼 ix,디젤 2WD LX20,스마트팩,201109.0,2012,590.0,227000.0,디젤,오토,ORIGINAL,일반,2025-03-18 16:05:36.000 +09,경남,보람상사,30너2078,4,2,2,425.4233,606.007,0,0,
39259433,현대,올 뉴 투싼,디젤 1.7 2WD,스타일,201803.0,2018,1320.0,70331.0,디젤,오토,ORIGINAL,일반,2025-03-18 15:15:18.000 +09,강원,광명상사,49보8143,0,0,0,0.0,0.0,0,0,
39228789,현대,투싼 하이브리드 (NX4),인스퍼레이션 2WD,,202101.0,2021,2950.0,25074.0,가솔린+전기,오토,ORIGINAL,일반,2025-03-18 15:06:39.000 +09,울산,부자모터스,167어8863,1,0,1,31.524,0.0,0,0,
38920116,현대,올 뉴 투싼,디젤 2.0 2WD,모던,201510.0,2016,1450.0,79434.0,디젤,오토,ORIGINAL,일반,2025-03-18 14:35:06.000 +09,울산,에스오토,11라0673,1,0,3,187.887,0.0,0,0,
39207574,현대,올 뉴 투싼,디젤 2.0 2WD,스타일 스페셜,201701.0,2017,1550.0,64470.0,디젤,오토,ORIGINAL,일반,2025-03-18 14:11:20.000 +09,경기,신수원자동차,21러5436,0,0,3,0.0,0.0,0,0,
38358013,현대,올 뉴 투싼,디젤 2.0 2WD,모던,201511.0,2016,1395.0,87047.0,디젤,오토,ORIGINAL,일반,2025-03-18 13:59:58.000 +09,부산,(주)요요모터스,28모5417,4,1,5,194.3677,125.2735,0,0,
38539411,현대,올 뉴 투싼,가솔린 1.6 터보 2WD,스타일 피버,201611.0,2017,1340.0,113995.0,가솔린,오토,ORIGINAL,일반,2025-03-18 13:57:45.000 +09,경기,신드롬모터스,166거2532,0,0,4,0.0,0.0,1,0,
39213310,현대,투싼 하이브리드 (NX4),인스퍼레이션 2WD,,202302.0,2023,3220.0,43640.0,가솔린+전기,오토,ORIGINAL,일반,2025-03-18 13:42:28.000 +09,경기,장군모터스,202거1741,0,0,1,0.0,0.0,0,0,
39258164,현대,올 뉴 투싼,디젤 2.0 4WD,스타일 스페셜,201604.0,2017,1250.0,156003.0,디젤,오토,ORIGINAL,일반,2025-03-18 13:26:18.000 +09,대전,서전모터스,23나5417,1,1,5,98.68,204.6272,1,0,
39258009,현대,올 뉴 투싼,디젤 1.6 2WD,모던,201911.0,2020,1420.0,106313.0,디젤,오토,ORIGINAL,일반,2025-03-18 13:14:47.000 +09,대전,서전모터스,263도6358,0,1,1,0.0,70.494,0,0,
39169667,현대,올 뉴 투싼,디젤 2.0 4WD,모던,202002.0,2020,1700.0,93155.0,디젤,오토,ORIGINAL,일반,2025-03-18 13:08:12.000 +09,서울,케이앤드에스모터스(주),307구5436,0,0,3,0.0,0.0,1,0,
38850609,현대,투싼 (NX4),가솔린 1.6 터보 2WD,인스퍼레이션,202205.0,2022,2899.0,16756.0,가솔린,오토,ORIGINAL,일반,2025-03-18 12:59:34.000 +09,경기,(주)겟차,160로4574,1,2,3,65.994,140.9835,1,0,
36245253,현대,투싼,가솔린 메트로 2WD MX,,200903.0,2009,500.0,161338.0,가솔린,오토,ORIGINAL,일반,2025-03-18 12:10:22.000 +09,경기,(주)오토커넥션,68마3850,2,1,4,370.4151,79.4478,0,0,
39257137,현대,올 뉴 투싼,디젤 2.0 2WD,모던,201901.0,2019,1420.0,126214.0,디젤,오토,ORIGINAL,일반,2025-03-18 11:48:22.000 +09,경남,신성모터스,151노4314,0,0,2,0.0,0.0,1,0,
38951236,현대,투싼 ix,디젤 4WD X20,럭셔리,201209.0,2013,999.0,122107.0,디젤,오토,ORIGINAL,일반,2025-03-18 11:29:50.000 +09,부산,다온모터스상사,31우3572,4,5,3,778.6804,149.3559,0,0,
37721451,현대,올 뉴 투싼,디젤 2.0 2WD,모던,201504.0,2016,1090.0,175534.0,디젤,오토,ORIGINAL,일반,2025-03-18 11:27:35.000 +09,전남,S카모터스,40수4386,1,0,1,30.0,0.0,0,0,
39166798,현대,올 뉴 투싼,디젤 1.7 2WD,스타일 피버,201606.0,2017,1250.0,162071.0,디젤,오토,ORIGINAL,일반,2025-03-18 11:18:34.000 +09,충북,하나모터스,24저0174,0,2,1,0.0,472.1473,0,0,
39103727,현대,올 뉴 투싼,디젤 2.0 2WD,모던,201912.0,2020,1720.0,66248.0,디젤,오토,ORIGINAL,일반,2025-03-18 10:53:23.000 +09,경기,두드림자동차,153다6770,0,1,1,0.0,39.2646,1,0,
38199612,현대,올 뉴 투싼,가솔린 1.6 터보 2WD,모던,201607.0,2017,1650.0,45069.0,가솔린,오토,ORIGINAL,일반,2025-03-18 10:07:45.000 +09,경기,일산풍동오토갤러리,32루0569,2,0,1,149.749,0.0,0,0,
38199612,현대,올 뉴 투싼,가솔린 1.6 터보 2WD,모던,201607.0,2017,1650.0,45069.0,가솔린,오토,ORIGINAL,일반,2025-03-18 10:07:45.000 +09,경기,일산풍동오토갤러리,32루0569,2,0,0,149.749,0.0,0,0,
38177194,현대,올 뉴 투싼,가솔린 1.6 터보 2WD,모던,201607.0,2017,1640.0,45068.0,가솔린,오토,ORIGINAL,일반,2025-03-18 10:04:14.000 +09,경기,일산풍동오토갤러리,32루0569,2,0,1,149.749,0.0,0,0,
38177194,현대,올 뉴 투싼,가솔린 1.6 터보 2WD,모던,201607.0,2017,1640.0,45068.0,가솔린,오토,ORIGINAL,일반,2025-03-18 10:04:14.000 +09,경기,일산풍동오토갤러리,32루0569,2,0,0,149.749,0.0,0,0,
38753915,현대,올 뉴 투싼,디젤 2.0 2WD,모던,201902.0,2019,1650.0,92640.0,디젤,오토,ORIGINAL,일반,2025-03-18 09:52:46.000 +09,경기,합동상사,138더5810,0,1,1,0.0,61.2759,1,0,
37356197,현대,투싼 ix,디젤 2WD LX20,럭셔리,201209.0,2013,715.0,81396.0,디젤,오토,ORIGINAL,일반,2025-03-18 09:34:15.000 +09,경기,(주)새롬모터스,61조2577,2,4,2,112.731,496.569,0,0,
38709780,현대,투싼 (NX4),디젤 2.0 2WD,프리미엄,202012.0,2021,2180.0,100087.0,디젤,오토,ORIGINAL,일반,2025-03-18 08:58:48.000 +09,경북,주)보배상사,262두8689,1,1,2,0.0,143.9,1,0,
39232142,현대,투싼,디젤(VGT) 2WD MX,고급형,200701.0,2007,250.0,160958.0,디젤,오토,ORIGINAL,일반,2025-03-18 08:51:43.000 +09,광주,송송모터스,08두4731,4,1,1,195.1741,614.821,0,0,
39023411,현대,투싼 하이브리드 (NX4),N Line 4WD,인스퍼레이션,202302.0,2023,7777.0,39814.0,가솔린+전기,오토,ORIGINAL,일반,2025-03-17 23:39:07.000 +09,경기,수성자동차,201머5738,1,0,0,120.91,0.0,0,0,
39222962,현대,올 뉴 투싼,디젤 2.0 2WD,프리미엄,201705.0,2018,1780.0,72499.0,디젤,오토,ORIGINAL,일반,2025-03-17 20:41:01.000 +09,강원,,143마1060,1,1,1,59.199,88.387,1,0,
38951632,현대,올 뉴 투싼,디젤 1.7 2WD,스타일,201512.0,2016,945.0,97918.0,디젤,오토,ORIGINAL,일반,2025-03-17 20:11:32.000 +09,강원,태승자동차매매상사,08러0926,3,0,1,163.5998,0.0,0,0,
39071248,현대,더 뉴 투싼 (NX4),가솔린 1.6 터보 2WD,인스퍼레이션,202412.0,2024,3399.0,641.0,가솔린,오토,ORIGINAL,일반,2025-03-17 18:19:11.000 +09,광주,드림카마켓,104누4243,0,0,1,0.0,0.0,0,0,
39248818,현대,뉴 투싼 ix,디젤(e-VGT) 4WD,스마트 스페셜,201306.0,2014,850.0,100314.0,디젤,오토,ORIGINAL,일반,2025-03-17 17:50:24.000 +09,경기,로또모터스,19나7466,10,3,1,572.5326,241.956,0,0,
39066207,현대,올 뉴 투싼,디젤 2.0 2WD,모던 스페셜,201702.0,2017,1550.0,58458.0,디젤,오토,ORIGINAL,일반,2025-03-17 17:45:42.000 +09,부산,우덕모터스,348거5632,3,4,4,212.6224,808.8233,1,0,
38941549,현대,투싼 (NX4),디젤 2.0 2WD,N Line 인스퍼레이션,202301.0,2023,3190.0,24054.0,디젤,오토,ORIGINAL,일반,2025-03-17 17:31:18.000 +09,울산,BF오토갤러리,205조6103,1,1,0,49.54,45.6019,0,0,
39251303,현대,올 뉴 투싼,디젤 2.0 2WD,모던,201712.0,2018,1650.0,90964.0,디젤,오토,ORIGINAL,일반,2025-03-17 17:11:02.000 +09,부산,정안상사,01로1136,0,0,0,0.0,0.0,0,0,
39239444,현대,올 뉴 투싼,디젤 1.6 2WD,모던,201809.0,2019,1650.0,82855.0,디젤,오토,ORIGINAL,일반,2025-03-17 16:49:55.000 +09,광주,(유)춘자네중고차,03수1988,0,0,2,0.0,0.0,0,0,
39021781,현대,더 뉴 투싼 (NX4),가솔린 1.6 터보 2WD,프리미엄,202410.0,2024,3150.0,5700.0,가솔린,오토,ORIGINAL,일반,2025-03-17 15:52:24.000 +09,인천,대건자동차,362누5085,0,0,0,0.0,0.0,0,0,
38818623,현대,올 뉴 투싼,디젤 2.0 2WD,모던,201507.0,2016,1099.0,155977.0,디젤,오토,ORIGINAL,일반,2025-03-17 15:45:45.000 +09,대전,서해모터스,16구7346,1,1,2,44.22,47.4896,0,0,
38797634,현대,투싼 (NX4),가솔린 1.6 터보 2WD,모던,202304.0,2023,2650.0,12391.0,가솔린,오토,ORIGINAL,일반,2025-03-17 14:46:20.000 +09,광주,(주)스마일모터스,323서2579,0,0,1,0.0,0.0,0,0,
38955812,현대,투싼 ix,디젤 2WD LX20,럭셔리,201107.0,2012,555.0,165303.0,디젤,오토,ORIGINAL,일반,2025-03-17 13:49:36.000 +09,충남,진명자동차,14어3801,4,2,5,360.3581,184.5299,0,0,
39058466,현대,올 뉴 투싼,디젤 2.0 2WD,모던,201705.0,2017,1600.0,80488.0,디젤,오토,ORIGINAL,일반,2025-03-17 11:53:15.000 +09,경기,양주진모터스,52나8325,2,1,1,163.4128,84.8383,0,0,
39246533,현대,투싼 (NX4),가솔린 1.6 터보 2WD,인스퍼레이션,202201.0,2022,2570.0,32958.0,가솔린,오토,ORIGINAL,일반,2025-03-17 10:56:06.000 +09,경북,Kcar포항지점,330거3100,1,2,1,194.389,249.4557,0,0,
38362920,현대,올 뉴 투싼,디젤 1.7 2WD,스마트,201801.0,2018,1319.0,68487.0,디젤,오토,ORIGINAL,일반,2025-03-17 10:50:45.000 +09,경기,주식회사 유레카,63누1389,1,0,1,57.025,0.0,0,0,
36522178,현대,투싼 ix,디젤 2WD LX20,럭셔리,201002.0,2010,500.0,134511.0,디젤,오토,ORIGINAL,일반,2025-03-17 10:11:59.000 +09,광주,(주)피앤제이모터스,41누2301,1,1,6,43.6448,89.516,0,0,
38893421,현대,더 뉴 투싼 하이브리드 (NX4),HEV 1.6 2WD,인스퍼레이션,202412.0,2025,2564.0,250.0,가솔린+전기,오토,ORIGINAL,렌트,2025-03-17 09:44:53.000 +09,서울,,223호6731,0,0,0,0.0,0.0,0,0,
39182209,현대,올 뉴 투싼,가솔린 1.6 터보 2WD,모던,201810.0,2019,1720.0,105485.0,가솔린,오토,ORIGINAL,일반,2025-03-17 09:38:24.000 +09,경기,해피온카,69어7384,2,0,0,36.0188,0.0,0,0,
38822063,현대,투싼 (NX4),가솔린 1.6 터보 4WD,프리미엄,202301.0,2023,2799.0,39044.0,가솔린,오토,ORIGINAL,일반,2025-03-17 09:37:56.000 +09,경기,제이씨모터스,183소5195,3,0,1,297.226,0.0,0,0,
39129715,현대,올 뉴 투싼,디젤 2.0 2WD,스마트,202004.0,2020,1920.0,65528.0,디젤,오토,ORIGINAL,일반,2025-03-17 09:31:36.000 +09,대구,케이지 모터스,240부8510,0,0,1,0.0,0.0,1,0,
39155075,현대,올 뉴 투싼,디젤 2.0 2WD,스마트,202004.0,2020,1890.0,80353.0,디젤,오토,ORIGINAL,일반,2025-03-17 09:31:36.000 +09,대구,케이지 모터스,240부8590,0,0,1,0.0,0.0,1,0,
39036382,현대,투싼 (NX4),가솔린 1.6 터보 2WD,인스퍼레이션,202205.0,2022,2550.0,53966.0,가솔린,오토,ORIGINAL,일반,2025-03-17 09:01:32.000 +09,광주,드림카마켓,163두3047,1,1,1,121.0409,0.0,0,0,
38930636,현대,뉴 투싼 ix,디젤(e-VGT) 2WD,모던,201310.0,2014,9999.0,156725.0,디젤,오토,ORIGINAL,일반,2025-03-16 23:59:37.000 +09,대구,강륜모터스,53무8850,5,0,0,295.1321,0.0,0,0,
39231143,현대,투싼 ix,디젤 2WD X20,럭셔리,201107.0,2012,460.0,240000.0,디젤,오토,ORIGINAL,일반,2025-03-16 22:42:37.000 +09,경기,,69주4770,5,1,1,423.2271,24.4018,0,0,
39130045,현대,투싼,디젤(CRDI) 2WD MX,고급형,200811.0,2009,360.0,92922.0,디젤,오토,ORIGINAL,일반,2025-03-16 21:07:13.000 +09,대전,H브로모터스,60머9716,1,3,3,183.073,210.59,0,0,
38987711,현대,투싼 하이브리드 (NX4),N Line 2WD,인스퍼레이션,202301.0,2023,3499.0,10677.0,가솔린+전기,오토,ORIGINAL,일반,2025-03-16 15:01:07.000 +09,울산,대경자동차매매상사,109도1553,0,0,0,0.0,0.0,0,0,
39021741,현대,투싼 하이브리드 (NX4),인스퍼레이션 2WD,,202301.0,2023,3349.0,19121.0,가솔린+전기,오토,ORIGINAL,일반,2025-03-16 15:01:06.000 +09,울산,대경자동차매매상사,372러3545,1,0,1,115.03,0.0,0,0,
38388848,현대,투싼 하이브리드 (NX4),인스퍼레이션 2WD,,202209.0,2023,2999.0,23316.0,가솔린+전기,오토,ORIGINAL,일반,2025-03-16 15:01:06.000 +09,울산,대경자동차매매상사,163소8314,1,0,0,561.0069,0.0,0,0,
38791579,현대,투싼 하이브리드 (NX4),인스퍼레이션 2WD,,202212.0,2023,3399.0,16040.0,가솔린+전기,오토,ORIGINAL,일반,2025-03-16 15:01:06.000 +09,울산,대경자동차매매상사,185고4734,0,0,0,0.0,0.0,0,0,
39242361,현대,투싼 ix,디젤 2WD LX20,프리미어,201104.0,2011,550.0,135000.0,디젤,오토,ORIGINAL,일반,2025-03-16 14:36:23.000 +09,전북,,63모8602,2,1,2,171.3118,173.2794,0,0,
39193048,현대,올 뉴 투싼,디젤 1.7 2WD,스타일,201511.0,2016,1199.0,46367.0,디젤,오토,ORIGINAL,일반,2025-03-16 14:20:06.000 +09,부산,삼삼공모터스,09수0891,1,4,2,33.5163,242.925,0,0,
39016543,현대,올 뉴 투싼,디젤 1.7 2WD,모던,201504.0,2016,1120.0,100456.0,디젤,오토,ORIGINAL,일반,2025-03-16 13:14:51.000 +09,경기,하이모터스,11조6181,2,3,1,190.4,315.618,0,0,
39146912,현대,올 뉴 투싼,디젤 1.7 2WD,모던,201701.0,2017,1120.0,134136.0,디젤,오토,ORIGINAL,일반,2025-03-16 12:04:35.000 +09,전북,한결모터스,12너4115,1,0,4,71.7925,0.0,0,0,
38670024,현대,올 뉴 투싼,디젤 2.0 2WD,스타일,201605.0,2016,820.0,270118.0,디젤,오토,ORIGINAL,일반,2025-03-16 12:02:30.000 +09,전북,한결모터스,341구7079,0,1,1,0.0,57.0239,1,0,
37070016,현대,투싼 (NX4),디젤 2.0 4WD,모던,202102.0,2021,1899.0,40520.0,디젤,오토,ORIGINAL,일반,2025-03-16 11:19:14.000 +09,부산,해성자동차상사,170오4777,1,0,1,194.753,0.0,1,0,
38750467,현대,투싼 (NX4),가솔린 1.6 터보 2WD,모던,202106.0,2021,2090.0,79052.0,가솔린,오토,ORIGINAL,일반,2025-03-16 09:44:52.000 +09,광주,(유)홍길동상사,126가7539,0,0,2,0.0,0.0,1,0,
38393489,현대,올 뉴 투싼,디젤 2.0 2WD,모던,202005.0,2020,2190.0,68272.0,디젤,오토,ORIGINAL,일반,2025-03-15 16:35:06.000 +09,경기,하이모터스,181보6139,1,1,3,23.032,80.1,0,0,
38393489,현대,올 뉴 투싼,디젤 2.0 2WD,모던,202005.0,2020,2190.0,68272.0,디젤,오토,ORIGINAL,일반,2025-03-15 16:35:06.000 +09,경기,하이모터스,181보6139,1,1,1,23.032,80.1,0,0,
37734909,현대,더 뉴 투싼 (NX4),가솔린 1.6 터보 2WD,인스퍼레이션,202403.0,2024,2999.0,1446.0,가솔린,오토,ORIGINAL,일반,2025-03-15 12:50:15.000 +09,경기,세계자동차,229가5121,1,1,2,888.826,0.0,0,0,
39240471,현대,올 뉴 투싼,디젤 2.0 4WD,모던,201911.0,2019,1070.0,223000.0,디젤,오토,ORIGINAL,일반,2025-03-15 09:37:19.000 +09,광주,이슬모터스,387어8706,1,0,1,116.6172,0.0,2,0,
39223621,현대,더 뉴 투싼 하이브리드 (NX4),HEV 1.6 4WD,인스퍼레이션,202404.0,2024,3590.0,1285.0,가솔린+전기,오토,ORIGINAL,일반,2025-03-15 09:03:06.000 +09,경기,스카이모터스,160우3708,1,0,2,1427.1,0.0,1,0,
39239376,현대,올 뉴 투싼,디젤 2.0 2WD,모던,201511.0,2016,1050.0,159200.0,디젤,오토,ORIGINAL,일반,2025-03-15 06:35:21.000 +09,전남,,55더0884,2,0,0,95.5068,0.0,0,0,
39237831,현대,투싼 (NX4),가솔린 1.6 터보 2WD,모던,202212.0,2023,1802.0,39646.0,가솔린,오토,ORIGINAL,렌트,2025-03-14 15:40:07.000 +09,경기,블루오토,141하4676,0,0,0,0.0,0.0,0,0,
39202534,현대,투싼 ix,디젤 2WD LX20,럭셔리,201301.0,2013,500.0,140981.0,디젤,오토,ORIGINAL,일반,2025-03-14 12:57:45.000 +09,인천,조은자동차매매상사,33우6238,6,1,4,1189.7829,482.674,0,0,
39235712,현대,투싼 (NX4),가솔린 1.6 터보 2WD,인스퍼레이션,202102.0,2021,2250.0,54464.0,가솔린,오토,ORIGINAL,일반,2025-03-14 12:37:00.000 +09,경기,무결점카모터스,109주5954,2,6,1,636.132,1898.392,0,0,
38732781,현대,투싼 (NX4),가솔린 1.6 터보 2WD,인스퍼레이션,202106.0,2021,2680.0,25743.0,가솔린,오토,ORIGINAL,일반,2025-03-14 11:15:03.000 +09,광주,(주)신성오토모빌,258두8519,2,1,1,218.402,95.976,0,0,
38970636,현대,투싼 (NX4),가솔린 1.6 터보 4WD,프리미엄,202212.0,2023,2590.0,41249.0,가솔린,오토,ORIGINAL,일반,2025-03-14 09:00:14.000 +09,경북,늘푸른자동차상사,257나5217,0,0,1,0.0,0.0,0,0,
38683699,현대,투싼 (NX4),가솔린 1.6 터보 2WD,프리미엄,202011.0,2021,2380.0,54417.0,가솔린,오토,ORIGINAL,일반,2025-03-14 00:54:42.000 +09,인천,(주)대연상사,374고7962,3,3,1,553.078,637.896,0,0,
39170534,현대,투싼 (NX4),가솔린 1.6 터보 2WD,N Line 인스퍼레이션,202302.0,2023,3090.0,24662.0,가솔린,오토,ORIGINAL,일반,2025-03-13 22:32:18.000 +09,인천,혜안모터스,164더6402,0,0,1,0.0,0.0,0,0,
39069182,현대,투싼 ix,디젤 2WD LX20,스마트팩,201206.0,2012,530.0,179700.0,디젤,오토,ORIGINAL,일반,2025-03-13 18:24:23.000 +09,경기,서울자동차매매상사,55노9372,2,1,2,223.6746,271.0473,0,0,
39089151,현대,더 뉴 투싼 하이브리드 (NX4),HEV 1.6 2WD,N Line 프리미엄,202402.0,2024,9999.0,23687.0,가솔린+전기,오토,ORIGINAL,일반,2025-03-13 16:27:11.000 +09,경기,(주)성진모터스,141무1442,0,0,0,0.0,0.0,0,0,
39226129,현대,올 뉴 투싼,디젤 2.0 2WD,모던,201810.0,2019,1750.0,69917.0,디젤,오토,ORIGINAL,일반,2025-03-13 14:50:24.000 +09,경기,,340나5358,5,5,2,368.6636,528.8246,1,0,
38951542,현대,더 뉴 투싼 (NX4),가솔린 1.6 터보 2WD,인스퍼레이션,202404.0,2024,5555.0,15045.0,가솔린,오토,ORIGINAL,일반,2025-03-13 13:20:39.000 +09,경기,동두천자동차매매상사,332저1141,0,0,0,0.0,0.0,0,0,
38368077,현대,올 뉴 투싼,디젤 1.7 2WD,스마트,201709.0,2018,1299.0,69285.0,디젤,오토,ORIGINAL,일반,2025-03-13 12:01:51.000 +09,경기,카메이트,373로1073,3,2,4,198.0288,344.8046,1,0,
39150156,현대,올 뉴 투싼,디젤 1.7 2WD,모던,201706.0,2017,1050.0,172417.0,디젤,오토,ORIGINAL,일반,2025-03-13 10:01:50.000 +09,전북,중앙상사,138우4645,1,0,2,57.7909,0.0,1,0,
39163776,현대,뉴 투싼 ix,디젤(e-VGT) 4WD,스마트,201412.0,2015,690.0,161016.0,디젤,오토,ORIGINAL,일반,2025-03-12 15:11:08.000 +09,충북,천사모터스,61구1672,1,2,4,79.902,125.7542,1,0,
38862838,현대,올 뉴 투싼,디젤 1.7 2WD,스마트,201801.0,2018,1180.0,102911.0,디젤,오토,ORIGINAL,일반,2025-03-12 13:37:40.000 +09,부산,건우자동차,10두9425,1,0,0,34.579,0.0,0,0,
39212830,현대,뉴 투싼 ix,디젤(e-VGT) 4WD,스마트 스페셜,201412.0,2015,650.0,149382.0,디젤,오토,ORIGINAL,일반,2025-03-12 11:40:56.000 +09,강원,보배드림자동차,26너8462,3,3,6,448.3286,325.9643,1,0,
39202710,현대,올 뉴 투싼,디젤 2.0 2WD,스마트,201906.0,2019,1250.0,183766.0,디젤,오토,ORIGINAL,일반,2025-03-11 21:30:13.000 +09,강원,도양자동차,42다6575,0,0,3,0.0,0.0,0,0,
38484085,현대,올 뉴 투싼,디젤 2.0 2WD,인스퍼레이션,202001.0,2020,2190.0,76000.0,디젤,오토,ORIGINAL,일반,2025-03-11 17:51:48.000 +09,전남,장수모터스,387라4522,0,2,1,0.0,541.433,0,0,
39039681,현대,올 뉴 투싼,디젤 2.0 2WD,모던,202005.0,2020,1340.0,84889.0,디젤,오토,ORIGINAL,일반,2025-03-11 17:42:30.000 +09,서울,(뉴)케이스페이스,279보8436,0,0,0,0.0,0.0,0,0,
39140097,현대,올 뉴 투싼,디젤 2.0 2WD,모던,201801.0,2018,1700.0,37517.0,디젤,오토,ORIGINAL,일반,2025-03-11 11:29:09.000 +09,대전,뉴대부자동차(주),26머5238,0,0,0,0.0,0.0,0,0,
39156426,현대,투싼,디젤(VGT) 2WD JX,고급형,200907.0,2009,350.0,121020.0,디젤,오토,ORIGINAL,일반,2025-03-11 10:47:39.000 +09,충북,오성상사,60너8096,2,2,1,181.077,143.1176,0,0,
39194070,현대,올 뉴 투싼,디젤 1.7 2WD,모던,201804.0,2018,1450.0,78515.0,디젤,오토,ORIGINAL,일반,2025-03-10 16:52:41.000 +09,광주,해태모터스,32나5202,1,1,3,62.9305,89.831,0,0,
38950287,현대,올 뉴 투싼,디젤 1.7 2WD,스타일,201511.0,2016,920.0,101981.0,디젤,오토,ORIGINAL,일반,2025-03-10 10:54:05.000 +09,경기,코리아모터스,67거0988,1,0,0,34.2288,0.0,0,0,
38816567,현대,투싼 (NX4),가솔린 1.6 터보 2WD,모던,202012.0,2021,2390.0,48985.0,가솔린,오토,ORIGINAL,일반,2025-03-07 15:07:08.000 +09,전남,토마토모터스,141두5500,1,1,3,59.2983,67.7189,1,0,
33919386,현대,투싼 ix,디젤 2WD LMX20,프리미엄,201202.0,2012,750.0,139122.0,디젤,오토,ORIGINAL,일반,2025-03-07 13:27:54.000 +09,울산,현대상사,68소1903,3,1,3,330.4543,44.6039,0,0,
39180248,현대,투싼 하이브리드 (NX4),인스퍼레이션 2WD,,202302.0,2023,3300.0,17100.0,가솔린+전기,오토,ORIGINAL,일반,2025-03-07 11:42:20.000 +09,울산,중원모터스,222부6143,0,0,0,0.0,0.0,0,0,
39169998,현대,뉴 투싼 ix,디젤(e-VGT) 4WD,모던,201404.0,2015,799.0,155000.0,디젤,오토,ORIGINAL,일반,2025-03-06 10:46:42.000 +09,충남,삼성자동차매매상사,141구3863,1,0,3,68.392,0.0,1,0,
39162159,현대,투싼 (NX4),디젤 2.0 2WD,인스퍼레이션,202012.0,2021,2690.0,36688.0,디젤,오토,ORIGINAL,일반,2025-03-05 13:20:13.000 +09,경북,Kcar포항지점,112우8760,1,0,1,238.5445,0.0,0,0,
39154916,현대,올 뉴 투싼,디젤 1.7 2WD,스마트,201807.0,2018,1050.0,124732.0,디젤,오토,ORIGINAL,일반,2025-03-05 10:57:00.000 +09,서울,(주)한마음모터스,20도2207,0,0,2,0.0,0.0,0,0,
38927939,현대,올 뉴 투싼,디젤 1.7 2WD,스타일,201511.0,2016,950.0,83592.0,디젤,오토,ORIGINAL,일반,2025-03-04 16:59:07.000 +09,충북,씨제이카,42거0798,4,1,3,578.6988,129.6437,0,0,
39146461,현대,올 뉴 투싼,디젤 1.7 2WD,모던,201610.0,2017,1350.0,119000.0,디젤,오토,ORIGINAL,일반,2025-03-02 21:33:57.000 +09,대구,,24서0400,0,2,2,0.0,179.534,0,0,
39070240,현대,올 뉴 투싼,가솔린 1.6 터보 2WD,모던 피버,201608.0,2017,1600.0,77757.0,가솔린,오토,ORIGINAL,일반,2025-02-26 08:43:47.000 +09,경기,제네럴모터스,48주0323,4,1,1,383.7888,142.845,0,0,
38758981,현대,투싼 하이브리드 (NX4),모던 2WD,,202110.0,2022,2750.0,11857.0,가솔린+전기,오토,ORIGINAL,일반,2025-02-24 16:39:12.000 +09,광주,국가대표,255라6353,0,0,1,0.0,0.0,1,0,
38992725,현대,더 뉴 투싼 (NX4),가솔린 1.6 터보 2WD,프리미엄,202304.0,2023,2830.0,19728.0,가솔린,오토,ORIGINAL,일반,2025-02-24 15:28:14.000 +09,인천,하나모터스,341우5374,0,0,1,0.0,0.0,0,0,
38222916,현대,뉴 투싼 ix,디젤(e-VGT) 2WD,모던,201410.0,2015,870.0,122102.0,디젤,오토,ORIGINAL,일반,2025-02-24 11:39:09.000 +09,경기,차주름매매상사,13로1273,1,0,3,86.2759,0.0,0,0,
39078369,현대,올 뉴 투싼,디젤 1.6 2WD,모던,201809.0,2019,1190.0,158789.0,디젤,오토,ORIGINAL,일반,2025-02-19 17:35:17.000 +09,인천,수모터스,45호9033,0,0,1,0.0,0.0,0,0,
39049882,현대,올 뉴 투싼,디젤 1.6 2WD,프리미엄,201902.0,2019,1690.0,73546.0,디젤,오토,ORIGINAL,일반,2025-02-16 14:30:19.000 +09,인천,한진모터스,27버0708,1,1,1,411.1463,147.8518,0,0,
39036216,현대,올 뉴 투싼,디젤 2.0 2WD,모던,201505.0,2016,1350.0,54223.0,디젤,오토,ORIGINAL,일반,2025-02-13 15:02:54.000 +09,부산,제이케이(jk)모터,11우6884,1,0,1,72.1308,0.0,0,0,
38602908,현대,투싼 하이브리드 (NX4),인스퍼레이션 2WD,,202101.0,2021,2699.0,20400.0,가솔린+전기,오토,ORIGINAL,일반,2025-02-12 15:05:26.000 +09,경기,(주)스마트카,170마3386,0,2,2,0.0,234.6758,0,0,
39020372,현대,올 뉴 투싼,디젤 2.0 2WD,스타일,201606.0,2017,980.0,150000.0,디젤,오토,ORIGINAL,일반,2025-02-11 16:30:19.000 +09,대전,레몬모터스,16다0617,3,3,2,57.4383,69.961,0,0,
37127030,현대,올 뉴 투싼,디젤 1.7 2WD,모던,201602.0,2016,1250.0,104335.0,디젤,오토,ORIGINAL,일반,2025-02-06 13:59:40.000 +09,경남,골드모터스,58모0447,1,0,2,83.535,0.0,0,0,
38992525,현대,뉴 투싼 ix,디젤(e-VGT) 2WD,스마트 스페셜,201309.0,2014,760.0,120348.0,디젤,오토,ORIGINAL,일반,2025-02-06 11:46:23.000 +09,대구,탑모터스,68조8050,4,0,2,471.7159,0.0,0,0,
38986441,현대,올 뉴 투싼,가솔린 1.6 터보 2WD,스마트,201807.0,2018,1450.0,107526.0,가솔린,오토,ORIGINAL,일반,2025-02-05 13:32:54.000 +09,전북,미르모터스,13가5865,1,0,2,214.905,0.0,0,0,
38955658,현대,올 뉴 투싼,디젤 1.7 2WD,모던,201504.0,2016,1080.0,102584.0,디젤,오토,ORIGINAL,일반,2025-01-30 13:10:13.000 +09,울산,두바이모터스,55저5588,1,0,4,0.0,0.0,0,0,
38869324,현대,투싼 (NX4),가솔린 1.6 터보 2WD,프리미엄,202101.0,2021,2360.0,88461.0,가솔린,오토,ORIGINAL,일반,2025-01-13 10:35:35.000 +09,인천,대건자동차,276무6285,0,0,1,0.0,0.0,0,0,
38319252,현대,올 뉴 투싼,디젤 2.0 2WD,인스퍼레이션,201911.0,2020,1810.0,54435.0,디젤,오토,ORIGINAL,일반,2024-11-28 23:06:47.000 +09,경기,수원모터스,245부2668,1,1,2,377.602,305.0,0,0,
